INSERT INTO stop_times (trip_id,arrival_time,departure_time,stop_id,stop_sequence,stop_headsign,shape_dist_traveled) VALUES
('125129740914442','11:00:00','11:00:00','3909030','1','',''),
('125129740914442','11:02:00','11:02:00','3909032','2','',''),
('125129740914442','11:03:00','11:03:00','3909033','3','',''),
('125129740914442','11:05:00','11:05:00','3909035','4','',''),
('125129740914442','11:06:00','11:06:00','3909037','5','',''),
('125129740914442','11:07:00','11:07:00','3909039','6','',''),
('125129740914442','11:08:00','11:08:00','3909040','7','',''),
('125129740914442','11:09:00','11:09:00','3909041','8','',''),
('125129740914442','11:10:00','11:10:00','3909043','9','',''),
('125129740914442','11:11:00','11:11:00','3909045','10','',''),
('125129740914442','11:12:00','11:12:00','3909047','11','',''),
('125129740914442','11:13:00','11:13:00','3909048','12','',''),
('125129740914442','11:14:00','11:14:00','3909050','13','',''),
('125129740914442','11:15:00','11:15:00','3909052','14','',''),
('125129740914442','11:16:00','11:16:00','3909053','15','',''),
('125129740914442','11:17:00','11:17:00','3909054','16','',''),
('125129740914442','11:18:00','11:18:00','3909055','17','',''),
('125129740914442','11:19:00','11:19:00','3909056','18','',''),
('125129740914442','11:20:00','11:20:00','3909057','19','',''),
('125129750914442','12:30:00','12:30:00','3909030','1','',''),
('125129750914442','12:32:00','12:32:00','3909032','2','',''),
('125129750914442','12:33:00','12:33:00','3909033','3','',''),
('125129750914442','12:35:00','12:35:00','3909035','4','',''),
('125129750914442','12:36:00','12:36:00','3909037','5','',''),
('125129750914442','12:37:00','12:37:00','3909039','6','',''),
('125129750914442','12:38:00','12:38:00','3909040','7','',''),
('125129750914442','12:39:00','12:39:00','3909041','8','',''),
('125129750914442','12:40:00','12:40:00','3909043','9','',''),
('125129750914442','12:41:00','12:41:00','3909045','10','',''),
('125129750914442','12:42:00','12:42:00','3909047','11','',''),
('125129750914442','12:43:00','12:43:00','3909048','12','',''),
('125129750914442','12:44:00','12:44:00','3909050','13','',''),
('125129750914442','12:45:00','12:45:00','3909052','14','',''),
('125129750914442','12:46:00','12:46:00','3909053','15','',''),
('125129750914442','12:47:00','12:47:00','3909054','16','',''),
('125129750914442','12:48:00','12:48:00','3909055','17','',''),
('125129750914442','12:49:00','12:49:00','3909056','18','',''),
('125129750914442','12:50:00','12:50:00','3909057','19','',''),
('225129740914442','17:45:00','17:45:00','3909030','1','',''),
('225129740914442','17:47:00','17:47:00','3909032','2','',''),
('225129740914442','17:48:00','17:48:00','3909033','3','',''),
('225129740914442','17:50:00','17:50:00','3909035','4','',''),
('225129740914442','17:51:00','17:51:00','3909037','5','',''),
('225129740914442','17:52:00','17:52:00','3909039','6','',''),
('225129740914442','17:53:00','17:53:00','3909040','7','',''),
('225129740914442','17:54:00','17:54:00','3909041','8','',''),
('225129740914442','17:55:00','17:55:00','3909043','9','',''),
('225129740914442','17:56:00','17:56:00','3909045','10','',''),
('225129740914442','17:57:00','17:57:00','3909047','11','',''),
('225129740914442','17:58:00','17:58:00','3909048','12','',''),
('225129740914442','17:59:00','17:59:00','3909050','13','',''),
('225129740914442','18:00:00','18:00:00','3909052','14','',''),
('225129740914442','18:01:00','18:01:00','3909053','15','',''),
('225129740914442','18:02:00','18:02:00','3909054','16','',''),
('225129740914442','18:03:00','18:03:00','3909055','17','',''),
('225129740914442','18:04:00','18:04:00','3909056','18','',''),
('225129740914442','18:05:00','18:05:00','3909057','19','',''),
('225129750914442','17:45:00','17:45:00','3909030','1','',''),
('225129750914442','17:47:00','17:47:00','3909032','2','',''),
('225129750914442','17:48:00','17:48:00','3909033','3','',''),
('225129750914442','17:50:00','17:50:00','3909035','4','',''),
('225129750914442','17:51:00','17:51:00','3909037','5','',''),
('225129750914442','17:52:00','17:52:00','3909039','6','',''),
('225129750914442','17:53:00','17:53:00','3909040','7','',''),
('225129750914442','17:54:00','17:54:00','3909041','8','',''),
('225129750914442','17:55:00','17:55:00','3909043','9','',''),
('225129750914442','17:56:00','17:56:00','3909045','10','',''),
('225129750914442','17:57:00','17:57:00','3909047','11','',''),
('225129750914442','17:58:00','17:58:00','3909048','12','',''),
('225129750914442','17:59:00','17:59:00','3909050','13','',''),
('225129750914442','18:00:00','18:00:00','3909052','14','',''),
('225129750914442','18:01:00','18:01:00','3909053','15','',''),
('225129750914442','18:02:00','18:02:00','3909054','16','',''),
('225129750914442','18:03:00','18:03:00','3909055','17','',''),
('225129750914442','18:04:00','18:04:00','3909056','18','',''),
('225129750914442','18:05:00','18:05:00','3909057','19','',''),
('125129740914443','08:45:00','08:45:00','3909030','1','',''),
('125129740914443','08:47:00','08:47:00','3909032','2','',''),
('125129740914443','08:48:00','08:48:00','3909033','3','',''),
('125129740914443','08:50:00','08:50:00','3909035','4','',''),
('125129740914443','08:51:00','08:51:00','3909037','5','',''),
('125129740914443','08:52:00','08:52:00','3909039','6','',''),
('125129740914443','08:53:00','08:53:00','3909040','7','',''),
('125129740914443','08:54:00','08:54:00','3909041','8','',''),
('125129740914443','08:55:00','08:55:00','3909043','9','',''),
('125129740914443','08:56:00','08:56:00','3909045','10','',''),
('125129740914443','08:57:00','08:57:00','3909047','11','',''),
('125129740914443','08:58:00','08:58:00','3909048','12','',''),
('125129740914443','08:59:00','08:59:00','3909050','13','',''),
('125129740914443','09:00:00','09:00:00','3909052','14','',''),
('125129740914443','09:01:00','09:01:00','3909053','15','',''),
('125129740914443','09:02:00','09:02:00','3909054','16','',''),
('125129740914443','09:03:00','09:03:00','3909055','17','',''),
('125129740914443','09:04:00','09:04:00','3909056','18','',''),
('125129740914443','09:05:00','09:05:00','3909057','19','',''),
('125129740914443','09:06:00','09:06:00','3909058','20','',''),
('125129740914443','09:07:00','09:07:00','3909059','21','',''),
('125129740914443','09:08:00','09:08:00','3909061','22','',''),
('125129740914443','09:09:00','09:09:00','3909062','23','',''),
('125129740914443','09:11:00','09:11:00','3909064','24','',''),
('125129740914443','09:12:00','09:12:00','3909066','25','',''),
('125129740914443','09:13:00','09:13:00','3909068','26','',''),
('125129740914443','09:15:00','09:15:00','3909070','27','',''),
('125129740914443','09:16:00','09:16:00','3909072','28','',''),
('125129740914443','09:17:00','09:17:00','3909074','29','',''),
('125129740914443','09:18:00','09:18:00','3909075','30','',''),
('125129740914443','09:19:00','09:19:00','3909076','31','',''),
('125129740914443','09:20:00','09:20:00','3909077','32','',''),
('125129740914443','09:21:00','09:21:00','3909079','33','',''),
('125129740914443','09:22:00','09:22:00','3909081','34','',''),
('125129740914443','09:23:00','09:23:00','3909082','35','',''),
('125129750914443','08:45:00','08:45:00','3909030','1','',''),
('125129750914443','08:47:00','08:47:00','3909032','2','',''),
('125129750914443','08:48:00','08:48:00','3909033','3','',''),
('125129750914443','08:50:00','08:50:00','3909035','4','',''),
('125129750914443','08:51:00','08:51:00','3909037','5','',''),
('125129750914443','08:52:00','08:52:00','3909039','6','',''),
('125129750914443','08:53:00','08:53:00','3909040','7','',''),
('125129750914443','08:54:00','08:54:00','3909041','8','',''),
('125129750914443','08:55:00','08:55:00','3909043','9','',''),
('125129750914443','08:56:00','08:56:00','3909045','10','',''),
('125129750914443','08:57:00','08:57:00','3909047','11','',''),
('125129750914443','08:58:00','08:58:00','3909048','12','',''),
('125129750914443','08:59:00','08:59:00','3909050','13','',''),
('125129750914443','09:00:00','09:00:00','3909052','14','',''),
('125129750914443','09:01:00','09:01:00','3909053','15','',''),
('125129750914443','09:02:00','09:02:00','3909054','16','',''),
('125129750914443','09:03:00','09:03:00','3909055','17','',''),
('125129750914443','09:04:00','09:04:00','3909056','18','',''),
('125129750914443','09:05:00','09:05:00','3909057','19','',''),
('125129750914443','09:06:00','09:06:00','3909058','20','',''),
('125129750914443','09:07:00','09:07:00','3909059','21','',''),
('125129750914443','09:08:00','09:08:00','3909061','22','',''),
('125129750914443','09:09:00','09:09:00','3909062','23','',''),
('125129750914443','09:11:00','09:11:00','3909064','24','',''),
('125129750914443','09:12:00','09:12:00','3909066','25','',''),
('125129750914443','09:13:00','09:13:00','3909068','26','',''),
('125129750914443','09:15:00','09:15:00','3909070','27','',''),
('125129750914443','09:16:00','09:16:00','3909072','28','',''),
('125129750914443','09:17:00','09:17:00','3909074','29','',''),
('125129750914443','09:18:00','09:18:00','3909075','30','',''),
('125129750914443','09:19:00','09:19:00','3909076','31','',''),
('125129750914443','09:20:00','09:20:00','3909077','32','',''),
('125129750914443','09:21:00','09:21:00','3909079','33','',''),
('125129750914443','09:22:00','09:22:00','3909081','34','',''),
('125129750914443','09:23:00','09:23:00','3909082','35','',''),
('225129740914443','09:30:00','09:30:00','3909030','1','',''),
('225129740914443','09:32:00','09:32:00','3909032','2','',''),
('225129740914443','09:33:00','09:33:00','3909033','3','',''),
('225129740914443','09:35:00','09:35:00','3909035','4','',''),
('225129740914443','09:36:00','09:36:00','3909037','5','',''),
('225129740914443','09:37:00','09:37:00','3909039','6','',''),
('225129740914443','09:38:00','09:38:00','3909040','7','',''),
('225129740914443','09:39:00','09:39:00','3909041','8','',''),
('225129740914443','09:40:00','09:40:00','3909043','9','',''),
('225129740914443','09:41:00','09:41:00','3909045','10','',''),
('225129740914443','09:42:00','09:42:00','3909047','11','',''),
('225129740914443','09:43:00','09:43:00','3909048','12','',''),
('225129740914443','09:44:00','09:44:00','3909050','13','',''),
('225129740914443','09:45:00','09:45:00','3909052','14','',''),
('225129740914443','09:46:00','09:46:00','3909053','15','',''),
('225129740914443','09:47:00','09:47:00','3909054','16','',''),
('225129740914443','09:48:00','09:48:00','3909055','17','',''),
('225129740914443','09:49:00','09:49:00','3909056','18','',''),
('225129740914443','09:50:00','09:50:00','3909057','19','',''),
('225129740914443','09:51:00','09:51:00','3909058','20','',''),
('225129740914443','09:52:00','09:52:00','3909059','21','',''),
('225129740914443','09:53:00','09:53:00','3909061','22','',''),
('225129740914443','09:54:00','09:54:00','3909062','23','',''),
('225129740914443','09:56:00','09:56:00','3909064','24','',''),
('225129740914443','09:57:00','09:57:00','3909066','25','',''),
('225129740914443','09:58:00','09:58:00','3909068','26','',''),
('225129740914443','10:00:00','10:00:00','3909070','27','',''),
('225129740914443','10:01:00','10:01:00','3909072','28','',''),
('225129740914443','10:02:00','10:02:00','3909074','29','',''),
('225129740914443','10:03:00','10:03:00','3909075','30','',''),
('225129740914443','10:04:00','10:04:00','3909076','31','',''),
('225129740914443','10:05:00','10:05:00','3909077','32','',''),
('225129740914443','10:06:00','10:06:00','3909079','33','',''),
('225129740914443','10:07:00','10:07:00','3909081','34','',''),
('225129740914443','10:08:00','10:08:00','3909082','35','',''),
('225129750914443','09:30:00','09:30:00','3909030','1','',''),
('225129750914443','09:32:00','09:32:00','3909032','2','',''),
('225129750914443','09:33:00','09:33:00','3909033','3','',''),
('225129750914443','09:35:00','09:35:00','3909035','4','',''),
('225129750914443','09:36:00','09:36:00','3909037','5','',''),
('225129750914443','09:37:00','09:37:00','3909039','6','',''),
('225129750914443','09:38:00','09:38:00','3909040','7','',''),
('225129750914443','09:39:00','09:39:00','3909041','8','',''),
('225129750914443','09:40:00','09:40:00','3909043','9','',''),
('225129750914443','09:41:00','09:41:00','3909045','10','',''),
('225129750914443','09:42:00','09:42:00','3909047','11','',''),
('225129750914443','09:43:00','09:43:00','3909048','12','',''),
('225129750914443','09:44:00','09:44:00','3909050','13','',''),
('225129750914443','09:45:00','09:45:00','3909052','14','',''),
('225129750914443','09:46:00','09:46:00','3909053','15','',''),
('225129750914443','09:47:00','09:47:00','3909054','16','',''),
('225129750914443','09:48:00','09:48:00','3909055','17','',''),
('225129750914443','09:49:00','09:49:00','3909056','18','',''),
('225129750914443','09:50:00','09:50:00','3909057','19','',''),
('225129750914443','09:51:00','09:51:00','3909058','20','',''),
('225129750914443','09:52:00','09:52:00','3909059','21','',''),
('225129750914443','09:53:00','09:53:00','3909061','22','',''),
('225129750914443','09:54:00','09:54:00','3909062','23','',''),
('225129750914443','09:56:00','09:56:00','3909064','24','',''),
('225129750914443','09:57:00','09:57:00','3909066','25','',''),
('225129750914443','09:58:00','09:58:00','3909068','26','',''),
('225129750914443','10:00:00','10:00:00','3909070','27','',''),
('225129750914443','10:01:00','10:01:00','3909072','28','',''),
('225129750914443','10:02:00','10:02:00','3909074','29','',''),
('225129750914443','10:03:00','10:03:00','3909075','30','',''),
('225129750914443','10:04:00','10:04:00','3909076','31','',''),
('225129750914443','10:05:00','10:05:00','3909077','32','',''),
('225129750914443','10:06:00','10:06:00','3909079','33','',''),
('225129750914443','10:07:00','10:07:00','3909081','34','',''),
('225129750914443','10:08:00','10:08:00','3909082','35','',''),
('325129740914443','10:15:00','10:15:00','3909030','1','',''),
('325129740914443','10:17:00','10:17:00','3909032','2','',''),
('325129740914443','10:18:00','10:18:00','3909033','3','',''),
('325129740914443','10:20:00','10:20:00','3909035','4','',''),
('325129740914443','10:21:00','10:21:00','3909037','5','',''),
('325129740914443','10:22:00','10:22:00','3909039','6','',''),
('325129740914443','10:23:00','10:23:00','3909040','7','',''),
('325129740914443','10:24:00','10:24:00','3909041','8','',''),
('325129740914443','10:25:00','10:25:00','3909043','9','',''),
('325129740914443','10:26:00','10:26:00','3909045','10','',''),
('325129740914443','10:27:00','10:27:00','3909047','11','',''),
('325129740914443','10:28:00','10:28:00','3909048','12','',''),
('325129740914443','10:29:00','10:29:00','3909050','13','',''),
('325129740914443','10:30:00','10:30:00','3909052','14','',''),
('325129740914443','10:31:00','10:31:00','3909053','15','',''),
('325129740914443','10:32:00','10:32:00','3909054','16','',''),
('325129740914443','10:33:00','10:33:00','3909055','17','',''),
('325129740914443','10:34:00','10:34:00','3909056','18','',''),
('325129740914443','10:35:00','10:35:00','3909057','19','',''),
('325129740914443','10:36:00','10:36:00','3909058','20','',''),
('325129740914443','10:37:00','10:37:00','3909059','21','',''),
('325129740914443','10:38:00','10:38:00','3909061','22','',''),
('325129740914443','10:39:00','10:39:00','3909062','23','',''),
('325129740914443','10:41:00','10:41:00','3909064','24','',''),
('325129740914443','10:42:00','10:42:00','3909066','25','',''),
('325129740914443','10:43:00','10:43:00','3909068','26','',''),
('325129740914443','10:45:00','10:45:00','3909070','27','',''),
('325129740914443','10:46:00','10:46:00','3909072','28','',''),
('325129740914443','10:47:00','10:47:00','3909074','29','',''),
('325129740914443','10:48:00','10:48:00','3909075','30','',''),
('325129740914443','10:49:00','10:49:00','3909076','31','',''),
('325129740914443','10:50:00','10:50:00','3909077','32','',''),
('325129740914443','10:51:00','10:51:00','3909079','33','',''),
('325129740914443','10:52:00','10:52:00','3909081','34','',''),
('325129740914443','10:53:00','10:53:00','3909082','35','',''),
('325129750914443','10:15:00','10:15:00','3909030','1','',''),
('325129750914443','10:17:00','10:17:00','3909032','2','',''),
('325129750914443','10:18:00','10:18:00','3909033','3','',''),
('325129750914443','10:20:00','10:20:00','3909035','4','',''),
('325129750914443','10:21:00','10:21:00','3909037','5','',''),
('325129750914443','10:22:00','10:22:00','3909039','6','',''),
('325129750914443','10:23:00','10:23:00','3909040','7','',''),
('325129750914443','10:24:00','10:24:00','3909041','8','',''),
('325129750914443','10:25:00','10:25:00','3909043','9','',''),
('325129750914443','10:26:00','10:26:00','3909045','10','',''),
('325129750914443','10:27:00','10:27:00','3909047','11','',''),
('325129750914443','10:28:00','10:28:00','3909048','12','',''),
('325129750914443','10:29:00','10:29:00','3909050','13','',''),
('325129750914443','10:30:00','10:30:00','3909052','14','',''),
('325129750914443','10:31:00','10:31:00','3909053','15','',''),
('325129750914443','10:32:00','10:32:00','3909054','16','',''),
('325129750914443','10:33:00','10:33:00','3909055','17','',''),
('325129750914443','10:34:00','10:34:00','3909056','18','',''),
('325129750914443','10:35:00','10:35:00','3909057','19','',''),
('325129750914443','10:36:00','10:36:00','3909058','20','',''),
('325129750914443','10:37:00','10:37:00','3909059','21','',''),
('325129750914443','10:38:00','10:38:00','3909061','22','',''),
('325129750914443','10:39:00','10:39:00','3909062','23','',''),
('325129750914443','10:41:00','10:41:00','3909064','24','',''),
('325129750914443','10:42:00','10:42:00','3909066','25','',''),
('325129750914443','10:43:00','10:43:00','3909068','26','',''),
('325129750914443','10:45:00','10:45:00','3909070','27','',''),
('325129750914443','10:46:00','10:46:00','3909072','28','',''),
('325129750914443','10:47:00','10:47:00','3909074','29','',''),
('325129750914443','10:48:00','10:48:00','3909075','30','',''),
('325129750914443','10:49:00','10:49:00','3909076','31','',''),
('325129750914443','10:50:00','10:50:00','3909077','32','',''),
('325129750914443','10:51:00','10:51:00','3909079','33','',''),
('325129750914443','10:52:00','10:52:00','3909081','34','',''),
('325129750914443','10:53:00','10:53:00','3909082','35','',''),
('425129740914443','14:00:00','14:00:00','3909030','1','',''),
('425129740914443','14:02:00','14:02:00','3909032','2','',''),
('425129740914443','14:03:00','14:03:00','3909033','3','',''),
('425129740914443','14:05:00','14:05:00','3909035','4','',''),
('425129740914443','14:06:00','14:06:00','3909037','5','',''),
('425129740914443','14:07:00','14:07:00','3909039','6','',''),
('425129740914443','14:08:00','14:08:00','3909040','7','',''),
('425129740914443','14:09:00','14:09:00','3909041','8','',''),
('425129740914443','14:10:00','14:10:00','3909043','9','',''),
('425129740914443','14:11:00','14:11:00','3909045','10','',''),
('425129740914443','14:12:00','14:12:00','3909047','11','',''),
('425129740914443','14:13:00','14:13:00','3909048','12','',''),
('425129740914443','14:14:00','14:14:00','3909050','13','',''),
('425129740914443','14:15:00','14:15:00','3909052','14','',''),
('425129740914443','14:16:00','14:16:00','3909053','15','',''),
('425129740914443','14:17:00','14:17:00','3909054','16','',''),
('425129740914443','14:18:00','14:18:00','3909055','17','',''),
('425129740914443','14:19:00','14:19:00','3909056','18','',''),
('425129740914443','14:20:00','14:20:00','3909057','19','',''),
('425129740914443','14:21:00','14:21:00','3909058','20','',''),
('425129740914443','14:22:00','14:22:00','3909059','21','',''),
('425129740914443','14:23:00','14:23:00','3909061','22','',''),
('425129740914443','14:24:00','14:24:00','3909062','23','',''),
('425129740914443','14:26:00','14:26:00','3909064','24','',''),
('425129740914443','14:27:00','14:27:00','3909066','25','',''),
('425129740914443','14:28:00','14:28:00','3909068','26','',''),
('425129740914443','14:30:00','14:30:00','3909070','27','',''),
('425129740914443','14:31:00','14:31:00','3909072','28','',''),
('425129740914443','14:32:00','14:32:00','3909074','29','',''),
('425129740914443','14:33:00','14:33:00','3909075','30','',''),
('425129740914443','14:34:00','14:34:00','3909076','31','',''),
('425129740914443','14:35:00','14:35:00','3909077','32','',''),
('425129740914443','14:36:00','14:36:00','3909079','33','',''),
('425129740914443','14:37:00','14:37:00','3909081','34','',''),
('425129740914443','14:38:00','14:38:00','3909082','35','',''),
('425129750914443','11:00:00','11:00:00','3909030','1','',''),
('425129750914443','11:02:00','11:02:00','3909032','2','',''),
('425129750914443','11:03:00','11:03:00','3909033','3','',''),
('425129750914443','11:05:00','11:05:00','3909035','4','',''),
('425129750914443','11:06:00','11:06:00','3909037','5','',''),
('425129750914443','11:07:00','11:07:00','3909039','6','',''),
('425129750914443','11:08:00','11:08:00','3909040','7','',''),
('425129750914443','11:09:00','11:09:00','3909041','8','',''),
('425129750914443','11:10:00','11:10:00','3909043','9','',''),
('425129750914443','11:11:00','11:11:00','3909045','10','',''),
('425129750914443','11:12:00','11:12:00','3909047','11','',''),
('425129750914443','11:13:00','11:13:00','3909048','12','',''),
('425129750914443','11:14:00','11:14:00','3909050','13','',''),
('425129750914443','11:15:00','11:15:00','3909052','14','',''),
('425129750914443','11:16:00','11:16:00','3909053','15','',''),
('425129750914443','11:17:00','11:17:00','3909054','16','',''),
('425129750914443','11:18:00','11:18:00','3909055','17','',''),
('425129750914443','11:19:00','11:19:00','3909056','18','',''),
('425129750914443','11:20:00','11:20:00','3909057','19','',''),
('425129750914443','11:21:00','11:21:00','3909058','20','',''),
('425129750914443','11:22:00','11:22:00','3909059','21','',''),
('425129750914443','11:23:00','11:23:00','3909061','22','',''),
('425129750914443','11:24:00','11:24:00','3909062','23','',''),
('425129750914443','11:26:00','11:26:00','3909064','24','',''),
('425129750914443','11:27:00','11:27:00','3909066','25','',''),
('425129750914443','11:28:00','11:28:00','3909068','26','',''),
('425129750914443','11:30:00','11:30:00','3909070','27','',''),
('425129750914443','11:31:00','11:31:00','3909072','28','',''),
('425129750914443','11:32:00','11:32:00','3909074','29','',''),
('425129750914443','11:33:00','11:33:00','3909075','30','',''),
('425129750914443','11:34:00','11:34:00','3909076','31','',''),
('425129750914443','11:35:00','11:35:00','3909077','32','',''),
('425129750914443','11:36:00','11:36:00','3909079','33','',''),
('425129750914443','11:37:00','11:37:00','3909081','34','',''),
('425129750914443','11:38:00','11:38:00','3909082','35','',''),
('525129740914443','14:45:00','14:45:00','3909030','1','',''),
('525129740914443','14:47:00','14:47:00','3909032','2','',''),
('525129740914443','14:48:00','14:48:00','3909033','3','',''),
('525129740914443','14:50:00','14:50:00','3909035','4','',''),
('525129740914443','14:51:00','14:51:00','3909037','5','',''),
('525129740914443','14:52:00','14:52:00','3909039','6','',''),
('525129740914443','14:53:00','14:53:00','3909040','7','',''),
('525129740914443','14:54:00','14:54:00','3909041','8','',''),
('525129740914443','14:55:00','14:55:00','3909043','9','',''),
('525129740914443','14:56:00','14:56:00','3909045','10','',''),
('525129740914443','14:57:00','14:57:00','3909047','11','',''),
('525129740914443','14:58:00','14:58:00','3909048','12','',''),
('525129740914443','14:59:00','14:59:00','3909050','13','',''),
('525129740914443','15:00:00','15:00:00','3909052','14','',''),
('525129740914443','15:01:00','15:01:00','3909053','15','',''),
('525129740914443','15:02:00','15:02:00','3909054','16','',''),
('525129740914443','15:03:00','15:03:00','3909055','17','',''),
('525129740914443','15:04:00','15:04:00','3909056','18','',''),
('525129740914443','15:05:00','15:05:00','3909057','19','',''),
('525129740914443','15:06:00','15:06:00','3909058','20','',''),
('525129740914443','15:07:00','15:07:00','3909059','21','',''),
('525129740914443','15:08:00','15:08:00','3909061','22','',''),
('525129740914443','15:09:00','15:09:00','3909062','23','',''),
('525129740914443','15:11:00','15:11:00','3909064','24','',''),
('525129740914443','15:12:00','15:12:00','3909066','25','',''),
('525129740914443','15:13:00','15:13:00','3909068','26','',''),
('525129740914443','15:15:00','15:15:00','3909070','27','',''),
('525129740914443','15:16:00','15:16:00','3909072','28','',''),
('525129740914443','15:17:00','15:17:00','3909074','29','',''),
('525129740914443','15:18:00','15:18:00','3909075','30','',''),
('525129740914443','15:19:00','15:19:00','3909076','31','',''),
('525129740914443','15:20:00','15:20:00','3909077','32','',''),
('525129740914443','15:21:00','15:21:00','3909079','33','',''),
('525129740914443','15:22:00','15:22:00','3909081','34','',''),
('525129740914443','15:23:00','15:23:00','3909082','35','',''),
('525129750914443','11:45:00','11:45:00','3909030','1','',''),
('525129750914443','11:47:00','11:47:00','3909032','2','',''),
('525129750914443','11:48:00','11:48:00','3909033','3','',''),
('525129750914443','11:50:00','11:50:00','3909035','4','',''),
('525129750914443','11:51:00','11:51:00','3909037','5','',''),
('525129750914443','11:52:00','11:52:00','3909039','6','',''),
('525129750914443','11:53:00','11:53:00','3909040','7','',''),
('525129750914443','11:54:00','11:54:00','3909041','8','',''),
('525129750914443','11:55:00','11:55:00','3909043','9','',''),
('525129750914443','11:56:00','11:56:00','3909045','10','',''),
('525129750914443','11:57:00','11:57:00','3909047','11','',''),
('525129750914443','11:58:00','11:58:00','3909048','12','',''),
('525129750914443','11:59:00','11:59:00','3909050','13','',''),
('525129750914443','12:00:00','12:00:00','3909052','14','',''),
('525129750914443','12:01:00','12:01:00','3909053','15','',''),
('525129750914443','12:02:00','12:02:00','3909054','16','',''),
('525129750914443','12:03:00','12:03:00','3909055','17','',''),
('525129750914443','12:04:00','12:04:00','3909056','18','',''),
('525129750914443','12:05:00','12:05:00','3909057','19','',''),
('525129750914443','12:06:00','12:06:00','3909058','20','',''),
('525129750914443','12:07:00','12:07:00','3909059','21','',''),
('525129750914443','12:08:00','12:08:00','3909061','22','',''),
('525129750914443','12:09:00','12:09:00','3909062','23','',''),
('525129750914443','12:11:00','12:11:00','3909064','24','',''),
('525129750914443','12:12:00','12:12:00','3909066','25','',''),
('525129750914443','12:13:00','12:13:00','3909068','26','',''),
('525129750914443','12:15:00','12:15:00','3909070','27','',''),
('525129750914443','12:16:00','12:16:00','3909072','28','',''),
('525129750914443','12:17:00','12:17:00','3909074','29','',''),
('525129750914443','12:18:00','12:18:00','3909075','30','',''),
('525129750914443','12:19:00','12:19:00','3909076','31','',''),
('525129750914443','12:20:00','12:20:00','3909077','32','',''),
('525129750914443','12:21:00','12:21:00','3909079','33','',''),
('525129750914443','12:22:00','12:22:00','3909081','34','',''),
('525129750914443','12:23:00','12:23:00','3909082','35','',''),
('625129740914443','15:30:00','15:30:00','3909030','1','',''),
('625129740914443','15:32:00','15:32:00','3909032','2','',''),
('625129740914443','15:33:00','15:33:00','3909033','3','',''),
('625129740914443','15:35:00','15:35:00','3909035','4','',''),
('625129740914443','15:36:00','15:36:00','3909037','5','',''),
('625129740914443','15:37:00','15:37:00','3909039','6','',''),
('625129740914443','15:38:00','15:38:00','3909040','7','',''),
('625129740914443','15:39:00','15:39:00','3909041','8','',''),
('625129740914443','15:40:00','15:40:00','3909043','9','',''),
('625129740914443','15:41:00','15:41:00','3909045','10','',''),
('625129740914443','15:42:00','15:42:00','3909047','11','',''),
('625129740914443','15:43:00','15:43:00','3909048','12','',''),
('625129740914443','15:44:00','15:44:00','3909050','13','',''),
('625129740914443','15:45:00','15:45:00','3909052','14','',''),
('625129740914443','15:46:00','15:46:00','3909053','15','',''),
('625129740914443','15:47:00','15:47:00','3909054','16','',''),
('625129740914443','15:48:00','15:48:00','3909055','17','',''),
('625129740914443','15:49:00','15:49:00','3909056','18','',''),
('625129740914443','15:50:00','15:50:00','3909057','19','',''),
('625129740914443','15:51:00','15:51:00','3909058','20','',''),
('625129740914443','15:52:00','15:52:00','3909059','21','',''),
('625129740914443','15:53:00','15:53:00','3909061','22','',''),
('625129740914443','15:54:00','15:54:00','3909062','23','',''),
('625129740914443','15:56:00','15:56:00','3909064','24','',''),
('625129740914443','15:57:00','15:57:00','3909066','25','',''),
('625129740914443','15:58:00','15:58:00','3909068','26','',''),
('625129740914443','16:00:00','16:00:00','3909070','27','',''),
('625129740914443','16:01:00','16:01:00','3909072','28','',''),
('625129740914443','16:02:00','16:02:00','3909074','29','',''),
('625129740914443','16:03:00','16:03:00','3909075','30','',''),
('625129740914443','16:04:00','16:04:00','3909076','31','',''),
('625129740914443','16:05:00','16:05:00','3909077','32','',''),
('625129740914443','16:06:00','16:06:00','3909079','33','',''),
('625129740914443','16:07:00','16:07:00','3909081','34','',''),
('625129740914443','16:08:00','16:08:00','3909082','35','',''),
('625129750914443','14:45:00','14:45:00','3909030','1','',''),
('625129750914443','14:47:00','14:47:00','3909032','2','',''),
('625129750914443','14:48:00','14:48:00','3909033','3','',''),
('625129750914443','14:50:00','14:50:00','3909035','4','',''),
('625129750914443','14:51:00','14:51:00','3909037','5','',''),
('625129750914443','14:52:00','14:52:00','3909039','6','',''),
('625129750914443','14:53:00','14:53:00','3909040','7','',''),
('625129750914443','14:54:00','14:54:00','3909041','8','',''),
('625129750914443','14:55:00','14:55:00','3909043','9','',''),
('625129750914443','14:56:00','14:56:00','3909045','10','',''),
('625129750914443','14:57:00','14:57:00','3909047','11','',''),
('625129750914443','14:58:00','14:58:00','3909048','12','',''),
('625129750914443','14:59:00','14:59:00','3909050','13','',''),
('625129750914443','15:00:00','15:00:00','3909052','14','',''),
('625129750914443','15:01:00','15:01:00','3909053','15','',''),
('625129750914443','15:02:00','15:02:00','3909054','16','',''),
('625129750914443','15:03:00','15:03:00','3909055','17','',''),
('625129750914443','15:04:00','15:04:00','3909056','18','',''),
('625129750914443','15:05:00','15:05:00','3909057','19','',''),
('625129750914443','15:06:00','15:06:00','3909058','20','',''),
('625129750914443','15:07:00','15:07:00','3909059','21','',''),
('625129750914443','15:08:00','15:08:00','3909061','22','',''),
('625129750914443','15:09:00','15:09:00','3909062','23','',''),
('625129750914443','15:11:00','15:11:00','3909064','24','',''),
('625129750914443','15:12:00','15:12:00','3909066','25','',''),
('625129750914443','15:13:00','15:13:00','3909068','26','',''),
('625129750914443','15:15:00','15:15:00','3909070','27','',''),
('625129750914443','15:16:00','15:16:00','3909072','28','',''),
('625129750914443','15:17:00','15:17:00','3909074','29','',''),
('625129750914443','15:18:00','15:18:00','3909075','30','',''),
('625129750914443','15:19:00','15:19:00','3909076','31','',''),
('625129750914443','15:20:00','15:20:00','3909077','32','',''),
('625129750914443','15:21:00','15:21:00','3909079','33','',''),
('625129750914443','15:22:00','15:22:00','3909081','34','',''),
('625129750914443','15:23:00','15:23:00','3909082','35','',''),
('725129740914443','16:15:00','16:15:00','3909030','1','',''),
('725129740914443','16:17:00','16:17:00','3909032','2','',''),
('725129740914443','16:18:00','16:18:00','3909033','3','',''),
('725129740914443','16:20:00','16:20:00','3909035','4','',''),
('725129740914443','16:21:00','16:21:00','3909037','5','',''),
('725129740914443','16:22:00','16:22:00','3909039','6','',''),
('725129740914443','16:23:00','16:23:00','3909040','7','',''),
('725129740914443','16:24:00','16:24:00','3909041','8','',''),
('725129740914443','16:25:00','16:25:00','3909043','9','',''),
('725129740914443','16:26:00','16:26:00','3909045','10','',''),
('725129740914443','16:27:00','16:27:00','3909047','11','',''),
('725129740914443','16:28:00','16:28:00','3909048','12','',''),
('725129740914443','16:29:00','16:29:00','3909050','13','',''),
('725129740914443','16:30:00','16:30:00','3909052','14','',''),
('725129740914443','16:31:00','16:31:00','3909053','15','',''),
('725129740914443','16:32:00','16:32:00','3909054','16','',''),
('725129740914443','16:33:00','16:33:00','3909055','17','',''),
('725129740914443','16:34:00','16:34:00','3909056','18','',''),
('725129740914443','16:35:00','16:35:00','3909057','19','',''),
('725129740914443','16:36:00','16:36:00','3909058','20','',''),
('725129740914443','16:37:00','16:37:00','3909059','21','',''),
('725129740914443','16:38:00','16:38:00','3909061','22','',''),
('725129740914443','16:39:00','16:39:00','3909062','23','',''),
('725129740914443','16:41:00','16:41:00','3909064','24','',''),
('725129740914443','16:42:00','16:42:00','3909066','25','',''),
('725129740914443','16:43:00','16:43:00','3909068','26','',''),
('725129740914443','16:45:00','16:45:00','3909070','27','',''),
('725129740914443','16:46:00','16:46:00','3909072','28','',''),
('725129740914443','16:47:00','16:47:00','3909074','29','',''),
('725129740914443','16:48:00','16:48:00','3909075','30','',''),
('725129740914443','16:49:00','16:49:00','3909076','31','',''),
('725129740914443','16:50:00','16:50:00','3909077','32','',''),
('725129740914443','16:51:00','16:51:00','3909079','33','',''),
('725129740914443','16:52:00','16:52:00','3909081','34','',''),
('725129740914443','16:53:00','16:53:00','3909082','35','',''),
('725129750914443','15:30:00','15:30:00','3909030','1','',''),
('725129750914443','15:32:00','15:32:00','3909032','2','',''),
('725129750914443','15:33:00','15:33:00','3909033','3','',''),
('725129750914443','15:35:00','15:35:00','3909035','4','',''),
('725129750914443','15:36:00','15:36:00','3909037','5','',''),
('725129750914443','15:37:00','15:37:00','3909039','6','',''),
('725129750914443','15:38:00','15:38:00','3909040','7','',''),
('725129750914443','15:39:00','15:39:00','3909041','8','',''),
('725129750914443','15:40:00','15:40:00','3909043','9','',''),
('725129750914443','15:41:00','15:41:00','3909045','10','',''),
('725129750914443','15:42:00','15:42:00','3909047','11','',''),
('725129750914443','15:43:00','15:43:00','3909048','12','',''),
('725129750914443','15:44:00','15:44:00','3909050','13','',''),
('725129750914443','15:45:00','15:45:00','3909052','14','',''),
('725129750914443','15:46:00','15:46:00','3909053','15','',''),
('725129750914443','15:47:00','15:47:00','3909054','16','',''),
('725129750914443','15:48:00','15:48:00','3909055','17','',''),
('725129750914443','15:49:00','15:49:00','3909056','18','',''),
('725129750914443','15:50:00','15:50:00','3909057','19','',''),
('725129750914443','15:51:00','15:51:00','3909058','20','',''),
('725129750914443','15:52:00','15:52:00','3909059','21','',''),
('725129750914443','15:53:00','15:53:00','3909061','22','',''),
('725129750914443','15:54:00','15:54:00','3909062','23','',''),
('725129750914443','15:56:00','15:56:00','3909064','24','',''),
('725129750914443','15:57:00','15:57:00','3909066','25','',''),
('725129750914443','15:58:00','15:58:00','3909068','26','',''),
('725129750914443','16:00:00','16:00:00','3909070','27','',''),
('725129750914443','16:01:00','16:01:00','3909072','28','',''),
('725129750914443','16:02:00','16:02:00','3909074','29','',''),
('725129750914443','16:03:00','16:03:00','3909075','30','',''),
('725129750914443','16:04:00','16:04:00','3909076','31','',''),
('725129750914443','16:05:00','16:05:00','3909077','32','',''),
('725129750914443','16:06:00','16:06:00','3909079','33','',''),
('725129750914443','16:07:00','16:07:00','3909081','34','',''),
('725129750914443','16:08:00','16:08:00','3909082','35','',''),
('825129740914443','17:00:00','17:00:00','3909030','1','',''),
('825129740914443','17:02:00','17:02:00','3909032','2','',''),
('825129740914443','17:03:00','17:03:00','3909033','3','',''),
('825129740914443','17:05:00','17:05:00','3909035','4','',''),
('825129740914443','17:06:00','17:06:00','3909037','5','',''),
('825129740914443','17:07:00','17:07:00','3909039','6','',''),
('825129740914443','17:08:00','17:08:00','3909040','7','',''),
('825129740914443','17:09:00','17:09:00','3909041','8','',''),
('825129740914443','17:10:00','17:10:00','3909043','9','',''),
('825129740914443','17:11:00','17:11:00','3909045','10','',''),
('825129740914443','17:12:00','17:12:00','3909047','11','',''),
('825129740914443','17:13:00','17:13:00','3909048','12','',''),
('825129740914443','17:14:00','17:14:00','3909050','13','',''),
('825129740914443','17:15:00','17:15:00','3909052','14','',''),
('825129740914443','17:16:00','17:16:00','3909053','15','',''),
('825129740914443','17:17:00','17:17:00','3909054','16','',''),
('825129740914443','17:18:00','17:18:00','3909055','17','',''),
('825129740914443','17:19:00','17:19:00','3909056','18','',''),
('825129740914443','17:20:00','17:20:00','3909057','19','',''),
('825129740914443','17:21:00','17:21:00','3909058','20','',''),
('825129740914443','17:22:00','17:22:00','3909059','21','',''),
('825129740914443','17:23:00','17:23:00','3909061','22','',''),
('825129740914443','17:24:00','17:24:00','3909062','23','',''),
('825129740914443','17:26:00','17:26:00','3909064','24','',''),
('825129740914443','17:27:00','17:27:00','3909066','25','',''),
('825129740914443','17:28:00','17:28:00','3909068','26','',''),
('825129740914443','17:30:00','17:30:00','3909070','27','',''),
('825129740914443','17:31:00','17:31:00','3909072','28','',''),
('825129740914443','17:32:00','17:32:00','3909074','29','',''),
('825129740914443','17:33:00','17:33:00','3909075','30','',''),
('825129740914443','17:34:00','17:34:00','3909076','31','',''),
('825129740914443','17:35:00','17:35:00','3909077','32','',''),
('825129740914443','17:36:00','17:36:00','3909079','33','',''),
('825129740914443','17:37:00','17:37:00','3909081','34','',''),
('825129740914443','17:38:00','17:38:00','3909082','35','',''),
('825129750914443','16:15:00','16:15:00','3909030','1','',''),
('825129750914443','16:17:00','16:17:00','3909032','2','',''),
('825129750914443','16:18:00','16:18:00','3909033','3','',''),
('825129750914443','16:20:00','16:20:00','3909035','4','',''),
('825129750914443','16:21:00','16:21:00','3909037','5','',''),
('825129750914443','16:22:00','16:22:00','3909039','6','',''),
('825129750914443','16:23:00','16:23:00','3909040','7','',''),
('825129750914443','16:24:00','16:24:00','3909041','8','',''),
('825129750914443','16:25:00','16:25:00','3909043','9','',''),
('825129750914443','16:26:00','16:26:00','3909045','10','',''),
('825129750914443','16:27:00','16:27:00','3909047','11','',''),
('825129750914443','16:28:00','16:28:00','3909048','12','',''),
('825129750914443','16:29:00','16:29:00','3909050','13','',''),
('825129750914443','16:30:00','16:30:00','3909052','14','',''),
('825129750914443','16:31:00','16:31:00','3909053','15','',''),
('825129750914443','16:32:00','16:32:00','3909054','16','',''),
('825129750914443','16:33:00','16:33:00','3909055','17','',''),
('825129750914443','16:34:00','16:34:00','3909056','18','',''),
('825129750914443','16:35:00','16:35:00','3909057','19','',''),
('825129750914443','16:36:00','16:36:00','3909058','20','',''),
('825129750914443','16:37:00','16:37:00','3909059','21','',''),
('825129750914443','16:38:00','16:38:00','3909061','22','',''),
('825129750914443','16:39:00','16:39:00','3909062','23','',''),
('825129750914443','16:41:00','16:41:00','3909064','24','',''),
('825129750914443','16:42:00','16:42:00','3909066','25','',''),
('825129750914443','16:43:00','16:43:00','3909068','26','',''),
('825129750914443','16:45:00','16:45:00','3909070','27','',''),
('825129750914443','16:46:00','16:46:00','3909072','28','',''),
('825129750914443','16:47:00','16:47:00','3909074','29','',''),
('825129750914443','16:48:00','16:48:00','3909075','30','',''),
('825129750914443','16:49:00','16:49:00','3909076','31','',''),
('825129750914443','16:50:00','16:50:00','3909077','32','',''),
('825129750914443','16:51:00','16:51:00','3909079','33','',''),
('825129750914443','16:52:00','16:52:00','3909081','34','',''),
('825129750914443','16:53:00','16:53:00','3909082','35','',''),
('925129750914443','17:00:00','17:00:00','3909030','1','',''),
('925129750914443','17:02:00','17:02:00','3909032','2','',''),
('925129750914443','17:03:00','17:03:00','3909033','3','',''),
('925129750914443','17:05:00','17:05:00','3909035','4','',''),
('925129750914443','17:06:00','17:06:00','3909037','5','',''),
('925129750914443','17:07:00','17:07:00','3909039','6','',''),
('925129750914443','17:08:00','17:08:00','3909040','7','',''),
('925129750914443','17:09:00','17:09:00','3909041','8','',''),
('925129750914443','17:10:00','17:10:00','3909043','9','',''),
('925129750914443','17:11:00','17:11:00','3909045','10','',''),
('925129750914443','17:12:00','17:12:00','3909047','11','',''),
('925129750914443','17:13:00','17:13:00','3909048','12','',''),
('925129750914443','17:14:00','17:14:00','3909050','13','',''),
('925129750914443','17:15:00','17:15:00','3909052','14','',''),
('925129750914443','17:16:00','17:16:00','3909053','15','',''),
('925129750914443','17:17:00','17:17:00','3909054','16','',''),
('925129750914443','17:18:00','17:18:00','3909055','17','',''),
('925129750914443','17:19:00','17:19:00','3909056','18','',''),
('925129750914443','17:20:00','17:20:00','3909057','19','',''),
('925129750914443','17:21:00','17:21:00','3909058','20','',''),
('925129750914443','17:22:00','17:22:00','3909059','21','',''),
('925129750914443','17:23:00','17:23:00','3909061','22','',''),
('925129750914443','17:24:00','17:24:00','3909062','23','',''),
('925129750914443','17:26:00','17:26:00','3909064','24','',''),
('925129750914443','17:27:00','17:27:00','3909066','25','',''),
('925129750914443','17:28:00','17:28:00','3909068','26','',''),
('925129750914443','17:30:00','17:30:00','3909070','27','',''),
('925129750914443','17:31:00','17:31:00','3909072','28','',''),
('925129750914443','17:32:00','17:32:00','3909074','29','',''),
('925129750914443','17:33:00','17:33:00','3909075','30','',''),
('925129750914443','17:34:00','17:34:00','3909076','31','',''),
('925129750914443','17:35:00','17:35:00','3909077','32','',''),
('925129750914443','17:36:00','17:36:00','3909079','33','',''),
('925129750914443','17:37:00','17:37:00','3909081','34','',''),
('925129750914443','17:38:00','17:38:00','3909082','35','',''),
('125129740914445','08:27:00','08:27:00','3909058','1','',''),
('125129740914445','08:28:00','08:28:00','3909059','2','',''),
('125129740914445','08:29:00','08:29:00','3909061','3','',''),
('125129740914445','08:30:00','08:30:00','3909062','4','',''),
('125129740914445','08:32:00','08:32:00','3909064','5','',''),
('125129740914445','08:33:00','08:33:00','3909066','6','',''),
('125129740914445','08:34:00','08:34:00','3909068','7','',''),
('125129740914445','08:36:00','08:36:00','3909070','8','',''),
('125129740914445','08:37:00','08:37:00','3909072','9','',''),
('125129740914445','08:38:00','08:38:00','3909074','10','',''),
('125129740914445','08:39:00','08:39:00','3909075','11','',''),
('125129740914445','08:40:00','08:40:00','3909076','12','',''),
('125129740914445','08:41:00','08:41:00','3909077','13','',''),
('125129740914445','08:42:00','08:42:00','3909079','14','',''),
('125129740914445','08:43:00','08:43:00','3909081','15','',''),
('125129740914445','08:44:00','08:44:00','3909082','16','',''),
('125129750914445','08:27:00','08:27:00','3909058','1','',''),
('125129750914445','08:28:00','08:28:00','3909059','2','',''),
('125129750914445','08:29:00','08:29:00','3909061','3','',''),
('125129750914445','08:30:00','08:30:00','3909062','4','',''),
('125129750914445','08:32:00','08:32:00','3909064','5','',''),
('125129750914445','08:33:00','08:33:00','3909066','6','',''),
('125129750914445','08:34:00','08:34:00','3909068','7','',''),
('125129750914445','08:36:00','08:36:00','3909070','8','',''),
('125129750914445','08:37:00','08:37:00','3909072','9','',''),
('125129750914445','08:38:00','08:38:00','3909074','10','',''),
('125129750914445','08:39:00','08:39:00','3909075','11','',''),
('125129750914445','08:40:00','08:40:00','3909076','12','',''),
('125129750914445','08:41:00','08:41:00','3909077','13','',''),
('125129750914445','08:42:00','08:42:00','3909079','14','',''),
('125129750914445','08:43:00','08:43:00','3909081','15','',''),
('125129750914445','08:44:00','08:44:00','3909082','16','',''),
('225129740914445','13:42:00','13:42:00','3909058','1','',''),
('225129740914445','13:43:00','13:43:00','3909059','2','',''),
('225129740914445','13:44:00','13:44:00','3909061','3','',''),
('225129740914445','13:45:00','13:45:00','3909062','4','',''),
('225129740914445','13:47:00','13:47:00','3909064','5','',''),
('225129740914445','13:48:00','13:48:00','3909066','6','',''),
('225129740914445','13:49:00','13:49:00','3909068','7','',''),
('225129740914445','13:51:00','13:51:00','3909070','8','',''),
('225129740914445','13:52:00','13:52:00','3909072','9','',''),
('225129740914445','13:53:00','13:53:00','3909074','10','',''),
('225129740914445','13:54:00','13:54:00','3909075','11','',''),
('225129740914445','13:55:00','13:55:00','3909076','12','',''),
('225129740914445','13:56:00','13:56:00','3909077','13','',''),
('225129740914445','13:57:00','13:57:00','3909079','14','',''),
('225129740914445','13:58:00','13:58:00','3909081','15','',''),
('225129740914445','13:59:00','13:59:00','3909082','16','',''),
('225129750914445','14:23:00','14:23:00','3909058','1','',''),
('225129750914445','14:24:00','14:24:00','3909059','2','',''),
('225129750914445','14:25:00','14:25:00','3909061','3','',''),
('225129750914445','14:26:00','14:26:00','3909062','4','',''),
('225129750914445','14:28:00','14:28:00','3909064','5','',''),
('225129750914445','14:29:00','14:29:00','3909066','6','',''),
('225129750914445','14:30:00','14:30:00','3909068','7','',''),
('225129750914445','14:32:00','14:32:00','3909070','8','',''),
('225129750914445','14:33:00','14:33:00','3909072','9','',''),
('225129750914445','14:34:00','14:34:00','3909074','10','',''),
('225129750914445','14:35:00','14:35:00','3909075','11','',''),
('225129750914445','14:36:00','14:36:00','3909076','12','',''),
('225129750914445','14:37:00','14:37:00','3909077','13','',''),
('225129750914445','14:38:00','14:38:00','3909079','14','',''),
('225129750914445','14:39:00','14:39:00','3909081','15','',''),
('225129750914445','14:40:00','14:40:00','3909082','16','',''),
('125129740914440','11:00:00','11:00:00','3909083','1','',''),
('125129740914440','11:01:00','11:01:00','3909084','2','',''),
('125129740914440','11:02:00','11:02:00','3909080','3','',''),
('125129740914440','11:03:00','11:03:00','3909078','4','',''),
('125129740914440','11:04:00','11:04:00','3909085','5','',''),
('125129740914440','11:05:00','11:05:00','3909086','6','',''),
('125129740914440','11:06:00','11:06:00','3909087','7','',''),
('125129740914440','11:07:00','11:07:00','3909073','8','',''),
('125129740914440','11:08:00','11:08:00','3909088','9','',''),
('125129740914440','11:09:00','11:09:00','3909071','10','',''),
('125129740914440','11:10:00','11:10:00','3909089','11','',''),
('125129740914440','11:11:00','11:11:00','3909069','12','',''),
('125129740914440','11:12:00','11:12:00','3909067','13','',''),
('125129740914440','11:13:00','11:13:00','3909065','14','',''),
('125129740914440','11:15:00','11:15:00','3909063','15','',''),
('125129740914440','11:17:00','11:17:00','3909060','16','',''),
('125129740914440','11:18:00','11:18:00','3909090','17','',''),
('125129750914440','12:30:00','12:30:00','3909083','1','',''),
('125129750914440','12:31:00','12:31:00','3909084','2','',''),
('125129750914440','12:32:00','12:32:00','3909080','3','',''),
('125129750914440','12:33:00','12:33:00','3909078','4','',''),
('125129750914440','12:34:00','12:34:00','3909085','5','',''),
('125129750914440','12:35:00','12:35:00','3909086','6','',''),
('125129750914440','12:36:00','12:36:00','3909087','7','',''),
('125129750914440','12:37:00','12:37:00','3909073','8','',''),
('125129750914440','12:38:00','12:38:00','3909088','9','',''),
('125129750914440','12:39:00','12:39:00','3909071','10','',''),
('125129750914440','12:40:00','12:40:00','3909089','11','',''),
('125129750914440','12:41:00','12:41:00','3909069','12','',''),
('125129750914440','12:42:00','12:42:00','3909067','13','',''),
('125129750914440','12:43:00','12:43:00','3909065','14','',''),
('125129750914440','12:45:00','12:45:00','3909063','15','',''),
('125129750914440','12:47:00','12:47:00','3909060','16','',''),
('125129750914440','12:48:00','12:48:00','3909090','17','',''),
('225129740914440','17:45:00','17:45:00','3909083','1','',''),
('225129740914440','17:46:00','17:46:00','3909084','2','',''),
('225129740914440','17:47:00','17:47:00','3909080','3','',''),
('225129740914440','17:48:00','17:48:00','3909078','4','',''),
('225129740914440','17:49:00','17:49:00','3909085','5','',''),
('225129740914440','17:50:00','17:50:00','3909086','6','',''),
('225129740914440','17:51:00','17:51:00','3909087','7','',''),
('225129740914440','17:52:00','17:52:00','3909073','8','',''),
('225129740914440','17:53:00','17:53:00','3909088','9','',''),
('225129740914440','17:54:00','17:54:00','3909071','10','',''),
('225129740914440','17:55:00','17:55:00','3909089','11','',''),
('225129740914440','17:56:00','17:56:00','3909069','12','',''),
('225129740914440','17:57:00','17:57:00','3909067','13','',''),
('225129740914440','17:58:00','17:58:00','3909065','14','',''),
('225129740914440','18:00:00','18:00:00','3909063','15','',''),
('225129740914440','18:02:00','18:02:00','3909060','16','',''),
('225129740914440','18:03:00','18:03:00','3909090','17','',''),
('225129750914440','17:45:00','17:45:00','3909083','1','',''),
('225129750914440','17:46:00','17:46:00','3909084','2','',''),
('225129750914440','17:47:00','17:47:00','3909080','3','',''),
('225129750914440','17:48:00','17:48:00','3909078','4','',''),
('225129750914440','17:49:00','17:49:00','3909085','5','',''),
('225129750914440','17:50:00','17:50:00','3909086','6','',''),
('225129750914440','17:51:00','17:51:00','3909087','7','',''),
('225129750914440','17:52:00','17:52:00','3909073','8','',''),
('225129750914440','17:53:00','17:53:00','3909088','9','',''),
('225129750914440','17:54:00','17:54:00','3909071','10','',''),
('225129750914440','17:55:00','17:55:00','3909089','11','',''),
('225129750914440','17:56:00','17:56:00','3909069','12','',''),
('225129750914440','17:57:00','17:57:00','3909067','13','',''),
('225129750914440','17:58:00','17:58:00','3909065','14','',''),
('225129750914440','18:00:00','18:00:00','3909063','15','',''),
('225129750914440','18:02:00','18:02:00','3909060','16','',''),
('225129750914440','18:03:00','18:03:00','3909090','17','',''),
('125129740914441','08:45:00','08:45:00','3909083','1','',''),
('125129740914441','08:46:00','08:46:00','3909084','2','',''),
('125129740914441','08:47:00','08:47:00','3909080','3','',''),
('125129740914441','08:48:00','08:48:00','3909078','4','',''),
('125129740914441','08:49:00','08:49:00','3909085','5','',''),
('125129740914441','08:50:00','08:50:00','3909086','6','',''),
('125129740914441','08:51:00','08:51:00','3909087','7','',''),
('125129740914441','08:52:00','08:52:00','3909073','8','',''),
('125129740914441','08:53:00','08:53:00','3909088','9','',''),
('125129740914441','08:54:00','08:54:00','3909071','10','',''),
('125129740914441','08:55:00','08:55:00','3909089','11','',''),
('125129740914441','08:56:00','08:56:00','3909069','12','',''),
('125129740914441','08:57:00','08:57:00','3909067','13','',''),
('125129740914441','08:58:00','08:58:00','3909065','14','',''),
('125129740914441','09:00:00','09:00:00','3909063','15','',''),
('125129740914441','09:02:00','09:02:00','3909060','16','',''),
('125129740914441','09:03:00','09:03:00','3909090','17','',''),
('125129740914441','09:04:00','09:04:00','3909091','18','',''),
('125129740914441','09:04:00','09:04:00','3909092','19','',''),
('125129740914441','09:05:00','09:05:00','3909093','20','',''),
('125129740914441','09:05:00','09:05:00','3909094','21','',''),
('125129740914441','09:05:00','09:05:00','3909049','22','',''),
('125129740914441','09:05:00','09:05:00','3909051','23','',''),
('125129740914441','09:06:00','09:06:00','3909046','24','',''),
('125129740914441','09:06:00','09:06:00','3909044','25','',''),
('125129740914441','09:07:00','09:07:00','3909042','26','',''),
('125129740914441','09:07:00','09:07:00','3909095','27','',''),
('125129740914441','09:07:00','09:07:00','3909038','28','',''),
('125129740914441','09:07:00','09:07:00','3909036','29','',''),
('125129740914441','09:08:00','09:08:00','3909034','30','',''),
('125129740914441','09:08:00','09:08:00','3909096','31','',''),
('125129740914441','09:09:00','09:09:00','3909097','32','',''),
('125129740914441','09:09:00','09:09:00','3909031','33','',''),
('125129750914441','08:45:00','08:45:00','3909083','1','',''),
('125129750914441','08:46:00','08:46:00','3909084','2','',''),
('125129750914441','08:47:00','08:47:00','3909080','3','',''),
('125129750914441','08:48:00','08:48:00','3909078','4','',''),
('125129750914441','08:49:00','08:49:00','3909085','5','',''),
('125129750914441','08:50:00','08:50:00','3909086','6','',''),
('125129750914441','08:51:00','08:51:00','3909087','7','',''),
('125129750914441','08:52:00','08:52:00','3909073','8','',''),
('125129750914441','08:53:00','08:53:00','3909088','9','',''),
('125129750914441','08:54:00','08:54:00','3909071','10','',''),
('125129750914441','08:55:00','08:55:00','3909089','11','',''),
('125129750914441','08:56:00','08:56:00','3909069','12','',''),
('125129750914441','08:57:00','08:57:00','3909067','13','',''),
('125129750914441','08:58:00','08:58:00','3909065','14','',''),
('125129750914441','09:00:00','09:00:00','3909063','15','',''),
('125129750914441','09:02:00','09:02:00','3909060','16','',''),
('125129750914441','09:03:00','09:03:00','3909090','17','',''),
('125129750914441','09:04:00','09:04:00','3909091','18','',''),
('125129750914441','09:04:00','09:04:00','3909092','19','',''),
('125129750914441','09:05:00','09:05:00','3909093','20','',''),
('125129750914441','09:05:00','09:05:00','3909094','21','',''),
('125129750914441','09:05:00','09:05:00','3909049','22','',''),
('125129750914441','09:05:00','09:05:00','3909051','23','',''),
('125129750914441','09:06:00','09:06:00','3909046','24','',''),
('125129750914441','09:06:00','09:06:00','3909044','25','',''),
('125129750914441','09:07:00','09:07:00','3909042','26','',''),
('125129750914441','09:07:00','09:07:00','3909095','27','',''),
('125129750914441','09:07:00','09:07:00','3909038','28','',''),
('125129750914441','09:07:00','09:07:00','3909036','29','',''),
('125129750914441','09:08:00','09:08:00','3909034','30','',''),
('125129750914441','09:08:00','09:08:00','3909096','31','',''),
('125129750914441','09:09:00','09:09:00','3909097','32','',''),
('125129750914441','09:09:00','09:09:00','3909031','33','',''),
('225129740914441','09:30:00','09:30:00','3909083','1','',''),
('225129740914441','09:31:00','09:31:00','3909084','2','',''),
('225129740914441','09:32:00','09:32:00','3909080','3','',''),
('225129740914441','09:33:00','09:33:00','3909078','4','',''),
('225129740914441','09:34:00','09:34:00','3909085','5','',''),
('225129740914441','09:35:00','09:35:00','3909086','6','',''),
('225129740914441','09:36:00','09:36:00','3909087','7','',''),
('225129740914441','09:37:00','09:37:00','3909073','8','',''),
('225129740914441','09:38:00','09:38:00','3909088','9','',''),
('225129740914441','09:39:00','09:39:00','3909071','10','',''),
('225129740914441','09:40:00','09:40:00','3909089','11','',''),
('225129740914441','09:41:00','09:41:00','3909069','12','',''),
('225129740914441','09:42:00','09:42:00','3909067','13','',''),
('225129740914441','09:43:00','09:43:00','3909065','14','',''),
('225129740914441','09:45:00','09:45:00','3909063','15','',''),
('225129740914441','09:47:00','09:47:00','3909060','16','',''),
('225129740914441','09:48:00','09:48:00','3909090','17','',''),
('225129740914441','09:49:00','09:49:00','3909091','18','',''),
('225129740914441','09:49:00','09:49:00','3909092','19','',''),
('225129740914441','09:50:00','09:50:00','3909093','20','',''),
('225129740914441','09:50:00','09:50:00','3909094','21','',''),
('225129740914441','09:50:00','09:50:00','3909049','22','',''),
('225129740914441','09:50:00','09:50:00','3909051','23','',''),
('225129740914441','09:51:00','09:51:00','3909046','24','',''),
('225129740914441','09:51:00','09:51:00','3909044','25','',''),
('225129740914441','09:52:00','09:52:00','3909042','26','',''),
('225129740914441','09:52:00','09:52:00','3909095','27','',''),
('225129740914441','09:52:00','09:52:00','3909038','28','',''),
('225129740914441','09:52:00','09:52:00','3909036','29','',''),
('225129740914441','09:53:00','09:53:00','3909034','30','',''),
('225129740914441','09:53:00','09:53:00','3909096','31','',''),
('225129740914441','09:54:00','09:54:00','3909097','32','',''),
('225129740914441','09:54:00','09:54:00','3909031','33','',''),
('225129750914441','09:30:00','09:30:00','3909083','1','',''),
('225129750914441','09:31:00','09:31:00','3909084','2','',''),
('225129750914441','09:32:00','09:32:00','3909080','3','',''),
('225129750914441','09:33:00','09:33:00','3909078','4','',''),
('225129750914441','09:34:00','09:34:00','3909085','5','',''),
('225129750914441','09:35:00','09:35:00','3909086','6','',''),
('225129750914441','09:36:00','09:36:00','3909087','7','',''),
('225129750914441','09:37:00','09:37:00','3909073','8','',''),
('225129750914441','09:38:00','09:38:00','3909088','9','',''),
('225129750914441','09:39:00','09:39:00','3909071','10','',''),
('225129750914441','09:40:00','09:40:00','3909089','11','',''),
('225129750914441','09:41:00','09:41:00','3909069','12','',''),
('225129750914441','09:42:00','09:42:00','3909067','13','',''),
('225129750914441','09:43:00','09:43:00','3909065','14','',''),
('225129750914441','09:45:00','09:45:00','3909063','15','',''),
('225129750914441','09:47:00','09:47:00','3909060','16','',''),
('225129750914441','09:48:00','09:48:00','3909090','17','',''),
('225129750914441','09:49:00','09:49:00','3909091','18','',''),
('225129750914441','09:49:00','09:49:00','3909092','19','',''),
('225129750914441','09:50:00','09:50:00','3909093','20','',''),
('225129750914441','09:50:00','09:50:00','3909094','21','',''),
('225129750914441','09:50:00','09:50:00','3909049','22','',''),
('225129750914441','09:50:00','09:50:00','3909051','23','',''),
('225129750914441','09:51:00','09:51:00','3909046','24','',''),
('225129750914441','09:51:00','09:51:00','3909044','25','',''),
('225129750914441','09:52:00','09:52:00','3909042','26','',''),
('225129750914441','09:52:00','09:52:00','3909095','27','',''),
('225129750914441','09:52:00','09:52:00','3909038','28','',''),
('225129750914441','09:52:00','09:52:00','3909036','29','',''),
('225129750914441','09:53:00','09:53:00','3909034','30','',''),
('225129750914441','09:53:00','09:53:00','3909096','31','',''),
('225129750914441','09:54:00','09:54:00','3909097','32','',''),
('225129750914441','09:54:00','09:54:00','3909031','33','',''),
('325129740914441','10:15:00','10:15:00','3909083','1','',''),
('325129740914441','10:16:00','10:16:00','3909084','2','',''),
('325129740914441','10:17:00','10:17:00','3909080','3','',''),
('325129740914441','10:18:00','10:18:00','3909078','4','',''),
('325129740914441','10:19:00','10:19:00','3909085','5','',''),
('325129740914441','10:20:00','10:20:00','3909086','6','',''),
('325129740914441','10:21:00','10:21:00','3909087','7','',''),
('325129740914441','10:22:00','10:22:00','3909073','8','',''),
('325129740914441','10:23:00','10:23:00','3909088','9','',''),
('325129740914441','10:24:00','10:24:00','3909071','10','',''),
('325129740914441','10:25:00','10:25:00','3909089','11','',''),
('325129740914441','10:26:00','10:26:00','3909069','12','',''),
('325129740914441','10:27:00','10:27:00','3909067','13','',''),
('325129740914441','10:28:00','10:28:00','3909065','14','',''),
('325129740914441','10:30:00','10:30:00','3909063','15','',''),
('325129740914441','10:32:00','10:32:00','3909060','16','',''),
('325129740914441','10:33:00','10:33:00','3909090','17','',''),
('325129740914441','10:34:00','10:34:00','3909091','18','',''),
('325129740914441','10:34:00','10:34:00','3909092','19','',''),
('325129740914441','10:35:00','10:35:00','3909093','20','',''),
('325129740914441','10:35:00','10:35:00','3909094','21','',''),
('325129740914441','10:35:00','10:35:00','3909049','22','',''),
('325129740914441','10:35:00','10:35:00','3909051','23','',''),
('325129740914441','10:36:00','10:36:00','3909046','24','',''),
('325129740914441','10:36:00','10:36:00','3909044','25','',''),
('325129740914441','10:37:00','10:37:00','3909042','26','',''),
('325129740914441','10:37:00','10:37:00','3909095','27','',''),
('325129740914441','10:37:00','10:37:00','3909038','28','',''),
('325129740914441','10:37:00','10:37:00','3909036','29','',''),
('325129740914441','10:38:00','10:38:00','3909034','30','',''),
('325129740914441','10:38:00','10:38:00','3909096','31','',''),
('325129740914441','10:39:00','10:39:00','3909097','32','',''),
('325129740914441','10:39:00','10:39:00','3909031','33','',''),
('325129750914441','10:15:00','10:15:00','3909083','1','',''),
('325129750914441','10:16:00','10:16:00','3909084','2','',''),
('325129750914441','10:17:00','10:17:00','3909080','3','',''),
('325129750914441','10:18:00','10:18:00','3909078','4','',''),
('325129750914441','10:19:00','10:19:00','3909085','5','',''),
('325129750914441','10:20:00','10:20:00','3909086','6','',''),
('325129750914441','10:21:00','10:21:00','3909087','7','',''),
('325129750914441','10:22:00','10:22:00','3909073','8','',''),
('325129750914441','10:23:00','10:23:00','3909088','9','',''),
('325129750914441','10:24:00','10:24:00','3909071','10','',''),
('325129750914441','10:25:00','10:25:00','3909089','11','',''),
('325129750914441','10:26:00','10:26:00','3909069','12','',''),
('325129750914441','10:27:00','10:27:00','3909067','13','',''),
('325129750914441','10:28:00','10:28:00','3909065','14','',''),
('325129750914441','10:30:00','10:30:00','3909063','15','',''),
('325129750914441','10:32:00','10:32:00','3909060','16','',''),
('325129750914441','10:33:00','10:33:00','3909090','17','',''),
('325129750914441','10:34:00','10:34:00','3909091','18','',''),
('325129750914441','10:34:00','10:34:00','3909092','19','',''),
('325129750914441','10:35:00','10:35:00','3909093','20','',''),
('325129750914441','10:35:00','10:35:00','3909094','21','',''),
('325129750914441','10:35:00','10:35:00','3909049','22','',''),
('325129750914441','10:35:00','10:35:00','3909051','23','',''),
('325129750914441','10:36:00','10:36:00','3909046','24','',''),
('325129750914441','10:36:00','10:36:00','3909044','25','',''),
('325129750914441','10:37:00','10:37:00','3909042','26','',''),
('325129750914441','10:37:00','10:37:00','3909095','27','',''),
('325129750914441','10:37:00','10:37:00','3909038','28','',''),
('325129750914441','10:37:00','10:37:00','3909036','29','',''),
('325129750914441','10:38:00','10:38:00','3909034','30','',''),
('325129750914441','10:38:00','10:38:00','3909096','31','',''),
('325129750914441','10:39:00','10:39:00','3909097','32','',''),
('325129750914441','10:39:00','10:39:00','3909031','33','',''),
('425129740914441','14:00:00','14:00:00','3909083','1','',''),
('425129740914441','14:01:00','14:01:00','3909084','2','',''),
('425129740914441','14:02:00','14:02:00','3909080','3','',''),
('425129740914441','14:03:00','14:03:00','3909078','4','',''),
('425129740914441','14:04:00','14:04:00','3909085','5','',''),
('425129740914441','14:05:00','14:05:00','3909086','6','',''),
('425129740914441','14:06:00','14:06:00','3909087','7','',''),
('425129740914441','14:07:00','14:07:00','3909073','8','',''),
('425129740914441','14:08:00','14:08:00','3909088','9','',''),
('425129740914441','14:09:00','14:09:00','3909071','10','',''),
('425129740914441','14:10:00','14:10:00','3909089','11','',''),
('425129740914441','14:11:00','14:11:00','3909069','12','',''),
('425129740914441','14:12:00','14:12:00','3909067','13','',''),
('425129740914441','14:13:00','14:13:00','3909065','14','',''),
('425129740914441','14:15:00','14:15:00','3909063','15','',''),
('425129740914441','14:17:00','14:17:00','3909060','16','',''),
('425129740914441','14:18:00','14:18:00','3909090','17','',''),
('425129740914441','14:19:00','14:19:00','3909091','18','',''),
('425129740914441','14:19:00','14:19:00','3909092','19','',''),
('425129740914441','14:20:00','14:20:00','3909093','20','',''),
('425129740914441','14:20:00','14:20:00','3909094','21','',''),
('425129740914441','14:20:00','14:20:00','3909049','22','',''),
('425129740914441','14:20:00','14:20:00','3909051','23','',''),
('425129740914441','14:21:00','14:21:00','3909046','24','',''),
('425129740914441','14:21:00','14:21:00','3909044','25','',''),
('425129740914441','14:22:00','14:22:00','3909042','26','',''),
('425129740914441','14:22:00','14:22:00','3909095','27','',''),
('425129740914441','14:22:00','14:22:00','3909038','28','',''),
('425129740914441','14:22:00','14:22:00','3909036','29','',''),
('425129740914441','14:23:00','14:23:00','3909034','30','',''),
('425129740914441','14:23:00','14:23:00','3909096','31','',''),
('425129740914441','14:24:00','14:24:00','3909097','32','',''),
('425129740914441','14:24:00','14:24:00','3909031','33','',''),
('425129750914441','11:00:00','11:00:00','3909083','1','',''),
('425129750914441','11:01:00','11:01:00','3909084','2','',''),
('425129750914441','11:02:00','11:02:00','3909080','3','',''),
('425129750914441','11:03:00','11:03:00','3909078','4','',''),
('425129750914441','11:04:00','11:04:00','3909085','5','',''),
('425129750914441','11:05:00','11:05:00','3909086','6','',''),
('425129750914441','11:06:00','11:06:00','3909087','7','',''),
('425129750914441','11:07:00','11:07:00','3909073','8','',''),
('425129750914441','11:08:00','11:08:00','3909088','9','',''),
('425129750914441','11:09:00','11:09:00','3909071','10','',''),
('425129750914441','11:10:00','11:10:00','3909089','11','',''),
('425129750914441','11:11:00','11:11:00','3909069','12','',''),
('425129750914441','11:12:00','11:12:00','3909067','13','',''),
('425129750914441','11:13:00','11:13:00','3909065','14','',''),
('425129750914441','11:15:00','11:15:00','3909063','15','',''),
('425129750914441','11:17:00','11:17:00','3909060','16','',''),
('425129750914441','11:18:00','11:18:00','3909090','17','',''),
('425129750914441','11:19:00','11:19:00','3909091','18','',''),
('425129750914441','11:19:00','11:19:00','3909092','19','',''),
('425129750914441','11:20:00','11:20:00','3909093','20','',''),
('425129750914441','11:20:00','11:20:00','3909094','21','',''),
('425129750914441','11:20:00','11:20:00','3909049','22','',''),
('425129750914441','11:20:00','11:20:00','3909051','23','',''),
('425129750914441','11:21:00','11:21:00','3909046','24','',''),
('425129750914441','11:21:00','11:21:00','3909044','25','',''),
('425129750914441','11:22:00','11:22:00','3909042','26','',''),
('425129750914441','11:22:00','11:22:00','3909095','27','',''),
('425129750914441','11:22:00','11:22:00','3909038','28','',''),
('425129750914441','11:22:00','11:22:00','3909036','29','',''),
('425129750914441','11:23:00','11:23:00','3909034','30','',''),
('425129750914441','11:23:00','11:23:00','3909096','31','',''),
('425129750914441','11:24:00','11:24:00','3909097','32','',''),
('425129750914441','11:24:00','11:24:00','3909031','33','',''),
('525129740914441','14:45:00','14:45:00','3909083','1','',''),
('525129740914441','14:46:00','14:46:00','3909084','2','',''),
('525129740914441','14:47:00','14:47:00','3909080','3','',''),
('525129740914441','14:48:00','14:48:00','3909078','4','',''),
('525129740914441','14:49:00','14:49:00','3909085','5','',''),
('525129740914441','14:50:00','14:50:00','3909086','6','',''),
('525129740914441','14:51:00','14:51:00','3909087','7','',''),
('525129740914441','14:52:00','14:52:00','3909073','8','',''),
('525129740914441','14:53:00','14:53:00','3909088','9','',''),
('525129740914441','14:54:00','14:54:00','3909071','10','',''),
('525129740914441','14:55:00','14:55:00','3909089','11','',''),
('525129740914441','14:56:00','14:56:00','3909069','12','',''),
('525129740914441','14:57:00','14:57:00','3909067','13','',''),
('525129740914441','14:58:00','14:58:00','3909065','14','',''),
('525129740914441','15:00:00','15:00:00','3909063','15','',''),
('525129740914441','15:02:00','15:02:00','3909060','16','',''),
('525129740914441','15:03:00','15:03:00','3909090','17','',''),
('525129740914441','15:04:00','15:04:00','3909091','18','',''),
('525129740914441','15:04:00','15:04:00','3909092','19','',''),
('525129740914441','15:05:00','15:05:00','3909093','20','',''),
('525129740914441','15:05:00','15:05:00','3909094','21','',''),
('525129740914441','15:05:00','15:05:00','3909049','22','',''),
('525129740914441','15:05:00','15:05:00','3909051','23','',''),
('525129740914441','15:06:00','15:06:00','3909046','24','',''),
('525129740914441','15:06:00','15:06:00','3909044','25','',''),
('525129740914441','15:07:00','15:07:00','3909042','26','',''),
('525129740914441','15:07:00','15:07:00','3909095','27','',''),
('525129740914441','15:07:00','15:07:00','3909038','28','',''),
('525129740914441','15:07:00','15:07:00','3909036','29','',''),
('525129740914441','15:08:00','15:08:00','3909034','30','',''),
('525129740914441','15:08:00','15:08:00','3909096','31','',''),
('525129740914441','15:09:00','15:09:00','3909097','32','',''),
('525129740914441','15:09:00','15:09:00','3909031','33','',''),
('525129750914441','11:45:00','11:45:00','3909083','1','',''),
('525129750914441','11:46:00','11:46:00','3909084','2','',''),
('525129750914441','11:47:00','11:47:00','3909080','3','',''),
('525129750914441','11:48:00','11:48:00','3909078','4','',''),
('525129750914441','11:49:00','11:49:00','3909085','5','',''),
('525129750914441','11:50:00','11:50:00','3909086','6','',''),
('525129750914441','11:51:00','11:51:00','3909087','7','',''),
('525129750914441','11:52:00','11:52:00','3909073','8','',''),
('525129750914441','11:53:00','11:53:00','3909088','9','',''),
('525129750914441','11:54:00','11:54:00','3909071','10','',''),
('525129750914441','11:55:00','11:55:00','3909089','11','',''),
('525129750914441','11:56:00','11:56:00','3909069','12','',''),
('525129750914441','11:57:00','11:57:00','3909067','13','',''),
('525129750914441','11:58:00','11:58:00','3909065','14','',''),
('525129750914441','12:00:00','12:00:00','3909063','15','',''),
('525129750914441','12:02:00','12:02:00','3909060','16','',''),
('525129750914441','12:03:00','12:03:00','3909090','17','',''),
('525129750914441','12:04:00','12:04:00','3909091','18','',''),
('525129750914441','12:04:00','12:04:00','3909092','19','',''),
('525129750914441','12:05:00','12:05:00','3909093','20','',''),
('525129750914441','12:05:00','12:05:00','3909094','21','',''),
('525129750914441','12:05:00','12:05:00','3909049','22','',''),
('525129750914441','12:05:00','12:05:00','3909051','23','',''),
('525129750914441','12:06:00','12:06:00','3909046','24','',''),
('525129750914441','12:06:00','12:06:00','3909044','25','',''),
('525129750914441','12:07:00','12:07:00','3909042','26','',''),
('525129750914441','12:07:00','12:07:00','3909095','27','',''),
('525129750914441','12:07:00','12:07:00','3909038','28','',''),
('525129750914441','12:07:00','12:07:00','3909036','29','',''),
('525129750914441','12:08:00','12:08:00','3909034','30','',''),
('525129750914441','12:08:00','12:08:00','3909096','31','',''),
('525129750914441','12:09:00','12:09:00','3909097','32','',''),
('525129750914441','12:09:00','12:09:00','3909031','33','',''),
('625129740914441','15:30:00','15:30:00','3909083','1','',''),
('625129740914441','15:31:00','15:31:00','3909084','2','',''),
('625129740914441','15:32:00','15:32:00','3909080','3','',''),
('625129740914441','15:33:00','15:33:00','3909078','4','',''),
('625129740914441','15:34:00','15:34:00','3909085','5','',''),
('625129740914441','15:35:00','15:35:00','3909086','6','',''),
('625129740914441','15:36:00','15:36:00','3909087','7','',''),
('625129740914441','15:37:00','15:37:00','3909073','8','',''),
('625129740914441','15:38:00','15:38:00','3909088','9','',''),
('625129740914441','15:39:00','15:39:00','3909071','10','',''),
('625129740914441','15:40:00','15:40:00','3909089','11','',''),
('625129740914441','15:41:00','15:41:00','3909069','12','',''),
('625129740914441','15:42:00','15:42:00','3909067','13','',''),
('625129740914441','15:43:00','15:43:00','3909065','14','',''),
('625129740914441','15:45:00','15:45:00','3909063','15','',''),
('625129740914441','15:47:00','15:47:00','3909060','16','',''),
('625129740914441','15:48:00','15:48:00','3909090','17','',''),
('625129740914441','15:49:00','15:49:00','3909091','18','',''),
('625129740914441','15:49:00','15:49:00','3909092','19','',''),
('625129740914441','15:50:00','15:50:00','3909093','20','',''),
('625129740914441','15:50:00','15:50:00','3909094','21','',''),
('625129740914441','15:50:00','15:50:00','3909049','22','',''),
('625129740914441','15:50:00','15:50:00','3909051','23','',''),
('625129740914441','15:51:00','15:51:00','3909046','24','',''),
('625129740914441','15:51:00','15:51:00','3909044','25','',''),
('625129740914441','15:52:00','15:52:00','3909042','26','',''),
('625129740914441','15:52:00','15:52:00','3909095','27','',''),
('625129740914441','15:52:00','15:52:00','3909038','28','',''),
('625129740914441','15:52:00','15:52:00','3909036','29','',''),
('625129740914441','15:53:00','15:53:00','3909034','30','',''),
('625129740914441','15:53:00','15:53:00','3909096','31','',''),
('625129740914441','15:54:00','15:54:00','3909097','32','',''),
('625129740914441','15:54:00','15:54:00','3909031','33','',''),
('625129750914441','14:45:00','14:45:00','3909083','1','',''),
('625129750914441','14:46:00','14:46:00','3909084','2','',''),
('625129750914441','14:47:00','14:47:00','3909080','3','',''),
('625129750914441','14:48:00','14:48:00','3909078','4','',''),
('625129750914441','14:49:00','14:49:00','3909085','5','',''),
('625129750914441','14:50:00','14:50:00','3909086','6','',''),
('625129750914441','14:51:00','14:51:00','3909087','7','',''),
('625129750914441','14:52:00','14:52:00','3909073','8','',''),
('625129750914441','14:53:00','14:53:00','3909088','9','',''),
('625129750914441','14:54:00','14:54:00','3909071','10','',''),
('625129750914441','14:55:00','14:55:00','3909089','11','',''),
('625129750914441','14:56:00','14:56:00','3909069','12','',''),
('625129750914441','14:57:00','14:57:00','3909067','13','',''),
('625129750914441','14:58:00','14:58:00','3909065','14','',''),
('625129750914441','15:00:00','15:00:00','3909063','15','',''),
('625129750914441','15:02:00','15:02:00','3909060','16','',''),
('625129750914441','15:03:00','15:03:00','3909090','17','',''),
('625129750914441','15:04:00','15:04:00','3909091','18','',''),
('625129750914441','15:04:00','15:04:00','3909092','19','',''),
('625129750914441','15:05:00','15:05:00','3909093','20','',''),
('625129750914441','15:05:00','15:05:00','3909094','21','',''),
('625129750914441','15:05:00','15:05:00','3909049','22','',''),
('625129750914441','15:05:00','15:05:00','3909051','23','',''),
('625129750914441','15:06:00','15:06:00','3909046','24','',''),
('625129750914441','15:06:00','15:06:00','3909044','25','',''),
('625129750914441','15:07:00','15:07:00','3909042','26','',''),
('625129750914441','15:07:00','15:07:00','3909095','27','',''),
('625129750914441','15:07:00','15:07:00','3909038','28','',''),
('625129750914441','15:07:00','15:07:00','3909036','29','',''),
('625129750914441','15:08:00','15:08:00','3909034','30','',''),
('625129750914441','15:08:00','15:08:00','3909096','31','',''),
('625129750914441','15:09:00','15:09:00','3909097','32','',''),
('625129750914441','15:09:00','15:09:00','3909031','33','',''),
('725129740914441','16:15:00','16:15:00','3909083','1','',''),
('725129740914441','16:16:00','16:16:00','3909084','2','',''),
('725129740914441','16:17:00','16:17:00','3909080','3','',''),
('725129740914441','16:18:00','16:18:00','3909078','4','',''),
('725129740914441','16:19:00','16:19:00','3909085','5','',''),
('725129740914441','16:20:00','16:20:00','3909086','6','',''),
('725129740914441','16:21:00','16:21:00','3909087','7','',''),
('725129740914441','16:22:00','16:22:00','3909073','8','',''),
('725129740914441','16:23:00','16:23:00','3909088','9','',''),
('725129740914441','16:24:00','16:24:00','3909071','10','',''),
('725129740914441','16:25:00','16:25:00','3909089','11','',''),
('725129740914441','16:26:00','16:26:00','3909069','12','',''),
('725129740914441','16:27:00','16:27:00','3909067','13','',''),
('725129740914441','16:28:00','16:28:00','3909065','14','',''),
('725129740914441','16:30:00','16:30:00','3909063','15','',''),
('725129740914441','16:32:00','16:32:00','3909060','16','',''),
('725129740914441','16:33:00','16:33:00','3909090','17','',''),
('725129740914441','16:34:00','16:34:00','3909091','18','',''),
('725129740914441','16:34:00','16:34:00','3909092','19','',''),
('725129740914441','16:35:00','16:35:00','3909093','20','',''),
('725129740914441','16:35:00','16:35:00','3909094','21','',''),
('725129740914441','16:35:00','16:35:00','3909049','22','',''),
('725129740914441','16:35:00','16:35:00','3909051','23','',''),
('725129740914441','16:36:00','16:36:00','3909046','24','',''),
('725129740914441','16:36:00','16:36:00','3909044','25','',''),
('725129740914441','16:37:00','16:37:00','3909042','26','',''),
('725129740914441','16:37:00','16:37:00','3909095','27','',''),
('725129740914441','16:37:00','16:37:00','3909038','28','',''),
('725129740914441','16:37:00','16:37:00','3909036','29','',''),
('725129740914441','16:38:00','16:38:00','3909034','30','',''),
('725129740914441','16:38:00','16:38:00','3909096','31','',''),
('725129740914441','16:39:00','16:39:00','3909097','32','',''),
('725129740914441','16:39:00','16:39:00','3909031','33','',''),
('725129750914441','15:30:00','15:30:00','3909083','1','',''),
('725129750914441','15:31:00','15:31:00','3909084','2','',''),
('725129750914441','15:32:00','15:32:00','3909080','3','',''),
('725129750914441','15:33:00','15:33:00','3909078','4','',''),
('725129750914441','15:34:00','15:34:00','3909085','5','',''),
('725129750914441','15:35:00','15:35:00','3909086','6','',''),
('725129750914441','15:36:00','15:36:00','3909087','7','',''),
('725129750914441','15:37:00','15:37:00','3909073','8','',''),
('725129750914441','15:38:00','15:38:00','3909088','9','',''),
('725129750914441','15:39:00','15:39:00','3909071','10','',''),
('725129750914441','15:40:00','15:40:00','3909089','11','',''),
('725129750914441','15:41:00','15:41:00','3909069','12','',''),
('725129750914441','15:42:00','15:42:00','3909067','13','',''),
('725129750914441','15:43:00','15:43:00','3909065','14','',''),
('725129750914441','15:45:00','15:45:00','3909063','15','',''),
('725129750914441','15:47:00','15:47:00','3909060','16','',''),
('725129750914441','15:48:00','15:48:00','3909090','17','',''),
('725129750914441','15:49:00','15:49:00','3909091','18','',''),
('725129750914441','15:49:00','15:49:00','3909092','19','',''),
('725129750914441','15:50:00','15:50:00','3909093','20','',''),
('725129750914441','15:50:00','15:50:00','3909094','21','',''),
('725129750914441','15:50:00','15:50:00','3909049','22','',''),
('725129750914441','15:50:00','15:50:00','3909051','23','',''),
('725129750914441','15:51:00','15:51:00','3909046','24','',''),
('725129750914441','15:51:00','15:51:00','3909044','25','',''),
('725129750914441','15:52:00','15:52:00','3909042','26','',''),
('725129750914441','15:52:00','15:52:00','3909095','27','',''),
('725129750914441','15:52:00','15:52:00','3909038','28','',''),
('725129750914441','15:52:00','15:52:00','3909036','29','',''),
('725129750914441','15:53:00','15:53:00','3909034','30','',''),
('725129750914441','15:53:00','15:53:00','3909096','31','',''),
('725129750914441','15:54:00','15:54:00','3909097','32','',''),
('725129750914441','15:54:00','15:54:00','3909031','33','',''),
('825129740914441','17:00:00','17:00:00','3909083','1','',''),
('825129740914441','17:01:00','17:01:00','3909084','2','',''),
('825129740914441','17:02:00','17:02:00','3909080','3','',''),
('825129740914441','17:03:00','17:03:00','3909078','4','',''),
('825129740914441','17:04:00','17:04:00','3909085','5','',''),
('825129740914441','17:05:00','17:05:00','3909086','6','',''),
('825129740914441','17:06:00','17:06:00','3909087','7','',''),
('825129740914441','17:07:00','17:07:00','3909073','8','',''),
('825129740914441','17:08:00','17:08:00','3909088','9','',''),
('825129740914441','17:09:00','17:09:00','3909071','10','',''),
('825129740914441','17:10:00','17:10:00','3909089','11','',''),
('825129740914441','17:11:00','17:11:00','3909069','12','',''),
('825129740914441','17:12:00','17:12:00','3909067','13','',''),
('825129740914441','17:13:00','17:13:00','3909065','14','',''),
('825129740914441','17:15:00','17:15:00','3909063','15','',''),
('825129740914441','17:17:00','17:17:00','3909060','16','',''),
('825129740914441','17:18:00','17:18:00','3909090','17','',''),
('825129740914441','17:19:00','17:19:00','3909091','18','',''),
('825129740914441','17:19:00','17:19:00','3909092','19','',''),
('825129740914441','17:20:00','17:20:00','3909093','20','',''),
('825129740914441','17:20:00','17:20:00','3909094','21','',''),
('825129740914441','17:20:00','17:20:00','3909049','22','',''),
('825129740914441','17:20:00','17:20:00','3909051','23','',''),
('825129740914441','17:21:00','17:21:00','3909046','24','',''),
('825129740914441','17:21:00','17:21:00','3909044','25','',''),
('825129740914441','17:22:00','17:22:00','3909042','26','',''),
('825129740914441','17:22:00','17:22:00','3909095','27','',''),
('825129740914441','17:22:00','17:22:00','3909038','28','',''),
('825129740914441','17:22:00','17:22:00','3909036','29','',''),
('825129740914441','17:23:00','17:23:00','3909034','30','',''),
('825129740914441','17:23:00','17:23:00','3909096','31','',''),
('825129740914441','17:24:00','17:24:00','3909097','32','',''),
('825129740914441','17:24:00','17:24:00','3909031','33','',''),
('825129750914441','16:15:00','16:15:00','3909083','1','',''),
('825129750914441','16:16:00','16:16:00','3909084','2','',''),
('825129750914441','16:17:00','16:17:00','3909080','3','',''),
('825129750914441','16:18:00','16:18:00','3909078','4','',''),
('825129750914441','16:19:00','16:19:00','3909085','5','',''),
('825129750914441','16:20:00','16:20:00','3909086','6','',''),
('825129750914441','16:21:00','16:21:00','3909087','7','',''),
('825129750914441','16:22:00','16:22:00','3909073','8','',''),
('825129750914441','16:23:00','16:23:00','3909088','9','',''),
('825129750914441','16:24:00','16:24:00','3909071','10','',''),
('825129750914441','16:25:00','16:25:00','3909089','11','',''),
('825129750914441','16:26:00','16:26:00','3909069','12','',''),
('825129750914441','16:27:00','16:27:00','3909067','13','',''),
('825129750914441','16:28:00','16:28:00','3909065','14','',''),
('825129750914441','16:30:00','16:30:00','3909063','15','',''),
('825129750914441','16:32:00','16:32:00','3909060','16','',''),
('825129750914441','16:33:00','16:33:00','3909090','17','',''),
('825129750914441','16:34:00','16:34:00','3909091','18','',''),
('825129750914441','16:34:00','16:34:00','3909092','19','',''),
('825129750914441','16:35:00','16:35:00','3909093','20','',''),
('825129750914441','16:35:00','16:35:00','3909094','21','',''),
('825129750914441','16:35:00','16:35:00','3909049','22','',''),
('825129750914441','16:35:00','16:35:00','3909051','23','',''),
('825129750914441','16:36:00','16:36:00','3909046','24','',''),
('825129750914441','16:36:00','16:36:00','3909044','25','',''),
('825129750914441','16:37:00','16:37:00','3909042','26','',''),
('825129750914441','16:37:00','16:37:00','3909095','27','',''),
('825129750914441','16:37:00','16:37:00','3909038','28','',''),
('825129750914441','16:37:00','16:37:00','3909036','29','',''),
('825129750914441','16:38:00','16:38:00','3909034','30','',''),
('825129750914441','16:38:00','16:38:00','3909096','31','',''),
('825129750914441','16:39:00','16:39:00','3909097','32','',''),
('825129750914441','16:39:00','16:39:00','3909031','33','',''),
('925129750914441','17:00:00','17:00:00','3909083','1','',''),
('925129750914441','17:01:00','17:01:00','3909084','2','',''),
('925129750914441','17:02:00','17:02:00','3909080','3','',''),
('925129750914441','17:03:00','17:03:00','3909078','4','',''),
('925129750914441','17:04:00','17:04:00','3909085','5','',''),
('925129750914441','17:05:00','17:05:00','3909086','6','',''),
('925129750914441','17:06:00','17:06:00','3909087','7','',''),
('925129750914441','17:07:00','17:07:00','3909073','8','',''),
('925129750914441','17:08:00','17:08:00','3909088','9','',''),
('925129750914441','17:09:00','17:09:00','3909071','10','',''),
('925129750914441','17:10:00','17:10:00','3909089','11','',''),
('925129750914441','17:11:00','17:11:00','3909069','12','',''),
('925129750914441','17:12:00','17:12:00','3909067','13','',''),
('925129750914441','17:13:00','17:13:00','3909065','14','',''),
('925129750914441','17:15:00','17:15:00','3909063','15','',''),
('925129750914441','17:17:00','17:17:00','3909060','16','',''),
('925129750914441','17:18:00','17:18:00','3909090','17','',''),
('925129750914441','17:19:00','17:19:00','3909091','18','',''),
('925129750914441','17:19:00','17:19:00','3909092','19','',''),
('925129750914441','17:20:00','17:20:00','3909093','20','',''),
('925129750914441','17:20:00','17:20:00','3909094','21','',''),
('925129750914441','17:20:00','17:20:00','3909049','22','',''),
('925129750914441','17:20:00','17:20:00','3909051','23','',''),
('925129750914441','17:21:00','17:21:00','3909046','24','',''),
('925129750914441','17:21:00','17:21:00','3909044','25','',''),
('925129750914441','17:22:00','17:22:00','3909042','26','',''),
('925129750914441','17:22:00','17:22:00','3909095','27','',''),
('925129750914441','17:22:00','17:22:00','3909038','28','',''),
('925129750914441','17:22:00','17:22:00','3909036','29','',''),
('925129750914441','17:23:00','17:23:00','3909034','30','',''),
('925129750914441','17:23:00','17:23:00','3909096','31','',''),
('925129750914441','17:24:00','17:24:00','3909097','32','',''),
('925129750914441','17:24:00','17:24:00','3909031','33','',''),
('125129740914444','08:25:00','08:25:00','3909091','1','',''),
('125129740914444','08:25:00','08:25:00','3909092','2','',''),
('125129740914444','08:26:00','08:26:00','3909093','3','',''),
('125129740914444','08:26:00','08:26:00','3909094','4','',''),
('125129740914444','08:26:00','08:26:00','3909049','5','',''),
('125129740914444','08:26:00','08:26:00','3909051','6','',''),
('125129740914444','08:27:00','08:27:00','3909046','7','',''),
('125129740914444','08:27:00','08:27:00','3909044','8','',''),
('125129740914444','08:28:00','08:28:00','3909042','9','',''),
('125129740914444','08:28:00','08:28:00','3909095','10','',''),
('125129740914444','08:28:00','08:28:00','3909038','11','',''),
('125129740914444','08:28:00','08:28:00','3909036','12','',''),
('125129740914444','08:29:00','08:29:00','3909034','13','',''),
('125129740914444','08:29:00','08:29:00','3909096','14','',''),
('125129740914444','08:30:00','08:30:00','3909097','15','',''),
('125129740914444','08:30:00','08:30:00','3909031','16','',''),
('125129750914444','08:27:00','08:27:00','3909091','1','',''),
('125129750914444','08:27:00','08:27:00','3909092','2','',''),
('125129750914444','08:28:00','08:28:00','3909093','3','',''),
('125129750914444','08:28:00','08:28:00','3909094','4','',''),
('125129750914444','08:28:00','08:28:00','3909049','5','',''),
('125129750914444','08:28:00','08:28:00','3909051','6','',''),
('125129750914444','08:29:00','08:29:00','3909046','7','',''),
('125129750914444','08:29:00','08:29:00','3909044','8','',''),
('125129750914444','08:30:00','08:30:00','3909042','9','',''),
('125129750914444','08:30:00','08:30:00','3909095','10','',''),
('125129750914444','08:30:00','08:30:00','3909038','11','',''),
('125129750914444','08:30:00','08:30:00','3909036','12','',''),
('125129750914444','08:31:00','08:31:00','3909034','13','',''),
('125129750914444','08:31:00','08:31:00','3909096','14','',''),
('125129750914444','08:32:00','08:32:00','3909097','15','',''),
('125129750914444','08:32:00','08:32:00','3909031','16','',''),
('225129740914444','13:42:00','13:42:00','3909091','1','',''),
('225129740914444','13:42:00','13:42:00','3909092','2','',''),
('225129740914444','13:43:00','13:43:00','3909093','3','',''),
('225129740914444','13:43:00','13:43:00','3909094','4','',''),
('225129740914444','13:43:00','13:43:00','3909049','5','',''),
('225129740914444','13:43:00','13:43:00','3909051','6','',''),
('225129740914444','13:44:00','13:44:00','3909046','7','',''),
('225129740914444','13:44:00','13:44:00','3909044','8','',''),
('225129740914444','13:45:00','13:45:00','3909042','9','',''),
('225129740914444','13:45:00','13:45:00','3909095','10','',''),
('225129740914444','13:45:00','13:45:00','3909038','11','',''),
('225129740914444','13:45:00','13:45:00','3909036','12','',''),
('225129740914444','13:46:00','13:46:00','3909034','13','',''),
('225129740914444','13:46:00','13:46:00','3909096','14','',''),
('225129740914444','13:47:00','13:47:00','3909097','15','',''),
('225129740914444','13:47:00','13:47:00','3909031','16','',''),
('225129750914444','14:23:00','14:23:00','3909091','1','',''),
('225129750914444','14:23:00','14:23:00','3909092','2','',''),
('225129750914444','14:24:00','14:24:00','3909093','3','',''),
('225129750914444','14:24:00','14:24:00','3909094','4','',''),
('225129750914444','14:24:00','14:24:00','3909049','5','',''),
('225129750914444','14:24:00','14:24:00','3909051','6','',''),
('225129750914444','14:25:00','14:25:00','3909046','7','',''),
('225129750914444','14:25:00','14:25:00','3909044','8','',''),
('225129750914444','14:26:00','14:26:00','3909042','9','',''),
('225129750914444','14:26:00','14:26:00','3909095','10','',''),
('225129750914444','14:26:00','14:26:00','3909038','11','',''),
('225129750914444','14:26:00','14:26:00','3909036','12','',''),
('225129750914444','14:27:00','14:27:00','3909034','13','',''),
('225129750914444','14:27:00','14:27:00','3909096','14','',''),
('225129750914444','14:28:00','14:28:00','3909097','15','',''),
('225129750914444','14:28:00','14:28:00','3909031','16','','');
INSERT INTO calendar (service_id,monday,tuesday,wednesday,thursday,friday,saturday,sunday,start_date,end_date) VALUES
('2512975','0','0','0','0','0','0','0','20171223','20180616'),
('2512974','0','0','0','0','0','0','0','20171221','20180619');
INSERT INTO calendar_dates (service_id,date,exception_type) VALUES
('2512975','20171223','1'),
('2512975','20171230','1'),
('2512975','20180106','1'),
('2512975','20180113','1'),
('2512975','20180120','1'),
('2512975','20180127','1'),
('2512975','20180203','1'),
('2512975','20180210','1'),
('2512975','20180217','1'),
('2512975','20180224','1'),
('2512975','20180303','1'),
('2512975','20180310','1'),
('2512975','20180317','1'),
('2512975','20180324','1'),
('2512975','20180331','1'),
('2512975','20180407','1'),
('2512975','20180414','1'),
('2512975','20180421','1'),
('2512975','20180428','1'),
('2512975','20180505','1'),
('2512975','20180512','1'),
('2512975','20180519','1'),
('2512975','20180526','1'),
('2512975','20180602','1'),
('2512975','20180609','1'),
('2512975','20180616','1'),
('2512974','20171221','1'),
('2512974','20171222','1'),
('2512974','20171226','1'),
('2512974','20171227','1'),
('2512974','20171228','1'),
('2512974','20171229','1'),
('2512974','20180102','1'),
('2512974','20180103','1'),
('2512974','20180104','1'),
('2512974','20180105','1'),
('2512974','20180108','1'),
('2512974','20180109','1'),
('2512974','20180110','1'),
('2512974','20180111','1'),
('2512974','20180112','1'),
('2512974','20180115','1'),
('2512974','20180116','1'),
('2512974','20180117','1'),
('2512974','20180118','1'),
('2512974','20180119','1'),
('2512974','20180122','1'),
('2512974','20180123','1'),
('2512974','20180124','1'),
('2512974','20180125','1'),
('2512974','20180126','1'),
('2512974','20180129','1'),
('2512974','20180130','1'),
('2512974','20180131','1'),
('2512974','20180201','1'),
('2512974','20180202','1'),
('2512974','20180205','1'),
('2512974','20180206','1'),
('2512974','20180207','1'),
('2512974','20180208','1'),
('2512974','20180209','1'),
('2512974','20180212','1'),
('2512974','20180213','1'),
('2512974','20180214','1'),
('2512974','20180215','1'),
('2512974','20180216','1'),
('2512974','20180219','1'),
('2512974','20180220','1'),
('2512974','20180221','1'),
('2512974','20180222','1'),
('2512974','20180223','1'),
('2512974','20180226','1'),
('2512974','20180227','1'),
('2512974','20180228','1'),
('2512974','20180301','1'),
('2512974','20180302','1'),
('2512974','20180305','1'),
('2512974','20180306','1'),
('2512974','20180307','1'),
('2512974','20180308','1'),
('2512974','20180309','1'),
('2512974','20180312','1'),
('2512974','20180313','1'),
('2512974','20180314','1'),
('2512974','20180315','1'),
('2512974','20180316','1'),
('2512974','20180319','1'),
('2512974','20180320','1'),
('2512974','20180321','1'),
('2512974','20180322','1'),
('2512974','20180323','1'),
('2512974','20180326','1'),
('2512974','20180327','1'),
('2512974','20180328','1'),
('2512974','20180329','1'),
('2512974','20180330','1'),
('2512974','20180403','1'),
('2512974','20180404','1'),
('2512974','20180405','1'),
('2512974','20180406','1'),
('2512974','20180409','1'),
('2512974','20180410','1'),
('2512974','20180411','1'),
('2512974','20180412','1'),
('2512974','20180413','1'),
('2512974','20180416','1'),
('2512974','20180417','1'),
('2512974','20180418','1'),
('2512974','20180419','1'),
('2512974','20180420','1'),
('2512974','20180423','1'),
('2512974','20180424','1'),
('2512974','20180425','1'),
('2512974','20180426','1'),
('2512974','20180427','1'),
('2512974','20180430','1'),
('2512974','20180502','1'),
('2512974','20180503','1'),
('2512974','20180504','1'),
('2512974','20180507','1'),
('2512974','20180509','1'),
('2512974','20180511','1'),
('2512974','20180514','1'),
('2512974','20180515','1'),
('2512974','20180516','1'),
('2512974','20180517','1'),
('2512974','20180518','1'),
('2512974','20180522','1'),
('2512974','20180523','1'),
('2512974','20180524','1'),
('2512974','20180525','1'),
('2512974','20180528','1'),
('2512974','20180529','1'),
('2512974','20180530','1'),
('2512974','20180531','1'),
('2512974','20180601','1'),
('2512974','20180604','1'),
('2512974','20180605','1'),
('2512974','20180606','1'),
('2512974','20180607','1'),
('2512974','20180608','1'),
('2512974','20180611','1'),
('2512974','20180612','1'),
('2512974','20180613','1'),
('2512974','20180614','1'),
('2512974','20180615','1'),
('2512974','20180618','1'),
('2512974','20180619','1');
INSERT INTO routes (route_id,agency_id,route_short_name,route_long_name,route_desc,route_type,route_url,route_color,route_text_color) VALUES
('1788004','100','579','CLAMIBU (GARE DE CLAMART <-> MAISON DE QUARTIER - ANDRE CHARRE) - Aller','','3','','FFFFFF','000000'),
('1788005','100','579','CLAMIBU (GARE DE CLAMART <-> MAISON DE QUARTIER - ANDRE CHARRE) - Retour','','3','','FFFFFF','000000');
INSERT INTO agency (agency_id,agency_name,agency_url,agency_timezone,agency_lang,agency_phone) VALUES
('100','RATP (100)','http://www.ratp.fr/','CET','','');
INSERT INTO trips (route_id,service_id,trip_id,trip_headsign,trip_short_name,direction_id,shape_id) VALUES
('1788004','2512974','125129740914442','','1','0',''),
('1788004','2512975','125129750914442','','1','0',''),
('1788004','2512974','225129740914442','','2','0',''),
('1788004','2512975','225129750914442','','2','0',''),
('1788004','2512974','125129740914443','','1','0',''),
('1788004','2512975','125129750914443','','1','0',''),
('1788004','2512974','225129740914443','','2','0',''),
('1788004','2512975','225129750914443','','2','0',''),
('1788004','2512974','325129740914443','','3','0',''),
('1788004','2512975','325129750914443','','3','0',''),
('1788004','2512974','425129740914443','','4','0',''),
('1788004','2512975','425129750914443','','4','0',''),
('1788004','2512974','525129740914443','','5','0',''),
('1788004','2512975','525129750914443','','5','0',''),
('1788004','2512974','625129740914443','','6','0',''),
('1788004','2512975','625129750914443','','6','0',''),
('1788004','2512974','725129740914443','','7','0',''),
('1788004','2512975','725129750914443','','7','0',''),
('1788004','2512974','825129740914443','','8','0',''),
('1788004','2512975','825129750914443','','8','0',''),
('1788004','2512975','925129750914443','','9','0',''),
('1788004','2512974','125129740914445','','1','0',''),
('1788004','2512975','125129750914445','','1','0',''),
('1788004','2512974','225129740914445','','2','0',''),
('1788004','2512975','225129750914445','','2','0',''),
('1788005','2512974','125129740914440','','1','1',''),
('1788005','2512975','125129750914440','','1','1',''),
('1788005','2512974','225129740914440','','2','1',''),
('1788005','2512975','225129750914440','','2','1',''),
('1788005','2512974','125129740914441','','1','1',''),
('1788005','2512975','125129750914441','','1','1',''),
('1788005','2512974','225129740914441','','2','1',''),
('1788005','2512975','225129750914441','','2','1',''),
('1788005','2512974','325129740914441','','3','1',''),
('1788005','2512975','325129750914441','','3','1',''),
('1788005','2512974','425129740914441','','4','1',''),
('1788005','2512975','425129750914441','','4','1',''),
('1788005','2512974','525129740914441','','5','1',''),
('1788005','2512975','525129750914441','','5','1',''),
('1788005','2512974','625129740914441','','6','1',''),
('1788005','2512975','625129750914441','','6','1',''),
('1788005','2512974','725129740914441','','7','1',''),
('1788005','2512975','725129750914441','','7','1',''),
('1788005','2512974','825129740914441','','8','1',''),
('1788005','2512975','825129750914441','','8','1',''),
('1788005','2512975','925129750914441','','9','1',''),
('1788005','2512974','125129740914444','','1','1',''),
('1788005','2512975','125129750914444','','1','1',''),
('1788005','2512974','225129740914444','','2','1',''),
('1788005','2512975','225129750914444','','2','1','');
INSERT INTO transfers (from_stop_id,to_stop_id,transfer_type,min_transfer_time) VALUES
('5067579','3909030','2','72'),
('6682629','3909074','2','143'),
('6682629','3909073','2','115'),
('4687367','3909064','2','135'),
('5121422','3909088','2','48'),
('6682592','3909055','2','128'),
('5067579','3909031','2','72'),
('6682592','3909056','2','140'),
('5161454','3909036','2','113'),
('5161454','3909037','2','112'),
('5121423','3909088','2','31'),
('6682600','3909035','2','121'),
('5067590','3909058','2','100'),
('3909046','4458759','2','16'),
('3909045','4458822','2','16'),
('6682600','3909037','2','112'),
('4687365','3909063','2','49'),
('6682600','3909036','2','113'),
('5091957','3909044','2','72'),
('5161454','3909035','2','121'),
('5091957','3909043','2','29'),
('6046792','3909086','2','142'),
('5976707','3909090','2','104'),
('4687377','3909068','2','101'),
('3909036','4473382','2','113'),
('6682584','3909087','2','93'),
('6682581','3909081','2','130'),
('5091961','3909069','2','124'),
('3909041','4458825','2','112'),
('5121446','3909075','2','98'),
('6682628','3909075','2','47'),
('3909040','4473384','2','125'),
('5091961','3909068','2','92'),
('5121424','3909075','2','143'),
('6682628','3909074','2','117'),
('3909041','4458824','2','17'),
('6682614','3909095','2','118'),
('6682584','3909073','2','99'),
('6682629','3909087','2','96'),
('6682632','3909083','2','123'),
('4687359','3909047','2','53'),
('6682584','3909074','2','135'),
('6682632','3909082','2','123'),
('3909031','4473419','2','79'),
('3909052','3619157','2','52'),
('6682632','3909081','2','135'),
('3909052','3619158','2','7'),
('5423677','3909090','2','104'),
('6682588','3909068','2','66'),
('3909049','3619158','2','60'),
('4687364','3909061','2','57'),
('5091960','3909068','2','64'),
('6682625','3909089','2','101'),
('5976754','3909090','2','126'),
('6682618','3909051','2','63'),
('5091960','3909069','2','122'),
('6682630','3909085','2','134'),
('4687369','3909069','2','66'),
('6682619','3909049','2','60'),
('6682619','3909048','2','60'),
('5067448','3909068','2','101'),
('3909037','4473382','2','112'),
('5478232','3909062','2','144'),
('5423724','3909058','2','134'),
('4687374','3909075','2','98'),
('3909040','4458755','2','104'),
('5067616','3909090','2','126'),
('4687366','3909062','2','49'),
('3909082','5121819','2','39'),
('5067418','3909075','2','98'),
('4687350','3909031','2','126'),
('4687350','3909030','2','126'),
('6046783','3909058','2','87'),
('3909030','5151480','2','126'),
('4687358','3909047','2','111'),
('6046785','3909062','2','130'),
('5121449','3909090','2','126'),
('3909038','4473381','2','112'),
('5121447','3909068','2','101'),
('6682599','3909095','2','136'),
('3909047','4458821','2','49'),
('6046791','3909086','2','124'),
('5067432','3909088','2','31'),
('3909044','4458758','2','100'),
('3909031','4473370','2','64'),
('6682631','3909081','2','119'),
('5121448','3909062','2','144'),
('6682589','3909064','2','136'),
('5067486','3909075','2','143'),
('6046784','3909090','2','101'),
('3909043','4458823','2','100'),
('4687361','3909094','2','141'),
('3909083','5121819','2','39'),
('3909090','5151528','2','104'),
('5091960','3909089','2','104'),
('4687368','3909064','2','136'),
('6682598','3909043','2','29'),
('6682625','3909069','2','66'),
('6682598','3909044','2','72'),
('4687360','3909047','2','49'),
('4687362','3909055','2','128'),
('6682621','3909094','2','141'),
('4687362','3909056','2','140'),
('6682590','3909062','2','49'),
('6682594','3909051','2','127'),
('6682591','3909061','2','57'),
('3909050','3619159','2','52'),
('5121419','3909058','2','100'),
('5067590','3909090','2','104'),
('4687373','3909075','2','143'),
('6682585','3909088','2','38'),
('3909040','4458825','2','48'),
('5976707','3909058','2','100'),
('6682594','3909052','2','52'),
('3909088','3682003','2','31'),
('4687370','3909068','2','66'),
('3909040','4458826','2','125'),
('6682613','3909037','2','79'),
('5976753','3909062','2','144'),
('6682587','3909068','2','101'),
('5976754','3909058','2','134'),
('4687371','3909088','2','48'),
('3909030','4473419','2','79'),
('3909030','4473370','2','64'),
('3909050','3619162','2','132'),
('6682624','3909064','2','135'),
('3909062','5151463','2','144'),
('3909048','3619158','2','60'),
('3909082','5121846','2','22'),
('6682613','3909038','2','93'),
('3909051','3619157','2','127'),
('3909051','3619159','2','64'),
('3909051','3619158','2','117'),
('5423677','3909058','2','100'),
('3909083','5121846','2','22'),
('3909090','5151464','2','126'),
('5121449','3909058','2','134'),
('6682623','3909063','2','49'),
('3909040','4473417','2','104'),
('5121419','3909090','2','104'),
('6046783','3909090','2','78'),
('5121026','3909083','2','22'),
('3909051','3619160','2','63'),
('5121026','3909082','2','22'),
('3909035','4473382','2','121'),
('6682595','3909050','2','52'),
('3909047','3619156','2','24'),
('6682595','3909051','2','64'),
('6682619','3909052','2','7'),
('5423724','3909090','2','126'),
('6682619','3909051','2','117'),
('5067616','3909058','2','134'),
('6682626','3909088','2','48'),
('6682586','3909088','2','31'),
('5121025','3909082','2','39'),
('6682617','3909050','2','132'),
('5161453','3909038','2','93'),
('5161453','3909037','2','79'),
('5121025','3909083','2','39'),
('3909047','5151527','2','111'),
('3909058','5151464','2','134'),
('3909047','4458760','2','53'),
('5091956','3909043','2','118'),
('3909047','5151471','2','49'),
('5091956','3909044','2','47'),
('3909047','5151472','2','53'),
('5423723','3909062','2','144'),
('4687361','3909054','2','37'),
('3909088','3681977','2','48'),
('6682585','3909073','2','139'),
('6682585','3909072','2','98'),
('5067447','3909088','2','48'),
('3909058','5151528','2','100'),
('6682627','3909075','2','116'),
('6682621','3909054','2','37'),
('4687369','3909089','2','101'),
('4687372','3909088','2','31'),
('6046784','3909058','2','111'),
('6682615','3909043','2','118'),
('6682615','3909044','2','47'),
('6682620','3909047','2','24'),
('3909031','5151480','2','126');
INSERT INTO stops (stop_id,stop_code,stop_name,stop_desc,stop_lat,stop_lon,location_type,parent_station) VALUES
('3909050','','PLACE HUNEBELLE','FACE 3 BIS PLACE JULES HUNEBELLE - 92023','48.800224844496384','2.2607792074492186','0',''),
('3909051','','PLACE HUNEBELLE','5 AV RENE SAMUEL - 92023','48.800387216576084','2.261704132854432','0',''),
('3909052','','MAIRIE DE CLAMART.','5-7 RUE DE L''EGLISE - 92023','48.79965105309125','2.263038510424508','0',''),
('3909053','','RUE DE BIEVRES','12 R DE BIEVRES - 92023','48.799059201674176','2.2652297633702143','0',''),
('3909054','','PLESSIS - PIQUET','31 AVENUE JEAN-BAPTISTE CLEMENT - 92023','48.798251895627835','2.267924633680625','0',''),
('3909055','','PIERRE CORBY - FONTENAY','FACE 23 R DE FONTENAY - 92023','48.79935797531224','2.268916328451905','0',''),
('3909056','','RUE DE FONTENAY','28 R DE FONTENAY - 92023','48.798046385164035','2.270033643771329','0',''),
('3909057','','GYMNASE DU FORT','R DE FONTENAY - 92023','48.796709488138966','2.274225528269871','0',''),
('3909058','','LYCEE MONOD','R DU FORT - 92023','48.79553103117235','2.272281574187103','0',''),
('3909059','','CIMETIERE COMMUNAL','21 AV DU BOIS TARDIEU - 92023','48.79454945481186','2.268895448592614','0',''),
('3909049','','MAIRIE DE CLAMART','FACE 13 RUE DU TROSY - 92023','48.80004684776907','2.263568550303808','0',''),
('3909097','','FLEURY - TRICOTS','19-25 R DE FLEURY - 92023','48.81354997106419','2.269373953742574','0',''),
('3909096','','RUE DES TRICOTS','FACE 9-7 R DES TRICOTS - 92023','48.81119355689315','2.266587355554653','0',''),
('3909091','','SAVOIE','99 R PAUL PADE - 92023','48.798408679390626','2.275148594939841','0',''),
('3909090','','LYCEE MONOD','FACE 46 R DU FORT - 92020','48.79550425281417','2.2726217096903243','0',''),
('3909095','','JEAN GEORGET','30 BIS R JEAN GEORGET - 92023','48.808437253531984','2.257052270478873','0',''),
('3909094','','SAINT-CHRISTOPHE','FACE 12 R SAINT-CHRISTOPHE - 92023','48.79930255166837','2.266358647140747','0',''),
('3909093','','PIERRE CORBY','3 R PIERRE CORBY - 92023','48.80006783452057','2.2686024728548237','0',''),
('3909092','','PAUL PADE','39 R PAUL PADE - 92023','48.79923350427697','2.2713245874167525','0',''),
('3909061','','CIMETIERE DE CLAMART','FACE 103 AVENUE JEAN-BAPTISTE CLEMENT - 92023','48.79375678857883','2.2659445058349594','0',''),
('3909062','','SOLEIL LEVANT','AVENUE JEAN-BAPTISTE CLEMENT - 92023','48.79165184188213','2.2630363387405126','0',''),
('3909060','','CIMETIERE COMMUNAL','AV DU BOIS TARDIEU - 92023','48.79437854419','2.2686508054304064','0',''),
('3909065','','GYMNASE DU JARDIN PARISIEN','R DE CROUY - 92023','48.79273674292132','2.2589265745418308','0',''),
('3909066','','RUE DU PARC','76 BIS R DU PARC - 92023','48.79231208036079','2.2556080229887487','0',''),
('3909063','','SOLEIL LEVANT','FACE 138 AVENUE JEAN-BAPTISTE CLEMENT - 92023','48.791769140552354','2.2637707386635664','0',''),
('3909064','','GYMNASE DU JARDIN PARISIEN','R DU PARC - 92023','48.79225151315278','2.2591041483824275','0',''),
('3909069','','JARDIN PARISIEN - HOPITAL ANTOINE BECLERE','145 RUE DE LA PORTE DE TRIVAUX - 92023','48.78997427565056','2.254237832172685','0',''),
('3909067','','RUE DU PARC','73 R DU PARC - 92023','48.79224036364236','2.2558802002909437','0',''),
('3909068','','JARDIN PARISIEN - HOPITAL ANTOINE BECLERE','RUE DE LA PORTE DE TRIVAUX - 92023','48.78988368983829','2.253231383781296','0',''),
('3909034','','GYMNASE CONDORCET','81 R CONDORCET - 92023','48.81173960547065','2.2629667949093544','0',''),
('3909035','','PONT D''AMOUR - HOPITAL PERCY','FACE 25 R DU PONT D''AMOUR - 92023','48.81269830751238','2.25832489452084','0',''),
('3909036','','PONT D''AMOUR - HOPITAL PERCY','23 R DU PONT D''AMOUR - 92023','48.81260854724898','2.258501942338852','0',''),
('3909037','','FLEURY','FACE 135 RUE DE FLEURY - 92023','48.810711149694555','2.2570351494168617','0',''),
('3909030','','GARE DE CLAMART','RUE DE FLEURY - 92023','48.81391095719406','2.2720136091014633','0',''),
('3909031','','GARE DE CLAMART','RUE DE FLEURY - 92023','48.81391095719406','2.2720136091014633','0',''),
('3909032','','CENTRE D''ARTS PLASTIQUES - ALBERT CHANOT','33 R BRISSARD - 92023','48.81260443153199','2.266245220877003','0',''),
('3909033','','GYMNASE CONDORCET','FACE 75 R CONDORCET - 92023','48.81153343598869','2.2638516282691494','0',''),
('3909079','','MAISON DE QUARTIER DU PETIT CLAMART','41 R DU COMMANDANT DUVAL - 92023','48.7806549987283','2.2329684194167303','0',''),
('3909078','','REPUBLIQUE','41 AV DE LA REPUBLIQUE - 92023','48.7822469119877','2.2341620774303825','0',''),
('3909077','','REPUBLIQUE','54 R DANTON - 92023','48.78258847798476','2.234188600918894','0',''),
('3909076','','CRECHE DE NORMANDIE','48 RUE DE NORMANDIE - 92023','48.78349096523256','2.2385391109424915','0',''),
('3909075','','ILE DE FRANCE','36 R DE NORMANDIE - 92023','48.784590006297655','2.241610899461307','0',''),
('3909074','','CITE DE LA PLAINE','9-11 R DE L''ILE DE FRANCE - 92023','48.78457401646347','2.244113553792332','0',''),
('3909073','','PARC AUZELLE','R DE CHAMPAGNE - 92023','48.78482676766341','2.2455140332153407','0',''),
('3909072','','PARC AUZELLE','R DE CHAMPAGNE - 92023','48.78533970695105','2.246329212544745','0',''),
('3909071','','CHAMPAGNE','9 R DE CHAMPAGNE - 92023','48.78771515161466','2.2498343812150767','0',''),
('3909070','','CHAMPAGNE','FACE 13 R DE CHAMPAGNE - 92023','48.787319542834304','2.249644619934298','0',''),
('3909040','','HOPITAL SAINTE-EMILIE','FACE 80 RUE ADOLPHE SCHNEIDER - 92023','48.8075885996782','2.2515970744570666','0',''),
('3909047','','MARCHE DE CLAMART','FACE 28 RUE PIERRE ET MARIE CURIE - 92023','48.80154891433794','2.2653623664378313','0',''),
('3909048','','MAIRIE DE CLAMART','FACE 13 RUE DU TROSY - 92023','48.80004684776907','2.263568550303808','0',''),
('3909045','','TROSY','49 RUE PAUL VAILLANT COUTURIER - 92023','48.80301203152402','2.262285373618592','0',''),
('3909046','','TROSY','28-30 RUE PAUL VAILLANT COUTURIER - 92023','48.803066103925985','2.26251659861195','0',''),
('3909043','','MARQUIS','3 RUE PAUL VAILLANT COUTURIER - 92023','48.80487085105687','2.2596974477375436','0',''),
('3909044','','MARQUIS','6-8 AVENUE ADOLPHE SCHNEIDER - 92023','48.80554418557914','2.258553478025072','0',''),
('3909041','','VALLEE DU BOIS','41-43 AVENUE ADOLPHE SCHNEIDER - 92023','48.80690705621798','2.2537481161675283','0',''),
('3909042','','VALLEE DU BOIS','FACE 1 R FOURNIER - 92023','48.80627981730796','2.2565113270194685','0',''),
('3909089','','EUGENE BEAUJARD','169 RUE DE LA PORTE DE TRIVAUX - 92023','48.78926265301571','2.2520081681720394','0',''),
('3909086','','BRETAGNE','19 R DE BRETAGNE - 92023','48.782143736790886','2.2397113217399625','0',''),
('3909085','','VOLTAIRE','11 R VOLTAIRE - 92023','48.781467960312966','2.2376861296997754','0',''),
('3909039','','VALLEE DU BOIS - LILY','FACE 46 R DE LA VALLEE DU BOIS - 92023','48.808840591671526','2.255418738098654','0',''),
('3909088','','CIMETIERE INTERCOMMUNAL','R DE PROVENCE - 92023','48.78656178483337','2.245959826099128','0',''),
('3909038','','FLEURY','90 AVENUE HENRI BARBUSSE - 92023','48.81148493414833','2.2582859145650356','0',''),
('3909087','','PLACE AIME CESAIRE','3 R DE BRETAGNE - 92023','48.78407097846272','2.244481685277178','0',''),
('3909082','','MAISON DE QUARTIER - ANDRE CHARRE','76 R DE LA GAITE - 92023','48.777812233827','2.2300910420566633','0',''),
('3909081','','GAITE','40 R DE LA GAITE - 92023','48.77883012877619','2.232618490241656','0',''),
('3909084','','PASTEUR','5-7 R PASTEUR - 92023','48.77996063095976','2.2303858102724794','0',''),
('3909083','','MAISON DE QUARTIER - ANDRE CHARRE','76 R DE LA GAITE - 92023','48.777812233827','2.2300910420566633','0',''),
('3909080','','MAISON DE QUARTIER DU PETIT CLAMART','R DE LA BOURCILLIERE - 92023','48.780618867791894','2.232764489123585','0','');
