INSERT INTO stop_times (trip_id,arrival_time,departure_time,stop_id,stop_sequence,stop_headsign,shape_dist_traveled) VALUES
('124987190943835','00:30:00','00:30:00','4035021','1','',''),
('124987190943835','00:34:00','00:34:00','4035023','2','',''),
('124987190943835','00:35:00','00:35:00','4035025','3','',''),
('124987190943835','00:38:00','00:38:00','4035027','4','',''),
('124987190943835','00:40:00','00:40:00','4035029','5','',''),
('124987190943835','00:45:00','00:45:00','4035031','6','',''),
('124987190943835','00:59:00','00:59:00','4035033','7','',''),
('124987190943835','01:02:00','01:02:00','4035035','8','',''),
('124987190943835','01:05:00','01:05:00','4035036','9','',''),
('124987190943835','01:10:00','01:10:00','4035038','10','',''),
('125410630943835','00:30:00','00:30:00','4035021','1','',''),
('125410630943835','00:34:00','00:34:00','4035023','2','',''),
('125410630943835','00:35:00','00:35:00','4035025','3','',''),
('125410630943835','00:38:00','00:38:00','4035027','4','',''),
('125410630943835','00:40:00','00:40:00','4035029','5','',''),
('125410630943835','00:45:00','00:45:00','4035031','6','',''),
('125410630943835','00:59:00','00:59:00','4035033','7','',''),
('125410630943835','01:02:00','01:02:00','4035035','8','',''),
('125410630943835','01:05:00','01:05:00','4035036','9','',''),
('125410630943835','01:10:00','01:10:00','4035038','10','',''),
('125410640943835','00:30:00','00:30:00','4035021','1','',''),
('125410640943835','00:34:00','00:34:00','4035023','2','',''),
('125410640943835','00:35:00','00:35:00','4035025','3','',''),
('125410640943835','00:38:00','00:38:00','4035027','4','',''),
('125410640943835','00:40:00','00:40:00','4035029','5','',''),
('125410640943835','00:45:00','00:45:00','4035031','6','',''),
('125410640943835','00:59:00','00:59:00','4035033','7','',''),
('125410640943835','01:02:00','01:02:00','4035035','8','',''),
('125410640943835','01:05:00','01:05:00','4035036','9','',''),
('125410640943835','01:10:00','01:10:00','4035038','10','',''),
('125410650943835','00:30:00','00:30:00','4035021','1','',''),
('125410650943835','00:34:00','00:34:00','4035023','2','',''),
('125410650943835','00:35:00','00:35:00','4035025','3','',''),
('125410650943835','00:38:00','00:38:00','4035027','4','',''),
('125410650943835','00:40:00','00:40:00','4035029','5','',''),
('125410650943835','00:45:00','00:45:00','4035031','6','',''),
('125410650943835','00:59:00','00:59:00','4035033','7','',''),
('125410650943835','01:03:00','01:03:00','4035035','8','',''),
('125410650943835','01:08:00','01:08:00','4035036','9','',''),
('125410650943835','01:14:00','01:14:00','4035038','10','',''),
('224987190943835','01:25:00','01:25:00','4035021','1','',''),
('224987190943835','01:29:00','01:29:00','4035023','2','',''),
('224987190943835','01:30:00','01:30:00','4035025','3','',''),
('224987190943835','01:33:00','01:33:00','4035027','4','',''),
('224987190943835','01:35:00','01:35:00','4035029','5','',''),
('224987190943835','01:40:00','01:40:00','4035031','6','',''),
('224987190943835','01:54:00','01:54:00','4035033','7','',''),
('224987190943835','01:57:00','01:57:00','4035035','8','',''),
('224987190943835','02:00:00','02:00:00','4035036','9','',''),
('224987190943835','02:05:00','02:05:00','4035038','10','',''),
('225410630943835','01:25:00','01:25:00','4035021','1','',''),
('225410630943835','01:29:00','01:29:00','4035023','2','',''),
('225410630943835','01:30:00','01:30:00','4035025','3','',''),
('225410630943835','01:33:00','01:33:00','4035027','4','',''),
('225410630943835','01:35:00','01:35:00','4035029','5','',''),
('225410630943835','01:40:00','01:40:00','4035031','6','',''),
('225410630943835','01:54:00','01:54:00','4035033','7','',''),
('225410630943835','01:57:00','01:57:00','4035035','8','',''),
('225410630943835','02:00:00','02:00:00','4035036','9','',''),
('225410630943835','02:05:00','02:05:00','4035038','10','',''),
('225410640943835','01:25:00','01:25:00','4035021','1','',''),
('225410640943835','01:29:00','01:29:00','4035023','2','',''),
('225410640943835','01:30:00','01:30:00','4035025','3','',''),
('225410640943835','01:33:00','01:33:00','4035027','4','',''),
('225410640943835','01:35:00','01:35:00','4035029','5','',''),
('225410640943835','01:40:00','01:40:00','4035031','6','',''),
('225410640943835','01:54:00','01:54:00','4035033','7','',''),
('225410640943835','01:57:00','01:57:00','4035035','8','',''),
('225410640943835','02:00:00','02:00:00','4035036','9','',''),
('225410640943835','02:05:00','02:05:00','4035038','10','',''),
('225410650943835','01:25:00','01:25:00','4035021','1','',''),
('225410650943835','01:29:00','01:29:00','4035023','2','',''),
('225410650943835','01:30:00','01:30:00','4035025','3','',''),
('225410650943835','01:33:00','01:33:00','4035027','4','',''),
('225410650943835','01:35:00','01:35:00','4035029','5','',''),
('225410650943835','01:40:00','01:40:00','4035031','6','',''),
('225410650943835','01:54:00','01:54:00','4035033','7','',''),
('225410650943835','01:58:00','01:58:00','4035035','8','',''),
('225410650943835','02:03:00','02:03:00','4035036','9','',''),
('225410650943835','02:09:00','02:09:00','4035038','10','',''),
('324987190943835','02:25:00','02:25:00','4035021','1','',''),
('324987190943835','02:29:00','02:29:00','4035023','2','',''),
('324987190943835','02:30:00','02:30:00','4035025','3','',''),
('324987190943835','02:33:00','02:33:00','4035027','4','',''),
('324987190943835','02:35:00','02:35:00','4035029','5','',''),
('324987190943835','02:40:00','02:40:00','4035031','6','',''),
('324987190943835','02:54:00','02:54:00','4035033','7','',''),
('324987190943835','02:57:00','02:57:00','4035035','8','',''),
('324987190943835','03:00:00','03:00:00','4035036','9','',''),
('324987190943835','03:05:00','03:05:00','4035038','10','',''),
('325410630943835','02:25:00','02:25:00','4035021','1','',''),
('325410630943835','02:29:00','02:29:00','4035023','2','',''),
('325410630943835','02:30:00','02:30:00','4035025','3','',''),
('325410630943835','02:33:00','02:33:00','4035027','4','',''),
('325410630943835','02:35:00','02:35:00','4035029','5','',''),
('325410630943835','02:40:00','02:40:00','4035031','6','',''),
('325410630943835','02:54:00','02:54:00','4035033','7','',''),
('325410630943835','02:57:00','02:57:00','4035035','8','',''),
('325410630943835','03:00:00','03:00:00','4035036','9','',''),
('325410630943835','03:05:00','03:05:00','4035038','10','',''),
('325410640943835','02:25:00','02:25:00','4035021','1','',''),
('325410640943835','02:29:00','02:29:00','4035023','2','',''),
('325410640943835','02:30:00','02:30:00','4035025','3','',''),
('325410640943835','02:33:00','02:33:00','4035027','4','',''),
('325410640943835','02:35:00','02:35:00','4035029','5','',''),
('325410640943835','02:40:00','02:40:00','4035031','6','',''),
('325410640943835','02:54:00','02:54:00','4035033','7','',''),
('325410640943835','02:57:00','02:57:00','4035035','8','',''),
('325410640943835','03:00:00','03:00:00','4035036','9','',''),
('325410640943835','03:05:00','03:05:00','4035038','10','',''),
('325410650943835','02:25:00','02:25:00','4035021','1','',''),
('325410650943835','02:29:00','02:29:00','4035023','2','',''),
('325410650943835','02:30:00','02:30:00','4035025','3','',''),
('325410650943835','02:33:00','02:33:00','4035027','4','',''),
('325410650943835','02:35:00','02:35:00','4035029','5','',''),
('325410650943835','02:40:00','02:40:00','4035031','6','',''),
('325410650943835','02:54:00','02:54:00','4035033','7','',''),
('325410650943835','02:58:00','02:58:00','4035035','8','',''),
('325410650943835','03:03:00','03:03:00','4035036','9','',''),
('325410650943835','03:09:00','03:09:00','4035038','10','',''),
('424987190943835','03:25:00','03:25:00','4035021','1','',''),
('424987190943835','03:29:00','03:29:00','4035023','2','',''),
('424987190943835','03:30:00','03:30:00','4035025','3','',''),
('424987190943835','03:33:00','03:33:00','4035027','4','',''),
('424987190943835','03:35:00','03:35:00','4035029','5','',''),
('424987190943835','03:39:00','03:39:00','4035031','6','',''),
('424987190943835','03:52:00','03:52:00','4035033','7','',''),
('424987190943835','03:55:00','03:55:00','4035035','8','',''),
('424987190943835','03:58:00','03:58:00','4035036','9','',''),
('424987190943835','04:03:00','04:03:00','4035038','10','',''),
('425410630943835','03:25:00','03:25:00','4035021','1','',''),
('425410630943835','03:29:00','03:29:00','4035023','2','',''),
('425410630943835','03:30:00','03:30:00','4035025','3','',''),
('425410630943835','03:33:00','03:33:00','4035027','4','',''),
('425410630943835','03:35:00','03:35:00','4035029','5','',''),
('425410630943835','03:39:00','03:39:00','4035031','6','',''),
('425410630943835','03:52:00','03:52:00','4035033','7','',''),
('425410630943835','03:55:00','03:55:00','4035035','8','',''),
('425410630943835','03:58:00','03:58:00','4035036','9','',''),
('425410630943835','04:03:00','04:03:00','4035038','10','',''),
('425410640943835','03:25:00','03:25:00','4035021','1','',''),
('425410640943835','03:29:00','03:29:00','4035023','2','',''),
('425410640943835','03:30:00','03:30:00','4035025','3','',''),
('425410640943835','03:33:00','03:33:00','4035027','4','',''),
('425410640943835','03:35:00','03:35:00','4035029','5','',''),
('425410640943835','03:39:00','03:39:00','4035031','6','',''),
('425410640943835','03:52:00','03:52:00','4035033','7','',''),
('425410640943835','03:55:00','03:55:00','4035035','8','',''),
('425410640943835','03:58:00','03:58:00','4035036','9','',''),
('425410640943835','04:03:00','04:03:00','4035038','10','',''),
('425410650943835','03:25:00','03:25:00','4035021','1','',''),
('425410650943835','03:29:00','03:29:00','4035023','2','',''),
('425410650943835','03:30:00','03:30:00','4035025','3','',''),
('425410650943835','03:33:00','03:33:00','4035027','4','',''),
('425410650943835','03:35:00','03:35:00','4035029','5','',''),
('425410650943835','03:39:00','03:39:00','4035031','6','',''),
('425410650943835','03:52:00','03:52:00','4035033','7','',''),
('425410650943835','03:56:00','03:56:00','4035035','8','',''),
('425410650943835','04:00:00','04:00:00','4035036','9','',''),
('425410650943835','04:05:00','04:05:00','4035038','10','',''),
('524987190943835','04:25:00','04:25:00','4035021','1','',''),
('524987190943835','04:29:00','04:29:00','4035023','2','',''),
('524987190943835','04:30:00','04:30:00','4035025','3','',''),
('524987190943835','04:33:00','04:33:00','4035027','4','',''),
('524987190943835','04:35:00','04:35:00','4035029','5','',''),
('524987190943835','04:39:00','04:39:00','4035031','6','',''),
('524987190943835','04:52:00','04:52:00','4035033','7','',''),
('524987190943835','04:55:00','04:55:00','4035035','8','',''),
('524987190943835','04:58:00','04:58:00','4035036','9','',''),
('524987190943835','05:03:00','05:03:00','4035038','10','',''),
('525410630943835','04:25:00','04:25:00','4035021','1','',''),
('525410630943835','04:29:00','04:29:00','4035023','2','',''),
('525410630943835','04:30:00','04:30:00','4035025','3','',''),
('525410630943835','04:33:00','04:33:00','4035027','4','',''),
('525410630943835','04:35:00','04:35:00','4035029','5','',''),
('525410630943835','04:39:00','04:39:00','4035031','6','',''),
('525410630943835','04:52:00','04:52:00','4035033','7','',''),
('525410630943835','04:55:00','04:55:00','4035035','8','',''),
('525410630943835','04:58:00','04:58:00','4035036','9','',''),
('525410630943835','05:03:00','05:03:00','4035038','10','',''),
('525410640943835','04:25:00','04:25:00','4035021','1','',''),
('525410640943835','04:29:00','04:29:00','4035023','2','',''),
('525410640943835','04:30:00','04:30:00','4035025','3','',''),
('525410640943835','04:33:00','04:33:00','4035027','4','',''),
('525410640943835','04:35:00','04:35:00','4035029','5','',''),
('525410640943835','04:39:00','04:39:00','4035031','6','',''),
('525410640943835','04:52:00','04:52:00','4035033','7','',''),
('525410640943835','04:55:00','04:55:00','4035035','8','',''),
('525410640943835','04:58:00','04:58:00','4035036','9','',''),
('525410640943835','05:03:00','05:03:00','4035038','10','',''),
('525410650943835','04:25:00','04:25:00','4035021','1','',''),
('525410650943835','04:29:00','04:29:00','4035023','2','',''),
('525410650943835','04:30:00','04:30:00','4035025','3','',''),
('525410650943835','04:33:00','04:33:00','4035027','4','',''),
('525410650943835','04:35:00','04:35:00','4035029','5','',''),
('525410650943835','04:39:00','04:39:00','4035031','6','',''),
('525410650943835','04:52:00','04:52:00','4035033','7','',''),
('525410650943835','04:56:00','04:56:00','4035035','8','',''),
('525410650943835','05:00:00','05:00:00','4035036','9','',''),
('525410650943835','05:05:00','05:05:00','4035038','10','',''),
('624987190943835','05:30:00','05:30:00','4035021','1','',''),
('624987190943835','05:34:00','05:34:00','4035023','2','',''),
('624987190943835','05:35:00','05:35:00','4035025','3','',''),
('624987190943835','05:38:00','05:38:00','4035027','4','',''),
('624987190943835','05:40:00','05:40:00','4035029','5','',''),
('624987190943835','05:44:00','05:44:00','4035031','6','',''),
('624987190943835','05:57:00','05:57:00','4035033','7','',''),
('624987190943835','06:00:00','06:00:00','4035035','8','',''),
('624987190943835','06:03:00','06:03:00','4035036','9','',''),
('624987190943835','06:08:00','06:08:00','4035038','10','',''),
('625410630943835','05:30:00','05:30:00','4035021','1','',''),
('625410630943835','05:34:00','05:34:00','4035023','2','',''),
('625410630943835','05:35:00','05:35:00','4035025','3','',''),
('625410630943835','05:38:00','05:38:00','4035027','4','',''),
('625410630943835','05:40:00','05:40:00','4035029','5','',''),
('625410630943835','05:44:00','05:44:00','4035031','6','',''),
('625410630943835','05:57:00','05:57:00','4035033','7','',''),
('625410630943835','06:00:00','06:00:00','4035035','8','',''),
('625410630943835','06:03:00','06:03:00','4035036','9','',''),
('625410630943835','06:08:00','06:08:00','4035038','10','',''),
('625410640943835','05:30:00','05:30:00','4035021','1','',''),
('625410640943835','05:34:00','05:34:00','4035023','2','',''),
('625410640943835','05:35:00','05:35:00','4035025','3','',''),
('625410640943835','05:38:00','05:38:00','4035027','4','',''),
('625410640943835','05:40:00','05:40:00','4035029','5','',''),
('625410640943835','05:44:00','05:44:00','4035031','6','',''),
('625410640943835','05:57:00','05:57:00','4035033','7','',''),
('625410640943835','06:00:00','06:00:00','4035035','8','',''),
('625410640943835','06:03:00','06:03:00','4035036','9','',''),
('625410640943835','06:08:00','06:08:00','4035038','10','',''),
('625410650943835','05:30:00','05:30:00','4035021','1','',''),
('625410650943835','05:34:00','05:34:00','4035023','2','',''),
('625410650943835','05:35:00','05:35:00','4035025','3','',''),
('625410650943835','05:38:00','05:38:00','4035027','4','',''),
('625410650943835','05:40:00','05:40:00','4035029','5','',''),
('625410650943835','05:44:00','05:44:00','4035031','6','',''),
('625410650943835','05:57:00','05:57:00','4035033','7','',''),
('625410650943835','06:01:00','06:01:00','4035035','8','',''),
('625410650943835','06:05:00','06:05:00','4035036','9','',''),
('625410650943835','06:10:00','06:10:00','4035038','10','',''),
('124987190943836','00:30:00','00:30:00','4035039','1','',''),
('124987190943836','00:37:00','00:37:00','4035037','2','',''),
('124987190943836','00:41:00','00:41:00','4035040','3','',''),
('124987190943836','00:46:00','00:46:00','4035034','4','',''),
('124987190943836','01:00:00','01:00:00','4035032','5','',''),
('124987190943836','01:05:00','01:05:00','4035030','6','',''),
('124987190943836','01:07:00','01:07:00','4035028','7','',''),
('124987190943836','01:11:00','01:11:00','4035026','8','',''),
('124987190943836','01:13:00','01:13:00','4035024','9','',''),
('124987190943836','01:18:00','01:18:00','4035022','10','',''),
('125410630943836','00:30:00','00:30:00','4035039','1','',''),
('125410630943836','00:37:00','00:37:00','4035037','2','',''),
('125410630943836','00:41:00','00:41:00','4035040','3','',''),
('125410630943836','00:46:00','00:46:00','4035034','4','',''),
('125410630943836','01:00:00','01:00:00','4035032','5','',''),
('125410630943836','01:05:00','01:05:00','4035030','6','',''),
('125410630943836','01:07:00','01:07:00','4035028','7','',''),
('125410630943836','01:11:00','01:11:00','4035026','8','',''),
('125410630943836','01:13:00','01:13:00','4035024','9','',''),
('125410630943836','01:18:00','01:18:00','4035022','10','',''),
('125410640943836','00:30:00','00:30:00','4035039','1','',''),
('125410640943836','00:37:00','00:37:00','4035037','2','',''),
('125410640943836','00:41:00','00:41:00','4035040','3','',''),
('125410640943836','00:46:00','00:46:00','4035034','4','',''),
('125410640943836','01:00:00','01:00:00','4035032','5','',''),
('125410640943836','01:05:00','01:05:00','4035030','6','',''),
('125410640943836','01:07:00','01:07:00','4035028','7','',''),
('125410640943836','01:11:00','01:11:00','4035026','8','',''),
('125410640943836','01:13:00','01:13:00','4035024','9','',''),
('125410640943836','01:18:00','01:18:00','4035022','10','',''),
('125410650943836','00:30:00','00:30:00','4035039','1','',''),
('125410650943836','00:38:00','00:38:00','4035037','2','',''),
('125410650943836','00:43:00','00:43:00','4035040','3','',''),
('125410650943836','00:48:00','00:48:00','4035034','4','',''),
('125410650943836','01:02:00','01:02:00','4035032','5','',''),
('125410650943836','01:07:00','01:07:00','4035030','6','',''),
('125410650943836','01:09:00','01:09:00','4035028','7','',''),
('125410650943836','01:13:00','01:13:00','4035026','8','',''),
('125410650943836','01:15:00','01:15:00','4035024','9','',''),
('125410650943836','01:20:00','01:20:00','4035022','10','',''),
('224987190943836','01:30:00','01:30:00','4035039','1','',''),
('224987190943836','01:37:00','01:37:00','4035037','2','',''),
('224987190943836','01:41:00','01:41:00','4035040','3','',''),
('224987190943836','01:46:00','01:46:00','4035034','4','',''),
('224987190943836','02:00:00','02:00:00','4035032','5','',''),
('224987190943836','02:05:00','02:05:00','4035030','6','',''),
('224987190943836','02:07:00','02:07:00','4035028','7','',''),
('224987190943836','02:11:00','02:11:00','4035026','8','',''),
('224987190943836','02:13:00','02:13:00','4035024','9','',''),
('224987190943836','02:18:00','02:18:00','4035022','10','',''),
('225410630943836','01:30:00','01:30:00','4035039','1','',''),
('225410630943836','01:37:00','01:37:00','4035037','2','',''),
('225410630943836','01:41:00','01:41:00','4035040','3','',''),
('225410630943836','01:46:00','01:46:00','4035034','4','',''),
('225410630943836','02:00:00','02:00:00','4035032','5','',''),
('225410630943836','02:05:00','02:05:00','4035030','6','',''),
('225410630943836','02:07:00','02:07:00','4035028','7','',''),
('225410630943836','02:11:00','02:11:00','4035026','8','',''),
('225410630943836','02:13:00','02:13:00','4035024','9','',''),
('225410630943836','02:18:00','02:18:00','4035022','10','',''),
('225410640943836','01:30:00','01:30:00','4035039','1','',''),
('225410640943836','01:37:00','01:37:00','4035037','2','',''),
('225410640943836','01:41:00','01:41:00','4035040','3','',''),
('225410640943836','01:46:00','01:46:00','4035034','4','',''),
('225410640943836','02:00:00','02:00:00','4035032','5','',''),
('225410640943836','02:05:00','02:05:00','4035030','6','',''),
('225410640943836','02:07:00','02:07:00','4035028','7','',''),
('225410640943836','02:11:00','02:11:00','4035026','8','',''),
('225410640943836','02:13:00','02:13:00','4035024','9','',''),
('225410640943836','02:18:00','02:18:00','4035022','10','',''),
('225410650943836','01:30:00','01:30:00','4035039','1','',''),
('225410650943836','01:38:00','01:38:00','4035037','2','',''),
('225410650943836','01:43:00','01:43:00','4035040','3','',''),
('225410650943836','01:48:00','01:48:00','4035034','4','',''),
('225410650943836','02:02:00','02:02:00','4035032','5','',''),
('225410650943836','02:07:00','02:07:00','4035030','6','',''),
('225410650943836','02:09:00','02:09:00','4035028','7','',''),
('225410650943836','02:13:00','02:13:00','4035026','8','',''),
('225410650943836','02:15:00','02:15:00','4035024','9','',''),
('225410650943836','02:20:00','02:20:00','4035022','10','',''),
('324987190943836','02:30:00','02:30:00','4035039','1','',''),
('324987190943836','02:37:00','02:37:00','4035037','2','',''),
('324987190943836','02:41:00','02:41:00','4035040','3','',''),
('324987190943836','02:46:00','02:46:00','4035034','4','',''),
('324987190943836','03:00:00','03:00:00','4035032','5','',''),
('324987190943836','03:05:00','03:05:00','4035030','6','',''),
('324987190943836','03:07:00','03:07:00','4035028','7','',''),
('324987190943836','03:11:00','03:11:00','4035026','8','',''),
('324987190943836','03:13:00','03:13:00','4035024','9','',''),
('324987190943836','03:18:00','03:18:00','4035022','10','',''),
('325410630943836','02:30:00','02:30:00','4035039','1','',''),
('325410630943836','02:37:00','02:37:00','4035037','2','',''),
('325410630943836','02:41:00','02:41:00','4035040','3','',''),
('325410630943836','02:46:00','02:46:00','4035034','4','',''),
('325410630943836','03:00:00','03:00:00','4035032','5','',''),
('325410630943836','03:05:00','03:05:00','4035030','6','',''),
('325410630943836','03:07:00','03:07:00','4035028','7','',''),
('325410630943836','03:11:00','03:11:00','4035026','8','',''),
('325410630943836','03:13:00','03:13:00','4035024','9','',''),
('325410630943836','03:18:00','03:18:00','4035022','10','',''),
('325410640943836','02:30:00','02:30:00','4035039','1','',''),
('325410640943836','02:37:00','02:37:00','4035037','2','',''),
('325410640943836','02:41:00','02:41:00','4035040','3','',''),
('325410640943836','02:46:00','02:46:00','4035034','4','',''),
('325410640943836','03:00:00','03:00:00','4035032','5','',''),
('325410640943836','03:05:00','03:05:00','4035030','6','',''),
('325410640943836','03:07:00','03:07:00','4035028','7','',''),
('325410640943836','03:11:00','03:11:00','4035026','8','',''),
('325410640943836','03:13:00','03:13:00','4035024','9','',''),
('325410640943836','03:18:00','03:18:00','4035022','10','',''),
('325410650943836','02:30:00','02:30:00','4035039','1','',''),
('325410650943836','02:38:00','02:38:00','4035037','2','',''),
('325410650943836','02:43:00','02:43:00','4035040','3','',''),
('325410650943836','02:48:00','02:48:00','4035034','4','',''),
('325410650943836','03:02:00','03:02:00','4035032','5','',''),
('325410650943836','03:07:00','03:07:00','4035030','6','',''),
('325410650943836','03:09:00','03:09:00','4035028','7','',''),
('325410650943836','03:13:00','03:13:00','4035026','8','',''),
('325410650943836','03:15:00','03:15:00','4035024','9','',''),
('325410650943836','03:20:00','03:20:00','4035022','10','',''),
('424987190943836','03:30:00','03:30:00','4035039','1','',''),
('424987190943836','03:37:00','03:37:00','4035037','2','',''),
('424987190943836','03:41:00','03:41:00','4035040','3','',''),
('424987190943836','03:46:00','03:46:00','4035034','4','',''),
('424987190943836','03:59:00','03:59:00','4035032','5','',''),
('424987190943836','04:04:00','04:04:00','4035030','6','',''),
('424987190943836','04:06:00','04:06:00','4035028','7','',''),
('424987190943836','04:09:00','04:09:00','4035026','8','',''),
('424987190943836','04:11:00','04:11:00','4035024','9','',''),
('424987190943836','04:16:00','04:16:00','4035022','10','',''),
('425410630943836','03:30:00','03:30:00','4035039','1','',''),
('425410630943836','03:37:00','03:37:00','4035037','2','',''),
('425410630943836','03:41:00','03:41:00','4035040','3','',''),
('425410630943836','03:46:00','03:46:00','4035034','4','',''),
('425410630943836','03:59:00','03:59:00','4035032','5','',''),
('425410630943836','04:04:00','04:04:00','4035030','6','',''),
('425410630943836','04:06:00','04:06:00','4035028','7','',''),
('425410630943836','04:09:00','04:09:00','4035026','8','',''),
('425410630943836','04:11:00','04:11:00','4035024','9','',''),
('425410630943836','04:16:00','04:16:00','4035022','10','',''),
('425410640943836','03:30:00','03:30:00','4035039','1','',''),
('425410640943836','03:37:00','03:37:00','4035037','2','',''),
('425410640943836','03:41:00','03:41:00','4035040','3','',''),
('425410640943836','03:46:00','03:46:00','4035034','4','',''),
('425410640943836','03:59:00','03:59:00','4035032','5','',''),
('425410640943836','04:04:00','04:04:00','4035030','6','',''),
('425410640943836','04:06:00','04:06:00','4035028','7','',''),
('425410640943836','04:09:00','04:09:00','4035026','8','',''),
('425410640943836','04:11:00','04:11:00','4035024','9','',''),
('425410640943836','04:16:00','04:16:00','4035022','10','',''),
('425410650943836','03:30:00','03:30:00','4035039','1','',''),
('425410650943836','03:38:00','03:38:00','4035037','2','',''),
('425410650943836','03:43:00','03:43:00','4035040','3','',''),
('425410650943836','03:48:00','03:48:00','4035034','4','',''),
('425410650943836','04:01:00','04:01:00','4035032','5','',''),
('425410650943836','04:06:00','04:06:00','4035030','6','',''),
('425410650943836','04:08:00','04:08:00','4035028','7','',''),
('425410650943836','04:11:00','04:11:00','4035026','8','',''),
('425410650943836','04:13:00','04:13:00','4035024','9','',''),
('425410650943836','04:18:00','04:18:00','4035022','10','',''),
('524987190943836','04:35:00','04:35:00','4035039','1','',''),
('524987190943836','04:42:00','04:42:00','4035037','2','',''),
('524987190943836','04:46:00','04:46:00','4035040','3','',''),
('524987190943836','04:51:00','04:51:00','4035034','4','',''),
('524987190943836','05:04:00','05:04:00','4035032','5','',''),
('524987190943836','05:09:00','05:09:00','4035030','6','',''),
('524987190943836','05:11:00','05:11:00','4035028','7','',''),
('524987190943836','05:14:00','05:14:00','4035026','8','',''),
('524987190943836','05:16:00','05:16:00','4035024','9','',''),
('524987190943836','05:21:00','05:21:00','4035022','10','',''),
('525410630943836','04:35:00','04:35:00','4035039','1','',''),
('525410630943836','04:42:00','04:42:00','4035037','2','',''),
('525410630943836','04:46:00','04:46:00','4035040','3','',''),
('525410630943836','04:51:00','04:51:00','4035034','4','',''),
('525410630943836','05:04:00','05:04:00','4035032','5','',''),
('525410630943836','05:09:00','05:09:00','4035030','6','',''),
('525410630943836','05:11:00','05:11:00','4035028','7','',''),
('525410630943836','05:14:00','05:14:00','4035026','8','',''),
('525410630943836','05:16:00','05:16:00','4035024','9','',''),
('525410630943836','05:21:00','05:21:00','4035022','10','',''),
('525410640943836','04:35:00','04:35:00','4035039','1','',''),
('525410640943836','04:42:00','04:42:00','4035037','2','',''),
('525410640943836','04:46:00','04:46:00','4035040','3','',''),
('525410640943836','04:51:00','04:51:00','4035034','4','',''),
('525410640943836','05:04:00','05:04:00','4035032','5','',''),
('525410640943836','05:09:00','05:09:00','4035030','6','',''),
('525410640943836','05:11:00','05:11:00','4035028','7','',''),
('525410640943836','05:14:00','05:14:00','4035026','8','',''),
('525410640943836','05:16:00','05:16:00','4035024','9','',''),
('525410640943836','05:21:00','05:21:00','4035022','10','',''),
('525410650943836','04:35:00','04:35:00','4035039','1','',''),
('525410650943836','04:43:00','04:43:00','4035037','2','',''),
('525410650943836','04:48:00','04:48:00','4035040','3','',''),
('525410650943836','04:53:00','04:53:00','4035034','4','',''),
('525410650943836','05:06:00','05:06:00','4035032','5','',''),
('525410650943836','05:11:00','05:11:00','4035030','6','',''),
('525410650943836','05:13:00','05:13:00','4035028','7','',''),
('525410650943836','05:16:00','05:16:00','4035026','8','',''),
('525410650943836','05:18:00','05:18:00','4035024','9','',''),
('525410650943836','05:23:00','05:23:00','4035022','10','',''),
('624987190943836','05:35:00','05:35:00','4035039','1','',''),
('624987190943836','05:42:00','05:42:00','4035037','2','',''),
('624987190943836','05:46:00','05:46:00','4035040','3','',''),
('624987190943836','05:51:00','05:51:00','4035034','4','',''),
('624987190943836','06:04:00','06:04:00','4035032','5','',''),
('624987190943836','06:09:00','06:09:00','4035030','6','',''),
('624987190943836','06:11:00','06:11:00','4035028','7','',''),
('624987190943836','06:14:00','06:14:00','4035026','8','',''),
('624987190943836','06:16:00','06:16:00','4035024','9','',''),
('624987190943836','06:21:00','06:21:00','4035022','10','',''),
('625410630943836','05:35:00','05:35:00','4035039','1','',''),
('625410630943836','05:42:00','05:42:00','4035037','2','',''),
('625410630943836','05:46:00','05:46:00','4035040','3','',''),
('625410630943836','05:51:00','05:51:00','4035034','4','',''),
('625410630943836','06:04:00','06:04:00','4035032','5','',''),
('625410630943836','06:09:00','06:09:00','4035030','6','',''),
('625410630943836','06:11:00','06:11:00','4035028','7','',''),
('625410630943836','06:14:00','06:14:00','4035026','8','',''),
('625410630943836','06:16:00','06:16:00','4035024','9','',''),
('625410630943836','06:21:00','06:21:00','4035022','10','',''),
('625410640943836','05:35:00','05:35:00','4035039','1','',''),
('625410640943836','05:42:00','05:42:00','4035037','2','',''),
('625410640943836','05:46:00','05:46:00','4035040','3','',''),
('625410640943836','05:51:00','05:51:00','4035034','4','',''),
('625410640943836','06:04:00','06:04:00','4035032','5','',''),
('625410640943836','06:09:00','06:09:00','4035030','6','',''),
('625410640943836','06:11:00','06:11:00','4035028','7','',''),
('625410640943836','06:14:00','06:14:00','4035026','8','',''),
('625410640943836','06:16:00','06:16:00','4035024','9','',''),
('625410640943836','06:21:00','06:21:00','4035022','10','',''),
('625410650943836','05:35:00','05:35:00','4035039','1','',''),
('625410650943836','05:43:00','05:43:00','4035037','2','',''),
('625410650943836','05:48:00','05:48:00','4035040','3','',''),
('625410650943836','05:53:00','05:53:00','4035034','4','',''),
('625410650943836','06:06:00','06:06:00','4035032','5','',''),
('625410650943836','06:11:00','06:11:00','4035030','6','',''),
('625410650943836','06:13:00','06:13:00','4035028','7','',''),
('625410650943836','06:16:00','06:16:00','4035026','8','',''),
('625410650943836','06:18:00','06:18:00','4035024','9','',''),
('625410650943836','06:23:00','06:23:00','4035022','10','',''),
('125410621039023','00:30:00','00:30:00','4473156','1','',''),
('125410621039023','00:34:00','00:34:00','4473158','2','',''),
('125410621039023','00:35:00','00:35:00','4473160','3','',''),
('125410621039023','00:38:00','00:38:00','4473162','4','',''),
('125410621039023','00:40:00','00:40:00','4473164','5','',''),
('125410621039023','00:45:00','00:45:00','4473166','6','',''),
('125410621039023','00:59:00','00:59:00','4473168','7','',''),
('125410621039023','01:04:00','01:04:00','4473170','8','',''),
('125410621039023','01:05:00','01:05:00','4473172','9','',''),
('125410621039023','01:06:00','01:06:00','4473173','10','',''),
('125410621039023','01:07:00','01:07:00','4473175','11','',''),
('125410621039023','01:08:00','01:08:00','4473177','12','',''),
('125410621039023','01:08:00','01:08:00','4473179','13','',''),
('125410621039023','01:09:00','01:09:00','4473180','14','',''),
('125410621039023','01:10:00','01:10:00','4473182','15','',''),
('125410621039023','01:11:00','01:11:00','4473184','16','',''),
('125410621039023','01:12:00','01:12:00','4473186','17','',''),
('125410621039023','01:13:00','01:13:00','4473188','18','',''),
('125410621039023','01:14:00','01:14:00','4473190','19','',''),
('225410621039023','01:25:00','01:25:00','4473156','1','',''),
('225410621039023','01:29:00','01:29:00','4473158','2','',''),
('225410621039023','01:30:00','01:30:00','4473160','3','',''),
('225410621039023','01:33:00','01:33:00','4473162','4','',''),
('225410621039023','01:35:00','01:35:00','4473164','5','',''),
('225410621039023','01:40:00','01:40:00','4473166','6','',''),
('225410621039023','01:54:00','01:54:00','4473168','7','',''),
('225410621039023','01:59:00','01:59:00','4473170','8','',''),
('225410621039023','02:00:00','02:00:00','4473172','9','',''),
('225410621039023','02:01:00','02:01:00','4473173','10','',''),
('225410621039023','02:02:00','02:02:00','4473175','11','',''),
('225410621039023','02:03:00','02:03:00','4473177','12','',''),
('225410621039023','02:03:00','02:03:00','4473179','13','',''),
('225410621039023','02:04:00','02:04:00','4473180','14','',''),
('225410621039023','02:05:00','02:05:00','4473182','15','',''),
('225410621039023','02:06:00','02:06:00','4473184','16','',''),
('225410621039023','02:07:00','02:07:00','4473186','17','',''),
('225410621039023','02:08:00','02:08:00','4473188','18','',''),
('225410621039023','02:09:00','02:09:00','4473190','19','',''),
('325410621039023','02:25:00','02:25:00','4473156','1','',''),
('325410621039023','02:29:00','02:29:00','4473158','2','',''),
('325410621039023','02:30:00','02:30:00','4473160','3','',''),
('325410621039023','02:33:00','02:33:00','4473162','4','',''),
('325410621039023','02:35:00','02:35:00','4473164','5','',''),
('325410621039023','02:40:00','02:40:00','4473166','6','',''),
('325410621039023','02:54:00','02:54:00','4473168','7','',''),
('325410621039023','02:59:00','02:59:00','4473170','8','',''),
('325410621039023','03:00:00','03:00:00','4473172','9','',''),
('325410621039023','03:01:00','03:01:00','4473173','10','',''),
('325410621039023','03:02:00','03:02:00','4473175','11','',''),
('325410621039023','03:03:00','03:03:00','4473177','12','',''),
('325410621039023','03:03:00','03:03:00','4473179','13','',''),
('325410621039023','03:04:00','03:04:00','4473180','14','',''),
('325410621039023','03:05:00','03:05:00','4473182','15','',''),
('325410621039023','03:06:00','03:06:00','4473184','16','',''),
('325410621039023','03:07:00','03:07:00','4473186','17','',''),
('325410621039023','03:08:00','03:08:00','4473188','18','',''),
('325410621039023','03:09:00','03:09:00','4473190','19','',''),
('425410621039023','03:25:00','03:25:00','4473156','1','',''),
('425410621039023','03:29:00','03:29:00','4473158','2','',''),
('425410621039023','03:30:00','03:30:00','4473160','3','',''),
('425410621039023','03:33:00','03:33:00','4473162','4','',''),
('425410621039023','03:35:00','03:35:00','4473164','5','',''),
('425410621039023','03:39:00','03:39:00','4473166','6','',''),
('425410621039023','03:52:00','03:52:00','4473168','7','',''),
('425410621039023','03:57:00','03:57:00','4473170','8','',''),
('425410621039023','03:58:00','03:58:00','4473172','9','',''),
('425410621039023','03:58:00','03:58:00','4473173','10','',''),
('425410621039023','03:59:00','03:59:00','4473175','11','',''),
('425410621039023','04:00:00','04:00:00','4473177','12','',''),
('425410621039023','04:00:00','04:00:00','4473179','13','',''),
('425410621039023','04:01:00','04:01:00','4473180','14','',''),
('425410621039023','04:02:00','04:02:00','4473182','15','',''),
('425410621039023','04:02:00','04:02:00','4473184','16','',''),
('425410621039023','04:03:00','04:03:00','4473186','17','',''),
('425410621039023','04:04:00','04:04:00','4473188','18','',''),
('425410621039023','04:05:00','04:05:00','4473190','19','',''),
('525410621039023','04:25:00','04:25:00','4473156','1','',''),
('525410621039023','04:29:00','04:29:00','4473158','2','',''),
('525410621039023','04:30:00','04:30:00','4473160','3','',''),
('525410621039023','04:33:00','04:33:00','4473162','4','',''),
('525410621039023','04:35:00','04:35:00','4473164','5','',''),
('525410621039023','04:39:00','04:39:00','4473166','6','',''),
('525410621039023','04:52:00','04:52:00','4473168','7','',''),
('525410621039023','04:57:00','04:57:00','4473170','8','',''),
('525410621039023','04:58:00','04:58:00','4473172','9','',''),
('525410621039023','04:58:00','04:58:00','4473173','10','',''),
('525410621039023','04:59:00','04:59:00','4473175','11','',''),
('525410621039023','05:00:00','05:00:00','4473177','12','',''),
('525410621039023','05:00:00','05:00:00','4473179','13','',''),
('525410621039023','05:01:00','05:01:00','4473180','14','',''),
('525410621039023','05:02:00','05:02:00','4473182','15','',''),
('525410621039023','05:02:00','05:02:00','4473184','16','',''),
('525410621039023','05:03:00','05:03:00','4473186','17','',''),
('525410621039023','05:04:00','05:04:00','4473188','18','',''),
('525410621039023','05:05:00','05:05:00','4473190','19','',''),
('625410621039023','05:30:00','05:30:00','4473156','1','',''),
('625410621039023','05:34:00','05:34:00','4473158','2','',''),
('625410621039023','05:35:00','05:35:00','4473160','3','',''),
('625410621039023','05:38:00','05:38:00','4473162','4','',''),
('625410621039023','05:40:00','05:40:00','4473164','5','',''),
('625410621039023','05:44:00','05:44:00','4473166','6','',''),
('625410621039023','05:57:00','05:57:00','4473168','7','',''),
('625410621039023','06:02:00','06:02:00','4473170','8','',''),
('625410621039023','06:03:00','06:03:00','4473172','9','',''),
('625410621039023','06:03:00','06:03:00','4473173','10','',''),
('625410621039023','06:04:00','06:04:00','4473175','11','',''),
('625410621039023','06:05:00','06:05:00','4473177','12','',''),
('625410621039023','06:05:00','06:05:00','4473179','13','',''),
('625410621039023','06:06:00','06:06:00','4473180','14','',''),
('625410621039023','06:07:00','06:07:00','4473182','15','',''),
('625410621039023','06:07:00','06:07:00','4473184','16','',''),
('625410621039023','06:08:00','06:08:00','4473186','17','',''),
('625410621039023','06:09:00','06:09:00','4473188','18','',''),
('625410621039023','06:10:00','06:10:00','4473190','19','',''),
('125410621039024','00:30:00','00:30:00','4473191','1','',''),
('125410621039024','00:31:00','00:31:00','4473192','2','',''),
('125410621039024','00:33:00','00:33:00','4473189','3','',''),
('125410621039024','00:34:00','00:34:00','4473187','4','',''),
('125410621039024','00:36:00','00:36:00','4473185','5','',''),
('125410621039024','00:36:00','00:36:00','4473183','6','',''),
('125410621039024','00:38:00','00:38:00','4473181','7','',''),
('125410621039024','00:39:00','00:39:00','4473193','8','',''),
('125410621039024','00:40:00','00:40:00','4473178','9','',''),
('125410621039024','00:41:00','00:41:00','4473176','10','',''),
('125410621039024','00:41:00','00:41:00','4473174','11','',''),
('125410621039024','00:43:00','00:43:00','4473171','12','',''),
('125410621039024','00:48:00','00:48:00','4473169','13','',''),
('125410621039024','01:02:00','01:02:00','4473167','14','',''),
('125410621039024','01:07:00','01:07:00','4473165','15','',''),
('125410621039024','01:09:00','01:09:00','4473163','16','',''),
('125410621039024','01:13:00','01:13:00','4473161','17','',''),
('125410621039024','01:15:00','01:15:00','4473159','18','',''),
('125410621039024','01:20:00','01:20:00','4473157','19','',''),
('225410621039024','01:30:00','01:30:00','4473191','1','',''),
('225410621039024','01:31:00','01:31:00','4473192','2','',''),
('225410621039024','01:33:00','01:33:00','4473189','3','',''),
('225410621039024','01:34:00','01:34:00','4473187','4','',''),
('225410621039024','01:36:00','01:36:00','4473185','5','',''),
('225410621039024','01:36:00','01:36:00','4473183','6','',''),
('225410621039024','01:38:00','01:38:00','4473181','7','',''),
('225410621039024','01:39:00','01:39:00','4473193','8','',''),
('225410621039024','01:40:00','01:40:00','4473178','9','',''),
('225410621039024','01:41:00','01:41:00','4473176','10','',''),
('225410621039024','01:41:00','01:41:00','4473174','11','',''),
('225410621039024','01:43:00','01:43:00','4473171','12','',''),
('225410621039024','01:48:00','01:48:00','4473169','13','',''),
('225410621039024','02:02:00','02:02:00','4473167','14','',''),
('225410621039024','02:07:00','02:07:00','4473165','15','',''),
('225410621039024','02:09:00','02:09:00','4473163','16','',''),
('225410621039024','02:13:00','02:13:00','4473161','17','',''),
('225410621039024','02:15:00','02:15:00','4473159','18','',''),
('225410621039024','02:20:00','02:20:00','4473157','19','',''),
('325410621039024','02:30:00','02:30:00','4473191','1','',''),
('325410621039024','02:31:00','02:31:00','4473192','2','',''),
('325410621039024','02:33:00','02:33:00','4473189','3','',''),
('325410621039024','02:34:00','02:34:00','4473187','4','',''),
('325410621039024','02:36:00','02:36:00','4473185','5','',''),
('325410621039024','02:36:00','02:36:00','4473183','6','',''),
('325410621039024','02:38:00','02:38:00','4473181','7','',''),
('325410621039024','02:39:00','02:39:00','4473193','8','',''),
('325410621039024','02:40:00','02:40:00','4473178','9','',''),
('325410621039024','02:41:00','02:41:00','4473176','10','',''),
('325410621039024','02:41:00','02:41:00','4473174','11','',''),
('325410621039024','02:43:00','02:43:00','4473171','12','',''),
('325410621039024','02:48:00','02:48:00','4473169','13','',''),
('325410621039024','03:02:00','03:02:00','4473167','14','',''),
('325410621039024','03:07:00','03:07:00','4473165','15','',''),
('325410621039024','03:09:00','03:09:00','4473163','16','',''),
('325410621039024','03:13:00','03:13:00','4473161','17','',''),
('325410621039024','03:15:00','03:15:00','4473159','18','',''),
('325410621039024','03:20:00','03:20:00','4473157','19','',''),
('425410621039024','03:30:00','03:30:00','4473191','1','',''),
('425410621039024','03:31:00','03:31:00','4473192','2','',''),
('425410621039024','03:33:00','03:33:00','4473189','3','',''),
('425410621039024','03:34:00','03:34:00','4473187','4','',''),
('425410621039024','03:36:00','03:36:00','4473185','5','',''),
('425410621039024','03:36:00','03:36:00','4473183','6','',''),
('425410621039024','03:38:00','03:38:00','4473181','7','',''),
('425410621039024','03:39:00','03:39:00','4473193','8','',''),
('425410621039024','03:40:00','03:40:00','4473178','9','',''),
('425410621039024','03:41:00','03:41:00','4473176','10','',''),
('425410621039024','03:41:00','03:41:00','4473174','11','',''),
('425410621039024','03:43:00','03:43:00','4473171','12','',''),
('425410621039024','03:48:00','03:48:00','4473169','13','',''),
('425410621039024','04:01:00','04:01:00','4473167','14','',''),
('425410621039024','04:06:00','04:06:00','4473165','15','',''),
('425410621039024','04:08:00','04:08:00','4473163','16','',''),
('425410621039024','04:11:00','04:11:00','4473161','17','',''),
('425410621039024','04:13:00','04:13:00','4473159','18','',''),
('425410621039024','04:18:00','04:18:00','4473157','19','',''),
('525410621039024','04:35:00','04:35:00','4473191','1','',''),
('525410621039024','04:36:00','04:36:00','4473192','2','',''),
('525410621039024','04:38:00','04:38:00','4473189','3','',''),
('525410621039024','04:39:00','04:39:00','4473187','4','',''),
('525410621039024','04:41:00','04:41:00','4473185','5','',''),
('525410621039024','04:41:00','04:41:00','4473183','6','',''),
('525410621039024','04:43:00','04:43:00','4473181','7','',''),
('525410621039024','04:44:00','04:44:00','4473193','8','',''),
('525410621039024','04:45:00','04:45:00','4473178','9','',''),
('525410621039024','04:46:00','04:46:00','4473176','10','',''),
('525410621039024','04:46:00','04:46:00','4473174','11','',''),
('525410621039024','04:48:00','04:48:00','4473171','12','',''),
('525410621039024','04:53:00','04:53:00','4473169','13','',''),
('525410621039024','05:06:00','05:06:00','4473167','14','',''),
('525410621039024','05:11:00','05:11:00','4473165','15','',''),
('525410621039024','05:13:00','05:13:00','4473163','16','',''),
('525410621039024','05:16:00','05:16:00','4473161','17','',''),
('525410621039024','05:18:00','05:18:00','4473159','18','',''),
('525410621039024','05:23:00','05:23:00','4473157','19','',''),
('625410621039024','05:35:00','05:35:00','4473191','1','',''),
('625410621039024','05:36:00','05:36:00','4473192','2','',''),
('625410621039024','05:38:00','05:38:00','4473189','3','',''),
('625410621039024','05:39:00','05:39:00','4473187','4','',''),
('625410621039024','05:41:00','05:41:00','4473185','5','',''),
('625410621039024','05:41:00','05:41:00','4473183','6','',''),
('625410621039024','05:43:00','05:43:00','4473181','7','',''),
('625410621039024','05:44:00','05:44:00','4473193','8','',''),
('625410621039024','05:45:00','05:45:00','4473178','9','',''),
('625410621039024','05:46:00','05:46:00','4473176','10','',''),
('625410621039024','05:46:00','05:46:00','4473174','11','',''),
('625410621039024','05:48:00','05:48:00','4473171','12','',''),
('625410621039024','05:53:00','05:53:00','4473169','13','',''),
('625410621039024','06:06:00','06:06:00','4473167','14','',''),
('625410621039024','06:11:00','06:11:00','4473165','15','',''),
('625410621039024','06:13:00','06:13:00','4473163','16','',''),
('625410621039024','06:16:00','06:16:00','4473161','17','',''),
('625410621039024','06:18:00','06:18:00','4473159','18','',''),
('625410621039024','06:23:00','06:23:00','4473157','19','','');
INSERT INTO calendar (service_id,monday,tuesday,wednesday,thursday,friday,saturday,sunday,start_date,end_date) VALUES
('2541065','0','0','0','0','0','0','0','20171223','20180128'),
('2541064','0','0','0','0','0','0','0','20171226','20180105'),
('2541063','0','0','0','0','0','0','0','20180108','20180131'),
('2541062','0','0','0','0','0','0','0','20180101','20180101'),
('2498719','0','0','0','0','0','0','0','20171221','20171222');
INSERT INTO calendar_dates (service_id,date,exception_type) VALUES
('2541065','20171223','1'),
('2541065','20171224','1'),
('2541065','20171225','1'),
('2541065','20171230','1'),
('2541065','20171231','1'),
('2541065','20180106','1'),
('2541065','20180107','1'),
('2541065','20180113','1'),
('2541065','20180114','1'),
('2541065','20180120','1'),
('2541065','20180121','1'),
('2541065','20180127','1'),
('2541065','20180128','1'),
('2541064','20171226','1'),
('2541064','20171227','1'),
('2541064','20171228','1'),
('2541064','20171229','1'),
('2541064','20180102','1'),
('2541064','20180103','1'),
('2541064','20180104','1'),
('2541064','20180105','1'),
('2541063','20180108','1'),
('2541063','20180109','1'),
('2541063','20180110','1'),
('2541063','20180111','1'),
('2541063','20180112','1'),
('2541063','20180115','1'),
('2541063','20180116','1'),
('2541063','20180117','1'),
('2541063','20180118','1'),
('2541063','20180119','1'),
('2541063','20180122','1'),
('2541063','20180123','1'),
('2541063','20180124','1'),
('2541063','20180125','1'),
('2541063','20180126','1'),
('2541063','20180129','1'),
('2541063','20180130','1'),
('2541063','20180131','1'),
('2541062','20180101','1'),
('2498719','20171221','1'),
('2498719','20171222','1');
INSERT INTO routes (route_id,agency_id,route_short_name,route_long_name,route_desc,route_type,route_url,route_color,route_text_color) VALUES
('1788116','100','N153','(SAINT-GERMAIN-EN-LAYE RER <-> GARE SAINT-LAZARE) - Aller','','3','','FFFFFF','000000'),
('1788117','100','N153','(SAINT-GERMAIN-EN-LAYE RER <-> GARE SAINT-LAZARE) - Retour','','3','','FFFFFF','000000'),
('1788194','100','N153','(SAINT-GERMAIN-EN-LAYE RER <-> GARE SAINT-LAZARE) - Aller','','3','','FFFFFF','000000'),
('1788195','100','N153','(SAINT-GERMAIN-EN-LAYE RER <-> GARE SAINT-LAZARE) - Retour','','3','','FFFFFF','000000');
INSERT INTO agency (agency_id,agency_name,agency_url,agency_timezone,agency_lang,agency_phone) VALUES
('100','RATP (100)','http://www.ratp.fr/','CET','','');
INSERT INTO trips (route_id,service_id,trip_id,trip_headsign,trip_short_name,direction_id,shape_id) VALUES
('1788116','2498719','124987190943835','','1','0',''),
('1788116','2541063','125410630943835','','1','0',''),
('1788116','2541064','125410640943835','','1','0',''),
('1788116','2541065','125410650943835','','1','0',''),
('1788116','2498719','224987190943835','','2','0',''),
('1788116','2541063','225410630943835','','2','0',''),
('1788116','2541064','225410640943835','','2','0',''),
('1788116','2541065','225410650943835','','2','0',''),
('1788116','2498719','324987190943835','','3','0',''),
('1788116','2541063','325410630943835','','3','0',''),
('1788116','2541064','325410640943835','','3','0',''),
('1788116','2541065','325410650943835','','3','0',''),
('1788116','2498719','424987190943835','','4','0',''),
('1788116','2541063','425410630943835','','4','0',''),
('1788116','2541064','425410640943835','','4','0',''),
('1788116','2541065','425410650943835','','4','0',''),
('1788116','2498719','524987190943835','','5','0',''),
('1788116','2541063','525410630943835','','5','0',''),
('1788116','2541064','525410640943835','','5','0',''),
('1788116','2541065','525410650943835','','5','0',''),
('1788116','2498719','624987190943835','','6','0',''),
('1788116','2541063','625410630943835','','6','0',''),
('1788116','2541064','625410640943835','','6','0',''),
('1788116','2541065','625410650943835','','6','0',''),
('1788117','2498719','124987190943836','','1','1',''),
('1788117','2541063','125410630943836','','1','1',''),
('1788117','2541064','125410640943836','','1','1',''),
('1788117','2541065','125410650943836','','1','1',''),
('1788117','2498719','224987190943836','','2','1',''),
('1788117','2541063','225410630943836','','2','1',''),
('1788117','2541064','225410640943836','','2','1',''),
('1788117','2541065','225410650943836','','2','1',''),
('1788117','2498719','324987190943836','','3','1',''),
('1788117','2541063','325410630943836','','3','1',''),
('1788117','2541064','325410640943836','','3','1',''),
('1788117','2541065','325410650943836','','3','1',''),
('1788117','2498719','424987190943836','','4','1',''),
('1788117','2541063','425410630943836','','4','1',''),
('1788117','2541064','425410640943836','','4','1',''),
('1788117','2541065','425410650943836','','4','1',''),
('1788117','2498719','524987190943836','','5','1',''),
('1788117','2541063','525410630943836','','5','1',''),
('1788117','2541064','525410640943836','','5','1',''),
('1788117','2541065','525410650943836','','5','1',''),
('1788117','2498719','624987190943836','','6','1',''),
('1788117','2541063','625410630943836','','6','1',''),
('1788117','2541064','625410640943836','','6','1',''),
('1788117','2541065','625410650943836','','6','1',''),
('1788194','2541062','125410621039023','','1','0',''),
('1788194','2541062','225410621039023','','2','0',''),
('1788194','2541062','325410621039023','','3','0',''),
('1788194','2541062','425410621039023','','4','0',''),
('1788194','2541062','525410621039023','','5','0',''),
('1788194','2541062','625410621039023','','6','0',''),
('1788195','2541062','125410621039024','','1','1',''),
('1788195','2541062','225410621039024','','2','1',''),
('1788195','2541062','325410621039024','','3','1',''),
('1788195','2541062','425410621039024','','4','1',''),
('1788195','2541062','525410621039024','','5','1',''),
('1788195','2541062','625410621039024','','6','1','');
INSERT INTO transfers (from_stop_id,to_stop_id,transfer_type,min_transfer_time) VALUES
('4025059','4473164','2','104'),
('4025059','4473165','2','40'),
('4024243','4035030','2','17'),
('4008845','4473183','2','26'),
('1724','4035038','2','210'),
('4472679','4473177','2','22'),
('4298516','4473177','2','59'),
('1713','4035030','2','233'),
('4298516','4473178','2','39'),
('1724','4035039','2','210'),
('4472680','4473193','2','107'),
('3749704','4473178','2','22'),
('1713','4035029','2','220'),
('4472689','4035038','2','95'),
('4472689','4035039','2','95'),
('4472665','4035033','2','124'),
('4472690','4473192','2','98'),
('4024935','4035032','2','49'),
('4472690','4473191','2','95'),
('4024935','4035031','2','94'),
('4024933','4473166','2','99'),
('4472690','4473190','2','95'),
('4024289','4035033','2','73'),
('4024289','4035034','2','59'),
('3749696','4473184','2','81'),
('4726915','4473191','2','48'),
('4726915','4473190','2','48'),
('4024287','4473165','2','17'),
('3749702','4473179','2','107'),
('4024287','4473164','2','90'),
('3893335','4035039','2','92'),
('3893335','4035038','2','92'),
('3764737','4473188','2','45'),
('4472773','4035039','2','18'),
('3749721','4035034','2','133'),
('2467','4035039','2','210'),
('3749721','4035033','2','79'),
('4024970','4035030','2','72'),
('4025236','4473167','2','49'),
('2467','4035038','2','210'),
('3926217','4035039','2','52'),
('2342','4473168','2','207'),
('3926217','4035038','2','52'),
('2342','4473169','2','269'),
('3749690','4035039','2','18'),
('4472684','4473184','2','81'),
('4024288','4473169','2','59'),
('4025236','4473166','2','94'),
('4024288','4473168','2','73'),
('3749690','4035038','2','18'),
('4472773','4035038','2','18'),
('6613808','4473172','2','18'),
('1166840','4473192','2','247'),
('1166840','4473191','2','210'),
('1166840','4473190','2','210'),
('4024952','4035030','2','98'),
('3893336','4035039','2','92'),
('3893336','4035038','2','92'),
('4016359','4035039','2','52'),
('4016359','4035038','2','52'),
('6613853','4035040','2','66'),
('3764735','4473186','2','93'),
('4024952','4035029','2','83'),
('4022913','4473168','2','144'),
('4024088','4473167','2','25'),
('4022913','4473169','2','54'),
('3749734','4473193','2','107'),
('4024088','4473166','2','45'),
('4022967','4473178','2','22'),
('3749699','4473183','2','26'),
('5158083','4035038','2','28'),
('5158083','4035039','2','28'),
('3877805','4473164','2','62'),
('4024243','4035029','2','90'),
('4025045','4473164','2','104'),
('3749983','4035037','2','54'),
('4025045','4473165','2','40'),
('3749983','4035036','2','76'),
('3877805','4473165','2','19'),
('4022898','4035036','2','40'),
('4022898','4035037','2','62'),
('5251795','4473165','2','96'),
('3749690','4473190','2','18'),
('3749690','4473191','2','18'),
('1715','4473188','2','243'),
('2480','4035021','2','264'),
('2433','4035035','2','186'),
('4024087','4035031','2','134'),
('4472696','4473170','2','66'),
('4008848','4035036','2','21'),
('3747809','4473192','2','52'),
('6217412','4473186','2','33'),
('3740326','4473179','2','78'),
('5251795','4035030','2','96'),
('4008216','4473184','2','81'),
('4036748','4035038','2','99'),
('4036748','4035039','2','99'),
('2480','4035022','2','264'),
('4008218','4473183','2','97'),
('4024970','4473165','2','72'),
('4008218','4473182','2','99'),
('2147','4035036','2','208'),
('2147','4035037','2','191'),
('5657268','4473191','2','48'),
('5657268','4473190','2','48'),
('4024970','4473164','2','99'),
('5018180','4473181','2','86'),
('4016743','4473168','2','124'),
('5018180','4473180','2','102'),
('4008840','4473186','2','33'),
('3765448','4473188','2','71'),
('5018182','4035036','2','106'),
('5018182','4035037','2','85'),
('1713','4473165','2','233'),
('4036749','4473191','2','28'),
('6578386','4035032','2','49'),
('1713','4473164','2','220'),
('4008222','4035036','2','21'),
('4036661','4035038','2','99'),
('6578386','4035031','2','94'),
('4036661','4035039','2','99'),
('4036749','4473190','2','28'),
('1755','4473170','2','260'),
('1755','4473171','2','230'),
('4045022','4473191','2','18'),
('4045022','4473190','2','18'),
('4022995','4473168','2','79'),
('4022995','4473169','2','133'),
('4037230','4473169','2','124'),
('1724','4473191','2','210'),
('1724','4473190','2','210'),
('1724','4473192','2','247'),
('3740515','4473191','2','78'),
('7069335','4473166','2','134'),
('3740515','4473190','2','78'),
('4008842','4473184','2','81'),
('4472696','4035040','2','66'),
('3740315','4035037','2','95'),
('2433','4035040','2','260'),
('4024936','4035032','2','55'),
('4024936','4035031','2','32'),
('4025044','4473165','2','72'),
('4025044','4473164','2','121'),
('4024087','4473166','2','134'),
('5251796','4035030','2','76'),
('4037229','4035033','2','124'),
('4037753','4035033','2','124'),
('3893336','4473191','2','92'),
('3893336','4473192','2','94'),
('4024592','4035029','2','138'),
('3893336','4473190','2','92'),
('5761374','4473165','2','96'),
('1684','4473193','2','207'),
('4472677','4473175','2','44'),
('4024289','4473169','2','59'),
('4024289','4473168','2','73'),
('5251796','4035029','2','141'),
('3764794','4035039','2','86'),
('3740325','4035036','2','106'),
('4472695','4473173','2','26'),
('3740325','4035037','2','87'),
('3813010','4035035','2','45'),
('3893403','4473185','2','36'),
('3893403','4473184','2','106'),
('3749688','4473191','2','78'),
('3749688','4473190','2','78'),
('3764794','4035038','2','86'),
('4008849','4035037','2','21'),
('3813193','4473171','2','66'),
('2469','4035038','2','210'),
('2469','4035039','2','210'),
('4037768','4035037','2','62'),
('4037768','4035036','2','40'),
('5747306','4035038','2','28'),
('3813012','4473171','2','66'),
('4025059','4035029','2','104'),
('4023030','4473193','2','107'),
('1684','4473179','2','230'),
('6578364','4035032','2','55'),
('5747306','4035039','2','28'),
('2467','4473192','2','247'),
('4025045','4035030','2','40'),
('6578364','4035031','2','32'),
('2467','4473191','2','210'),
('4022965','4473179','2','107'),
('5158083','4473191','2','28'),
('2467','4473190','2','210'),
('5158083','4473190','2','28'),
('4037753','4473168','2','124'),
('4726963','4035038','2','58'),
('4726963','4035039','2','58'),
('4024592','4035030','2','86'),
('3749914','4473188','2','45'),
('1670','4473156','2','264'),
('1670','4473157','2','264'),
('3749912','4473186','2','93'),
('4024337','4473166','2','134'),
('1831','4035031','2','317'),
('4037796','4473171','2','66'),
('3749708','4473174','2','26'),
('4009642','4473192','2','34'),
('4726914','4473190','2','83'),
('5657267','4035038','2','95'),
('4036749','4035038','2','28'),
('4036749','4035039','2','28'),
('4472689','4473190','2','95'),
('4472689','4473191','2','95'),
('3893402','4473182','2','26'),
('4472689','4473192','2','98'),
('5747306','4473191','2','28'),
('5747306','4473190','2','28'),
('4016744','4035033','2','79'),
('4016744','4035034','2','133'),
('3926217','4473191','2','52'),
('5657267','4035039','2','95'),
('3749720','4473169','2','115'),
('3926217','4473190','2','52'),
('4024953','4473165','2','72'),
('4024953','4473164','2','99'),
('3749709','4473172','2','62'),
('7069335','4035031','2','134'),
('3749720','4473168','2','61'),
('4472664','4473169','2','124'),
('4024337','4035031','2','134'),
('3749694','4473186','2','33'),
('3740515','4035039','2','78'),
('3740515','4035038','2','78'),
('1803','4473168','2','207'),
('1803','4473169','2','269'),
('4036748','4473192','2','86'),
('4025059','4035030','2','40'),
('4036748','4473190','2','99'),
('3813011','4035035','2','99'),
('4036748','4473191','2','99'),
('3740517','4473192','2','34'),
('4472685','4473187','2','33'),
('5158082','4473192','2','92'),
('3893335','4473192','2','94'),
('5158082','4473191','2','105'),
('5158082','4473190','2','105'),
('2469','4473191','2','210'),
('2469','4473192','2','247'),
('3765450','4473187','2','106'),
('4472664','4035034','2','124'),
('2458','4035029','2','220'),
('2028','4035037','2','191'),
('2028','4035036','2','208'),
('4472683','4473185','2','81'),
('1166841','4473192','2','247'),
('1166841','4473191','2','210'),
('3765450','4473186','2','78'),
('4037230','4035034','2','124'),
('4022902','4473171','2','66'),
('4022912','4473168','2','124'),
('3877768','4473169','2','17'),
('3877768','4035034','2','17'),
('3877768','4035033','2','108'),
('4024288','4035034','2','59'),
('3813197','4473172','2','91'),
('3877768','4473168','2','108'),
('4024288','4035033','2','73'),
('1166841','4473190','2','210'),
('4472676','4473176','2','44'),
('4726963','4473191','2','58'),
('4726963','4473190','2','58'),
('4726914','4035038','2','83'),
('5657328','4035039','2','78'),
('4726914','4035039','2','83'),
('3893404','4473184','2','81'),
('4024978','4035032','2','55'),
('4023367','4473169','2','41'),
('4024978','4035031','2','32'),
('5657328','4035038','2','78'),
('3813140','4473177','2','59'),
('4472665','4473168','2','124'),
('2469','4473190','2','210'),
('3813140','4473178','2','39'),
('3893335','4473190','2','92'),
('4726914','4473191','2','83'),
('3893335','4473191','2','92'),
('6578365','4035031','2','101'),
('4016744','4473168','2','79'),
('3740314','4473179','2','100'),
('4024953','4035030','2','72'),
('4016744','4473169','2','133'),
('5251796','4473165','2','76'),
('5251796','4473164','2','141'),
('4024936','4473167','2','55'),
('1803','4035033','2','207'),
('1803','4035034','2','269'),
('4472774','4473190','2','99'),
('4024379','4473167','2','25'),
('4472774','4473192','2','86'),
('4472774','4473191','2','99'),
('4024379','4473166','2','45'),
('4024953','4035029','2','99'),
('4025237','4035031','2','101'),
('4024089','4035031','2','30'),
('4024089','4035032','2','69'),
('3749706','4473176','2','44'),
('2458','4035030','2','233'),
('2460','4473188','2','243'),
('4024287','4035029','2','90'),
('4022994','4035033','2','61'),
('6578364','4473166','2','32'),
('6578364','4473167','2','55'),
('4022994','4035034','2','115'),
('3749937','4473192','2','47'),
('1723','4473192','2','247'),
('1723','4473191','2','210'),
('1723','4473190','2','210'),
('5158082','4035039','2','105'),
('5158082','4035038','2','105'),
('4726746','4473177','2','64'),
('4022961','4473182','2','26'),
('4024936','4473166','2','32'),
('4726915','4035038','2','48'),
('4726746','4473178','2','52'),
('4726915','4035039','2','48'),
('4045020','4473186','2','93'),
('3716945','4473192','2','74'),
('4022912','4035033','2','124'),
('4459240','4035038','2','28'),
('3893401','4473182','2','16'),
('3893401','4473183','2','28'),
('4459240','4035039','2','28'),
('4459240','4473191','2','28'),
('4459240','4473190','2','28'),
('3749707','4473173','2','26'),
('4016359','4473190','2','52'),
('4472774','4035038','2','99'),
('4016359','4473191','2','52'),
('4016743','4035033','2','124'),
('4472774','4035039','2','99'),
('4024287','4035030','2','17'),
('5657268','4035038','2','48'),
('4022994','4473168','2','61'),
('5657268','4035039','2','48'),
('4037229','4473168','2','124'),
('3877767','4035033','2','108'),
('4037767','4035036','2','65'),
('3749720','4035033','2','61'),
('3749720','4035034','2','115'),
('4472694','4473179','2','107'),
('4037767','4035037','2','87'),
('4022962','4473183','2','47'),
('4022962','4473182','2','43'),
('4024599','4035029','2','128'),
('3877767','4035034','2','17'),
('4037284','4473188','2','45'),
('4022994','4473169','2','115'),
('3764794','4473192','2','100'),
('3764794','4473191','2','86'),
('3740559','4035038','2','18'),
('3764794','4473190','2','86'),
('3740559','4035039','2','18'),
('4024244','4035029','2','81'),
('3747810','4473192','2','52'),
('4008843','4473185','2','81'),
('3813194','4035040','2','66'),
('4024599','4035030','2','67'),
('4025234','4473166','2','141'),
('4025234','4473167','2','96'),
('3749721','4473168','2','79'),
('3749721','4473169','2','133'),
('2433','4473171','2','230'),
('3749703','4473177','2','22'),
('5747305','4473192','2','92'),
('2433','4473170','2','260'),
('5747305','4473191','2','105'),
('5747305','4473190','2','105'),
('3716873','4473192','2','74'),
('4022913','4035033','2','144'),
('4025045','4035029','2','104'),
('4022913','4035034','2','54'),
('4009643','4473188','2','15'),
('6578386','4473166','2','94'),
('6578386','4473167','2','49'),
('4024933','4035031','2','99'),
('4008844','4473183','2','97'),
('4008844','4473182','2','99'),
('2148','4035037','2','191'),
('2148','4035036','2','208'),
('4037752','4473169','2','124'),
('2480','4473156','2','264'),
('4008837','4473192','2','34'),
('2480','4473157','2','264'),
('4037219','4473171','2','66'),
('4022960','4473185','2','36'),
('4022960','4473184','2','106'),
('1670','4035021','2','264'),
('4023368','4035033','2','122'),
('1722','4473192','2','247'),
('4023368','4035034','2','47'),
('4024593','4035030','2','67'),
('1670','4035022','2','264'),
('3877804','4035030','2','30'),
('3749705','4473175','2','44'),
('2149','4035037','2','191'),
('2149','4035036','2','208'),
('4008841','4473187','2','33'),
('6217406','4035036','2','21'),
('4298515','4473177','2','64'),
('4298515','4473178','2','52'),
('3740518','4473188','2','45'),
('3813137','4035036','2','82'),
('3877804','4035029','2','54'),
('4024088','4035031','2','45'),
('4024088','4035032','2','25'),
('4023367','4035034','2','41'),
('3764795','4035038','2','86'),
('3764795','4035039','2','86'),
('3764767','4473188','2','45'),
('4008219','4473183','2','47'),
('4008219','4473182','2','43'),
('4024593','4035029','2','128'),
('3749697','4473185','2','81'),
('3740558','4473186','2','93'),
('1722','4473191','2','210'),
('4472693','4473182','2','26'),
('1722','4473190','2','210'),
('3813137','4035037','2','102'),
('4025237','4473166','2','101'),
('4024978','4473166','2','32'),
('4037752','4035034','2','124'),
('3749695','4473187','2','106'),
('4024978','4473167','2','55'),
('3749695','4473186','2','78'),
('2370','4473166','2','317'),
('6217409','4473185','2','81'),
('2494','4473179','2','230'),
('5761374','4035030','2','96'),
('4024380','4035031','2','32'),
('4024380','4035032','2','55'),
('2084','4035037','2','206'),
('2084','4035036','2','219'),
('3749698','4473182','2','26'),
('3764736','4473189','2','46'),
('6578363','4473167','2','96'),
('6578363','4473166','2','141'),
('6578365','4473166','2','101'),
('1755','4035035','2','186'),
('4016742','4035033','2','144'),
('4016742','4035034','2','54'),
('3740559','4473191','2','18'),
('3749710','4473172','2','59'),
('5761373','4473165','2','76'),
('4024593','4473164','2','128'),
('5761373','4473164','2','141'),
('4024593','4473165','2','67'),
('2494','4473193','2','207'),
('3740559','4473190','2','18'),
('4025236','4035032','2','49'),
('3813194','4473170','2','66'),
('4025236','4035031','2','94'),
('4024244','4473164','2','81'),
('4023609','4035032','2','69'),
('4023609','4035031','2','30'),
('4016742','4473168','2','144'),
('4023368','4473169','2','47'),
('1755','4035040','2','260'),
('3813141','4473177','2','64'),
('4016742','4473169','2','54'),
('3813141','4473178','2','52'),
('4023368','4473168','2','122'),
('4008217','4473185','2','36'),
('4022899','4035037','2','87'),
('6217405','4035037','2','21'),
('4022899','4035036','2','65'),
('4008217','4473184','2','106'),
('3749688','4035039','2','78'),
('2029','4035037','2','191'),
('3749688','4035038','2','78'),
('2029','4035036','2','208'),
('1831','4473166','2','317'),
('3749981','4473193','2','107'),
('5018183','4035036','2','106'),
('5018183','4035037','2','87'),
('1166841','4035039','2','210'),
('1166841','4035038','2','210'),
('4037216','4035036','2','65'),
('4024592','4473165','2','86'),
('4037216','4035037','2','87'),
('1723','4035039','2','210'),
('1723','4035038','2','210'),
('2370','4035031','2','317'),
('4024089','4473166','2','30'),
('4472773','4473190','2','18'),
('4472773','4473191','2','18'),
('4024089','4473167','2','69'),
('4024592','4473164','2','138'),
('4022966','4473177','2','59'),
('4008223','4035037','2','21'),
('4022966','4473178','2','39'),
('5018179','4473193','2','107'),
('4024243','4473164','2','90'),
('6217410','4473184','2','81'),
('4024243','4473165','2','17'),
('3877767','4473168','2','108'),
('3877767','4473169','2','17'),
('4025044','4035029','2','121'),
('1166840','4035039','2','210'),
('2545','4035037','2','206'),
('2545','4035036','2','219'),
('1166840','4035038','2','210'),
('4025044','4035030','2','72'),
('5657267','4473190','2','95'),
('5657267','4473191','2','95'),
('6613852','4473172','2','91'),
('1722','4035038','2','210'),
('2342','4035033','2','207'),
('4037215','4035036','2','40'),
('1722','4035039','2','210'),
('4025235','4035031','2','32'),
('4025235','4035032','2','55'),
('2342','4035034','2','269'),
('4022959','4473184','2','81'),
('4024935','4473166','2','94'),
('2468','4473192','2','247'),
('3764795','4473190','2','86'),
('4024935','4473167','2','49'),
('2468','4473190','2','210'),
('2468','4473191','2','210'),
('4472686','4473186','2','33'),
('4024379','4035031','2','45'),
('4025235','4473167','2','55'),
('4025235','4473166','2','32'),
('4037215','4035037','2','62'),
('3764795','4473191','2','86'),
('5657328','4473191','2','78'),
('5761373','4035030','2','76'),
('4024379','4035032','2','25'),
('5657328','4473190','2','78'),
('3764795','4473192','2','100'),
('5747305','4035038','2','105'),
('4036661','4473191','2','99'),
('5747305','4035039','2','105'),
('4036661','4473190','2','99'),
('4024599','4473164','2','128'),
('2468','4035039','2','210'),
('4024599','4473165','2','67'),
('2468','4035038','2','210'),
('4036661','4473192','2','86'),
('4024952','4473165','2','98'),
('4045022','4035038','2','18'),
('5761373','4035029','2','141'),
('4045022','4035039','2','18'),
('4024952','4473164','2','83'),
('2030','4035036','2','208'),
('2030','4035037','2','191'),
('4472690','4035038','2','95'),
('4023609','4473166','2','30'),
('4472690','4035039','2','95'),
('4472678','4473178','2','22'),
('4023609','4473167','2','69'),
('6217411','4473187','2','33'),
('4022995','4035034','2','133'),
('4024380','4473167','2','55'),
('4024380','4473166','2','32'),
('4022995','4035033','2','79'),
('3877805','4035030','2','19'),
('4024970','4035029','2','99'),
('6578363','4035031','2','141'),
('6578363','4035032','2','96'),
('2458','4473165','2','233'),
('2458','4473164','2','220'),
('3749982','4035037','2','54'),
('6613853','4473170','2','66'),
('3877805','4035029','2','62'),
('3877804','4473165','2','30'),
('3749982','4035036','2','76'),
('3877804','4473164','2','54'),
('6613809','4473172','2','18'),
('4025234','4035032','2','96'),
('4025234','4035031','2','141');
INSERT INTO stops (stop_id,stop_code,stop_name,stop_desc,stop_lat,stop_lon,location_type,parent_station) VALUES
('4473191','','GARE SAINT-LAZARE','111 RUE SAINT-LAZARE - 75108','48.87541193459026','2.3260821469930266','0',''),
('4473190','','GARE SAINT-LAZARE','111 RUE SAINT-LAZARE - 75108','48.87541193459026','2.3260821469930266','0',''),
('4035033','','PONT DE NEUILLY-METRO','201 AVENUE CHARLES DE GAULLE - 92051','48.88462644850585','2.2601913576941075','0',''),
('4473193','','TERNES','2 AVENUE DES TERNES - 75117','48.87807493981841','2.2971677460588693','0',''),
('4035034','','PONT DE NEUILLY-METRO','176 AVENUE CHARLES DE GAULLE - 92051','48.88555130589665','2.258922605272076','0',''),
('4473192','','PASQUIER - ANJOU','86 BOULEVARD HAUSSMANN - 75108','48.874261363183884','2.324147681777442','0',''),
('4035035','','PORTE MAILLOT','85 AVENUE DE LA GRANDE ARMEE - 75116','48.87709023274955','2.284142542845437','0',''),
('4035036','','CHARLES DE GAULLE - ETOILE - FRIEDLAND','47 AVENUE DE FRIEDLAND - 75108','48.87379677721912','2.2965443212582546','0',''),
('4035030','','RUEIL-MALMAISON RER','GARE ROUTIERE - 92063','48.88726872385087','2.1718632201600414','0',''),
('4035031','','JULES QUENTIN-NANTERRE VILLE-RER','AVENUE HENRI MARTIN - 92050','48.894818652089704','2.193156713048079','0',''),
('4035032','','JULES QUENTIN-NANTERRE VILLE-RER','AVENUE BENOIT FRACHON - 92050','48.89514144595209','2.192542454162083','0',''),
('4035038','','GARE SAINT-LAZARE','111 RUE SAINT-LAZARE - 75108','48.87541193459026','2.3260821469930266','0',''),
('4035037','','CHARLES DE GAULLE - ETOILE - FRIEDLAND','AVENUE DE FRIEDLAND - 75108','48.87401247719477','2.296557776569808','0',''),
('4035039','','GARE SAINT-LAZARE','111 RUE SAINT-LAZARE - 75108','48.87541193459026','2.3260821469930266','0',''),
('4473157','','SAINT-GERMAIN-EN-LAYE RER','FACE 2 PLACE ANDRE MALRAUX - 78551','48.89699798626703','2.0958542919640113','0',''),
('4473156','','SAINT-GERMAIN-EN-LAYE RER','FACE 2 PLACE ANDRE MALRAUX - 78551','48.89699798626703','2.0958542919640113','0',''),
('4473159','','LE VESINET - LE PECQ RER','BOULEVARD CARNOT - 78650','48.89662440936725','2.121304506246528','0',''),
('4473158','','LE VESINET - LE PECQ RER','105 BOULEVARD CARNOT - 78650','48.89655107776364','2.120514234028132','0',''),
('4473161','','HOTEL DE VILLE-LE VESINET CENTRE-RER','FACE 61 BOULEVARD CARNOT - 78650','48.894185041399886','2.134467646052823','0',''),
('4473162','','MAIRIE - CHATOU - CROISSY RER','5-7 AVENUE DU MARECHAL FOCH - 78146','48.889189464215384','2.157696874964597','0',''),
('4473160','','HOTEL DE VILLE-LE VESINET CENTRE-RER','71 BOULEVARD CARNOT - 78650','48.89422741702106','2.1329681764334767','0',''),
('4473165','','RUEIL-MALMAISON RER','GARE ROUTIERE - 92063','48.88726872385087','2.1718632201600414','0',''),
('4473166','','JULES QUENTIN-NANTERRE VILLE-RER','AVENUE HENRI MARTIN - 92050','48.894818652089704','2.193156713048079','0',''),
('4473163','','MAIRIE - CHATOU - CROISSY RER','12 AVENUE DU MARECHAL FOCH - 78146','48.88950450742885','2.1580228743255394','0',''),
('4473164','','RUEIL-MALMAISON RER','AVENUE DE COLMAR - 92063','48.88663850207259','2.171061177695267','0',''),
('4035040','','PORTE MAILLOT - PALAIS DES CONGRES','PLACE DE LA PORTE MAILLOT - 75117','48.878150517912786','2.2836645548194014','0',''),
('4473169','','PONT DE NEUILLY-METRO','176 AVENUE CHARLES DE GAULLE - 92051','48.88555130589665','2.258922605272076','0',''),
('4473168','','PONT DE NEUILLY-METRO','201 AVENUE CHARLES DE GAULLE - 92051','48.88462644850585','2.2601913576941075','0',''),
('4473167','','JULES QUENTIN-NANTERRE VILLE-RER','AVENUE BENOIT FRACHON - 92050','48.89514144595209','2.192542454162083','0',''),
('4473174','','PEREIRE - PORTE MAILLOT','AV DES TERNES - 75117','48.880111718441405','2.2882545840252586','0',''),
('4473175','','EGLISE SAINT-FERDINAND','5 PLACE TRISTAN BERNARD - 75117','48.87925904435119','2.291048731458457','0',''),
('4473176','','EGLISE SAINT-FERDINAND','68 AV DES TERNES - 75117','48.87958240532934','2.290585154457603','0',''),
('4473177','','TERNES - MAC MAHON','29-31 AV DES TERNES - 75117','48.87841558644444','2.2946603292390058','0',''),
('4473170','','PORTE MAILLOT - PALAIS DES CONGRES','PLACE DE LA PORTE MAILLOT - 75117','48.878150517912786','2.2836645548194014','0',''),
('4473171','','PORTE MAILLOT - PALAIS DES CONGRES','FACE 93 BOULEVARD GOUVION-SAINT-CYR - 75117','48.878707984696156','2.284236266860388','0',''),
('4473172','','PORTE MAILLOT - PERSHING','11 BOULEVARD PERSHING - 75117','48.88058622525525','2.2840163234582294','0',''),
('4473173','','PEREIRE - PORTE MAILLOT','AV DES TERNES - 75117','48.87995880011713','2.2879276987978083','0',''),
('4473179','','TERNES','237 RUE DU FAUBOURG SAINT-HONORE - 75108','48.877545158770765','2.298585218601294','0',''),
('4473178','','TERNES - MAC MAHON','24 AV DES TERNES - 75117','48.87863131986088','2.2947691591166657','0',''),
('4473187','','HAUSSMANN - MIROMESNIL','142 BOULEVARD HAUSSMANN - 75108','48.87529316389243','2.3130430364059853','0',''),
('4473188','','SAINT-AUGUSTIN','FACE 24 RUE DE LA PEPINIERE - 75108','48.874863096583965','2.3207958046274593','0',''),
('4473185','','HAUSSMANN - COURCELLES','174 BOULEVARD HAUSSMANN - 75108','48.875121390460386','2.30847875269421','0',''),
('4473186','','HAUSSMANN - MIROMESNIL','127 BOULEVARD HAUSSMANN - 75108','48.87508653842288','2.313451881624046','0',''),
('4473183','','FRIEDLAND - HAUSSMANN','190 BOULEVARD HAUSSMANN - 75108','48.875048935083306','2.3062579263665284','0',''),
('4473184','','HAUSSMANN - COURCELLES','153 BOULEVARD HAUSSMANN - 75108','48.87493294387232','2.3096914749426154','0',''),
('4473181','','HOCHE - SAINT-HONORE','254 RUE DU FAUBOURG SAINT-HONORE - 75108','48.87710544029419','2.3006702464136226','0',''),
('4473182','','FRIEDLAND - HAUSSMANN','169-171 BOULEVARD HAUSSMANN - 75108','48.87478831052261','2.3062853319385006','0',''),
('4035021','','SAINT-GERMAIN-EN-LAYE RER','FACE 2 PLACE ANDRE MALRAUX - 78551','48.89699798626703','2.0958542919640113','0',''),
('4473180','','HOCHE - SAINT-HONORE','201-203 RUE DU FAUBOURG SAINT HONORE - 75108','48.87627005744902','2.3021151144554675','0',''),
('4035024','','LE VESINET - LE PECQ RER','BOULEVARD CARNOT - 78650','48.89662440936725','2.121304506246528','0',''),
('4035025','','HOTEL DE VILLE-LE VESINET CENTRE-RER','71 BOULEVARD CARNOT - 78650','48.89422741702106','2.1329681764334767','0',''),
('4035022','','SAINT-GERMAIN-EN-LAYE RER','FACE 2 PLACE ANDRE MALRAUX - 78551','48.89699798626703','2.0958542919640113','0',''),
('4035023','','LE VESINET - LE PECQ RER','105 BOULEVARD CARNOT - 78650','48.89655107776364','2.120514234028132','0',''),
('4035029','','RUEIL-MALMAISON RER','AVENUE DE COLMAR - 92063','48.88663850207259','2.171061177695267','0',''),
('4035028','','MAIRIE - CHATOU - CROISSY RER','12 AVENUE DU MARECHAL FOCH - 78146','48.88950450742885','2.1580228743255394','0',''),
('4035027','','MAIRIE - CHATOU - CROISSY RER','5-7 AVENUE DU MARECHAL FOCH - 78146','48.889189464215384','2.157696874964597','0',''),
('4035026','','HOTEL DE VILLE-LE VESINET CENTRE-RER','FACE 61 BOULEVARD CARNOT - 78650','48.894185041399886','2.134467646052823','0',''),
('4473189','','SAINT-AUGUSTIN','10-12 RUE LA BOETIE - 75108','48.87441332622057','2.318084616089399','0','');
