INSERT INTO stop_times (trip_id,arrival_time,departure_time,stop_id,stop_sequence,stop_headsign,shape_dist_traveled) VALUES
('1025491610939836','11:38:00','11:38:00','4017052','1','',''),
('1025491610939836','11:41:00','11:41:00','4017054','2','',''),
('1025491610939836','11:42:00','11:42:00','4017056','3','',''),
('1025491610939836','11:44:00','11:44:00','4017058','4','',''),
('1025491610939836','11:45:00','11:45:00','4017059','5','',''),
('1025491610939836','11:45:00','11:45:00','4017060','6','',''),
('1025491610939836','11:48:00','11:48:00','4017061','7','',''),
('1025491610939836','11:51:00','11:51:00','4017063','8','',''),
('1025491610939836','12:02:00','12:02:00','4017065','9','',''),
('1025491620939836','11:38:00','11:38:00','4017052','1','',''),
('1025491620939836','11:41:00','11:41:00','4017054','2','',''),
('1025491620939836','11:42:00','11:42:00','4017056','3','',''),
('1025491620939836','11:44:00','11:44:00','4017058','4','',''),
('1025491620939836','11:45:00','11:45:00','4017059','5','',''),
('1025491620939836','11:45:00','11:45:00','4017060','6','',''),
('1025491620939836','11:48:00','11:48:00','4017061','7','',''),
('1025491620939836','11:51:00','11:51:00','4017063','8','',''),
('1025491620939836','12:02:00','12:02:00','4017065','9','',''),
('1125491610939836','12:38:00','12:38:00','4017052','1','',''),
('1125491610939836','12:41:00','12:41:00','4017054','2','',''),
('1125491610939836','12:42:00','12:42:00','4017056','3','',''),
('1125491610939836','12:44:00','12:44:00','4017058','4','',''),
('1125491610939836','12:45:00','12:45:00','4017059','5','',''),
('1125491610939836','12:45:00','12:45:00','4017060','6','',''),
('1125491610939836','12:48:00','12:48:00','4017061','7','',''),
('1125491610939836','12:51:00','12:51:00','4017063','8','',''),
('1125491610939836','13:02:00','13:02:00','4017065','9','',''),
('1125491620939836','12:38:00','12:38:00','4017052','1','',''),
('1125491620939836','12:41:00','12:41:00','4017054','2','',''),
('1125491620939836','12:42:00','12:42:00','4017056','3','',''),
('1125491620939836','12:44:00','12:44:00','4017058','4','',''),
('1125491620939836','12:45:00','12:45:00','4017059','5','',''),
('1125491620939836','12:45:00','12:45:00','4017060','6','',''),
('1125491620939836','12:48:00','12:48:00','4017061','7','',''),
('1125491620939836','12:51:00','12:51:00','4017063','8','',''),
('1125491620939836','13:02:00','13:02:00','4017065','9','',''),
('1225491610939836','13:38:00','13:38:00','4017052','1','',''),
('1225491610939836','13:41:00','13:41:00','4017054','2','',''),
('1225491610939836','13:42:00','13:42:00','4017056','3','',''),
('1225491610939836','13:44:00','13:44:00','4017058','4','',''),
('1225491610939836','13:45:00','13:45:00','4017059','5','',''),
('1225491610939836','13:45:00','13:45:00','4017060','6','',''),
('1225491610939836','13:48:00','13:48:00','4017061','7','',''),
('1225491610939836','13:51:00','13:51:00','4017063','8','',''),
('1225491610939836','14:02:00','14:02:00','4017065','9','',''),
('1225491620939836','13:38:00','13:38:00','4017052','1','',''),
('1225491620939836','13:41:00','13:41:00','4017054','2','',''),
('1225491620939836','13:42:00','13:42:00','4017056','3','',''),
('1225491620939836','13:44:00','13:44:00','4017058','4','',''),
('1225491620939836','13:45:00','13:45:00','4017059','5','',''),
('1225491620939836','13:45:00','13:45:00','4017060','6','',''),
('1225491620939836','13:48:00','13:48:00','4017061','7','',''),
('1225491620939836','13:51:00','13:51:00','4017063','8','',''),
('1225491620939836','14:02:00','14:02:00','4017065','9','',''),
('125491610939836','07:30:00','07:30:00','4017052','1','',''),
('125491610939836','07:33:00','07:33:00','4017054','2','',''),
('125491610939836','07:34:00','07:34:00','4017056','3','',''),
('125491610939836','07:35:00','07:35:00','4017058','4','',''),
('125491610939836','07:36:00','07:36:00','4017059','5','',''),
('125491610939836','07:36:00','07:36:00','4017060','6','',''),
('125491610939836','07:40:00','07:40:00','4017061','7','',''),
('125491610939836','07:45:00','07:45:00','4017063','8','',''),
('125491610939836','07:56:00','07:56:00','4017065','9','',''),
('125491620939836','07:30:00','07:30:00','4017052','1','',''),
('125491620939836','07:33:00','07:33:00','4017054','2','',''),
('125491620939836','07:34:00','07:34:00','4017056','3','',''),
('125491620939836','07:35:00','07:35:00','4017058','4','',''),
('125491620939836','07:36:00','07:36:00','4017059','5','',''),
('125491620939836','07:36:00','07:36:00','4017060','6','',''),
('125491620939836','07:40:00','07:40:00','4017061','7','',''),
('125491620939836','07:45:00','07:45:00','4017063','8','',''),
('125491620939836','07:56:00','07:56:00','4017065','9','',''),
('1325491610939836','14:38:00','14:38:00','4017052','1','',''),
('1325491610939836','14:41:00','14:41:00','4017054','2','',''),
('1325491610939836','14:42:00','14:42:00','4017056','3','',''),
('1325491610939836','14:44:00','14:44:00','4017058','4','',''),
('1325491610939836','14:45:00','14:45:00','4017059','5','',''),
('1325491610939836','14:45:00','14:45:00','4017060','6','',''),
('1325491610939836','14:48:00','14:48:00','4017061','7','',''),
('1325491610939836','14:51:00','14:51:00','4017063','8','',''),
('1325491610939836','15:02:00','15:02:00','4017065','9','',''),
('1325491620939836','14:38:00','14:38:00','4017052','1','',''),
('1325491620939836','14:41:00','14:41:00','4017054','2','',''),
('1325491620939836','14:42:00','14:42:00','4017056','3','',''),
('1325491620939836','14:44:00','14:44:00','4017058','4','',''),
('1325491620939836','14:45:00','14:45:00','4017059','5','',''),
('1325491620939836','14:45:00','14:45:00','4017060','6','',''),
('1325491620939836','14:48:00','14:48:00','4017061','7','',''),
('1325491620939836','14:51:00','14:51:00','4017063','8','',''),
('1325491620939836','15:02:00','15:02:00','4017065','9','',''),
('1425491610939836','15:38:00','15:38:00','4017052','1','',''),
('1425491610939836','15:42:00','15:42:00','4017054','2','',''),
('1425491610939836','15:43:00','15:43:00','4017056','3','',''),
('1425491610939836','15:45:00','15:45:00','4017058','4','',''),
('1425491610939836','15:45:00','15:45:00','4017059','5','',''),
('1425491610939836','15:46:00','15:46:00','4017060','6','',''),
('1425491610939836','15:49:00','15:49:00','4017061','7','',''),
('1425491610939836','15:52:00','15:52:00','4017063','8','',''),
('1425491610939836','16:03:00','16:03:00','4017065','9','',''),
('1425491620939836','15:38:00','15:38:00','4017052','1','',''),
('1425491620939836','15:42:00','15:42:00','4017054','2','',''),
('1425491620939836','15:43:00','15:43:00','4017056','3','',''),
('1425491620939836','15:45:00','15:45:00','4017058','4','',''),
('1425491620939836','15:45:00','15:45:00','4017059','5','',''),
('1425491620939836','15:46:00','15:46:00','4017060','6','',''),
('1425491620939836','15:49:00','15:49:00','4017061','7','',''),
('1425491620939836','15:52:00','15:52:00','4017063','8','',''),
('1425491620939836','16:03:00','16:03:00','4017065','9','',''),
('1525491610939836','16:35:00','16:35:00','4017052','1','',''),
('1525491610939836','16:39:00','16:39:00','4017054','2','',''),
('1525491610939836','16:41:00','16:41:00','4017056','3','',''),
('1525491610939836','16:43:00','16:43:00','4017058','4','',''),
('1525491610939836','16:43:00','16:43:00','4017059','5','',''),
('1525491610939836','16:44:00','16:44:00','4017060','6','',''),
('1525491610939836','16:47:00','16:47:00','4017061','7','',''),
('1525491610939836','16:50:00','16:50:00','4017063','8','',''),
('1525491610939836','17:02:00','17:02:00','4017065','9','',''),
('1525491620939836','16:35:00','16:35:00','4017052','1','',''),
('1525491620939836','16:39:00','16:39:00','4017054','2','',''),
('1525491620939836','16:41:00','16:41:00','4017056','3','',''),
('1525491620939836','16:43:00','16:43:00','4017058','4','',''),
('1525491620939836','16:43:00','16:43:00','4017059','5','',''),
('1525491620939836','16:44:00','16:44:00','4017060','6','',''),
('1525491620939836','16:47:00','16:47:00','4017061','7','',''),
('1525491620939836','16:50:00','16:50:00','4017063','8','',''),
('1525491620939836','17:02:00','17:02:00','4017065','9','',''),
('1625491610939836','16:54:00','16:54:00','4017052','1','',''),
('1625491610939836','16:58:00','16:58:00','4017054','2','',''),
('1625491610939836','17:00:00','17:00:00','4017056','3','',''),
('1625491610939836','17:02:00','17:02:00','4017058','4','',''),
('1625491610939836','17:02:00','17:02:00','4017059','5','',''),
('1625491610939836','17:03:00','17:03:00','4017060','6','',''),
('1625491610939836','17:06:00','17:06:00','4017061','7','',''),
('1625491610939836','17:09:00','17:09:00','4017063','8','',''),
('1625491610939836','17:21:00','17:21:00','4017065','9','',''),
('1625491620939836','16:54:00','16:54:00','4017052','1','',''),
('1625491620939836','16:58:00','16:58:00','4017054','2','',''),
('1625491620939836','17:00:00','17:00:00','4017056','3','',''),
('1625491620939836','17:02:00','17:02:00','4017058','4','',''),
('1625491620939836','17:02:00','17:02:00','4017059','5','',''),
('1625491620939836','17:03:00','17:03:00','4017060','6','',''),
('1625491620939836','17:06:00','17:06:00','4017061','7','',''),
('1625491620939836','17:09:00','17:09:00','4017063','8','',''),
('1625491620939836','17:21:00','17:21:00','4017065','9','',''),
('1725491610939836','17:14:00','17:14:00','4017052','1','',''),
('1725491610939836','17:18:00','17:18:00','4017054','2','',''),
('1725491610939836','17:20:00','17:20:00','4017056','3','',''),
('1725491610939836','17:22:00','17:22:00','4017058','4','',''),
('1725491610939836','17:23:00','17:23:00','4017059','5','',''),
('1725491610939836','17:24:00','17:24:00','4017060','6','',''),
('1725491610939836','17:27:00','17:27:00','4017061','7','',''),
('1725491610939836','17:30:00','17:30:00','4017063','8','',''),
('1725491610939836','17:42:00','17:42:00','4017065','9','',''),
('1725491620939836','17:14:00','17:14:00','4017052','1','',''),
('1725491620939836','17:18:00','17:18:00','4017054','2','',''),
('1725491620939836','17:20:00','17:20:00','4017056','3','',''),
('1725491620939836','17:22:00','17:22:00','4017058','4','',''),
('1725491620939836','17:23:00','17:23:00','4017059','5','',''),
('1725491620939836','17:24:00','17:24:00','4017060','6','',''),
('1725491620939836','17:27:00','17:27:00','4017061','7','',''),
('1725491620939836','17:30:00','17:30:00','4017063','8','',''),
('1725491620939836','17:42:00','17:42:00','4017065','9','',''),
('1825491610939836','17:34:00','17:34:00','4017052','1','',''),
('1825491610939836','17:38:00','17:38:00','4017054','2','',''),
('1825491610939836','17:40:00','17:40:00','4017056','3','',''),
('1825491610939836','17:42:00','17:42:00','4017058','4','',''),
('1825491610939836','17:43:00','17:43:00','4017059','5','',''),
('1825491610939836','17:44:00','17:44:00','4017060','6','',''),
('1825491610939836','17:47:00','17:47:00','4017061','7','',''),
('1825491610939836','17:50:00','17:50:00','4017063','8','',''),
('1825491610939836','18:02:00','18:02:00','4017065','9','',''),
('1825491620939836','17:34:00','17:34:00','4017052','1','',''),
('1825491620939836','17:38:00','17:38:00','4017054','2','',''),
('1825491620939836','17:40:00','17:40:00','4017056','3','',''),
('1825491620939836','17:42:00','17:42:00','4017058','4','',''),
('1825491620939836','17:43:00','17:43:00','4017059','5','',''),
('1825491620939836','17:44:00','17:44:00','4017060','6','',''),
('1825491620939836','17:47:00','17:47:00','4017061','7','',''),
('1825491620939836','17:50:00','17:50:00','4017063','8','',''),
('1825491620939836','18:02:00','18:02:00','4017065','9','',''),
('1925491610939836','17:54:00','17:54:00','4017052','1','',''),
('1925491610939836','17:58:00','17:58:00','4017054','2','',''),
('1925491610939836','18:00:00','18:00:00','4017056','3','',''),
('1925491610939836','18:02:00','18:02:00','4017058','4','',''),
('1925491610939836','18:03:00','18:03:00','4017059','5','',''),
('1925491610939836','18:04:00','18:04:00','4017060','6','',''),
('1925491610939836','18:07:00','18:07:00','4017061','7','',''),
('1925491610939836','18:10:00','18:10:00','4017063','8','',''),
('1925491610939836','18:22:00','18:22:00','4017065','9','',''),
('1925491620939836','17:54:00','17:54:00','4017052','1','',''),
('1925491620939836','17:58:00','17:58:00','4017054','2','',''),
('1925491620939836','18:00:00','18:00:00','4017056','3','',''),
('1925491620939836','18:02:00','18:02:00','4017058','4','',''),
('1925491620939836','18:03:00','18:03:00','4017059','5','',''),
('1925491620939836','18:04:00','18:04:00','4017060','6','',''),
('1925491620939836','18:07:00','18:07:00','4017061','7','',''),
('1925491620939836','18:10:00','18:10:00','4017063','8','',''),
('1925491620939836','18:22:00','18:22:00','4017065','9','',''),
('2025491610939836','18:14:00','18:14:00','4017052','1','',''),
('2025491610939836','18:18:00','18:18:00','4017054','2','',''),
('2025491610939836','18:20:00','18:20:00','4017056','3','',''),
('2025491610939836','18:22:00','18:22:00','4017058','4','',''),
('2025491610939836','18:23:00','18:23:00','4017059','5','',''),
('2025491610939836','18:24:00','18:24:00','4017060','6','',''),
('2025491610939836','18:27:00','18:27:00','4017061','7','',''),
('2025491610939836','18:30:00','18:30:00','4017063','8','',''),
('2025491610939836','18:42:00','18:42:00','4017065','9','',''),
('2025491620939836','18:14:00','18:14:00','4017052','1','',''),
('2025491620939836','18:18:00','18:18:00','4017054','2','',''),
('2025491620939836','18:20:00','18:20:00','4017056','3','',''),
('2025491620939836','18:22:00','18:22:00','4017058','4','',''),
('2025491620939836','18:23:00','18:23:00','4017059','5','',''),
('2025491620939836','18:24:00','18:24:00','4017060','6','',''),
('2025491620939836','18:27:00','18:27:00','4017061','7','',''),
('2025491620939836','18:30:00','18:30:00','4017063','8','',''),
('2025491620939836','18:42:00','18:42:00','4017065','9','',''),
('2125491610939836','18:34:00','18:34:00','4017052','1','',''),
('2125491610939836','18:38:00','18:38:00','4017054','2','',''),
('2125491610939836','18:40:00','18:40:00','4017056','3','',''),
('2125491610939836','18:42:00','18:42:00','4017058','4','',''),
('2125491610939836','18:42:00','18:42:00','4017059','5','',''),
('2125491610939836','18:43:00','18:43:00','4017060','6','',''),
('2125491610939836','18:46:00','18:46:00','4017061','7','',''),
('2125491610939836','18:50:00','18:50:00','4017063','8','',''),
('2125491610939836','19:01:00','19:01:00','4017065','9','',''),
('2125491620939836','18:34:00','18:34:00','4017052','1','',''),
('2125491620939836','18:38:00','18:38:00','4017054','2','',''),
('2125491620939836','18:40:00','18:40:00','4017056','3','',''),
('2125491620939836','18:42:00','18:42:00','4017058','4','',''),
('2125491620939836','18:42:00','18:42:00','4017059','5','',''),
('2125491620939836','18:43:00','18:43:00','4017060','6','',''),
('2125491620939836','18:46:00','18:46:00','4017061','7','',''),
('2125491620939836','18:50:00','18:50:00','4017063','8','',''),
('2125491620939836','19:01:00','19:01:00','4017065','9','',''),
('2225491610939836','18:54:00','18:54:00','4017052','1','',''),
('2225491610939836','18:58:00','18:58:00','4017054','2','',''),
('2225491610939836','19:00:00','19:00:00','4017056','3','',''),
('2225491610939836','19:02:00','19:02:00','4017058','4','',''),
('2225491610939836','19:02:00','19:02:00','4017059','5','',''),
('2225491610939836','19:03:00','19:03:00','4017060','6','',''),
('2225491610939836','19:06:00','19:06:00','4017061','7','',''),
('2225491610939836','19:09:00','19:09:00','4017063','8','',''),
('2225491610939836','19:19:00','19:19:00','4017065','9','',''),
('2225491620939836','18:54:00','18:54:00','4017052','1','',''),
('2225491620939836','18:58:00','18:58:00','4017054','2','',''),
('2225491620939836','19:00:00','19:00:00','4017056','3','',''),
('2225491620939836','19:02:00','19:02:00','4017058','4','',''),
('2225491620939836','19:02:00','19:02:00','4017059','5','',''),
('2225491620939836','19:03:00','19:03:00','4017060','6','',''),
('2225491620939836','19:06:00','19:06:00','4017061','7','',''),
('2225491620939836','19:09:00','19:09:00','4017063','8','',''),
('2225491620939836','19:19:00','19:19:00','4017065','9','',''),
('225491610939836','07:50:00','07:50:00','4017052','1','',''),
('225491610939836','07:53:00','07:53:00','4017054','2','',''),
('225491610939836','07:54:00','07:54:00','4017056','3','',''),
('225491610939836','07:55:00','07:55:00','4017058','4','',''),
('225491610939836','07:56:00','07:56:00','4017059','5','',''),
('225491610939836','07:56:00','07:56:00','4017060','6','',''),
('225491610939836','08:00:00','08:00:00','4017061','7','',''),
('225491610939836','08:05:00','08:05:00','4017063','8','',''),
('225491610939836','08:17:00','08:17:00','4017065','9','',''),
('225491620939836','07:50:00','07:50:00','4017052','1','',''),
('225491620939836','07:53:00','07:53:00','4017054','2','',''),
('225491620939836','07:54:00','07:54:00','4017056','3','',''),
('225491620939836','07:55:00','07:55:00','4017058','4','',''),
('225491620939836','07:56:00','07:56:00','4017059','5','',''),
('225491620939836','07:56:00','07:56:00','4017060','6','',''),
('225491620939836','08:00:00','08:00:00','4017061','7','',''),
('225491620939836','08:05:00','08:05:00','4017063','8','',''),
('225491620939836','08:17:00','08:17:00','4017065','9','',''),
('2325491610939836','19:14:00','19:14:00','4017052','1','',''),
('2325491610939836','19:18:00','19:18:00','4017054','2','',''),
('2325491610939836','19:19:00','19:19:00','4017056','3','',''),
('2325491610939836','19:21:00','19:21:00','4017058','4','',''),
('2325491610939836','19:21:00','19:21:00','4017059','5','',''),
('2325491610939836','19:22:00','19:22:00','4017060','6','',''),
('2325491610939836','19:25:00','19:25:00','4017061','7','',''),
('2325491610939836','19:28:00','19:28:00','4017063','8','',''),
('2325491610939836','19:37:00','19:37:00','4017065','9','',''),
('2325491620939836','19:14:00','19:14:00','4017052','1','',''),
('2325491620939836','19:18:00','19:18:00','4017054','2','',''),
('2325491620939836','19:19:00','19:19:00','4017056','3','',''),
('2325491620939836','19:21:00','19:21:00','4017058','4','',''),
('2325491620939836','19:21:00','19:21:00','4017059','5','',''),
('2325491620939836','19:22:00','19:22:00','4017060','6','',''),
('2325491620939836','19:25:00','19:25:00','4017061','7','',''),
('2325491620939836','19:28:00','19:28:00','4017063','8','',''),
('2325491620939836','19:37:00','19:37:00','4017065','9','',''),
('2425491610939836','19:46:00','19:46:00','4017052','1','',''),
('2425491610939836','19:49:00','19:49:00','4017054','2','',''),
('2425491610939836','19:50:00','19:50:00','4017056','3','',''),
('2425491610939836','19:52:00','19:52:00','4017058','4','',''),
('2425491610939836','19:53:00','19:53:00','4017059','5','',''),
('2425491610939836','19:53:00','19:53:00','4017060','6','',''),
('2425491610939836','19:56:00','19:56:00','4017061','7','',''),
('2425491610939836','19:59:00','19:59:00','4017063','8','',''),
('2425491610939836','20:06:00','20:06:00','4017065','9','',''),
('2425491620939836','19:46:00','19:46:00','4017052','1','',''),
('2425491620939836','19:49:00','19:49:00','4017054','2','',''),
('2425491620939836','19:50:00','19:50:00','4017056','3','',''),
('2425491620939836','19:52:00','19:52:00','4017058','4','',''),
('2425491620939836','19:53:00','19:53:00','4017059','5','',''),
('2425491620939836','19:53:00','19:53:00','4017060','6','',''),
('2425491620939836','19:56:00','19:56:00','4017061','7','',''),
('2425491620939836','19:59:00','19:59:00','4017063','8','',''),
('2425491620939836','20:06:00','20:06:00','4017065','9','',''),
('325491610939836','08:10:00','08:10:00','4017052','1','',''),
('325491610939836','08:13:00','08:13:00','4017054','2','',''),
('325491610939836','08:14:00','08:14:00','4017056','3','',''),
('325491610939836','08:16:00','08:16:00','4017058','4','',''),
('325491610939836','08:17:00','08:17:00','4017059','5','',''),
('325491610939836','08:17:00','08:17:00','4017060','6','',''),
('325491610939836','08:21:00','08:21:00','4017061','7','',''),
('325491610939836','08:25:00','08:25:00','4017063','8','',''),
('325491610939836','08:38:00','08:38:00','4017065','9','',''),
('325491620939836','08:10:00','08:10:00','4017052','1','',''),
('325491620939836','08:13:00','08:13:00','4017054','2','',''),
('325491620939836','08:14:00','08:14:00','4017056','3','',''),
('325491620939836','08:16:00','08:16:00','4017058','4','',''),
('325491620939836','08:17:00','08:17:00','4017059','5','',''),
('325491620939836','08:17:00','08:17:00','4017060','6','',''),
('325491620939836','08:21:00','08:21:00','4017061','7','',''),
('325491620939836','08:25:00','08:25:00','4017063','8','',''),
('325491620939836','08:38:00','08:38:00','4017065','9','',''),
('425491610939836','08:30:00','08:30:00','4017052','1','',''),
('425491610939836','08:33:00','08:33:00','4017054','2','',''),
('425491610939836','08:34:00','08:34:00','4017056','3','',''),
('425491610939836','08:36:00','08:36:00','4017058','4','',''),
('425491610939836','08:37:00','08:37:00','4017059','5','',''),
('425491610939836','08:37:00','08:37:00','4017060','6','',''),
('425491610939836','08:40:00','08:40:00','4017061','7','',''),
('425491610939836','08:44:00','08:44:00','4017063','8','',''),
('425491610939836','08:58:00','08:58:00','4017065','9','',''),
('425491620939836','08:30:00','08:30:00','4017052','1','',''),
('425491620939836','08:33:00','08:33:00','4017054','2','',''),
('425491620939836','08:34:00','08:34:00','4017056','3','',''),
('425491620939836','08:36:00','08:36:00','4017058','4','',''),
('425491620939836','08:37:00','08:37:00','4017059','5','',''),
('425491620939836','08:37:00','08:37:00','4017060','6','',''),
('425491620939836','08:40:00','08:40:00','4017061','7','',''),
('425491620939836','08:44:00','08:44:00','4017063','8','',''),
('425491620939836','08:58:00','08:58:00','4017065','9','',''),
('525491610939836','08:50:00','08:50:00','4017052','1','',''),
('525491610939836','08:53:00','08:53:00','4017054','2','',''),
('525491610939836','08:54:00','08:54:00','4017056','3','',''),
('525491610939836','08:56:00','08:56:00','4017058','4','',''),
('525491610939836','08:57:00','08:57:00','4017059','5','',''),
('525491610939836','08:57:00','08:57:00','4017060','6','',''),
('525491610939836','09:00:00','09:00:00','4017061','7','',''),
('525491610939836','09:04:00','09:04:00','4017063','8','',''),
('525491610939836','09:18:00','09:18:00','4017065','9','',''),
('525491620939836','08:50:00','08:50:00','4017052','1','',''),
('525491620939836','08:53:00','08:53:00','4017054','2','',''),
('525491620939836','08:54:00','08:54:00','4017056','3','',''),
('525491620939836','08:56:00','08:56:00','4017058','4','',''),
('525491620939836','08:57:00','08:57:00','4017059','5','',''),
('525491620939836','08:57:00','08:57:00','4017060','6','',''),
('525491620939836','09:00:00','09:00:00','4017061','7','',''),
('525491620939836','09:04:00','09:04:00','4017063','8','',''),
('525491620939836','09:18:00','09:18:00','4017065','9','',''),
('625491610939836','09:10:00','09:10:00','4017052','1','',''),
('625491610939836','09:13:00','09:13:00','4017054','2','',''),
('625491610939836','09:14:00','09:14:00','4017056','3','',''),
('625491610939836','09:16:00','09:16:00','4017058','4','',''),
('625491610939836','09:17:00','09:17:00','4017059','5','',''),
('625491610939836','09:17:00','09:17:00','4017060','6','',''),
('625491610939836','09:20:00','09:20:00','4017061','7','',''),
('625491610939836','09:23:00','09:23:00','4017063','8','',''),
('625491610939836','09:37:00','09:37:00','4017065','9','',''),
('625491620939836','09:10:00','09:10:00','4017052','1','',''),
('625491620939836','09:13:00','09:13:00','4017054','2','',''),
('625491620939836','09:14:00','09:14:00','4017056','3','',''),
('625491620939836','09:16:00','09:16:00','4017058','4','',''),
('625491620939836','09:17:00','09:17:00','4017059','5','',''),
('625491620939836','09:17:00','09:17:00','4017060','6','',''),
('625491620939836','09:20:00','09:20:00','4017061','7','',''),
('625491620939836','09:23:00','09:23:00','4017063','8','',''),
('625491620939836','09:37:00','09:37:00','4017065','9','',''),
('725491610939836','09:30:00','09:30:00','4017052','1','',''),
('725491610939836','09:33:00','09:33:00','4017054','2','',''),
('725491610939836','09:34:00','09:34:00','4017056','3','',''),
('725491610939836','09:36:00','09:36:00','4017058','4','',''),
('725491610939836','09:37:00','09:37:00','4017059','5','',''),
('725491610939836','09:37:00','09:37:00','4017060','6','',''),
('725491610939836','09:40:00','09:40:00','4017061','7','',''),
('725491610939836','09:43:00','09:43:00','4017063','8','',''),
('725491610939836','09:56:00','09:56:00','4017065','9','',''),
('725491620939836','09:30:00','09:30:00','4017052','1','',''),
('725491620939836','09:33:00','09:33:00','4017054','2','',''),
('725491620939836','09:34:00','09:34:00','4017056','3','',''),
('725491620939836','09:36:00','09:36:00','4017058','4','',''),
('725491620939836','09:37:00','09:37:00','4017059','5','',''),
('725491620939836','09:37:00','09:37:00','4017060','6','',''),
('725491620939836','09:40:00','09:40:00','4017061','7','',''),
('725491620939836','09:43:00','09:43:00','4017063','8','',''),
('725491620939836','09:56:00','09:56:00','4017065','9','',''),
('825491610939836','09:50:00','09:50:00','4017052','1','',''),
('825491610939836','09:53:00','09:53:00','4017054','2','',''),
('825491610939836','09:54:00','09:54:00','4017056','3','',''),
('825491610939836','09:56:00','09:56:00','4017058','4','',''),
('825491610939836','09:57:00','09:57:00','4017059','5','',''),
('825491610939836','09:57:00','09:57:00','4017060','6','',''),
('825491610939836','10:00:00','10:00:00','4017061','7','',''),
('825491610939836','10:03:00','10:03:00','4017063','8','',''),
('825491610939836','10:15:00','10:15:00','4017065','9','',''),
('825491620939836','09:50:00','09:50:00','4017052','1','',''),
('825491620939836','09:53:00','09:53:00','4017054','2','',''),
('825491620939836','09:54:00','09:54:00','4017056','3','',''),
('825491620939836','09:56:00','09:56:00','4017058','4','',''),
('825491620939836','09:57:00','09:57:00','4017059','5','',''),
('825491620939836','09:57:00','09:57:00','4017060','6','',''),
('825491620939836','10:00:00','10:00:00','4017061','7','',''),
('825491620939836','10:03:00','10:03:00','4017063','8','',''),
('825491620939836','10:15:00','10:15:00','4017065','9','',''),
('925491610939836','10:40:00','10:40:00','4017052','1','',''),
('925491610939836','10:43:00','10:43:00','4017054','2','',''),
('925491610939836','10:44:00','10:44:00','4017056','3','',''),
('925491610939836','10:46:00','10:46:00','4017058','4','',''),
('925491610939836','10:47:00','10:47:00','4017059','5','',''),
('925491610939836','10:47:00','10:47:00','4017060','6','',''),
('925491610939836','10:50:00','10:50:00','4017061','7','',''),
('925491610939836','10:53:00','10:53:00','4017063','8','',''),
('925491610939836','11:04:00','11:04:00','4017065','9','',''),
('925491620939836','10:40:00','10:40:00','4017052','1','',''),
('925491620939836','10:43:00','10:43:00','4017054','2','',''),
('925491620939836','10:44:00','10:44:00','4017056','3','',''),
('925491620939836','10:46:00','10:46:00','4017058','4','',''),
('925491620939836','10:47:00','10:47:00','4017059','5','',''),
('925491620939836','10:47:00','10:47:00','4017060','6','',''),
('925491620939836','10:50:00','10:50:00','4017061','7','',''),
('925491620939836','10:53:00','10:53:00','4017063','8','',''),
('925491620939836','11:04:00','11:04:00','4017065','9','',''),
('1025491610962636','16:30:00','16:30:00','4017063','1','',''),
('1025491610962636','16:41:00','16:41:00','4017065','2','',''),
('1025491620962636','16:30:00','16:30:00','4017063','1','',''),
('1025491620962636','16:41:00','16:41:00','4017065','2','',''),
('1125491610962636','16:40:00','16:40:00','4017063','1','',''),
('1125491610962636','16:51:00','16:51:00','4017065','2','',''),
('1125491620962636','16:40:00','16:40:00','4017063','1','',''),
('1125491620962636','16:51:00','16:51:00','4017065','2','',''),
('1225491610962636','17:00:00','17:00:00','4017063','1','',''),
('1225491610962636','17:11:00','17:11:00','4017065','2','',''),
('1225491620962636','17:00:00','17:00:00','4017063','1','',''),
('1225491620962636','17:11:00','17:11:00','4017065','2','',''),
('125491610962636','07:37:00','07:37:00','4017063','1','',''),
('125491610962636','07:47:00','07:47:00','4017065','2','',''),
('125491620962636','07:37:00','07:37:00','4017063','1','',''),
('125491620962636','07:47:00','07:47:00','4017065','2','',''),
('1325491610962636','17:20:00','17:20:00','4017063','1','',''),
('1325491610962636','17:31:00','17:31:00','4017065','2','',''),
('1325491620962636','17:20:00','17:20:00','4017063','1','',''),
('1325491620962636','17:31:00','17:31:00','4017065','2','',''),
('1425491610962636','17:40:00','17:40:00','4017063','1','',''),
('1425491610962636','17:51:00','17:51:00','4017065','2','',''),
('1425491620962636','17:40:00','17:40:00','4017063','1','',''),
('1425491620962636','17:51:00','17:51:00','4017065','2','',''),
('1525491610962636','18:00:00','18:00:00','4017063','1','',''),
('1525491610962636','18:11:00','18:11:00','4017065','2','',''),
('1525491620962636','18:00:00','18:00:00','4017063','1','',''),
('1525491620962636','18:11:00','18:11:00','4017065','2','',''),
('1625491610962636','18:20:00','18:20:00','4017063','1','',''),
('1625491610962636','18:31:00','18:31:00','4017065','2','',''),
('1625491620962636','18:20:00','18:20:00','4017063','1','',''),
('1625491620962636','18:31:00','18:31:00','4017065','2','',''),
('1725491610962636','18:40:00','18:40:00','4017063','1','',''),
('1725491610962636','18:51:00','18:51:00','4017065','2','',''),
('1725491620962636','18:40:00','18:40:00','4017063','1','',''),
('1725491620962636','18:51:00','18:51:00','4017065','2','',''),
('1825491610962636','19:00:00','19:00:00','4017063','1','',''),
('1825491610962636','19:10:00','19:10:00','4017065','2','',''),
('1825491620962636','19:00:00','19:00:00','4017063','1','',''),
('1825491620962636','19:10:00','19:10:00','4017065','2','',''),
('1925491610962636','19:20:00','19:20:00','4017063','1','',''),
('1925491610962636','19:28:00','19:28:00','4017065','2','',''),
('1925491620962636','19:20:00','19:20:00','4017063','1','',''),
('1925491620962636','19:28:00','19:28:00','4017065','2','',''),
('2025491610962636','19:40:00','19:40:00','4017063','1','',''),
('2025491610962636','19:47:00','19:47:00','4017065','2','',''),
('2025491620962636','19:40:00','19:40:00','4017063','1','',''),
('2025491620962636','19:47:00','19:47:00','4017065','2','',''),
('225491610962636','07:57:00','07:57:00','4017063','1','',''),
('225491610962636','08:08:00','08:08:00','4017065','2','',''),
('225491620962636','07:57:00','07:57:00','4017063','1','',''),
('225491620962636','08:08:00','08:08:00','4017065','2','',''),
('325491610962636','08:17:00','08:17:00','4017063','1','',''),
('325491610962636','08:29:00','08:29:00','4017065','2','',''),
('325491620962636','08:17:00','08:17:00','4017063','1','',''),
('325491620962636','08:29:00','08:29:00','4017065','2','',''),
('425491610962636','08:37:00','08:37:00','4017063','1','',''),
('425491610962636','08:49:00','08:49:00','4017065','2','',''),
('425491620962636','08:37:00','08:37:00','4017063','1','',''),
('425491620962636','08:49:00','08:49:00','4017065','2','',''),
('525491610962636','08:56:00','08:56:00','4017063','1','',''),
('525491610962636','09:09:00','09:09:00','4017065','2','',''),
('525491620962636','08:56:00','08:56:00','4017063','1','',''),
('525491620962636','09:09:00','09:09:00','4017065','2','',''),
('625491610962636','09:16:00','09:16:00','4017063','1','',''),
('625491610962636','09:29:00','09:29:00','4017065','2','',''),
('625491620962636','09:16:00','09:16:00','4017063','1','',''),
('625491620962636','09:29:00','09:29:00','4017065','2','',''),
('725491610962636','09:36:00','09:36:00','4017063','1','',''),
('725491610962636','09:49:00','09:49:00','4017065','2','',''),
('725491620962636','09:36:00','09:36:00','4017063','1','',''),
('725491620962636','09:49:00','09:49:00','4017065','2','',''),
('825491610962636','16:05:00','16:05:00','4017063','1','',''),
('825491610962636','16:16:00','16:16:00','4017065','2','',''),
('825491620962636','16:05:00','16:05:00','4017063','1','',''),
('825491620962636','16:16:00','16:16:00','4017065','2','',''),
('925491610962636','16:20:00','16:20:00','4017063','1','',''),
('925491610962636','16:31:00','16:31:00','4017065','2','',''),
('925491620962636','16:20:00','16:20:00','4017063','1','',''),
('925491620962636','16:31:00','16:31:00','4017065','2','',''),
('1025491610939835','13:10:00','13:10:00','4017066','1','',''),
('1025491610939835','13:16:00','13:16:00','4017064','2','',''),
('1025491610939835','13:20:00','13:20:00','4017062','3','',''),
('1025491610939835','13:23:00','13:23:00','4017067','4','',''),
('1025491610939835','13:26:00','13:26:00','4017068','5','',''),
('1025491610939835','13:28:00','13:28:00','4017057','6','',''),
('1025491610939835','13:30:00','13:30:00','4017055','7','',''),
('1025491610939835','13:32:00','13:32:00','4017053','8','',''),
('1025491620939835','13:10:00','13:10:00','4017066','1','',''),
('1025491620939835','13:16:00','13:16:00','4017064','2','',''),
('1025491620939835','13:20:00','13:20:00','4017062','3','',''),
('1025491620939835','13:23:00','13:23:00','4017067','4','',''),
('1025491620939835','13:26:00','13:26:00','4017068','5','',''),
('1025491620939835','13:28:00','13:28:00','4017057','6','',''),
('1025491620939835','13:30:00','13:30:00','4017055','7','',''),
('1025491620939835','13:32:00','13:32:00','4017053','8','',''),
('1125491610939835','14:10:00','14:10:00','4017066','1','',''),
('1125491610939835','14:16:00','14:16:00','4017064','2','',''),
('1125491610939835','14:20:00','14:20:00','4017062','3','',''),
('1125491610939835','14:23:00','14:23:00','4017067','4','',''),
('1125491610939835','14:26:00','14:26:00','4017068','5','',''),
('1125491610939835','14:28:00','14:28:00','4017057','6','',''),
('1125491610939835','14:30:00','14:30:00','4017055','7','',''),
('1125491610939835','14:32:00','14:32:00','4017053','8','',''),
('1125491620939835','14:10:00','14:10:00','4017066','1','',''),
('1125491620939835','14:16:00','14:16:00','4017064','2','',''),
('1125491620939835','14:20:00','14:20:00','4017062','3','',''),
('1125491620939835','14:23:00','14:23:00','4017067','4','',''),
('1125491620939835','14:26:00','14:26:00','4017068','5','',''),
('1125491620939835','14:28:00','14:28:00','4017057','6','',''),
('1125491620939835','14:30:00','14:30:00','4017055','7','',''),
('1125491620939835','14:32:00','14:32:00','4017053','8','',''),
('1225491610939835','15:10:00','15:10:00','4017066','1','',''),
('1225491610939835','15:16:00','15:16:00','4017064','2','',''),
('1225491610939835','15:20:00','15:20:00','4017062','3','',''),
('1225491610939835','15:23:00','15:23:00','4017067','4','',''),
('1225491610939835','15:26:00','15:26:00','4017068','5','',''),
('1225491610939835','15:28:00','15:28:00','4017057','6','',''),
('1225491610939835','15:30:00','15:30:00','4017055','7','',''),
('1225491610939835','15:32:00','15:32:00','4017053','8','',''),
('1225491620939835','15:10:00','15:10:00','4017066','1','',''),
('1225491620939835','15:16:00','15:16:00','4017064','2','',''),
('1225491620939835','15:20:00','15:20:00','4017062','3','',''),
('1225491620939835','15:23:00','15:23:00','4017067','4','',''),
('1225491620939835','15:26:00','15:26:00','4017068','5','',''),
('1225491620939835','15:28:00','15:28:00','4017057','6','',''),
('1225491620939835','15:30:00','15:30:00','4017055','7','',''),
('1225491620939835','15:32:00','15:32:00','4017053','8','',''),
('125491610939835','07:40:00','07:40:00','4017066','1','',''),
('125491610939835','07:47:00','07:47:00','4017064','2','',''),
('125491610939835','07:51:00','07:51:00','4017062','3','',''),
('125491610939835','07:54:00','07:54:00','4017067','4','',''),
('125491610939835','07:57:00','07:57:00','4017068','5','',''),
('125491610939835','08:00:00','08:00:00','4017057','6','',''),
('125491610939835','08:02:00','08:02:00','4017055','7','',''),
('125491610939835','08:04:00','08:04:00','4017053','8','',''),
('125491620939835','07:40:00','07:40:00','4017066','1','',''),
('125491620939835','07:47:00','07:47:00','4017064','2','',''),
('125491620939835','07:51:00','07:51:00','4017062','3','',''),
('125491620939835','07:54:00','07:54:00','4017067','4','',''),
('125491620939835','07:57:00','07:57:00','4017068','5','',''),
('125491620939835','08:00:00','08:00:00','4017057','6','',''),
('125491620939835','08:02:00','08:02:00','4017055','7','',''),
('125491620939835','08:04:00','08:04:00','4017053','8','',''),
('1325491610939835','16:00:00','16:00:00','4017066','1','',''),
('1325491610939835','16:06:00','16:06:00','4017064','2','',''),
('1325491610939835','16:10:00','16:10:00','4017062','3','',''),
('1325491610939835','16:13:00','16:13:00','4017067','4','',''),
('1325491610939835','16:16:00','16:16:00','4017068','5','',''),
('1325491610939835','16:18:00','16:18:00','4017057','6','',''),
('1325491610939835','16:20:00','16:20:00','4017055','7','',''),
('1325491610939835','16:22:00','16:22:00','4017053','8','',''),
('1325491620939835','16:00:00','16:00:00','4017066','1','',''),
('1325491620939835','16:06:00','16:06:00','4017064','2','',''),
('1325491620939835','16:10:00','16:10:00','4017062','3','',''),
('1325491620939835','16:13:00','16:13:00','4017067','4','',''),
('1325491620939835','16:16:00','16:16:00','4017068','5','',''),
('1325491620939835','16:18:00','16:18:00','4017057','6','',''),
('1325491620939835','16:20:00','16:20:00','4017055','7','',''),
('1325491620939835','16:22:00','16:22:00','4017053','8','',''),
('1425491610939835','16:20:00','16:20:00','4017066','1','',''),
('1425491610939835','16:26:00','16:26:00','4017064','2','',''),
('1425491610939835','16:30:00','16:30:00','4017062','3','',''),
('1425491610939835','16:33:00','16:33:00','4017067','4','',''),
('1425491610939835','16:36:00','16:36:00','4017068','5','',''),
('1425491610939835','16:38:00','16:38:00','4017057','6','',''),
('1425491610939835','16:40:00','16:40:00','4017055','7','',''),
('1425491610939835','16:42:00','16:42:00','4017053','8','',''),
('1425491620939835','16:20:00','16:20:00','4017066','1','',''),
('1425491620939835','16:26:00','16:26:00','4017064','2','',''),
('1425491620939835','16:30:00','16:30:00','4017062','3','',''),
('1425491620939835','16:33:00','16:33:00','4017067','4','',''),
('1425491620939835','16:36:00','16:36:00','4017068','5','',''),
('1425491620939835','16:38:00','16:38:00','4017057','6','',''),
('1425491620939835','16:40:00','16:40:00','4017055','7','',''),
('1425491620939835','16:42:00','16:42:00','4017053','8','',''),
('1525491610939835','16:40:00','16:40:00','4017066','1','',''),
('1525491610939835','16:46:00','16:46:00','4017064','2','',''),
('1525491610939835','16:50:00','16:50:00','4017062','3','',''),
('1525491610939835','16:53:00','16:53:00','4017067','4','',''),
('1525491610939835','16:56:00','16:56:00','4017068','5','',''),
('1525491610939835','16:58:00','16:58:00','4017057','6','',''),
('1525491610939835','17:00:00','17:00:00','4017055','7','',''),
('1525491610939835','17:02:00','17:02:00','4017053','8','',''),
('1525491620939835','16:40:00','16:40:00','4017066','1','',''),
('1525491620939835','16:46:00','16:46:00','4017064','2','',''),
('1525491620939835','16:50:00','16:50:00','4017062','3','',''),
('1525491620939835','16:53:00','16:53:00','4017067','4','',''),
('1525491620939835','16:56:00','16:56:00','4017068','5','',''),
('1525491620939835','16:58:00','16:58:00','4017057','6','',''),
('1525491620939835','17:00:00','17:00:00','4017055','7','',''),
('1525491620939835','17:02:00','17:02:00','4017053','8','',''),
('1625491610939835','17:00:00','17:00:00','4017066','1','',''),
('1625491610939835','17:06:00','17:06:00','4017064','2','',''),
('1625491610939835','17:10:00','17:10:00','4017062','3','',''),
('1625491610939835','17:13:00','17:13:00','4017067','4','',''),
('1625491610939835','17:16:00','17:16:00','4017068','5','',''),
('1625491610939835','17:18:00','17:18:00','4017057','6','',''),
('1625491610939835','17:20:00','17:20:00','4017055','7','',''),
('1625491610939835','17:22:00','17:22:00','4017053','8','',''),
('1625491620939835','17:00:00','17:00:00','4017066','1','',''),
('1625491620939835','17:06:00','17:06:00','4017064','2','',''),
('1625491620939835','17:10:00','17:10:00','4017062','3','',''),
('1625491620939835','17:13:00','17:13:00','4017067','4','',''),
('1625491620939835','17:16:00','17:16:00','4017068','5','',''),
('1625491620939835','17:18:00','17:18:00','4017057','6','',''),
('1625491620939835','17:20:00','17:20:00','4017055','7','',''),
('1625491620939835','17:22:00','17:22:00','4017053','8','',''),
('1725491610939835','17:20:00','17:20:00','4017066','1','',''),
('1725491610939835','17:26:00','17:26:00','4017064','2','',''),
('1725491610939835','17:30:00','17:30:00','4017062','3','',''),
('1725491610939835','17:33:00','17:33:00','4017067','4','',''),
('1725491610939835','17:36:00','17:36:00','4017068','5','',''),
('1725491610939835','17:38:00','17:38:00','4017057','6','',''),
('1725491610939835','17:40:00','17:40:00','4017055','7','',''),
('1725491610939835','17:42:00','17:42:00','4017053','8','',''),
('1725491620939835','17:20:00','17:20:00','4017066','1','',''),
('1725491620939835','17:26:00','17:26:00','4017064','2','',''),
('1725491620939835','17:30:00','17:30:00','4017062','3','',''),
('1725491620939835','17:33:00','17:33:00','4017067','4','',''),
('1725491620939835','17:36:00','17:36:00','4017068','5','',''),
('1725491620939835','17:38:00','17:38:00','4017057','6','',''),
('1725491620939835','17:40:00','17:40:00','4017055','7','',''),
('1725491620939835','17:42:00','17:42:00','4017053','8','',''),
('1825491610939835','17:40:00','17:40:00','4017066','1','',''),
('1825491610939835','17:46:00','17:46:00','4017064','2','',''),
('1825491610939835','17:50:00','17:50:00','4017062','3','',''),
('1825491610939835','17:53:00','17:53:00','4017067','4','',''),
('1825491610939835','17:56:00','17:56:00','4017068','5','',''),
('1825491610939835','17:59:00','17:59:00','4017057','6','',''),
('1825491610939835','18:01:00','18:01:00','4017055','7','',''),
('1825491610939835','18:03:00','18:03:00','4017053','8','',''),
('1825491620939835','17:40:00','17:40:00','4017066','1','',''),
('1825491620939835','17:46:00','17:46:00','4017064','2','',''),
('1825491620939835','17:50:00','17:50:00','4017062','3','',''),
('1825491620939835','17:53:00','17:53:00','4017067','4','',''),
('1825491620939835','17:56:00','17:56:00','4017068','5','',''),
('1825491620939835','17:59:00','17:59:00','4017057','6','',''),
('1825491620939835','18:01:00','18:01:00','4017055','7','',''),
('1825491620939835','18:03:00','18:03:00','4017053','8','',''),
('1925491610939835','18:00:00','18:00:00','4017066','1','',''),
('1925491610939835','18:06:00','18:06:00','4017064','2','',''),
('1925491610939835','18:09:00','18:09:00','4017062','3','',''),
('1925491610939835','18:12:00','18:12:00','4017067','4','',''),
('1925491610939835','18:16:00','18:16:00','4017068','5','',''),
('1925491610939835','18:19:00','18:19:00','4017057','6','',''),
('1925491610939835','18:21:00','18:21:00','4017055','7','',''),
('1925491610939835','18:23:00','18:23:00','4017053','8','',''),
('1925491620939835','18:00:00','18:00:00','4017066','1','',''),
('1925491620939835','18:06:00','18:06:00','4017064','2','',''),
('1925491620939835','18:09:00','18:09:00','4017062','3','',''),
('1925491620939835','18:12:00','18:12:00','4017067','4','',''),
('1925491620939835','18:16:00','18:16:00','4017068','5','',''),
('1925491620939835','18:19:00','18:19:00','4017057','6','',''),
('1925491620939835','18:21:00','18:21:00','4017055','7','',''),
('1925491620939835','18:23:00','18:23:00','4017053','8','',''),
('2025491610939835','18:20:00','18:20:00','4017066','1','',''),
('2025491610939835','18:26:00','18:26:00','4017064','2','',''),
('2025491610939835','18:29:00','18:29:00','4017062','3','',''),
('2025491610939835','18:32:00','18:32:00','4017067','4','',''),
('2025491610939835','18:35:00','18:35:00','4017068','5','',''),
('2025491610939835','18:38:00','18:38:00','4017057','6','',''),
('2025491610939835','18:40:00','18:40:00','4017055','7','',''),
('2025491610939835','18:42:00','18:42:00','4017053','8','',''),
('2025491620939835','18:20:00','18:20:00','4017066','1','',''),
('2025491620939835','18:26:00','18:26:00','4017064','2','',''),
('2025491620939835','18:29:00','18:29:00','4017062','3','',''),
('2025491620939835','18:32:00','18:32:00','4017067','4','',''),
('2025491620939835','18:35:00','18:35:00','4017068','5','',''),
('2025491620939835','18:38:00','18:38:00','4017057','6','',''),
('2025491620939835','18:40:00','18:40:00','4017055','7','',''),
('2025491620939835','18:42:00','18:42:00','4017053','8','',''),
('2125491610939835','18:40:00','18:40:00','4017066','1','',''),
('2125491610939835','18:46:00','18:46:00','4017064','2','',''),
('2125491610939835','18:49:00','18:49:00','4017062','3','',''),
('2125491610939835','18:52:00','18:52:00','4017067','4','',''),
('2125491610939835','18:55:00','18:55:00','4017068','5','',''),
('2125491610939835','18:58:00','18:58:00','4017057','6','',''),
('2125491610939835','19:00:00','19:00:00','4017055','7','',''),
('2125491610939835','19:02:00','19:02:00','4017053','8','',''),
('2125491620939835','18:40:00','18:40:00','4017066','1','',''),
('2125491620939835','18:46:00','18:46:00','4017064','2','',''),
('2125491620939835','18:49:00','18:49:00','4017062','3','',''),
('2125491620939835','18:52:00','18:52:00','4017067','4','',''),
('2125491620939835','18:55:00','18:55:00','4017068','5','',''),
('2125491620939835','18:58:00','18:58:00','4017057','6','',''),
('2125491620939835','19:00:00','19:00:00','4017055','7','',''),
('2125491620939835','19:02:00','19:02:00','4017053','8','',''),
('2225491610939835','19:00:00','19:00:00','4017066','1','',''),
('2225491610939835','19:06:00','19:06:00','4017064','2','',''),
('2225491610939835','19:09:00','19:09:00','4017062','3','',''),
('2225491610939835','19:12:00','19:12:00','4017067','4','',''),
('2225491610939835','19:15:00','19:15:00','4017068','5','',''),
('2225491610939835','19:17:00','19:17:00','4017057','6','',''),
('2225491610939835','19:19:00','19:19:00','4017055','7','',''),
('2225491610939835','19:21:00','19:21:00','4017053','8','',''),
('2225491620939835','19:00:00','19:00:00','4017066','1','',''),
('2225491620939835','19:06:00','19:06:00','4017064','2','',''),
('2225491620939835','19:09:00','19:09:00','4017062','3','',''),
('2225491620939835','19:12:00','19:12:00','4017067','4','',''),
('2225491620939835','19:15:00','19:15:00','4017068','5','',''),
('2225491620939835','19:17:00','19:17:00','4017057','6','',''),
('2225491620939835','19:19:00','19:19:00','4017055','7','',''),
('2225491620939835','19:21:00','19:21:00','4017053','8','',''),
('225491610939835','08:00:00','08:00:00','4017066','1','',''),
('225491610939835','08:07:00','08:07:00','4017064','2','',''),
('225491610939835','08:11:00','08:11:00','4017062','3','',''),
('225491610939835','08:14:00','08:14:00','4017067','4','',''),
('225491610939835','08:18:00','08:18:00','4017068','5','',''),
('225491610939835','08:21:00','08:21:00','4017057','6','',''),
('225491610939835','08:23:00','08:23:00','4017055','7','',''),
('225491610939835','08:25:00','08:25:00','4017053','8','',''),
('225491620939835','08:00:00','08:00:00','4017066','1','',''),
('225491620939835','08:07:00','08:07:00','4017064','2','',''),
('225491620939835','08:11:00','08:11:00','4017062','3','',''),
('225491620939835','08:14:00','08:14:00','4017067','4','',''),
('225491620939835','08:18:00','08:18:00','4017068','5','',''),
('225491620939835','08:21:00','08:21:00','4017057','6','',''),
('225491620939835','08:23:00','08:23:00','4017055','7','',''),
('225491620939835','08:25:00','08:25:00','4017053','8','',''),
('2325491610939835','19:20:00','19:20:00','4017066','1','',''),
('2325491610939835','19:26:00','19:26:00','4017064','2','',''),
('2325491610939835','19:29:00','19:29:00','4017062','3','',''),
('2325491610939835','19:32:00','19:32:00','4017067','4','',''),
('2325491610939835','19:35:00','19:35:00','4017068','5','',''),
('2325491610939835','19:37:00','19:37:00','4017057','6','',''),
('2325491610939835','19:38:00','19:38:00','4017055','7','',''),
('2325491610939835','19:40:00','19:40:00','4017053','8','',''),
('2325491620939835','19:20:00','19:20:00','4017066','1','',''),
('2325491620939835','19:26:00','19:26:00','4017064','2','',''),
('2325491620939835','19:29:00','19:29:00','4017062','3','',''),
('2325491620939835','19:32:00','19:32:00','4017067','4','',''),
('2325491620939835','19:35:00','19:35:00','4017068','5','',''),
('2325491620939835','19:37:00','19:37:00','4017057','6','',''),
('2325491620939835','19:38:00','19:38:00','4017055','7','',''),
('2325491620939835','19:40:00','19:40:00','4017053','8','',''),
('325491610939835','08:20:00','08:20:00','4017066','1','',''),
('325491610939835','08:27:00','08:27:00','4017064','2','',''),
('325491610939835','08:31:00','08:31:00','4017062','3','',''),
('325491610939835','08:34:00','08:34:00','4017067','4','',''),
('325491610939835','08:38:00','08:38:00','4017068','5','',''),
('325491610939835','08:41:00','08:41:00','4017057','6','',''),
('325491610939835','08:43:00','08:43:00','4017055','7','',''),
('325491610939835','08:45:00','08:45:00','4017053','8','',''),
('325491620939835','08:20:00','08:20:00','4017066','1','',''),
('325491620939835','08:27:00','08:27:00','4017064','2','',''),
('325491620939835','08:31:00','08:31:00','4017062','3','',''),
('325491620939835','08:34:00','08:34:00','4017067','4','',''),
('325491620939835','08:38:00','08:38:00','4017068','5','',''),
('325491620939835','08:41:00','08:41:00','4017057','6','',''),
('325491620939835','08:43:00','08:43:00','4017055','7','',''),
('325491620939835','08:45:00','08:45:00','4017053','8','',''),
('425491610939835','08:40:00','08:40:00','4017066','1','',''),
('425491610939835','08:46:00','08:46:00','4017064','2','',''),
('425491610939835','08:50:00','08:50:00','4017062','3','',''),
('425491610939835','08:54:00','08:54:00','4017067','4','',''),
('425491610939835','08:58:00','08:58:00','4017068','5','',''),
('425491610939835','09:01:00','09:01:00','4017057','6','',''),
('425491610939835','09:03:00','09:03:00','4017055','7','',''),
('425491610939835','09:05:00','09:05:00','4017053','8','',''),
('425491620939835','08:40:00','08:40:00','4017066','1','',''),
('425491620939835','08:46:00','08:46:00','4017064','2','',''),
('425491620939835','08:50:00','08:50:00','4017062','3','',''),
('425491620939835','08:54:00','08:54:00','4017067','4','',''),
('425491620939835','08:58:00','08:58:00','4017068','5','',''),
('425491620939835','09:01:00','09:01:00','4017057','6','',''),
('425491620939835','09:03:00','09:03:00','4017055','7','',''),
('425491620939835','09:05:00','09:05:00','4017053','8','',''),
('525491610939835','09:00:00','09:00:00','4017066','1','',''),
('525491610939835','09:06:00','09:06:00','4017064','2','',''),
('525491610939835','09:10:00','09:10:00','4017062','3','',''),
('525491610939835','09:13:00','09:13:00','4017067','4','',''),
('525491610939835','09:17:00','09:17:00','4017068','5','',''),
('525491610939835','09:20:00','09:20:00','4017057','6','',''),
('525491610939835','09:22:00','09:22:00','4017055','7','',''),
('525491610939835','09:24:00','09:24:00','4017053','8','',''),
('525491620939835','09:00:00','09:00:00','4017066','1','',''),
('525491620939835','09:06:00','09:06:00','4017064','2','',''),
('525491620939835','09:10:00','09:10:00','4017062','3','',''),
('525491620939835','09:13:00','09:13:00','4017067','4','',''),
('525491620939835','09:17:00','09:17:00','4017068','5','',''),
('525491620939835','09:20:00','09:20:00','4017057','6','',''),
('525491620939835','09:22:00','09:22:00','4017055','7','',''),
('525491620939835','09:24:00','09:24:00','4017053','8','',''),
('625491610939835','09:20:00','09:20:00','4017066','1','',''),
('625491610939835','09:26:00','09:26:00','4017064','2','',''),
('625491610939835','09:30:00','09:30:00','4017062','3','',''),
('625491610939835','09:33:00','09:33:00','4017067','4','',''),
('625491610939835','09:36:00','09:36:00','4017068','5','',''),
('625491610939835','09:39:00','09:39:00','4017057','6','',''),
('625491610939835','09:41:00','09:41:00','4017055','7','',''),
('625491610939835','09:43:00','09:43:00','4017053','8','',''),
('625491620939835','09:20:00','09:20:00','4017066','1','',''),
('625491620939835','09:26:00','09:26:00','4017064','2','',''),
('625491620939835','09:30:00','09:30:00','4017062','3','',''),
('625491620939835','09:33:00','09:33:00','4017067','4','',''),
('625491620939835','09:36:00','09:36:00','4017068','5','',''),
('625491620939835','09:39:00','09:39:00','4017057','6','',''),
('625491620939835','09:41:00','09:41:00','4017055','7','',''),
('625491620939835','09:43:00','09:43:00','4017053','8','',''),
('725491610939835','10:10:00','10:10:00','4017066','1','',''),
('725491610939835','10:16:00','10:16:00','4017064','2','',''),
('725491610939835','10:20:00','10:20:00','4017062','3','',''),
('725491610939835','10:23:00','10:23:00','4017067','4','',''),
('725491610939835','10:26:00','10:26:00','4017068','5','',''),
('725491610939835','10:29:00','10:29:00','4017057','6','',''),
('725491610939835','10:31:00','10:31:00','4017055','7','',''),
('725491610939835','10:33:00','10:33:00','4017053','8','',''),
('725491620939835','10:10:00','10:10:00','4017066','1','',''),
('725491620939835','10:16:00','10:16:00','4017064','2','',''),
('725491620939835','10:20:00','10:20:00','4017062','3','',''),
('725491620939835','10:23:00','10:23:00','4017067','4','',''),
('725491620939835','10:26:00','10:26:00','4017068','5','',''),
('725491620939835','10:29:00','10:29:00','4017057','6','',''),
('725491620939835','10:31:00','10:31:00','4017055','7','',''),
('725491620939835','10:33:00','10:33:00','4017053','8','',''),
('825491610939835','11:10:00','11:10:00','4017066','1','',''),
('825491610939835','11:16:00','11:16:00','4017064','2','',''),
('825491610939835','11:20:00','11:20:00','4017062','3','',''),
('825491610939835','11:23:00','11:23:00','4017067','4','',''),
('825491610939835','11:26:00','11:26:00','4017068','5','',''),
('825491610939835','11:29:00','11:29:00','4017057','6','',''),
('825491610939835','11:31:00','11:31:00','4017055','7','',''),
('825491610939835','11:33:00','11:33:00','4017053','8','',''),
('825491620939835','11:10:00','11:10:00','4017066','1','',''),
('825491620939835','11:16:00','11:16:00','4017064','2','',''),
('825491620939835','11:20:00','11:20:00','4017062','3','',''),
('825491620939835','11:23:00','11:23:00','4017067','4','',''),
('825491620939835','11:26:00','11:26:00','4017068','5','',''),
('825491620939835','11:29:00','11:29:00','4017057','6','',''),
('825491620939835','11:31:00','11:31:00','4017055','7','',''),
('825491620939835','11:33:00','11:33:00','4017053','8','',''),
('925491610939835','12:10:00','12:10:00','4017066','1','',''),
('925491610939835','12:16:00','12:16:00','4017064','2','',''),
('925491610939835','12:20:00','12:20:00','4017062','3','',''),
('925491610939835','12:23:00','12:23:00','4017067','4','',''),
('925491610939835','12:26:00','12:26:00','4017068','5','',''),
('925491610939835','12:29:00','12:29:00','4017057','6','',''),
('925491610939835','12:31:00','12:31:00','4017055','7','',''),
('925491610939835','12:33:00','12:33:00','4017053','8','',''),
('925491620939835','12:10:00','12:10:00','4017066','1','',''),
('925491620939835','12:16:00','12:16:00','4017064','2','',''),
('925491620939835','12:20:00','12:20:00','4017062','3','',''),
('925491620939835','12:23:00','12:23:00','4017067','4','',''),
('925491620939835','12:26:00','12:26:00','4017068','5','',''),
('925491620939835','12:29:00','12:29:00','4017057','6','',''),
('925491620939835','12:31:00','12:31:00','4017055','7','',''),
('925491620939835','12:33:00','12:33:00','4017053','8','',''),
('1025491610962637','10:00:00','10:00:00','4017066','1','',''),
('1025491610962637','10:06:00','10:06:00','4017064','2','',''),
('1025491620962637','10:00:00','10:00:00','4017066','1','',''),
('1025491620962637','10:06:00','10:06:00','4017064','2','',''),
('1125491610962637','16:10:00','16:10:00','4017066','1','',''),
('1125491610962637','16:16:00','16:16:00','4017064','2','',''),
('1125491620962637','16:10:00','16:10:00','4017066','1','',''),
('1125491620962637','16:16:00','16:16:00','4017064','2','',''),
('1225491610962637','16:30:00','16:30:00','4017066','1','',''),
('1225491610962637','16:36:00','16:36:00','4017064','2','',''),
('1225491620962637','16:30:00','16:30:00','4017066','1','',''),
('1225491620962637','16:36:00','16:36:00','4017064','2','',''),
('125491610962637','07:30:00','07:30:00','4017066','1','',''),
('125491610962637','07:37:00','07:37:00','4017064','2','',''),
('125491620962637','07:30:00','07:30:00','4017066','1','',''),
('125491620962637','07:37:00','07:37:00','4017064','2','',''),
('1325491610962637','16:50:00','16:50:00','4017066','1','',''),
('1325491610962637','16:56:00','16:56:00','4017064','2','',''),
('1325491620962637','16:50:00','16:50:00','4017066','1','',''),
('1325491620962637','16:56:00','16:56:00','4017064','2','',''),
('1425491610962637','17:10:00','17:10:00','4017066','1','',''),
('1425491610962637','17:16:00','17:16:00','4017064','2','',''),
('1425491620962637','17:10:00','17:10:00','4017066','1','',''),
('1425491620962637','17:16:00','17:16:00','4017064','2','',''),
('1525491610962637','17:30:00','17:30:00','4017066','1','',''),
('1525491610962637','17:36:00','17:36:00','4017064','2','',''),
('1525491620962637','17:30:00','17:30:00','4017066','1','',''),
('1525491620962637','17:36:00','17:36:00','4017064','2','',''),
('1625491610962637','17:50:00','17:50:00','4017066','1','',''),
('1625491610962637','17:56:00','17:56:00','4017064','2','',''),
('1625491620962637','17:50:00','17:50:00','4017066','1','',''),
('1625491620962637','17:56:00','17:56:00','4017064','2','',''),
('1725491610962637','18:10:00','18:10:00','4017066','1','',''),
('1725491610962637','18:16:00','18:16:00','4017064','2','',''),
('1725491620962637','18:10:00','18:10:00','4017066','1','',''),
('1725491620962637','18:16:00','18:16:00','4017064','2','',''),
('1825491610962637','18:30:00','18:30:00','4017066','1','',''),
('1825491610962637','18:36:00','18:36:00','4017064','2','',''),
('1825491620962637','18:30:00','18:30:00','4017066','1','',''),
('1825491620962637','18:36:00','18:36:00','4017064','2','',''),
('1925491610962637','18:50:00','18:50:00','4017066','1','',''),
('1925491610962637','18:56:00','18:56:00','4017064','2','',''),
('1925491620962637','18:50:00','18:50:00','4017066','1','',''),
('1925491620962637','18:56:00','18:56:00','4017064','2','',''),
('2025491610962637','19:10:00','19:10:00','4017066','1','',''),
('2025491610962637','19:16:00','19:16:00','4017064','2','',''),
('2025491620962637','19:10:00','19:10:00','4017066','1','',''),
('2025491620962637','19:16:00','19:16:00','4017064','2','',''),
('2125491610962637','19:32:00','19:32:00','4017066','1','',''),
('2125491610962637','19:38:00','19:38:00','4017064','2','',''),
('2125491620962637','19:32:00','19:32:00','4017066','1','',''),
('2125491620962637','19:38:00','19:38:00','4017064','2','',''),
('225491610962637','07:50:00','07:50:00','4017066','1','',''),
('225491610962637','07:57:00','07:57:00','4017064','2','',''),
('225491620962637','07:50:00','07:50:00','4017066','1','',''),
('225491620962637','07:57:00','07:57:00','4017064','2','',''),
('325491610962637','08:10:00','08:10:00','4017066','1','',''),
('325491610962637','08:17:00','08:17:00','4017064','2','',''),
('325491620962637','08:10:00','08:10:00','4017066','1','',''),
('325491620962637','08:17:00','08:17:00','4017064','2','',''),
('425491610962637','08:30:00','08:30:00','4017066','1','',''),
('425491610962637','08:36:00','08:36:00','4017064','2','',''),
('425491620962637','08:30:00','08:30:00','4017066','1','',''),
('425491620962637','08:36:00','08:36:00','4017064','2','',''),
('525491610962637','08:50:00','08:50:00','4017066','1','',''),
('525491610962637','08:56:00','08:56:00','4017064','2','',''),
('525491620962637','08:50:00','08:50:00','4017066','1','',''),
('525491620962637','08:56:00','08:56:00','4017064','2','',''),
('625491610962637','09:10:00','09:10:00','4017066','1','',''),
('625491610962637','09:16:00','09:16:00','4017064','2','',''),
('625491620962637','09:10:00','09:10:00','4017066','1','',''),
('625491620962637','09:16:00','09:16:00','4017064','2','',''),
('725491610962637','09:30:00','09:30:00','4017066','1','',''),
('725491610962637','09:36:00','09:36:00','4017064','2','',''),
('725491620962637','09:30:00','09:30:00','4017066','1','',''),
('725491620962637','09:36:00','09:36:00','4017064','2','',''),
('825491610962637','09:40:00','09:40:00','4017066','1','',''),
('825491610962637','09:46:00','09:46:00','4017064','2','',''),
('825491620962637','09:40:00','09:40:00','4017066','1','',''),
('825491620962637','09:46:00','09:46:00','4017064','2','',''),
('925491610962637','09:50:00','09:50:00','4017066','1','',''),
('925491610962637','09:56:00','09:56:00','4017064','2','',''),
('925491620962637','09:50:00','09:50:00','4017066','1','',''),
('925491620962637','09:56:00','09:56:00','4017064','2','','');
INSERT INTO calendar (service_id,monday,tuesday,wednesday,thursday,friday,saturday,sunday,start_date,end_date) VALUES
('2549162','0','0','0','0','0','0','0','20180122','20180330'),
('2549161','0','0','0','0','0','0','0','20171221','20180119');
INSERT INTO calendar_dates (service_id,date,exception_type) VALUES
('2549162','20180122','1'),
('2549162','20180123','1'),
('2549162','20180124','1'),
('2549162','20180125','1'),
('2549162','20180126','1'),
('2549162','20180129','1'),
('2549162','20180130','1'),
('2549162','20180131','1'),
('2549162','20180201','1'),
('2549162','20180202','1'),
('2549162','20180205','1'),
('2549162','20180206','1'),
('2549162','20180207','1'),
('2549162','20180208','1'),
('2549162','20180209','1'),
('2549162','20180212','1'),
('2549162','20180213','1'),
('2549162','20180214','1'),
('2549162','20180215','1'),
('2549162','20180216','1'),
('2549162','20180219','1'),
('2549162','20180220','1'),
('2549162','20180221','1'),
('2549162','20180222','1'),
('2549162','20180223','1'),
('2549162','20180226','1'),
('2549162','20180227','1'),
('2549162','20180228','1'),
('2549162','20180301','1'),
('2549162','20180302','1'),
('2549162','20180305','1'),
('2549162','20180306','1'),
('2549162','20180307','1'),
('2549162','20180308','1'),
('2549162','20180309','1'),
('2549162','20180312','1'),
('2549162','20180313','1'),
('2549162','20180314','1'),
('2549162','20180315','1'),
('2549162','20180316','1'),
('2549162','20180319','1'),
('2549162','20180320','1'),
('2549162','20180321','1'),
('2549162','20180322','1'),
('2549162','20180323','1'),
('2549162','20180326','1'),
('2549162','20180327','1'),
('2549162','20180328','1'),
('2549162','20180329','1'),
('2549162','20180330','1'),
('2549161','20171221','1'),
('2549161','20171222','1'),
('2549161','20171226','1'),
('2549161','20171227','1'),
('2549161','20171228','1'),
('2549161','20171229','1'),
('2549161','20180102','1'),
('2549161','20180103','1'),
('2549161','20180104','1'),
('2549161','20180105','1'),
('2549161','20180108','1'),
('2549161','20180109','1'),
('2549161','20180110','1'),
('2549161','20180111','1'),
('2549161','20180112','1'),
('2549161','20180115','1'),
('2549161','20180116','1'),
('2549161','20180117','1'),
('2549161','20180118','1'),
('2549161','20180119','1');
INSERT INTO routes (route_id,agency_id,route_short_name,route_long_name,route_desc,route_type,route_url,route_color,route_text_color) VALUES
('1788060','100','577','RIVER (GENNEVILLIERS RER <-> GABRIEL PERI-METRO) - Aller','','3','','FFFFFF','000000'),
('1788061','100','577','RIVER (GENNEVILLIERS RER <-> GABRIEL PERI-METRO) - Retour','','3','','FFFFFF','000000');
INSERT INTO agency (agency_id,agency_name,agency_url,agency_timezone,agency_lang,agency_phone) VALUES
('100','RATP (100)','http://www.ratp.fr/','CET','','');
INSERT INTO trips (route_id,service_id,trip_id,trip_headsign,trip_short_name,direction_id,shape_id) VALUES
('1788060','2549161','1025491610939836','','10','0',''),
('1788060','2549162','1025491620939836','','10','0',''),
('1788060','2549161','1125491610939836','','11','0',''),
('1788060','2549162','1125491620939836','','11','0',''),
('1788060','2549161','1225491610939836','','12','0',''),
('1788060','2549162','1225491620939836','','12','0',''),
('1788060','2549161','125491610939836','','1','0',''),
('1788060','2549162','125491620939836','','1','0',''),
('1788060','2549161','1325491610939836','','13','0',''),
('1788060','2549162','1325491620939836','','13','0',''),
('1788060','2549161','1425491610939836','','14','0',''),
('1788060','2549162','1425491620939836','','14','0',''),
('1788060','2549161','1525491610939836','','15','0',''),
('1788060','2549162','1525491620939836','','15','0',''),
('1788060','2549161','1625491610939836','','16','0',''),
('1788060','2549162','1625491620939836','','16','0',''),
('1788060','2549161','1725491610939836','','17','0',''),
('1788060','2549162','1725491620939836','','17','0',''),
('1788060','2549161','1825491610939836','','18','0',''),
('1788060','2549162','1825491620939836','','18','0',''),
('1788060','2549161','1925491610939836','','19','0',''),
('1788060','2549162','1925491620939836','','19','0',''),
('1788060','2549161','2025491610939836','','20','0',''),
('1788060','2549162','2025491620939836','','20','0',''),
('1788060','2549161','2125491610939836','','21','0',''),
('1788060','2549162','2125491620939836','','21','0',''),
('1788060','2549161','2225491610939836','','22','0',''),
('1788060','2549162','2225491620939836','','22','0',''),
('1788060','2549161','225491610939836','','2','0',''),
('1788060','2549162','225491620939836','','2','0',''),
('1788060','2549161','2325491610939836','','23','0',''),
('1788060','2549162','2325491620939836','','23','0',''),
('1788060','2549161','2425491610939836','','24','0',''),
('1788060','2549162','2425491620939836','','24','0',''),
('1788060','2549161','325491610939836','','3','0',''),
('1788060','2549162','325491620939836','','3','0',''),
('1788060','2549161','425491610939836','','4','0',''),
('1788060','2549162','425491620939836','','4','0',''),
('1788060','2549161','525491610939836','','5','0',''),
('1788060','2549162','525491620939836','','5','0',''),
('1788060','2549161','625491610939836','','6','0',''),
('1788060','2549162','625491620939836','','6','0',''),
('1788060','2549161','725491610939836','','7','0',''),
('1788060','2549162','725491620939836','','7','0',''),
('1788060','2549161','825491610939836','','8','0',''),
('1788060','2549162','825491620939836','','8','0',''),
('1788060','2549161','925491610939836','','9','0',''),
('1788060','2549162','925491620939836','','9','0',''),
('1788060','2549161','1025491610962636','','10','0',''),
('1788060','2549162','1025491620962636','','10','0',''),
('1788060','2549161','1125491610962636','','11','0',''),
('1788060','2549162','1125491620962636','','11','0',''),
('1788060','2549161','1225491610962636','','12','0',''),
('1788060','2549162','1225491620962636','','12','0',''),
('1788060','2549161','125491610962636','','1','0',''),
('1788060','2549162','125491620962636','','1','0',''),
('1788060','2549161','1325491610962636','','13','0',''),
('1788060','2549162','1325491620962636','','13','0',''),
('1788060','2549161','1425491610962636','','14','0',''),
('1788060','2549162','1425491620962636','','14','0',''),
('1788060','2549161','1525491610962636','','15','0',''),
('1788060','2549162','1525491620962636','','15','0',''),
('1788060','2549161','1625491610962636','','16','0',''),
('1788060','2549162','1625491620962636','','16','0',''),
('1788060','2549161','1725491610962636','','17','0',''),
('1788060','2549162','1725491620962636','','17','0',''),
('1788060','2549161','1825491610962636','','18','0',''),
('1788060','2549162','1825491620962636','','18','0',''),
('1788060','2549161','1925491610962636','','19','0',''),
('1788060','2549162','1925491620962636','','19','0',''),
('1788060','2549161','2025491610962636','','20','0',''),
('1788060','2549162','2025491620962636','','20','0',''),
('1788060','2549161','225491610962636','','2','0',''),
('1788060','2549162','225491620962636','','2','0',''),
('1788060','2549161','325491610962636','','3','0',''),
('1788060','2549162','325491620962636','','3','0',''),
('1788060','2549161','425491610962636','','4','0',''),
('1788060','2549162','425491620962636','','4','0',''),
('1788060','2549161','525491610962636','','5','0',''),
('1788060','2549162','525491620962636','','5','0',''),
('1788060','2549161','625491610962636','','6','0',''),
('1788060','2549162','625491620962636','','6','0',''),
('1788060','2549161','725491610962636','','7','0',''),
('1788060','2549162','725491620962636','','7','0',''),
('1788060','2549161','825491610962636','','8','0',''),
('1788060','2549162','825491620962636','','8','0',''),
('1788060','2549161','925491610962636','','9','0',''),
('1788060','2549162','925491620962636','','9','0',''),
('1788061','2549161','1025491610939835','','10','1',''),
('1788061','2549162','1025491620939835','','10','1',''),
('1788061','2549161','1125491610939835','','11','1',''),
('1788061','2549162','1125491620939835','','11','1',''),
('1788061','2549161','1225491610939835','','12','1',''),
('1788061','2549162','1225491620939835','','12','1',''),
('1788061','2549161','125491610939835','','1','1',''),
('1788061','2549162','125491620939835','','1','1',''),
('1788061','2549161','1325491610939835','','13','1',''),
('1788061','2549162','1325491620939835','','13','1',''),
('1788061','2549161','1425491610939835','','14','1',''),
('1788061','2549162','1425491620939835','','14','1',''),
('1788061','2549161','1525491610939835','','15','1',''),
('1788061','2549162','1525491620939835','','15','1',''),
('1788061','2549161','1625491610939835','','16','1',''),
('1788061','2549162','1625491620939835','','16','1',''),
('1788061','2549161','1725491610939835','','17','1',''),
('1788061','2549162','1725491620939835','','17','1',''),
('1788061','2549161','1825491610939835','','18','1',''),
('1788061','2549162','1825491620939835','','18','1',''),
('1788061','2549161','1925491610939835','','19','1',''),
('1788061','2549162','1925491620939835','','19','1',''),
('1788061','2549161','2025491610939835','','20','1',''),
('1788061','2549162','2025491620939835','','20','1',''),
('1788061','2549161','2125491610939835','','21','1',''),
('1788061','2549162','2125491620939835','','21','1',''),
('1788061','2549161','2225491610939835','','22','1',''),
('1788061','2549162','2225491620939835','','22','1',''),
('1788061','2549161','225491610939835','','2','1',''),
('1788061','2549162','225491620939835','','2','1',''),
('1788061','2549161','2325491610939835','','23','1',''),
('1788061','2549162','2325491620939835','','23','1',''),
('1788061','2549161','325491610939835','','3','1',''),
('1788061','2549162','325491620939835','','3','1',''),
('1788061','2549161','425491610939835','','4','1',''),
('1788061','2549162','425491620939835','','4','1',''),
('1788061','2549161','525491610939835','','5','1',''),
('1788061','2549162','525491620939835','','5','1',''),
('1788061','2549161','625491610939835','','6','1',''),
('1788061','2549162','625491620939835','','6','1',''),
('1788061','2549161','725491610939835','','7','1',''),
('1788061','2549162','725491620939835','','7','1',''),
('1788061','2549161','825491610939835','','8','1',''),
('1788061','2549162','825491620939835','','8','1',''),
('1788061','2549161','925491610939835','','9','1',''),
('1788061','2549162','925491620939835','','9','1',''),
('1788061','2549161','1025491610962637','','10','1',''),
('1788061','2549162','1025491620962637','','10','1',''),
('1788061','2549161','1125491610962637','','11','1',''),
('1788061','2549162','1125491620962637','','11','1',''),
('1788061','2549161','1225491610962637','','12','1',''),
('1788061','2549162','1225491620962637','','12','1',''),
('1788061','2549161','125491610962637','','1','1',''),
('1788061','2549162','125491620962637','','1','1',''),
('1788061','2549161','1325491610962637','','13','1',''),
('1788061','2549162','1325491620962637','','13','1',''),
('1788061','2549161','1425491610962637','','14','1',''),
('1788061','2549162','1425491620962637','','14','1',''),
('1788061','2549161','1525491610962637','','15','1',''),
('1788061','2549162','1525491620962637','','15','1',''),
('1788061','2549161','1625491610962637','','16','1',''),
('1788061','2549162','1625491620962637','','16','1',''),
('1788061','2549161','1725491610962637','','17','1',''),
('1788061','2549162','1725491620962637','','17','1',''),
('1788061','2549161','1825491610962637','','18','1',''),
('1788061','2549162','1825491620962637','','18','1',''),
('1788061','2549161','1925491610962637','','19','1',''),
('1788061','2549162','1925491620962637','','19','1',''),
('1788061','2549161','2025491610962637','','20','1',''),
('1788061','2549162','2025491620962637','','20','1',''),
('1788061','2549161','2125491610962637','','21','1',''),
('1788061','2549162','2125491620962637','','21','1',''),
('1788061','2549161','225491610962637','','2','1',''),
('1788061','2549162','225491620962637','','2','1',''),
('1788061','2549161','325491610962637','','3','1',''),
('1788061','2549162','325491620962637','','3','1',''),
('1788061','2549161','425491610962637','','4','1',''),
('1788061','2549162','425491620962637','','4','1',''),
('1788061','2549161','525491610962637','','5','1',''),
('1788061','2549162','525491620962637','','5','1',''),
('1788061','2549161','625491610962637','','6','1',''),
('1788061','2549162','625491620962637','','6','1',''),
('1788061','2549161','725491610962637','','7','1',''),
('1788061','2549162','725491620962637','','7','1',''),
('1788061','2549161','825491610962637','','8','1',''),
('1788061','2549162','825491620962637','','8','1',''),
('1788061','2549161','925491610962637','','9','1',''),
('1788061','2549162','925491620962637','','9','1','');
INSERT INTO transfers (from_stop_id,to_stop_id,transfer_type,min_transfer_time) VALUES
('4016043','4017065','2','117'),
('5158038','4017053','2','42'),
('4472753','4017066','2','69'),
('4017065','4015822','2','75'),
('5158038','4017052','2','42'),
('5158053','4017066','2','44'),
('5158053','4017065','2','44'),
('5762015','4017065','2','75'),
('4017065','4015823','2','33'),
('4472753','4017065','2','69'),
('4015687','4017066','2','75'),
('4015687','4017065','2','75'),
('3798496','4017053','2','33'),
('3798496','4017052','2','33'),
('6687897','4017055','2','123'),
('4016043','4017066','2','117'),
('4015724','4017065','2','75'),
('4015724','4017066','2','75'),
('5020414','4017060','2','143'),
('4015691','4017066','2','125'),
('4016028','4017066','2','75'),
('4015691','4017065','2','125'),
('4016028','4017065','2','75'),
('6687949','4017053','2','42'),
('4016029','4017065','2','14'),
('6687949','4017052','2','42'),
('5020414','4017067','2','63'),
('4015880','4017066','2','119'),
('4015880','4017065','2','119'),
('4016834','4017067','2','80'),
('4017065','2202','2','201'),
('5081735','4017062','2','135'),
('4017066','2202','2','201'),
('5020463','4017060','2','80'),
('4016798','4017066','2','22'),
('4472752','4017066','2','44'),
('4472752','4017065','2','44'),
('4016798','4017065','2','22'),
('5009396','4017067','2','63'),
('5009396','4017060','2','143'),
('4016044','4017066','2','14'),
('4016044','4017065','2','14'),
('3798497','4017053','2','20'),
('3798497','4017052','2','20'),
('4017066','1947','2','201'),
('5775608','4017052','2','51'),
('5775608','4017053','2','51'),
('5762016','4017065','2','44'),
('5762016','4017066','2','44'),
('4015723','4017066','2','69'),
('4015723','4017065','2','69'),
('4015881','4017065','2','75'),
('4015881','4017066','2','75'),
('4017066','4015823','2','33'),
('4472739','4017053','2','42'),
('4017066','4015822','2','75'),
('4016799','4017066','2','75'),
('4472739','4017052','2','42'),
('4017065','4036722','2','44'),
('4017065','4036721','2','44'),
('6687927','4017052','2','42'),
('6687927','4017053','2','42'),
('4016806','4017060','2','80'),
('4015686','4017065','2','69'),
('4015686','4017066','2','69'),
('6687924','4017055','2','132'),
('4015728','4017065','2','125'),
('4015728','4017066','2','125'),
('4017065','1947','2','201'),
('4016807','4017059','2','52'),
('4015690','4017066','2','106'),
('4015690','4017065','2','106'),
('6687946','4017055','2','132'),
('5158054','4017066','2','69'),
('4015727','4017066','2','106'),
('4016799','4017065','2','75'),
('4015727','4017065','2','106'),
('5158054','4017065','2','69'),
('5762015','4017066','2','75'),
('4017066','4036722','2','44'),
('4016029','4017066','2','14'),
('4017066','4036721','2','44');
INSERT INTO stops (stop_id,stop_code,stop_name,stop_desc,stop_lat,stop_lon,location_type,parent_station) VALUES
('4017058','','OLYMPE DE COUGES','R DES CABOEUFS - 92036','48.92200852461746','2.314521304142005','0',''),
('4017067','','LES GRESILLONS RER','FACE 207 AVENUE DES GRESILLONS - 92004','48.91970778205413','2.314099576330498','0',''),
('4017057','','FOSSE BLANC','76 RUE DU FOSSE BLANC - 92036','48.925673713228505','2.3077551157799605','0',''),
('4017066','','GABRIEL PERI-METRO','PISTE GARE ROUTIERE - 92004','48.916287183435955','2.2941383019092667','0',''),
('4017056','','FOSSE BLANC','R DES CABOEUFS - 92036','48.92474809023152','2.3078783851646083','0',''),
('4017055','','MOULIN DE CAGE','150 AV LOUIS ROCHE - 92036','48.929502519732466','2.309348729922148','0',''),
('4017068','','OLYMPE DE GOUGES','FACE 222 R DES CABOEUFS - 92036','48.92267328820633','2.3131436273854105','0',''),
('4017059','','CABOEUFS','AVENUE DES GRESILLONS - 92036','48.92077780514651','2.3172765134402966','0',''),
('4017061','','LOUIS ARMAND','FACE 2 R LOUIS ARMAND - 92004','48.91642687263316','2.3109102584039136','0',''),
('4017060','','LES GRESILLONS RER','243 AV DES GRESILLONS - 92036','48.92022021800422','2.315040288490281','0',''),
('4017054','','MOULIN DE CAGE','135-143 R DU FOSSE BLANC - 92036','48.92907101340634','2.3087761177018753','0',''),
('4017063','','RIVER PLAZA','R DU JARDIN MODELE - 92004','48.91411605336958','2.3060981998439347','0',''),
('4017053','','GENNEVILLIERS RER','AVENUE DU GENERAL DE GAULLE - 92036','48.933105683056816','2.306987029717213','0',''),
('4017062','','LOUIS ARMAND','2 R LOUIS ARMAND - 92004','48.91616614348817','2.3104331393143593','0',''),
('4017052','','GENNEVILLIERS RER','AVENUE DU GENERAL DE GAULLE - 92036','48.933105683056816','2.306987029717213','0',''),
('4017065','','GABRIEL PERI-METRO','PISTE GARE ROUTIERE - 92004','48.916287183435955','2.2941383019092667','0',''),
('4017064','','RIVER PLAZA','R DU JARDIN MODELE - 92004','48.91382859631385','2.3065892380250648','0','');
