INSERT INTO stop_times (trip_id,arrival_time,departure_time,stop_id,stop_sequence,stop_headsign,shape_dist_traveled) VALUES
('125157391702122','09:00:00','09:00:00','6830733','1','',''),
('125157391702122','09:02:00','09:02:00','6830734','2','',''),
('125157391702122','09:03:00','09:03:00','6830735','3','',''),
('125157391702122','09:05:00','09:05:00','6830736','4','',''),
('125157391702122','09:07:00','09:07:00','6830737','5','',''),
('125157391702122','09:11:00','09:11:00','6830738','6','',''),
('125157391702122','09:13:00','09:13:00','6830739','7','',''),
('125157391702122','09:14:00','09:14:00','6830740','8','',''),
('125157391702122','09:15:00','09:15:00','6830741','9','',''),
('125157391702122','09:17:00','09:17:00','6830742','10','',''),
('125157391702122','09:19:00','09:19:00','6830743','11','',''),
('125157391702122','09:20:00','09:20:00','6830744','12','',''),
('125157391702122','09:22:00','09:22:00','6830745','13','',''),
('125157391702122','09:25:00','09:25:00','6830746','14','',''),
('125157391702122','09:27:00','09:27:00','6830747','15','',''),
('125157391702122','09:28:00','09:28:00','6830748','16','',''),
('125157391702122','09:32:00','09:32:00','6830749','17','',''),
('125157391702122','09:33:00','09:33:00','6830750','18','',''),
('125157391702122','09:34:00','09:34:00','6830751','19','',''),
('125157391702122','09:35:00','09:35:00','6830752','20','',''),
('125395441702122','08:14:00','08:14:00','6830733','1','',''),
('125395441702122','08:16:00','08:16:00','6830734','2','',''),
('125395441702122','08:17:00','08:17:00','6830735','3','',''),
('125395441702122','08:19:00','08:19:00','6830736','4','',''),
('125395441702122','08:21:00','08:21:00','6830737','5','',''),
('125395441702122','08:25:00','08:25:00','6830738','6','',''),
('125395441702122','08:27:00','08:27:00','6830739','7','',''),
('125395441702122','08:28:00','08:28:00','6830740','8','',''),
('125395441702122','08:29:00','08:29:00','6830741','9','',''),
('125395441702122','08:31:00','08:31:00','6830742','10','',''),
('125395441702122','08:33:00','08:33:00','6830743','11','',''),
('125395441702122','08:34:00','08:34:00','6830744','12','',''),
('125395441702122','08:36:00','08:36:00','6830745','13','',''),
('125395441702122','08:39:00','08:39:00','6830746','14','',''),
('125395441702122','08:41:00','08:41:00','6830747','15','',''),
('125395441702122','08:42:00','08:42:00','6830748','16','',''),
('125395441702122','08:46:00','08:46:00','6830749','17','',''),
('125395441702122','08:47:00','08:47:00','6830750','18','',''),
('125395441702122','08:48:00','08:48:00','6830751','19','',''),
('125395441702122','08:49:00','08:49:00','6830752','20','',''),
('125395451702122','09:00:00','09:00:00','6830733','1','',''),
('125395451702122','09:02:00','09:02:00','6830734','2','',''),
('125395451702122','09:03:00','09:03:00','6830735','3','',''),
('125395451702122','09:05:00','09:05:00','6830736','4','',''),
('125395451702122','09:07:00','09:07:00','6830737','5','',''),
('125395451702122','09:11:00','09:11:00','6830738','6','',''),
('125395451702122','09:13:00','09:13:00','6830739','7','',''),
('125395451702122','09:14:00','09:14:00','6830740','8','',''),
('125395451702122','09:15:00','09:15:00','6830741','9','',''),
('125395451702122','09:17:00','09:17:00','6830742','10','',''),
('125395451702122','09:19:00','09:19:00','6830743','11','',''),
('125395451702122','09:20:00','09:20:00','6830744','12','',''),
('125395451702122','09:22:00','09:22:00','6830745','13','',''),
('125395451702122','09:25:00','09:25:00','6830746','14','',''),
('125395451702122','09:27:00','09:27:00','6830747','15','',''),
('125395451702122','09:28:00','09:28:00','6830748','16','',''),
('125395451702122','09:32:00','09:32:00','6830749','17','',''),
('125395451702122','09:33:00','09:33:00','6830750','18','',''),
('125395451702122','09:34:00','09:34:00','6830751','19','',''),
('125395451702122','09:35:00','09:35:00','6830752','20','',''),
('125395461702122','09:00:00','09:00:00','6830733','1','',''),
('125395461702122','09:02:00','09:02:00','6830734','2','',''),
('125395461702122','09:03:00','09:03:00','6830735','3','',''),
('125395461702122','09:05:00','09:05:00','6830736','4','',''),
('125395461702122','09:07:00','09:07:00','6830737','5','',''),
('125395461702122','09:11:00','09:11:00','6830738','6','',''),
('125395461702122','09:13:00','09:13:00','6830739','7','',''),
('125395461702122','09:14:00','09:14:00','6830740','8','',''),
('125395461702122','09:15:00','09:15:00','6830741','9','',''),
('125395461702122','09:17:00','09:17:00','6830742','10','',''),
('125395461702122','09:19:00','09:19:00','6830743','11','',''),
('125395461702122','09:20:00','09:20:00','6830744','12','',''),
('125395461702122','09:22:00','09:22:00','6830745','13','',''),
('125395461702122','09:25:00','09:25:00','6830746','14','',''),
('125395461702122','09:27:00','09:27:00','6830747','15','',''),
('125395461702122','09:28:00','09:28:00','6830748','16','',''),
('125395461702122','09:32:00','09:32:00','6830749','17','',''),
('125395461702122','09:33:00','09:33:00','6830750','18','',''),
('125395461702122','09:34:00','09:34:00','6830751','19','',''),
('125395461702122','09:35:00','09:35:00','6830752','20','',''),
('225157391702122','09:45:00','09:45:00','6830733','1','',''),
('225157391702122','09:47:00','09:47:00','6830734','2','',''),
('225157391702122','09:48:00','09:48:00','6830735','3','',''),
('225157391702122','09:50:00','09:50:00','6830736','4','',''),
('225157391702122','09:52:00','09:52:00','6830737','5','',''),
('225157391702122','09:56:00','09:56:00','6830738','6','',''),
('225157391702122','09:58:00','09:58:00','6830739','7','',''),
('225157391702122','09:59:00','09:59:00','6830740','8','',''),
('225157391702122','10:00:00','10:00:00','6830741','9','',''),
('225157391702122','10:02:00','10:02:00','6830742','10','',''),
('225157391702122','10:04:00','10:04:00','6830743','11','',''),
('225157391702122','10:05:00','10:05:00','6830744','12','',''),
('225157391702122','10:07:00','10:07:00','6830745','13','',''),
('225157391702122','10:10:00','10:10:00','6830746','14','',''),
('225157391702122','10:12:00','10:12:00','6830747','15','',''),
('225157391702122','10:13:00','10:13:00','6830748','16','',''),
('225157391702122','10:17:00','10:17:00','6830749','17','',''),
('225157391702122','10:18:00','10:18:00','6830750','18','',''),
('225157391702122','10:19:00','10:19:00','6830751','19','',''),
('225157391702122','10:20:00','10:20:00','6830752','20','',''),
('225395441702122','09:00:00','09:00:00','6830733','1','',''),
('225395441702122','09:02:00','09:02:00','6830734','2','',''),
('225395441702122','09:03:00','09:03:00','6830735','3','',''),
('225395441702122','09:05:00','09:05:00','6830736','4','',''),
('225395441702122','09:07:00','09:07:00','6830737','5','',''),
('225395441702122','09:11:00','09:11:00','6830738','6','',''),
('225395441702122','09:13:00','09:13:00','6830739','7','',''),
('225395441702122','09:14:00','09:14:00','6830740','8','',''),
('225395441702122','09:15:00','09:15:00','6830741','9','',''),
('225395441702122','09:17:00','09:17:00','6830742','10','',''),
('225395441702122','09:19:00','09:19:00','6830743','11','',''),
('225395441702122','09:20:00','09:20:00','6830744','12','',''),
('225395441702122','09:22:00','09:22:00','6830745','13','',''),
('225395441702122','09:25:00','09:25:00','6830746','14','',''),
('225395441702122','09:27:00','09:27:00','6830747','15','',''),
('225395441702122','09:28:00','09:28:00','6830748','16','',''),
('225395441702122','09:32:00','09:32:00','6830749','17','',''),
('225395441702122','09:33:00','09:33:00','6830750','18','',''),
('225395441702122','09:34:00','09:34:00','6830751','19','',''),
('225395441702122','09:35:00','09:35:00','6830752','20','',''),
('225395451702122','09:45:00','09:45:00','6830733','1','',''),
('225395451702122','09:47:00','09:47:00','6830734','2','',''),
('225395451702122','09:48:00','09:48:00','6830735','3','',''),
('225395451702122','09:50:00','09:50:00','6830736','4','',''),
('225395451702122','09:52:00','09:52:00','6830737','5','',''),
('225395451702122','09:56:00','09:56:00','6830738','6','',''),
('225395451702122','09:58:00','09:58:00','6830739','7','',''),
('225395451702122','09:59:00','09:59:00','6830740','8','',''),
('225395451702122','10:00:00','10:00:00','6830741','9','',''),
('225395451702122','10:02:00','10:02:00','6830742','10','',''),
('225395451702122','10:04:00','10:04:00','6830743','11','',''),
('225395451702122','10:05:00','10:05:00','6830744','12','',''),
('225395451702122','10:07:00','10:07:00','6830745','13','',''),
('225395451702122','10:10:00','10:10:00','6830746','14','',''),
('225395451702122','10:12:00','10:12:00','6830747','15','',''),
('225395451702122','10:13:00','10:13:00','6830748','16','',''),
('225395451702122','10:17:00','10:17:00','6830749','17','',''),
('225395451702122','10:18:00','10:18:00','6830750','18','',''),
('225395451702122','10:19:00','10:19:00','6830751','19','',''),
('225395451702122','10:20:00','10:20:00','6830752','20','',''),
('225395461702122','09:45:00','09:45:00','6830733','1','',''),
('225395461702122','09:47:00','09:47:00','6830734','2','',''),
('225395461702122','09:48:00','09:48:00','6830735','3','',''),
('225395461702122','09:50:00','09:50:00','6830736','4','',''),
('225395461702122','09:52:00','09:52:00','6830737','5','',''),
('225395461702122','09:56:00','09:56:00','6830738','6','',''),
('225395461702122','09:58:00','09:58:00','6830739','7','',''),
('225395461702122','09:59:00','09:59:00','6830740','8','',''),
('225395461702122','10:00:00','10:00:00','6830741','9','',''),
('225395461702122','10:02:00','10:02:00','6830742','10','',''),
('225395461702122','10:04:00','10:04:00','6830743','11','',''),
('225395461702122','10:05:00','10:05:00','6830744','12','',''),
('225395461702122','10:07:00','10:07:00','6830745','13','',''),
('225395461702122','10:10:00','10:10:00','6830746','14','',''),
('225395461702122','10:12:00','10:12:00','6830747','15','',''),
('225395461702122','10:13:00','10:13:00','6830748','16','',''),
('225395461702122','10:17:00','10:17:00','6830749','17','',''),
('225395461702122','10:18:00','10:18:00','6830750','18','',''),
('225395461702122','10:19:00','10:19:00','6830751','19','',''),
('225395461702122','10:20:00','10:20:00','6830752','20','',''),
('325157391702122','10:30:00','10:30:00','6830733','1','',''),
('325157391702122','10:32:00','10:32:00','6830734','2','',''),
('325157391702122','10:33:00','10:33:00','6830735','3','',''),
('325157391702122','10:35:00','10:35:00','6830736','4','',''),
('325157391702122','10:37:00','10:37:00','6830737','5','',''),
('325157391702122','10:41:00','10:41:00','6830738','6','',''),
('325157391702122','10:43:00','10:43:00','6830739','7','',''),
('325157391702122','10:44:00','10:44:00','6830740','8','',''),
('325157391702122','10:45:00','10:45:00','6830741','9','',''),
('325157391702122','10:47:00','10:47:00','6830742','10','',''),
('325157391702122','10:49:00','10:49:00','6830743','11','',''),
('325157391702122','10:50:00','10:50:00','6830744','12','',''),
('325157391702122','10:52:00','10:52:00','6830745','13','',''),
('325157391702122','10:55:00','10:55:00','6830746','14','',''),
('325157391702122','10:57:00','10:57:00','6830747','15','',''),
('325157391702122','10:58:00','10:58:00','6830748','16','',''),
('325157391702122','11:02:00','11:02:00','6830749','17','',''),
('325157391702122','11:03:00','11:03:00','6830750','18','',''),
('325157391702122','11:04:00','11:04:00','6830751','19','',''),
('325157391702122','11:05:00','11:05:00','6830752','20','',''),
('325395441702122','09:45:00','09:45:00','6830733','1','',''),
('325395441702122','09:47:00','09:47:00','6830734','2','',''),
('325395441702122','09:48:00','09:48:00','6830735','3','',''),
('325395441702122','09:50:00','09:50:00','6830736','4','',''),
('325395441702122','09:52:00','09:52:00','6830737','5','',''),
('325395441702122','09:56:00','09:56:00','6830738','6','',''),
('325395441702122','09:58:00','09:58:00','6830739','7','',''),
('325395441702122','09:59:00','09:59:00','6830740','8','',''),
('325395441702122','10:00:00','10:00:00','6830741','9','',''),
('325395441702122','10:02:00','10:02:00','6830742','10','',''),
('325395441702122','10:04:00','10:04:00','6830743','11','',''),
('325395441702122','10:05:00','10:05:00','6830744','12','',''),
('325395441702122','10:07:00','10:07:00','6830745','13','',''),
('325395441702122','10:10:00','10:10:00','6830746','14','',''),
('325395441702122','10:12:00','10:12:00','6830747','15','',''),
('325395441702122','10:13:00','10:13:00','6830748','16','',''),
('325395441702122','10:17:00','10:17:00','6830749','17','',''),
('325395441702122','10:18:00','10:18:00','6830750','18','',''),
('325395441702122','10:19:00','10:19:00','6830751','19','',''),
('325395441702122','10:20:00','10:20:00','6830752','20','',''),
('325395451702122','10:30:00','10:30:00','6830733','1','',''),
('325395451702122','10:32:00','10:32:00','6830734','2','',''),
('325395451702122','10:33:00','10:33:00','6830735','3','',''),
('325395451702122','10:35:00','10:35:00','6830736','4','',''),
('325395451702122','10:37:00','10:37:00','6830737','5','',''),
('325395451702122','10:41:00','10:41:00','6830738','6','',''),
('325395451702122','10:43:00','10:43:00','6830739','7','',''),
('325395451702122','10:44:00','10:44:00','6830740','8','',''),
('325395451702122','10:45:00','10:45:00','6830741','9','',''),
('325395451702122','10:47:00','10:47:00','6830742','10','',''),
('325395451702122','10:49:00','10:49:00','6830743','11','',''),
('325395451702122','10:50:00','10:50:00','6830744','12','',''),
('325395451702122','10:52:00','10:52:00','6830745','13','',''),
('325395451702122','10:55:00','10:55:00','6830746','14','',''),
('325395451702122','10:57:00','10:57:00','6830747','15','',''),
('325395451702122','10:58:00','10:58:00','6830748','16','',''),
('325395451702122','11:02:00','11:02:00','6830749','17','',''),
('325395451702122','11:03:00','11:03:00','6830750','18','',''),
('325395451702122','11:04:00','11:04:00','6830751','19','',''),
('325395451702122','11:05:00','11:05:00','6830752','20','',''),
('325395461702122','10:30:00','10:30:00','6830733','1','',''),
('325395461702122','10:32:00','10:32:00','6830734','2','',''),
('325395461702122','10:33:00','10:33:00','6830735','3','',''),
('325395461702122','10:35:00','10:35:00','6830736','4','',''),
('325395461702122','10:37:00','10:37:00','6830737','5','',''),
('325395461702122','10:41:00','10:41:00','6830738','6','',''),
('325395461702122','10:43:00','10:43:00','6830739','7','',''),
('325395461702122','10:44:00','10:44:00','6830740','8','',''),
('325395461702122','10:45:00','10:45:00','6830741','9','',''),
('325395461702122','10:47:00','10:47:00','6830742','10','',''),
('325395461702122','10:49:00','10:49:00','6830743','11','',''),
('325395461702122','10:50:00','10:50:00','6830744','12','',''),
('325395461702122','10:52:00','10:52:00','6830745','13','',''),
('325395461702122','10:55:00','10:55:00','6830746','14','',''),
('325395461702122','10:57:00','10:57:00','6830747','15','',''),
('325395461702122','10:58:00','10:58:00','6830748','16','',''),
('325395461702122','11:02:00','11:02:00','6830749','17','',''),
('325395461702122','11:03:00','11:03:00','6830750','18','',''),
('325395461702122','11:04:00','11:04:00','6830751','19','',''),
('325395461702122','11:05:00','11:05:00','6830752','20','',''),
('425157391702122','11:15:00','11:15:00','6830733','1','',''),
('425157391702122','11:17:00','11:17:00','6830734','2','',''),
('425157391702122','11:18:00','11:18:00','6830735','3','',''),
('425157391702122','11:20:00','11:20:00','6830736','4','',''),
('425157391702122','11:22:00','11:22:00','6830737','5','',''),
('425157391702122','11:26:00','11:26:00','6830738','6','',''),
('425157391702122','11:28:00','11:28:00','6830739','7','',''),
('425157391702122','11:29:00','11:29:00','6830740','8','',''),
('425157391702122','11:30:00','11:30:00','6830741','9','',''),
('425157391702122','11:32:00','11:32:00','6830742','10','',''),
('425157391702122','11:34:00','11:34:00','6830743','11','',''),
('425157391702122','11:35:00','11:35:00','6830744','12','',''),
('425157391702122','11:37:00','11:37:00','6830745','13','',''),
('425157391702122','11:40:00','11:40:00','6830746','14','',''),
('425157391702122','11:42:00','11:42:00','6830747','15','',''),
('425157391702122','11:43:00','11:43:00','6830748','16','',''),
('425157391702122','11:47:00','11:47:00','6830749','17','',''),
('425157391702122','11:48:00','11:48:00','6830750','18','',''),
('425157391702122','11:49:00','11:49:00','6830751','19','',''),
('425157391702122','11:50:00','11:50:00','6830752','20','',''),
('425395441702122','10:30:00','10:30:00','6830733','1','',''),
('425395441702122','10:32:00','10:32:00','6830734','2','',''),
('425395441702122','10:33:00','10:33:00','6830735','3','',''),
('425395441702122','10:35:00','10:35:00','6830736','4','',''),
('425395441702122','10:37:00','10:37:00','6830737','5','',''),
('425395441702122','10:41:00','10:41:00','6830738','6','',''),
('425395441702122','10:43:00','10:43:00','6830739','7','',''),
('425395441702122','10:44:00','10:44:00','6830740','8','',''),
('425395441702122','10:45:00','10:45:00','6830741','9','',''),
('425395441702122','10:47:00','10:47:00','6830742','10','',''),
('425395441702122','10:49:00','10:49:00','6830743','11','',''),
('425395441702122','10:50:00','10:50:00','6830744','12','',''),
('425395441702122','10:52:00','10:52:00','6830745','13','',''),
('425395441702122','10:55:00','10:55:00','6830746','14','',''),
('425395441702122','10:57:00','10:57:00','6830747','15','',''),
('425395441702122','10:58:00','10:58:00','6830748','16','',''),
('425395441702122','11:02:00','11:02:00','6830749','17','',''),
('425395441702122','11:03:00','11:03:00','6830750','18','',''),
('425395441702122','11:04:00','11:04:00','6830751','19','',''),
('425395441702122','11:05:00','11:05:00','6830752','20','',''),
('425395451702122','11:15:00','11:15:00','6830733','1','',''),
('425395451702122','11:17:00','11:17:00','6830734','2','',''),
('425395451702122','11:18:00','11:18:00','6830735','3','',''),
('425395451702122','11:20:00','11:20:00','6830736','4','',''),
('425395451702122','11:22:00','11:22:00','6830737','5','',''),
('425395451702122','11:26:00','11:26:00','6830738','6','',''),
('425395451702122','11:28:00','11:28:00','6830739','7','',''),
('425395451702122','11:29:00','11:29:00','6830740','8','',''),
('425395451702122','11:30:00','11:30:00','6830741','9','',''),
('425395451702122','11:32:00','11:32:00','6830742','10','',''),
('425395451702122','11:34:00','11:34:00','6830743','11','',''),
('425395451702122','11:35:00','11:35:00','6830744','12','',''),
('425395451702122','11:37:00','11:37:00','6830745','13','',''),
('425395451702122','11:40:00','11:40:00','6830746','14','',''),
('425395451702122','11:42:00','11:42:00','6830747','15','',''),
('425395451702122','11:43:00','11:43:00','6830748','16','',''),
('425395451702122','11:47:00','11:47:00','6830749','17','',''),
('425395451702122','11:48:00','11:48:00','6830750','18','',''),
('425395451702122','11:49:00','11:49:00','6830751','19','',''),
('425395451702122','11:50:00','11:50:00','6830752','20','',''),
('425395461702122','11:15:00','11:15:00','6830733','1','',''),
('425395461702122','11:17:00','11:17:00','6830734','2','',''),
('425395461702122','11:18:00','11:18:00','6830735','3','',''),
('425395461702122','11:20:00','11:20:00','6830736','4','',''),
('425395461702122','11:22:00','11:22:00','6830737','5','',''),
('425395461702122','11:26:00','11:26:00','6830738','6','',''),
('425395461702122','11:28:00','11:28:00','6830739','7','',''),
('425395461702122','11:29:00','11:29:00','6830740','8','',''),
('425395461702122','11:30:00','11:30:00','6830741','9','',''),
('425395461702122','11:32:00','11:32:00','6830742','10','',''),
('425395461702122','11:34:00','11:34:00','6830743','11','',''),
('425395461702122','11:35:00','11:35:00','6830744','12','',''),
('425395461702122','11:37:00','11:37:00','6830745','13','',''),
('425395461702122','11:40:00','11:40:00','6830746','14','',''),
('425395461702122','11:42:00','11:42:00','6830747','15','',''),
('425395461702122','11:43:00','11:43:00','6830748','16','',''),
('425395461702122','11:47:00','11:47:00','6830749','17','',''),
('425395461702122','11:48:00','11:48:00','6830750','18','',''),
('425395461702122','11:49:00','11:49:00','6830751','19','',''),
('425395461702122','11:50:00','11:50:00','6830752','20','',''),
('525157391702122','12:00:00','12:00:00','6830733','1','',''),
('525157391702122','12:02:00','12:02:00','6830734','2','',''),
('525157391702122','12:03:00','12:03:00','6830735','3','',''),
('525157391702122','12:05:00','12:05:00','6830736','4','',''),
('525157391702122','12:07:00','12:07:00','6830737','5','',''),
('525157391702122','12:11:00','12:11:00','6830738','6','',''),
('525157391702122','12:13:00','12:13:00','6830739','7','',''),
('525157391702122','12:14:00','12:14:00','6830740','8','',''),
('525157391702122','12:15:00','12:15:00','6830741','9','',''),
('525157391702122','12:17:00','12:17:00','6830742','10','',''),
('525157391702122','12:19:00','12:19:00','6830743','11','',''),
('525157391702122','12:20:00','12:20:00','6830744','12','',''),
('525157391702122','12:22:00','12:22:00','6830745','13','',''),
('525157391702122','12:25:00','12:25:00','6830746','14','',''),
('525157391702122','12:27:00','12:27:00','6830747','15','',''),
('525157391702122','12:28:00','12:28:00','6830748','16','',''),
('525157391702122','12:32:00','12:32:00','6830749','17','',''),
('525157391702122','12:33:00','12:33:00','6830750','18','',''),
('525157391702122','12:34:00','12:34:00','6830751','19','',''),
('525157391702122','12:35:00','12:35:00','6830752','20','',''),
('525395441702122','11:15:00','11:15:00','6830733','1','',''),
('525395441702122','11:17:00','11:17:00','6830734','2','',''),
('525395441702122','11:18:00','11:18:00','6830735','3','',''),
('525395441702122','11:20:00','11:20:00','6830736','4','',''),
('525395441702122','11:22:00','11:22:00','6830737','5','',''),
('525395441702122','11:26:00','11:26:00','6830738','6','',''),
('525395441702122','11:28:00','11:28:00','6830739','7','',''),
('525395441702122','11:29:00','11:29:00','6830740','8','',''),
('525395441702122','11:30:00','11:30:00','6830741','9','',''),
('525395441702122','11:32:00','11:32:00','6830742','10','',''),
('525395441702122','11:34:00','11:34:00','6830743','11','',''),
('525395441702122','11:35:00','11:35:00','6830744','12','',''),
('525395441702122','11:37:00','11:37:00','6830745','13','',''),
('525395441702122','11:40:00','11:40:00','6830746','14','',''),
('525395441702122','11:42:00','11:42:00','6830747','15','',''),
('525395441702122','11:43:00','11:43:00','6830748','16','',''),
('525395441702122','11:47:00','11:47:00','6830749','17','',''),
('525395441702122','11:48:00','11:48:00','6830750','18','',''),
('525395441702122','11:49:00','11:49:00','6830751','19','',''),
('525395441702122','11:50:00','11:50:00','6830752','20','',''),
('525395451702122','12:00:00','12:00:00','6830733','1','',''),
('525395451702122','12:02:00','12:02:00','6830734','2','',''),
('525395451702122','12:03:00','12:03:00','6830735','3','',''),
('525395451702122','12:05:00','12:05:00','6830736','4','',''),
('525395451702122','12:07:00','12:07:00','6830737','5','',''),
('525395451702122','12:11:00','12:11:00','6830738','6','',''),
('525395451702122','12:13:00','12:13:00','6830739','7','',''),
('525395451702122','12:14:00','12:14:00','6830740','8','',''),
('525395451702122','12:15:00','12:15:00','6830741','9','',''),
('525395451702122','12:17:00','12:17:00','6830742','10','',''),
('525395451702122','12:19:00','12:19:00','6830743','11','',''),
('525395451702122','12:20:00','12:20:00','6830744','12','',''),
('525395451702122','12:22:00','12:22:00','6830745','13','',''),
('525395451702122','12:25:00','12:25:00','6830746','14','',''),
('525395451702122','12:27:00','12:27:00','6830747','15','',''),
('525395451702122','12:28:00','12:28:00','6830748','16','',''),
('525395451702122','12:32:00','12:32:00','6830749','17','',''),
('525395451702122','12:33:00','12:33:00','6830750','18','',''),
('525395451702122','12:34:00','12:34:00','6830751','19','',''),
('525395451702122','12:35:00','12:35:00','6830752','20','',''),
('525395461702122','12:00:00','12:00:00','6830733','1','',''),
('525395461702122','12:02:00','12:02:00','6830734','2','',''),
('525395461702122','12:03:00','12:03:00','6830735','3','',''),
('525395461702122','12:05:00','12:05:00','6830736','4','',''),
('525395461702122','12:07:00','12:07:00','6830737','5','',''),
('525395461702122','12:11:00','12:11:00','6830738','6','',''),
('525395461702122','12:13:00','12:13:00','6830739','7','',''),
('525395461702122','12:14:00','12:14:00','6830740','8','',''),
('525395461702122','12:15:00','12:15:00','6830741','9','',''),
('525395461702122','12:17:00','12:17:00','6830742','10','',''),
('525395461702122','12:19:00','12:19:00','6830743','11','',''),
('525395461702122','12:20:00','12:20:00','6830744','12','',''),
('525395461702122','12:22:00','12:22:00','6830745','13','',''),
('525395461702122','12:25:00','12:25:00','6830746','14','',''),
('525395461702122','12:27:00','12:27:00','6830747','15','',''),
('525395461702122','12:28:00','12:28:00','6830748','16','',''),
('525395461702122','12:32:00','12:32:00','6830749','17','',''),
('525395461702122','12:33:00','12:33:00','6830750','18','',''),
('525395461702122','12:34:00','12:34:00','6830751','19','',''),
('525395461702122','12:35:00','12:35:00','6830752','20','',''),
('625157391702122','12:45:00','12:45:00','6830733','1','',''),
('625157391702122','12:47:00','12:47:00','6830734','2','',''),
('625157391702122','12:48:00','12:48:00','6830735','3','',''),
('625157391702122','12:50:00','12:50:00','6830736','4','',''),
('625157391702122','12:52:00','12:52:00','6830737','5','',''),
('625157391702122','12:56:00','12:56:00','6830738','6','',''),
('625157391702122','12:58:00','12:58:00','6830739','7','',''),
('625157391702122','12:59:00','12:59:00','6830740','8','',''),
('625157391702122','13:00:00','13:00:00','6830741','9','',''),
('625157391702122','13:02:00','13:02:00','6830742','10','',''),
('625157391702122','13:04:00','13:04:00','6830743','11','',''),
('625157391702122','13:05:00','13:05:00','6830744','12','',''),
('625157391702122','13:07:00','13:07:00','6830745','13','',''),
('625157391702122','13:10:00','13:10:00','6830746','14','',''),
('625157391702122','13:12:00','13:12:00','6830747','15','',''),
('625157391702122','13:13:00','13:13:00','6830748','16','',''),
('625157391702122','13:17:00','13:17:00','6830749','17','',''),
('625157391702122','13:18:00','13:18:00','6830750','18','',''),
('625157391702122','13:19:00','13:19:00','6830751','19','',''),
('625157391702122','13:20:00','13:20:00','6830752','20','',''),
('625395441702122','12:00:00','12:00:00','6830733','1','',''),
('625395441702122','12:02:00','12:02:00','6830734','2','',''),
('625395441702122','12:03:00','12:03:00','6830735','3','',''),
('625395441702122','12:05:00','12:05:00','6830736','4','',''),
('625395441702122','12:07:00','12:07:00','6830737','5','',''),
('625395441702122','12:11:00','12:11:00','6830738','6','',''),
('625395441702122','12:13:00','12:13:00','6830739','7','',''),
('625395441702122','12:14:00','12:14:00','6830740','8','',''),
('625395441702122','12:15:00','12:15:00','6830741','9','',''),
('625395441702122','12:17:00','12:17:00','6830742','10','',''),
('625395441702122','12:19:00','12:19:00','6830743','11','',''),
('625395441702122','12:20:00','12:20:00','6830744','12','',''),
('625395441702122','12:22:00','12:22:00','6830745','13','',''),
('625395441702122','12:25:00','12:25:00','6830746','14','',''),
('625395441702122','12:27:00','12:27:00','6830747','15','',''),
('625395441702122','12:28:00','12:28:00','6830748','16','',''),
('625395441702122','12:32:00','12:32:00','6830749','17','',''),
('625395441702122','12:33:00','12:33:00','6830750','18','',''),
('625395441702122','12:34:00','12:34:00','6830751','19','',''),
('625395441702122','12:35:00','12:35:00','6830752','20','',''),
('625395451702122','12:45:00','12:45:00','6830733','1','',''),
('625395451702122','12:47:00','12:47:00','6830734','2','',''),
('625395451702122','12:48:00','12:48:00','6830735','3','',''),
('625395451702122','12:50:00','12:50:00','6830736','4','',''),
('625395451702122','12:52:00','12:52:00','6830737','5','',''),
('625395451702122','12:56:00','12:56:00','6830738','6','',''),
('625395451702122','12:58:00','12:58:00','6830739','7','',''),
('625395451702122','12:59:00','12:59:00','6830740','8','',''),
('625395451702122','13:00:00','13:00:00','6830741','9','',''),
('625395451702122','13:02:00','13:02:00','6830742','10','',''),
('625395451702122','13:04:00','13:04:00','6830743','11','',''),
('625395451702122','13:05:00','13:05:00','6830744','12','',''),
('625395451702122','13:07:00','13:07:00','6830745','13','',''),
('625395451702122','13:10:00','13:10:00','6830746','14','',''),
('625395451702122','13:12:00','13:12:00','6830747','15','',''),
('625395451702122','13:13:00','13:13:00','6830748','16','',''),
('625395451702122','13:17:00','13:17:00','6830749','17','',''),
('625395451702122','13:18:00','13:18:00','6830750','18','',''),
('625395451702122','13:19:00','13:19:00','6830751','19','',''),
('625395451702122','13:20:00','13:20:00','6830752','20','',''),
('625395461702122','12:45:00','12:45:00','6830733','1','',''),
('625395461702122','12:47:00','12:47:00','6830734','2','',''),
('625395461702122','12:48:00','12:48:00','6830735','3','',''),
('625395461702122','12:50:00','12:50:00','6830736','4','',''),
('625395461702122','12:52:00','12:52:00','6830737','5','',''),
('625395461702122','12:56:00','12:56:00','6830738','6','',''),
('625395461702122','12:58:00','12:58:00','6830739','7','',''),
('625395461702122','12:59:00','12:59:00','6830740','8','',''),
('625395461702122','13:00:00','13:00:00','6830741','9','',''),
('625395461702122','13:02:00','13:02:00','6830742','10','',''),
('625395461702122','13:04:00','13:04:00','6830743','11','',''),
('625395461702122','13:05:00','13:05:00','6830744','12','',''),
('625395461702122','13:07:00','13:07:00','6830745','13','',''),
('625395461702122','13:10:00','13:10:00','6830746','14','',''),
('625395461702122','13:12:00','13:12:00','6830747','15','',''),
('625395461702122','13:13:00','13:13:00','6830748','16','',''),
('625395461702122','13:17:00','13:17:00','6830749','17','',''),
('625395461702122','13:18:00','13:18:00','6830750','18','',''),
('625395461702122','13:19:00','13:19:00','6830751','19','',''),
('625395461702122','13:20:00','13:20:00','6830752','20','',''),
('725157391702122','15:50:00','15:50:00','6830733','1','',''),
('725157391702122','15:52:00','15:52:00','6830734','2','',''),
('725157391702122','15:53:00','15:53:00','6830735','3','',''),
('725157391702122','15:55:00','15:55:00','6830736','4','',''),
('725157391702122','15:57:00','15:57:00','6830737','5','',''),
('725157391702122','16:01:00','16:01:00','6830738','6','',''),
('725157391702122','16:03:00','16:03:00','6830739','7','',''),
('725157391702122','16:04:00','16:04:00','6830740','8','',''),
('725157391702122','16:05:00','16:05:00','6830741','9','',''),
('725157391702122','16:07:00','16:07:00','6830742','10','',''),
('725157391702122','16:09:00','16:09:00','6830743','11','',''),
('725157391702122','16:10:00','16:10:00','6830744','12','',''),
('725157391702122','16:12:00','16:12:00','6830745','13','',''),
('725157391702122','16:15:00','16:15:00','6830746','14','',''),
('725157391702122','16:17:00','16:17:00','6830747','15','',''),
('725157391702122','16:18:00','16:18:00','6830748','16','',''),
('725157391702122','16:22:00','16:22:00','6830749','17','',''),
('725157391702122','16:23:00','16:23:00','6830750','18','',''),
('725157391702122','16:24:00','16:24:00','6830751','19','',''),
('725157391702122','16:25:00','16:25:00','6830752','20','',''),
('725395441702122','12:45:00','12:45:00','6830733','1','',''),
('725395441702122','12:47:00','12:47:00','6830734','2','',''),
('725395441702122','12:48:00','12:48:00','6830735','3','',''),
('725395441702122','12:50:00','12:50:00','6830736','4','',''),
('725395441702122','12:52:00','12:52:00','6830737','5','',''),
('725395441702122','12:56:00','12:56:00','6830738','6','',''),
('725395441702122','12:58:00','12:58:00','6830739','7','',''),
('725395441702122','12:59:00','12:59:00','6830740','8','',''),
('725395441702122','13:00:00','13:00:00','6830741','9','',''),
('725395441702122','13:02:00','13:02:00','6830742','10','',''),
('725395441702122','13:04:00','13:04:00','6830743','11','',''),
('725395441702122','13:05:00','13:05:00','6830744','12','',''),
('725395441702122','13:07:00','13:07:00','6830745','13','',''),
('725395441702122','13:10:00','13:10:00','6830746','14','',''),
('725395441702122','13:12:00','13:12:00','6830747','15','',''),
('725395441702122','13:13:00','13:13:00','6830748','16','',''),
('725395441702122','13:17:00','13:17:00','6830749','17','',''),
('725395441702122','13:18:00','13:18:00','6830750','18','',''),
('725395441702122','13:19:00','13:19:00','6830751','19','',''),
('725395441702122','13:20:00','13:20:00','6830752','20','',''),
('725395451702122','15:50:00','15:50:00','6830733','1','',''),
('725395451702122','15:52:00','15:52:00','6830734','2','',''),
('725395451702122','15:53:00','15:53:00','6830735','3','',''),
('725395451702122','15:55:00','15:55:00','6830736','4','',''),
('725395451702122','15:57:00','15:57:00','6830737','5','',''),
('725395451702122','16:01:00','16:01:00','6830738','6','',''),
('725395451702122','16:03:00','16:03:00','6830739','7','',''),
('725395451702122','16:04:00','16:04:00','6830740','8','',''),
('725395451702122','16:05:00','16:05:00','6830741','9','',''),
('725395451702122','16:07:00','16:07:00','6830742','10','',''),
('725395451702122','16:09:00','16:09:00','6830743','11','',''),
('725395451702122','16:10:00','16:10:00','6830744','12','',''),
('725395451702122','16:12:00','16:12:00','6830745','13','',''),
('725395451702122','16:15:00','16:15:00','6830746','14','',''),
('725395451702122','16:17:00','16:17:00','6830747','15','',''),
('725395451702122','16:18:00','16:18:00','6830748','16','',''),
('725395451702122','16:22:00','16:22:00','6830749','17','',''),
('725395451702122','16:23:00','16:23:00','6830750','18','',''),
('725395451702122','16:24:00','16:24:00','6830751','19','',''),
('725395451702122','16:25:00','16:25:00','6830752','20','',''),
('725395461702122','15:50:00','15:50:00','6830733','1','',''),
('725395461702122','15:52:00','15:52:00','6830734','2','',''),
('725395461702122','15:53:00','15:53:00','6830735','3','',''),
('725395461702122','15:55:00','15:55:00','6830736','4','',''),
('725395461702122','15:57:00','15:57:00','6830737','5','',''),
('725395461702122','16:01:00','16:01:00','6830738','6','',''),
('725395461702122','16:03:00','16:03:00','6830739','7','',''),
('725395461702122','16:04:00','16:04:00','6830740','8','',''),
('725395461702122','16:05:00','16:05:00','6830741','9','',''),
('725395461702122','16:07:00','16:07:00','6830742','10','',''),
('725395461702122','16:09:00','16:09:00','6830743','11','',''),
('725395461702122','16:10:00','16:10:00','6830744','12','',''),
('725395461702122','16:12:00','16:12:00','6830745','13','',''),
('725395461702122','16:15:00','16:15:00','6830746','14','',''),
('725395461702122','16:17:00','16:17:00','6830747','15','',''),
('725395461702122','16:18:00','16:18:00','6830748','16','',''),
('725395461702122','16:22:00','16:22:00','6830749','17','',''),
('725395461702122','16:23:00','16:23:00','6830750','18','',''),
('725395461702122','16:24:00','16:24:00','6830751','19','',''),
('725395461702122','16:25:00','16:25:00','6830752','20','',''),
('825157391702122','16:35:00','16:35:00','6830733','1','',''),
('825157391702122','16:37:00','16:37:00','6830734','2','',''),
('825157391702122','16:38:00','16:38:00','6830735','3','',''),
('825157391702122','16:40:00','16:40:00','6830736','4','',''),
('825157391702122','16:42:00','16:42:00','6830737','5','',''),
('825157391702122','16:46:00','16:46:00','6830738','6','',''),
('825157391702122','16:48:00','16:48:00','6830739','7','',''),
('825157391702122','16:49:00','16:49:00','6830740','8','',''),
('825157391702122','16:50:00','16:50:00','6830741','9','',''),
('825157391702122','16:52:00','16:52:00','6830742','10','',''),
('825157391702122','16:54:00','16:54:00','6830743','11','',''),
('825157391702122','16:55:00','16:55:00','6830744','12','',''),
('825157391702122','16:57:00','16:57:00','6830745','13','',''),
('825157391702122','17:00:00','17:00:00','6830746','14','',''),
('825157391702122','17:02:00','17:02:00','6830747','15','',''),
('825157391702122','17:03:00','17:03:00','6830748','16','',''),
('825157391702122','17:07:00','17:07:00','6830749','17','',''),
('825157391702122','17:08:00','17:08:00','6830750','18','',''),
('825157391702122','17:09:00','17:09:00','6830751','19','',''),
('825157391702122','17:10:00','17:10:00','6830752','20','',''),
('825395451702122','16:35:00','16:35:00','6830733','1','',''),
('825395451702122','16:37:00','16:37:00','6830734','2','',''),
('825395451702122','16:38:00','16:38:00','6830735','3','',''),
('825395451702122','16:40:00','16:40:00','6830736','4','',''),
('825395451702122','16:42:00','16:42:00','6830737','5','',''),
('825395451702122','16:46:00','16:46:00','6830738','6','',''),
('825395451702122','16:48:00','16:48:00','6830739','7','',''),
('825395451702122','16:49:00','16:49:00','6830740','8','',''),
('825395451702122','16:50:00','16:50:00','6830741','9','',''),
('825395451702122','16:52:00','16:52:00','6830742','10','',''),
('825395451702122','16:54:00','16:54:00','6830743','11','',''),
('825395451702122','16:55:00','16:55:00','6830744','12','',''),
('825395451702122','16:57:00','16:57:00','6830745','13','',''),
('825395451702122','17:00:00','17:00:00','6830746','14','',''),
('825395451702122','17:02:00','17:02:00','6830747','15','',''),
('825395451702122','17:03:00','17:03:00','6830748','16','',''),
('825395451702122','17:07:00','17:07:00','6830749','17','',''),
('825395451702122','17:08:00','17:08:00','6830750','18','',''),
('825395451702122','17:09:00','17:09:00','6830751','19','',''),
('825395451702122','17:10:00','17:10:00','6830752','20','',''),
('825395461702122','16:35:00','16:35:00','6830733','1','',''),
('825395461702122','16:37:00','16:37:00','6830734','2','',''),
('825395461702122','16:38:00','16:38:00','6830735','3','',''),
('825395461702122','16:40:00','16:40:00','6830736','4','',''),
('825395461702122','16:42:00','16:42:00','6830737','5','',''),
('825395461702122','16:46:00','16:46:00','6830738','6','',''),
('825395461702122','16:48:00','16:48:00','6830739','7','',''),
('825395461702122','16:49:00','16:49:00','6830740','8','',''),
('825395461702122','16:50:00','16:50:00','6830741','9','',''),
('825395461702122','16:52:00','16:52:00','6830742','10','',''),
('825395461702122','16:54:00','16:54:00','6830743','11','',''),
('825395461702122','16:55:00','16:55:00','6830744','12','',''),
('825395461702122','16:57:00','16:57:00','6830745','13','',''),
('825395461702122','17:00:00','17:00:00','6830746','14','',''),
('825395461702122','17:02:00','17:02:00','6830747','15','',''),
('825395461702122','17:03:00','17:03:00','6830748','16','',''),
('825395461702122','17:07:00','17:07:00','6830749','17','',''),
('825395461702122','17:08:00','17:08:00','6830750','18','',''),
('825395461702122','17:09:00','17:09:00','6830751','19','',''),
('825395461702122','17:10:00','17:10:00','6830752','20','','');
INSERT INTO calendar (service_id,monday,tuesday,wednesday,thursday,friday,saturday,sunday,start_date,end_date) VALUES
('2539544','0','0','0','0','0','0','0','20171224','20180225'),
('2539545','0','0','0','0','0','0','0','20171221','20180216'),
('2539546','0','0','0','0','0','0','0','20171223','20180217'),
('2515739','0','0','0','0','0','0','0','20171227','20180228');
INSERT INTO calendar_dates (service_id,date,exception_type) VALUES
('2539544','20171224','1'),
('2539544','20171231','1'),
('2539544','20180107','1'),
('2539544','20180114','1'),
('2539544','20180121','1'),
('2539544','20180128','1'),
('2539544','20180204','1'),
('2539544','20180211','1'),
('2539544','20180218','1'),
('2539544','20180225','1'),
('2539545','20171221','1'),
('2539545','20171222','1'),
('2539545','20180110','1'),
('2539545','20180111','1'),
('2539545','20180112','1'),
('2539545','20180117','1'),
('2539545','20180118','1'),
('2539545','20180119','1'),
('2539545','20180124','1'),
('2539545','20180125','1'),
('2539545','20180126','1'),
('2539545','20180131','1'),
('2539545','20180201','1'),
('2539545','20180202','1'),
('2539545','20180207','1'),
('2539545','20180208','1'),
('2539545','20180209','1'),
('2539545','20180214','1'),
('2539545','20180215','1'),
('2539545','20180216','1'),
('2539546','20171223','1'),
('2539546','20180113','1'),
('2539546','20180120','1'),
('2539546','20180127','1'),
('2539546','20180203','1'),
('2539546','20180210','1'),
('2539546','20180217','1'),
('2515739','20171227','1'),
('2515739','20180103','1'),
('2515739','20180221','1'),
('2515739','20180228','1');
INSERT INTO routes (route_id,agency_id,route_short_name,route_long_name,route_desc,route_type,route_url,route_color,route_text_color) VALUES
('1702869','100','TILLBUS','(PLACE DU VEL''D''HIV <-> PLACE DU VEL''D''HIV) - Aller','','3','','FFFFFF','000000');
INSERT INTO agency (agency_id,agency_name,agency_url,agency_timezone,agency_lang,agency_phone) VALUES
('100','RATP (100)','http://www.ratp.fr/','CET','','');
INSERT INTO trips (route_id,service_id,trip_id,trip_headsign,trip_short_name,direction_id,shape_id) VALUES
('1702869','2515739','125157391702122','','1','0',''),
('1702869','2539544','125395441702122','','1','0',''),
('1702869','2539545','125395451702122','','1','0',''),
('1702869','2539546','125395461702122','','1','0',''),
('1702869','2515739','225157391702122','','2','0',''),
('1702869','2539544','225395441702122','','2','0',''),
('1702869','2539545','225395451702122','','2','0',''),
('1702869','2539546','225395461702122','','2','0',''),
('1702869','2515739','325157391702122','','3','0',''),
('1702869','2539544','325395441702122','','3','0',''),
('1702869','2539545','325395451702122','','3','0',''),
('1702869','2539546','325395461702122','','3','0',''),
('1702869','2515739','425157391702122','','4','0',''),
('1702869','2539544','425395441702122','','4','0',''),
('1702869','2539545','425395451702122','','4','0',''),
('1702869','2539546','425395461702122','','4','0',''),
('1702869','2515739','525157391702122','','5','0',''),
('1702869','2539544','525395441702122','','5','0',''),
('1702869','2539545','525395451702122','','5','0',''),
('1702869','2539546','525395461702122','','5','0',''),
('1702869','2515739','625157391702122','','6','0',''),
('1702869','2539544','625395441702122','','6','0',''),
('1702869','2539545','625395451702122','','6','0',''),
('1702869','2539546','625395461702122','','6','0',''),
('1702869','2515739','725157391702122','','7','0',''),
('1702869','2539544','725395441702122','','7','0',''),
('1702869','2539545','725395451702122','','7','0',''),
('1702869','2539546','725395461702122','','7','0',''),
('1702869','2515739','825157391702122','','8','0',''),
('1702869','2539545','825395451702122','','8','0',''),
('1702869','2539546','825395461702122','','8','0','');
INSERT INTO transfers (from_stop_id,to_stop_id,transfer_type,min_transfer_time) VALUES
('6830735','6575221','2','136'),
('6830735','6682572','2','98'),
('6830735','6575222','2','54'),
('6830735','6591440','2','54'),
('6830735','6591441','2','136'),
('6830743','6575225','2','65'),
('6830743','6575224','2','6'),
('6591789','6830743','2','6'),
('6830750','6591439','2','138'),
('6591834','6830735','2','54'),
('6591559','6830735','2','136'),
('6591789','6830741','2','72'),
('6830742','1875','2','188'),
('6591765','6830750','2','138'),
('6830742','2271','2','188'),
('6830744','6640095','2','54'),
('6830740','6575225','2','114'),
('6830735','6682528','2','98'),
('3687700','6830750','2','138'),
('6830740','6575227','2','113'),
('6830744','6575227','2','70'),
('3687661','6830734','2','86'),
('6830745','6591432','2','49'),
('6591831','6830747','2','136'),
('6591831','6830748','2','134'),
('6830735','4009098','2','98'),
('6830741','6591537','2','72'),
('6830740','6640093','2','114'),
('6830742','6869547','2','65'),
('6830740','6640094','2','141'),
('6830742','6575276','2','53'),
('6591833','6830742','2','45'),
('6830741','6640092','2','72'),
('6591767','6830735','2','136'),
('6830735','6640090','2','54'),
('6830742','6640126','2','53'),
('6830744','6640094','2','35'),
('6830743','6640092','2','6'),
('6830743','6640093','2','65'),
('6591766','6830735','2','54'),
('6830735','6640089','2','136'),
('6591561','6830741','2','72'),
('3687662','6830734','2','55'),
('6591561','6830743','2','6'),
('6830741','6575224','2','72'),
('6830743','6591537','2','6'),
('6591832','6830743','2','55'),
('6591832','6830741','2','105'),
('6830736','5944518','2','143');
INSERT INTO stops (stop_id,stop_code,stop_name,stop_desc,stop_lat,stop_lon,location_type,parent_station) VALUES
('6830747','','CROIX DE L''EPINETTE','FACE 118 AVENUE DU MARECHAL DE LATTRE DE TASSIGNY - 93045','48.8787064485767','2.4236293332932077','0',''),
('6830734','','LES PRIMEVERES','FACE 32-36 RUE DES BRUYERES - 93045','48.87696033024608','2.414292986045229','0',''),
('6830746','','FLOREAL','215 AVENUE DU MARECHAL DE LATTRE DE TASSIGNY - 93045','48.87999789060838','2.4273105743783585','0',''),
('6830733','','PLACE DU VEL''D''HIV','6 RUE DES VILLEGRANGES - 93045','48.8749285651014','2.415270961331704','0',''),
('6830749','','RUE DU CENTRE','61 RUE DE ROMAINVILLE - 93045','48.87808935149886','2.419349818310405','0',''),
('6830748','','SENTES-CROIX DE L''EPINETTE','RUE DE LA CROIX DE L''EPINETTE - 93045','48.88049489337669','2.423659566012857','0',''),
('6830738','','RUE DU PRESIDENT SCHUMAN','RUE DU PRESIDENT ROBERT SCHUMAN - 93045','48.88592501190064','2.421106588876464','0',''),
('6830743','','PAUL DE KOCK.','158 RUE DE PARIS - 93045','48.880776316734185','2.4196811086369903','0',''),
('6830737','','RUE MARCELLE','120 BOULEVARD EUGENE DECROS - 93045','48.88416584676858','2.4177241600453825','0',''),
('6830742','','MAIRIE DES LILAS - METRO','96 RUE DE PARIS - 93045','48.879691211592444','2.416204708769156','0',''),
('6830736','','COMMISSARIAT','44 BOULEVARD EUGENE DECROS - 93045','48.88213656765963','2.4149547660057524','0',''),
('6830745','','GAGARINE','AVENUE LENINE - 93045','48.8827938850592','2.426034494668871','0',''),
('6830735','','LES BRUYERES','5-7 RUE DES BRUYERES - 93045','48.87871357432115','2.4131646403855753','0',''),
('6830744','','JOSEPH DEPINAY','196 RUE DE PARIS - 93045','48.8820137282221','2.4236757244776963','0',''),
('6830739','','CENTRE DE SANTE B. LAFAY','39 AVENUE GEORGES CLEMENCEAU - 93045','48.883939161337594','2.42064004850465','0',''),
('6830751','','LES PRIMEVERES.','46 RUE DES BRUYERES - 93045','48.876483889685794','2.4144694073555555','0',''),
('6830752','','PLACE DU VEL''D''HIV.','6 RUE DES VILLEGRANGES - 93045','48.87499136899767','2.4154345551067276','0',''),
('6830740','','HORTENSIAS','13 AVENUE GEORGES CLEMENCEAU - 93045','48.882276255542784','2.421018925455389','0',''),
('6830750','','PASSAGE RONSARD','FACE 20-22 RUE DE ROMAINVILLE - 93045','48.877282866892386','2.4158331514815305','0',''),
('6830741','','PAUL DE KOCK','185 RUE DE PARIS - 93045','48.8811891904385','2.4204584795558555','0','');
