INSERT INTO stop_times (trip_id,arrival_time,departure_time,stop_id,stop_sequence,stop_headsign,shape_dist_traveled) VALUES
('1025454851155829','12:17:00','12:17:00','4909843','1','',''),
('1025454851155829','12:19:00','12:19:00','4909845','2','',''),
('1025454851155829','12:20:00','12:20:00','4909846','3','',''),
('1025454851155829','12:22:00','12:22:00','4909848','4','',''),
('1025454851155829','12:24:00','12:24:00','4909850','5','',''),
('1025454851155829','12:25:00','12:25:00','4909852','6','',''),
('1025454851155829','12:27:00','12:27:00','4909854','7','',''),
('1025454851155829','12:28:00','12:28:00','4909856','8','',''),
('1025454851155829','12:30:00','12:30:00','4909858','9','',''),
('1025454861155829','12:17:00','12:17:00','4909843','1','',''),
('1025454861155829','12:19:00','12:19:00','4909845','2','',''),
('1025454861155829','12:20:00','12:20:00','4909846','3','',''),
('1025454861155829','12:22:00','12:22:00','4909848','4','',''),
('1025454861155829','12:24:00','12:24:00','4909850','5','',''),
('1025454861155829','12:25:00','12:25:00','4909852','6','',''),
('1025454861155829','12:27:00','12:27:00','4909854','7','',''),
('1025454861155829','12:28:00','12:28:00','4909856','8','',''),
('1025454861155829','12:30:00','12:30:00','4909858','9','',''),
('1125454851155829','12:49:00','12:49:00','4909843','1','',''),
('1125454851155829','12:51:00','12:51:00','4909845','2','',''),
('1125454851155829','12:52:00','12:52:00','4909846','3','',''),
('1125454851155829','12:54:00','12:54:00','4909848','4','',''),
('1125454851155829','12:56:00','12:56:00','4909850','5','',''),
('1125454851155829','12:57:00','12:57:00','4909852','6','',''),
('1125454851155829','12:59:00','12:59:00','4909854','7','',''),
('1125454851155829','13:00:00','13:00:00','4909856','8','',''),
('1125454851155829','13:02:00','13:02:00','4909858','9','',''),
('1125454861155829','12:49:00','12:49:00','4909843','1','',''),
('1125454861155829','12:51:00','12:51:00','4909845','2','',''),
('1125454861155829','12:52:00','12:52:00','4909846','3','',''),
('1125454861155829','12:54:00','12:54:00','4909848','4','',''),
('1125454861155829','12:56:00','12:56:00','4909850','5','',''),
('1125454861155829','12:57:00','12:57:00','4909852','6','',''),
('1125454861155829','12:59:00','12:59:00','4909854','7','',''),
('1125454861155829','13:00:00','13:00:00','4909856','8','',''),
('1125454861155829','13:02:00','13:02:00','4909858','9','',''),
('1225454851155829','13:21:00','13:21:00','4909843','1','',''),
('1225454851155829','13:23:00','13:23:00','4909845','2','',''),
('1225454851155829','13:24:00','13:24:00','4909846','3','',''),
('1225454851155829','13:26:00','13:26:00','4909848','4','',''),
('1225454851155829','13:28:00','13:28:00','4909850','5','',''),
('1225454851155829','13:29:00','13:29:00','4909852','6','',''),
('1225454851155829','13:31:00','13:31:00','4909854','7','',''),
('1225454851155829','13:32:00','13:32:00','4909856','8','',''),
('1225454851155829','13:34:00','13:34:00','4909858','9','',''),
('1225454861155829','13:21:00','13:21:00','4909843','1','',''),
('1225454861155829','13:23:00','13:23:00','4909845','2','',''),
('1225454861155829','13:24:00','13:24:00','4909846','3','',''),
('1225454861155829','13:26:00','13:26:00','4909848','4','',''),
('1225454861155829','13:28:00','13:28:00','4909850','5','',''),
('1225454861155829','13:29:00','13:29:00','4909852','6','',''),
('1225454861155829','13:31:00','13:31:00','4909854','7','',''),
('1225454861155829','13:32:00','13:32:00','4909856','8','',''),
('1225454861155829','13:34:00','13:34:00','4909858','9','',''),
('125454851155829','07:15:00','07:15:00','4909843','1','',''),
('125454851155829','07:17:00','07:17:00','4909845','2','',''),
('125454851155829','07:18:00','07:18:00','4909846','3','',''),
('125454851155829','07:21:00','07:21:00','4909848','4','',''),
('125454851155829','07:23:00','07:23:00','4909850','5','',''),
('125454851155829','07:24:00','07:24:00','4909852','6','',''),
('125454851155829','07:27:00','07:27:00','4909854','7','',''),
('125454851155829','07:28:00','07:28:00','4909856','8','',''),
('125454851155829','07:31:00','07:31:00','4909858','9','',''),
('125454861155829','07:15:00','07:15:00','4909843','1','',''),
('125454861155829','07:17:00','07:17:00','4909845','2','',''),
('125454861155829','07:18:00','07:18:00','4909846','3','',''),
('125454861155829','07:20:00','07:20:00','4909848','4','',''),
('125454861155829','07:22:00','07:22:00','4909850','5','',''),
('125454861155829','07:23:00','07:23:00','4909852','6','',''),
('125454861155829','07:25:00','07:25:00','4909854','7','',''),
('125454861155829','07:26:00','07:26:00','4909856','8','',''),
('125454861155829','07:28:00','07:28:00','4909858','9','',''),
('1325454851155829','13:53:00','13:53:00','4909843','1','',''),
('1325454851155829','13:55:00','13:55:00','4909845','2','',''),
('1325454851155829','13:56:00','13:56:00','4909846','3','',''),
('1325454851155829','13:58:00','13:58:00','4909848','4','',''),
('1325454851155829','14:00:00','14:00:00','4909850','5','',''),
('1325454851155829','14:01:00','14:01:00','4909852','6','',''),
('1325454851155829','14:03:00','14:03:00','4909854','7','',''),
('1325454851155829','14:04:00','14:04:00','4909856','8','',''),
('1325454851155829','14:06:00','14:06:00','4909858','9','',''),
('1325454861155829','13:53:00','13:53:00','4909843','1','',''),
('1325454861155829','13:55:00','13:55:00','4909845','2','',''),
('1325454861155829','13:56:00','13:56:00','4909846','3','',''),
('1325454861155829','13:58:00','13:58:00','4909848','4','',''),
('1325454861155829','14:00:00','14:00:00','4909850','5','',''),
('1325454861155829','14:01:00','14:01:00','4909852','6','',''),
('1325454861155829','14:03:00','14:03:00','4909854','7','',''),
('1325454861155829','14:04:00','14:04:00','4909856','8','',''),
('1325454861155829','14:06:00','14:06:00','4909858','9','',''),
('1425454851155829','14:25:00','14:25:00','4909843','1','',''),
('1425454851155829','14:27:00','14:27:00','4909845','2','',''),
('1425454851155829','14:28:00','14:28:00','4909846','3','',''),
('1425454851155829','14:30:00','14:30:00','4909848','4','',''),
('1425454851155829','14:32:00','14:32:00','4909850','5','',''),
('1425454851155829','14:33:00','14:33:00','4909852','6','',''),
('1425454851155829','14:36:00','14:36:00','4909854','7','',''),
('1425454851155829','14:37:00','14:37:00','4909856','8','',''),
('1425454851155829','14:39:00','14:39:00','4909858','9','',''),
('1425454861155829','14:25:00','14:25:00','4909843','1','',''),
('1425454861155829','14:27:00','14:27:00','4909845','2','',''),
('1425454861155829','14:28:00','14:28:00','4909846','3','',''),
('1425454861155829','14:30:00','14:30:00','4909848','4','',''),
('1425454861155829','14:32:00','14:32:00','4909850','5','',''),
('1425454861155829','14:33:00','14:33:00','4909852','6','',''),
('1425454861155829','14:36:00','14:36:00','4909854','7','',''),
('1425454861155829','14:37:00','14:37:00','4909856','8','',''),
('1425454861155829','14:39:00','14:39:00','4909858','9','',''),
('1525454851155829','14:57:00','14:57:00','4909843','1','',''),
('1525454851155829','14:59:00','14:59:00','4909845','2','',''),
('1525454851155829','15:00:00','15:00:00','4909846','3','',''),
('1525454851155829','15:02:00','15:02:00','4909848','4','',''),
('1525454851155829','15:04:00','15:04:00','4909850','5','',''),
('1525454851155829','15:05:00','15:05:00','4909852','6','',''),
('1525454851155829','15:08:00','15:08:00','4909854','7','',''),
('1525454851155829','15:09:00','15:09:00','4909856','8','',''),
('1525454851155829','15:11:00','15:11:00','4909858','9','',''),
('1525454861155829','14:57:00','14:57:00','4909843','1','',''),
('1525454861155829','14:59:00','14:59:00','4909845','2','',''),
('1525454861155829','15:00:00','15:00:00','4909846','3','',''),
('1525454861155829','15:02:00','15:02:00','4909848','4','',''),
('1525454861155829','15:04:00','15:04:00','4909850','5','',''),
('1525454861155829','15:05:00','15:05:00','4909852','6','',''),
('1525454861155829','15:08:00','15:08:00','4909854','7','',''),
('1525454861155829','15:09:00','15:09:00','4909856','8','',''),
('1525454861155829','15:11:00','15:11:00','4909858','9','',''),
('1625454851155829','15:30:00','15:30:00','4909843','1','',''),
('1625454851155829','15:32:00','15:32:00','4909845','2','',''),
('1625454851155829','15:33:00','15:33:00','4909846','3','',''),
('1625454851155829','15:35:00','15:35:00','4909848','4','',''),
('1625454851155829','15:37:00','15:37:00','4909850','5','',''),
('1625454851155829','15:38:00','15:38:00','4909852','6','',''),
('1625454851155829','15:41:00','15:41:00','4909854','7','',''),
('1625454851155829','15:42:00','15:42:00','4909856','8','',''),
('1625454851155829','15:44:00','15:44:00','4909858','9','',''),
('1625454861155829','15:30:00','15:30:00','4909843','1','',''),
('1625454861155829','15:32:00','15:32:00','4909845','2','',''),
('1625454861155829','15:33:00','15:33:00','4909846','3','',''),
('1625454861155829','15:35:00','15:35:00','4909848','4','',''),
('1625454861155829','15:37:00','15:37:00','4909850','5','',''),
('1625454861155829','15:38:00','15:38:00','4909852','6','',''),
('1625454861155829','15:41:00','15:41:00','4909854','7','',''),
('1625454861155829','15:42:00','15:42:00','4909856','8','',''),
('1625454861155829','15:44:00','15:44:00','4909858','9','',''),
('1725454851155829','16:03:00','16:03:00','4909843','1','',''),
('1725454851155829','16:05:00','16:05:00','4909845','2','',''),
('1725454851155829','16:06:00','16:06:00','4909846','3','',''),
('1725454851155829','16:08:00','16:08:00','4909848','4','',''),
('1725454851155829','16:10:00','16:10:00','4909850','5','',''),
('1725454851155829','16:11:00','16:11:00','4909852','6','',''),
('1725454851155829','16:14:00','16:14:00','4909854','7','',''),
('1725454851155829','16:15:00','16:15:00','4909856','8','',''),
('1725454851155829','16:17:00','16:17:00','4909858','9','',''),
('1725454861155829','16:03:00','16:03:00','4909843','1','',''),
('1725454861155829','16:05:00','16:05:00','4909845','2','',''),
('1725454861155829','16:06:00','16:06:00','4909846','3','',''),
('1725454861155829','16:08:00','16:08:00','4909848','4','',''),
('1725454861155829','16:10:00','16:10:00','4909850','5','',''),
('1725454861155829','16:11:00','16:11:00','4909852','6','',''),
('1725454861155829','16:14:00','16:14:00','4909854','7','',''),
('1725454861155829','16:15:00','16:15:00','4909856','8','',''),
('1725454861155829','16:17:00','16:17:00','4909858','9','',''),
('1825454851155829','16:36:00','16:36:00','4909843','1','',''),
('1825454851155829','16:38:00','16:38:00','4909845','2','',''),
('1825454851155829','16:39:00','16:39:00','4909846','3','',''),
('1825454851155829','16:41:00','16:41:00','4909848','4','',''),
('1825454851155829','16:43:00','16:43:00','4909850','5','',''),
('1825454851155829','16:44:00','16:44:00','4909852','6','',''),
('1825454851155829','16:47:00','16:47:00','4909854','7','',''),
('1825454851155829','16:48:00','16:48:00','4909856','8','',''),
('1825454851155829','16:50:00','16:50:00','4909858','9','',''),
('1825454861155829','16:36:00','16:36:00','4909843','1','',''),
('1825454861155829','16:38:00','16:38:00','4909845','2','',''),
('1825454861155829','16:39:00','16:39:00','4909846','3','',''),
('1825454861155829','16:41:00','16:41:00','4909848','4','',''),
('1825454861155829','16:43:00','16:43:00','4909850','5','',''),
('1825454861155829','16:44:00','16:44:00','4909852','6','',''),
('1825454861155829','16:47:00','16:47:00','4909854','7','',''),
('1825454861155829','16:48:00','16:48:00','4909856','8','',''),
('1825454861155829','16:50:00','16:50:00','4909858','9','',''),
('1925454851155829','17:10:00','17:10:00','4909843','1','',''),
('1925454851155829','17:12:00','17:12:00','4909845','2','',''),
('1925454851155829','17:13:00','17:13:00','4909846','3','',''),
('1925454851155829','17:15:00','17:15:00','4909848','4','',''),
('1925454851155829','17:17:00','17:17:00','4909850','5','',''),
('1925454851155829','17:18:00','17:18:00','4909852','6','',''),
('1925454851155829','17:21:00','17:21:00','4909854','7','',''),
('1925454851155829','17:22:00','17:22:00','4909856','8','',''),
('1925454851155829','17:25:00','17:25:00','4909858','9','',''),
('1925454861155829','17:10:00','17:10:00','4909843','1','',''),
('1925454861155829','17:12:00','17:12:00','4909845','2','',''),
('1925454861155829','17:13:00','17:13:00','4909846','3','',''),
('1925454861155829','17:15:00','17:15:00','4909848','4','',''),
('1925454861155829','17:17:00','17:17:00','4909850','5','',''),
('1925454861155829','17:18:00','17:18:00','4909852','6','',''),
('1925454861155829','17:21:00','17:21:00','4909854','7','',''),
('1925454861155829','17:22:00','17:22:00','4909856','8','',''),
('1925454861155829','17:24:00','17:24:00','4909858','9','',''),
('2025454851155829','17:45:00','17:45:00','4909843','1','',''),
('2025454851155829','17:47:00','17:47:00','4909845','2','',''),
('2025454851155829','17:48:00','17:48:00','4909846','3','',''),
('2025454851155829','17:51:00','17:51:00','4909848','4','',''),
('2025454851155829','17:53:00','17:53:00','4909850','5','',''),
('2025454851155829','17:54:00','17:54:00','4909852','6','',''),
('2025454851155829','17:56:00','17:56:00','4909854','7','',''),
('2025454851155829','17:57:00','17:57:00','4909856','8','',''),
('2025454851155829','18:00:00','18:00:00','4909858','9','',''),
('2025454861155829','17:45:00','17:45:00','4909843','1','',''),
('2025454861155829','17:47:00','17:47:00','4909845','2','',''),
('2025454861155829','17:48:00','17:48:00','4909846','3','',''),
('2025454861155829','17:50:00','17:50:00','4909848','4','',''),
('2025454861155829','17:52:00','17:52:00','4909850','5','',''),
('2025454861155829','17:53:00','17:53:00','4909852','6','',''),
('2025454861155829','17:56:00','17:56:00','4909854','7','',''),
('2025454861155829','17:57:00','17:57:00','4909856','8','',''),
('2025454861155829','18:00:00','18:00:00','4909858','9','',''),
('2125454851155829','18:21:00','18:21:00','4909843','1','',''),
('2125454851155829','18:23:00','18:23:00','4909845','2','',''),
('2125454851155829','18:24:00','18:24:00','4909846','3','',''),
('2125454851155829','18:26:00','18:26:00','4909848','4','',''),
('2125454851155829','18:28:00','18:28:00','4909850','5','',''),
('2125454851155829','18:29:00','18:29:00','4909852','6','',''),
('2125454851155829','18:32:00','18:32:00','4909854','7','',''),
('2125454851155829','18:33:00','18:33:00','4909856','8','',''),
('2125454851155829','18:35:00','18:35:00','4909858','9','',''),
('2125454861155829','18:21:00','18:21:00','4909843','1','',''),
('2125454861155829','18:23:00','18:23:00','4909845','2','',''),
('2125454861155829','18:24:00','18:24:00','4909846','3','',''),
('2125454861155829','18:26:00','18:26:00','4909848','4','',''),
('2125454861155829','18:28:00','18:28:00','4909850','5','',''),
('2125454861155829','18:29:00','18:29:00','4909852','6','',''),
('2125454861155829','18:31:00','18:31:00','4909854','7','',''),
('2125454861155829','18:32:00','18:32:00','4909856','8','',''),
('2125454861155829','18:35:00','18:35:00','4909858','9','',''),
('2225454851155829','18:57:00','18:57:00','4909843','1','',''),
('2225454851155829','18:59:00','18:59:00','4909845','2','',''),
('2225454851155829','19:00:00','19:00:00','4909846','3','',''),
('2225454851155829','19:02:00','19:02:00','4909848','4','',''),
('2225454851155829','19:04:00','19:04:00','4909850','5','',''),
('2225454851155829','19:05:00','19:05:00','4909852','6','',''),
('2225454851155829','19:07:00','19:07:00','4909854','7','',''),
('2225454851155829','19:08:00','19:08:00','4909856','8','',''),
('2225454851155829','19:10:00','19:10:00','4909858','9','',''),
('2225454861155829','18:57:00','18:57:00','4909843','1','',''),
('2225454861155829','18:59:00','18:59:00','4909845','2','',''),
('2225454861155829','19:00:00','19:00:00','4909846','3','',''),
('2225454861155829','19:02:00','19:02:00','4909848','4','',''),
('2225454861155829','19:04:00','19:04:00','4909850','5','',''),
('2225454861155829','19:05:00','19:05:00','4909852','6','',''),
('2225454861155829','19:07:00','19:07:00','4909854','7','',''),
('2225454861155829','19:08:00','19:08:00','4909856','8','',''),
('2225454861155829','19:10:00','19:10:00','4909858','9','',''),
('225454851155829','07:51:00','07:51:00','4909843','1','',''),
('225454851155829','07:53:00','07:53:00','4909845','2','',''),
('225454851155829','07:54:00','07:54:00','4909846','3','',''),
('225454851155829','07:57:00','07:57:00','4909848','4','',''),
('225454851155829','07:59:00','07:59:00','4909850','5','',''),
('225454851155829','08:00:00','08:00:00','4909852','6','',''),
('225454851155829','08:03:00','08:03:00','4909854','7','',''),
('225454851155829','08:04:00','08:04:00','4909856','8','',''),
('225454851155829','08:07:00','08:07:00','4909858','9','',''),
('225454861155829','07:51:00','07:51:00','4909843','1','',''),
('225454861155829','07:53:00','07:53:00','4909845','2','',''),
('225454861155829','07:54:00','07:54:00','4909846','3','',''),
('225454861155829','07:56:00','07:56:00','4909848','4','',''),
('225454861155829','07:58:00','07:58:00','4909850','5','',''),
('225454861155829','07:59:00','07:59:00','4909852','6','',''),
('225454861155829','08:01:00','08:01:00','4909854','7','',''),
('225454861155829','08:02:00','08:02:00','4909856','8','',''),
('225454861155829','08:04:00','08:04:00','4909858','9','',''),
('2325454851155829','19:30:00','19:30:00','4909843','1','',''),
('2325454851155829','19:32:00','19:32:00','4909845','2','',''),
('2325454851155829','19:33:00','19:33:00','4909846','3','',''),
('2325454851155829','19:35:00','19:35:00','4909848','4','',''),
('2325454851155829','19:37:00','19:37:00','4909850','5','',''),
('2325454851155829','19:38:00','19:38:00','4909852','6','',''),
('2325454851155829','19:40:00','19:40:00','4909854','7','',''),
('2325454851155829','19:41:00','19:41:00','4909856','8','',''),
('2325454851155829','19:43:00','19:43:00','4909858','9','',''),
('2325454861155829','19:30:00','19:30:00','4909843','1','',''),
('2325454861155829','19:32:00','19:32:00','4909845','2','',''),
('2325454861155829','19:33:00','19:33:00','4909846','3','',''),
('2325454861155829','19:35:00','19:35:00','4909848','4','',''),
('2325454861155829','19:37:00','19:37:00','4909850','5','',''),
('2325454861155829','19:38:00','19:38:00','4909852','6','',''),
('2325454861155829','19:40:00','19:40:00','4909854','7','',''),
('2325454861155829','19:41:00','19:41:00','4909856','8','',''),
('2325454861155829','19:43:00','19:43:00','4909858','9','',''),
('325454851155829','08:28:00','08:28:00','4909843','1','',''),
('325454851155829','08:30:00','08:30:00','4909845','2','',''),
('325454851155829','08:31:00','08:31:00','4909846','3','',''),
('325454851155829','08:33:00','08:33:00','4909848','4','',''),
('325454851155829','08:35:00','08:35:00','4909850','5','',''),
('325454851155829','08:36:00','08:36:00','4909852','6','',''),
('325454851155829','08:39:00','08:39:00','4909854','7','',''),
('325454851155829','08:40:00','08:40:00','4909856','8','',''),
('325454851155829','08:43:00','08:43:00','4909858','9','',''),
('325454861155829','08:28:00','08:28:00','4909843','1','',''),
('325454861155829','08:30:00','08:30:00','4909845','2','',''),
('325454861155829','08:31:00','08:31:00','4909846','3','',''),
('325454861155829','08:33:00','08:33:00','4909848','4','',''),
('325454861155829','08:35:00','08:35:00','4909850','5','',''),
('325454861155829','08:36:00','08:36:00','4909852','6','',''),
('325454861155829','08:38:00','08:38:00','4909854','7','',''),
('325454861155829','08:39:00','08:39:00','4909856','8','',''),
('325454861155829','08:41:00','08:41:00','4909858','9','',''),
('425454851155829','09:04:00','09:04:00','4909843','1','',''),
('425454851155829','09:06:00','09:06:00','4909845','2','',''),
('425454851155829','09:07:00','09:07:00','4909846','3','',''),
('425454851155829','09:09:00','09:09:00','4909848','4','',''),
('425454851155829','09:11:00','09:11:00','4909850','5','',''),
('425454851155829','09:12:00','09:12:00','4909852','6','',''),
('425454851155829','09:14:00','09:14:00','4909854','7','',''),
('425454851155829','09:15:00','09:15:00','4909856','8','',''),
('425454851155829','09:17:00','09:17:00','4909858','9','',''),
('425454861155829','09:04:00','09:04:00','4909843','1','',''),
('425454861155829','09:06:00','09:06:00','4909845','2','',''),
('425454861155829','09:07:00','09:07:00','4909846','3','',''),
('425454861155829','09:09:00','09:09:00','4909848','4','',''),
('425454861155829','09:11:00','09:11:00','4909850','5','',''),
('425454861155829','09:12:00','09:12:00','4909852','6','',''),
('425454861155829','09:14:00','09:14:00','4909854','7','',''),
('425454861155829','09:15:00','09:15:00','4909856','8','',''),
('425454861155829','09:17:00','09:17:00','4909858','9','',''),
('525454851155829','09:37:00','09:37:00','4909843','1','',''),
('525454851155829','09:39:00','09:39:00','4909845','2','',''),
('525454851155829','09:40:00','09:40:00','4909846','3','',''),
('525454851155829','09:42:00','09:42:00','4909848','4','',''),
('525454851155829','09:44:00','09:44:00','4909850','5','',''),
('525454851155829','09:45:00','09:45:00','4909852','6','',''),
('525454851155829','09:47:00','09:47:00','4909854','7','',''),
('525454851155829','09:48:00','09:48:00','4909856','8','',''),
('525454851155829','09:50:00','09:50:00','4909858','9','',''),
('525454861155829','09:37:00','09:37:00','4909843','1','',''),
('525454861155829','09:39:00','09:39:00','4909845','2','',''),
('525454861155829','09:40:00','09:40:00','4909846','3','',''),
('525454861155829','09:42:00','09:42:00','4909848','4','',''),
('525454861155829','09:44:00','09:44:00','4909850','5','',''),
('525454861155829','09:45:00','09:45:00','4909852','6','',''),
('525454861155829','09:47:00','09:47:00','4909854','7','',''),
('525454861155829','09:48:00','09:48:00','4909856','8','',''),
('525454861155829','09:50:00','09:50:00','4909858','9','',''),
('625454851155829','10:09:00','10:09:00','4909843','1','',''),
('625454851155829','10:11:00','10:11:00','4909845','2','',''),
('625454851155829','10:12:00','10:12:00','4909846','3','',''),
('625454851155829','10:14:00','10:14:00','4909848','4','',''),
('625454851155829','10:16:00','10:16:00','4909850','5','',''),
('625454851155829','10:17:00','10:17:00','4909852','6','',''),
('625454851155829','10:19:00','10:19:00','4909854','7','',''),
('625454851155829','10:20:00','10:20:00','4909856','8','',''),
('625454851155829','10:22:00','10:22:00','4909858','9','',''),
('625454861155829','10:09:00','10:09:00','4909843','1','',''),
('625454861155829','10:11:00','10:11:00','4909845','2','',''),
('625454861155829','10:12:00','10:12:00','4909846','3','',''),
('625454861155829','10:14:00','10:14:00','4909848','4','',''),
('625454861155829','10:16:00','10:16:00','4909850','5','',''),
('625454861155829','10:17:00','10:17:00','4909852','6','',''),
('625454861155829','10:19:00','10:19:00','4909854','7','',''),
('625454861155829','10:20:00','10:20:00','4909856','8','',''),
('625454861155829','10:22:00','10:22:00','4909858','9','',''),
('725454851155829','10:41:00','10:41:00','4909843','1','',''),
('725454851155829','10:43:00','10:43:00','4909845','2','',''),
('725454851155829','10:44:00','10:44:00','4909846','3','',''),
('725454851155829','10:46:00','10:46:00','4909848','4','',''),
('725454851155829','10:48:00','10:48:00','4909850','5','',''),
('725454851155829','10:49:00','10:49:00','4909852','6','',''),
('725454851155829','10:51:00','10:51:00','4909854','7','',''),
('725454851155829','10:52:00','10:52:00','4909856','8','',''),
('725454851155829','10:54:00','10:54:00','4909858','9','',''),
('725454861155829','10:41:00','10:41:00','4909843','1','',''),
('725454861155829','10:43:00','10:43:00','4909845','2','',''),
('725454861155829','10:44:00','10:44:00','4909846','3','',''),
('725454861155829','10:46:00','10:46:00','4909848','4','',''),
('725454861155829','10:48:00','10:48:00','4909850','5','',''),
('725454861155829','10:49:00','10:49:00','4909852','6','',''),
('725454861155829','10:51:00','10:51:00','4909854','7','',''),
('725454861155829','10:52:00','10:52:00','4909856','8','',''),
('725454861155829','10:54:00','10:54:00','4909858','9','',''),
('825454851155829','11:13:00','11:13:00','4909843','1','',''),
('825454851155829','11:15:00','11:15:00','4909845','2','',''),
('825454851155829','11:16:00','11:16:00','4909846','3','',''),
('825454851155829','11:18:00','11:18:00','4909848','4','',''),
('825454851155829','11:20:00','11:20:00','4909850','5','',''),
('825454851155829','11:21:00','11:21:00','4909852','6','',''),
('825454851155829','11:23:00','11:23:00','4909854','7','',''),
('825454851155829','11:24:00','11:24:00','4909856','8','',''),
('825454851155829','11:26:00','11:26:00','4909858','9','',''),
('825454861155829','11:13:00','11:13:00','4909843','1','',''),
('825454861155829','11:15:00','11:15:00','4909845','2','',''),
('825454861155829','11:16:00','11:16:00','4909846','3','',''),
('825454861155829','11:18:00','11:18:00','4909848','4','',''),
('825454861155829','11:20:00','11:20:00','4909850','5','',''),
('825454861155829','11:21:00','11:21:00','4909852','6','',''),
('825454861155829','11:23:00','11:23:00','4909854','7','',''),
('825454861155829','11:24:00','11:24:00','4909856','8','',''),
('825454861155829','11:26:00','11:26:00','4909858','9','',''),
('925454851155829','11:45:00','11:45:00','4909843','1','',''),
('925454851155829','11:47:00','11:47:00','4909845','2','',''),
('925454851155829','11:48:00','11:48:00','4909846','3','',''),
('925454851155829','11:50:00','11:50:00','4909848','4','',''),
('925454851155829','11:52:00','11:52:00','4909850','5','',''),
('925454851155829','11:53:00','11:53:00','4909852','6','',''),
('925454851155829','11:55:00','11:55:00','4909854','7','',''),
('925454851155829','11:56:00','11:56:00','4909856','8','',''),
('925454851155829','11:58:00','11:58:00','4909858','9','',''),
('925454861155829','11:45:00','11:45:00','4909843','1','',''),
('925454861155829','11:47:00','11:47:00','4909845','2','',''),
('925454861155829','11:48:00','11:48:00','4909846','3','',''),
('925454861155829','11:50:00','11:50:00','4909848','4','',''),
('925454861155829','11:52:00','11:52:00','4909850','5','',''),
('925454861155829','11:53:00','11:53:00','4909852','6','',''),
('925454861155829','11:55:00','11:55:00','4909854','7','',''),
('925454861155829','11:56:00','11:56:00','4909856','8','',''),
('925454861155829','11:58:00','11:58:00','4909858','9','',''),
('1025454851155830','12:30:00','12:30:00','4909859','1','',''),
('1025454851155830','12:32:00','12:32:00','4909857','2','',''),
('1025454851155830','12:33:00','12:33:00','4909855','3','',''),
('1025454851155830','12:36:00','12:36:00','4909853','4','',''),
('1025454851155830','12:37:00','12:37:00','4909851','5','',''),
('1025454851155830','12:38:00','12:38:00','4909849','6','',''),
('1025454851155830','12:40:00','12:40:00','4909847','7','',''),
('1025454851155830','12:42:00','12:42:00','4909844','8','',''),
('1025454861155830','12:31:00','12:31:00','4909859','1','',''),
('1025454861155830','12:33:00','12:33:00','4909857','2','',''),
('1025454861155830','12:34:00','12:34:00','4909855','3','',''),
('1025454861155830','12:37:00','12:37:00','4909853','4','',''),
('1025454861155830','12:38:00','12:38:00','4909851','5','',''),
('1025454861155830','12:39:00','12:39:00','4909849','6','',''),
('1025454861155830','12:41:00','12:41:00','4909847','7','',''),
('1025454861155830','12:43:00','12:43:00','4909844','8','',''),
('1125454851155830','13:02:00','13:02:00','4909859','1','',''),
('1125454851155830','13:04:00','13:04:00','4909857','2','',''),
('1125454851155830','13:05:00','13:05:00','4909855','3','',''),
('1125454851155830','13:08:00','13:08:00','4909853','4','',''),
('1125454851155830','13:09:00','13:09:00','4909851','5','',''),
('1125454851155830','13:10:00','13:10:00','4909849','6','',''),
('1125454851155830','13:12:00','13:12:00','4909847','7','',''),
('1125454851155830','13:14:00','13:14:00','4909844','8','',''),
('1125454861155830','13:03:00','13:03:00','4909859','1','',''),
('1125454861155830','13:05:00','13:05:00','4909857','2','',''),
('1125454861155830','13:06:00','13:06:00','4909855','3','',''),
('1125454861155830','13:09:00','13:09:00','4909853','4','',''),
('1125454861155830','13:10:00','13:10:00','4909851','5','',''),
('1125454861155830','13:11:00','13:11:00','4909849','6','',''),
('1125454861155830','13:13:00','13:13:00','4909847','7','',''),
('1125454861155830','13:15:00','13:15:00','4909844','8','',''),
('1225454851155830','13:34:00','13:34:00','4909859','1','',''),
('1225454851155830','13:36:00','13:36:00','4909857','2','',''),
('1225454851155830','13:37:00','13:37:00','4909855','3','',''),
('1225454851155830','13:40:00','13:40:00','4909853','4','',''),
('1225454851155830','13:41:00','13:41:00','4909851','5','',''),
('1225454851155830','13:42:00','13:42:00','4909849','6','',''),
('1225454851155830','13:44:00','13:44:00','4909847','7','',''),
('1225454851155830','13:46:00','13:46:00','4909844','8','',''),
('1225454861155830','13:35:00','13:35:00','4909859','1','',''),
('1225454861155830','13:37:00','13:37:00','4909857','2','',''),
('1225454861155830','13:38:00','13:38:00','4909855','3','',''),
('1225454861155830','13:41:00','13:41:00','4909853','4','',''),
('1225454861155830','13:42:00','13:42:00','4909851','5','',''),
('1225454861155830','13:43:00','13:43:00','4909849','6','',''),
('1225454861155830','13:45:00','13:45:00','4909847','7','',''),
('1225454861155830','13:47:00','13:47:00','4909844','8','',''),
('125454851155830','07:31:00','07:31:00','4909859','1','',''),
('125454851155830','07:33:00','07:33:00','4909857','2','',''),
('125454851155830','07:35:00','07:35:00','4909855','3','',''),
('125454851155830','07:38:00','07:38:00','4909853','4','',''),
('125454851155830','07:40:00','07:40:00','4909851','5','',''),
('125454851155830','07:41:00','07:41:00','4909849','6','',''),
('125454851155830','07:43:00','07:43:00','4909847','7','',''),
('125454851155830','07:45:00','07:45:00','4909844','8','',''),
('125454861155830','07:28:00','07:28:00','4909859','1','',''),
('125454861155830','07:30:00','07:30:00','4909857','2','',''),
('125454861155830','07:31:00','07:31:00','4909855','3','',''),
('125454861155830','07:34:00','07:34:00','4909853','4','',''),
('125454861155830','07:36:00','07:36:00','4909851','5','',''),
('125454861155830','07:37:00','07:37:00','4909849','6','',''),
('125454861155830','07:39:00','07:39:00','4909847','7','',''),
('125454861155830','07:40:00','07:40:00','4909844','8','',''),
('1325454851155830','14:07:00','14:07:00','4909859','1','',''),
('1325454851155830','14:09:00','14:09:00','4909857','2','',''),
('1325454851155830','14:10:00','14:10:00','4909855','3','',''),
('1325454851155830','14:13:00','14:13:00','4909853','4','',''),
('1325454851155830','14:14:00','14:14:00','4909851','5','',''),
('1325454851155830','14:15:00','14:15:00','4909849','6','',''),
('1325454851155830','14:17:00','14:17:00','4909847','7','',''),
('1325454851155830','14:19:00','14:19:00','4909844','8','',''),
('1325454861155830','14:07:00','14:07:00','4909859','1','',''),
('1325454861155830','14:09:00','14:09:00','4909857','2','',''),
('1325454861155830','14:10:00','14:10:00','4909855','3','',''),
('1325454861155830','14:13:00','14:13:00','4909853','4','',''),
('1325454861155830','14:14:00','14:14:00','4909851','5','',''),
('1325454861155830','14:15:00','14:15:00','4909849','6','',''),
('1325454861155830','14:17:00','14:17:00','4909847','7','',''),
('1325454861155830','14:19:00','14:19:00','4909844','8','',''),
('1425454851155830','14:39:00','14:39:00','4909859','1','',''),
('1425454851155830','14:41:00','14:41:00','4909857','2','',''),
('1425454851155830','14:42:00','14:42:00','4909855','3','',''),
('1425454851155830','14:45:00','14:45:00','4909853','4','',''),
('1425454851155830','14:47:00','14:47:00','4909851','5','',''),
('1425454851155830','14:48:00','14:48:00','4909849','6','',''),
('1425454851155830','14:50:00','14:50:00','4909847','7','',''),
('1425454851155830','14:52:00','14:52:00','4909844','8','',''),
('1425454861155830','14:39:00','14:39:00','4909859','1','',''),
('1425454861155830','14:41:00','14:41:00','4909857','2','',''),
('1425454861155830','14:42:00','14:42:00','4909855','3','',''),
('1425454861155830','14:45:00','14:45:00','4909853','4','',''),
('1425454861155830','14:46:00','14:46:00','4909851','5','',''),
('1425454861155830','14:47:00','14:47:00','4909849','6','',''),
('1425454861155830','14:49:00','14:49:00','4909847','7','',''),
('1425454861155830','14:51:00','14:51:00','4909844','8','',''),
('1525454851155830','15:11:00','15:11:00','4909859','1','',''),
('1525454851155830','15:13:00','15:13:00','4909857','2','',''),
('1525454851155830','15:14:00','15:14:00','4909855','3','',''),
('1525454851155830','15:17:00','15:17:00','4909853','4','',''),
('1525454851155830','15:19:00','15:19:00','4909851','5','',''),
('1525454851155830','15:20:00','15:20:00','4909849','6','',''),
('1525454851155830','15:22:00','15:22:00','4909847','7','',''),
('1525454851155830','15:24:00','15:24:00','4909844','8','',''),
('1525454861155830','15:11:00','15:11:00','4909859','1','',''),
('1525454861155830','15:13:00','15:13:00','4909857','2','',''),
('1525454861155830','15:14:00','15:14:00','4909855','3','',''),
('1525454861155830','15:17:00','15:17:00','4909853','4','',''),
('1525454861155830','15:18:00','15:18:00','4909851','5','',''),
('1525454861155830','15:19:00','15:19:00','4909849','6','',''),
('1525454861155830','15:21:00','15:21:00','4909847','7','',''),
('1525454861155830','15:23:00','15:23:00','4909844','8','',''),
('1625454851155830','15:44:00','15:44:00','4909859','1','',''),
('1625454851155830','15:46:00','15:46:00','4909857','2','',''),
('1625454851155830','15:47:00','15:47:00','4909855','3','',''),
('1625454851155830','15:50:00','15:50:00','4909853','4','',''),
('1625454851155830','15:52:00','15:52:00','4909851','5','',''),
('1625454851155830','15:53:00','15:53:00','4909849','6','',''),
('1625454851155830','15:55:00','15:55:00','4909847','7','',''),
('1625454851155830','15:57:00','15:57:00','4909844','8','',''),
('1625454861155830','15:44:00','15:44:00','4909859','1','',''),
('1625454861155830','15:46:00','15:46:00','4909857','2','',''),
('1625454861155830','15:47:00','15:47:00','4909855','3','',''),
('1625454861155830','15:50:00','15:50:00','4909853','4','',''),
('1625454861155830','15:51:00','15:51:00','4909851','5','',''),
('1625454861155830','15:52:00','15:52:00','4909849','6','',''),
('1625454861155830','15:54:00','15:54:00','4909847','7','',''),
('1625454861155830','15:56:00','15:56:00','4909844','8','',''),
('1725454851155830','16:17:00','16:17:00','4909859','1','',''),
('1725454851155830','16:19:00','16:19:00','4909857','2','',''),
('1725454851155830','16:20:00','16:20:00','4909855','3','',''),
('1725454851155830','16:23:00','16:23:00','4909853','4','',''),
('1725454851155830','16:25:00','16:25:00','4909851','5','',''),
('1725454851155830','16:26:00','16:26:00','4909849','6','',''),
('1725454851155830','16:28:00','16:28:00','4909847','7','',''),
('1725454851155830','16:30:00','16:30:00','4909844','8','',''),
('1725454861155830','16:17:00','16:17:00','4909859','1','',''),
('1725454861155830','16:19:00','16:19:00','4909857','2','',''),
('1725454861155830','16:20:00','16:20:00','4909855','3','',''),
('1725454861155830','16:23:00','16:23:00','4909853','4','',''),
('1725454861155830','16:25:00','16:25:00','4909851','5','',''),
('1725454861155830','16:26:00','16:26:00','4909849','6','',''),
('1725454861155830','16:28:00','16:28:00','4909847','7','',''),
('1725454861155830','16:29:00','16:29:00','4909844','8','',''),
('1825454851155830','16:51:00','16:51:00','4909859','1','',''),
('1825454851155830','16:53:00','16:53:00','4909857','2','',''),
('1825454851155830','16:54:00','16:54:00','4909855','3','',''),
('1825454851155830','16:57:00','16:57:00','4909853','4','',''),
('1825454851155830','16:59:00','16:59:00','4909851','5','',''),
('1825454851155830','17:00:00','17:00:00','4909849','6','',''),
('1825454851155830','17:02:00','17:02:00','4909847','7','',''),
('1825454851155830','17:04:00','17:04:00','4909844','8','',''),
('1825454861155830','16:50:00','16:50:00','4909859','1','',''),
('1825454861155830','16:52:00','16:52:00','4909857','2','',''),
('1825454861155830','16:53:00','16:53:00','4909855','3','',''),
('1825454861155830','16:56:00','16:56:00','4909853','4','',''),
('1825454861155830','16:58:00','16:58:00','4909851','5','',''),
('1825454861155830','16:59:00','16:59:00','4909849','6','',''),
('1825454861155830','17:01:00','17:01:00','4909847','7','',''),
('1825454861155830','17:02:00','17:02:00','4909844','8','',''),
('1925454851155830','17:26:00','17:26:00','4909859','1','',''),
('1925454851155830','17:28:00','17:28:00','4909857','2','',''),
('1925454851155830','17:29:00','17:29:00','4909855','3','',''),
('1925454851155830','17:32:00','17:32:00','4909853','4','',''),
('1925454851155830','17:34:00','17:34:00','4909851','5','',''),
('1925454851155830','17:35:00','17:35:00','4909849','6','',''),
('1925454851155830','17:37:00','17:37:00','4909847','7','',''),
('1925454851155830','17:39:00','17:39:00','4909844','8','',''),
('1925454861155830','17:25:00','17:25:00','4909859','1','',''),
('1925454861155830','17:27:00','17:27:00','4909857','2','',''),
('1925454861155830','17:28:00','17:28:00','4909855','3','',''),
('1925454861155830','17:31:00','17:31:00','4909853','4','',''),
('1925454861155830','17:33:00','17:33:00','4909851','5','',''),
('1925454861155830','17:34:00','17:34:00','4909849','6','',''),
('1925454861155830','17:36:00','17:36:00','4909847','7','',''),
('1925454861155830','17:37:00','17:37:00','4909844','8','',''),
('2025454851155830','18:01:00','18:01:00','4909859','1','',''),
('2025454851155830','18:03:00','18:03:00','4909857','2','',''),
('2025454851155830','18:05:00','18:05:00','4909855','3','',''),
('2025454851155830','18:08:00','18:08:00','4909853','4','',''),
('2025454851155830','18:10:00','18:10:00','4909851','5','',''),
('2025454851155830','18:11:00','18:11:00','4909849','6','',''),
('2025454851155830','18:13:00','18:13:00','4909847','7','',''),
('2025454851155830','18:15:00','18:15:00','4909844','8','',''),
('2025454861155830','18:00:00','18:00:00','4909859','1','',''),
('2025454861155830','18:02:00','18:02:00','4909857','2','',''),
('2025454861155830','18:03:00','18:03:00','4909855','3','',''),
('2025454861155830','18:06:00','18:06:00','4909853','4','',''),
('2025454861155830','18:08:00','18:08:00','4909851','5','',''),
('2025454861155830','18:09:00','18:09:00','4909849','6','',''),
('2025454861155830','18:11:00','18:11:00','4909847','7','',''),
('2025454861155830','18:12:00','18:12:00','4909844','8','',''),
('2125454851155830','18:36:00','18:36:00','4909859','1','',''),
('2125454851155830','18:38:00','18:38:00','4909857','2','',''),
('2125454851155830','18:39:00','18:39:00','4909855','3','',''),
('2125454851155830','18:43:00','18:43:00','4909853','4','',''),
('2125454851155830','18:44:00','18:44:00','4909851','5','',''),
('2125454851155830','18:45:00','18:45:00','4909849','6','',''),
('2125454851155830','18:47:00','18:47:00','4909847','7','',''),
('2125454851155830','18:49:00','18:49:00','4909844','8','',''),
('2125454861155830','18:36:00','18:36:00','4909859','1','',''),
('2125454861155830','18:38:00','18:38:00','4909857','2','',''),
('2125454861155830','18:39:00','18:39:00','4909855','3','',''),
('2125454861155830','18:42:00','18:42:00','4909853','4','',''),
('2125454861155830','18:44:00','18:44:00','4909851','5','',''),
('2125454861155830','18:45:00','18:45:00','4909849','6','',''),
('2125454861155830','18:47:00','18:47:00','4909847','7','',''),
('2125454861155830','18:48:00','18:48:00','4909844','8','',''),
('2225454851155830','19:11:00','19:11:00','4909859','1','',''),
('2225454851155830','19:13:00','19:13:00','4909857','2','',''),
('2225454851155830','19:14:00','19:14:00','4909855','3','',''),
('2225454851155830','19:17:00','19:17:00','4909853','4','',''),
('2225454851155830','19:19:00','19:19:00','4909851','5','',''),
('2225454851155830','19:20:00','19:20:00','4909849','6','',''),
('2225454851155830','19:22:00','19:22:00','4909847','7','',''),
('2225454851155830','19:23:00','19:23:00','4909844','8','',''),
('2225454861155830','19:11:00','19:11:00','4909859','1','',''),
('2225454861155830','19:13:00','19:13:00','4909857','2','',''),
('2225454861155830','19:14:00','19:14:00','4909855','3','',''),
('2225454861155830','19:17:00','19:17:00','4909853','4','',''),
('2225454861155830','19:19:00','19:19:00','4909851','5','',''),
('2225454861155830','19:20:00','19:20:00','4909849','6','',''),
('2225454861155830','19:22:00','19:22:00','4909847','7','',''),
('2225454861155830','19:23:00','19:23:00','4909844','8','',''),
('225454851155830','08:07:00','08:07:00','4909859','1','',''),
('225454851155830','08:09:00','08:09:00','4909857','2','',''),
('225454851155830','08:11:00','08:11:00','4909855','3','',''),
('225454851155830','08:14:00','08:14:00','4909853','4','',''),
('225454851155830','08:16:00','08:16:00','4909851','5','',''),
('225454851155830','08:17:00','08:17:00','4909849','6','',''),
('225454851155830','08:19:00','08:19:00','4909847','7','',''),
('225454851155830','08:21:00','08:21:00','4909844','8','',''),
('225454861155830','08:04:00','08:04:00','4909859','1','',''),
('225454861155830','08:06:00','08:06:00','4909857','2','',''),
('225454861155830','08:07:00','08:07:00','4909855','3','',''),
('225454861155830','08:10:00','08:10:00','4909853','4','',''),
('225454861155830','08:11:00','08:11:00','4909851','5','',''),
('225454861155830','08:12:00','08:12:00','4909849','6','',''),
('225454861155830','08:14:00','08:14:00','4909847','7','',''),
('225454861155830','08:16:00','08:16:00','4909844','8','',''),
('2325454851155830','19:43:00','19:43:00','4909859','1','',''),
('2325454851155830','19:45:00','19:45:00','4909857','2','',''),
('2325454851155830','19:46:00','19:46:00','4909855','3','',''),
('2325454851155830','19:49:00','19:49:00','4909853','4','',''),
('2325454851155830','19:51:00','19:51:00','4909851','5','',''),
('2325454851155830','19:52:00','19:52:00','4909849','6','',''),
('2325454851155830','19:54:00','19:54:00','4909847','7','',''),
('2325454851155830','19:55:00','19:55:00','4909844','8','',''),
('2325454861155830','19:43:00','19:43:00','4909859','1','',''),
('2325454861155830','19:45:00','19:45:00','4909857','2','',''),
('2325454861155830','19:46:00','19:46:00','4909855','3','',''),
('2325454861155830','19:49:00','19:49:00','4909853','4','',''),
('2325454861155830','19:51:00','19:51:00','4909851','5','',''),
('2325454861155830','19:52:00','19:52:00','4909849','6','',''),
('2325454861155830','19:54:00','19:54:00','4909847','7','',''),
('2325454861155830','19:55:00','19:55:00','4909844','8','',''),
('325454851155830','08:43:00','08:43:00','4909859','1','',''),
('325454851155830','08:45:00','08:45:00','4909857','2','',''),
('325454851155830','08:46:00','08:46:00','4909855','3','',''),
('325454851155830','08:49:00','08:49:00','4909853','4','',''),
('325454851155830','08:51:00','08:51:00','4909851','5','',''),
('325454851155830','08:52:00','08:52:00','4909849','6','',''),
('325454851155830','08:54:00','08:54:00','4909847','7','',''),
('325454851155830','08:56:00','08:56:00','4909844','8','',''),
('325454861155830','08:41:00','08:41:00','4909859','1','',''),
('325454861155830','08:43:00','08:43:00','4909857','2','',''),
('325454861155830','08:44:00','08:44:00','4909855','3','',''),
('325454861155830','08:47:00','08:47:00','4909853','4','',''),
('325454861155830','08:48:00','08:48:00','4909851','5','',''),
('325454861155830','08:49:00','08:49:00','4909849','6','',''),
('325454861155830','08:51:00','08:51:00','4909847','7','',''),
('325454861155830','08:53:00','08:53:00','4909844','8','',''),
('425454851155830','09:18:00','09:18:00','4909859','1','',''),
('425454851155830','09:20:00','09:20:00','4909857','2','',''),
('425454851155830','09:21:00','09:21:00','4909855','3','',''),
('425454851155830','09:24:00','09:24:00','4909853','4','',''),
('425454851155830','09:25:00','09:25:00','4909851','5','',''),
('425454851155830','09:26:00','09:26:00','4909849','6','',''),
('425454851155830','09:28:00','09:28:00','4909847','7','',''),
('425454851155830','09:30:00','09:30:00','4909844','8','',''),
('425454861155830','09:17:00','09:17:00','4909859','1','',''),
('425454861155830','09:19:00','09:19:00','4909857','2','',''),
('425454861155830','09:20:00','09:20:00','4909855','3','',''),
('425454861155830','09:23:00','09:23:00','4909853','4','',''),
('425454861155830','09:24:00','09:24:00','4909851','5','',''),
('425454861155830','09:25:00','09:25:00','4909849','6','',''),
('425454861155830','09:27:00','09:27:00','4909847','7','',''),
('425454861155830','09:29:00','09:29:00','4909844','8','',''),
('525454851155830','09:50:00','09:50:00','4909859','1','',''),
('525454851155830','09:52:00','09:52:00','4909857','2','',''),
('525454851155830','09:53:00','09:53:00','4909855','3','',''),
('525454851155830','09:56:00','09:56:00','4909853','4','',''),
('525454851155830','09:57:00','09:57:00','4909851','5','',''),
('525454851155830','09:58:00','09:58:00','4909849','6','',''),
('525454851155830','10:00:00','10:00:00','4909847','7','',''),
('525454851155830','10:02:00','10:02:00','4909844','8','',''),
('525454861155830','09:50:00','09:50:00','4909859','1','',''),
('525454861155830','09:52:00','09:52:00','4909857','2','',''),
('525454861155830','09:53:00','09:53:00','4909855','3','',''),
('525454861155830','09:56:00','09:56:00','4909853','4','',''),
('525454861155830','09:57:00','09:57:00','4909851','5','',''),
('525454861155830','09:58:00','09:58:00','4909849','6','',''),
('525454861155830','10:00:00','10:00:00','4909847','7','',''),
('525454861155830','10:02:00','10:02:00','4909844','8','',''),
('625454851155830','10:22:00','10:22:00','4909859','1','',''),
('625454851155830','10:24:00','10:24:00','4909857','2','',''),
('625454851155830','10:25:00','10:25:00','4909855','3','',''),
('625454851155830','10:28:00','10:28:00','4909853','4','',''),
('625454851155830','10:29:00','10:29:00','4909851','5','',''),
('625454851155830','10:30:00','10:30:00','4909849','6','',''),
('625454851155830','10:32:00','10:32:00','4909847','7','',''),
('625454851155830','10:34:00','10:34:00','4909844','8','',''),
('625454861155830','10:22:00','10:22:00','4909859','1','',''),
('625454861155830','10:24:00','10:24:00','4909857','2','',''),
('625454861155830','10:25:00','10:25:00','4909855','3','',''),
('625454861155830','10:28:00','10:28:00','4909853','4','',''),
('625454861155830','10:29:00','10:29:00','4909851','5','',''),
('625454861155830','10:30:00','10:30:00','4909849','6','',''),
('625454861155830','10:32:00','10:32:00','4909847','7','',''),
('625454861155830','10:34:00','10:34:00','4909844','8','',''),
('725454851155830','10:54:00','10:54:00','4909859','1','',''),
('725454851155830','10:56:00','10:56:00','4909857','2','',''),
('725454851155830','10:57:00','10:57:00','4909855','3','',''),
('725454851155830','11:00:00','11:00:00','4909853','4','',''),
('725454851155830','11:01:00','11:01:00','4909851','5','',''),
('725454851155830','11:02:00','11:02:00','4909849','6','',''),
('725454851155830','11:04:00','11:04:00','4909847','7','',''),
('725454851155830','11:06:00','11:06:00','4909844','8','',''),
('725454861155830','10:54:00','10:54:00','4909859','1','',''),
('725454861155830','10:56:00','10:56:00','4909857','2','',''),
('725454861155830','10:57:00','10:57:00','4909855','3','',''),
('725454861155830','11:00:00','11:00:00','4909853','4','',''),
('725454861155830','11:01:00','11:01:00','4909851','5','',''),
('725454861155830','11:02:00','11:02:00','4909849','6','',''),
('725454861155830','11:04:00','11:04:00','4909847','7','',''),
('725454861155830','11:06:00','11:06:00','4909844','8','',''),
('825454851155830','11:26:00','11:26:00','4909859','1','',''),
('825454851155830','11:28:00','11:28:00','4909857','2','',''),
('825454851155830','11:29:00','11:29:00','4909855','3','',''),
('825454851155830','11:32:00','11:32:00','4909853','4','',''),
('825454851155830','11:33:00','11:33:00','4909851','5','',''),
('825454851155830','11:34:00','11:34:00','4909849','6','',''),
('825454851155830','11:36:00','11:36:00','4909847','7','',''),
('825454851155830','11:38:00','11:38:00','4909844','8','',''),
('825454861155830','11:26:00','11:26:00','4909859','1','',''),
('825454861155830','11:28:00','11:28:00','4909857','2','',''),
('825454861155830','11:29:00','11:29:00','4909855','3','',''),
('825454861155830','11:32:00','11:32:00','4909853','4','',''),
('825454861155830','11:33:00','11:33:00','4909851','5','',''),
('825454861155830','11:34:00','11:34:00','4909849','6','',''),
('825454861155830','11:36:00','11:36:00','4909847','7','',''),
('825454861155830','11:38:00','11:38:00','4909844','8','',''),
('925454851155830','11:58:00','11:58:00','4909859','1','',''),
('925454851155830','12:00:00','12:00:00','4909857','2','',''),
('925454851155830','12:01:00','12:01:00','4909855','3','',''),
('925454851155830','12:04:00','12:04:00','4909853','4','',''),
('925454851155830','12:05:00','12:05:00','4909851','5','',''),
('925454851155830','12:06:00','12:06:00','4909849','6','',''),
('925454851155830','12:08:00','12:08:00','4909847','7','',''),
('925454851155830','12:10:00','12:10:00','4909844','8','',''),
('925454861155830','11:58:00','11:58:00','4909859','1','',''),
('925454861155830','12:00:00','12:00:00','4909857','2','',''),
('925454861155830','12:01:00','12:01:00','4909855','3','',''),
('925454861155830','12:04:00','12:04:00','4909853','4','',''),
('925454861155830','12:05:00','12:05:00','4909851','5','',''),
('925454861155830','12:06:00','12:06:00','4909849','6','',''),
('925454861155830','12:08:00','12:08:00','4909847','7','',''),
('925454861155830','12:10:00','12:10:00','4909844','8','','');
INSERT INTO calendar (service_id,monday,tuesday,wednesday,thursday,friday,saturday,sunday,start_date,end_date) VALUES
('2545485','0','0','0','0','0','0','0','20171221','20180228'),
('2545486','0','0','0','0','0','0','0','20171223','20180224');
INSERT INTO calendar_dates (service_id,date,exception_type) VALUES
('2545485','20171221','1'),
('2545485','20171222','1'),
('2545485','20171226','1'),
('2545485','20171227','1'),
('2545485','20171228','1'),
('2545485','20171229','1'),
('2545485','20180102','1'),
('2545485','20180103','1'),
('2545485','20180104','1'),
('2545485','20180105','1'),
('2545485','20180108','1'),
('2545485','20180109','1'),
('2545485','20180110','1'),
('2545485','20180111','1'),
('2545485','20180112','1'),
('2545485','20180115','1'),
('2545485','20180116','1'),
('2545485','20180117','1'),
('2545485','20180118','1'),
('2545485','20180119','1'),
('2545485','20180122','1'),
('2545485','20180123','1'),
('2545485','20180124','1'),
('2545485','20180125','1'),
('2545485','20180126','1'),
('2545485','20180129','1'),
('2545485','20180130','1'),
('2545485','20180131','1'),
('2545485','20180201','1'),
('2545485','20180202','1'),
('2545485','20180205','1'),
('2545485','20180206','1'),
('2545485','20180207','1'),
('2545485','20180208','1'),
('2545485','20180209','1'),
('2545485','20180212','1'),
('2545485','20180213','1'),
('2545485','20180214','1'),
('2545485','20180215','1'),
('2545485','20180216','1'),
('2545485','20180219','1'),
('2545485','20180220','1'),
('2545485','20180221','1'),
('2545485','20180222','1'),
('2545485','20180223','1'),
('2545485','20180226','1'),
('2545485','20180227','1'),
('2545485','20180228','1'),
('2545486','20171223','1'),
('2545486','20171230','1'),
('2545486','20180106','1'),
('2545486','20180113','1'),
('2545486','20180120','1'),
('2545486','20180127','1'),
('2545486','20180203','1'),
('2545486','20180210','1'),
('2545486','20180217','1'),
('2545486','20180224','1');
INSERT INTO routes (route_id,agency_id,route_short_name,route_long_name,route_desc,route_type,route_url,route_color,route_text_color) VALUES
('1788254','100','587','THIAIS (FERME DE GRIGNON <-> LA GALAISE) - Aller','','3','','FFFFFF','000000'),
('1788255','100','587','THIAIS (FERME DE GRIGNON <-> LA GALAISE) - Retour','','3','','FFFFFF','000000');
INSERT INTO agency (agency_id,agency_name,agency_url,agency_timezone,agency_lang,agency_phone) VALUES
('100','RATP (100)','http://www.ratp.fr/','CET','','');
INSERT INTO trips (route_id,service_id,trip_id,trip_headsign,trip_short_name,direction_id,shape_id) VALUES
('1788254','2545485','1025454851155829','','10','0',''),
('1788254','2545486','1025454861155829','','10','0',''),
('1788254','2545485','1125454851155829','','11','0',''),
('1788254','2545486','1125454861155829','','11','0',''),
('1788254','2545485','1225454851155829','','12','0',''),
('1788254','2545486','1225454861155829','','12','0',''),
('1788254','2545485','125454851155829','','1','0',''),
('1788254','2545486','125454861155829','','1','0',''),
('1788254','2545485','1325454851155829','','13','0',''),
('1788254','2545486','1325454861155829','','13','0',''),
('1788254','2545485','1425454851155829','','14','0',''),
('1788254','2545486','1425454861155829','','14','0',''),
('1788254','2545485','1525454851155829','','15','0',''),
('1788254','2545486','1525454861155829','','15','0',''),
('1788254','2545485','1625454851155829','','16','0',''),
('1788254','2545486','1625454861155829','','16','0',''),
('1788254','2545485','1725454851155829','','17','0',''),
('1788254','2545486','1725454861155829','','17','0',''),
('1788254','2545485','1825454851155829','','18','0',''),
('1788254','2545486','1825454861155829','','18','0',''),
('1788254','2545485','1925454851155829','','19','0',''),
('1788254','2545486','1925454861155829','','19','0',''),
('1788254','2545485','2025454851155829','','20','0',''),
('1788254','2545486','2025454861155829','','20','0',''),
('1788254','2545485','2125454851155829','','21','0',''),
('1788254','2545486','2125454861155829','','21','0',''),
('1788254','2545485','2225454851155829','','22','0',''),
('1788254','2545486','2225454861155829','','22','0',''),
('1788254','2545485','225454851155829','','2','0',''),
('1788254','2545486','225454861155829','','2','0',''),
('1788254','2545485','2325454851155829','','23','0',''),
('1788254','2545486','2325454861155829','','23','0',''),
('1788254','2545485','325454851155829','','3','0',''),
('1788254','2545486','325454861155829','','3','0',''),
('1788254','2545485','425454851155829','','4','0',''),
('1788254','2545486','425454861155829','','4','0',''),
('1788254','2545485','525454851155829','','5','0',''),
('1788254','2545486','525454861155829','','5','0',''),
('1788254','2545485','625454851155829','','6','0',''),
('1788254','2545486','625454861155829','','6','0',''),
('1788254','2545485','725454851155829','','7','0',''),
('1788254','2545486','725454861155829','','7','0',''),
('1788254','2545485','825454851155829','','8','0',''),
('1788254','2545486','825454861155829','','8','0',''),
('1788254','2545485','925454851155829','','9','0',''),
('1788254','2545486','925454861155829','','9','0',''),
('1788255','2545485','1025454851155830','','10','1',''),
('1788255','2545486','1025454861155830','','10','1',''),
('1788255','2545485','1125454851155830','','11','1',''),
('1788255','2545486','1125454861155830','','11','1',''),
('1788255','2545485','1225454851155830','','12','1',''),
('1788255','2545486','1225454861155830','','12','1',''),
('1788255','2545485','125454851155830','','1','1',''),
('1788255','2545486','125454861155830','','1','1',''),
('1788255','2545485','1325454851155830','','13','1',''),
('1788255','2545486','1325454861155830','','13','1',''),
('1788255','2545485','1425454851155830','','14','1',''),
('1788255','2545486','1425454861155830','','14','1',''),
('1788255','2545485','1525454851155830','','15','1',''),
('1788255','2545486','1525454861155830','','15','1',''),
('1788255','2545485','1625454851155830','','16','1',''),
('1788255','2545486','1625454861155830','','16','1',''),
('1788255','2545485','1725454851155830','','17','1',''),
('1788255','2545486','1725454861155830','','17','1',''),
('1788255','2545485','1825454851155830','','18','1',''),
('1788255','2545486','1825454861155830','','18','1',''),
('1788255','2545485','1925454851155830','','19','1',''),
('1788255','2545486','1925454861155830','','19','1',''),
('1788255','2545485','2025454851155830','','20','1',''),
('1788255','2545486','2025454861155830','','20','1',''),
('1788255','2545485','2125454851155830','','21','1',''),
('1788255','2545486','2125454861155830','','21','1',''),
('1788255','2545485','2225454851155830','','22','1',''),
('1788255','2545486','2225454861155830','','22','1',''),
('1788255','2545485','225454851155830','','2','1',''),
('1788255','2545486','225454861155830','','2','1',''),
('1788255','2545485','2325454851155830','','23','1',''),
('1788255','2545486','2325454861155830','','23','1',''),
('1788255','2545485','325454851155830','','3','1',''),
('1788255','2545486','325454861155830','','3','1',''),
('1788255','2545485','425454851155830','','4','1',''),
('1788255','2545486','425454861155830','','4','1',''),
('1788255','2545485','525454851155830','','5','1',''),
('1788255','2545486','525454861155830','','5','1',''),
('1788255','2545485','625454851155830','','6','1',''),
('1788255','2545486','625454861155830','','6','1',''),
('1788255','2545485','725454851155830','','7','1',''),
('1788255','2545486','725454861155830','','7','1',''),
('1788255','2545485','825454851155830','','8','1',''),
('1788255','2545486','825454861155830','','8','1',''),
('1788255','2545485','925454851155830','','9','1',''),
('1788255','2545486','925454861155830','','9','1','');
INSERT INTO transfers (from_stop_id,to_stop_id,transfer_type,min_transfer_time) VALUES
('3686434','4909856','2','15'),
('6563555','4909851','2','17'),
('3686423','4909848','2','129'),
('3730074','4909849','2','56'),
('3730074','4909848','2','80'),
('3686351','4909851','2','65'),
('3730073','4909848','2','98'),
('3730073','4909849','2','109'),
('3686356','4909857','2','15'),
('3686354','4909855','2','18'),
('3686350','4909851','2','17'),
('4378374','4909852','2','24'),
('3686353','4909852','2','24'),
('3686355','4909854','2','18'),
('6563558','4909857','2','15'),
('3686435','4909854','2','18'),
('3686465','4909848','2','129'),
('4378301','4909848','2','98'),
('4378373','4909854','2','18'),
('6563556','4909853','2','24'),
('4378301','4909849','2','109'),
('3686436','4909852','2','24'),
('6563557','4909855','2','18'),
('4378302','4909849','2','56'),
('3686351','4909850','2','70'),
('4378302','4909848','2','80'),
('3686352','4909853','2','24'),
('3686424','4909848','2','129'),
('3686357','4909856','2','15'),
('4378372','4909856','2','15'),
('3620237','4909848','2','80'),
('3686437','4909851','2','65'),
('3686437','4909850','2','70'),
('3620237','4909849','2','56'),
('4378375','4909851','2','65'),
('4378375','4909850','2','70'),
('3620236','4909849','2','109'),
('3620236','4909848','2','98');
INSERT INTO stops (stop_id,stop_code,stop_name,stop_desc,stop_lat,stop_lon,location_type,parent_station) VALUES
('4909859','','LA GALAISE','45-47 RUE DE LA GALAISE - 94073','48.762463098390114','2.38569517966057','0',''),
('4909848','','VICTOR HUGO','10 RUE VICTOR HUGO - 94073','48.76067758624762','2.398418398783196','0',''),
('4909849','','VICTOR HUGO','FACE 10 RUE VICTOR HUGO - 94073','48.76045293222738','2.398322970024334','0',''),
('4909851','','PANHARD - HUGO','FACE 50 AVENUE RENE PANHARD - 94073','48.763689375597984','2.396899220149278','0',''),
('4909843','','FERME DE GRIGNON','37 RUE JEAN-FRANCOIS MARMONTEL - 94073','48.75460337720744','2.3948633794539624','0',''),
('4909852','','MAIRIE DE THIAIS','72 AVENUE RENE PANHARD - 94073','48.76414941864292','2.393514376637805','0',''),
('4909853','','MAIRIE DE THIAIS','AVENUE RENE PANHARD - 94073','48.764194532255274','2.3931473366863445','0',''),
('4909854','','PERREUX','20 AVENUE LEON MARCHAND - 94073','48.76614646028461','2.3898319168562305','0',''),
('4909846','','HELENE MULLER','6 RUE HELENE MULLER - 94073','48.756732165311874','2.3976932767522245','0',''),
('4909855','','PERREUX','FACE 22 AVENUE LEON MARCHAND - 94073','48.765957686542926','2.389886111195227','0',''),
('4909847','','HELENE MULLER','FACE 8 RUE HELENE MULLER - 94073','48.75649850806636','2.3976250356568616','0',''),
('4909856','','LOUIS DUPERREY','2 AVENUE DU GENERAL DE GAULLE - 94073','48.76654331143228','2.3866235455230114','0',''),
('4909844','','FERME DE GRIGNON','37 RUE JEAN-FRANCOIS MARMONTEL - 94073','48.75460337720744','2.3948633794539624','0',''),
('4909857','','LOUIS DUPERREY','5 AVENUE DU GENERAL DE GAULLE - 94073','48.76655276275986','2.3854950451936605','0',''),
('4909845','','STADE MIMOUN','1 RUE DU 11 NOVEMBRE - 94073','48.75270480655273','2.398979916389768','0',''),
('4909858','','LA GALAISE','45-47 RUE DE LA GALAISE - 94073','48.762463098390114','2.38569517966057','0',''),
('4909850','','PANHARD - HUGO','FACE 35 AVENUE RENE PANHARD - 94073','48.76386013576496','2.396926607758173','0','');
