INSERT INTO stop_times (trip_id,arrival_time,departure_time,stop_id,stop_sequence,stop_headsign,shape_dist_traveled) VALUES
('1025290941531123','13:40:00','13:40:00','6263515','1','',''),
('1025290941531123','13:41:00','13:41:00','6263516','2','',''),
('1025290941531123','13:41:00','13:41:00','6263517','3','',''),
('1025290941531123','13:43:00','13:43:00','6263518','4','',''),
('1025290941531123','13:46:00','13:46:00','6263519','5','',''),
('1025290941531123','13:48:00','13:48:00','6263520','6','',''),
('1025290941531123','13:50:00','13:50:00','6263521','7','',''),
('1025290941531123','13:53:00','13:53:00','6263522','8','',''),
('1025290941531123','13:55:00','13:55:00','6263523','9','',''),
('1025290941531123','13:57:00','13:57:00','6263524','10','',''),
('1025290941531123','13:58:00','13:58:00','6263525','11','',''),
('1025290941531123','13:59:00','13:59:00','6263526','12','',''),
('1025290941531123','14:00:00','14:00:00','6263527','13','',''),
('1025290941531123','14:02:00','14:02:00','6263528','14','',''),
('1025290941531123','14:03:00','14:03:00','6263529','15','',''),
('1025290941531123','14:06:00','14:06:00','6263530','16','',''),
('1025290941531123','14:08:00','14:08:00','6263531','17','',''),
('1025290941531123','14:09:00','14:09:00','6263532','18','',''),
('1025290941531123','14:11:00','14:11:00','6263533','19','',''),
('1025290941531123','14:13:00','14:13:00','6263534','20','',''),
('1025290941531123','14:15:00','14:15:00','6263535','21','',''),
('1025290951531123','14:25:00','14:25:00','6263515','1','',''),
('1025290951531123','14:26:00','14:26:00','6263516','2','',''),
('1025290951531123','14:26:00','14:26:00','6263517','3','',''),
('1025290951531123','14:28:00','14:28:00','6263518','4','',''),
('1025290951531123','14:31:00','14:31:00','6263519','5','',''),
('1025290951531123','14:33:00','14:33:00','6263520','6','',''),
('1025290951531123','14:34:00','14:34:00','6263521','7','',''),
('1025290951531123','14:36:00','14:36:00','6263522','8','',''),
('1025290951531123','14:38:00','14:38:00','6263523','9','',''),
('1025290951531123','14:39:00','14:39:00','6263524','10','',''),
('1025290951531123','14:40:00','14:40:00','6263525','11','',''),
('1025290951531123','14:41:00','14:41:00','6263526','12','',''),
('1025290951531123','14:42:00','14:42:00','6263527','13','',''),
('1025290951531123','14:43:00','14:43:00','6263528','14','',''),
('1025290951531123','14:45:00','14:45:00','6263529','15','',''),
('1025290951531123','14:47:00','14:47:00','6263530','16','',''),
('1025290951531123','14:50:00','14:50:00','6263531','17','',''),
('1025290951531123','14:51:00','14:51:00','6263532','18','',''),
('1025290951531123','14:53:00','14:53:00','6263533','19','',''),
('1025290951531123','14:55:00','14:55:00','6263534','20','',''),
('1025290951531123','14:57:00','14:57:00','6263535','21','',''),
('1125290941531123','14:20:00','14:20:00','6263515','1','',''),
('1125290941531123','14:21:00','14:21:00','6263516','2','',''),
('1125290941531123','14:21:00','14:21:00','6263517','3','',''),
('1125290941531123','14:23:00','14:23:00','6263518','4','',''),
('1125290941531123','14:26:00','14:26:00','6263519','5','',''),
('1125290941531123','14:28:00','14:28:00','6263520','6','',''),
('1125290941531123','14:30:00','14:30:00','6263521','7','',''),
('1125290941531123','14:33:00','14:33:00','6263522','8','',''),
('1125290941531123','14:35:00','14:35:00','6263523','9','',''),
('1125290941531123','14:37:00','14:37:00','6263524','10','',''),
('1125290941531123','14:38:00','14:38:00','6263525','11','',''),
('1125290941531123','14:39:00','14:39:00','6263526','12','',''),
('1125290941531123','14:40:00','14:40:00','6263527','13','',''),
('1125290941531123','14:42:00','14:42:00','6263528','14','',''),
('1125290941531123','14:43:00','14:43:00','6263529','15','',''),
('1125290941531123','14:46:00','14:46:00','6263530','16','',''),
('1125290941531123','14:48:00','14:48:00','6263531','17','',''),
('1125290941531123','14:49:00','14:49:00','6263532','18','',''),
('1125290941531123','14:51:00','14:51:00','6263533','19','',''),
('1125290941531123','14:53:00','14:53:00','6263534','20','',''),
('1125290941531123','14:55:00','14:55:00','6263535','21','',''),
('1125290951531123','15:05:00','15:05:00','6263515','1','',''),
('1125290951531123','15:06:00','15:06:00','6263516','2','',''),
('1125290951531123','15:06:00','15:06:00','6263517','3','',''),
('1125290951531123','15:08:00','15:08:00','6263518','4','',''),
('1125290951531123','15:11:00','15:11:00','6263519','5','',''),
('1125290951531123','15:13:00','15:13:00','6263520','6','',''),
('1125290951531123','15:14:00','15:14:00','6263521','7','',''),
('1125290951531123','15:16:00','15:16:00','6263522','8','',''),
('1125290951531123','15:18:00','15:18:00','6263523','9','',''),
('1125290951531123','15:19:00','15:19:00','6263524','10','',''),
('1125290951531123','15:20:00','15:20:00','6263525','11','',''),
('1125290951531123','15:21:00','15:21:00','6263526','12','',''),
('1125290951531123','15:22:00','15:22:00','6263527','13','',''),
('1125290951531123','15:23:00','15:23:00','6263528','14','',''),
('1125290951531123','15:25:00','15:25:00','6263529','15','',''),
('1125290951531123','15:27:00','15:27:00','6263530','16','',''),
('1125290951531123','15:30:00','15:30:00','6263531','17','',''),
('1125290951531123','15:31:00','15:31:00','6263532','18','',''),
('1125290951531123','15:33:00','15:33:00','6263533','19','',''),
('1125290951531123','15:35:00','15:35:00','6263534','20','',''),
('1125290951531123','15:37:00','15:37:00','6263535','21','',''),
('1225290941531123','15:00:00','15:00:00','6263515','1','',''),
('1225290941531123','15:01:00','15:01:00','6263516','2','',''),
('1225290941531123','15:01:00','15:01:00','6263517','3','',''),
('1225290941531123','15:03:00','15:03:00','6263518','4','',''),
('1225290941531123','15:06:00','15:06:00','6263519','5','',''),
('1225290941531123','15:08:00','15:08:00','6263520','6','',''),
('1225290941531123','15:10:00','15:10:00','6263521','7','',''),
('1225290941531123','15:13:00','15:13:00','6263522','8','',''),
('1225290941531123','15:15:00','15:15:00','6263523','9','',''),
('1225290941531123','15:17:00','15:17:00','6263524','10','',''),
('1225290941531123','15:18:00','15:18:00','6263525','11','',''),
('1225290941531123','15:19:00','15:19:00','6263526','12','',''),
('1225290941531123','15:20:00','15:20:00','6263527','13','',''),
('1225290941531123','15:22:00','15:22:00','6263528','14','',''),
('1225290941531123','15:23:00','15:23:00','6263529','15','',''),
('1225290941531123','15:26:00','15:26:00','6263530','16','',''),
('1225290941531123','15:28:00','15:28:00','6263531','17','',''),
('1225290941531123','15:29:00','15:29:00','6263532','18','',''),
('1225290941531123','15:31:00','15:31:00','6263533','19','',''),
('1225290941531123','15:33:00','15:33:00','6263534','20','',''),
('1225290941531123','15:35:00','15:35:00','6263535','21','',''),
('1225290951531123','15:45:00','15:45:00','6263515','1','',''),
('1225290951531123','15:46:00','15:46:00','6263516','2','',''),
('1225290951531123','15:46:00','15:46:00','6263517','3','',''),
('1225290951531123','15:48:00','15:48:00','6263518','4','',''),
('1225290951531123','15:51:00','15:51:00','6263519','5','',''),
('1225290951531123','15:53:00','15:53:00','6263520','6','',''),
('1225290951531123','15:54:00','15:54:00','6263521','7','',''),
('1225290951531123','15:56:00','15:56:00','6263522','8','',''),
('1225290951531123','15:58:00','15:58:00','6263523','9','',''),
('1225290951531123','15:59:00','15:59:00','6263524','10','',''),
('1225290951531123','16:00:00','16:00:00','6263525','11','',''),
('1225290951531123','16:01:00','16:01:00','6263526','12','',''),
('1225290951531123','16:02:00','16:02:00','6263527','13','',''),
('1225290951531123','16:03:00','16:03:00','6263528','14','',''),
('1225290951531123','16:05:00','16:05:00','6263529','15','',''),
('1225290951531123','16:07:00','16:07:00','6263530','16','',''),
('1225290951531123','16:10:00','16:10:00','6263531','17','',''),
('1225290951531123','16:11:00','16:11:00','6263532','18','',''),
('1225290951531123','16:13:00','16:13:00','6263533','19','',''),
('1225290951531123','16:15:00','16:15:00','6263534','20','',''),
('1225290951531123','16:17:00','16:17:00','6263535','21','',''),
('125290931531123','08:25:00','08:25:00','6263515','1','',''),
('125290931531123','08:26:00','08:26:00','6263516','2','',''),
('125290931531123','08:26:00','08:26:00','6263517','3','',''),
('125290931531123','08:28:00','08:28:00','6263518','4','',''),
('125290931531123','08:33:00','08:33:00','6263519','5','',''),
('125290931531123','08:35:00','08:35:00','6263520','6','',''),
('125290931531123','08:36:00','08:36:00','6263521','7','',''),
('125290931531123','08:38:00','08:38:00','6263522','8','',''),
('125290931531123','08:40:00','08:40:00','6263523','9','',''),
('125290931531123','08:41:00','08:41:00','6263524','10','',''),
('125290931531123','08:42:00','08:42:00','6263525','11','',''),
('125290931531123','08:43:00','08:43:00','6263526','12','',''),
('125290931531123','08:44:00','08:44:00','6263527','13','',''),
('125290931531123','08:45:00','08:45:00','6263528','14','',''),
('125290931531123','08:47:00','08:47:00','6263529','15','',''),
('125290931531123','08:49:00','08:49:00','6263530','16','',''),
('125290931531123','08:52:00','08:52:00','6263531','17','',''),
('125290931531123','08:54:00','08:54:00','6263532','18','',''),
('125290931531123','08:56:00','08:56:00','6263533','19','',''),
('125290931531123','08:57:00','08:57:00','6263534','20','',''),
('125290931531123','09:00:00','09:00:00','6263535','21','',''),
('125290941531123','07:30:00','07:30:00','6263515','1','',''),
('125290941531123','07:31:00','07:31:00','6263516','2','',''),
('125290941531123','07:31:00','07:31:00','6263517','3','',''),
('125290941531123','07:33:00','07:33:00','6263518','4','',''),
('125290941531123','07:36:00','07:36:00','6263519','5','',''),
('125290941531123','07:38:00','07:38:00','6263520','6','',''),
('125290941531123','07:40:00','07:40:00','6263521','7','',''),
('125290941531123','07:43:00','07:43:00','6263522','8','',''),
('125290941531123','07:45:00','07:45:00','6263523','9','',''),
('125290941531123','07:47:00','07:47:00','6263524','10','',''),
('125290941531123','07:48:00','07:48:00','6263525','11','',''),
('125290941531123','07:49:00','07:49:00','6263526','12','',''),
('125290941531123','07:50:00','07:50:00','6263527','13','',''),
('125290941531123','07:52:00','07:52:00','6263528','14','',''),
('125290941531123','07:53:00','07:53:00','6263529','15','',''),
('125290941531123','07:56:00','07:56:00','6263530','16','',''),
('125290941531123','07:58:00','07:58:00','6263531','17','',''),
('125290941531123','07:59:00','07:59:00','6263532','18','',''),
('125290941531123','08:01:00','08:01:00','6263533','19','',''),
('125290941531123','08:03:00','08:03:00','6263534','20','',''),
('125290941531123','08:05:00','08:05:00','6263535','21','',''),
('125290951531123','08:25:00','08:25:00','6263515','1','',''),
('125290951531123','08:26:00','08:26:00','6263516','2','',''),
('125290951531123','08:26:00','08:26:00','6263517','3','',''),
('125290951531123','08:28:00','08:28:00','6263518','4','',''),
('125290951531123','08:33:00','08:33:00','6263519','5','',''),
('125290951531123','08:35:00','08:35:00','6263520','6','',''),
('125290951531123','08:36:00','08:36:00','6263521','7','',''),
('125290951531123','08:38:00','08:38:00','6263522','8','',''),
('125290951531123','08:40:00','08:40:00','6263523','9','',''),
('125290951531123','08:41:00','08:41:00','6263524','10','',''),
('125290951531123','08:42:00','08:42:00','6263525','11','',''),
('125290951531123','08:43:00','08:43:00','6263526','12','',''),
('125290951531123','08:44:00','08:44:00','6263527','13','',''),
('125290951531123','08:45:00','08:45:00','6263528','14','',''),
('125290951531123','08:47:00','08:47:00','6263529','15','',''),
('125290951531123','08:49:00','08:49:00','6263530','16','',''),
('125290951531123','08:52:00','08:52:00','6263531','17','',''),
('125290951531123','08:54:00','08:54:00','6263532','18','',''),
('125290951531123','08:56:00','08:56:00','6263533','19','',''),
('125290951531123','08:57:00','08:57:00','6263534','20','',''),
('125290951531123','09:00:00','09:00:00','6263535','21','',''),
('1325290941531123','15:40:00','15:40:00','6263515','1','',''),
('1325290941531123','15:41:00','15:41:00','6263516','2','',''),
('1325290941531123','15:41:00','15:41:00','6263517','3','',''),
('1325290941531123','15:43:00','15:43:00','6263518','4','',''),
('1325290941531123','15:46:00','15:46:00','6263519','5','',''),
('1325290941531123','15:48:00','15:48:00','6263520','6','',''),
('1325290941531123','15:50:00','15:50:00','6263521','7','',''),
('1325290941531123','15:53:00','15:53:00','6263522','8','',''),
('1325290941531123','15:55:00','15:55:00','6263523','9','',''),
('1325290941531123','15:57:00','15:57:00','6263524','10','',''),
('1325290941531123','15:58:00','15:58:00','6263525','11','',''),
('1325290941531123','15:59:00','15:59:00','6263526','12','',''),
('1325290941531123','16:00:00','16:00:00','6263527','13','',''),
('1325290941531123','16:02:00','16:02:00','6263528','14','',''),
('1325290941531123','16:03:00','16:03:00','6263529','15','',''),
('1325290941531123','16:06:00','16:06:00','6263530','16','',''),
('1325290941531123','16:08:00','16:08:00','6263531','17','',''),
('1325290941531123','16:09:00','16:09:00','6263532','18','',''),
('1325290941531123','16:11:00','16:11:00','6263533','19','',''),
('1325290941531123','16:13:00','16:13:00','6263534','20','',''),
('1325290941531123','16:15:00','16:15:00','6263535','21','',''),
('1325290951531123','16:25:00','16:25:00','6263515','1','',''),
('1325290951531123','16:26:00','16:26:00','6263516','2','',''),
('1325290951531123','16:26:00','16:26:00','6263517','3','',''),
('1325290951531123','16:28:00','16:28:00','6263518','4','',''),
('1325290951531123','16:31:00','16:31:00','6263519','5','',''),
('1325290951531123','16:33:00','16:33:00','6263520','6','',''),
('1325290951531123','16:34:00','16:34:00','6263521','7','',''),
('1325290951531123','16:36:00','16:36:00','6263522','8','',''),
('1325290951531123','16:38:00','16:38:00','6263523','9','',''),
('1325290951531123','16:39:00','16:39:00','6263524','10','',''),
('1325290951531123','16:40:00','16:40:00','6263525','11','',''),
('1325290951531123','16:41:00','16:41:00','6263526','12','',''),
('1325290951531123','16:42:00','16:42:00','6263527','13','',''),
('1325290951531123','16:43:00','16:43:00','6263528','14','',''),
('1325290951531123','16:45:00','16:45:00','6263529','15','',''),
('1325290951531123','16:47:00','16:47:00','6263530','16','',''),
('1325290951531123','16:50:00','16:50:00','6263531','17','',''),
('1325290951531123','16:51:00','16:51:00','6263532','18','',''),
('1325290951531123','16:53:00','16:53:00','6263533','19','',''),
('1325290951531123','16:55:00','16:55:00','6263534','20','',''),
('1325290951531123','16:57:00','16:57:00','6263535','21','',''),
('1425290941531123','16:20:00','16:20:00','6263515','1','',''),
('1425290941531123','16:21:00','16:21:00','6263516','2','',''),
('1425290941531123','16:21:00','16:21:00','6263517','3','',''),
('1425290941531123','16:23:00','16:23:00','6263518','4','',''),
('1425290941531123','16:26:00','16:26:00','6263519','5','',''),
('1425290941531123','16:28:00','16:28:00','6263520','6','',''),
('1425290941531123','16:30:00','16:30:00','6263521','7','',''),
('1425290941531123','16:33:00','16:33:00','6263522','8','',''),
('1425290941531123','16:35:00','16:35:00','6263523','9','',''),
('1425290941531123','16:37:00','16:37:00','6263524','10','',''),
('1425290941531123','16:38:00','16:38:00','6263525','11','',''),
('1425290941531123','16:39:00','16:39:00','6263526','12','',''),
('1425290941531123','16:40:00','16:40:00','6263527','13','',''),
('1425290941531123','16:42:00','16:42:00','6263528','14','',''),
('1425290941531123','16:43:00','16:43:00','6263529','15','',''),
('1425290941531123','16:46:00','16:46:00','6263530','16','',''),
('1425290941531123','16:48:00','16:48:00','6263531','17','',''),
('1425290941531123','16:49:00','16:49:00','6263532','18','',''),
('1425290941531123','16:51:00','16:51:00','6263533','19','',''),
('1425290941531123','16:53:00','16:53:00','6263534','20','',''),
('1425290941531123','16:55:00','16:55:00','6263535','21','',''),
('1425290951531123','17:05:00','17:05:00','6263515','1','',''),
('1425290951531123','17:06:00','17:06:00','6263516','2','',''),
('1425290951531123','17:06:00','17:06:00','6263517','3','',''),
('1425290951531123','17:08:00','17:08:00','6263518','4','',''),
('1425290951531123','17:11:00','17:11:00','6263519','5','',''),
('1425290951531123','17:13:00','17:13:00','6263520','6','',''),
('1425290951531123','17:14:00','17:14:00','6263521','7','',''),
('1425290951531123','17:16:00','17:16:00','6263522','8','',''),
('1425290951531123','17:18:00','17:18:00','6263523','9','',''),
('1425290951531123','17:19:00','17:19:00','6263524','10','',''),
('1425290951531123','17:20:00','17:20:00','6263525','11','',''),
('1425290951531123','17:21:00','17:21:00','6263526','12','',''),
('1425290951531123','17:22:00','17:22:00','6263527','13','',''),
('1425290951531123','17:23:00','17:23:00','6263528','14','',''),
('1425290951531123','17:25:00','17:25:00','6263529','15','',''),
('1425290951531123','17:27:00','17:27:00','6263530','16','',''),
('1425290951531123','17:30:00','17:30:00','6263531','17','',''),
('1425290951531123','17:31:00','17:31:00','6263532','18','',''),
('1425290951531123','17:33:00','17:33:00','6263533','19','',''),
('1425290951531123','17:35:00','17:35:00','6263534','20','',''),
('1425290951531123','17:37:00','17:37:00','6263535','21','',''),
('1525290941531123','17:00:00','17:00:00','6263515','1','',''),
('1525290941531123','17:01:00','17:01:00','6263516','2','',''),
('1525290941531123','17:01:00','17:01:00','6263517','3','',''),
('1525290941531123','17:03:00','17:03:00','6263518','4','',''),
('1525290941531123','17:06:00','17:06:00','6263519','5','',''),
('1525290941531123','17:08:00','17:08:00','6263520','6','',''),
('1525290941531123','17:10:00','17:10:00','6263521','7','',''),
('1525290941531123','17:13:00','17:13:00','6263522','8','',''),
('1525290941531123','17:15:00','17:15:00','6263523','9','',''),
('1525290941531123','17:17:00','17:17:00','6263524','10','',''),
('1525290941531123','17:18:00','17:18:00','6263525','11','',''),
('1525290941531123','17:19:00','17:19:00','6263526','12','',''),
('1525290941531123','17:20:00','17:20:00','6263527','13','',''),
('1525290941531123','17:22:00','17:22:00','6263528','14','',''),
('1525290941531123','17:23:00','17:23:00','6263529','15','',''),
('1525290941531123','17:26:00','17:26:00','6263530','16','',''),
('1525290941531123','17:28:00','17:28:00','6263531','17','',''),
('1525290941531123','17:29:00','17:29:00','6263532','18','',''),
('1525290941531123','17:31:00','17:31:00','6263533','19','',''),
('1525290941531123','17:33:00','17:33:00','6263534','20','',''),
('1525290941531123','17:35:00','17:35:00','6263535','21','',''),
('1525290951531123','17:45:00','17:45:00','6263515','1','',''),
('1525290951531123','17:46:00','17:46:00','6263516','2','',''),
('1525290951531123','17:46:00','17:46:00','6263517','3','',''),
('1525290951531123','17:48:00','17:48:00','6263518','4','',''),
('1525290951531123','17:51:00','17:51:00','6263519','5','',''),
('1525290951531123','17:53:00','17:53:00','6263520','6','',''),
('1525290951531123','17:54:00','17:54:00','6263521','7','',''),
('1525290951531123','17:56:00','17:56:00','6263522','8','',''),
('1525290951531123','17:58:00','17:58:00','6263523','9','',''),
('1525290951531123','17:59:00','17:59:00','6263524','10','',''),
('1525290951531123','18:00:00','18:00:00','6263525','11','',''),
('1525290951531123','18:01:00','18:01:00','6263526','12','',''),
('1525290951531123','18:02:00','18:02:00','6263527','13','',''),
('1525290951531123','18:03:00','18:03:00','6263528','14','',''),
('1525290951531123','18:05:00','18:05:00','6263529','15','',''),
('1525290951531123','18:07:00','18:07:00','6263530','16','',''),
('1525290951531123','18:10:00','18:10:00','6263531','17','',''),
('1525290951531123','18:11:00','18:11:00','6263532','18','',''),
('1525290951531123','18:13:00','18:13:00','6263533','19','',''),
('1525290951531123','18:15:00','18:15:00','6263534','20','',''),
('1525290951531123','18:17:00','18:17:00','6263535','21','',''),
('1625290941531123','17:40:00','17:40:00','6263515','1','',''),
('1625290941531123','17:41:00','17:41:00','6263516','2','',''),
('1625290941531123','17:41:00','17:41:00','6263517','3','',''),
('1625290941531123','17:43:00','17:43:00','6263518','4','',''),
('1625290941531123','17:46:00','17:46:00','6263519','5','',''),
('1625290941531123','17:48:00','17:48:00','6263520','6','',''),
('1625290941531123','17:50:00','17:50:00','6263521','7','',''),
('1625290941531123','17:53:00','17:53:00','6263522','8','',''),
('1625290941531123','17:55:00','17:55:00','6263523','9','',''),
('1625290941531123','17:57:00','17:57:00','6263524','10','',''),
('1625290941531123','17:58:00','17:58:00','6263525','11','',''),
('1625290941531123','17:59:00','17:59:00','6263526','12','',''),
('1625290941531123','18:00:00','18:00:00','6263527','13','',''),
('1625290941531123','18:02:00','18:02:00','6263528','14','',''),
('1625290941531123','18:03:00','18:03:00','6263529','15','',''),
('1625290941531123','18:06:00','18:06:00','6263530','16','',''),
('1625290941531123','18:08:00','18:08:00','6263531','17','',''),
('1625290941531123','18:09:00','18:09:00','6263532','18','',''),
('1625290941531123','18:11:00','18:11:00','6263533','19','',''),
('1625290941531123','18:13:00','18:13:00','6263534','20','',''),
('1625290941531123','18:15:00','18:15:00','6263535','21','',''),
('1625290951531123','18:25:00','18:25:00','6263515','1','',''),
('1625290951531123','18:26:00','18:26:00','6263516','2','',''),
('1625290951531123','18:26:00','18:26:00','6263517','3','',''),
('1625290951531123','18:28:00','18:28:00','6263518','4','',''),
('1625290951531123','18:31:00','18:31:00','6263519','5','',''),
('1625290951531123','18:33:00','18:33:00','6263520','6','',''),
('1625290951531123','18:34:00','18:34:00','6263521','7','',''),
('1625290951531123','18:36:00','18:36:00','6263522','8','',''),
('1625290951531123','18:38:00','18:38:00','6263523','9','',''),
('1625290951531123','18:39:00','18:39:00','6263524','10','',''),
('1625290951531123','18:40:00','18:40:00','6263525','11','',''),
('1625290951531123','18:41:00','18:41:00','6263526','12','',''),
('1625290951531123','18:42:00','18:42:00','6263527','13','',''),
('1625290951531123','18:43:00','18:43:00','6263528','14','',''),
('1625290951531123','18:45:00','18:45:00','6263529','15','',''),
('1625290951531123','18:47:00','18:47:00','6263530','16','',''),
('1625290951531123','18:50:00','18:50:00','6263531','17','',''),
('1625290951531123','18:51:00','18:51:00','6263532','18','',''),
('1625290951531123','18:53:00','18:53:00','6263533','19','',''),
('1625290951531123','18:55:00','18:55:00','6263534','20','',''),
('1625290951531123','18:57:00','18:57:00','6263535','21','',''),
('1725290941531123','18:20:00','18:20:00','6263515','1','',''),
('1725290941531123','18:21:00','18:21:00','6263516','2','',''),
('1725290941531123','18:21:00','18:21:00','6263517','3','',''),
('1725290941531123','18:23:00','18:23:00','6263518','4','',''),
('1725290941531123','18:26:00','18:26:00','6263519','5','',''),
('1725290941531123','18:28:00','18:28:00','6263520','6','',''),
('1725290941531123','18:30:00','18:30:00','6263521','7','',''),
('1725290941531123','18:33:00','18:33:00','6263522','8','',''),
('1725290941531123','18:35:00','18:35:00','6263523','9','',''),
('1725290941531123','18:37:00','18:37:00','6263524','10','',''),
('1725290941531123','18:38:00','18:38:00','6263525','11','',''),
('1725290941531123','18:39:00','18:39:00','6263526','12','',''),
('1725290941531123','18:40:00','18:40:00','6263527','13','',''),
('1725290941531123','18:42:00','18:42:00','6263528','14','',''),
('1725290941531123','18:43:00','18:43:00','6263529','15','',''),
('1725290941531123','18:46:00','18:46:00','6263530','16','',''),
('1725290941531123','18:48:00','18:48:00','6263531','17','',''),
('1725290941531123','18:49:00','18:49:00','6263532','18','',''),
('1725290941531123','18:51:00','18:51:00','6263533','19','',''),
('1725290941531123','18:53:00','18:53:00','6263534','20','',''),
('1725290941531123','18:55:00','18:55:00','6263535','21','',''),
('1725290951531123','19:05:00','19:05:00','6263515','1','',''),
('1725290951531123','19:06:00','19:06:00','6263516','2','',''),
('1725290951531123','19:06:00','19:06:00','6263517','3','',''),
('1725290951531123','19:08:00','19:08:00','6263518','4','',''),
('1725290951531123','19:11:00','19:11:00','6263519','5','',''),
('1725290951531123','19:13:00','19:13:00','6263520','6','',''),
('1725290951531123','19:14:00','19:14:00','6263521','7','',''),
('1725290951531123','19:16:00','19:16:00','6263522','8','',''),
('1725290951531123','19:18:00','19:18:00','6263523','9','',''),
('1725290951531123','19:19:00','19:19:00','6263524','10','',''),
('1725290951531123','19:20:00','19:20:00','6263525','11','',''),
('1725290951531123','19:21:00','19:21:00','6263526','12','',''),
('1725290951531123','19:22:00','19:22:00','6263527','13','',''),
('1725290951531123','19:23:00','19:23:00','6263528','14','',''),
('1725290951531123','19:25:00','19:25:00','6263529','15','',''),
('1725290951531123','19:27:00','19:27:00','6263530','16','',''),
('1725290951531123','19:30:00','19:30:00','6263531','17','',''),
('1725290951531123','19:31:00','19:31:00','6263532','18','',''),
('1725290951531123','19:33:00','19:33:00','6263533','19','',''),
('1725290951531123','19:35:00','19:35:00','6263534','20','',''),
('1725290951531123','19:37:00','19:37:00','6263535','21','',''),
('1825290941531123','19:00:00','19:00:00','6263515','1','',''),
('1825290941531123','19:01:00','19:01:00','6263516','2','',''),
('1825290941531123','19:01:00','19:01:00','6263517','3','',''),
('1825290941531123','19:03:00','19:03:00','6263518','4','',''),
('1825290941531123','19:06:00','19:06:00','6263519','5','',''),
('1825290941531123','19:08:00','19:08:00','6263520','6','',''),
('1825290941531123','19:10:00','19:10:00','6263521','7','',''),
('1825290941531123','19:13:00','19:13:00','6263522','8','',''),
('1825290941531123','19:15:00','19:15:00','6263523','9','',''),
('1825290941531123','19:17:00','19:17:00','6263524','10','',''),
('1825290941531123','19:18:00','19:18:00','6263525','11','',''),
('1825290941531123','19:19:00','19:19:00','6263526','12','',''),
('1825290941531123','19:20:00','19:20:00','6263527','13','',''),
('1825290941531123','19:22:00','19:22:00','6263528','14','',''),
('1825290941531123','19:23:00','19:23:00','6263529','15','',''),
('1825290941531123','19:26:00','19:26:00','6263530','16','',''),
('1825290941531123','19:28:00','19:28:00','6263531','17','',''),
('1825290941531123','19:29:00','19:29:00','6263532','18','',''),
('1825290941531123','19:31:00','19:31:00','6263533','19','',''),
('1825290941531123','19:33:00','19:33:00','6263534','20','',''),
('1825290941531123','19:35:00','19:35:00','6263535','21','',''),
('225290931531123','09:05:00','09:05:00','6263515','1','',''),
('225290931531123','09:06:00','09:06:00','6263516','2','',''),
('225290931531123','09:06:00','09:06:00','6263517','3','',''),
('225290931531123','09:08:00','09:08:00','6263518','4','',''),
('225290931531123','09:13:00','09:13:00','6263519','5','',''),
('225290931531123','09:15:00','09:15:00','6263520','6','',''),
('225290931531123','09:16:00','09:16:00','6263521','7','',''),
('225290931531123','09:18:00','09:18:00','6263522','8','',''),
('225290931531123','09:20:00','09:20:00','6263523','9','',''),
('225290931531123','09:21:00','09:21:00','6263524','10','',''),
('225290931531123','09:22:00','09:22:00','6263525','11','',''),
('225290931531123','09:23:00','09:23:00','6263526','12','',''),
('225290931531123','09:24:00','09:24:00','6263527','13','',''),
('225290931531123','09:25:00','09:25:00','6263528','14','',''),
('225290931531123','09:27:00','09:27:00','6263529','15','',''),
('225290931531123','09:29:00','09:29:00','6263530','16','',''),
('225290931531123','09:32:00','09:32:00','6263531','17','',''),
('225290931531123','09:34:00','09:34:00','6263532','18','',''),
('225290931531123','09:36:00','09:36:00','6263533','19','',''),
('225290931531123','09:37:00','09:37:00','6263534','20','',''),
('225290931531123','09:40:00','09:40:00','6263535','21','',''),
('225290941531123','08:15:00','08:15:00','6263515','1','',''),
('225290941531123','08:16:00','08:16:00','6263516','2','',''),
('225290941531123','08:16:00','08:16:00','6263517','3','',''),
('225290941531123','08:18:00','08:18:00','6263518','4','',''),
('225290941531123','08:21:00','08:21:00','6263519','5','',''),
('225290941531123','08:23:00','08:23:00','6263520','6','',''),
('225290941531123','08:25:00','08:25:00','6263521','7','',''),
('225290941531123','08:28:00','08:28:00','6263522','8','',''),
('225290941531123','08:30:00','08:30:00','6263523','9','',''),
('225290941531123','08:32:00','08:32:00','6263524','10','',''),
('225290941531123','08:33:00','08:33:00','6263525','11','',''),
('225290941531123','08:34:00','08:34:00','6263526','12','',''),
('225290941531123','08:35:00','08:35:00','6263527','13','',''),
('225290941531123','08:37:00','08:37:00','6263528','14','',''),
('225290941531123','08:38:00','08:38:00','6263529','15','',''),
('225290941531123','08:41:00','08:41:00','6263530','16','',''),
('225290941531123','08:43:00','08:43:00','6263531','17','',''),
('225290941531123','08:44:00','08:44:00','6263532','18','',''),
('225290941531123','08:46:00','08:46:00','6263533','19','',''),
('225290941531123','08:48:00','08:48:00','6263534','20','',''),
('225290941531123','08:50:00','08:50:00','6263535','21','',''),
('225290951531123','09:05:00','09:05:00','6263515','1','',''),
('225290951531123','09:06:00','09:06:00','6263516','2','',''),
('225290951531123','09:06:00','09:06:00','6263517','3','',''),
('225290951531123','09:08:00','09:08:00','6263518','4','',''),
('225290951531123','09:13:00','09:13:00','6263519','5','',''),
('225290951531123','09:15:00','09:15:00','6263520','6','',''),
('225290951531123','09:16:00','09:16:00','6263521','7','',''),
('225290951531123','09:18:00','09:18:00','6263522','8','',''),
('225290951531123','09:20:00','09:20:00','6263523','9','',''),
('225290951531123','09:21:00','09:21:00','6263524','10','',''),
('225290951531123','09:22:00','09:22:00','6263525','11','',''),
('225290951531123','09:23:00','09:23:00','6263526','12','',''),
('225290951531123','09:24:00','09:24:00','6263527','13','',''),
('225290951531123','09:25:00','09:25:00','6263528','14','',''),
('225290951531123','09:27:00','09:27:00','6263529','15','',''),
('225290951531123','09:29:00','09:29:00','6263530','16','',''),
('225290951531123','09:32:00','09:32:00','6263531','17','',''),
('225290951531123','09:34:00','09:34:00','6263532','18','',''),
('225290951531123','09:36:00','09:36:00','6263533','19','',''),
('225290951531123','09:37:00','09:37:00','6263534','20','',''),
('225290951531123','09:40:00','09:40:00','6263535','21','',''),
('325290931531123','09:45:00','09:45:00','6263515','1','',''),
('325290931531123','09:46:00','09:46:00','6263516','2','',''),
('325290931531123','09:46:00','09:46:00','6263517','3','',''),
('325290931531123','09:48:00','09:48:00','6263518','4','',''),
('325290931531123','09:52:00','09:52:00','6263519','5','',''),
('325290931531123','09:54:00','09:54:00','6263520','6','',''),
('325290931531123','09:55:00','09:55:00','6263521','7','',''),
('325290931531123','09:57:00','09:57:00','6263522','8','',''),
('325290931531123','09:59:00','09:59:00','6263523','9','',''),
('325290931531123','10:00:00','10:00:00','6263524','10','',''),
('325290931531123','10:01:00','10:01:00','6263525','11','',''),
('325290931531123','10:02:00','10:02:00','6263526','12','',''),
('325290931531123','10:03:00','10:03:00','6263527','13','',''),
('325290931531123','10:04:00','10:04:00','6263528','14','',''),
('325290931531123','10:06:00','10:06:00','6263529','15','',''),
('325290931531123','10:08:00','10:08:00','6263530','16','',''),
('325290931531123','10:11:00','10:11:00','6263531','17','',''),
('325290931531123','10:13:00','10:13:00','6263532','18','',''),
('325290931531123','10:15:00','10:15:00','6263533','19','',''),
('325290931531123','10:16:00','10:16:00','6263534','20','',''),
('325290931531123','10:19:00','10:19:00','6263535','21','',''),
('325290941531123','09:00:00','09:00:00','6263515','1','',''),
('325290941531123','09:01:00','09:01:00','6263516','2','',''),
('325290941531123','09:01:00','09:01:00','6263517','3','',''),
('325290941531123','09:03:00','09:03:00','6263518','4','',''),
('325290941531123','09:06:00','09:06:00','6263519','5','',''),
('325290941531123','09:08:00','09:08:00','6263520','6','',''),
('325290941531123','09:10:00','09:10:00','6263521','7','',''),
('325290941531123','09:13:00','09:13:00','6263522','8','',''),
('325290941531123','09:15:00','09:15:00','6263523','9','',''),
('325290941531123','09:17:00','09:17:00','6263524','10','',''),
('325290941531123','09:18:00','09:18:00','6263525','11','',''),
('325290941531123','09:19:00','09:19:00','6263526','12','',''),
('325290941531123','09:20:00','09:20:00','6263527','13','',''),
('325290941531123','09:22:00','09:22:00','6263528','14','',''),
('325290941531123','09:23:00','09:23:00','6263529','15','',''),
('325290941531123','09:26:00','09:26:00','6263530','16','',''),
('325290941531123','09:28:00','09:28:00','6263531','17','',''),
('325290941531123','09:29:00','09:29:00','6263532','18','',''),
('325290941531123','09:31:00','09:31:00','6263533','19','',''),
('325290941531123','09:33:00','09:33:00','6263534','20','',''),
('325290941531123','09:35:00','09:35:00','6263535','21','',''),
('325290951531123','09:45:00','09:45:00','6263515','1','',''),
('325290951531123','09:46:00','09:46:00','6263516','2','',''),
('325290951531123','09:46:00','09:46:00','6263517','3','',''),
('325290951531123','09:48:00','09:48:00','6263518','4','',''),
('325290951531123','09:52:00','09:52:00','6263519','5','',''),
('325290951531123','09:54:00','09:54:00','6263520','6','',''),
('325290951531123','09:55:00','09:55:00','6263521','7','',''),
('325290951531123','09:57:00','09:57:00','6263522','8','',''),
('325290951531123','09:59:00','09:59:00','6263523','9','',''),
('325290951531123','10:00:00','10:00:00','6263524','10','',''),
('325290951531123','10:01:00','10:01:00','6263525','11','',''),
('325290951531123','10:02:00','10:02:00','6263526','12','',''),
('325290951531123','10:03:00','10:03:00','6263527','13','',''),
('325290951531123','10:04:00','10:04:00','6263528','14','',''),
('325290951531123','10:06:00','10:06:00','6263529','15','',''),
('325290951531123','10:08:00','10:08:00','6263530','16','',''),
('325290951531123','10:11:00','10:11:00','6263531','17','',''),
('325290951531123','10:13:00','10:13:00','6263532','18','',''),
('325290951531123','10:15:00','10:15:00','6263533','19','',''),
('325290951531123','10:16:00','10:16:00','6263534','20','',''),
('325290951531123','10:19:00','10:19:00','6263535','21','',''),
('425290931531123','10:25:00','10:25:00','6263515','1','',''),
('425290931531123','10:26:00','10:26:00','6263516','2','',''),
('425290931531123','10:26:00','10:26:00','6263517','3','',''),
('425290931531123','10:28:00','10:28:00','6263518','4','',''),
('425290931531123','10:31:00','10:31:00','6263519','5','',''),
('425290931531123','10:33:00','10:33:00','6263520','6','',''),
('425290931531123','10:34:00','10:34:00','6263521','7','',''),
('425290931531123','10:36:00','10:36:00','6263522','8','',''),
('425290931531123','10:38:00','10:38:00','6263523','9','',''),
('425290931531123','10:39:00','10:39:00','6263524','10','',''),
('425290931531123','10:40:00','10:40:00','6263525','11','',''),
('425290931531123','10:41:00','10:41:00','6263526','12','',''),
('425290931531123','10:42:00','10:42:00','6263527','13','',''),
('425290931531123','10:43:00','10:43:00','6263528','14','',''),
('425290931531123','10:45:00','10:45:00','6263529','15','',''),
('425290931531123','10:47:00','10:47:00','6263530','16','',''),
('425290931531123','10:50:00','10:50:00','6263531','17','',''),
('425290931531123','10:51:00','10:51:00','6263532','18','',''),
('425290931531123','10:53:00','10:53:00','6263533','19','',''),
('425290931531123','10:55:00','10:55:00','6263534','20','',''),
('425290931531123','10:57:00','10:57:00','6263535','21','',''),
('425290941531123','09:40:00','09:40:00','6263515','1','',''),
('425290941531123','09:41:00','09:41:00','6263516','2','',''),
('425290941531123','09:41:00','09:41:00','6263517','3','',''),
('425290941531123','09:43:00','09:43:00','6263518','4','',''),
('425290941531123','09:46:00','09:46:00','6263519','5','',''),
('425290941531123','09:48:00','09:48:00','6263520','6','',''),
('425290941531123','09:50:00','09:50:00','6263521','7','',''),
('425290941531123','09:53:00','09:53:00','6263522','8','',''),
('425290941531123','09:55:00','09:55:00','6263523','9','',''),
('425290941531123','09:57:00','09:57:00','6263524','10','',''),
('425290941531123','09:58:00','09:58:00','6263525','11','',''),
('425290941531123','09:59:00','09:59:00','6263526','12','',''),
('425290941531123','10:00:00','10:00:00','6263527','13','',''),
('425290941531123','10:02:00','10:02:00','6263528','14','',''),
('425290941531123','10:03:00','10:03:00','6263529','15','',''),
('425290941531123','10:06:00','10:06:00','6263530','16','',''),
('425290941531123','10:08:00','10:08:00','6263531','17','',''),
('425290941531123','10:09:00','10:09:00','6263532','18','',''),
('425290941531123','10:11:00','10:11:00','6263533','19','',''),
('425290941531123','10:13:00','10:13:00','6263534','20','',''),
('425290941531123','10:15:00','10:15:00','6263535','21','',''),
('425290951531123','10:25:00','10:25:00','6263515','1','',''),
('425290951531123','10:26:00','10:26:00','6263516','2','',''),
('425290951531123','10:26:00','10:26:00','6263517','3','',''),
('425290951531123','10:28:00','10:28:00','6263518','4','',''),
('425290951531123','10:31:00','10:31:00','6263519','5','',''),
('425290951531123','10:33:00','10:33:00','6263520','6','',''),
('425290951531123','10:34:00','10:34:00','6263521','7','',''),
('425290951531123','10:36:00','10:36:00','6263522','8','',''),
('425290951531123','10:38:00','10:38:00','6263523','9','',''),
('425290951531123','10:39:00','10:39:00','6263524','10','',''),
('425290951531123','10:40:00','10:40:00','6263525','11','',''),
('425290951531123','10:41:00','10:41:00','6263526','12','',''),
('425290951531123','10:42:00','10:42:00','6263527','13','',''),
('425290951531123','10:43:00','10:43:00','6263528','14','',''),
('425290951531123','10:45:00','10:45:00','6263529','15','',''),
('425290951531123','10:47:00','10:47:00','6263530','16','',''),
('425290951531123','10:50:00','10:50:00','6263531','17','',''),
('425290951531123','10:51:00','10:51:00','6263532','18','',''),
('425290951531123','10:53:00','10:53:00','6263533','19','',''),
('425290951531123','10:55:00','10:55:00','6263534','20','',''),
('425290951531123','10:57:00','10:57:00','6263535','21','',''),
('525290931531123','11:05:00','11:05:00','6263515','1','',''),
('525290931531123','11:06:00','11:06:00','6263516','2','',''),
('525290931531123','11:06:00','11:06:00','6263517','3','',''),
('525290931531123','11:08:00','11:08:00','6263518','4','',''),
('525290931531123','11:11:00','11:11:00','6263519','5','',''),
('525290931531123','11:13:00','11:13:00','6263520','6','',''),
('525290931531123','11:14:00','11:14:00','6263521','7','',''),
('525290931531123','11:16:00','11:16:00','6263522','8','',''),
('525290931531123','11:18:00','11:18:00','6263523','9','',''),
('525290931531123','11:19:00','11:19:00','6263524','10','',''),
('525290931531123','11:20:00','11:20:00','6263525','11','',''),
('525290931531123','11:21:00','11:21:00','6263526','12','',''),
('525290931531123','11:22:00','11:22:00','6263527','13','',''),
('525290931531123','11:23:00','11:23:00','6263528','14','',''),
('525290931531123','11:25:00','11:25:00','6263529','15','',''),
('525290931531123','11:27:00','11:27:00','6263530','16','',''),
('525290931531123','11:30:00','11:30:00','6263531','17','',''),
('525290931531123','11:31:00','11:31:00','6263532','18','',''),
('525290931531123','11:33:00','11:33:00','6263533','19','',''),
('525290931531123','11:35:00','11:35:00','6263534','20','',''),
('525290931531123','11:37:00','11:37:00','6263535','21','',''),
('525290941531123','10:20:00','10:20:00','6263515','1','',''),
('525290941531123','10:21:00','10:21:00','6263516','2','',''),
('525290941531123','10:21:00','10:21:00','6263517','3','',''),
('525290941531123','10:23:00','10:23:00','6263518','4','',''),
('525290941531123','10:26:00','10:26:00','6263519','5','',''),
('525290941531123','10:28:00','10:28:00','6263520','6','',''),
('525290941531123','10:30:00','10:30:00','6263521','7','',''),
('525290941531123','10:33:00','10:33:00','6263522','8','',''),
('525290941531123','10:35:00','10:35:00','6263523','9','',''),
('525290941531123','10:37:00','10:37:00','6263524','10','',''),
('525290941531123','10:38:00','10:38:00','6263525','11','',''),
('525290941531123','10:39:00','10:39:00','6263526','12','',''),
('525290941531123','10:40:00','10:40:00','6263527','13','',''),
('525290941531123','10:42:00','10:42:00','6263528','14','',''),
('525290941531123','10:43:00','10:43:00','6263529','15','',''),
('525290941531123','10:46:00','10:46:00','6263530','16','',''),
('525290941531123','10:48:00','10:48:00','6263531','17','',''),
('525290941531123','10:49:00','10:49:00','6263532','18','',''),
('525290941531123','10:51:00','10:51:00','6263533','19','',''),
('525290941531123','10:53:00','10:53:00','6263534','20','',''),
('525290941531123','10:55:00','10:55:00','6263535','21','',''),
('525290951531123','11:05:00','11:05:00','6263515','1','',''),
('525290951531123','11:06:00','11:06:00','6263516','2','',''),
('525290951531123','11:06:00','11:06:00','6263517','3','',''),
('525290951531123','11:08:00','11:08:00','6263518','4','',''),
('525290951531123','11:11:00','11:11:00','6263519','5','',''),
('525290951531123','11:13:00','11:13:00','6263520','6','',''),
('525290951531123','11:14:00','11:14:00','6263521','7','',''),
('525290951531123','11:16:00','11:16:00','6263522','8','',''),
('525290951531123','11:18:00','11:18:00','6263523','9','',''),
('525290951531123','11:19:00','11:19:00','6263524','10','',''),
('525290951531123','11:20:00','11:20:00','6263525','11','',''),
('525290951531123','11:21:00','11:21:00','6263526','12','',''),
('525290951531123','11:22:00','11:22:00','6263527','13','',''),
('525290951531123','11:23:00','11:23:00','6263528','14','',''),
('525290951531123','11:25:00','11:25:00','6263529','15','',''),
('525290951531123','11:27:00','11:27:00','6263530','16','',''),
('525290951531123','11:30:00','11:30:00','6263531','17','',''),
('525290951531123','11:31:00','11:31:00','6263532','18','',''),
('525290951531123','11:33:00','11:33:00','6263533','19','',''),
('525290951531123','11:35:00','11:35:00','6263534','20','',''),
('525290951531123','11:37:00','11:37:00','6263535','21','',''),
('625290931531123','11:45:00','11:45:00','6263515','1','',''),
('625290931531123','11:46:00','11:46:00','6263516','2','',''),
('625290931531123','11:46:00','11:46:00','6263517','3','',''),
('625290931531123','11:48:00','11:48:00','6263518','4','',''),
('625290931531123','11:51:00','11:51:00','6263519','5','',''),
('625290931531123','11:53:00','11:53:00','6263520','6','',''),
('625290931531123','11:54:00','11:54:00','6263521','7','',''),
('625290931531123','11:56:00','11:56:00','6263522','8','',''),
('625290931531123','11:58:00','11:58:00','6263523','9','',''),
('625290931531123','11:59:00','11:59:00','6263524','10','',''),
('625290931531123','12:00:00','12:00:00','6263525','11','',''),
('625290931531123','12:01:00','12:01:00','6263526','12','',''),
('625290931531123','12:02:00','12:02:00','6263527','13','',''),
('625290931531123','12:03:00','12:03:00','6263528','14','',''),
('625290931531123','12:05:00','12:05:00','6263529','15','',''),
('625290931531123','12:07:00','12:07:00','6263530','16','',''),
('625290931531123','12:10:00','12:10:00','6263531','17','',''),
('625290931531123','12:11:00','12:11:00','6263532','18','',''),
('625290931531123','12:13:00','12:13:00','6263533','19','',''),
('625290931531123','12:15:00','12:15:00','6263534','20','',''),
('625290931531123','12:17:00','12:17:00','6263535','21','',''),
('625290941531123','11:00:00','11:00:00','6263515','1','',''),
('625290941531123','11:01:00','11:01:00','6263516','2','',''),
('625290941531123','11:01:00','11:01:00','6263517','3','',''),
('625290941531123','11:03:00','11:03:00','6263518','4','',''),
('625290941531123','11:06:00','11:06:00','6263519','5','',''),
('625290941531123','11:08:00','11:08:00','6263520','6','',''),
('625290941531123','11:10:00','11:10:00','6263521','7','',''),
('625290941531123','11:13:00','11:13:00','6263522','8','',''),
('625290941531123','11:15:00','11:15:00','6263523','9','',''),
('625290941531123','11:17:00','11:17:00','6263524','10','',''),
('625290941531123','11:18:00','11:18:00','6263525','11','',''),
('625290941531123','11:19:00','11:19:00','6263526','12','',''),
('625290941531123','11:20:00','11:20:00','6263527','13','',''),
('625290941531123','11:22:00','11:22:00','6263528','14','',''),
('625290941531123','11:23:00','11:23:00','6263529','15','',''),
('625290941531123','11:26:00','11:26:00','6263530','16','',''),
('625290941531123','11:28:00','11:28:00','6263531','17','',''),
('625290941531123','11:29:00','11:29:00','6263532','18','',''),
('625290941531123','11:31:00','11:31:00','6263533','19','',''),
('625290941531123','11:33:00','11:33:00','6263534','20','',''),
('625290941531123','11:35:00','11:35:00','6263535','21','',''),
('625290951531123','11:45:00','11:45:00','6263515','1','',''),
('625290951531123','11:46:00','11:46:00','6263516','2','',''),
('625290951531123','11:46:00','11:46:00','6263517','3','',''),
('625290951531123','11:48:00','11:48:00','6263518','4','',''),
('625290951531123','11:51:00','11:51:00','6263519','5','',''),
('625290951531123','11:53:00','11:53:00','6263520','6','',''),
('625290951531123','11:54:00','11:54:00','6263521','7','',''),
('625290951531123','11:56:00','11:56:00','6263522','8','',''),
('625290951531123','11:58:00','11:58:00','6263523','9','',''),
('625290951531123','11:59:00','11:59:00','6263524','10','',''),
('625290951531123','12:00:00','12:00:00','6263525','11','',''),
('625290951531123','12:01:00','12:01:00','6263526','12','',''),
('625290951531123','12:02:00','12:02:00','6263527','13','',''),
('625290951531123','12:03:00','12:03:00','6263528','14','',''),
('625290951531123','12:05:00','12:05:00','6263529','15','',''),
('625290951531123','12:07:00','12:07:00','6263530','16','',''),
('625290951531123','12:10:00','12:10:00','6263531','17','',''),
('625290951531123','12:11:00','12:11:00','6263532','18','',''),
('625290951531123','12:13:00','12:13:00','6263533','19','',''),
('625290951531123','12:15:00','12:15:00','6263534','20','',''),
('625290951531123','12:17:00','12:17:00','6263535','21','',''),
('725290931531123','12:25:00','12:25:00','6263515','1','',''),
('725290931531123','12:26:00','12:26:00','6263516','2','',''),
('725290931531123','12:26:00','12:26:00','6263517','3','',''),
('725290931531123','12:28:00','12:28:00','6263518','4','',''),
('725290931531123','12:31:00','12:31:00','6263519','5','',''),
('725290931531123','12:33:00','12:33:00','6263520','6','',''),
('725290931531123','12:34:00','12:34:00','6263521','7','',''),
('725290931531123','12:36:00','12:36:00','6263522','8','',''),
('725290931531123','12:38:00','12:38:00','6263523','9','',''),
('725290931531123','12:39:00','12:39:00','6263524','10','',''),
('725290931531123','12:40:00','12:40:00','6263525','11','',''),
('725290931531123','12:41:00','12:41:00','6263526','12','',''),
('725290931531123','12:42:00','12:42:00','6263527','13','',''),
('725290931531123','12:43:00','12:43:00','6263528','14','',''),
('725290931531123','12:45:00','12:45:00','6263529','15','',''),
('725290931531123','12:47:00','12:47:00','6263530','16','',''),
('725290931531123','12:50:00','12:50:00','6263531','17','',''),
('725290931531123','12:51:00','12:51:00','6263532','18','',''),
('725290931531123','12:53:00','12:53:00','6263533','19','',''),
('725290931531123','12:55:00','12:55:00','6263534','20','',''),
('725290931531123','12:57:00','12:57:00','6263535','21','',''),
('725290941531123','11:40:00','11:40:00','6263515','1','',''),
('725290941531123','11:41:00','11:41:00','6263516','2','',''),
('725290941531123','11:41:00','11:41:00','6263517','3','',''),
('725290941531123','11:43:00','11:43:00','6263518','4','',''),
('725290941531123','11:46:00','11:46:00','6263519','5','',''),
('725290941531123','11:48:00','11:48:00','6263520','6','',''),
('725290941531123','11:50:00','11:50:00','6263521','7','',''),
('725290941531123','11:53:00','11:53:00','6263522','8','',''),
('725290941531123','11:55:00','11:55:00','6263523','9','',''),
('725290941531123','11:57:00','11:57:00','6263524','10','',''),
('725290941531123','11:58:00','11:58:00','6263525','11','',''),
('725290941531123','11:59:00','11:59:00','6263526','12','',''),
('725290941531123','12:00:00','12:00:00','6263527','13','',''),
('725290941531123','12:02:00','12:02:00','6263528','14','',''),
('725290941531123','12:03:00','12:03:00','6263529','15','',''),
('725290941531123','12:06:00','12:06:00','6263530','16','',''),
('725290941531123','12:08:00','12:08:00','6263531','17','',''),
('725290941531123','12:09:00','12:09:00','6263532','18','',''),
('725290941531123','12:11:00','12:11:00','6263533','19','',''),
('725290941531123','12:13:00','12:13:00','6263534','20','',''),
('725290941531123','12:15:00','12:15:00','6263535','21','',''),
('725290951531123','12:25:00','12:25:00','6263515','1','',''),
('725290951531123','12:26:00','12:26:00','6263516','2','',''),
('725290951531123','12:26:00','12:26:00','6263517','3','',''),
('725290951531123','12:28:00','12:28:00','6263518','4','',''),
('725290951531123','12:31:00','12:31:00','6263519','5','',''),
('725290951531123','12:33:00','12:33:00','6263520','6','',''),
('725290951531123','12:34:00','12:34:00','6263521','7','',''),
('725290951531123','12:36:00','12:36:00','6263522','8','',''),
('725290951531123','12:38:00','12:38:00','6263523','9','',''),
('725290951531123','12:39:00','12:39:00','6263524','10','',''),
('725290951531123','12:40:00','12:40:00','6263525','11','',''),
('725290951531123','12:41:00','12:41:00','6263526','12','',''),
('725290951531123','12:42:00','12:42:00','6263527','13','',''),
('725290951531123','12:43:00','12:43:00','6263528','14','',''),
('725290951531123','12:45:00','12:45:00','6263529','15','',''),
('725290951531123','12:47:00','12:47:00','6263530','16','',''),
('725290951531123','12:50:00','12:50:00','6263531','17','',''),
('725290951531123','12:51:00','12:51:00','6263532','18','',''),
('725290951531123','12:53:00','12:53:00','6263533','19','',''),
('725290951531123','12:55:00','12:55:00','6263534','20','',''),
('725290951531123','12:57:00','12:57:00','6263535','21','',''),
('825290931531123','13:05:00','13:05:00','6263515','1','',''),
('825290931531123','13:06:00','13:06:00','6263516','2','',''),
('825290931531123','13:06:00','13:06:00','6263517','3','',''),
('825290931531123','13:08:00','13:08:00','6263518','4','',''),
('825290931531123','13:11:00','13:11:00','6263519','5','',''),
('825290931531123','13:13:00','13:13:00','6263520','6','',''),
('825290931531123','13:14:00','13:14:00','6263521','7','',''),
('825290931531123','13:16:00','13:16:00','6263522','8','',''),
('825290931531123','13:18:00','13:18:00','6263523','9','',''),
('825290931531123','13:19:00','13:19:00','6263524','10','',''),
('825290931531123','13:20:00','13:20:00','6263525','11','',''),
('825290931531123','13:21:00','13:21:00','6263526','12','',''),
('825290931531123','13:22:00','13:22:00','6263527','13','',''),
('825290931531123','13:23:00','13:23:00','6263528','14','',''),
('825290931531123','13:25:00','13:25:00','6263529','15','',''),
('825290931531123','13:27:00','13:27:00','6263530','16','',''),
('825290931531123','13:30:00','13:30:00','6263531','17','',''),
('825290931531123','13:31:00','13:31:00','6263532','18','',''),
('825290931531123','13:33:00','13:33:00','6263533','19','',''),
('825290931531123','13:35:00','13:35:00','6263534','20','',''),
('825290931531123','13:37:00','13:37:00','6263535','21','',''),
('825290941531123','12:20:00','12:20:00','6263515','1','',''),
('825290941531123','12:21:00','12:21:00','6263516','2','',''),
('825290941531123','12:21:00','12:21:00','6263517','3','',''),
('825290941531123','12:23:00','12:23:00','6263518','4','',''),
('825290941531123','12:26:00','12:26:00','6263519','5','',''),
('825290941531123','12:28:00','12:28:00','6263520','6','',''),
('825290941531123','12:30:00','12:30:00','6263521','7','',''),
('825290941531123','12:33:00','12:33:00','6263522','8','',''),
('825290941531123','12:35:00','12:35:00','6263523','9','',''),
('825290941531123','12:37:00','12:37:00','6263524','10','',''),
('825290941531123','12:38:00','12:38:00','6263525','11','',''),
('825290941531123','12:39:00','12:39:00','6263526','12','',''),
('825290941531123','12:40:00','12:40:00','6263527','13','',''),
('825290941531123','12:42:00','12:42:00','6263528','14','',''),
('825290941531123','12:43:00','12:43:00','6263529','15','',''),
('825290941531123','12:46:00','12:46:00','6263530','16','',''),
('825290941531123','12:48:00','12:48:00','6263531','17','',''),
('825290941531123','12:49:00','12:49:00','6263532','18','',''),
('825290941531123','12:51:00','12:51:00','6263533','19','',''),
('825290941531123','12:53:00','12:53:00','6263534','20','',''),
('825290941531123','12:55:00','12:55:00','6263535','21','',''),
('825290951531123','13:05:00','13:05:00','6263515','1','',''),
('825290951531123','13:06:00','13:06:00','6263516','2','',''),
('825290951531123','13:06:00','13:06:00','6263517','3','',''),
('825290951531123','13:08:00','13:08:00','6263518','4','',''),
('825290951531123','13:11:00','13:11:00','6263519','5','',''),
('825290951531123','13:13:00','13:13:00','6263520','6','',''),
('825290951531123','13:14:00','13:14:00','6263521','7','',''),
('825290951531123','13:16:00','13:16:00','6263522','8','',''),
('825290951531123','13:18:00','13:18:00','6263523','9','',''),
('825290951531123','13:19:00','13:19:00','6263524','10','',''),
('825290951531123','13:20:00','13:20:00','6263525','11','',''),
('825290951531123','13:21:00','13:21:00','6263526','12','',''),
('825290951531123','13:22:00','13:22:00','6263527','13','',''),
('825290951531123','13:23:00','13:23:00','6263528','14','',''),
('825290951531123','13:25:00','13:25:00','6263529','15','',''),
('825290951531123','13:27:00','13:27:00','6263530','16','',''),
('825290951531123','13:30:00','13:30:00','6263531','17','',''),
('825290951531123','13:31:00','13:31:00','6263532','18','',''),
('825290951531123','13:33:00','13:33:00','6263533','19','',''),
('825290951531123','13:35:00','13:35:00','6263534','20','',''),
('825290951531123','13:37:00','13:37:00','6263535','21','',''),
('925290941531123','13:00:00','13:00:00','6263515','1','',''),
('925290941531123','13:01:00','13:01:00','6263516','2','',''),
('925290941531123','13:01:00','13:01:00','6263517','3','',''),
('925290941531123','13:03:00','13:03:00','6263518','4','',''),
('925290941531123','13:06:00','13:06:00','6263519','5','',''),
('925290941531123','13:08:00','13:08:00','6263520','6','',''),
('925290941531123','13:10:00','13:10:00','6263521','7','',''),
('925290941531123','13:13:00','13:13:00','6263522','8','',''),
('925290941531123','13:15:00','13:15:00','6263523','9','',''),
('925290941531123','13:17:00','13:17:00','6263524','10','',''),
('925290941531123','13:18:00','13:18:00','6263525','11','',''),
('925290941531123','13:19:00','13:19:00','6263526','12','',''),
('925290941531123','13:20:00','13:20:00','6263527','13','',''),
('925290941531123','13:22:00','13:22:00','6263528','14','',''),
('925290941531123','13:23:00','13:23:00','6263529','15','',''),
('925290941531123','13:26:00','13:26:00','6263530','16','',''),
('925290941531123','13:28:00','13:28:00','6263531','17','',''),
('925290941531123','13:29:00','13:29:00','6263532','18','',''),
('925290941531123','13:31:00','13:31:00','6263533','19','',''),
('925290941531123','13:33:00','13:33:00','6263534','20','',''),
('925290941531123','13:35:00','13:35:00','6263535','21','',''),
('925290951531123','13:45:00','13:45:00','6263515','1','',''),
('925290951531123','13:46:00','13:46:00','6263516','2','',''),
('925290951531123','13:46:00','13:46:00','6263517','3','',''),
('925290951531123','13:48:00','13:48:00','6263518','4','',''),
('925290951531123','13:51:00','13:51:00','6263519','5','',''),
('925290951531123','13:53:00','13:53:00','6263520','6','',''),
('925290951531123','13:54:00','13:54:00','6263521','7','',''),
('925290951531123','13:56:00','13:56:00','6263522','8','',''),
('925290951531123','13:58:00','13:58:00','6263523','9','',''),
('925290951531123','13:59:00','13:59:00','6263524','10','',''),
('925290951531123','14:00:00','14:00:00','6263525','11','',''),
('925290951531123','14:01:00','14:01:00','6263526','12','',''),
('925290951531123','14:02:00','14:02:00','6263527','13','',''),
('925290951531123','14:03:00','14:03:00','6263528','14','',''),
('925290951531123','14:05:00','14:05:00','6263529','15','',''),
('925290951531123','14:07:00','14:07:00','6263530','16','',''),
('925290951531123','14:10:00','14:10:00','6263531','17','',''),
('925290951531123','14:11:00','14:11:00','6263532','18','',''),
('925290951531123','14:13:00','14:13:00','6263533','19','',''),
('925290951531123','14:15:00','14:15:00','6263534','20','',''),
('925290951531123','14:17:00','14:17:00','6263535','21','','');
INSERT INTO calendar (service_id,monday,tuesday,wednesday,thursday,friday,saturday,sunday,start_date,end_date) VALUES
('2529094','0','0','0','0','0','0','0','20171221','20180619'),
('2529095','0','0','0','0','0','0','0','20171223','20180616'),
('2529093','0','0','0','0','0','0','0','20171224','20180617');
INSERT INTO calendar_dates (service_id,date,exception_type) VALUES
('2529094','20171221','1'),
('2529094','20171222','1'),
('2529094','20171226','1'),
('2529094','20171227','1'),
('2529094','20171228','1'),
('2529094','20171229','1'),
('2529094','20180102','1'),
('2529094','20180103','1'),
('2529094','20180104','1'),
('2529094','20180105','1'),
('2529094','20180108','1'),
('2529094','20180109','1'),
('2529094','20180110','1'),
('2529094','20180111','1'),
('2529094','20180112','1'),
('2529094','20180115','1'),
('2529094','20180116','1'),
('2529094','20180117','1'),
('2529094','20180118','1'),
('2529094','20180119','1'),
('2529094','20180122','1'),
('2529094','20180123','1'),
('2529094','20180124','1'),
('2529094','20180125','1'),
('2529094','20180126','1'),
('2529094','20180129','1'),
('2529094','20180130','1'),
('2529094','20180131','1'),
('2529094','20180201','1'),
('2529094','20180202','1'),
('2529094','20180205','1'),
('2529094','20180206','1'),
('2529094','20180207','1'),
('2529094','20180208','1'),
('2529094','20180209','1'),
('2529094','20180212','1'),
('2529094','20180213','1'),
('2529094','20180214','1'),
('2529094','20180215','1'),
('2529094','20180216','1'),
('2529094','20180219','1'),
('2529094','20180220','1'),
('2529094','20180221','1'),
('2529094','20180222','1'),
('2529094','20180223','1'),
('2529094','20180226','1'),
('2529094','20180227','1'),
('2529094','20180228','1'),
('2529094','20180301','1'),
('2529094','20180302','1'),
('2529094','20180305','1'),
('2529094','20180306','1'),
('2529094','20180307','1'),
('2529094','20180308','1'),
('2529094','20180309','1'),
('2529094','20180312','1'),
('2529094','20180313','1'),
('2529094','20180314','1'),
('2529094','20180315','1'),
('2529094','20180316','1'),
('2529094','20180319','1'),
('2529094','20180320','1'),
('2529094','20180321','1'),
('2529094','20180322','1'),
('2529094','20180323','1'),
('2529094','20180326','1'),
('2529094','20180327','1'),
('2529094','20180328','1'),
('2529094','20180329','1'),
('2529094','20180330','1'),
('2529094','20180403','1'),
('2529094','20180404','1'),
('2529094','20180405','1'),
('2529094','20180406','1'),
('2529094','20180409','1'),
('2529094','20180410','1'),
('2529094','20180411','1'),
('2529094','20180412','1'),
('2529094','20180413','1'),
('2529094','20180416','1'),
('2529094','20180417','1'),
('2529094','20180418','1'),
('2529094','20180419','1'),
('2529094','20180420','1'),
('2529094','20180423','1'),
('2529094','20180424','1'),
('2529094','20180425','1'),
('2529094','20180426','1'),
('2529094','20180427','1'),
('2529094','20180430','1'),
('2529094','20180502','1'),
('2529094','20180503','1'),
('2529094','20180504','1'),
('2529094','20180507','1'),
('2529094','20180509','1'),
('2529094','20180511','1'),
('2529094','20180514','1'),
('2529094','20180515','1'),
('2529094','20180516','1'),
('2529094','20180517','1'),
('2529094','20180518','1'),
('2529094','20180522','1'),
('2529094','20180523','1'),
('2529094','20180524','1'),
('2529094','20180525','1'),
('2529094','20180528','1'),
('2529094','20180529','1'),
('2529094','20180530','1'),
('2529094','20180531','1'),
('2529094','20180601','1'),
('2529094','20180604','1'),
('2529094','20180605','1'),
('2529094','20180606','1'),
('2529094','20180607','1'),
('2529094','20180608','1'),
('2529094','20180611','1'),
('2529094','20180612','1'),
('2529094','20180613','1'),
('2529094','20180614','1'),
('2529094','20180615','1'),
('2529094','20180618','1'),
('2529094','20180619','1'),
('2529095','20171223','1'),
('2529095','20171230','1'),
('2529095','20180106','1'),
('2529095','20180113','1'),
('2529095','20180120','1'),
('2529095','20180127','1'),
('2529095','20180203','1'),
('2529095','20180210','1'),
('2529095','20180217','1'),
('2529095','20180224','1'),
('2529095','20180303','1'),
('2529095','20180310','1'),
('2529095','20180317','1'),
('2529095','20180324','1'),
('2529095','20180331','1'),
('2529095','20180407','1'),
('2529095','20180414','1'),
('2529095','20180421','1'),
('2529095','20180428','1'),
('2529095','20180505','1'),
('2529095','20180512','1'),
('2529095','20180519','1'),
('2529095','20180526','1'),
('2529095','20180602','1'),
('2529095','20180609','1'),
('2529095','20180616','1'),
('2529093','20171224','1'),
('2529093','20171231','1'),
('2529093','20180107','1'),
('2529093','20180114','1'),
('2529093','20180121','1'),
('2529093','20180128','1'),
('2529093','20180204','1'),
('2529093','20180211','1'),
('2529093','20180218','1'),
('2529093','20180225','1'),
('2529093','20180304','1'),
('2529093','20180311','1'),
('2529093','20180318','1'),
('2529093','20180325','1'),
('2529093','20180401','1'),
('2529093','20180408','1'),
('2529093','20180415','1'),
('2529093','20180422','1'),
('2529093','20180429','1'),
('2529093','20180506','1'),
('2529093','20180513','1'),
('2529093','20180520','1'),
('2529093','20180527','1'),
('2529093','20180603','1'),
('2529093','20180610','1'),
('2529093','20180617','1');
INSERT INTO routes (route_id,agency_id,route_short_name,route_long_name,route_desc,route_type,route_url,route_color,route_text_color) VALUES
('1672491','100','526','MONTBUS (CIRCULAIRE CHATILLON <-> CHATILLON METRO) - Aller','','3','','FFFFFF','000000');
INSERT INTO agency (agency_id,agency_name,agency_url,agency_timezone,agency_lang,agency_phone) VALUES
('100','RATP (100)','http://www.ratp.fr/','CET','','');
INSERT INTO trips (route_id,service_id,trip_id,trip_headsign,trip_short_name,direction_id,shape_id) VALUES
('1672491','2529094','1025290941531123','','10','0',''),
('1672491','2529095','1025290951531123','','10','0',''),
('1672491','2529094','1125290941531123','','11','0',''),
('1672491','2529095','1125290951531123','','11','0',''),
('1672491','2529094','1225290941531123','','12','0',''),
('1672491','2529095','1225290951531123','','12','0',''),
('1672491','2529093','125290931531123','','1','0',''),
('1672491','2529094','125290941531123','','1','0',''),
('1672491','2529095','125290951531123','','1','0',''),
('1672491','2529094','1325290941531123','','13','0',''),
('1672491','2529095','1325290951531123','','13','0',''),
('1672491','2529094','1425290941531123','','14','0',''),
('1672491','2529095','1425290951531123','','14','0',''),
('1672491','2529094','1525290941531123','','15','0',''),
('1672491','2529095','1525290951531123','','15','0',''),
('1672491','2529094','1625290941531123','','16','0',''),
('1672491','2529095','1625290951531123','','16','0',''),
('1672491','2529094','1725290941531123','','17','0',''),
('1672491','2529095','1725290951531123','','17','0',''),
('1672491','2529094','1825290941531123','','18','0',''),
('1672491','2529093','225290931531123','','2','0',''),
('1672491','2529094','225290941531123','','2','0',''),
('1672491','2529095','225290951531123','','2','0',''),
('1672491','2529093','325290931531123','','3','0',''),
('1672491','2529094','325290941531123','','3','0',''),
('1672491','2529095','325290951531123','','3','0',''),
('1672491','2529093','425290931531123','','4','0',''),
('1672491','2529094','425290941531123','','4','0',''),
('1672491','2529095','425290951531123','','4','0',''),
('1672491','2529093','525290931531123','','5','0',''),
('1672491','2529094','525290941531123','','5','0',''),
('1672491','2529095','525290951531123','','5','0',''),
('1672491','2529093','625290931531123','','6','0',''),
('1672491','2529094','625290941531123','','6','0',''),
('1672491','2529095','625290951531123','','6','0',''),
('1672491','2529093','725290931531123','','7','0',''),
('1672491','2529094','725290941531123','','7','0',''),
('1672491','2529095','725290951531123','','7','0',''),
('1672491','2529093','825290931531123','','8','0',''),
('1672491','2529094','825290941531123','','8','0',''),
('1672491','2529095','825290951531123','','8','0',''),
('1672491','2529094','925290941531123','','9','0',''),
('1672491','2529095','925290951531123','','9','0','');
INSERT INTO transfers (from_stop_id,to_stop_id,transfer_type,min_transfer_time) VALUES
('6263516','5138060','2','94'),
('6263519','5161413','2','48'),
('6263522','4889624','2','142'),
('6263515','5121773','2','77'),
('4036895','6263520','2','72'),
('6263516','5138214','2','94'),
('3730332','6263522','2','142'),
('6263516','5138215','2','94'),
('6263532','5138058','2','35'),
('4028973','6263519','2','195'),
('6263535','5138060','2','8'),
('6263529','5161450','2','22'),
('6263522','4472974','2','142'),
('6263528','3442547','2','73'),
('6263535','5121773','2','70'),
('6263535','5138214','2','8'),
('6263535','5138215','2','8'),
('6263535','5138216','2','98'),
('6263515','5138216','2','94'),
('6263519','5138206','2','15'),
('6263519','5138207','2','48'),
('6263529','5138218','2','22'),
('6263521','3781626','2','59'),
('6263521','3781627','2','59'),
('6263525','5161414','2','136'),
('6263531','5138057','2','9'),
('6263528','5138207','2','100'),
('6263531','5138210','2','113'),
('6263528','5138206','2','73'),
('6263529','3442596','2','22'),
('6263531','5138209','2','9'),
('4036897','6263522','2','142'),
('6263518','5138209','2','104'),
('6263519','5138055','2','15'),
('4028974','6263519','2','195'),
('6263522','4890500','2','142'),
('6263520','3763976','2','69'),
('6263520','3763977','2','72'),
('6263520','4889621','2','69'),
('6263520','4889622','2','72'),
('4473645','6263533','2','130'),
('4473645','6263534','2','100'),
('4036894','6263520','2','69'),
('6263520','4890601','2','69'),
('6263528','5138055','2','73'),
('6263520','4890497','2','69'),
('6263519','3442547','2','15'),
('6263519','3442548','2','48'),
('6263520','4890498','2','72'),
('3730330','6263520','2','72'),
('6263520','4472977','2','69'),
('4028974','6263528','2','224'),
('6263520','3781624','2','66'),
('6263520','4472976','2','72'),
('6263518','5138057','2','104'),
('6263520','4770162','2','69'),
('6263520','3781625','2','72'),
('6263520','4770161','2','72'),
('6263522','3763979','2','142'),
('3730329','6263520','2','69'),
('6263532','5138211','2','35'),
('4473578','6263534','2','100'),
('4473578','6263533','2','130'),
('6263528','3442548','2','100'),
('6263522','4770159','2','142'),
('4028973','6263528','2','224'),
('6263526','5161414','2','50'),
('6263528','5161413','2','100');
INSERT INTO stops (stop_id,stop_code,stop_name,stop_desc,stop_lat,stop_lon,location_type,parent_station) VALUES
('6263521','','BARBES','2 RUE DE LA VANNE - 92049','48.81677763671235','2.3286261612661994','0',''),
('6263520','','AMAURY DUVAL','13 BIS RUE GABRIEL PERI - 92049','48.817487361568716','2.325128315165594','0',''),
('6263535','','CHATILLON - MONTROUGE-METRO.','AVENUE MARX DORMOY - 92049','48.811075310815895','2.304853659516757','0',''),
('6263523','','MAURICE GENEVOIX','12 R D''ARCUEIL - 92049','48.811159911976766','2.3243541268192933','0',''),
('6263522','','VANNE','60-62 RUE DE LA VANNE - 92049','48.812517373490024','2.3276334462487474','0',''),
('6263533','','GEORGES MESSIER','R MOLIERE - 92049','48.8110685820195','2.314624319015746','0',''),
('6263516','','JEAN MONNET','AVENUE JEAN JAURES - 92049','48.811937937061636','2.304131876817707','0',''),
('6263525','','BUFFALO','21 RUE VICTOR BASCH - 92049','48.812930078609604','2.320924309083808','0',''),
('6263534','','CIMETIERE DE BAGNEUX','136 AVENUE MARX DORMOY - 92049','48.81042088531417','2.311766924485946','0',''),
('6263515','','CHATILLON - MONTROUGE-METRO','AVENUE MARX DORMOY - 92049','48.81107527740939','2.3047311861238904','0',''),
('6263524','','JULES FERRY','30 RUE CARVES - 92049','48.81231016664689','2.32280247430481','0',''),
('6263531','','JEAN JAURES.','FACE 105 RUE MAURICE ARNOUX - 92049','48.814932515948236','2.310757630946456','0',''),
('6263527','','VERDIER - REPUBLIQUE','77 AVENUE DE LA REPUBLIQUE - 92049','48.81551808357888','2.317834179108738','0',''),
('6263532','','MOLIERE','134 R MAURICE ARNOUX - 92049','48.81279314496729','2.309493122429226','0',''),
('6263526','','VERDIER','AVENUE VERDIER - 92049','48.81470054114749','2.3200527693386084','0',''),
('6263529','','CIMETIERE DE MONTROUGE','0 AVENUE DE LA PORTE DE MONTROUGE - 75114','48.82089320787646','2.320989857528792','0',''),
('6263530','','PLACE DES ETATS-UNIS','12 PLACE DES ETATS-UNIS - 92049','48.81765688139819','2.316186583239746','0',''),
('6263528','','MAIRIE DE MONTROUGE-METRO','51 AVENUE DE LA REPUBLIQUE - 92049','48.81792702774202','2.3193303726757635','0',''),
('6263519','','SAINT-JACQUES','RUE GABRIEL PERI - 92049','48.81836752019113','2.319969893778599','0',''),
('6263518','','JEAN JAURES','28-30 PLACE JEAN JAURES - 92049','48.815930333000836','2.311573687396447','0',''),
('6263517','','JULES GUESDE','FACE 118 AVENUE JEAN JAURES - 92049','48.813169841441436','2.306294875082923','0','');
