INSERT INTO stop_times (trip_id,arrival_time,departure_time,stop_id,stop_sequence,stop_headsign,shape_dist_traveled) VALUES
('1025291211450414','11:30:00','11:30:00','6000768','1','',''),
('1025291211450414','11:31:00','11:31:00','5315272','2','',''),
('1025291211450414','11:33:00','11:33:00','5315274','3','',''),
('1025291211450414','11:34:00','11:34:00','5315276','4','',''),
('1025291211450414','11:35:00','11:35:00','6756019','5','',''),
('1025291211450414','11:35:00','11:35:00','5315278','6','',''),
('1025291211450414','11:36:00','11:36:00','5315280','7','',''),
('1025291211450414','11:37:00','11:37:00','5315282','8','',''),
('1025291211450414','11:38:00','11:38:00','5315283','9','',''),
('1025291211450414','11:39:00','11:39:00','5315284','10','',''),
('1025291211450414','11:40:00','11:40:00','5315286','11','',''),
('1025291211450414','11:42:00','11:42:00','5315288','12','',''),
('1025291211450414','11:43:00','11:43:00','5315290','13','',''),
('1025291211450414','11:45:00','11:45:00','5315292','14','',''),
('1025291211450414','11:46:00','11:46:00','5315294','15','',''),
('1025291211450414','11:47:00','11:47:00','5315296','16','',''),
('1025291211450414','11:47:00','11:47:00','5315298','17','',''),
('1025291211450414','11:49:00','11:49:00','5315300','18','',''),
('1025291211450414','11:50:00','11:50:00','5315302','19','',''),
('1025291221450414','16:00:00','16:00:00','6000768','1','',''),
('1025291221450414','16:01:00','16:01:00','5315272','2','',''),
('1025291221450414','16:03:00','16:03:00','5315274','3','',''),
('1025291221450414','16:04:00','16:04:00','5315276','4','',''),
('1025291221450414','16:05:00','16:05:00','6756019','5','',''),
('1025291221450414','16:05:00','16:05:00','5315278','6','',''),
('1025291221450414','16:06:00','16:06:00','5315280','7','',''),
('1025291221450414','16:07:00','16:07:00','5315282','8','',''),
('1025291221450414','16:08:00','16:08:00','5315283','9','',''),
('1025291221450414','16:09:00','16:09:00','5315284','10','',''),
('1025291221450414','16:10:00','16:10:00','5315286','11','',''),
('1025291221450414','16:12:00','16:12:00','5315288','12','',''),
('1025291221450414','16:13:00','16:13:00','5315290','13','',''),
('1025291221450414','16:15:00','16:15:00','5315292','14','',''),
('1025291221450414','16:16:00','16:16:00','5315294','15','',''),
('1025291221450414','16:17:00','16:17:00','5315296','16','',''),
('1025291221450414','16:17:00','16:17:00','5315298','17','',''),
('1025291221450414','16:19:00','16:19:00','5315300','18','',''),
('1025291221450414','16:20:00','16:20:00','5315302','19','',''),
('1125291211450414','12:00:00','12:00:00','6000768','1','',''),
('1125291211450414','12:01:00','12:01:00','5315272','2','',''),
('1125291211450414','12:03:00','12:03:00','5315274','3','',''),
('1125291211450414','12:04:00','12:04:00','5315276','4','',''),
('1125291211450414','12:05:00','12:05:00','6756019','5','',''),
('1125291211450414','12:05:00','12:05:00','5315278','6','',''),
('1125291211450414','12:06:00','12:06:00','5315280','7','',''),
('1125291211450414','12:07:00','12:07:00','5315282','8','',''),
('1125291211450414','12:08:00','12:08:00','5315283','9','',''),
('1125291211450414','12:09:00','12:09:00','5315284','10','',''),
('1125291211450414','12:10:00','12:10:00','5315286','11','',''),
('1125291211450414','12:12:00','12:12:00','5315288','12','',''),
('1125291211450414','12:13:00','12:13:00','5315290','13','',''),
('1125291211450414','12:15:00','12:15:00','5315292','14','',''),
('1125291211450414','12:16:00','12:16:00','5315294','15','',''),
('1125291211450414','12:17:00','12:17:00','5315296','16','',''),
('1125291211450414','12:17:00','12:17:00','5315298','17','',''),
('1125291211450414','12:19:00','12:19:00','5315300','18','',''),
('1125291211450414','12:20:00','12:20:00','5315302','19','',''),
('1125291221450414','17:00:00','17:00:00','6000768','1','',''),
('1125291221450414','17:01:00','17:01:00','5315272','2','',''),
('1125291221450414','17:03:00','17:03:00','5315274','3','',''),
('1125291221450414','17:04:00','17:04:00','5315276','4','',''),
('1125291221450414','17:05:00','17:05:00','6756019','5','',''),
('1125291221450414','17:05:00','17:05:00','5315278','6','',''),
('1125291221450414','17:06:00','17:06:00','5315280','7','',''),
('1125291221450414','17:07:00','17:07:00','5315282','8','',''),
('1125291221450414','17:08:00','17:08:00','5315283','9','',''),
('1125291221450414','17:09:00','17:09:00','5315284','10','',''),
('1125291221450414','17:10:00','17:10:00','5315286','11','',''),
('1125291221450414','17:12:00','17:12:00','5315288','12','',''),
('1125291221450414','17:13:00','17:13:00','5315290','13','',''),
('1125291221450414','17:15:00','17:15:00','5315292','14','',''),
('1125291221450414','17:16:00','17:16:00','5315294','15','',''),
('1125291221450414','17:17:00','17:17:00','5315296','16','',''),
('1125291221450414','17:17:00','17:17:00','5315298','17','',''),
('1125291221450414','17:19:00','17:19:00','5315300','18','',''),
('1125291221450414','17:20:00','17:20:00','5315302','19','',''),
('1225291211450414','12:30:00','12:30:00','6000768','1','',''),
('1225291211450414','12:31:00','12:31:00','5315272','2','',''),
('1225291211450414','12:33:00','12:33:00','5315274','3','',''),
('1225291211450414','12:34:00','12:34:00','5315276','4','',''),
('1225291211450414','12:35:00','12:35:00','6756019','5','',''),
('1225291211450414','12:35:00','12:35:00','5315278','6','',''),
('1225291211450414','12:36:00','12:36:00','5315280','7','',''),
('1225291211450414','12:37:00','12:37:00','5315282','8','',''),
('1225291211450414','12:38:00','12:38:00','5315283','9','',''),
('1225291211450414','12:39:00','12:39:00','5315284','10','',''),
('1225291211450414','12:40:00','12:40:00','5315286','11','',''),
('1225291211450414','12:42:00','12:42:00','5315288','12','',''),
('1225291211450414','12:43:00','12:43:00','5315290','13','',''),
('1225291211450414','12:45:00','12:45:00','5315292','14','',''),
('1225291211450414','12:46:00','12:46:00','5315294','15','',''),
('1225291211450414','12:47:00','12:47:00','5315296','16','',''),
('1225291211450414','12:47:00','12:47:00','5315298','17','',''),
('1225291211450414','12:49:00','12:49:00','5315300','18','',''),
('1225291211450414','12:50:00','12:50:00','5315302','19','',''),
('1225291221450414','18:00:00','18:00:00','6000768','1','',''),
('1225291221450414','18:01:00','18:01:00','5315272','2','',''),
('1225291221450414','18:03:00','18:03:00','5315274','3','',''),
('1225291221450414','18:04:00','18:04:00','5315276','4','',''),
('1225291221450414','18:05:00','18:05:00','6756019','5','',''),
('1225291221450414','18:05:00','18:05:00','5315278','6','',''),
('1225291221450414','18:06:00','18:06:00','5315280','7','',''),
('1225291221450414','18:07:00','18:07:00','5315282','8','',''),
('1225291221450414','18:08:00','18:08:00','5315283','9','',''),
('1225291221450414','18:09:00','18:09:00','5315284','10','',''),
('1225291221450414','18:10:00','18:10:00','5315286','11','',''),
('1225291221450414','18:12:00','18:12:00','5315288','12','',''),
('1225291221450414','18:13:00','18:13:00','5315290','13','',''),
('1225291221450414','18:15:00','18:15:00','5315292','14','',''),
('1225291221450414','18:16:00','18:16:00','5315294','15','',''),
('1225291221450414','18:17:00','18:17:00','5315296','16','',''),
('1225291221450414','18:17:00','18:17:00','5315298','17','',''),
('1225291221450414','18:19:00','18:19:00','5315300','18','',''),
('1225291221450414','18:20:00','18:20:00','5315302','19','',''),
('125291211450414','07:00:00','07:00:00','6000768','1','',''),
('125291211450414','07:01:00','07:01:00','5315272','2','',''),
('125291211450414','07:03:00','07:03:00','5315274','3','',''),
('125291211450414','07:04:00','07:04:00','5315276','4','',''),
('125291211450414','07:05:00','07:05:00','6756019','5','',''),
('125291211450414','07:05:00','07:05:00','5315278','6','',''),
('125291211450414','07:06:00','07:06:00','5315280','7','',''),
('125291211450414','07:07:00','07:07:00','5315282','8','',''),
('125291211450414','07:08:00','07:08:00','5315283','9','',''),
('125291211450414','07:09:00','07:09:00','5315284','10','',''),
('125291211450414','07:10:00','07:10:00','5315286','11','',''),
('125291211450414','07:12:00','07:12:00','5315288','12','',''),
('125291211450414','07:13:00','07:13:00','5315290','13','',''),
('125291211450414','07:15:00','07:15:00','5315292','14','',''),
('125291211450414','07:16:00','07:16:00','5315294','15','',''),
('125291211450414','07:17:00','07:17:00','5315296','16','',''),
('125291211450414','07:17:00','07:17:00','5315298','17','',''),
('125291211450414','07:19:00','07:19:00','5315300','18','',''),
('125291211450414','07:20:00','07:20:00','5315302','19','',''),
('125291221450414','07:00:00','07:00:00','6000768','1','',''),
('125291221450414','07:01:00','07:01:00','5315272','2','',''),
('125291221450414','07:03:00','07:03:00','5315274','3','',''),
('125291221450414','07:04:00','07:04:00','5315276','4','',''),
('125291221450414','07:05:00','07:05:00','6756019','5','',''),
('125291221450414','07:05:00','07:05:00','5315278','6','',''),
('125291221450414','07:06:00','07:06:00','5315280','7','',''),
('125291221450414','07:07:00','07:07:00','5315282','8','',''),
('125291221450414','07:08:00','07:08:00','5315283','9','',''),
('125291221450414','07:09:00','07:09:00','5315284','10','',''),
('125291221450414','07:10:00','07:10:00','5315286','11','',''),
('125291221450414','07:12:00','07:12:00','5315288','12','',''),
('125291221450414','07:13:00','07:13:00','5315290','13','',''),
('125291221450414','07:15:00','07:15:00','5315292','14','',''),
('125291221450414','07:16:00','07:16:00','5315294','15','',''),
('125291221450414','07:17:00','07:17:00','5315296','16','',''),
('125291221450414','07:17:00','07:17:00','5315298','17','',''),
('125291221450414','07:19:00','07:19:00','5315300','18','',''),
('125291221450414','07:20:00','07:20:00','5315302','19','',''),
('1325291211450414','13:00:00','13:00:00','6000768','1','',''),
('1325291211450414','13:01:00','13:01:00','5315272','2','',''),
('1325291211450414','13:03:00','13:03:00','5315274','3','',''),
('1325291211450414','13:04:00','13:04:00','5315276','4','',''),
('1325291211450414','13:05:00','13:05:00','6756019','5','',''),
('1325291211450414','13:05:00','13:05:00','5315278','6','',''),
('1325291211450414','13:06:00','13:06:00','5315280','7','',''),
('1325291211450414','13:07:00','13:07:00','5315282','8','',''),
('1325291211450414','13:08:00','13:08:00','5315283','9','',''),
('1325291211450414','13:09:00','13:09:00','5315284','10','',''),
('1325291211450414','13:10:00','13:10:00','5315286','11','',''),
('1325291211450414','13:12:00','13:12:00','5315288','12','',''),
('1325291211450414','13:13:00','13:13:00','5315290','13','',''),
('1325291211450414','13:15:00','13:15:00','5315292','14','',''),
('1325291211450414','13:16:00','13:16:00','5315294','15','',''),
('1325291211450414','13:17:00','13:17:00','5315296','16','',''),
('1325291211450414','13:17:00','13:17:00','5315298','17','',''),
('1325291211450414','13:19:00','13:19:00','5315300','18','',''),
('1325291211450414','13:20:00','13:20:00','5315302','19','',''),
('1325291221450414','19:00:00','19:00:00','6000768','1','',''),
('1325291221450414','19:01:00','19:01:00','5315272','2','',''),
('1325291221450414','19:03:00','19:03:00','5315274','3','',''),
('1325291221450414','19:04:00','19:04:00','5315276','4','',''),
('1325291221450414','19:05:00','19:05:00','6756019','5','',''),
('1325291221450414','19:05:00','19:05:00','5315278','6','',''),
('1325291221450414','19:06:00','19:06:00','5315280','7','',''),
('1325291221450414','19:07:00','19:07:00','5315282','8','',''),
('1325291221450414','19:08:00','19:08:00','5315283','9','',''),
('1325291221450414','19:09:00','19:09:00','5315284','10','',''),
('1325291221450414','19:10:00','19:10:00','5315286','11','',''),
('1325291221450414','19:12:00','19:12:00','5315288','12','',''),
('1325291221450414','19:13:00','19:13:00','5315290','13','',''),
('1325291221450414','19:15:00','19:15:00','5315292','14','',''),
('1325291221450414','19:16:00','19:16:00','5315294','15','',''),
('1325291221450414','19:17:00','19:17:00','5315296','16','',''),
('1325291221450414','19:17:00','19:17:00','5315298','17','',''),
('1325291221450414','19:19:00','19:19:00','5315300','18','',''),
('1325291221450414','19:20:00','19:20:00','5315302','19','',''),
('1425291211450414','13:30:00','13:30:00','6000768','1','',''),
('1425291211450414','13:31:00','13:31:00','5315272','2','',''),
('1425291211450414','13:33:00','13:33:00','5315274','3','',''),
('1425291211450414','13:34:00','13:34:00','5315276','4','',''),
('1425291211450414','13:35:00','13:35:00','6756019','5','',''),
('1425291211450414','13:35:00','13:35:00','5315278','6','',''),
('1425291211450414','13:36:00','13:36:00','5315280','7','',''),
('1425291211450414','13:37:00','13:37:00','5315282','8','',''),
('1425291211450414','13:38:00','13:38:00','5315283','9','',''),
('1425291211450414','13:39:00','13:39:00','5315284','10','',''),
('1425291211450414','13:40:00','13:40:00','5315286','11','',''),
('1425291211450414','13:42:00','13:42:00','5315288','12','',''),
('1425291211450414','13:43:00','13:43:00','5315290','13','',''),
('1425291211450414','13:45:00','13:45:00','5315292','14','',''),
('1425291211450414','13:46:00','13:46:00','5315294','15','',''),
('1425291211450414','13:47:00','13:47:00','5315296','16','',''),
('1425291211450414','13:47:00','13:47:00','5315298','17','',''),
('1425291211450414','13:49:00','13:49:00','5315300','18','',''),
('1425291211450414','13:50:00','13:50:00','5315302','19','',''),
('1525291211450414','14:00:00','14:00:00','6000768','1','',''),
('1525291211450414','14:01:00','14:01:00','5315272','2','',''),
('1525291211450414','14:03:00','14:03:00','5315274','3','',''),
('1525291211450414','14:04:00','14:04:00','5315276','4','',''),
('1525291211450414','14:05:00','14:05:00','6756019','5','',''),
('1525291211450414','14:05:00','14:05:00','5315278','6','',''),
('1525291211450414','14:06:00','14:06:00','5315280','7','',''),
('1525291211450414','14:07:00','14:07:00','5315282','8','',''),
('1525291211450414','14:08:00','14:08:00','5315283','9','',''),
('1525291211450414','14:09:00','14:09:00','5315284','10','',''),
('1525291211450414','14:10:00','14:10:00','5315286','11','',''),
('1525291211450414','14:12:00','14:12:00','5315288','12','',''),
('1525291211450414','14:13:00','14:13:00','5315290','13','',''),
('1525291211450414','14:15:00','14:15:00','5315292','14','',''),
('1525291211450414','14:16:00','14:16:00','5315294','15','',''),
('1525291211450414','14:17:00','14:17:00','5315296','16','',''),
('1525291211450414','14:17:00','14:17:00','5315298','17','',''),
('1525291211450414','14:19:00','14:19:00','5315300','18','',''),
('1525291211450414','14:20:00','14:20:00','5315302','19','',''),
('1625291211450414','14:30:00','14:30:00','6000768','1','',''),
('1625291211450414','14:31:00','14:31:00','5315272','2','',''),
('1625291211450414','14:33:00','14:33:00','5315274','3','',''),
('1625291211450414','14:34:00','14:34:00','5315276','4','',''),
('1625291211450414','14:35:00','14:35:00','6756019','5','',''),
('1625291211450414','14:35:00','14:35:00','5315278','6','',''),
('1625291211450414','14:36:00','14:36:00','5315280','7','',''),
('1625291211450414','14:37:00','14:37:00','5315282','8','',''),
('1625291211450414','14:38:00','14:38:00','5315283','9','',''),
('1625291211450414','14:39:00','14:39:00','5315284','10','',''),
('1625291211450414','14:40:00','14:40:00','5315286','11','',''),
('1625291211450414','14:42:00','14:42:00','5315288','12','',''),
('1625291211450414','14:43:00','14:43:00','5315290','13','',''),
('1625291211450414','14:45:00','14:45:00','5315292','14','',''),
('1625291211450414','14:46:00','14:46:00','5315294','15','',''),
('1625291211450414','14:47:00','14:47:00','5315296','16','',''),
('1625291211450414','14:47:00','14:47:00','5315298','17','',''),
('1625291211450414','14:49:00','14:49:00','5315300','18','',''),
('1625291211450414','14:50:00','14:50:00','5315302','19','',''),
('1725291211450414','15:00:00','15:00:00','6000768','1','',''),
('1725291211450414','15:01:00','15:01:00','5315272','2','',''),
('1725291211450414','15:03:00','15:03:00','5315274','3','',''),
('1725291211450414','15:04:00','15:04:00','5315276','4','',''),
('1725291211450414','15:05:00','15:05:00','6756019','5','',''),
('1725291211450414','15:05:00','15:05:00','5315278','6','',''),
('1725291211450414','15:06:00','15:06:00','5315280','7','',''),
('1725291211450414','15:07:00','15:07:00','5315282','8','',''),
('1725291211450414','15:08:00','15:08:00','5315283','9','',''),
('1725291211450414','15:09:00','15:09:00','5315284','10','',''),
('1725291211450414','15:10:00','15:10:00','5315286','11','',''),
('1725291211450414','15:12:00','15:12:00','5315288','12','',''),
('1725291211450414','15:13:00','15:13:00','5315290','13','',''),
('1725291211450414','15:15:00','15:15:00','5315292','14','',''),
('1725291211450414','15:16:00','15:16:00','5315294','15','',''),
('1725291211450414','15:17:00','15:17:00','5315296','16','',''),
('1725291211450414','15:17:00','15:17:00','5315298','17','',''),
('1725291211450414','15:19:00','15:19:00','5315300','18','',''),
('1725291211450414','15:20:00','15:20:00','5315302','19','',''),
('1825291211450414','15:30:00','15:30:00','6000768','1','',''),
('1825291211450414','15:31:00','15:31:00','5315272','2','',''),
('1825291211450414','15:33:00','15:33:00','5315274','3','',''),
('1825291211450414','15:34:00','15:34:00','5315276','4','',''),
('1825291211450414','15:35:00','15:35:00','6756019','5','',''),
('1825291211450414','15:35:00','15:35:00','5315278','6','',''),
('1825291211450414','15:36:00','15:36:00','5315280','7','',''),
('1825291211450414','15:37:00','15:37:00','5315282','8','',''),
('1825291211450414','15:38:00','15:38:00','5315283','9','',''),
('1825291211450414','15:39:00','15:39:00','5315284','10','',''),
('1825291211450414','15:40:00','15:40:00','5315286','11','',''),
('1825291211450414','15:42:00','15:42:00','5315288','12','',''),
('1825291211450414','15:43:00','15:43:00','5315290','13','',''),
('1825291211450414','15:45:00','15:45:00','5315292','14','',''),
('1825291211450414','15:46:00','15:46:00','5315294','15','',''),
('1825291211450414','15:47:00','15:47:00','5315296','16','',''),
('1825291211450414','15:47:00','15:47:00','5315298','17','',''),
('1825291211450414','15:49:00','15:49:00','5315300','18','',''),
('1825291211450414','15:50:00','15:50:00','5315302','19','',''),
('1925291211450414','16:00:00','16:00:00','6000768','1','',''),
('1925291211450414','16:01:00','16:01:00','5315272','2','',''),
('1925291211450414','16:03:00','16:03:00','5315274','3','',''),
('1925291211450414','16:04:00','16:04:00','5315276','4','',''),
('1925291211450414','16:05:00','16:05:00','6756019','5','',''),
('1925291211450414','16:05:00','16:05:00','5315278','6','',''),
('1925291211450414','16:06:00','16:06:00','5315280','7','',''),
('1925291211450414','16:07:00','16:07:00','5315282','8','',''),
('1925291211450414','16:08:00','16:08:00','5315283','9','',''),
('1925291211450414','16:09:00','16:09:00','5315284','10','',''),
('1925291211450414','16:10:00','16:10:00','5315286','11','',''),
('1925291211450414','16:12:00','16:12:00','5315288','12','',''),
('1925291211450414','16:13:00','16:13:00','5315290','13','',''),
('1925291211450414','16:15:00','16:15:00','5315292','14','',''),
('1925291211450414','16:16:00','16:16:00','5315294','15','',''),
('1925291211450414','16:17:00','16:17:00','5315296','16','',''),
('1925291211450414','16:17:00','16:17:00','5315298','17','',''),
('1925291211450414','16:19:00','16:19:00','5315300','18','',''),
('1925291211450414','16:20:00','16:20:00','5315302','19','',''),
('2025291211450414','16:30:00','16:30:00','6000768','1','',''),
('2025291211450414','16:31:00','16:31:00','5315272','2','',''),
('2025291211450414','16:33:00','16:33:00','5315274','3','',''),
('2025291211450414','16:34:00','16:34:00','5315276','4','',''),
('2025291211450414','16:35:00','16:35:00','6756019','5','',''),
('2025291211450414','16:35:00','16:35:00','5315278','6','',''),
('2025291211450414','16:36:00','16:36:00','5315280','7','',''),
('2025291211450414','16:37:00','16:37:00','5315282','8','',''),
('2025291211450414','16:38:00','16:38:00','5315283','9','',''),
('2025291211450414','16:39:00','16:39:00','5315284','10','',''),
('2025291211450414','16:40:00','16:40:00','5315286','11','',''),
('2025291211450414','16:42:00','16:42:00','5315288','12','',''),
('2025291211450414','16:43:00','16:43:00','5315290','13','',''),
('2025291211450414','16:45:00','16:45:00','5315292','14','',''),
('2025291211450414','16:46:00','16:46:00','5315294','15','',''),
('2025291211450414','16:47:00','16:47:00','5315296','16','',''),
('2025291211450414','16:47:00','16:47:00','5315298','17','',''),
('2025291211450414','16:49:00','16:49:00','5315300','18','',''),
('2025291211450414','16:50:00','16:50:00','5315302','19','',''),
('2125291211450414','17:00:00','17:00:00','6000768','1','',''),
('2125291211450414','17:01:00','17:01:00','5315272','2','',''),
('2125291211450414','17:03:00','17:03:00','5315274','3','',''),
('2125291211450414','17:04:00','17:04:00','5315276','4','',''),
('2125291211450414','17:05:00','17:05:00','6756019','5','',''),
('2125291211450414','17:05:00','17:05:00','5315278','6','',''),
('2125291211450414','17:06:00','17:06:00','5315280','7','',''),
('2125291211450414','17:07:00','17:07:00','5315282','8','',''),
('2125291211450414','17:08:00','17:08:00','5315283','9','',''),
('2125291211450414','17:09:00','17:09:00','5315284','10','',''),
('2125291211450414','17:10:00','17:10:00','5315286','11','',''),
('2125291211450414','17:12:00','17:12:00','5315288','12','',''),
('2125291211450414','17:13:00','17:13:00','5315290','13','',''),
('2125291211450414','17:15:00','17:15:00','5315292','14','',''),
('2125291211450414','17:16:00','17:16:00','5315294','15','',''),
('2125291211450414','17:17:00','17:17:00','5315296','16','',''),
('2125291211450414','17:17:00','17:17:00','5315298','17','',''),
('2125291211450414','17:19:00','17:19:00','5315300','18','',''),
('2125291211450414','17:20:00','17:20:00','5315302','19','',''),
('2225291211450414','17:30:00','17:30:00','6000768','1','',''),
('2225291211450414','17:31:00','17:31:00','5315272','2','',''),
('2225291211450414','17:33:00','17:33:00','5315274','3','',''),
('2225291211450414','17:34:00','17:34:00','5315276','4','',''),
('2225291211450414','17:35:00','17:35:00','6756019','5','',''),
('2225291211450414','17:35:00','17:35:00','5315278','6','',''),
('2225291211450414','17:36:00','17:36:00','5315280','7','',''),
('2225291211450414','17:37:00','17:37:00','5315282','8','',''),
('2225291211450414','17:38:00','17:38:00','5315283','9','',''),
('2225291211450414','17:39:00','17:39:00','5315284','10','',''),
('2225291211450414','17:40:00','17:40:00','5315286','11','',''),
('2225291211450414','17:42:00','17:42:00','5315288','12','',''),
('2225291211450414','17:43:00','17:43:00','5315290','13','',''),
('2225291211450414','17:45:00','17:45:00','5315292','14','',''),
('2225291211450414','17:46:00','17:46:00','5315294','15','',''),
('2225291211450414','17:47:00','17:47:00','5315296','16','',''),
('2225291211450414','17:47:00','17:47:00','5315298','17','',''),
('2225291211450414','17:49:00','17:49:00','5315300','18','',''),
('2225291211450414','17:50:00','17:50:00','5315302','19','',''),
('225291211450414','07:30:00','07:30:00','6000768','1','',''),
('225291211450414','07:31:00','07:31:00','5315272','2','',''),
('225291211450414','07:33:00','07:33:00','5315274','3','',''),
('225291211450414','07:34:00','07:34:00','5315276','4','',''),
('225291211450414','07:35:00','07:35:00','6756019','5','',''),
('225291211450414','07:35:00','07:35:00','5315278','6','',''),
('225291211450414','07:36:00','07:36:00','5315280','7','',''),
('225291211450414','07:37:00','07:37:00','5315282','8','',''),
('225291211450414','07:38:00','07:38:00','5315283','9','',''),
('225291211450414','07:39:00','07:39:00','5315284','10','',''),
('225291211450414','07:40:00','07:40:00','5315286','11','',''),
('225291211450414','07:42:00','07:42:00','5315288','12','',''),
('225291211450414','07:43:00','07:43:00','5315290','13','',''),
('225291211450414','07:45:00','07:45:00','5315292','14','',''),
('225291211450414','07:46:00','07:46:00','5315294','15','',''),
('225291211450414','07:47:00','07:47:00','5315296','16','',''),
('225291211450414','07:47:00','07:47:00','5315298','17','',''),
('225291211450414','07:49:00','07:49:00','5315300','18','',''),
('225291211450414','07:50:00','07:50:00','5315302','19','',''),
('225291221450414','08:00:00','08:00:00','6000768','1','',''),
('225291221450414','08:01:00','08:01:00','5315272','2','',''),
('225291221450414','08:03:00','08:03:00','5315274','3','',''),
('225291221450414','08:04:00','08:04:00','5315276','4','',''),
('225291221450414','08:05:00','08:05:00','6756019','5','',''),
('225291221450414','08:05:00','08:05:00','5315278','6','',''),
('225291221450414','08:06:00','08:06:00','5315280','7','',''),
('225291221450414','08:07:00','08:07:00','5315282','8','',''),
('225291221450414','08:08:00','08:08:00','5315283','9','',''),
('225291221450414','08:09:00','08:09:00','5315284','10','',''),
('225291221450414','08:10:00','08:10:00','5315286','11','',''),
('225291221450414','08:12:00','08:12:00','5315288','12','',''),
('225291221450414','08:13:00','08:13:00','5315290','13','',''),
('225291221450414','08:15:00','08:15:00','5315292','14','',''),
('225291221450414','08:16:00','08:16:00','5315294','15','',''),
('225291221450414','08:17:00','08:17:00','5315296','16','',''),
('225291221450414','08:17:00','08:17:00','5315298','17','',''),
('225291221450414','08:19:00','08:19:00','5315300','18','',''),
('225291221450414','08:20:00','08:20:00','5315302','19','',''),
('2325291211450414','18:00:00','18:00:00','6000768','1','',''),
('2325291211450414','18:01:00','18:01:00','5315272','2','',''),
('2325291211450414','18:03:00','18:03:00','5315274','3','',''),
('2325291211450414','18:04:00','18:04:00','5315276','4','',''),
('2325291211450414','18:05:00','18:05:00','6756019','5','',''),
('2325291211450414','18:05:00','18:05:00','5315278','6','',''),
('2325291211450414','18:06:00','18:06:00','5315280','7','',''),
('2325291211450414','18:07:00','18:07:00','5315282','8','',''),
('2325291211450414','18:08:00','18:08:00','5315283','9','',''),
('2325291211450414','18:09:00','18:09:00','5315284','10','',''),
('2325291211450414','18:10:00','18:10:00','5315286','11','',''),
('2325291211450414','18:12:00','18:12:00','5315288','12','',''),
('2325291211450414','18:13:00','18:13:00','5315290','13','',''),
('2325291211450414','18:15:00','18:15:00','5315292','14','',''),
('2325291211450414','18:16:00','18:16:00','5315294','15','',''),
('2325291211450414','18:17:00','18:17:00','5315296','16','',''),
('2325291211450414','18:17:00','18:17:00','5315298','17','',''),
('2325291211450414','18:19:00','18:19:00','5315300','18','',''),
('2325291211450414','18:20:00','18:20:00','5315302','19','',''),
('2425291211450414','18:30:00','18:30:00','6000768','1','',''),
('2425291211450414','18:31:00','18:31:00','5315272','2','',''),
('2425291211450414','18:33:00','18:33:00','5315274','3','',''),
('2425291211450414','18:34:00','18:34:00','5315276','4','',''),
('2425291211450414','18:35:00','18:35:00','6756019','5','',''),
('2425291211450414','18:35:00','18:35:00','5315278','6','',''),
('2425291211450414','18:36:00','18:36:00','5315280','7','',''),
('2425291211450414','18:37:00','18:37:00','5315282','8','',''),
('2425291211450414','18:38:00','18:38:00','5315283','9','',''),
('2425291211450414','18:39:00','18:39:00','5315284','10','',''),
('2425291211450414','18:40:00','18:40:00','5315286','11','',''),
('2425291211450414','18:42:00','18:42:00','5315288','12','',''),
('2425291211450414','18:43:00','18:43:00','5315290','13','',''),
('2425291211450414','18:45:00','18:45:00','5315292','14','',''),
('2425291211450414','18:46:00','18:46:00','5315294','15','',''),
('2425291211450414','18:47:00','18:47:00','5315296','16','',''),
('2425291211450414','18:47:00','18:47:00','5315298','17','',''),
('2425291211450414','18:49:00','18:49:00','5315300','18','',''),
('2425291211450414','18:50:00','18:50:00','5315302','19','',''),
('2525291211450414','19:00:00','19:00:00','6000768','1','',''),
('2525291211450414','19:01:00','19:01:00','5315272','2','',''),
('2525291211450414','19:03:00','19:03:00','5315274','3','',''),
('2525291211450414','19:04:00','19:04:00','5315276','4','',''),
('2525291211450414','19:05:00','19:05:00','6756019','5','',''),
('2525291211450414','19:05:00','19:05:00','5315278','6','',''),
('2525291211450414','19:06:00','19:06:00','5315280','7','',''),
('2525291211450414','19:07:00','19:07:00','5315282','8','',''),
('2525291211450414','19:08:00','19:08:00','5315283','9','',''),
('2525291211450414','19:09:00','19:09:00','5315284','10','',''),
('2525291211450414','19:10:00','19:10:00','5315286','11','',''),
('2525291211450414','19:12:00','19:12:00','5315288','12','',''),
('2525291211450414','19:13:00','19:13:00','5315290','13','',''),
('2525291211450414','19:15:00','19:15:00','5315292','14','',''),
('2525291211450414','19:16:00','19:16:00','5315294','15','',''),
('2525291211450414','19:17:00','19:17:00','5315296','16','',''),
('2525291211450414','19:17:00','19:17:00','5315298','17','',''),
('2525291211450414','19:19:00','19:19:00','5315300','18','',''),
('2525291211450414','19:20:00','19:20:00','5315302','19','',''),
('325291211450414','08:00:00','08:00:00','6000768','1','',''),
('325291211450414','08:01:00','08:01:00','5315272','2','',''),
('325291211450414','08:03:00','08:03:00','5315274','3','',''),
('325291211450414','08:04:00','08:04:00','5315276','4','',''),
('325291211450414','08:05:00','08:05:00','6756019','5','',''),
('325291211450414','08:05:00','08:05:00','5315278','6','',''),
('325291211450414','08:06:00','08:06:00','5315280','7','',''),
('325291211450414','08:07:00','08:07:00','5315282','8','',''),
('325291211450414','08:08:00','08:08:00','5315283','9','',''),
('325291211450414','08:09:00','08:09:00','5315284','10','',''),
('325291211450414','08:10:00','08:10:00','5315286','11','',''),
('325291211450414','08:12:00','08:12:00','5315288','12','',''),
('325291211450414','08:13:00','08:13:00','5315290','13','',''),
('325291211450414','08:15:00','08:15:00','5315292','14','',''),
('325291211450414','08:16:00','08:16:00','5315294','15','',''),
('325291211450414','08:17:00','08:17:00','5315296','16','',''),
('325291211450414','08:17:00','08:17:00','5315298','17','',''),
('325291211450414','08:19:00','08:19:00','5315300','18','',''),
('325291211450414','08:20:00','08:20:00','5315302','19','',''),
('325291221450414','09:00:00','09:00:00','6000768','1','',''),
('325291221450414','09:01:00','09:01:00','5315272','2','',''),
('325291221450414','09:03:00','09:03:00','5315274','3','',''),
('325291221450414','09:04:00','09:04:00','5315276','4','',''),
('325291221450414','09:05:00','09:05:00','6756019','5','',''),
('325291221450414','09:05:00','09:05:00','5315278','6','',''),
('325291221450414','09:06:00','09:06:00','5315280','7','',''),
('325291221450414','09:07:00','09:07:00','5315282','8','',''),
('325291221450414','09:08:00','09:08:00','5315283','9','',''),
('325291221450414','09:09:00','09:09:00','5315284','10','',''),
('325291221450414','09:10:00','09:10:00','5315286','11','',''),
('325291221450414','09:12:00','09:12:00','5315288','12','',''),
('325291221450414','09:13:00','09:13:00','5315290','13','',''),
('325291221450414','09:15:00','09:15:00','5315292','14','',''),
('325291221450414','09:16:00','09:16:00','5315294','15','',''),
('325291221450414','09:17:00','09:17:00','5315296','16','',''),
('325291221450414','09:17:00','09:17:00','5315298','17','',''),
('325291221450414','09:19:00','09:19:00','5315300','18','',''),
('325291221450414','09:20:00','09:20:00','5315302','19','',''),
('425291211450414','08:30:00','08:30:00','6000768','1','',''),
('425291211450414','08:31:00','08:31:00','5315272','2','',''),
('425291211450414','08:33:00','08:33:00','5315274','3','',''),
('425291211450414','08:34:00','08:34:00','5315276','4','',''),
('425291211450414','08:35:00','08:35:00','6756019','5','',''),
('425291211450414','08:35:00','08:35:00','5315278','6','',''),
('425291211450414','08:36:00','08:36:00','5315280','7','',''),
('425291211450414','08:37:00','08:37:00','5315282','8','',''),
('425291211450414','08:38:00','08:38:00','5315283','9','',''),
('425291211450414','08:39:00','08:39:00','5315284','10','',''),
('425291211450414','08:40:00','08:40:00','5315286','11','',''),
('425291211450414','08:42:00','08:42:00','5315288','12','',''),
('425291211450414','08:43:00','08:43:00','5315290','13','',''),
('425291211450414','08:45:00','08:45:00','5315292','14','',''),
('425291211450414','08:46:00','08:46:00','5315294','15','',''),
('425291211450414','08:47:00','08:47:00','5315296','16','',''),
('425291211450414','08:47:00','08:47:00','5315298','17','',''),
('425291211450414','08:49:00','08:49:00','5315300','18','',''),
('425291211450414','08:50:00','08:50:00','5315302','19','',''),
('425291221450414','10:00:00','10:00:00','6000768','1','',''),
('425291221450414','10:01:00','10:01:00','5315272','2','',''),
('425291221450414','10:03:00','10:03:00','5315274','3','',''),
('425291221450414','10:04:00','10:04:00','5315276','4','',''),
('425291221450414','10:05:00','10:05:00','6756019','5','',''),
('425291221450414','10:05:00','10:05:00','5315278','6','',''),
('425291221450414','10:06:00','10:06:00','5315280','7','',''),
('425291221450414','10:07:00','10:07:00','5315282','8','',''),
('425291221450414','10:08:00','10:08:00','5315283','9','',''),
('425291221450414','10:09:00','10:09:00','5315284','10','',''),
('425291221450414','10:10:00','10:10:00','5315286','11','',''),
('425291221450414','10:12:00','10:12:00','5315288','12','',''),
('425291221450414','10:13:00','10:13:00','5315290','13','',''),
('425291221450414','10:15:00','10:15:00','5315292','14','',''),
('425291221450414','10:16:00','10:16:00','5315294','15','',''),
('425291221450414','10:17:00','10:17:00','5315296','16','',''),
('425291221450414','10:17:00','10:17:00','5315298','17','',''),
('425291221450414','10:19:00','10:19:00','5315300','18','',''),
('425291221450414','10:20:00','10:20:00','5315302','19','',''),
('525291211450414','09:00:00','09:00:00','6000768','1','',''),
('525291211450414','09:01:00','09:01:00','5315272','2','',''),
('525291211450414','09:03:00','09:03:00','5315274','3','',''),
('525291211450414','09:04:00','09:04:00','5315276','4','',''),
('525291211450414','09:05:00','09:05:00','6756019','5','',''),
('525291211450414','09:05:00','09:05:00','5315278','6','',''),
('525291211450414','09:06:00','09:06:00','5315280','7','',''),
('525291211450414','09:07:00','09:07:00','5315282','8','',''),
('525291211450414','09:08:00','09:08:00','5315283','9','',''),
('525291211450414','09:09:00','09:09:00','5315284','10','',''),
('525291211450414','09:10:00','09:10:00','5315286','11','',''),
('525291211450414','09:12:00','09:12:00','5315288','12','',''),
('525291211450414','09:13:00','09:13:00','5315290','13','',''),
('525291211450414','09:15:00','09:15:00','5315292','14','',''),
('525291211450414','09:16:00','09:16:00','5315294','15','',''),
('525291211450414','09:17:00','09:17:00','5315296','16','',''),
('525291211450414','09:17:00','09:17:00','5315298','17','',''),
('525291211450414','09:19:00','09:19:00','5315300','18','',''),
('525291211450414','09:20:00','09:20:00','5315302','19','',''),
('525291221450414','11:00:00','11:00:00','6000768','1','',''),
('525291221450414','11:01:00','11:01:00','5315272','2','',''),
('525291221450414','11:03:00','11:03:00','5315274','3','',''),
('525291221450414','11:04:00','11:04:00','5315276','4','',''),
('525291221450414','11:05:00','11:05:00','6756019','5','',''),
('525291221450414','11:05:00','11:05:00','5315278','6','',''),
('525291221450414','11:06:00','11:06:00','5315280','7','',''),
('525291221450414','11:07:00','11:07:00','5315282','8','',''),
('525291221450414','11:08:00','11:08:00','5315283','9','',''),
('525291221450414','11:09:00','11:09:00','5315284','10','',''),
('525291221450414','11:10:00','11:10:00','5315286','11','',''),
('525291221450414','11:12:00','11:12:00','5315288','12','',''),
('525291221450414','11:13:00','11:13:00','5315290','13','',''),
('525291221450414','11:15:00','11:15:00','5315292','14','',''),
('525291221450414','11:16:00','11:16:00','5315294','15','',''),
('525291221450414','11:17:00','11:17:00','5315296','16','',''),
('525291221450414','11:17:00','11:17:00','5315298','17','',''),
('525291221450414','11:19:00','11:19:00','5315300','18','',''),
('525291221450414','11:20:00','11:20:00','5315302','19','',''),
('625291211450414','09:30:00','09:30:00','6000768','1','',''),
('625291211450414','09:31:00','09:31:00','5315272','2','',''),
('625291211450414','09:33:00','09:33:00','5315274','3','',''),
('625291211450414','09:34:00','09:34:00','5315276','4','',''),
('625291211450414','09:35:00','09:35:00','6756019','5','',''),
('625291211450414','09:35:00','09:35:00','5315278','6','',''),
('625291211450414','09:36:00','09:36:00','5315280','7','',''),
('625291211450414','09:37:00','09:37:00','5315282','8','',''),
('625291211450414','09:38:00','09:38:00','5315283','9','',''),
('625291211450414','09:39:00','09:39:00','5315284','10','',''),
('625291211450414','09:40:00','09:40:00','5315286','11','',''),
('625291211450414','09:42:00','09:42:00','5315288','12','',''),
('625291211450414','09:43:00','09:43:00','5315290','13','',''),
('625291211450414','09:45:00','09:45:00','5315292','14','',''),
('625291211450414','09:46:00','09:46:00','5315294','15','',''),
('625291211450414','09:47:00','09:47:00','5315296','16','',''),
('625291211450414','09:47:00','09:47:00','5315298','17','',''),
('625291211450414','09:49:00','09:49:00','5315300','18','',''),
('625291211450414','09:50:00','09:50:00','5315302','19','',''),
('625291221450414','12:00:00','12:00:00','6000768','1','',''),
('625291221450414','12:01:00','12:01:00','5315272','2','',''),
('625291221450414','12:03:00','12:03:00','5315274','3','',''),
('625291221450414','12:04:00','12:04:00','5315276','4','',''),
('625291221450414','12:05:00','12:05:00','6756019','5','',''),
('625291221450414','12:05:00','12:05:00','5315278','6','',''),
('625291221450414','12:06:00','12:06:00','5315280','7','',''),
('625291221450414','12:07:00','12:07:00','5315282','8','',''),
('625291221450414','12:08:00','12:08:00','5315283','9','',''),
('625291221450414','12:09:00','12:09:00','5315284','10','',''),
('625291221450414','12:10:00','12:10:00','5315286','11','',''),
('625291221450414','12:12:00','12:12:00','5315288','12','',''),
('625291221450414','12:13:00','12:13:00','5315290','13','',''),
('625291221450414','12:15:00','12:15:00','5315292','14','',''),
('625291221450414','12:16:00','12:16:00','5315294','15','',''),
('625291221450414','12:17:00','12:17:00','5315296','16','',''),
('625291221450414','12:17:00','12:17:00','5315298','17','',''),
('625291221450414','12:19:00','12:19:00','5315300','18','',''),
('625291221450414','12:20:00','12:20:00','5315302','19','',''),
('725291211450414','10:00:00','10:00:00','6000768','1','',''),
('725291211450414','10:01:00','10:01:00','5315272','2','',''),
('725291211450414','10:03:00','10:03:00','5315274','3','',''),
('725291211450414','10:04:00','10:04:00','5315276','4','',''),
('725291211450414','10:05:00','10:05:00','6756019','5','',''),
('725291211450414','10:05:00','10:05:00','5315278','6','',''),
('725291211450414','10:06:00','10:06:00','5315280','7','',''),
('725291211450414','10:07:00','10:07:00','5315282','8','',''),
('725291211450414','10:08:00','10:08:00','5315283','9','',''),
('725291211450414','10:09:00','10:09:00','5315284','10','',''),
('725291211450414','10:10:00','10:10:00','5315286','11','',''),
('725291211450414','10:12:00','10:12:00','5315288','12','',''),
('725291211450414','10:13:00','10:13:00','5315290','13','',''),
('725291211450414','10:15:00','10:15:00','5315292','14','',''),
('725291211450414','10:16:00','10:16:00','5315294','15','',''),
('725291211450414','10:17:00','10:17:00','5315296','16','',''),
('725291211450414','10:17:00','10:17:00','5315298','17','',''),
('725291211450414','10:19:00','10:19:00','5315300','18','',''),
('725291211450414','10:20:00','10:20:00','5315302','19','',''),
('725291221450414','13:00:00','13:00:00','6000768','1','',''),
('725291221450414','13:01:00','13:01:00','5315272','2','',''),
('725291221450414','13:03:00','13:03:00','5315274','3','',''),
('725291221450414','13:04:00','13:04:00','5315276','4','',''),
('725291221450414','13:05:00','13:05:00','6756019','5','',''),
('725291221450414','13:05:00','13:05:00','5315278','6','',''),
('725291221450414','13:06:00','13:06:00','5315280','7','',''),
('725291221450414','13:07:00','13:07:00','5315282','8','',''),
('725291221450414','13:08:00','13:08:00','5315283','9','',''),
('725291221450414','13:09:00','13:09:00','5315284','10','',''),
('725291221450414','13:10:00','13:10:00','5315286','11','',''),
('725291221450414','13:12:00','13:12:00','5315288','12','',''),
('725291221450414','13:13:00','13:13:00','5315290','13','',''),
('725291221450414','13:15:00','13:15:00','5315292','14','',''),
('725291221450414','13:16:00','13:16:00','5315294','15','',''),
('725291221450414','13:17:00','13:17:00','5315296','16','',''),
('725291221450414','13:17:00','13:17:00','5315298','17','',''),
('725291221450414','13:19:00','13:19:00','5315300','18','',''),
('725291221450414','13:20:00','13:20:00','5315302','19','',''),
('825291211450414','10:30:00','10:30:00','6000768','1','',''),
('825291211450414','10:31:00','10:31:00','5315272','2','',''),
('825291211450414','10:33:00','10:33:00','5315274','3','',''),
('825291211450414','10:34:00','10:34:00','5315276','4','',''),
('825291211450414','10:35:00','10:35:00','6756019','5','',''),
('825291211450414','10:35:00','10:35:00','5315278','6','',''),
('825291211450414','10:36:00','10:36:00','5315280','7','',''),
('825291211450414','10:37:00','10:37:00','5315282','8','',''),
('825291211450414','10:38:00','10:38:00','5315283','9','',''),
('825291211450414','10:39:00','10:39:00','5315284','10','',''),
('825291211450414','10:40:00','10:40:00','5315286','11','',''),
('825291211450414','10:42:00','10:42:00','5315288','12','',''),
('825291211450414','10:43:00','10:43:00','5315290','13','',''),
('825291211450414','10:45:00','10:45:00','5315292','14','',''),
('825291211450414','10:46:00','10:46:00','5315294','15','',''),
('825291211450414','10:47:00','10:47:00','5315296','16','',''),
('825291211450414','10:47:00','10:47:00','5315298','17','',''),
('825291211450414','10:49:00','10:49:00','5315300','18','',''),
('825291211450414','10:50:00','10:50:00','5315302','19','',''),
('825291221450414','14:00:00','14:00:00','6000768','1','',''),
('825291221450414','14:01:00','14:01:00','5315272','2','',''),
('825291221450414','14:03:00','14:03:00','5315274','3','',''),
('825291221450414','14:04:00','14:04:00','5315276','4','',''),
('825291221450414','14:05:00','14:05:00','6756019','5','',''),
('825291221450414','14:05:00','14:05:00','5315278','6','',''),
('825291221450414','14:06:00','14:06:00','5315280','7','',''),
('825291221450414','14:07:00','14:07:00','5315282','8','',''),
('825291221450414','14:08:00','14:08:00','5315283','9','',''),
('825291221450414','14:09:00','14:09:00','5315284','10','',''),
('825291221450414','14:10:00','14:10:00','5315286','11','',''),
('825291221450414','14:12:00','14:12:00','5315288','12','',''),
('825291221450414','14:13:00','14:13:00','5315290','13','',''),
('825291221450414','14:15:00','14:15:00','5315292','14','',''),
('825291221450414','14:16:00','14:16:00','5315294','15','',''),
('825291221450414','14:17:00','14:17:00','5315296','16','',''),
('825291221450414','14:17:00','14:17:00','5315298','17','',''),
('825291221450414','14:19:00','14:19:00','5315300','18','',''),
('825291221450414','14:20:00','14:20:00','5315302','19','',''),
('925291211450414','11:00:00','11:00:00','6000768','1','',''),
('925291211450414','11:01:00','11:01:00','5315272','2','',''),
('925291211450414','11:03:00','11:03:00','5315274','3','',''),
('925291211450414','11:04:00','11:04:00','5315276','4','',''),
('925291211450414','11:05:00','11:05:00','6756019','5','',''),
('925291211450414','11:05:00','11:05:00','5315278','6','',''),
('925291211450414','11:06:00','11:06:00','5315280','7','',''),
('925291211450414','11:07:00','11:07:00','5315282','8','',''),
('925291211450414','11:08:00','11:08:00','5315283','9','',''),
('925291211450414','11:09:00','11:09:00','5315284','10','',''),
('925291211450414','11:10:00','11:10:00','5315286','11','',''),
('925291211450414','11:12:00','11:12:00','5315288','12','',''),
('925291211450414','11:13:00','11:13:00','5315290','13','',''),
('925291211450414','11:15:00','11:15:00','5315292','14','',''),
('925291211450414','11:16:00','11:16:00','5315294','15','',''),
('925291211450414','11:17:00','11:17:00','5315296','16','',''),
('925291211450414','11:17:00','11:17:00','5315298','17','',''),
('925291211450414','11:19:00','11:19:00','5315300','18','',''),
('925291211450414','11:20:00','11:20:00','5315302','19','',''),
('925291221450414','15:00:00','15:00:00','6000768','1','',''),
('925291221450414','15:01:00','15:01:00','5315272','2','',''),
('925291221450414','15:03:00','15:03:00','5315274','3','',''),
('925291221450414','15:04:00','15:04:00','5315276','4','',''),
('925291221450414','15:05:00','15:05:00','6756019','5','',''),
('925291221450414','15:05:00','15:05:00','5315278','6','',''),
('925291221450414','15:06:00','15:06:00','5315280','7','',''),
('925291221450414','15:07:00','15:07:00','5315282','8','',''),
('925291221450414','15:08:00','15:08:00','5315283','9','',''),
('925291221450414','15:09:00','15:09:00','5315284','10','',''),
('925291221450414','15:10:00','15:10:00','5315286','11','',''),
('925291221450414','15:12:00','15:12:00','5315288','12','',''),
('925291221450414','15:13:00','15:13:00','5315290','13','',''),
('925291221450414','15:15:00','15:15:00','5315292','14','',''),
('925291221450414','15:16:00','15:16:00','5315294','15','',''),
('925291221450414','15:17:00','15:17:00','5315296','16','',''),
('925291221450414','15:17:00','15:17:00','5315298','17','',''),
('925291221450414','15:19:00','15:19:00','5315300','18','',''),
('925291221450414','15:20:00','15:20:00','5315302','19','',''),
('1025291211450415','11:22:00','11:22:00','5315303','1','',''),
('1025291211450415','11:23:00','11:23:00','5315304','2','',''),
('1025291211450415','11:24:00','11:24:00','5315305','3','',''),
('1025291211450415','11:25:00','11:25:00','5315301','4','',''),
('1025291211450415','11:28:00','11:28:00','5315306','5','',''),
('1025291211450415','11:29:00','11:29:00','5315299','6','',''),
('1025291211450415','11:30:00','11:30:00','5315297','7','',''),
('1025291211450415','11:31:00','11:31:00','5315295','8','',''),
('1025291211450415','11:32:00','11:32:00','5315293','9','',''),
('1025291211450415','11:34:00','11:34:00','5315285','10','',''),
('1025291211450415','11:35:00','11:35:00','5315291','11','',''),
('1025291211450415','11:36:00','11:36:00','5315289','12','',''),
('1025291211450415','11:37:00','11:37:00','5315307','13','',''),
('1025291211450415','11:38:00','11:38:00','5315287','14','',''),
('1025291211450415','11:40:00','11:40:00','5315308','15','',''),
('1025291211450415','11:41:00','11:41:00','5315309','16','',''),
('1025291211450415','11:42:00','11:42:00','5315281','17','',''),
('1025291211450415','11:44:00','11:44:00','5315279','18','',''),
('1025291211450415','11:44:00','11:44:00','6756020','19','',''),
('1025291211450415','11:45:00','11:45:00','5315277','20','',''),
('1025291211450415','11:46:00','11:46:00','5315275','21','',''),
('1025291211450415','11:48:00','11:48:00','5315273','22','',''),
('1025291211450415','11:49:00','11:49:00','6000769','23','',''),
('1025291221450415','16:22:00','16:22:00','5315303','1','',''),
('1025291221450415','16:23:00','16:23:00','5315304','2','',''),
('1025291221450415','16:24:00','16:24:00','5315305','3','',''),
('1025291221450415','16:25:00','16:25:00','5315301','4','',''),
('1025291221450415','16:28:00','16:28:00','5315306','5','',''),
('1025291221450415','16:29:00','16:29:00','5315299','6','',''),
('1025291221450415','16:30:00','16:30:00','5315297','7','',''),
('1025291221450415','16:31:00','16:31:00','5315295','8','',''),
('1025291221450415','16:32:00','16:32:00','5315293','9','',''),
('1025291221450415','16:34:00','16:34:00','5315285','10','',''),
('1025291221450415','16:35:00','16:35:00','5315291','11','',''),
('1025291221450415','16:36:00','16:36:00','5315289','12','',''),
('1025291221450415','16:37:00','16:37:00','5315307','13','',''),
('1025291221450415','16:38:00','16:38:00','5315287','14','',''),
('1025291221450415','16:40:00','16:40:00','5315308','15','',''),
('1025291221450415','16:41:00','16:41:00','5315309','16','',''),
('1025291221450415','16:42:00','16:42:00','5315281','17','',''),
('1025291221450415','16:44:00','16:44:00','5315279','18','',''),
('1025291221450415','16:44:00','16:44:00','6756020','19','',''),
('1025291221450415','16:45:00','16:45:00','5315277','20','',''),
('1025291221450415','16:46:00','16:46:00','5315275','21','',''),
('1025291221450415','16:48:00','16:48:00','5315273','22','',''),
('1025291221450415','16:49:00','16:49:00','6000769','23','',''),
('1125291211450415','11:52:00','11:52:00','5315303','1','',''),
('1125291211450415','11:53:00','11:53:00','5315304','2','',''),
('1125291211450415','11:54:00','11:54:00','5315305','3','',''),
('1125291211450415','11:55:00','11:55:00','5315301','4','',''),
('1125291211450415','11:58:00','11:58:00','5315306','5','',''),
('1125291211450415','11:59:00','11:59:00','5315299','6','',''),
('1125291211450415','12:00:00','12:00:00','5315297','7','',''),
('1125291211450415','12:01:00','12:01:00','5315295','8','',''),
('1125291211450415','12:02:00','12:02:00','5315293','9','',''),
('1125291211450415','12:04:00','12:04:00','5315285','10','',''),
('1125291211450415','12:05:00','12:05:00','5315291','11','',''),
('1125291211450415','12:06:00','12:06:00','5315289','12','',''),
('1125291211450415','12:07:00','12:07:00','5315307','13','',''),
('1125291211450415','12:08:00','12:08:00','5315287','14','',''),
('1125291211450415','12:10:00','12:10:00','5315308','15','',''),
('1125291211450415','12:11:00','12:11:00','5315309','16','',''),
('1125291211450415','12:12:00','12:12:00','5315281','17','',''),
('1125291211450415','12:14:00','12:14:00','5315279','18','',''),
('1125291211450415','12:14:00','12:14:00','6756020','19','',''),
('1125291211450415','12:15:00','12:15:00','5315277','20','',''),
('1125291211450415','12:16:00','12:16:00','5315275','21','',''),
('1125291211450415','12:18:00','12:18:00','5315273','22','',''),
('1125291211450415','12:19:00','12:19:00','6000769','23','',''),
('1125291221450415','17:22:00','17:22:00','5315303','1','',''),
('1125291221450415','17:23:00','17:23:00','5315304','2','',''),
('1125291221450415','17:24:00','17:24:00','5315305','3','',''),
('1125291221450415','17:25:00','17:25:00','5315301','4','',''),
('1125291221450415','17:28:00','17:28:00','5315306','5','',''),
('1125291221450415','17:29:00','17:29:00','5315299','6','',''),
('1125291221450415','17:30:00','17:30:00','5315297','7','',''),
('1125291221450415','17:31:00','17:31:00','5315295','8','',''),
('1125291221450415','17:32:00','17:32:00','5315293','9','',''),
('1125291221450415','17:34:00','17:34:00','5315285','10','',''),
('1125291221450415','17:35:00','17:35:00','5315291','11','',''),
('1125291221450415','17:36:00','17:36:00','5315289','12','',''),
('1125291221450415','17:37:00','17:37:00','5315307','13','',''),
('1125291221450415','17:38:00','17:38:00','5315287','14','',''),
('1125291221450415','17:40:00','17:40:00','5315308','15','',''),
('1125291221450415','17:41:00','17:41:00','5315309','16','',''),
('1125291221450415','17:42:00','17:42:00','5315281','17','',''),
('1125291221450415','17:44:00','17:44:00','5315279','18','',''),
('1125291221450415','17:44:00','17:44:00','6756020','19','',''),
('1125291221450415','17:45:00','17:45:00','5315277','20','',''),
('1125291221450415','17:46:00','17:46:00','5315275','21','',''),
('1125291221450415','17:48:00','17:48:00','5315273','22','',''),
('1125291221450415','17:49:00','17:49:00','6000769','23','',''),
('1225291211450415','12:22:00','12:22:00','5315303','1','',''),
('1225291211450415','12:23:00','12:23:00','5315304','2','',''),
('1225291211450415','12:24:00','12:24:00','5315305','3','',''),
('1225291211450415','12:25:00','12:25:00','5315301','4','',''),
('1225291211450415','12:28:00','12:28:00','5315306','5','',''),
('1225291211450415','12:29:00','12:29:00','5315299','6','',''),
('1225291211450415','12:30:00','12:30:00','5315297','7','',''),
('1225291211450415','12:31:00','12:31:00','5315295','8','',''),
('1225291211450415','12:32:00','12:32:00','5315293','9','',''),
('1225291211450415','12:34:00','12:34:00','5315285','10','',''),
('1225291211450415','12:35:00','12:35:00','5315291','11','',''),
('1225291211450415','12:36:00','12:36:00','5315289','12','',''),
('1225291211450415','12:37:00','12:37:00','5315307','13','',''),
('1225291211450415','12:38:00','12:38:00','5315287','14','',''),
('1225291211450415','12:40:00','12:40:00','5315308','15','',''),
('1225291211450415','12:41:00','12:41:00','5315309','16','',''),
('1225291211450415','12:42:00','12:42:00','5315281','17','',''),
('1225291211450415','12:44:00','12:44:00','5315279','18','',''),
('1225291211450415','12:44:00','12:44:00','6756020','19','',''),
('1225291211450415','12:45:00','12:45:00','5315277','20','',''),
('1225291211450415','12:46:00','12:46:00','5315275','21','',''),
('1225291211450415','12:48:00','12:48:00','5315273','22','',''),
('1225291211450415','12:49:00','12:49:00','6000769','23','',''),
('1225291221450415','18:22:00','18:22:00','5315303','1','',''),
('1225291221450415','18:23:00','18:23:00','5315304','2','',''),
('1225291221450415','18:24:00','18:24:00','5315305','3','',''),
('1225291221450415','18:25:00','18:25:00','5315301','4','',''),
('1225291221450415','18:28:00','18:28:00','5315306','5','',''),
('1225291221450415','18:29:00','18:29:00','5315299','6','',''),
('1225291221450415','18:30:00','18:30:00','5315297','7','',''),
('1225291221450415','18:31:00','18:31:00','5315295','8','',''),
('1225291221450415','18:32:00','18:32:00','5315293','9','',''),
('1225291221450415','18:34:00','18:34:00','5315285','10','',''),
('1225291221450415','18:35:00','18:35:00','5315291','11','',''),
('1225291221450415','18:36:00','18:36:00','5315289','12','',''),
('1225291221450415','18:37:00','18:37:00','5315307','13','',''),
('1225291221450415','18:38:00','18:38:00','5315287','14','',''),
('1225291221450415','18:40:00','18:40:00','5315308','15','',''),
('1225291221450415','18:41:00','18:41:00','5315309','16','',''),
('1225291221450415','18:42:00','18:42:00','5315281','17','',''),
('1225291221450415','18:44:00','18:44:00','5315279','18','',''),
('1225291221450415','18:44:00','18:44:00','6756020','19','',''),
('1225291221450415','18:45:00','18:45:00','5315277','20','',''),
('1225291221450415','18:46:00','18:46:00','5315275','21','',''),
('1225291221450415','18:48:00','18:48:00','5315273','22','',''),
('1225291221450415','18:49:00','18:49:00','6000769','23','',''),
('125291211450415','06:58:00','06:58:00','5315303','1','',''),
('125291211450415','06:59:00','06:59:00','5315304','2','',''),
('125291211450415','07:00:00','07:00:00','5315305','3','',''),
('125291211450415','07:01:00','07:01:00','5315301','4','',''),
('125291211450415','07:04:00','07:04:00','5315306','5','',''),
('125291211450415','07:05:00','07:05:00','5315299','6','',''),
('125291211450415','07:06:00','07:06:00','5315297','7','',''),
('125291211450415','07:07:00','07:07:00','5315295','8','',''),
('125291211450415','07:08:00','07:08:00','5315293','9','',''),
('125291211450415','07:10:00','07:10:00','5315285','10','',''),
('125291211450415','07:11:00','07:11:00','5315291','11','',''),
('125291211450415','07:12:00','07:12:00','5315289','12','',''),
('125291211450415','07:13:00','07:13:00','5315307','13','',''),
('125291211450415','07:14:00','07:14:00','5315287','14','',''),
('125291211450415','07:16:00','07:16:00','5315308','15','',''),
('125291211450415','07:17:00','07:17:00','5315309','16','',''),
('125291211450415','07:18:00','07:18:00','5315281','17','',''),
('125291211450415','07:20:00','07:20:00','5315279','18','',''),
('125291211450415','07:20:00','07:20:00','6756020','19','',''),
('125291211450415','07:21:00','07:21:00','5315277','20','',''),
('125291211450415','07:22:00','07:22:00','5315275','21','',''),
('125291211450415','07:24:00','07:24:00','5315273','22','',''),
('125291211450415','07:25:00','07:25:00','6000769','23','',''),
('125291221450415','07:22:00','07:22:00','5315303','1','',''),
('125291221450415','07:23:00','07:23:00','5315304','2','',''),
('125291221450415','07:24:00','07:24:00','5315305','3','',''),
('125291221450415','07:25:00','07:25:00','5315301','4','',''),
('125291221450415','07:28:00','07:28:00','5315306','5','',''),
('125291221450415','07:29:00','07:29:00','5315299','6','',''),
('125291221450415','07:30:00','07:30:00','5315297','7','',''),
('125291221450415','07:31:00','07:31:00','5315295','8','',''),
('125291221450415','07:32:00','07:32:00','5315293','9','',''),
('125291221450415','07:34:00','07:34:00','5315285','10','',''),
('125291221450415','07:35:00','07:35:00','5315291','11','',''),
('125291221450415','07:36:00','07:36:00','5315289','12','',''),
('125291221450415','07:37:00','07:37:00','5315307','13','',''),
('125291221450415','07:38:00','07:38:00','5315287','14','',''),
('125291221450415','07:40:00','07:40:00','5315308','15','',''),
('125291221450415','07:41:00','07:41:00','5315309','16','',''),
('125291221450415','07:42:00','07:42:00','5315281','17','',''),
('125291221450415','07:44:00','07:44:00','5315279','18','',''),
('125291221450415','07:44:00','07:44:00','6756020','19','',''),
('125291221450415','07:45:00','07:45:00','5315277','20','',''),
('125291221450415','07:46:00','07:46:00','5315275','21','',''),
('125291221450415','07:48:00','07:48:00','5315273','22','',''),
('125291221450415','07:49:00','07:49:00','6000769','23','',''),
('1325291211450415','12:52:00','12:52:00','5315303','1','',''),
('1325291211450415','12:53:00','12:53:00','5315304','2','',''),
('1325291211450415','12:54:00','12:54:00','5315305','3','',''),
('1325291211450415','12:55:00','12:55:00','5315301','4','',''),
('1325291211450415','12:58:00','12:58:00','5315306','5','',''),
('1325291211450415','12:59:00','12:59:00','5315299','6','',''),
('1325291211450415','13:00:00','13:00:00','5315297','7','',''),
('1325291211450415','13:01:00','13:01:00','5315295','8','',''),
('1325291211450415','13:02:00','13:02:00','5315293','9','',''),
('1325291211450415','13:04:00','13:04:00','5315285','10','',''),
('1325291211450415','13:05:00','13:05:00','5315291','11','',''),
('1325291211450415','13:06:00','13:06:00','5315289','12','',''),
('1325291211450415','13:07:00','13:07:00','5315307','13','',''),
('1325291211450415','13:08:00','13:08:00','5315287','14','',''),
('1325291211450415','13:10:00','13:10:00','5315308','15','',''),
('1325291211450415','13:11:00','13:11:00','5315309','16','',''),
('1325291211450415','13:12:00','13:12:00','5315281','17','',''),
('1325291211450415','13:14:00','13:14:00','5315279','18','',''),
('1325291211450415','13:14:00','13:14:00','6756020','19','',''),
('1325291211450415','13:15:00','13:15:00','5315277','20','',''),
('1325291211450415','13:16:00','13:16:00','5315275','21','',''),
('1325291211450415','13:18:00','13:18:00','5315273','22','',''),
('1325291211450415','13:19:00','13:19:00','6000769','23','',''),
('1425291211450415','13:22:00','13:22:00','5315303','1','',''),
('1425291211450415','13:23:00','13:23:00','5315304','2','',''),
('1425291211450415','13:24:00','13:24:00','5315305','3','',''),
('1425291211450415','13:25:00','13:25:00','5315301','4','',''),
('1425291211450415','13:28:00','13:28:00','5315306','5','',''),
('1425291211450415','13:29:00','13:29:00','5315299','6','',''),
('1425291211450415','13:30:00','13:30:00','5315297','7','',''),
('1425291211450415','13:31:00','13:31:00','5315295','8','',''),
('1425291211450415','13:32:00','13:32:00','5315293','9','',''),
('1425291211450415','13:34:00','13:34:00','5315285','10','',''),
('1425291211450415','13:35:00','13:35:00','5315291','11','',''),
('1425291211450415','13:36:00','13:36:00','5315289','12','',''),
('1425291211450415','13:37:00','13:37:00','5315307','13','',''),
('1425291211450415','13:38:00','13:38:00','5315287','14','',''),
('1425291211450415','13:40:00','13:40:00','5315308','15','',''),
('1425291211450415','13:41:00','13:41:00','5315309','16','',''),
('1425291211450415','13:42:00','13:42:00','5315281','17','',''),
('1425291211450415','13:44:00','13:44:00','5315279','18','',''),
('1425291211450415','13:44:00','13:44:00','6756020','19','',''),
('1425291211450415','13:45:00','13:45:00','5315277','20','',''),
('1425291211450415','13:46:00','13:46:00','5315275','21','',''),
('1425291211450415','13:48:00','13:48:00','5315273','22','',''),
('1425291211450415','13:49:00','13:49:00','6000769','23','',''),
('1525291211450415','13:52:00','13:52:00','5315303','1','',''),
('1525291211450415','13:53:00','13:53:00','5315304','2','',''),
('1525291211450415','13:54:00','13:54:00','5315305','3','',''),
('1525291211450415','13:55:00','13:55:00','5315301','4','',''),
('1525291211450415','13:58:00','13:58:00','5315306','5','',''),
('1525291211450415','13:59:00','13:59:00','5315299','6','',''),
('1525291211450415','14:00:00','14:00:00','5315297','7','',''),
('1525291211450415','14:01:00','14:01:00','5315295','8','',''),
('1525291211450415','14:02:00','14:02:00','5315293','9','',''),
('1525291211450415','14:04:00','14:04:00','5315285','10','',''),
('1525291211450415','14:05:00','14:05:00','5315291','11','',''),
('1525291211450415','14:06:00','14:06:00','5315289','12','',''),
('1525291211450415','14:07:00','14:07:00','5315307','13','',''),
('1525291211450415','14:08:00','14:08:00','5315287','14','',''),
('1525291211450415','14:10:00','14:10:00','5315308','15','',''),
('1525291211450415','14:11:00','14:11:00','5315309','16','',''),
('1525291211450415','14:12:00','14:12:00','5315281','17','',''),
('1525291211450415','14:14:00','14:14:00','5315279','18','',''),
('1525291211450415','14:14:00','14:14:00','6756020','19','',''),
('1525291211450415','14:15:00','14:15:00','5315277','20','',''),
('1525291211450415','14:16:00','14:16:00','5315275','21','',''),
('1525291211450415','14:18:00','14:18:00','5315273','22','',''),
('1525291211450415','14:19:00','14:19:00','6000769','23','',''),
('1625291211450415','14:22:00','14:22:00','5315303','1','',''),
('1625291211450415','14:23:00','14:23:00','5315304','2','',''),
('1625291211450415','14:24:00','14:24:00','5315305','3','',''),
('1625291211450415','14:25:00','14:25:00','5315301','4','',''),
('1625291211450415','14:28:00','14:28:00','5315306','5','',''),
('1625291211450415','14:29:00','14:29:00','5315299','6','',''),
('1625291211450415','14:30:00','14:30:00','5315297','7','',''),
('1625291211450415','14:31:00','14:31:00','5315295','8','',''),
('1625291211450415','14:32:00','14:32:00','5315293','9','',''),
('1625291211450415','14:34:00','14:34:00','5315285','10','',''),
('1625291211450415','14:35:00','14:35:00','5315291','11','',''),
('1625291211450415','14:36:00','14:36:00','5315289','12','',''),
('1625291211450415','14:37:00','14:37:00','5315307','13','',''),
('1625291211450415','14:38:00','14:38:00','5315287','14','',''),
('1625291211450415','14:40:00','14:40:00','5315308','15','',''),
('1625291211450415','14:41:00','14:41:00','5315309','16','',''),
('1625291211450415','14:42:00','14:42:00','5315281','17','',''),
('1625291211450415','14:44:00','14:44:00','5315279','18','',''),
('1625291211450415','14:44:00','14:44:00','6756020','19','',''),
('1625291211450415','14:45:00','14:45:00','5315277','20','',''),
('1625291211450415','14:46:00','14:46:00','5315275','21','',''),
('1625291211450415','14:48:00','14:48:00','5315273','22','',''),
('1625291211450415','14:49:00','14:49:00','6000769','23','',''),
('1725291211450415','14:52:00','14:52:00','5315303','1','',''),
('1725291211450415','14:53:00','14:53:00','5315304','2','',''),
('1725291211450415','14:54:00','14:54:00','5315305','3','',''),
('1725291211450415','14:55:00','14:55:00','5315301','4','',''),
('1725291211450415','14:58:00','14:58:00','5315306','5','',''),
('1725291211450415','14:59:00','14:59:00','5315299','6','',''),
('1725291211450415','15:00:00','15:00:00','5315297','7','',''),
('1725291211450415','15:01:00','15:01:00','5315295','8','',''),
('1725291211450415','15:02:00','15:02:00','5315293','9','',''),
('1725291211450415','15:04:00','15:04:00','5315285','10','',''),
('1725291211450415','15:05:00','15:05:00','5315291','11','',''),
('1725291211450415','15:06:00','15:06:00','5315289','12','',''),
('1725291211450415','15:07:00','15:07:00','5315307','13','',''),
('1725291211450415','15:08:00','15:08:00','5315287','14','',''),
('1725291211450415','15:10:00','15:10:00','5315308','15','',''),
('1725291211450415','15:11:00','15:11:00','5315309','16','',''),
('1725291211450415','15:12:00','15:12:00','5315281','17','',''),
('1725291211450415','15:14:00','15:14:00','5315279','18','',''),
('1725291211450415','15:14:00','15:14:00','6756020','19','',''),
('1725291211450415','15:15:00','15:15:00','5315277','20','',''),
('1725291211450415','15:16:00','15:16:00','5315275','21','',''),
('1725291211450415','15:18:00','15:18:00','5315273','22','',''),
('1725291211450415','15:19:00','15:19:00','6000769','23','',''),
('1825291211450415','15:22:00','15:22:00','5315303','1','',''),
('1825291211450415','15:23:00','15:23:00','5315304','2','',''),
('1825291211450415','15:24:00','15:24:00','5315305','3','',''),
('1825291211450415','15:25:00','15:25:00','5315301','4','',''),
('1825291211450415','15:28:00','15:28:00','5315306','5','',''),
('1825291211450415','15:29:00','15:29:00','5315299','6','',''),
('1825291211450415','15:30:00','15:30:00','5315297','7','',''),
('1825291211450415','15:31:00','15:31:00','5315295','8','',''),
('1825291211450415','15:32:00','15:32:00','5315293','9','',''),
('1825291211450415','15:34:00','15:34:00','5315285','10','',''),
('1825291211450415','15:35:00','15:35:00','5315291','11','',''),
('1825291211450415','15:36:00','15:36:00','5315289','12','',''),
('1825291211450415','15:37:00','15:37:00','5315307','13','',''),
('1825291211450415','15:38:00','15:38:00','5315287','14','',''),
('1825291211450415','15:40:00','15:40:00','5315308','15','',''),
('1825291211450415','15:41:00','15:41:00','5315309','16','',''),
('1825291211450415','15:42:00','15:42:00','5315281','17','',''),
('1825291211450415','15:44:00','15:44:00','5315279','18','',''),
('1825291211450415','15:44:00','15:44:00','6756020','19','',''),
('1825291211450415','15:45:00','15:45:00','5315277','20','',''),
('1825291211450415','15:46:00','15:46:00','5315275','21','',''),
('1825291211450415','15:48:00','15:48:00','5315273','22','',''),
('1825291211450415','15:49:00','15:49:00','6000769','23','',''),
('1925291211450415','15:52:00','15:52:00','5315303','1','',''),
('1925291211450415','15:53:00','15:53:00','5315304','2','',''),
('1925291211450415','15:54:00','15:54:00','5315305','3','',''),
('1925291211450415','15:55:00','15:55:00','5315301','4','',''),
('1925291211450415','15:58:00','15:58:00','5315306','5','',''),
('1925291211450415','15:59:00','15:59:00','5315299','6','',''),
('1925291211450415','16:00:00','16:00:00','5315297','7','',''),
('1925291211450415','16:01:00','16:01:00','5315295','8','',''),
('1925291211450415','16:02:00','16:02:00','5315293','9','',''),
('1925291211450415','16:04:00','16:04:00','5315285','10','',''),
('1925291211450415','16:05:00','16:05:00','5315291','11','',''),
('1925291211450415','16:06:00','16:06:00','5315289','12','',''),
('1925291211450415','16:07:00','16:07:00','5315307','13','',''),
('1925291211450415','16:08:00','16:08:00','5315287','14','',''),
('1925291211450415','16:10:00','16:10:00','5315308','15','',''),
('1925291211450415','16:11:00','16:11:00','5315309','16','',''),
('1925291211450415','16:12:00','16:12:00','5315281','17','',''),
('1925291211450415','16:14:00','16:14:00','5315279','18','',''),
('1925291211450415','16:14:00','16:14:00','6756020','19','',''),
('1925291211450415','16:15:00','16:15:00','5315277','20','',''),
('1925291211450415','16:16:00','16:16:00','5315275','21','',''),
('1925291211450415','16:18:00','16:18:00','5315273','22','',''),
('1925291211450415','16:19:00','16:19:00','6000769','23','',''),
('2025291211450415','16:22:00','16:22:00','5315303','1','',''),
('2025291211450415','16:23:00','16:23:00','5315304','2','',''),
('2025291211450415','16:24:00','16:24:00','5315305','3','',''),
('2025291211450415','16:25:00','16:25:00','5315301','4','',''),
('2025291211450415','16:28:00','16:28:00','5315306','5','',''),
('2025291211450415','16:29:00','16:29:00','5315299','6','',''),
('2025291211450415','16:30:00','16:30:00','5315297','7','',''),
('2025291211450415','16:31:00','16:31:00','5315295','8','',''),
('2025291211450415','16:32:00','16:32:00','5315293','9','',''),
('2025291211450415','16:34:00','16:34:00','5315285','10','',''),
('2025291211450415','16:35:00','16:35:00','5315291','11','',''),
('2025291211450415','16:36:00','16:36:00','5315289','12','',''),
('2025291211450415','16:37:00','16:37:00','5315307','13','',''),
('2025291211450415','16:38:00','16:38:00','5315287','14','',''),
('2025291211450415','16:40:00','16:40:00','5315308','15','',''),
('2025291211450415','16:41:00','16:41:00','5315309','16','',''),
('2025291211450415','16:42:00','16:42:00','5315281','17','',''),
('2025291211450415','16:44:00','16:44:00','5315279','18','',''),
('2025291211450415','16:44:00','16:44:00','6756020','19','',''),
('2025291211450415','16:45:00','16:45:00','5315277','20','',''),
('2025291211450415','16:46:00','16:46:00','5315275','21','',''),
('2025291211450415','16:48:00','16:48:00','5315273','22','',''),
('2025291211450415','16:49:00','16:49:00','6000769','23','',''),
('2125291211450415','16:52:00','16:52:00','5315303','1','',''),
('2125291211450415','16:53:00','16:53:00','5315304','2','',''),
('2125291211450415','16:54:00','16:54:00','5315305','3','',''),
('2125291211450415','16:55:00','16:55:00','5315301','4','',''),
('2125291211450415','16:58:00','16:58:00','5315306','5','',''),
('2125291211450415','16:59:00','16:59:00','5315299','6','',''),
('2125291211450415','17:00:00','17:00:00','5315297','7','',''),
('2125291211450415','17:01:00','17:01:00','5315295','8','',''),
('2125291211450415','17:02:00','17:02:00','5315293','9','',''),
('2125291211450415','17:04:00','17:04:00','5315285','10','',''),
('2125291211450415','17:05:00','17:05:00','5315291','11','',''),
('2125291211450415','17:06:00','17:06:00','5315289','12','',''),
('2125291211450415','17:07:00','17:07:00','5315307','13','',''),
('2125291211450415','17:08:00','17:08:00','5315287','14','',''),
('2125291211450415','17:10:00','17:10:00','5315308','15','',''),
('2125291211450415','17:11:00','17:11:00','5315309','16','',''),
('2125291211450415','17:12:00','17:12:00','5315281','17','',''),
('2125291211450415','17:14:00','17:14:00','5315279','18','',''),
('2125291211450415','17:14:00','17:14:00','6756020','19','',''),
('2125291211450415','17:15:00','17:15:00','5315277','20','',''),
('2125291211450415','17:16:00','17:16:00','5315275','21','',''),
('2125291211450415','17:18:00','17:18:00','5315273','22','',''),
('2125291211450415','17:19:00','17:19:00','6000769','23','',''),
('2225291211450415','17:22:00','17:22:00','5315303','1','',''),
('2225291211450415','17:23:00','17:23:00','5315304','2','',''),
('2225291211450415','17:24:00','17:24:00','5315305','3','',''),
('2225291211450415','17:25:00','17:25:00','5315301','4','',''),
('2225291211450415','17:28:00','17:28:00','5315306','5','',''),
('2225291211450415','17:29:00','17:29:00','5315299','6','',''),
('2225291211450415','17:30:00','17:30:00','5315297','7','',''),
('2225291211450415','17:31:00','17:31:00','5315295','8','',''),
('2225291211450415','17:32:00','17:32:00','5315293','9','',''),
('2225291211450415','17:34:00','17:34:00','5315285','10','',''),
('2225291211450415','17:35:00','17:35:00','5315291','11','',''),
('2225291211450415','17:36:00','17:36:00','5315289','12','',''),
('2225291211450415','17:37:00','17:37:00','5315307','13','',''),
('2225291211450415','17:38:00','17:38:00','5315287','14','',''),
('2225291211450415','17:40:00','17:40:00','5315308','15','',''),
('2225291211450415','17:41:00','17:41:00','5315309','16','',''),
('2225291211450415','17:42:00','17:42:00','5315281','17','',''),
('2225291211450415','17:44:00','17:44:00','5315279','18','',''),
('2225291211450415','17:44:00','17:44:00','6756020','19','',''),
('2225291211450415','17:45:00','17:45:00','5315277','20','',''),
('2225291211450415','17:46:00','17:46:00','5315275','21','',''),
('2225291211450415','17:48:00','17:48:00','5315273','22','',''),
('2225291211450415','17:49:00','17:49:00','6000769','23','',''),
('225291211450415','07:22:00','07:22:00','5315303','1','',''),
('225291211450415','07:23:00','07:23:00','5315304','2','',''),
('225291211450415','07:24:00','07:24:00','5315305','3','',''),
('225291211450415','07:25:00','07:25:00','5315301','4','',''),
('225291211450415','07:28:00','07:28:00','5315306','5','',''),
('225291211450415','07:29:00','07:29:00','5315299','6','',''),
('225291211450415','07:30:00','07:30:00','5315297','7','',''),
('225291211450415','07:31:00','07:31:00','5315295','8','',''),
('225291211450415','07:32:00','07:32:00','5315293','9','',''),
('225291211450415','07:34:00','07:34:00','5315285','10','',''),
('225291211450415','07:35:00','07:35:00','5315291','11','',''),
('225291211450415','07:36:00','07:36:00','5315289','12','',''),
('225291211450415','07:37:00','07:37:00','5315307','13','',''),
('225291211450415','07:38:00','07:38:00','5315287','14','',''),
('225291211450415','07:40:00','07:40:00','5315308','15','',''),
('225291211450415','07:41:00','07:41:00','5315309','16','',''),
('225291211450415','07:42:00','07:42:00','5315281','17','',''),
('225291211450415','07:44:00','07:44:00','5315279','18','',''),
('225291211450415','07:44:00','07:44:00','6756020','19','',''),
('225291211450415','07:45:00','07:45:00','5315277','20','',''),
('225291211450415','07:46:00','07:46:00','5315275','21','',''),
('225291211450415','07:48:00','07:48:00','5315273','22','',''),
('225291211450415','07:49:00','07:49:00','6000769','23','',''),
('225291221450415','08:22:00','08:22:00','5315303','1','',''),
('225291221450415','08:23:00','08:23:00','5315304','2','',''),
('225291221450415','08:24:00','08:24:00','5315305','3','',''),
('225291221450415','08:25:00','08:25:00','5315301','4','',''),
('225291221450415','08:28:00','08:28:00','5315306','5','',''),
('225291221450415','08:29:00','08:29:00','5315299','6','',''),
('225291221450415','08:30:00','08:30:00','5315297','7','',''),
('225291221450415','08:31:00','08:31:00','5315295','8','',''),
('225291221450415','08:32:00','08:32:00','5315293','9','',''),
('225291221450415','08:34:00','08:34:00','5315285','10','',''),
('225291221450415','08:35:00','08:35:00','5315291','11','',''),
('225291221450415','08:36:00','08:36:00','5315289','12','',''),
('225291221450415','08:37:00','08:37:00','5315307','13','',''),
('225291221450415','08:38:00','08:38:00','5315287','14','',''),
('225291221450415','08:40:00','08:40:00','5315308','15','',''),
('225291221450415','08:41:00','08:41:00','5315309','16','',''),
('225291221450415','08:42:00','08:42:00','5315281','17','',''),
('225291221450415','08:44:00','08:44:00','5315279','18','',''),
('225291221450415','08:44:00','08:44:00','6756020','19','',''),
('225291221450415','08:45:00','08:45:00','5315277','20','',''),
('225291221450415','08:46:00','08:46:00','5315275','21','',''),
('225291221450415','08:48:00','08:48:00','5315273','22','',''),
('225291221450415','08:49:00','08:49:00','6000769','23','',''),
('2325291211450415','17:52:00','17:52:00','5315303','1','',''),
('2325291211450415','17:53:00','17:53:00','5315304','2','',''),
('2325291211450415','17:54:00','17:54:00','5315305','3','',''),
('2325291211450415','17:55:00','17:55:00','5315301','4','',''),
('2325291211450415','17:58:00','17:58:00','5315306','5','',''),
('2325291211450415','17:59:00','17:59:00','5315299','6','',''),
('2325291211450415','18:00:00','18:00:00','5315297','7','',''),
('2325291211450415','18:01:00','18:01:00','5315295','8','',''),
('2325291211450415','18:02:00','18:02:00','5315293','9','',''),
('2325291211450415','18:04:00','18:04:00','5315285','10','',''),
('2325291211450415','18:05:00','18:05:00','5315291','11','',''),
('2325291211450415','18:06:00','18:06:00','5315289','12','',''),
('2325291211450415','18:07:00','18:07:00','5315307','13','',''),
('2325291211450415','18:08:00','18:08:00','5315287','14','',''),
('2325291211450415','18:10:00','18:10:00','5315308','15','',''),
('2325291211450415','18:11:00','18:11:00','5315309','16','',''),
('2325291211450415','18:12:00','18:12:00','5315281','17','',''),
('2325291211450415','18:14:00','18:14:00','5315279','18','',''),
('2325291211450415','18:14:00','18:14:00','6756020','19','',''),
('2325291211450415','18:15:00','18:15:00','5315277','20','',''),
('2325291211450415','18:16:00','18:16:00','5315275','21','',''),
('2325291211450415','18:18:00','18:18:00','5315273','22','',''),
('2325291211450415','18:19:00','18:19:00','6000769','23','',''),
('2425291211450415','18:22:00','18:22:00','5315303','1','',''),
('2425291211450415','18:23:00','18:23:00','5315304','2','',''),
('2425291211450415','18:24:00','18:24:00','5315305','3','',''),
('2425291211450415','18:25:00','18:25:00','5315301','4','',''),
('2425291211450415','18:28:00','18:28:00','5315306','5','',''),
('2425291211450415','18:29:00','18:29:00','5315299','6','',''),
('2425291211450415','18:30:00','18:30:00','5315297','7','',''),
('2425291211450415','18:31:00','18:31:00','5315295','8','',''),
('2425291211450415','18:32:00','18:32:00','5315293','9','',''),
('2425291211450415','18:34:00','18:34:00','5315285','10','',''),
('2425291211450415','18:35:00','18:35:00','5315291','11','',''),
('2425291211450415','18:36:00','18:36:00','5315289','12','',''),
('2425291211450415','18:37:00','18:37:00','5315307','13','',''),
('2425291211450415','18:38:00','18:38:00','5315287','14','',''),
('2425291211450415','18:40:00','18:40:00','5315308','15','',''),
('2425291211450415','18:41:00','18:41:00','5315309','16','',''),
('2425291211450415','18:42:00','18:42:00','5315281','17','',''),
('2425291211450415','18:44:00','18:44:00','5315279','18','',''),
('2425291211450415','18:44:00','18:44:00','6756020','19','',''),
('2425291211450415','18:45:00','18:45:00','5315277','20','',''),
('2425291211450415','18:46:00','18:46:00','5315275','21','',''),
('2425291211450415','18:48:00','18:48:00','5315273','22','',''),
('2425291211450415','18:49:00','18:49:00','6000769','23','',''),
('2525291211450415','18:52:00','18:52:00','5315303','1','',''),
('2525291211450415','18:53:00','18:53:00','5315304','2','',''),
('2525291211450415','18:54:00','18:54:00','5315305','3','',''),
('2525291211450415','18:55:00','18:55:00','5315301','4','',''),
('2525291211450415','18:58:00','18:58:00','5315306','5','',''),
('2525291211450415','18:59:00','18:59:00','5315299','6','',''),
('2525291211450415','19:00:00','19:00:00','5315297','7','',''),
('2525291211450415','19:01:00','19:01:00','5315295','8','',''),
('2525291211450415','19:02:00','19:02:00','5315293','9','',''),
('2525291211450415','19:04:00','19:04:00','5315285','10','',''),
('2525291211450415','19:05:00','19:05:00','5315291','11','',''),
('2525291211450415','19:06:00','19:06:00','5315289','12','',''),
('2525291211450415','19:07:00','19:07:00','5315307','13','',''),
('2525291211450415','19:08:00','19:08:00','5315287','14','',''),
('2525291211450415','19:10:00','19:10:00','5315308','15','',''),
('2525291211450415','19:11:00','19:11:00','5315309','16','',''),
('2525291211450415','19:12:00','19:12:00','5315281','17','',''),
('2525291211450415','19:14:00','19:14:00','5315279','18','',''),
('2525291211450415','19:14:00','19:14:00','6756020','19','',''),
('2525291211450415','19:15:00','19:15:00','5315277','20','',''),
('2525291211450415','19:16:00','19:16:00','5315275','21','',''),
('2525291211450415','19:18:00','19:18:00','5315273','22','',''),
('2525291211450415','19:19:00','19:19:00','6000769','23','',''),
('325291211450415','07:52:00','07:52:00','5315303','1','',''),
('325291211450415','07:53:00','07:53:00','5315304','2','',''),
('325291211450415','07:54:00','07:54:00','5315305','3','',''),
('325291211450415','07:55:00','07:55:00','5315301','4','',''),
('325291211450415','07:58:00','07:58:00','5315306','5','',''),
('325291211450415','07:59:00','07:59:00','5315299','6','',''),
('325291211450415','08:00:00','08:00:00','5315297','7','',''),
('325291211450415','08:01:00','08:01:00','5315295','8','',''),
('325291211450415','08:02:00','08:02:00','5315293','9','',''),
('325291211450415','08:04:00','08:04:00','5315285','10','',''),
('325291211450415','08:05:00','08:05:00','5315291','11','',''),
('325291211450415','08:06:00','08:06:00','5315289','12','',''),
('325291211450415','08:07:00','08:07:00','5315307','13','',''),
('325291211450415','08:08:00','08:08:00','5315287','14','',''),
('325291211450415','08:10:00','08:10:00','5315308','15','',''),
('325291211450415','08:11:00','08:11:00','5315309','16','',''),
('325291211450415','08:12:00','08:12:00','5315281','17','',''),
('325291211450415','08:14:00','08:14:00','5315279','18','',''),
('325291211450415','08:14:00','08:14:00','6756020','19','',''),
('325291211450415','08:15:00','08:15:00','5315277','20','',''),
('325291211450415','08:16:00','08:16:00','5315275','21','',''),
('325291211450415','08:18:00','08:18:00','5315273','22','',''),
('325291211450415','08:19:00','08:19:00','6000769','23','',''),
('325291221450415','09:22:00','09:22:00','5315303','1','',''),
('325291221450415','09:23:00','09:23:00','5315304','2','',''),
('325291221450415','09:24:00','09:24:00','5315305','3','',''),
('325291221450415','09:25:00','09:25:00','5315301','4','',''),
('325291221450415','09:28:00','09:28:00','5315306','5','',''),
('325291221450415','09:29:00','09:29:00','5315299','6','',''),
('325291221450415','09:30:00','09:30:00','5315297','7','',''),
('325291221450415','09:31:00','09:31:00','5315295','8','',''),
('325291221450415','09:32:00','09:32:00','5315293','9','',''),
('325291221450415','09:34:00','09:34:00','5315285','10','',''),
('325291221450415','09:35:00','09:35:00','5315291','11','',''),
('325291221450415','09:36:00','09:36:00','5315289','12','',''),
('325291221450415','09:37:00','09:37:00','5315307','13','',''),
('325291221450415','09:38:00','09:38:00','5315287','14','',''),
('325291221450415','09:40:00','09:40:00','5315308','15','',''),
('325291221450415','09:41:00','09:41:00','5315309','16','',''),
('325291221450415','09:42:00','09:42:00','5315281','17','',''),
('325291221450415','09:44:00','09:44:00','5315279','18','',''),
('325291221450415','09:44:00','09:44:00','6756020','19','',''),
('325291221450415','09:45:00','09:45:00','5315277','20','',''),
('325291221450415','09:46:00','09:46:00','5315275','21','',''),
('325291221450415','09:48:00','09:48:00','5315273','22','',''),
('325291221450415','09:49:00','09:49:00','6000769','23','',''),
('425291211450415','08:22:00','08:22:00','5315303','1','',''),
('425291211450415','08:23:00','08:23:00','5315304','2','',''),
('425291211450415','08:24:00','08:24:00','5315305','3','',''),
('425291211450415','08:25:00','08:25:00','5315301','4','',''),
('425291211450415','08:28:00','08:28:00','5315306','5','',''),
('425291211450415','08:29:00','08:29:00','5315299','6','',''),
('425291211450415','08:30:00','08:30:00','5315297','7','',''),
('425291211450415','08:31:00','08:31:00','5315295','8','',''),
('425291211450415','08:32:00','08:32:00','5315293','9','',''),
('425291211450415','08:34:00','08:34:00','5315285','10','',''),
('425291211450415','08:35:00','08:35:00','5315291','11','',''),
('425291211450415','08:36:00','08:36:00','5315289','12','',''),
('425291211450415','08:37:00','08:37:00','5315307','13','',''),
('425291211450415','08:38:00','08:38:00','5315287','14','',''),
('425291211450415','08:40:00','08:40:00','5315308','15','',''),
('425291211450415','08:41:00','08:41:00','5315309','16','',''),
('425291211450415','08:42:00','08:42:00','5315281','17','',''),
('425291211450415','08:44:00','08:44:00','5315279','18','',''),
('425291211450415','08:44:00','08:44:00','6756020','19','',''),
('425291211450415','08:45:00','08:45:00','5315277','20','',''),
('425291211450415','08:46:00','08:46:00','5315275','21','',''),
('425291211450415','08:48:00','08:48:00','5315273','22','',''),
('425291211450415','08:49:00','08:49:00','6000769','23','',''),
('425291221450415','10:22:00','10:22:00','5315303','1','',''),
('425291221450415','10:23:00','10:23:00','5315304','2','',''),
('425291221450415','10:24:00','10:24:00','5315305','3','',''),
('425291221450415','10:25:00','10:25:00','5315301','4','',''),
('425291221450415','10:28:00','10:28:00','5315306','5','',''),
('425291221450415','10:29:00','10:29:00','5315299','6','',''),
('425291221450415','10:30:00','10:30:00','5315297','7','',''),
('425291221450415','10:31:00','10:31:00','5315295','8','',''),
('425291221450415','10:32:00','10:32:00','5315293','9','',''),
('425291221450415','10:34:00','10:34:00','5315285','10','',''),
('425291221450415','10:35:00','10:35:00','5315291','11','',''),
('425291221450415','10:36:00','10:36:00','5315289','12','',''),
('425291221450415','10:37:00','10:37:00','5315307','13','',''),
('425291221450415','10:38:00','10:38:00','5315287','14','',''),
('425291221450415','10:40:00','10:40:00','5315308','15','',''),
('425291221450415','10:41:00','10:41:00','5315309','16','',''),
('425291221450415','10:42:00','10:42:00','5315281','17','',''),
('425291221450415','10:44:00','10:44:00','5315279','18','',''),
('425291221450415','10:44:00','10:44:00','6756020','19','',''),
('425291221450415','10:45:00','10:45:00','5315277','20','',''),
('425291221450415','10:46:00','10:46:00','5315275','21','',''),
('425291221450415','10:48:00','10:48:00','5315273','22','',''),
('425291221450415','10:49:00','10:49:00','6000769','23','',''),
('525291211450415','08:52:00','08:52:00','5315303','1','',''),
('525291211450415','08:53:00','08:53:00','5315304','2','',''),
('525291211450415','08:54:00','08:54:00','5315305','3','',''),
('525291211450415','08:55:00','08:55:00','5315301','4','',''),
('525291211450415','08:58:00','08:58:00','5315306','5','',''),
('525291211450415','08:59:00','08:59:00','5315299','6','',''),
('525291211450415','09:00:00','09:00:00','5315297','7','',''),
('525291211450415','09:01:00','09:01:00','5315295','8','',''),
('525291211450415','09:02:00','09:02:00','5315293','9','',''),
('525291211450415','09:04:00','09:04:00','5315285','10','',''),
('525291211450415','09:05:00','09:05:00','5315291','11','',''),
('525291211450415','09:06:00','09:06:00','5315289','12','',''),
('525291211450415','09:07:00','09:07:00','5315307','13','',''),
('525291211450415','09:08:00','09:08:00','5315287','14','',''),
('525291211450415','09:10:00','09:10:00','5315308','15','',''),
('525291211450415','09:11:00','09:11:00','5315309','16','',''),
('525291211450415','09:12:00','09:12:00','5315281','17','',''),
('525291211450415','09:14:00','09:14:00','5315279','18','',''),
('525291211450415','09:14:00','09:14:00','6756020','19','',''),
('525291211450415','09:15:00','09:15:00','5315277','20','',''),
('525291211450415','09:16:00','09:16:00','5315275','21','',''),
('525291211450415','09:18:00','09:18:00','5315273','22','',''),
('525291211450415','09:19:00','09:19:00','6000769','23','',''),
('525291221450415','11:22:00','11:22:00','5315303','1','',''),
('525291221450415','11:23:00','11:23:00','5315304','2','',''),
('525291221450415','11:24:00','11:24:00','5315305','3','',''),
('525291221450415','11:25:00','11:25:00','5315301','4','',''),
('525291221450415','11:28:00','11:28:00','5315306','5','',''),
('525291221450415','11:29:00','11:29:00','5315299','6','',''),
('525291221450415','11:30:00','11:30:00','5315297','7','',''),
('525291221450415','11:31:00','11:31:00','5315295','8','',''),
('525291221450415','11:32:00','11:32:00','5315293','9','',''),
('525291221450415','11:34:00','11:34:00','5315285','10','',''),
('525291221450415','11:35:00','11:35:00','5315291','11','',''),
('525291221450415','11:36:00','11:36:00','5315289','12','',''),
('525291221450415','11:37:00','11:37:00','5315307','13','',''),
('525291221450415','11:38:00','11:38:00','5315287','14','',''),
('525291221450415','11:40:00','11:40:00','5315308','15','',''),
('525291221450415','11:41:00','11:41:00','5315309','16','',''),
('525291221450415','11:42:00','11:42:00','5315281','17','',''),
('525291221450415','11:44:00','11:44:00','5315279','18','',''),
('525291221450415','11:44:00','11:44:00','6756020','19','',''),
('525291221450415','11:45:00','11:45:00','5315277','20','',''),
('525291221450415','11:46:00','11:46:00','5315275','21','',''),
('525291221450415','11:48:00','11:48:00','5315273','22','',''),
('525291221450415','11:49:00','11:49:00','6000769','23','',''),
('625291211450415','09:22:00','09:22:00','5315303','1','',''),
('625291211450415','09:23:00','09:23:00','5315304','2','',''),
('625291211450415','09:24:00','09:24:00','5315305','3','',''),
('625291211450415','09:25:00','09:25:00','5315301','4','',''),
('625291211450415','09:28:00','09:28:00','5315306','5','',''),
('625291211450415','09:29:00','09:29:00','5315299','6','',''),
('625291211450415','09:30:00','09:30:00','5315297','7','',''),
('625291211450415','09:31:00','09:31:00','5315295','8','',''),
('625291211450415','09:32:00','09:32:00','5315293','9','',''),
('625291211450415','09:34:00','09:34:00','5315285','10','',''),
('625291211450415','09:35:00','09:35:00','5315291','11','',''),
('625291211450415','09:36:00','09:36:00','5315289','12','',''),
('625291211450415','09:37:00','09:37:00','5315307','13','',''),
('625291211450415','09:38:00','09:38:00','5315287','14','',''),
('625291211450415','09:40:00','09:40:00','5315308','15','',''),
('625291211450415','09:41:00','09:41:00','5315309','16','',''),
('625291211450415','09:42:00','09:42:00','5315281','17','',''),
('625291211450415','09:44:00','09:44:00','5315279','18','',''),
('625291211450415','09:44:00','09:44:00','6756020','19','',''),
('625291211450415','09:45:00','09:45:00','5315277','20','',''),
('625291211450415','09:46:00','09:46:00','5315275','21','',''),
('625291211450415','09:48:00','09:48:00','5315273','22','',''),
('625291211450415','09:49:00','09:49:00','6000769','23','',''),
('625291221450415','12:22:00','12:22:00','5315303','1','',''),
('625291221450415','12:23:00','12:23:00','5315304','2','',''),
('625291221450415','12:24:00','12:24:00','5315305','3','',''),
('625291221450415','12:25:00','12:25:00','5315301','4','',''),
('625291221450415','12:28:00','12:28:00','5315306','5','',''),
('625291221450415','12:29:00','12:29:00','5315299','6','',''),
('625291221450415','12:30:00','12:30:00','5315297','7','',''),
('625291221450415','12:31:00','12:31:00','5315295','8','',''),
('625291221450415','12:32:00','12:32:00','5315293','9','',''),
('625291221450415','12:34:00','12:34:00','5315285','10','',''),
('625291221450415','12:35:00','12:35:00','5315291','11','',''),
('625291221450415','12:36:00','12:36:00','5315289','12','',''),
('625291221450415','12:37:00','12:37:00','5315307','13','',''),
('625291221450415','12:38:00','12:38:00','5315287','14','',''),
('625291221450415','12:40:00','12:40:00','5315308','15','',''),
('625291221450415','12:41:00','12:41:00','5315309','16','',''),
('625291221450415','12:42:00','12:42:00','5315281','17','',''),
('625291221450415','12:44:00','12:44:00','5315279','18','',''),
('625291221450415','12:44:00','12:44:00','6756020','19','',''),
('625291221450415','12:45:00','12:45:00','5315277','20','',''),
('625291221450415','12:46:00','12:46:00','5315275','21','',''),
('625291221450415','12:48:00','12:48:00','5315273','22','',''),
('625291221450415','12:49:00','12:49:00','6000769','23','',''),
('725291211450415','09:52:00','09:52:00','5315303','1','',''),
('725291211450415','09:53:00','09:53:00','5315304','2','',''),
('725291211450415','09:54:00','09:54:00','5315305','3','',''),
('725291211450415','09:55:00','09:55:00','5315301','4','',''),
('725291211450415','09:58:00','09:58:00','5315306','5','',''),
('725291211450415','09:59:00','09:59:00','5315299','6','',''),
('725291211450415','10:00:00','10:00:00','5315297','7','',''),
('725291211450415','10:01:00','10:01:00','5315295','8','',''),
('725291211450415','10:02:00','10:02:00','5315293','9','',''),
('725291211450415','10:04:00','10:04:00','5315285','10','',''),
('725291211450415','10:05:00','10:05:00','5315291','11','',''),
('725291211450415','10:06:00','10:06:00','5315289','12','',''),
('725291211450415','10:07:00','10:07:00','5315307','13','',''),
('725291211450415','10:08:00','10:08:00','5315287','14','',''),
('725291211450415','10:10:00','10:10:00','5315308','15','',''),
('725291211450415','10:11:00','10:11:00','5315309','16','',''),
('725291211450415','10:12:00','10:12:00','5315281','17','',''),
('725291211450415','10:14:00','10:14:00','5315279','18','',''),
('725291211450415','10:14:00','10:14:00','6756020','19','',''),
('725291211450415','10:15:00','10:15:00','5315277','20','',''),
('725291211450415','10:16:00','10:16:00','5315275','21','',''),
('725291211450415','10:18:00','10:18:00','5315273','22','',''),
('725291211450415','10:19:00','10:19:00','6000769','23','',''),
('725291221450415','13:22:00','13:22:00','5315303','1','',''),
('725291221450415','13:23:00','13:23:00','5315304','2','',''),
('725291221450415','13:24:00','13:24:00','5315305','3','',''),
('725291221450415','13:25:00','13:25:00','5315301','4','',''),
('725291221450415','13:28:00','13:28:00','5315306','5','',''),
('725291221450415','13:29:00','13:29:00','5315299','6','',''),
('725291221450415','13:30:00','13:30:00','5315297','7','',''),
('725291221450415','13:31:00','13:31:00','5315295','8','',''),
('725291221450415','13:32:00','13:32:00','5315293','9','',''),
('725291221450415','13:34:00','13:34:00','5315285','10','',''),
('725291221450415','13:35:00','13:35:00','5315291','11','',''),
('725291221450415','13:36:00','13:36:00','5315289','12','',''),
('725291221450415','13:37:00','13:37:00','5315307','13','',''),
('725291221450415','13:38:00','13:38:00','5315287','14','',''),
('725291221450415','13:40:00','13:40:00','5315308','15','',''),
('725291221450415','13:41:00','13:41:00','5315309','16','',''),
('725291221450415','13:42:00','13:42:00','5315281','17','',''),
('725291221450415','13:44:00','13:44:00','5315279','18','',''),
('725291221450415','13:44:00','13:44:00','6756020','19','',''),
('725291221450415','13:45:00','13:45:00','5315277','20','',''),
('725291221450415','13:46:00','13:46:00','5315275','21','',''),
('725291221450415','13:48:00','13:48:00','5315273','22','',''),
('725291221450415','13:49:00','13:49:00','6000769','23','',''),
('825291211450415','10:22:00','10:22:00','5315303','1','',''),
('825291211450415','10:23:00','10:23:00','5315304','2','',''),
('825291211450415','10:24:00','10:24:00','5315305','3','',''),
('825291211450415','10:25:00','10:25:00','5315301','4','',''),
('825291211450415','10:28:00','10:28:00','5315306','5','',''),
('825291211450415','10:29:00','10:29:00','5315299','6','',''),
('825291211450415','10:30:00','10:30:00','5315297','7','',''),
('825291211450415','10:31:00','10:31:00','5315295','8','',''),
('825291211450415','10:32:00','10:32:00','5315293','9','',''),
('825291211450415','10:34:00','10:34:00','5315285','10','',''),
('825291211450415','10:35:00','10:35:00','5315291','11','',''),
('825291211450415','10:36:00','10:36:00','5315289','12','',''),
('825291211450415','10:37:00','10:37:00','5315307','13','',''),
('825291211450415','10:38:00','10:38:00','5315287','14','',''),
('825291211450415','10:40:00','10:40:00','5315308','15','',''),
('825291211450415','10:41:00','10:41:00','5315309','16','',''),
('825291211450415','10:42:00','10:42:00','5315281','17','',''),
('825291211450415','10:44:00','10:44:00','5315279','18','',''),
('825291211450415','10:44:00','10:44:00','6756020','19','',''),
('825291211450415','10:45:00','10:45:00','5315277','20','',''),
('825291211450415','10:46:00','10:46:00','5315275','21','',''),
('825291211450415','10:48:00','10:48:00','5315273','22','',''),
('825291211450415','10:49:00','10:49:00','6000769','23','',''),
('825291221450415','14:22:00','14:22:00','5315303','1','',''),
('825291221450415','14:23:00','14:23:00','5315304','2','',''),
('825291221450415','14:24:00','14:24:00','5315305','3','',''),
('825291221450415','14:25:00','14:25:00','5315301','4','',''),
('825291221450415','14:28:00','14:28:00','5315306','5','',''),
('825291221450415','14:29:00','14:29:00','5315299','6','',''),
('825291221450415','14:30:00','14:30:00','5315297','7','',''),
('825291221450415','14:31:00','14:31:00','5315295','8','',''),
('825291221450415','14:32:00','14:32:00','5315293','9','',''),
('825291221450415','14:34:00','14:34:00','5315285','10','',''),
('825291221450415','14:35:00','14:35:00','5315291','11','',''),
('825291221450415','14:36:00','14:36:00','5315289','12','',''),
('825291221450415','14:37:00','14:37:00','5315307','13','',''),
('825291221450415','14:38:00','14:38:00','5315287','14','',''),
('825291221450415','14:40:00','14:40:00','5315308','15','',''),
('825291221450415','14:41:00','14:41:00','5315309','16','',''),
('825291221450415','14:42:00','14:42:00','5315281','17','',''),
('825291221450415','14:44:00','14:44:00','5315279','18','',''),
('825291221450415','14:44:00','14:44:00','6756020','19','',''),
('825291221450415','14:45:00','14:45:00','5315277','20','',''),
('825291221450415','14:46:00','14:46:00','5315275','21','',''),
('825291221450415','14:48:00','14:48:00','5315273','22','',''),
('825291221450415','14:49:00','14:49:00','6000769','23','',''),
('925291211450415','10:52:00','10:52:00','5315303','1','',''),
('925291211450415','10:53:00','10:53:00','5315304','2','',''),
('925291211450415','10:54:00','10:54:00','5315305','3','',''),
('925291211450415','10:55:00','10:55:00','5315301','4','',''),
('925291211450415','10:58:00','10:58:00','5315306','5','',''),
('925291211450415','10:59:00','10:59:00','5315299','6','',''),
('925291211450415','11:00:00','11:00:00','5315297','7','',''),
('925291211450415','11:01:00','11:01:00','5315295','8','',''),
('925291211450415','11:02:00','11:02:00','5315293','9','',''),
('925291211450415','11:04:00','11:04:00','5315285','10','',''),
('925291211450415','11:05:00','11:05:00','5315291','11','',''),
('925291211450415','11:06:00','11:06:00','5315289','12','',''),
('925291211450415','11:07:00','11:07:00','5315307','13','',''),
('925291211450415','11:08:00','11:08:00','5315287','14','',''),
('925291211450415','11:10:00','11:10:00','5315308','15','',''),
('925291211450415','11:11:00','11:11:00','5315309','16','',''),
('925291211450415','11:12:00','11:12:00','5315281','17','',''),
('925291211450415','11:14:00','11:14:00','5315279','18','',''),
('925291211450415','11:14:00','11:14:00','6756020','19','',''),
('925291211450415','11:15:00','11:15:00','5315277','20','',''),
('925291211450415','11:16:00','11:16:00','5315275','21','',''),
('925291211450415','11:18:00','11:18:00','5315273','22','',''),
('925291211450415','11:19:00','11:19:00','6000769','23','',''),
('925291221450415','15:22:00','15:22:00','5315303','1','',''),
('925291221450415','15:23:00','15:23:00','5315304','2','',''),
('925291221450415','15:24:00','15:24:00','5315305','3','',''),
('925291221450415','15:25:00','15:25:00','5315301','4','',''),
('925291221450415','15:28:00','15:28:00','5315306','5','',''),
('925291221450415','15:29:00','15:29:00','5315299','6','',''),
('925291221450415','15:30:00','15:30:00','5315297','7','',''),
('925291221450415','15:31:00','15:31:00','5315295','8','',''),
('925291221450415','15:32:00','15:32:00','5315293','9','',''),
('925291221450415','15:34:00','15:34:00','5315285','10','',''),
('925291221450415','15:35:00','15:35:00','5315291','11','',''),
('925291221450415','15:36:00','15:36:00','5315289','12','',''),
('925291221450415','15:37:00','15:37:00','5315307','13','',''),
('925291221450415','15:38:00','15:38:00','5315287','14','',''),
('925291221450415','15:40:00','15:40:00','5315308','15','',''),
('925291221450415','15:41:00','15:41:00','5315309','16','',''),
('925291221450415','15:42:00','15:42:00','5315281','17','',''),
('925291221450415','15:44:00','15:44:00','5315279','18','',''),
('925291221450415','15:44:00','15:44:00','6756020','19','',''),
('925291221450415','15:45:00','15:45:00','5315277','20','',''),
('925291221450415','15:46:00','15:46:00','5315275','21','',''),
('925291221450415','15:48:00','15:48:00','5315273','22','',''),
('925291221450415','15:49:00','15:49:00','6000769','23','','');
INSERT INTO calendar (service_id,monday,tuesday,wednesday,thursday,friday,saturday,sunday,start_date,end_date) VALUES
('2529121','0','0','0','0','0','0','0','20171221','20180619'),
('2529122','0','0','0','0','0','0','0','20171223','20180616');
INSERT INTO calendar_dates (service_id,date,exception_type) VALUES
('2529121','20171221','1'),
('2529121','20171222','1'),
('2529121','20171226','1'),
('2529121','20171227','1'),
('2529121','20171228','1'),
('2529121','20171229','1'),
('2529121','20180102','1'),
('2529121','20180103','1'),
('2529121','20180104','1'),
('2529121','20180105','1'),
('2529121','20180108','1'),
('2529121','20180109','1'),
('2529121','20180110','1'),
('2529121','20180111','1'),
('2529121','20180112','1'),
('2529121','20180115','1'),
('2529121','20180116','1'),
('2529121','20180117','1'),
('2529121','20180118','1'),
('2529121','20180119','1'),
('2529121','20180122','1'),
('2529121','20180123','1'),
('2529121','20180124','1'),
('2529121','20180125','1'),
('2529121','20180126','1'),
('2529121','20180129','1'),
('2529121','20180130','1'),
('2529121','20180131','1'),
('2529121','20180201','1'),
('2529121','20180202','1'),
('2529121','20180205','1'),
('2529121','20180206','1'),
('2529121','20180207','1'),
('2529121','20180208','1'),
('2529121','20180209','1'),
('2529121','20180212','1'),
('2529121','20180213','1'),
('2529121','20180214','1'),
('2529121','20180215','1'),
('2529121','20180216','1'),
('2529121','20180219','1'),
('2529121','20180220','1'),
('2529121','20180221','1'),
('2529121','20180222','1'),
('2529121','20180223','1'),
('2529121','20180226','1'),
('2529121','20180227','1'),
('2529121','20180228','1'),
('2529121','20180301','1'),
('2529121','20180302','1'),
('2529121','20180305','1'),
('2529121','20180306','1'),
('2529121','20180307','1'),
('2529121','20180308','1'),
('2529121','20180309','1'),
('2529121','20180312','1'),
('2529121','20180313','1'),
('2529121','20180314','1'),
('2529121','20180315','1'),
('2529121','20180316','1'),
('2529121','20180319','1'),
('2529121','20180320','1'),
('2529121','20180321','1'),
('2529121','20180322','1'),
('2529121','20180323','1'),
('2529121','20180326','1'),
('2529121','20180327','1'),
('2529121','20180328','1'),
('2529121','20180329','1'),
('2529121','20180330','1'),
('2529121','20180403','1'),
('2529121','20180404','1'),
('2529121','20180405','1'),
('2529121','20180406','1'),
('2529121','20180409','1'),
('2529121','20180410','1'),
('2529121','20180411','1'),
('2529121','20180412','1'),
('2529121','20180413','1'),
('2529121','20180416','1'),
('2529121','20180417','1'),
('2529121','20180418','1'),
('2529121','20180419','1'),
('2529121','20180420','1'),
('2529121','20180423','1'),
('2529121','20180424','1'),
('2529121','20180425','1'),
('2529121','20180426','1'),
('2529121','20180427','1'),
('2529121','20180430','1'),
('2529121','20180502','1'),
('2529121','20180503','1'),
('2529121','20180504','1'),
('2529121','20180507','1'),
('2529121','20180509','1'),
('2529121','20180511','1'),
('2529121','20180514','1'),
('2529121','20180515','1'),
('2529121','20180516','1'),
('2529121','20180517','1'),
('2529121','20180518','1'),
('2529121','20180522','1'),
('2529121','20180523','1'),
('2529121','20180524','1'),
('2529121','20180525','1'),
('2529121','20180528','1'),
('2529121','20180529','1'),
('2529121','20180530','1'),
('2529121','20180531','1'),
('2529121','20180601','1'),
('2529121','20180604','1'),
('2529121','20180605','1'),
('2529121','20180606','1'),
('2529121','20180607','1'),
('2529121','20180608','1'),
('2529121','20180611','1'),
('2529121','20180612','1'),
('2529121','20180613','1'),
('2529121','20180614','1'),
('2529121','20180615','1'),
('2529121','20180618','1'),
('2529121','20180619','1'),
('2529122','20171223','1'),
('2529122','20171230','1'),
('2529122','20180106','1'),
('2529122','20180113','1'),
('2529122','20180120','1'),
('2529122','20180127','1'),
('2529122','20180203','1'),
('2529122','20180210','1'),
('2529122','20180217','1'),
('2529122','20180224','1'),
('2529122','20180303','1'),
('2529122','20180310','1'),
('2529122','20180317','1'),
('2529122','20180324','1'),
('2529122','20180331','1'),
('2529122','20180407','1'),
('2529122','20180414','1'),
('2529122','20180421','1'),
('2529122','20180428','1'),
('2529122','20180505','1'),
('2529122','20180512','1'),
('2529122','20180519','1'),
('2529122','20180526','1'),
('2529122','20180602','1'),
('2529122','20180609','1'),
('2529122','20180616','1');
INSERT INTO routes (route_id,agency_id,route_short_name,route_long_name,route_desc,route_type,route_url,route_color,route_text_color) VALUES
('1788320','100','AMIBUS','(CHATILLON-MONTROUGE <-> MAIRIE DE CHATILLON) - Aller','','3','','FFFFFF','000000'),
('1788321','100','AMIBUS','(CHATILLON-MONTROUGE <-> MAIRIE DE CHATILLON) - Retour','','3','','FFFFFF','000000');
INSERT INTO agency (agency_id,agency_name,agency_url,agency_timezone,agency_lang,agency_phone) VALUES
('100','RATP (100)','http://www.ratp.fr/','CET','','');
INSERT INTO trips (route_id,service_id,trip_id,trip_headsign,trip_short_name,direction_id,shape_id) VALUES
('1788320','2529121','1025291211450414','','10','0',''),
('1788320','2529122','1025291221450414','','10','0',''),
('1788320','2529121','1125291211450414','','11','0',''),
('1788320','2529122','1125291221450414','','11','0',''),
('1788320','2529121','1225291211450414','','12','0',''),
('1788320','2529122','1225291221450414','','12','0',''),
('1788320','2529121','125291211450414','','1','0',''),
('1788320','2529122','125291221450414','','1','0',''),
('1788320','2529121','1325291211450414','','13','0',''),
('1788320','2529122','1325291221450414','','13','0',''),
('1788320','2529121','1425291211450414','','14','0',''),
('1788320','2529121','1525291211450414','','15','0',''),
('1788320','2529121','1625291211450414','','16','0',''),
('1788320','2529121','1725291211450414','','17','0',''),
('1788320','2529121','1825291211450414','','18','0',''),
('1788320','2529121','1925291211450414','','19','0',''),
('1788320','2529121','2025291211450414','','20','0',''),
('1788320','2529121','2125291211450414','','21','0',''),
('1788320','2529121','2225291211450414','','22','0',''),
('1788320','2529121','225291211450414','','2','0',''),
('1788320','2529122','225291221450414','','2','0',''),
('1788320','2529121','2325291211450414','','23','0',''),
('1788320','2529121','2425291211450414','','24','0',''),
('1788320','2529121','2525291211450414','','25','0',''),
('1788320','2529121','325291211450414','','3','0',''),
('1788320','2529122','325291221450414','','3','0',''),
('1788320','2529121','425291211450414','','4','0',''),
('1788320','2529122','425291221450414','','4','0',''),
('1788320','2529121','525291211450414','','5','0',''),
('1788320','2529122','525291221450414','','5','0',''),
('1788320','2529121','625291211450414','','6','0',''),
('1788320','2529122','625291221450414','','6','0',''),
('1788320','2529121','725291211450414','','7','0',''),
('1788320','2529122','725291221450414','','7','0',''),
('1788320','2529121','825291211450414','','8','0',''),
('1788320','2529122','825291221450414','','8','0',''),
('1788320','2529121','925291211450414','','9','0',''),
('1788320','2529122','925291221450414','','9','0',''),
('1788321','2529121','1025291211450415','','10','1',''),
('1788321','2529122','1025291221450415','','10','1',''),
('1788321','2529121','1125291211450415','','11','1',''),
('1788321','2529122','1125291221450415','','11','1',''),
('1788321','2529121','1225291211450415','','12','1',''),
('1788321','2529122','1225291221450415','','12','1',''),
('1788321','2529121','125291211450415','','1','1',''),
('1788321','2529122','125291221450415','','1','1',''),
('1788321','2529121','1325291211450415','','13','1',''),
('1788321','2529121','1425291211450415','','14','1',''),
('1788321','2529121','1525291211450415','','15','1',''),
('1788321','2529121','1625291211450415','','16','1',''),
('1788321','2529121','1725291211450415','','17','1',''),
('1788321','2529121','1825291211450415','','18','1',''),
('1788321','2529121','1925291211450415','','19','1',''),
('1788321','2529121','2025291211450415','','20','1',''),
('1788321','2529121','2125291211450415','','21','1',''),
('1788321','2529121','2225291211450415','','22','1',''),
('1788321','2529121','225291211450415','','2','1',''),
('1788321','2529122','225291221450415','','2','1',''),
('1788321','2529121','2325291211450415','','23','1',''),
('1788321','2529121','2425291211450415','','24','1',''),
('1788321','2529121','2525291211450415','','25','1',''),
('1788321','2529121','325291211450415','','3','1',''),
('1788321','2529122','325291221450415','','3','1',''),
('1788321','2529121','425291211450415','','4','1',''),
('1788321','2529122','425291221450415','','4','1',''),
('1788321','2529121','525291211450415','','5','1',''),
('1788321','2529122','525291221450415','','5','1',''),
('1788321','2529121','625291211450415','','6','1',''),
('1788321','2529122','625291221450415','','6','1',''),
('1788321','2529121','725291211450415','','7','1',''),
('1788321','2529122','725291221450415','','7','1',''),
('1788321','2529121','825291211450415','','8','1',''),
('1788321','2529122','825291221450415','','8','1',''),
('1788321','2529121','925291211450415','','9','1',''),
('1788321','2529122','925291221450415','','9','1','');
INSERT INTO transfers (from_stop_id,to_stop_id,transfer_type,min_transfer_time) VALUES
('6000768','5122024','2','35'),
('5315274','5370710','2','75'),
('5137975','5315272','2','138'),
('5137975','5315273','2','126'),
('6000768','5121772','2','103'),
('5423657','6000768','2','101'),
('4473575','6000768','2','35'),
('4473575','6000769','2','35'),
('6756019','6756008','2','31'),
('5137974','6000768','2','35'),
('5423657','6000769','2','101'),
('4473641','6000769','2','106'),
('5137978','5315301','2','58'),
('5137974','6000769','2','35'),
('4473641','6000768','2','106'),
('6046779','5315297','2','99'),
('6046779','5315296','2','43'),
('5315279','6756014','2','109'),
('5315279','6756013','2','117'),
('4473639','5315274','2','72'),
('5976631','5315304','2','106'),
('4473639','5315276','2','141'),
('5067582','5315309','2','109'),
('5976631','5315305','2','106'),
('5315279','6756011','2','109'),
('5315273','5221750','2','17'),
('5315272','5122027','2','17'),
('6756019','6756014','2','31'),
('6756019','6756011','2','31'),
('5315296','5121413','2','51'),
('5315281','3619148','2','144'),
('5315274','5221753','2','75'),
('5315294','5121414','2','22'),
('5315276','5221755','2','20'),
('6000768','5121410','2','35'),
('6000768','5121770','2','51'),
('6000771','6000769','2','112'),
('5315295','5121415','2','22'),
('6000768','5121771','2','59'),
('6000771','6000768','2','112'),
('5067585','5315293','2','109'),
('5067585','5315294','2','22'),
('5315305','4458768','2','77'),
('5138010','5315305','2','53'),
('5315290','4458818','2','127'),
('5161463','5315305','2','106'),
('5315274','5122029','2','75'),
('5315300','5122010','2','67'),
('5161463','5315304','2','106'),
('5315293','5221758','2','109'),
('5315309','3681983','2','109'),
('5315293','5221759','2','129'),
('6000768','2224','2','255'),
('5315277','5122030','2','20'),
('5138010','5315304','2','110'),
('5315295','5221759','2','22'),
('4473572','6000769','2','106'),
('5315309','3682004','2','69'),
('4473573','6000769','2','105'),
('6000769','1969','2','255'),
('4473572','6000768','2','106'),
('4473573','6000768','2','105'),
('5315273','5122026','2','17'),
('6000772','6000769','2','125'),
('5315301','5122010','2','58'),
('5315272','5370711','2','17'),
('5137978','5315300','2','67'),
('6000769','5221748','2','35'),
('5315293','5122035','2','129'),
('5315293','5122034','2','109'),
('6000772','6000768','2','125'),
('5423664','5315304','2','106'),
('5315297','5121413','2','107'),
('5423664','5315305','2','106'),
('5315304','4458813','2','106'),
('6000768','1969','2','255'),
('6046780','5315296','2','27'),
('6000769','5122024','2','35'),
('6046780','5315297','2','80'),
('5315293','5121414','2','109'),
('5315293','5121415','2','129'),
('5315295','5370707','2','22'),
('5976695','5315305','2','99'),
('5976694','5315305','2','106'),
('5315295','5122035','2','22'),
('5976695','5315304','2','129'),
('5976694','5315304','2','106'),
('4473569','5315275','2','107'),
('5315305','5122011','2','106'),
('4473569','5315274','2','31'),
('5315294','5221758','2','22'),
('4473626','6000768','2','108'),
('4473626','6000769','2','108'),
('5423665','5315304','2','129'),
('5423665','5315305','2','99'),
('5423656','6000769','2','112'),
('5423656','6000768','2','112'),
('6000768','6000770','2','35'),
('6756018','5315296','2','100'),
('6000769','5121772','2','103'),
('5315276','5122031','2','20'),
('4473568','5315274','2','72'),
('6000769','6000770','2','35'),
('6000769','5121771','2','59'),
('6000769','5121770','2','51'),
('4473576','6000769','2','122'),
('5315309','3681976','2','109'),
('5315305','4458813','2','106'),
('4473568','5315276','2','141'),
('5315275','5122028','2','75'),
('5315276','5370709','2','20'),
('6756017','5315296','2','110'),
('5067581','5315309','2','69'),
('4473576','6000768','2','122'),
('5315277','5221754','2','20'),
('6046775','6000769','2','68'),
('5315272','5221751','2','17'),
('6046775','6000768','2','68'),
('5315304','5122011','2','106'),
('5976632','5315304','2','129'),
('6000769','5121410','2','35'),
('6756020','6756013','2','31'),
('5976632','5315305','2','99'),
('5067586','5315293','2','129'),
('5315279','6756007','2','117'),
('5315279','6756008','2','109'),
('5315293','5370707','2','129'),
('6756020','6756007','2','31'),
('6000768','5121807','2','108'),
('5067586','5315295','2','22'),
('5315294','5122034','2','22'),
('5315296','6756010','2','100'),
('5315305','5121982','2','99'),
('5315296','6756012','2','100'),
('5138015','5315273','2','130'),
('5315296','6756015','2','110'),
('5138015','5315272','2','137'),
('5315290','5151465','2','127'),
('5315296','6756016','2','100'),
('5315290','5151466','2','135'),
('6046776','6000768','2','68'),
('6046776','6000769','2','68'),
('5315278','6756014','2','63'),
('5315309','3619148','2','69'),
('5137980','5315305','2','77'),
('5315278','6756013','2','72'),
('5315309','3619147','2','109'),
('5315275','5221752','2','75'),
('5315278','6756011','2','63'),
('4473643','6000769','2','122'),
('4473643','6000768','2','122'),
('6000769','5121807','2','108'),
('5067581','5315281','2','144'),
('6000769','2224','2','255'),
('5138011','5315303','2','19'),
('5138011','5315302','2','19'),
('5315278','6756007','2','72'),
('5315296','6756009','2','110'),
('5315278','6756008','2','63'),
('5161520','5315305','2','99'),
('6000768','5221748','2','35'),
('5161520','5315304','2','129'),
('5315304','5121982','2','129'),
('5315281','3682004','2','144');
INSERT INTO stops (stop_id,stop_code,stop_name,stop_desc,stop_lat,stop_lon,location_type,parent_station) VALUES
('5315274','','JEAN MERMOZ','FACE 70 R MARCELIN BERTHELOT - 92020','48.80877914567906','2.2917646239249407','0',''),
('5315299','','HENRI GATINOT','FACE 2 R HENRI GATINOT - 92020','48.80424950983194','2.2923264536337706','0',''),
('5315273','','MARCELIN BERTHELOT','20 R MARCELIN BERTHELOT - 92020','48.809392030314854','2.2964995723194335','0',''),
('5315297','','CONSERVATOIRE','FACE 6 R PAUL BERT - 92020','48.804158859735296','2.2903263993006653','0',''),
('5315272','','MARCELIN BERTHELOT','FACE 22-24 R MARCELIN BERTHELOT - 92020','48.80956277466877','2.2964313994754675','0',''),
('5315298','','HENRI GATINOT','FACE 9 BIS R JEAN MACE - 92020','48.804006538371624','2.2915374981646384','0',''),
('5315295','','CENTRE DE CHATILLON - MARCHE','34 RUE GABRIEL PERI - 92020','48.80210842496292','2.2873485804549465','0',''),
('5315278','','NOTRE-DAME DU CALVAIRE','74 BOULEVARD DE VANVES - 92020','48.80797628804509','2.284621470617657','0',''),
('5315277','','STADE DE CHATILLON','R D''AYWAILLE - 92020','48.80809477568845','2.288485845694802','0',''),
('5315296','','CONSERVATOIRE','10 AV DE PARIS - 92020','48.804221438717455','2.2894827482991693','0',''),
('5315293','','JEAN-PIERRE TIMBAUD','FACE 21 R JEAN PIERRE TIMBAUD - 92020','48.802683043689086','2.285933008404492','0',''),
('5315276','','STADE DE CHATILLON','35 AV CLEMENT PERRIERE - 92020','48.808283580337466','2.288635350032826','0',''),
('5315275','','JEAN MERMOZ','FACE 55 R MARCELIN BERTHELOT - 92020','48.808806540452764','2.292907635248801','0',''),
('5315294','','CENTRE DE CHATILLON - MARCHE','21 AVENUE GABRIEL PERI - 92020','48.801910761177105','2.2875120395185693','0',''),
('5315291','','CIMETIERE DE CHATILLON','FACE 57 R LASEGUE - 92020','48.802384199977695','2.280967157153532','0',''),
('5315292','','JEAN-PIERRE TIMBAUD','R JEAN PIERRE TIMBAUD - 92020','48.80291641377826','2.2852116586530387','0',''),
('5315279','','NOTRE-DAME DU CALVAIRE','73 BD DE VANVES - 92020','48.80824566733703','2.2840496859962265','0',''),
('5315290','','CIMETIERE DE CHATILLON','R LASEGUE - 92020','48.80201614595034','2.281919961092053','0',''),
('6756019','','CLEMENT PERRIERE','FACE AU 10 AVENUE CLEMENT PERRIERE - 92020','48.807805990767626','2.285696620115396','0',''),
('6000769','','CHATILLON-MONTROUGE','204 AVENUE DE PARIS - 92020','48.81128070086906','2.3002947806132377','0',''),
('6000768','','CHATILLON-MONTROUGE','204 AVENUE DE PARIS - 92020','48.81128070086906','2.3002947806132377','0',''),
('5315300','','LIBERTE','BD DE LA LIBERTE - 92020','48.80122090468318','2.2931045919619266','0',''),
('5315286','','COLLEGE GEORGE SAND','74 R GAY LUSSAC - 92020','48.80567331683369','2.280079152990146','0',''),
('5315304','','PAUL ELUARD','12 R DE BAGNEUX - 92020','48.79845235424311','2.2923178645592674','0',''),
('5315287','','COLLEGE GEORGE SAND','87 R GAY LUSSAC - 92020','48.80607672207126','2.277942433381694','0',''),
('5315303','','MAIRIE DE CHATILLON','AVENUE DE LA REPUBLIQUE - 92020','48.79994385199227','2.2910512864175656','0',''),
('6756020','','CLEMENT PERRIERE','4 AVENUE CLEMENT PERRIERE - 92020','48.80757216643497','2.285370278546357','0',''),
('5315288','','LASEGUE','107 R LASEGUE - 92020','48.80301194788116','2.2780819948406235','0',''),
('5315302','','MAIRIE DE CHATILLON','AVENUE DE LA REPUBLIQUE - 92020','48.79994385199227','2.2910512864175656','0',''),
('5315289','','LASEGUE','FACE 113 R LASEGUE - 92020','48.8034608474567','2.2771018394385814','0',''),
('5315301','','LIBERTE','BD DE LA LIBERTE - 92020','48.801373748209365','2.293240518156548','0',''),
('5315282','','PREVOYANTS','45 R LUCIEN SAMPAIX - 92020','48.808567889817134','2.2811373503643333','0',''),
('5315283','','BERANGER - PETITE ENFANCE','51 R BERANGER - 92020','48.806222096879374','2.281180706519713','0',''),
('5315284','','ECOLE MARCEL DORET','70 AV DE LA PAIX - 92020','48.80476676295409','2.2826653874084424','0',''),
('5315285','','ECOLE MARCEL DORET','70 AV DE LA PAIX - 92020','48.80476676295409','2.2826653874084424','0',''),
('5315280','','PISCINE','100 BD DE VANVES - 92020','48.80972813366499','2.2829051110016483','0',''),
('5315281','','PISCINE','117 BD DE VANVES - 92020','48.81030294354107','2.28201999204312','0',''),
('5315307','','MARIE DOFFE','48 RUE DES ROISSYS - 92020','48.80402598764789','2.2749785999696424','0',''),
('5315308','','LAZARE-CARNOT','142 RUE DES ROISSYS - 92020','48.80801794839486','2.277668068466293','0',''),
('5315305','','BAGNEUX','BD DE LA LIBERTE - 92020','48.79893847095858','2.2944126103761726','0',''),
('5315306','','ETIENNE DEFORGES','FACE 18 R HENRI GATINOT - 92020','48.80552651161405','2.2943119273307477','0',''),
('5315309','','MALAKOFF','7 R DES ROISSYS - 92046','48.81103003977072','2.2800868614889476','0','');
