INSERT INTO stop_times (trip_id,arrival_time,departure_time,stop_id,stop_sequence,stop_headsign,shape_dist_traveled) VALUES
('1025243731051913','18:20:00','18:20:00','4532987','1','',''),
('1025243731051913','18:21:00','18:21:00','4532989','2','',''),
('1025243731051913','18:22:00','18:22:00','4532990','3','',''),
('1025243731051913','18:24:00','18:24:00','4532991','4','',''),
('1025243731051913','18:25:00','18:25:00','4532992','5','',''),
('1025243731051913','18:26:00','18:26:00','4532993','6','',''),
('1025243731051913','18:27:00','18:27:00','4532994','7','',''),
('1025243731051913','18:28:00','18:28:00','4532995','8','',''),
('1025243731051913','18:30:00','18:30:00','4532996','9','',''),
('1025243731051913','18:32:00','18:32:00','4532998','10','',''),
('1125243731051913','18:50:00','18:50:00','4532987','1','',''),
('1125243731051913','18:51:00','18:51:00','4532989','2','',''),
('1125243731051913','18:52:00','18:52:00','4532990','3','',''),
('1125243731051913','18:54:00','18:54:00','4532991','4','',''),
('1125243731051913','18:55:00','18:55:00','4532992','5','',''),
('1125243731051913','18:56:00','18:56:00','4532993','6','',''),
('1125243731051913','18:57:00','18:57:00','4532994','7','',''),
('1125243731051913','18:58:00','18:58:00','4532995','8','',''),
('1125243731051913','19:00:00','19:00:00','4532996','9','',''),
('1125243731051913','19:02:00','19:02:00','4532998','10','',''),
('125243731051913','07:47:00','07:47:00','4532987','1','',''),
('125243731051913','07:48:00','07:48:00','4532989','2','',''),
('125243731051913','07:49:00','07:49:00','4532990','3','',''),
('125243731051913','07:51:00','07:51:00','4532991','4','',''),
('125243731051913','07:52:00','07:52:00','4532992','5','',''),
('125243731051913','07:53:00','07:53:00','4532993','6','',''),
('125243731051913','07:54:00','07:54:00','4532994','7','',''),
('125243731051913','07:55:00','07:55:00','4532995','8','',''),
('125243731051913','07:57:00','07:57:00','4532996','9','',''),
('125243731051913','07:59:00','07:59:00','4532998','10','',''),
('225243731051913','08:21:00','08:21:00','4532987','1','',''),
('225243731051913','08:22:00','08:22:00','4532989','2','',''),
('225243731051913','08:23:00','08:23:00','4532990','3','',''),
('225243731051913','08:25:00','08:25:00','4532991','4','',''),
('225243731051913','08:26:00','08:26:00','4532992','5','',''),
('225243731051913','08:27:00','08:27:00','4532993','6','',''),
('225243731051913','08:28:00','08:28:00','4532994','7','',''),
('225243731051913','08:29:00','08:29:00','4532995','8','',''),
('225243731051913','08:31:00','08:31:00','4532996','9','',''),
('225243731051913','08:33:00','08:33:00','4532998','10','',''),
('325243731051913','09:00:00','09:00:00','4532987','1','',''),
('325243731051913','09:01:00','09:01:00','4532989','2','',''),
('325243731051913','09:03:00','09:03:00','4532990','3','',''),
('325243731051913','09:04:00','09:04:00','4532991','4','',''),
('325243731051913','09:05:00','09:05:00','4532992','5','',''),
('325243731051913','09:07:00','09:07:00','4532993','6','',''),
('325243731051913','09:09:00','09:09:00','4532994','7','',''),
('325243731051913','09:10:00','09:10:00','4532995','8','',''),
('325243731051913','09:12:00','09:12:00','4532996','9','',''),
('325243731051913','09:14:00','09:14:00','4532998','10','',''),
('425243731051913','09:30:00','09:30:00','4532987','1','',''),
('425243731051913','09:31:00','09:31:00','4532989','2','',''),
('425243731051913','09:32:00','09:32:00','4532990','3','',''),
('425243731051913','09:34:00','09:34:00','4532991','4','',''),
('425243731051913','09:35:00','09:35:00','4532992','5','',''),
('425243731051913','09:36:00','09:36:00','4532993','6','',''),
('425243731051913','09:37:00','09:37:00','4532994','7','',''),
('425243731051913','09:38:00','09:38:00','4532995','8','',''),
('425243731051913','09:40:00','09:40:00','4532996','9','',''),
('425243731051913','09:42:00','09:42:00','4532998','10','',''),
('525243731051913','15:50:00','15:50:00','4532987','1','',''),
('525243731051913','15:51:00','15:51:00','4532989','2','',''),
('525243731051913','15:52:00','15:52:00','4532990','3','',''),
('525243731051913','15:54:00','15:54:00','4532991','4','',''),
('525243731051913','15:55:00','15:55:00','4532992','5','',''),
('525243731051913','15:56:00','15:56:00','4532993','6','',''),
('525243731051913','15:57:00','15:57:00','4532994','7','',''),
('525243731051913','15:58:00','15:58:00','4532995','8','',''),
('525243731051913','16:00:00','16:00:00','4532996','9','',''),
('525243731051913','16:02:00','16:02:00','4532998','10','',''),
('625243731051913','16:21:00','16:21:00','4532987','1','',''),
('625243731051913','16:22:00','16:22:00','4532989','2','',''),
('625243731051913','16:23:00','16:23:00','4532990','3','',''),
('625243731051913','16:25:00','16:25:00','4532991','4','',''),
('625243731051913','16:26:00','16:26:00','4532992','5','',''),
('625243731051913','16:27:00','16:27:00','4532993','6','',''),
('625243731051913','16:28:00','16:28:00','4532994','7','',''),
('625243731051913','16:29:00','16:29:00','4532995','8','',''),
('625243731051913','16:31:00','16:31:00','4532996','9','',''),
('625243731051913','16:33:00','16:33:00','4532998','10','',''),
('725243731051913','16:51:00','16:51:00','4532987','1','',''),
('725243731051913','16:52:00','16:52:00','4532989','2','',''),
('725243731051913','16:53:00','16:53:00','4532990','3','',''),
('725243731051913','16:55:00','16:55:00','4532991','4','',''),
('725243731051913','16:56:00','16:56:00','4532992','5','',''),
('725243731051913','16:57:00','16:57:00','4532993','6','',''),
('725243731051913','16:58:00','16:58:00','4532994','7','',''),
('725243731051913','16:59:00','16:59:00','4532995','8','',''),
('725243731051913','17:01:00','17:01:00','4532996','9','',''),
('725243731051913','17:03:00','17:03:00','4532998','10','',''),
('825243731051913','17:21:00','17:21:00','4532987','1','',''),
('825243731051913','17:22:00','17:22:00','4532989','2','',''),
('825243731051913','17:23:00','17:23:00','4532990','3','',''),
('825243731051913','17:25:00','17:25:00','4532991','4','',''),
('825243731051913','17:26:00','17:26:00','4532992','5','',''),
('825243731051913','17:27:00','17:27:00','4532993','6','',''),
('825243731051913','17:28:00','17:28:00','4532994','7','',''),
('825243731051913','17:29:00','17:29:00','4532995','8','',''),
('825243731051913','17:31:00','17:31:00','4532996','9','',''),
('825243731051913','17:33:00','17:33:00','4532998','10','',''),
('925243731051913','17:51:00','17:51:00','4532987','1','',''),
('925243731051913','17:52:00','17:52:00','4532989','2','',''),
('925243731051913','17:53:00','17:53:00','4532990','3','',''),
('925243731051913','17:55:00','17:55:00','4532991','4','',''),
('925243731051913','17:56:00','17:56:00','4532992','5','',''),
('925243731051913','17:57:00','17:57:00','4532993','6','',''),
('925243731051913','17:58:00','17:58:00','4532994','7','',''),
('925243731051913','17:59:00','17:59:00','4532995','8','',''),
('925243731051913','18:01:00','18:01:00','4532996','9','',''),
('925243731051913','18:03:00','18:03:00','4532998','10','',''),
('1025243731051914','18:06:00','18:06:00','4532999','1','',''),
('1025243731051914','18:08:00','18:08:00','4532997','2','',''),
('1025243731051914','18:09:00','18:09:00','4533000','3','',''),
('1025243731051914','18:10:00','18:10:00','4533001','4','',''),
('1025243731051914','18:11:00','18:11:00','4533002','5','',''),
('1025243731051914','18:12:00','18:12:00','4533003','6','',''),
('1025243731051914','18:13:00','18:13:00','4533004','7','',''),
('1025243731051914','18:16:00','18:16:00','4532988','8','',''),
('1125243731051914','18:36:00','18:36:00','4532999','1','',''),
('1125243731051914','18:38:00','18:38:00','4532997','2','',''),
('1125243731051914','18:39:00','18:39:00','4533000','3','',''),
('1125243731051914','18:40:00','18:40:00','4533001','4','',''),
('1125243731051914','18:41:00','18:41:00','4533002','5','',''),
('1125243731051914','18:42:00','18:42:00','4533003','6','',''),
('1125243731051914','18:43:00','18:43:00','4533004','7','',''),
('1125243731051914','18:46:00','18:46:00','4532988','8','',''),
('125243731051914','07:30:00','07:30:00','4532999','1','',''),
('125243731051914','07:32:00','07:32:00','4532997','2','',''),
('125243731051914','07:33:00','07:33:00','4533000','3','',''),
('125243731051914','07:34:00','07:34:00','4533001','4','',''),
('125243731051914','07:35:00','07:35:00','4533002','5','',''),
('125243731051914','07:36:00','07:36:00','4533003','6','',''),
('125243731051914','07:37:00','07:37:00','4533004','7','',''),
('125243731051914','07:40:00','07:40:00','4532988','8','',''),
('225243731051914','08:00:00','08:00:00','4532999','1','',''),
('225243731051914','08:02:00','08:02:00','4532997','2','',''),
('225243731051914','08:03:00','08:03:00','4533000','3','',''),
('225243731051914','08:04:00','08:04:00','4533001','4','',''),
('225243731051914','08:06:00','08:06:00','4533002','5','',''),
('225243731051914','08:09:00','08:09:00','4533003','6','',''),
('225243731051914','08:10:00','08:10:00','4533004','7','',''),
('225243731051914','08:16:00','08:16:00','4532988','8','',''),
('325243731051914','08:33:00','08:33:00','4532999','1','',''),
('325243731051914','08:35:00','08:35:00','4532997','2','',''),
('325243731051914','08:36:00','08:36:00','4533000','3','',''),
('325243731051914','08:37:00','08:37:00','4533001','4','',''),
('325243731051914','08:39:00','08:39:00','4533002','5','',''),
('325243731051914','08:44:00','08:44:00','4533003','6','',''),
('325243731051914','08:46:00','08:46:00','4533004','7','',''),
('325243731051914','08:55:00','08:55:00','4532988','8','',''),
('425243731051914','09:15:00','09:15:00','4532999','1','',''),
('425243731051914','09:17:00','09:17:00','4532997','2','',''),
('425243731051914','09:18:00','09:18:00','4533000','3','',''),
('425243731051914','09:19:00','09:19:00','4533001','4','',''),
('425243731051914','09:21:00','09:21:00','4533002','5','',''),
('425243731051914','09:22:00','09:22:00','4533003','6','',''),
('425243731051914','09:23:00','09:23:00','4533004','7','',''),
('425243731051914','09:26:00','09:26:00','4532988','8','',''),
('525243731051914','15:36:00','15:36:00','4532999','1','',''),
('525243731051914','15:38:00','15:38:00','4532997','2','',''),
('525243731051914','15:39:00','15:39:00','4533000','3','',''),
('525243731051914','15:40:00','15:40:00','4533001','4','',''),
('525243731051914','15:41:00','15:41:00','4533002','5','',''),
('525243731051914','15:42:00','15:42:00','4533003','6','',''),
('525243731051914','15:43:00','15:43:00','4533004','7','',''),
('525243731051914','15:46:00','15:46:00','4532988','8','',''),
('625243731051914','16:06:00','16:06:00','4532999','1','',''),
('625243731051914','16:08:00','16:08:00','4532997','2','',''),
('625243731051914','16:09:00','16:09:00','4533000','3','',''),
('625243731051914','16:10:00','16:10:00','4533001','4','',''),
('625243731051914','16:11:00','16:11:00','4533002','5','',''),
('625243731051914','16:12:00','16:12:00','4533003','6','',''),
('625243731051914','16:13:00','16:13:00','4533004','7','',''),
('625243731051914','16:16:00','16:16:00','4532988','8','',''),
('725243731051914','16:36:00','16:36:00','4532999','1','',''),
('725243731051914','16:38:00','16:38:00','4532997','2','',''),
('725243731051914','16:39:00','16:39:00','4533000','3','',''),
('725243731051914','16:40:00','16:40:00','4533001','4','',''),
('725243731051914','16:41:00','16:41:00','4533002','5','',''),
('725243731051914','16:42:00','16:42:00','4533003','6','',''),
('725243731051914','16:43:00','16:43:00','4533004','7','',''),
('725243731051914','16:46:00','16:46:00','4532988','8','',''),
('825243731051914','17:06:00','17:06:00','4532999','1','',''),
('825243731051914','17:08:00','17:08:00','4532997','2','',''),
('825243731051914','17:09:00','17:09:00','4533000','3','',''),
('825243731051914','17:10:00','17:10:00','4533001','4','',''),
('825243731051914','17:11:00','17:11:00','4533002','5','',''),
('825243731051914','17:12:00','17:12:00','4533003','6','',''),
('825243731051914','17:13:00','17:13:00','4533004','7','',''),
('825243731051914','17:16:00','17:16:00','4532988','8','',''),
('925243731051914','17:36:00','17:36:00','4532999','1','',''),
('925243731051914','17:38:00','17:38:00','4532997','2','',''),
('925243731051914','17:39:00','17:39:00','4533000','3','',''),
('925243731051914','17:40:00','17:40:00','4533001','4','',''),
('925243731051914','17:41:00','17:41:00','4533002','5','',''),
('925243731051914','17:42:00','17:42:00','4533003','6','',''),
('925243731051914','17:43:00','17:43:00','4533004','7','',''),
('925243731051914','17:46:00','17:46:00','4532988','8','','');
INSERT INTO calendar (service_id,monday,tuesday,wednesday,thursday,friday,saturday,sunday,start_date,end_date) VALUES
('2524373','0','0','0','0','0','0','0','20171221','20180131');
INSERT INTO calendar_dates (service_id,date,exception_type) VALUES
('2524373','20171221','1'),
('2524373','20171222','1'),
('2524373','20171226','1'),
('2524373','20171227','1'),
('2524373','20171228','1'),
('2524373','20171229','1'),
('2524373','20180102','1'),
('2524373','20180103','1'),
('2524373','20180104','1'),
('2524373','20180105','1'),
('2524373','20180108','1'),
('2524373','20180109','1'),
('2524373','20180110','1'),
('2524373','20180111','1'),
('2524373','20180112','1'),
('2524373','20180115','1'),
('2524373','20180116','1'),
('2524373','20180117','1'),
('2524373','20180118','1'),
('2524373','20180119','1'),
('2524373','20180122','1'),
('2524373','20180123','1'),
('2524373','20180124','1'),
('2524373','20180125','1'),
('2524373','20180126','1'),
('2524373','20180129','1'),
('2524373','20180130','1'),
('2524373','20180131','1');
INSERT INTO routes (route_id,agency_id,route_short_name,route_long_name,route_desc,route_type,route_url,route_color,route_text_color) VALUES
('1788200','100','459','(GARE DE SAINT-CLOUD <-> HENRI REGNAULT) - Aller','','3','','FFFFFF','000000'),
('1788201','100','459','(GARE DE SAINT-CLOUD <-> HENRI REGNAULT) - Retour','','3','','FFFFFF','000000');
INSERT INTO agency (agency_id,agency_name,agency_url,agency_timezone,agency_lang,agency_phone) VALUES
('100','RATP (100)','http://www.ratp.fr/','CET','','');
INSERT INTO trips (route_id,service_id,trip_id,trip_headsign,trip_short_name,direction_id,shape_id) VALUES
('1788200','2524373','1025243731051913','','10','0',''),
('1788200','2524373','1125243731051913','','11','0',''),
('1788200','2524373','125243731051913','','1','0',''),
('1788200','2524373','225243731051913','','2','0',''),
('1788200','2524373','325243731051913','','3','0',''),
('1788200','2524373','425243731051913','','4','0',''),
('1788200','2524373','525243731051913','','5','0',''),
('1788200','2524373','625243731051913','','6','0',''),
('1788200','2524373','725243731051913','','7','0',''),
('1788200','2524373','825243731051913','','8','0',''),
('1788200','2524373','925243731051913','','9','0',''),
('1788201','2524373','1025243731051914','','10','1',''),
('1788201','2524373','1125243731051914','','11','1',''),
('1788201','2524373','125243731051914','','1','1',''),
('1788201','2524373','225243731051914','','2','1',''),
('1788201','2524373','325243731051914','','3','1',''),
('1788201','2524373','425243731051914','','4','1',''),
('1788201','2524373','525243731051914','','5','1',''),
('1788201','2524373','625243731051914','','6','1',''),
('1788201','2524373','725243731051914','','7','1',''),
('1788201','2524373','825243731051914','','8','1',''),
('1788201','2524373','925243731051914','','9','1','');
INSERT INTO transfers (from_stop_id,to_stop_id,transfer_type,min_transfer_time) VALUES
('4025049','4532995','2','15'),
('4532992','4024873','2','40'),
('4532992','4024874','2','54'),
('4025350','4532997','2','97'),
('4532991','4024872','2','32'),
('4025076','4532999','2','134'),
('4025076','4532998','2','134'),
('4024156','4532998','2','71'),
('4024156','4532999','2','71'),
('4025348','4532999','2','117'),
('4532988','4024868','2','167'),
('4025348','4532998','2','117'),
('4025350','4532996','2','9'),
('4024995','4532987','2','126'),
('4024995','4532988','2','126'),
('7069288','4533004','2','38'),
('4025349','4532997','2','97'),
('4025014','4532998','2','54'),
('4025349','4532996','2','9'),
('4025014','4532999','2','54'),
('4025051','4533002','2','96'),
('4024010','4532999','2','92'),
('4024009','4532999','2','71'),
('4024067','4532998','2','92'),
('4025078','4532999','2','54'),
('4024009','4532998','2','71'),
('4024067','4532999','2','92'),
('4025078','4532998','2','54'),
('4532987','4024868','2','167'),
('4025013','4532996','2','104'),
('4024010','4532998','2','92'),
('4024066','4532998','2','71'),
('4025011','4533000','2','15'),
('4024066','4532999','2','71'),
('4025052','4532992','2','17'),
('4025347','4532999','2','54'),
('7069278','4532988','2','126'),
('7069278','4532987','2','126'),
('4533018','4532989','2','112'),
('4025347','4532998','2','54'),
('4025051','4532993','2','33'),
('4025077','4532997','2','104'),
('4533004','4024899','2','38'),
('4533019','4532989','2','103'),
('4533019','4532988','2','167'),
('4533019','4532987','2','167'),
('4024157','4532999','2','92'),
('4024157','4532998','2','92'),
('7069289','4533004','2','70'),
('4532990','4024870','2','15'),
('4532989','4024868','2','103'),
('4025012','4532997','2','104'),
('7069286','4532987','2','167'),
('7069286','4532988','2','167'),
('7069286','4532989','2','103'),
('4025009','4533002','2','63'),
('4533016','4533004','2','38'),
('4025050','4532994','2','16'),
('4025010','4533001','2','16'),
('7069287','4532989','2','81'),
('4025015','4532998','2','134'),
('4025015','4532999','2','134');
INSERT INTO stops (stop_id,stop_code,stop_name,stop_desc,stop_lat,stop_lon,location_type,parent_station) VALUES
('4532987','','GARE DE SAINT-CLOUD','6 RUE COUTUREAU - 92064','48.8457913597342','2.216197168830745','0',''),
('4532988','','GARE DE SAINT-CLOUD','6 RUE COUTUREAU - 92064','48.8457913597342','2.216197168830745','0',''),
('4532996','','EGLISE DE BUZENVAL','FACE 194 R DU LIEUTENANT COLONEL DE MONTBRISON - 92063','48.857072142599705','2.1933024491053854','0',''),
('4532997','','EGLISE DE BUZENVAL','52 BIS R DU COLONEL DE ROCHEBRUNE - 92063','48.85612928478494','2.1939860659815946','0',''),
('4532989','','MONTRETOUT','2 BIS AVENUE DU MARECHAL FOCH - 92064','48.84730682245384','2.212870919101262','0',''),
('4532998','','HENRI REGNAULT','FACE 341 ROUTE DE L''EMPEREUR - 92063','48.85852355105872','2.1895799888311083','0',''),
('4532999','','HENRI REGNAULT','FACE 341 ROUTE DE L''EMPEREUR - 92063','48.85852355105872','2.1895799888311083','0',''),
('4533003','','BUCOURT','13 R DE BUZENVAL - 92064','48.84917444315509','2.2111777879829897','0',''),
('4533004','','LYCEE DE SAINT-CLOUD','FACE 6 R DE BUZENVAL - 92064','48.84947430439207','2.214309255840747','0',''),
('4533001','','LABORATOIRE DEBAT','153 R DE BUZENVAL - 92033','48.85308208323118','2.2012671345787966','0',''),
('4533002','','CHAMP DE COURSES','71 R DE BUZENVAL - 92064','48.85147893115728','2.206269428070967','0',''),
('4533000','','LES SUISSES','FACE 103 R DU COLONEL DE ROCHEBRUNE - 92033','48.854543577223495','2.1982669949087064','0',''),
('4532993','','CHAMP DE COURSES','FACE 107 R DE BUZENVAL - 92064','48.851280200084524','2.205357475507049','0',''),
('4532992','','FOCH - 19 JANVIER','FACE 161 R DE LA PORTE JAUNE - 92064','48.849154656764874','2.2013591395963967','0',''),
('4532995','','LES SUISSES','103 R DU COLONEL DE ROCHEBRUNE - 92063','48.85469637948016','2.198280205065901','0',''),
('4532994','','LABORATOIRE DEBAT','FACE 153 R DE BUZENVAL - 92064','48.8532349785962','2.2013620683801602','0',''),
('4532991','','CIMETIERE DE SAINT-CLOUD','FACE 113 AVENUE DU MARECHAL FOCH - 92064','48.84806176275269','2.204534968348681','0',''),
('4532990','','EGLISE DE SAINT-CLOUD','FACE AU 59 AVENUE DU MARECHAL FOCH - 92064','48.84773360554437','2.208525820752074','0','');
