INSERT INTO stop_times (trip_id,arrival_time,departure_time,stop_id,stop_sequence,stop_headsign,shape_dist_traveled) VALUES
('1025491591583095','13:00:00','13:00:00','6423887','1','',''),
('1025491591583095','13:04:00','13:04:00','6423888','2','',''),
('1025491591583095','13:05:00','13:05:00','6423889','3','',''),
('1025491591583095','13:06:00','13:06:00','6423890','4','',''),
('1025491591583095','13:09:00','13:09:00','6423891','5','',''),
('1025491591583095','13:10:00','13:10:00','6423892','6','',''),
('1025491591583095','13:11:00','13:11:00','6423893','7','',''),
('1025491591583095','13:12:00','13:12:00','6423894','8','',''),
('1025491591583095','13:13:00','13:13:00','6423895','9','',''),
('1025491591583095','13:16:00','13:16:00','6423896','10','',''),
('1025491591583095','13:18:00','13:18:00','6423897','11','',''),
('1025491591583095','13:19:00','13:19:00','6423898','12','',''),
('1025491591583095','13:21:00','13:21:00','6423899','13','',''),
('1025491591583095','13:22:00','13:22:00','6423900','14','',''),
('1025491591583095','13:25:00','13:25:00','6423901','15','',''),
('1025491591583095','13:25:00','13:25:00','6423902','16','',''),
('1025491591583095','13:31:00','13:31:00','6423903','17','',''),
('1025491601583095','13:00:00','13:00:00','6423887','1','',''),
('1025491601583095','13:04:00','13:04:00','6423888','2','',''),
('1025491601583095','13:05:00','13:05:00','6423889','3','',''),
('1025491601583095','13:06:00','13:06:00','6423890','4','',''),
('1025491601583095','13:09:00','13:09:00','6423891','5','',''),
('1025491601583095','13:10:00','13:10:00','6423892','6','',''),
('1025491601583095','13:11:00','13:11:00','6423893','7','',''),
('1025491601583095','13:12:00','13:12:00','6423894','8','',''),
('1025491601583095','13:13:00','13:13:00','6423895','9','',''),
('1025491601583095','13:16:00','13:16:00','6423896','10','',''),
('1025491601583095','13:18:00','13:18:00','6423897','11','',''),
('1025491601583095','13:19:00','13:19:00','6423898','12','',''),
('1025491601583095','13:21:00','13:21:00','6423899','13','',''),
('1025491601583095','13:22:00','13:22:00','6423900','14','',''),
('1025491601583095','13:25:00','13:25:00','6423901','15','',''),
('1025491601583095','13:25:00','13:25:00','6423902','16','',''),
('1025491601583095','13:31:00','13:31:00','6423903','17','',''),
('1125491591583095','13:40:00','13:40:00','6423887','1','',''),
('1125491591583095','13:44:00','13:44:00','6423888','2','',''),
('1125491591583095','13:45:00','13:45:00','6423889','3','',''),
('1125491591583095','13:46:00','13:46:00','6423890','4','',''),
('1125491591583095','13:49:00','13:49:00','6423891','5','',''),
('1125491591583095','13:50:00','13:50:00','6423892','6','',''),
('1125491591583095','13:51:00','13:51:00','6423893','7','',''),
('1125491591583095','13:52:00','13:52:00','6423894','8','',''),
('1125491591583095','13:53:00','13:53:00','6423895','9','',''),
('1125491591583095','13:56:00','13:56:00','6423896','10','',''),
('1125491591583095','13:58:00','13:58:00','6423897','11','',''),
('1125491591583095','13:59:00','13:59:00','6423898','12','',''),
('1125491591583095','14:01:00','14:01:00','6423899','13','',''),
('1125491591583095','14:02:00','14:02:00','6423900','14','',''),
('1125491591583095','14:05:00','14:05:00','6423901','15','',''),
('1125491591583095','14:05:00','14:05:00','6423902','16','',''),
('1125491591583095','14:11:00','14:11:00','6423903','17','',''),
('1125491601583095','13:40:00','13:40:00','6423887','1','',''),
('1125491601583095','13:44:00','13:44:00','6423888','2','',''),
('1125491601583095','13:45:00','13:45:00','6423889','3','',''),
('1125491601583095','13:46:00','13:46:00','6423890','4','',''),
('1125491601583095','13:49:00','13:49:00','6423891','5','',''),
('1125491601583095','13:50:00','13:50:00','6423892','6','',''),
('1125491601583095','13:51:00','13:51:00','6423893','7','',''),
('1125491601583095','13:52:00','13:52:00','6423894','8','',''),
('1125491601583095','13:53:00','13:53:00','6423895','9','',''),
('1125491601583095','13:56:00','13:56:00','6423896','10','',''),
('1125491601583095','13:58:00','13:58:00','6423897','11','',''),
('1125491601583095','13:59:00','13:59:00','6423898','12','',''),
('1125491601583095','14:01:00','14:01:00','6423899','13','',''),
('1125491601583095','14:02:00','14:02:00','6423900','14','',''),
('1125491601583095','14:05:00','14:05:00','6423901','15','',''),
('1125491601583095','14:05:00','14:05:00','6423902','16','',''),
('1125491601583095','14:11:00','14:11:00','6423903','17','',''),
('1225491591583095','14:20:00','14:20:00','6423887','1','',''),
('1225491591583095','14:24:00','14:24:00','6423888','2','',''),
('1225491591583095','14:25:00','14:25:00','6423889','3','',''),
('1225491591583095','14:26:00','14:26:00','6423890','4','',''),
('1225491591583095','14:29:00','14:29:00','6423891','5','',''),
('1225491591583095','14:30:00','14:30:00','6423892','6','',''),
('1225491591583095','14:31:00','14:31:00','6423893','7','',''),
('1225491591583095','14:32:00','14:32:00','6423894','8','',''),
('1225491591583095','14:33:00','14:33:00','6423895','9','',''),
('1225491591583095','14:36:00','14:36:00','6423896','10','',''),
('1225491591583095','14:38:00','14:38:00','6423897','11','',''),
('1225491591583095','14:39:00','14:39:00','6423898','12','',''),
('1225491591583095','14:41:00','14:41:00','6423899','13','',''),
('1225491591583095','14:42:00','14:42:00','6423900','14','',''),
('1225491591583095','14:45:00','14:45:00','6423901','15','',''),
('1225491591583095','14:45:00','14:45:00','6423902','16','',''),
('1225491591583095','14:51:00','14:51:00','6423903','17','',''),
('1225491601583095','14:20:00','14:20:00','6423887','1','',''),
('1225491601583095','14:24:00','14:24:00','6423888','2','',''),
('1225491601583095','14:25:00','14:25:00','6423889','3','',''),
('1225491601583095','14:26:00','14:26:00','6423890','4','',''),
('1225491601583095','14:29:00','14:29:00','6423891','5','',''),
('1225491601583095','14:30:00','14:30:00','6423892','6','',''),
('1225491601583095','14:31:00','14:31:00','6423893','7','',''),
('1225491601583095','14:32:00','14:32:00','6423894','8','',''),
('1225491601583095','14:33:00','14:33:00','6423895','9','',''),
('1225491601583095','14:36:00','14:36:00','6423896','10','',''),
('1225491601583095','14:38:00','14:38:00','6423897','11','',''),
('1225491601583095','14:39:00','14:39:00','6423898','12','',''),
('1225491601583095','14:41:00','14:41:00','6423899','13','',''),
('1225491601583095','14:42:00','14:42:00','6423900','14','',''),
('1225491601583095','14:45:00','14:45:00','6423901','15','',''),
('1225491601583095','14:45:00','14:45:00','6423902','16','',''),
('1225491601583095','14:51:00','14:51:00','6423903','17','',''),
('125491591583095','06:00:00','06:00:00','6423887','1','',''),
('125491591583095','06:04:00','06:04:00','6423888','2','',''),
('125491591583095','06:05:00','06:05:00','6423889','3','',''),
('125491591583095','06:06:00','06:06:00','6423890','4','',''),
('125491591583095','06:09:00','06:09:00','6423891','5','',''),
('125491591583095','06:10:00','06:10:00','6423892','6','',''),
('125491591583095','06:11:00','06:11:00','6423893','7','',''),
('125491591583095','06:12:00','06:12:00','6423894','8','',''),
('125491591583095','06:13:00','06:13:00','6423895','9','',''),
('125491591583095','06:16:00','06:16:00','6423896','10','',''),
('125491591583095','06:18:00','06:18:00','6423897','11','',''),
('125491591583095','06:19:00','06:19:00','6423898','12','',''),
('125491591583095','06:21:00','06:21:00','6423899','13','',''),
('125491591583095','06:22:00','06:22:00','6423900','14','',''),
('125491591583095','06:25:00','06:25:00','6423901','15','',''),
('125491591583095','06:25:00','06:25:00','6423902','16','',''),
('125491591583095','06:31:00','06:31:00','6423903','17','',''),
('125491601583095','06:00:00','06:00:00','6423887','1','',''),
('125491601583095','06:04:00','06:04:00','6423888','2','',''),
('125491601583095','06:05:00','06:05:00','6423889','3','',''),
('125491601583095','06:06:00','06:06:00','6423890','4','',''),
('125491601583095','06:09:00','06:09:00','6423891','5','',''),
('125491601583095','06:10:00','06:10:00','6423892','6','',''),
('125491601583095','06:11:00','06:11:00','6423893','7','',''),
('125491601583095','06:12:00','06:12:00','6423894','8','',''),
('125491601583095','06:13:00','06:13:00','6423895','9','',''),
('125491601583095','06:16:00','06:16:00','6423896','10','',''),
('125491601583095','06:18:00','06:18:00','6423897','11','',''),
('125491601583095','06:19:00','06:19:00','6423898','12','',''),
('125491601583095','06:21:00','06:21:00','6423899','13','',''),
('125491601583095','06:22:00','06:22:00','6423900','14','',''),
('125491601583095','06:25:00','06:25:00','6423901','15','',''),
('125491601583095','06:25:00','06:25:00','6423902','16','',''),
('125491601583095','06:31:00','06:31:00','6423903','17','',''),
('1325491591583095','15:00:00','15:00:00','6423887','1','',''),
('1325491591583095','15:04:00','15:04:00','6423888','2','',''),
('1325491591583095','15:05:00','15:05:00','6423889','3','',''),
('1325491591583095','15:06:00','15:06:00','6423890','4','',''),
('1325491591583095','15:09:00','15:09:00','6423891','5','',''),
('1325491591583095','15:10:00','15:10:00','6423892','6','',''),
('1325491591583095','15:11:00','15:11:00','6423893','7','',''),
('1325491591583095','15:12:00','15:12:00','6423894','8','',''),
('1325491591583095','15:13:00','15:13:00','6423895','9','',''),
('1325491591583095','15:16:00','15:16:00','6423896','10','',''),
('1325491591583095','15:18:00','15:18:00','6423897','11','',''),
('1325491591583095','15:19:00','15:19:00','6423898','12','',''),
('1325491591583095','15:21:00','15:21:00','6423899','13','',''),
('1325491591583095','15:22:00','15:22:00','6423900','14','',''),
('1325491591583095','15:25:00','15:25:00','6423901','15','',''),
('1325491591583095','15:25:00','15:25:00','6423902','16','',''),
('1325491591583095','15:31:00','15:31:00','6423903','17','',''),
('1325491601583095','15:00:00','15:00:00','6423887','1','',''),
('1325491601583095','15:04:00','15:04:00','6423888','2','',''),
('1325491601583095','15:05:00','15:05:00','6423889','3','',''),
('1325491601583095','15:06:00','15:06:00','6423890','4','',''),
('1325491601583095','15:09:00','15:09:00','6423891','5','',''),
('1325491601583095','15:10:00','15:10:00','6423892','6','',''),
('1325491601583095','15:11:00','15:11:00','6423893','7','',''),
('1325491601583095','15:12:00','15:12:00','6423894','8','',''),
('1325491601583095','15:13:00','15:13:00','6423895','9','',''),
('1325491601583095','15:16:00','15:16:00','6423896','10','',''),
('1325491601583095','15:18:00','15:18:00','6423897','11','',''),
('1325491601583095','15:19:00','15:19:00','6423898','12','',''),
('1325491601583095','15:21:00','15:21:00','6423899','13','',''),
('1325491601583095','15:22:00','15:22:00','6423900','14','',''),
('1325491601583095','15:25:00','15:25:00','6423901','15','',''),
('1325491601583095','15:25:00','15:25:00','6423902','16','',''),
('1325491601583095','15:31:00','15:31:00','6423903','17','',''),
('1425491591583095','15:40:00','15:40:00','6423887','1','',''),
('1425491591583095','15:44:00','15:44:00','6423888','2','',''),
('1425491591583095','15:45:00','15:45:00','6423889','3','',''),
('1425491591583095','15:46:00','15:46:00','6423890','4','',''),
('1425491591583095','15:49:00','15:49:00','6423891','5','',''),
('1425491591583095','15:50:00','15:50:00','6423892','6','',''),
('1425491591583095','15:51:00','15:51:00','6423893','7','',''),
('1425491591583095','15:52:00','15:52:00','6423894','8','',''),
('1425491591583095','15:53:00','15:53:00','6423895','9','',''),
('1425491591583095','15:56:00','15:56:00','6423896','10','',''),
('1425491591583095','15:58:00','15:58:00','6423897','11','',''),
('1425491591583095','15:59:00','15:59:00','6423898','12','',''),
('1425491591583095','16:01:00','16:01:00','6423899','13','',''),
('1425491591583095','16:02:00','16:02:00','6423900','14','',''),
('1425491591583095','16:05:00','16:05:00','6423901','15','',''),
('1425491591583095','16:05:00','16:05:00','6423902','16','',''),
('1425491591583095','16:11:00','16:11:00','6423903','17','',''),
('1425491601583095','15:40:00','15:40:00','6423887','1','',''),
('1425491601583095','15:44:00','15:44:00','6423888','2','',''),
('1425491601583095','15:45:00','15:45:00','6423889','3','',''),
('1425491601583095','15:46:00','15:46:00','6423890','4','',''),
('1425491601583095','15:49:00','15:49:00','6423891','5','',''),
('1425491601583095','15:50:00','15:50:00','6423892','6','',''),
('1425491601583095','15:51:00','15:51:00','6423893','7','',''),
('1425491601583095','15:52:00','15:52:00','6423894','8','',''),
('1425491601583095','15:53:00','15:53:00','6423895','9','',''),
('1425491601583095','15:56:00','15:56:00','6423896','10','',''),
('1425491601583095','15:58:00','15:58:00','6423897','11','',''),
('1425491601583095','15:59:00','15:59:00','6423898','12','',''),
('1425491601583095','16:01:00','16:01:00','6423899','13','',''),
('1425491601583095','16:02:00','16:02:00','6423900','14','',''),
('1425491601583095','16:05:00','16:05:00','6423901','15','',''),
('1425491601583095','16:05:00','16:05:00','6423902','16','',''),
('1425491601583095','16:11:00','16:11:00','6423903','17','',''),
('1525491591583095','16:20:00','16:20:00','6423887','1','',''),
('1525491591583095','16:24:00','16:24:00','6423888','2','',''),
('1525491591583095','16:25:00','16:25:00','6423889','3','',''),
('1525491591583095','16:26:00','16:26:00','6423890','4','',''),
('1525491591583095','16:29:00','16:29:00','6423891','5','',''),
('1525491591583095','16:30:00','16:30:00','6423892','6','',''),
('1525491591583095','16:31:00','16:31:00','6423893','7','',''),
('1525491591583095','16:32:00','16:32:00','6423894','8','',''),
('1525491591583095','16:33:00','16:33:00','6423895','9','',''),
('1525491591583095','16:36:00','16:36:00','6423896','10','',''),
('1525491591583095','16:38:00','16:38:00','6423897','11','',''),
('1525491591583095','16:39:00','16:39:00','6423898','12','',''),
('1525491591583095','16:41:00','16:41:00','6423899','13','',''),
('1525491591583095','16:42:00','16:42:00','6423900','14','',''),
('1525491591583095','16:45:00','16:45:00','6423901','15','',''),
('1525491591583095','16:45:00','16:45:00','6423902','16','',''),
('1525491591583095','16:51:00','16:51:00','6423903','17','',''),
('1525491601583095','16:20:00','16:20:00','6423887','1','',''),
('1525491601583095','16:24:00','16:24:00','6423888','2','',''),
('1525491601583095','16:25:00','16:25:00','6423889','3','',''),
('1525491601583095','16:26:00','16:26:00','6423890','4','',''),
('1525491601583095','16:29:00','16:29:00','6423891','5','',''),
('1525491601583095','16:30:00','16:30:00','6423892','6','',''),
('1525491601583095','16:31:00','16:31:00','6423893','7','',''),
('1525491601583095','16:32:00','16:32:00','6423894','8','',''),
('1525491601583095','16:33:00','16:33:00','6423895','9','',''),
('1525491601583095','16:36:00','16:36:00','6423896','10','',''),
('1525491601583095','16:38:00','16:38:00','6423897','11','',''),
('1525491601583095','16:39:00','16:39:00','6423898','12','',''),
('1525491601583095','16:41:00','16:41:00','6423899','13','',''),
('1525491601583095','16:42:00','16:42:00','6423900','14','',''),
('1525491601583095','16:45:00','16:45:00','6423901','15','',''),
('1525491601583095','16:45:00','16:45:00','6423902','16','',''),
('1525491601583095','16:51:00','16:51:00','6423903','17','',''),
('1625491591583095','17:00:00','17:00:00','6423887','1','',''),
('1625491591583095','17:04:00','17:04:00','6423888','2','',''),
('1625491591583095','17:05:00','17:05:00','6423889','3','',''),
('1625491591583095','17:06:00','17:06:00','6423890','4','',''),
('1625491591583095','17:09:00','17:09:00','6423891','5','',''),
('1625491591583095','17:10:00','17:10:00','6423892','6','',''),
('1625491591583095','17:11:00','17:11:00','6423893','7','',''),
('1625491591583095','17:12:00','17:12:00','6423894','8','',''),
('1625491591583095','17:13:00','17:13:00','6423895','9','',''),
('1625491591583095','17:16:00','17:16:00','6423896','10','',''),
('1625491591583095','17:18:00','17:18:00','6423897','11','',''),
('1625491591583095','17:19:00','17:19:00','6423898','12','',''),
('1625491591583095','17:21:00','17:21:00','6423899','13','',''),
('1625491591583095','17:22:00','17:22:00','6423900','14','',''),
('1625491591583095','17:25:00','17:25:00','6423901','15','',''),
('1625491591583095','17:25:00','17:25:00','6423902','16','',''),
('1625491591583095','17:31:00','17:31:00','6423903','17','',''),
('1625491601583095','17:00:00','17:00:00','6423887','1','',''),
('1625491601583095','17:04:00','17:04:00','6423888','2','',''),
('1625491601583095','17:05:00','17:05:00','6423889','3','',''),
('1625491601583095','17:06:00','17:06:00','6423890','4','',''),
('1625491601583095','17:09:00','17:09:00','6423891','5','',''),
('1625491601583095','17:10:00','17:10:00','6423892','6','',''),
('1625491601583095','17:11:00','17:11:00','6423893','7','',''),
('1625491601583095','17:12:00','17:12:00','6423894','8','',''),
('1625491601583095','17:13:00','17:13:00','6423895','9','',''),
('1625491601583095','17:16:00','17:16:00','6423896','10','',''),
('1625491601583095','17:18:00','17:18:00','6423897','11','',''),
('1625491601583095','17:19:00','17:19:00','6423898','12','',''),
('1625491601583095','17:21:00','17:21:00','6423899','13','',''),
('1625491601583095','17:22:00','17:22:00','6423900','14','',''),
('1625491601583095','17:25:00','17:25:00','6423901','15','',''),
('1625491601583095','17:25:00','17:25:00','6423902','16','',''),
('1625491601583095','17:31:00','17:31:00','6423903','17','',''),
('1725491591583095','17:40:00','17:40:00','6423887','1','',''),
('1725491591583095','17:44:00','17:44:00','6423888','2','',''),
('1725491591583095','17:45:00','17:45:00','6423889','3','',''),
('1725491591583095','17:46:00','17:46:00','6423890','4','',''),
('1725491591583095','17:49:00','17:49:00','6423891','5','',''),
('1725491591583095','17:50:00','17:50:00','6423892','6','',''),
('1725491591583095','17:51:00','17:51:00','6423893','7','',''),
('1725491591583095','17:52:00','17:52:00','6423894','8','',''),
('1725491591583095','17:53:00','17:53:00','6423895','9','',''),
('1725491591583095','17:56:00','17:56:00','6423896','10','',''),
('1725491591583095','17:58:00','17:58:00','6423897','11','',''),
('1725491591583095','17:59:00','17:59:00','6423898','12','',''),
('1725491591583095','18:01:00','18:01:00','6423899','13','',''),
('1725491591583095','18:02:00','18:02:00','6423900','14','',''),
('1725491591583095','18:05:00','18:05:00','6423901','15','',''),
('1725491591583095','18:05:00','18:05:00','6423902','16','',''),
('1725491591583095','18:11:00','18:11:00','6423903','17','',''),
('1725491601583095','17:40:00','17:40:00','6423887','1','',''),
('1725491601583095','17:44:00','17:44:00','6423888','2','',''),
('1725491601583095','17:45:00','17:45:00','6423889','3','',''),
('1725491601583095','17:46:00','17:46:00','6423890','4','',''),
('1725491601583095','17:49:00','17:49:00','6423891','5','',''),
('1725491601583095','17:50:00','17:50:00','6423892','6','',''),
('1725491601583095','17:51:00','17:51:00','6423893','7','',''),
('1725491601583095','17:52:00','17:52:00','6423894','8','',''),
('1725491601583095','17:53:00','17:53:00','6423895','9','',''),
('1725491601583095','17:56:00','17:56:00','6423896','10','',''),
('1725491601583095','17:58:00','17:58:00','6423897','11','',''),
('1725491601583095','17:59:00','17:59:00','6423898','12','',''),
('1725491601583095','18:01:00','18:01:00','6423899','13','',''),
('1725491601583095','18:02:00','18:02:00','6423900','14','',''),
('1725491601583095','18:05:00','18:05:00','6423901','15','',''),
('1725491601583095','18:05:00','18:05:00','6423902','16','',''),
('1725491601583095','18:11:00','18:11:00','6423903','17','',''),
('225491591583095','06:40:00','06:40:00','6423887','1','',''),
('225491591583095','06:44:00','06:44:00','6423888','2','',''),
('225491591583095','06:45:00','06:45:00','6423889','3','',''),
('225491591583095','06:46:00','06:46:00','6423890','4','',''),
('225491591583095','06:49:00','06:49:00','6423891','5','',''),
('225491591583095','06:50:00','06:50:00','6423892','6','',''),
('225491591583095','06:51:00','06:51:00','6423893','7','',''),
('225491591583095','06:52:00','06:52:00','6423894','8','',''),
('225491591583095','06:53:00','06:53:00','6423895','9','',''),
('225491591583095','06:56:00','06:56:00','6423896','10','',''),
('225491591583095','06:58:00','06:58:00','6423897','11','',''),
('225491591583095','06:59:00','06:59:00','6423898','12','',''),
('225491591583095','07:01:00','07:01:00','6423899','13','',''),
('225491591583095','07:02:00','07:02:00','6423900','14','',''),
('225491591583095','07:05:00','07:05:00','6423901','15','',''),
('225491591583095','07:05:00','07:05:00','6423902','16','',''),
('225491591583095','07:11:00','07:11:00','6423903','17','',''),
('225491601583095','06:40:00','06:40:00','6423887','1','',''),
('225491601583095','06:44:00','06:44:00','6423888','2','',''),
('225491601583095','06:45:00','06:45:00','6423889','3','',''),
('225491601583095','06:46:00','06:46:00','6423890','4','',''),
('225491601583095','06:49:00','06:49:00','6423891','5','',''),
('225491601583095','06:50:00','06:50:00','6423892','6','',''),
('225491601583095','06:51:00','06:51:00','6423893','7','',''),
('225491601583095','06:52:00','06:52:00','6423894','8','',''),
('225491601583095','06:53:00','06:53:00','6423895','9','',''),
('225491601583095','06:56:00','06:56:00','6423896','10','',''),
('225491601583095','06:58:00','06:58:00','6423897','11','',''),
('225491601583095','06:59:00','06:59:00','6423898','12','',''),
('225491601583095','07:01:00','07:01:00','6423899','13','',''),
('225491601583095','07:02:00','07:02:00','6423900','14','',''),
('225491601583095','07:05:00','07:05:00','6423901','15','',''),
('225491601583095','07:05:00','07:05:00','6423902','16','',''),
('225491601583095','07:11:00','07:11:00','6423903','17','',''),
('325491591583095','07:20:00','07:20:00','6423887','1','',''),
('325491591583095','07:24:00','07:24:00','6423888','2','',''),
('325491591583095','07:25:00','07:25:00','6423889','3','',''),
('325491591583095','07:26:00','07:26:00','6423890','4','',''),
('325491591583095','07:29:00','07:29:00','6423891','5','',''),
('325491591583095','07:30:00','07:30:00','6423892','6','',''),
('325491591583095','07:31:00','07:31:00','6423893','7','',''),
('325491591583095','07:32:00','07:32:00','6423894','8','',''),
('325491591583095','07:33:00','07:33:00','6423895','9','',''),
('325491591583095','07:36:00','07:36:00','6423896','10','',''),
('325491591583095','07:38:00','07:38:00','6423897','11','',''),
('325491591583095','07:39:00','07:39:00','6423898','12','',''),
('325491591583095','07:41:00','07:41:00','6423899','13','',''),
('325491591583095','07:42:00','07:42:00','6423900','14','',''),
('325491591583095','07:45:00','07:45:00','6423901','15','',''),
('325491591583095','07:45:00','07:45:00','6423902','16','',''),
('325491591583095','07:51:00','07:51:00','6423903','17','',''),
('325491601583095','07:20:00','07:20:00','6423887','1','',''),
('325491601583095','07:24:00','07:24:00','6423888','2','',''),
('325491601583095','07:25:00','07:25:00','6423889','3','',''),
('325491601583095','07:26:00','07:26:00','6423890','4','',''),
('325491601583095','07:29:00','07:29:00','6423891','5','',''),
('325491601583095','07:30:00','07:30:00','6423892','6','',''),
('325491601583095','07:31:00','07:31:00','6423893','7','',''),
('325491601583095','07:32:00','07:32:00','6423894','8','',''),
('325491601583095','07:33:00','07:33:00','6423895','9','',''),
('325491601583095','07:36:00','07:36:00','6423896','10','',''),
('325491601583095','07:38:00','07:38:00','6423897','11','',''),
('325491601583095','07:39:00','07:39:00','6423898','12','',''),
('325491601583095','07:41:00','07:41:00','6423899','13','',''),
('325491601583095','07:42:00','07:42:00','6423900','14','',''),
('325491601583095','07:45:00','07:45:00','6423901','15','',''),
('325491601583095','07:45:00','07:45:00','6423902','16','',''),
('325491601583095','07:51:00','07:51:00','6423903','17','',''),
('425491591583095','08:00:00','08:00:00','6423887','1','',''),
('425491591583095','08:04:00','08:04:00','6423888','2','',''),
('425491591583095','08:05:00','08:05:00','6423889','3','',''),
('425491591583095','08:06:00','08:06:00','6423890','4','',''),
('425491591583095','08:09:00','08:09:00','6423891','5','',''),
('425491591583095','08:10:00','08:10:00','6423892','6','',''),
('425491591583095','08:11:00','08:11:00','6423893','7','',''),
('425491591583095','08:12:00','08:12:00','6423894','8','',''),
('425491591583095','08:13:00','08:13:00','6423895','9','',''),
('425491591583095','08:16:00','08:16:00','6423896','10','',''),
('425491591583095','08:18:00','08:18:00','6423897','11','',''),
('425491591583095','08:19:00','08:19:00','6423898','12','',''),
('425491591583095','08:21:00','08:21:00','6423899','13','',''),
('425491591583095','08:22:00','08:22:00','6423900','14','',''),
('425491591583095','08:25:00','08:25:00','6423901','15','',''),
('425491591583095','08:25:00','08:25:00','6423902','16','',''),
('425491591583095','08:31:00','08:31:00','6423903','17','',''),
('425491601583095','08:00:00','08:00:00','6423887','1','',''),
('425491601583095','08:04:00','08:04:00','6423888','2','',''),
('425491601583095','08:05:00','08:05:00','6423889','3','',''),
('425491601583095','08:06:00','08:06:00','6423890','4','',''),
('425491601583095','08:09:00','08:09:00','6423891','5','',''),
('425491601583095','08:10:00','08:10:00','6423892','6','',''),
('425491601583095','08:11:00','08:11:00','6423893','7','',''),
('425491601583095','08:12:00','08:12:00','6423894','8','',''),
('425491601583095','08:13:00','08:13:00','6423895','9','',''),
('425491601583095','08:16:00','08:16:00','6423896','10','',''),
('425491601583095','08:18:00','08:18:00','6423897','11','',''),
('425491601583095','08:19:00','08:19:00','6423898','12','',''),
('425491601583095','08:21:00','08:21:00','6423899','13','',''),
('425491601583095','08:22:00','08:22:00','6423900','14','',''),
('425491601583095','08:25:00','08:25:00','6423901','15','',''),
('425491601583095','08:25:00','08:25:00','6423902','16','',''),
('425491601583095','08:31:00','08:31:00','6423903','17','',''),
('525491591583095','09:00:00','09:00:00','6423887','1','',''),
('525491591583095','09:04:00','09:04:00','6423888','2','',''),
('525491591583095','09:05:00','09:05:00','6423889','3','',''),
('525491591583095','09:06:00','09:06:00','6423890','4','',''),
('525491591583095','09:09:00','09:09:00','6423891','5','',''),
('525491591583095','09:10:00','09:10:00','6423892','6','',''),
('525491591583095','09:11:00','09:11:00','6423893','7','',''),
('525491591583095','09:12:00','09:12:00','6423894','8','',''),
('525491591583095','09:13:00','09:13:00','6423895','9','',''),
('525491591583095','09:16:00','09:16:00','6423896','10','',''),
('525491591583095','09:18:00','09:18:00','6423897','11','',''),
('525491591583095','09:19:00','09:19:00','6423898','12','',''),
('525491591583095','09:21:00','09:21:00','6423899','13','',''),
('525491591583095','09:22:00','09:22:00','6423900','14','',''),
('525491591583095','09:25:00','09:25:00','6423901','15','',''),
('525491591583095','09:25:00','09:25:00','6423902','16','',''),
('525491591583095','09:31:00','09:31:00','6423903','17','',''),
('525491601583095','09:00:00','09:00:00','6423887','1','',''),
('525491601583095','09:04:00','09:04:00','6423888','2','',''),
('525491601583095','09:05:00','09:05:00','6423889','3','',''),
('525491601583095','09:06:00','09:06:00','6423890','4','',''),
('525491601583095','09:09:00','09:09:00','6423891','5','',''),
('525491601583095','09:10:00','09:10:00','6423892','6','',''),
('525491601583095','09:11:00','09:11:00','6423893','7','',''),
('525491601583095','09:12:00','09:12:00','6423894','8','',''),
('525491601583095','09:13:00','09:13:00','6423895','9','',''),
('525491601583095','09:16:00','09:16:00','6423896','10','',''),
('525491601583095','09:18:00','09:18:00','6423897','11','',''),
('525491601583095','09:19:00','09:19:00','6423898','12','',''),
('525491601583095','09:21:00','09:21:00','6423899','13','',''),
('525491601583095','09:22:00','09:22:00','6423900','14','',''),
('525491601583095','09:25:00','09:25:00','6423901','15','',''),
('525491601583095','09:25:00','09:25:00','6423902','16','',''),
('525491601583095','09:31:00','09:31:00','6423903','17','',''),
('625491591583095','09:40:00','09:40:00','6423887','1','',''),
('625491591583095','09:44:00','09:44:00','6423888','2','',''),
('625491591583095','09:45:00','09:45:00','6423889','3','',''),
('625491591583095','09:46:00','09:46:00','6423890','4','',''),
('625491591583095','09:49:00','09:49:00','6423891','5','',''),
('625491591583095','09:50:00','09:50:00','6423892','6','',''),
('625491591583095','09:51:00','09:51:00','6423893','7','',''),
('625491591583095','09:52:00','09:52:00','6423894','8','',''),
('625491591583095','09:53:00','09:53:00','6423895','9','',''),
('625491591583095','09:56:00','09:56:00','6423896','10','',''),
('625491591583095','09:58:00','09:58:00','6423897','11','',''),
('625491591583095','09:59:00','09:59:00','6423898','12','',''),
('625491591583095','10:01:00','10:01:00','6423899','13','',''),
('625491591583095','10:02:00','10:02:00','6423900','14','',''),
('625491591583095','10:05:00','10:05:00','6423901','15','',''),
('625491591583095','10:05:00','10:05:00','6423902','16','',''),
('625491591583095','10:11:00','10:11:00','6423903','17','',''),
('625491601583095','09:40:00','09:40:00','6423887','1','',''),
('625491601583095','09:44:00','09:44:00','6423888','2','',''),
('625491601583095','09:45:00','09:45:00','6423889','3','',''),
('625491601583095','09:46:00','09:46:00','6423890','4','',''),
('625491601583095','09:49:00','09:49:00','6423891','5','',''),
('625491601583095','09:50:00','09:50:00','6423892','6','',''),
('625491601583095','09:51:00','09:51:00','6423893','7','',''),
('625491601583095','09:52:00','09:52:00','6423894','8','',''),
('625491601583095','09:53:00','09:53:00','6423895','9','',''),
('625491601583095','09:56:00','09:56:00','6423896','10','',''),
('625491601583095','09:58:00','09:58:00','6423897','11','',''),
('625491601583095','09:59:00','09:59:00','6423898','12','',''),
('625491601583095','10:01:00','10:01:00','6423899','13','',''),
('625491601583095','10:02:00','10:02:00','6423900','14','',''),
('625491601583095','10:05:00','10:05:00','6423901','15','',''),
('625491601583095','10:05:00','10:05:00','6423902','16','',''),
('625491601583095','10:11:00','10:11:00','6423903','17','',''),
('725491591583095','10:20:00','10:20:00','6423887','1','',''),
('725491591583095','10:24:00','10:24:00','6423888','2','',''),
('725491591583095','10:25:00','10:25:00','6423889','3','',''),
('725491591583095','10:26:00','10:26:00','6423890','4','',''),
('725491591583095','10:29:00','10:29:00','6423891','5','',''),
('725491591583095','10:30:00','10:30:00','6423892','6','',''),
('725491591583095','10:31:00','10:31:00','6423893','7','',''),
('725491591583095','10:32:00','10:32:00','6423894','8','',''),
('725491591583095','10:33:00','10:33:00','6423895','9','',''),
('725491591583095','10:36:00','10:36:00','6423896','10','',''),
('725491591583095','10:38:00','10:38:00','6423897','11','',''),
('725491591583095','10:39:00','10:39:00','6423898','12','',''),
('725491591583095','10:41:00','10:41:00','6423899','13','',''),
('725491591583095','10:42:00','10:42:00','6423900','14','',''),
('725491591583095','10:45:00','10:45:00','6423901','15','',''),
('725491591583095','10:45:00','10:45:00','6423902','16','',''),
('725491591583095','10:51:00','10:51:00','6423903','17','',''),
('725491601583095','10:20:00','10:20:00','6423887','1','',''),
('725491601583095','10:24:00','10:24:00','6423888','2','',''),
('725491601583095','10:25:00','10:25:00','6423889','3','',''),
('725491601583095','10:26:00','10:26:00','6423890','4','',''),
('725491601583095','10:29:00','10:29:00','6423891','5','',''),
('725491601583095','10:30:00','10:30:00','6423892','6','',''),
('725491601583095','10:31:00','10:31:00','6423893','7','',''),
('725491601583095','10:32:00','10:32:00','6423894','8','',''),
('725491601583095','10:33:00','10:33:00','6423895','9','',''),
('725491601583095','10:36:00','10:36:00','6423896','10','',''),
('725491601583095','10:38:00','10:38:00','6423897','11','',''),
('725491601583095','10:39:00','10:39:00','6423898','12','',''),
('725491601583095','10:41:00','10:41:00','6423899','13','',''),
('725491601583095','10:42:00','10:42:00','6423900','14','',''),
('725491601583095','10:45:00','10:45:00','6423901','15','',''),
('725491601583095','10:45:00','10:45:00','6423902','16','',''),
('725491601583095','10:51:00','10:51:00','6423903','17','',''),
('825491591583095','11:00:00','11:00:00','6423887','1','',''),
('825491591583095','11:04:00','11:04:00','6423888','2','',''),
('825491591583095','11:05:00','11:05:00','6423889','3','',''),
('825491591583095','11:06:00','11:06:00','6423890','4','',''),
('825491591583095','11:09:00','11:09:00','6423891','5','',''),
('825491591583095','11:10:00','11:10:00','6423892','6','',''),
('825491591583095','11:11:00','11:11:00','6423893','7','',''),
('825491591583095','11:12:00','11:12:00','6423894','8','',''),
('825491591583095','11:13:00','11:13:00','6423895','9','',''),
('825491591583095','11:16:00','11:16:00','6423896','10','',''),
('825491591583095','11:18:00','11:18:00','6423897','11','',''),
('825491591583095','11:19:00','11:19:00','6423898','12','',''),
('825491591583095','11:21:00','11:21:00','6423899','13','',''),
('825491591583095','11:22:00','11:22:00','6423900','14','',''),
('825491591583095','11:25:00','11:25:00','6423901','15','',''),
('825491591583095','11:25:00','11:25:00','6423902','16','',''),
('825491591583095','11:31:00','11:31:00','6423903','17','',''),
('825491601583095','11:00:00','11:00:00','6423887','1','',''),
('825491601583095','11:04:00','11:04:00','6423888','2','',''),
('825491601583095','11:05:00','11:05:00','6423889','3','',''),
('825491601583095','11:06:00','11:06:00','6423890','4','',''),
('825491601583095','11:09:00','11:09:00','6423891','5','',''),
('825491601583095','11:10:00','11:10:00','6423892','6','',''),
('825491601583095','11:11:00','11:11:00','6423893','7','',''),
('825491601583095','11:12:00','11:12:00','6423894','8','',''),
('825491601583095','11:13:00','11:13:00','6423895','9','',''),
('825491601583095','11:16:00','11:16:00','6423896','10','',''),
('825491601583095','11:18:00','11:18:00','6423897','11','',''),
('825491601583095','11:19:00','11:19:00','6423898','12','',''),
('825491601583095','11:21:00','11:21:00','6423899','13','',''),
('825491601583095','11:22:00','11:22:00','6423900','14','',''),
('825491601583095','11:25:00','11:25:00','6423901','15','',''),
('825491601583095','11:25:00','11:25:00','6423902','16','',''),
('825491601583095','11:31:00','11:31:00','6423903','17','',''),
('925491591583095','12:20:00','12:20:00','6423887','1','',''),
('925491591583095','12:24:00','12:24:00','6423888','2','',''),
('925491591583095','12:25:00','12:25:00','6423889','3','',''),
('925491591583095','12:26:00','12:26:00','6423890','4','',''),
('925491591583095','12:29:00','12:29:00','6423891','5','',''),
('925491591583095','12:30:00','12:30:00','6423892','6','',''),
('925491591583095','12:31:00','12:31:00','6423893','7','',''),
('925491591583095','12:32:00','12:32:00','6423894','8','',''),
('925491591583095','12:33:00','12:33:00','6423895','9','',''),
('925491591583095','12:36:00','12:36:00','6423896','10','',''),
('925491591583095','12:38:00','12:38:00','6423897','11','',''),
('925491591583095','12:39:00','12:39:00','6423898','12','',''),
('925491591583095','12:41:00','12:41:00','6423899','13','',''),
('925491591583095','12:42:00','12:42:00','6423900','14','',''),
('925491591583095','12:45:00','12:45:00','6423901','15','',''),
('925491591583095','12:45:00','12:45:00','6423902','16','',''),
('925491591583095','12:51:00','12:51:00','6423903','17','',''),
('925491601583095','12:20:00','12:20:00','6423887','1','',''),
('925491601583095','12:24:00','12:24:00','6423888','2','',''),
('925491601583095','12:25:00','12:25:00','6423889','3','',''),
('925491601583095','12:26:00','12:26:00','6423890','4','',''),
('925491601583095','12:29:00','12:29:00','6423891','5','',''),
('925491601583095','12:30:00','12:30:00','6423892','6','',''),
('925491601583095','12:31:00','12:31:00','6423893','7','',''),
('925491601583095','12:32:00','12:32:00','6423894','8','',''),
('925491601583095','12:33:00','12:33:00','6423895','9','',''),
('925491601583095','12:36:00','12:36:00','6423896','10','',''),
('925491601583095','12:38:00','12:38:00','6423897','11','',''),
('925491601583095','12:39:00','12:39:00','6423898','12','',''),
('925491601583095','12:41:00','12:41:00','6423899','13','',''),
('925491601583095','12:42:00','12:42:00','6423900','14','',''),
('925491601583095','12:45:00','12:45:00','6423901','15','',''),
('925491601583095','12:45:00','12:45:00','6423902','16','',''),
('925491601583095','12:51:00','12:51:00','6423903','17','',''),
('1025491571583086','12:00:00','12:00:00','6423904','1','',''),
('1025491571583086','12:04:00','12:04:00','6423905','2','',''),
('1025491571583086','12:05:00','12:05:00','6423906','3','',''),
('1025491571583086','12:07:00','12:07:00','6423907','4','',''),
('1025491571583086','12:07:00','12:07:00','6423908','5','',''),
('1025491571583086','12:08:00','12:08:00','6423909','6','',''),
('1025491571583086','12:09:00','12:09:00','6423910','7','',''),
('1025491571583086','12:10:00','12:10:00','6423911','8','',''),
('1025491571583086','12:11:00','12:11:00','6423912','9','',''),
('1025491571583086','12:14:00','12:14:00','6423913','10','',''),
('1025491571583086','12:15:00','12:15:00','6423914','11','',''),
('1025491571583086','12:17:00','12:17:00','6423915','12','',''),
('1025491571583086','12:18:00','12:18:00','6423916','13','',''),
('1025491571583086','12:19:00','12:19:00','6423917','14','',''),
('1025491571583086','12:21:00','12:21:00','6423918','15','',''),
('1025491571583086','12:22:00','12:22:00','6423919','16','',''),
('1025491571583086','12:26:00','12:26:00','6423920','17','',''),
('1025491571583086','12:27:00','12:27:00','6423921','18','',''),
('1025491571583086','12:27:00','12:27:00','6423922','19','',''),
('1025491571583086','12:28:00','12:28:00','6423923','20','',''),
('1025491571583086','12:29:00','12:29:00','6423924','21','',''),
('1025491571583086','12:35:00','12:35:00','6423925','22','',''),
('1025491581583086','12:00:00','12:00:00','6423904','1','',''),
('1025491581583086','12:04:00','12:04:00','6423905','2','',''),
('1025491581583086','12:05:00','12:05:00','6423906','3','',''),
('1025491581583086','12:07:00','12:07:00','6423907','4','',''),
('1025491581583086','12:07:00','12:07:00','6423908','5','',''),
('1025491581583086','12:08:00','12:08:00','6423909','6','',''),
('1025491581583086','12:09:00','12:09:00','6423910','7','',''),
('1025491581583086','12:10:00','12:10:00','6423911','8','',''),
('1025491581583086','12:11:00','12:11:00','6423912','9','',''),
('1025491581583086','12:14:00','12:14:00','6423913','10','',''),
('1025491581583086','12:15:00','12:15:00','6423914','11','',''),
('1025491581583086','12:17:00','12:17:00','6423915','12','',''),
('1025491581583086','12:18:00','12:18:00','6423916','13','',''),
('1025491581583086','12:19:00','12:19:00','6423917','14','',''),
('1025491581583086','12:21:00','12:21:00','6423918','15','',''),
('1025491581583086','12:22:00','12:22:00','6423919','16','',''),
('1025491581583086','12:26:00','12:26:00','6423920','17','',''),
('1025491581583086','12:27:00','12:27:00','6423921','18','',''),
('1025491581583086','12:27:00','12:27:00','6423922','19','',''),
('1025491581583086','12:28:00','12:28:00','6423923','20','',''),
('1025491581583086','12:29:00','12:29:00','6423924','21','',''),
('1025491581583086','12:35:00','12:35:00','6423925','22','',''),
('1125491571583086','12:40:00','12:40:00','6423904','1','',''),
('1125491571583086','12:44:00','12:44:00','6423905','2','',''),
('1125491571583086','12:45:00','12:45:00','6423906','3','',''),
('1125491571583086','12:47:00','12:47:00','6423907','4','',''),
('1125491571583086','12:47:00','12:47:00','6423908','5','',''),
('1125491571583086','12:48:00','12:48:00','6423909','6','',''),
('1125491571583086','12:49:00','12:49:00','6423910','7','',''),
('1125491571583086','12:50:00','12:50:00','6423911','8','',''),
('1125491571583086','12:51:00','12:51:00','6423912','9','',''),
('1125491571583086','12:54:00','12:54:00','6423913','10','',''),
('1125491571583086','12:55:00','12:55:00','6423914','11','',''),
('1125491571583086','12:57:00','12:57:00','6423915','12','',''),
('1125491571583086','12:58:00','12:58:00','6423916','13','',''),
('1125491571583086','12:59:00','12:59:00','6423917','14','',''),
('1125491571583086','13:01:00','13:01:00','6423918','15','',''),
('1125491571583086','13:02:00','13:02:00','6423919','16','',''),
('1125491571583086','13:06:00','13:06:00','6423920','17','',''),
('1125491571583086','13:07:00','13:07:00','6423921','18','',''),
('1125491571583086','13:07:00','13:07:00','6423922','19','',''),
('1125491571583086','13:08:00','13:08:00','6423923','20','',''),
('1125491571583086','13:09:00','13:09:00','6423924','21','',''),
('1125491571583086','13:15:00','13:15:00','6423925','22','',''),
('1125491581583086','12:40:00','12:40:00','6423904','1','',''),
('1125491581583086','12:44:00','12:44:00','6423905','2','',''),
('1125491581583086','12:45:00','12:45:00','6423906','3','',''),
('1125491581583086','12:47:00','12:47:00','6423907','4','',''),
('1125491581583086','12:47:00','12:47:00','6423908','5','',''),
('1125491581583086','12:48:00','12:48:00','6423909','6','',''),
('1125491581583086','12:49:00','12:49:00','6423910','7','',''),
('1125491581583086','12:50:00','12:50:00','6423911','8','',''),
('1125491581583086','12:51:00','12:51:00','6423912','9','',''),
('1125491581583086','12:54:00','12:54:00','6423913','10','',''),
('1125491581583086','12:55:00','12:55:00','6423914','11','',''),
('1125491581583086','12:57:00','12:57:00','6423915','12','',''),
('1125491581583086','12:58:00','12:58:00','6423916','13','',''),
('1125491581583086','12:59:00','12:59:00','6423917','14','',''),
('1125491581583086','13:01:00','13:01:00','6423918','15','',''),
('1125491581583086','13:02:00','13:02:00','6423919','16','',''),
('1125491581583086','13:06:00','13:06:00','6423920','17','',''),
('1125491581583086','13:07:00','13:07:00','6423921','18','',''),
('1125491581583086','13:07:00','13:07:00','6423922','19','',''),
('1125491581583086','13:08:00','13:08:00','6423923','20','',''),
('1125491581583086','13:09:00','13:09:00','6423924','21','',''),
('1125491581583086','13:15:00','13:15:00','6423925','22','',''),
('1225491571583086','13:20:00','13:20:00','6423904','1','',''),
('1225491571583086','13:24:00','13:24:00','6423905','2','',''),
('1225491571583086','13:25:00','13:25:00','6423906','3','',''),
('1225491571583086','13:27:00','13:27:00','6423907','4','',''),
('1225491571583086','13:27:00','13:27:00','6423908','5','',''),
('1225491571583086','13:28:00','13:28:00','6423909','6','',''),
('1225491571583086','13:29:00','13:29:00','6423910','7','',''),
('1225491571583086','13:30:00','13:30:00','6423911','8','',''),
('1225491571583086','13:31:00','13:31:00','6423912','9','',''),
('1225491571583086','13:34:00','13:34:00','6423913','10','',''),
('1225491571583086','13:35:00','13:35:00','6423914','11','',''),
('1225491571583086','13:37:00','13:37:00','6423915','12','',''),
('1225491571583086','13:38:00','13:38:00','6423916','13','',''),
('1225491571583086','13:39:00','13:39:00','6423917','14','',''),
('1225491571583086','13:41:00','13:41:00','6423918','15','',''),
('1225491571583086','13:42:00','13:42:00','6423919','16','',''),
('1225491571583086','13:46:00','13:46:00','6423920','17','',''),
('1225491571583086','13:47:00','13:47:00','6423921','18','',''),
('1225491571583086','13:47:00','13:47:00','6423922','19','',''),
('1225491571583086','13:48:00','13:48:00','6423923','20','',''),
('1225491571583086','13:49:00','13:49:00','6423924','21','',''),
('1225491571583086','13:55:00','13:55:00','6423925','22','',''),
('1225491581583086','13:20:00','13:20:00','6423904','1','',''),
('1225491581583086','13:24:00','13:24:00','6423905','2','',''),
('1225491581583086','13:25:00','13:25:00','6423906','3','',''),
('1225491581583086','13:27:00','13:27:00','6423907','4','',''),
('1225491581583086','13:27:00','13:27:00','6423908','5','',''),
('1225491581583086','13:28:00','13:28:00','6423909','6','',''),
('1225491581583086','13:29:00','13:29:00','6423910','7','',''),
('1225491581583086','13:30:00','13:30:00','6423911','8','',''),
('1225491581583086','13:31:00','13:31:00','6423912','9','',''),
('1225491581583086','13:34:00','13:34:00','6423913','10','',''),
('1225491581583086','13:35:00','13:35:00','6423914','11','',''),
('1225491581583086','13:37:00','13:37:00','6423915','12','',''),
('1225491581583086','13:38:00','13:38:00','6423916','13','',''),
('1225491581583086','13:39:00','13:39:00','6423917','14','',''),
('1225491581583086','13:41:00','13:41:00','6423918','15','',''),
('1225491581583086','13:42:00','13:42:00','6423919','16','',''),
('1225491581583086','13:46:00','13:46:00','6423920','17','',''),
('1225491581583086','13:47:00','13:47:00','6423921','18','',''),
('1225491581583086','13:47:00','13:47:00','6423922','19','',''),
('1225491581583086','13:48:00','13:48:00','6423923','20','',''),
('1225491581583086','13:49:00','13:49:00','6423924','21','',''),
('1225491581583086','13:55:00','13:55:00','6423925','22','',''),
('125491571583086','06:20:00','06:20:00','6423904','1','',''),
('125491571583086','06:24:00','06:24:00','6423905','2','',''),
('125491571583086','06:25:00','06:25:00','6423906','3','',''),
('125491571583086','06:27:00','06:27:00','6423907','4','',''),
('125491571583086','06:27:00','06:27:00','6423908','5','',''),
('125491571583086','06:28:00','06:28:00','6423909','6','',''),
('125491571583086','06:29:00','06:29:00','6423910','7','',''),
('125491571583086','06:30:00','06:30:00','6423911','8','',''),
('125491571583086','06:31:00','06:31:00','6423912','9','',''),
('125491571583086','06:34:00','06:34:00','6423913','10','',''),
('125491571583086','06:35:00','06:35:00','6423914','11','',''),
('125491571583086','06:37:00','06:37:00','6423915','12','',''),
('125491571583086','06:38:00','06:38:00','6423916','13','',''),
('125491571583086','06:39:00','06:39:00','6423917','14','',''),
('125491571583086','06:41:00','06:41:00','6423918','15','',''),
('125491571583086','06:42:00','06:42:00','6423919','16','',''),
('125491571583086','06:46:00','06:46:00','6423920','17','',''),
('125491571583086','06:47:00','06:47:00','6423921','18','',''),
('125491571583086','06:47:00','06:47:00','6423922','19','',''),
('125491571583086','06:48:00','06:48:00','6423923','20','',''),
('125491571583086','06:49:00','06:49:00','6423924','21','',''),
('125491571583086','06:55:00','06:55:00','6423925','22','',''),
('125491581583086','06:20:00','06:20:00','6423904','1','',''),
('125491581583086','06:24:00','06:24:00','6423905','2','',''),
('125491581583086','06:25:00','06:25:00','6423906','3','',''),
('125491581583086','06:27:00','06:27:00','6423907','4','',''),
('125491581583086','06:27:00','06:27:00','6423908','5','',''),
('125491581583086','06:28:00','06:28:00','6423909','6','',''),
('125491581583086','06:29:00','06:29:00','6423910','7','',''),
('125491581583086','06:30:00','06:30:00','6423911','8','',''),
('125491581583086','06:31:00','06:31:00','6423912','9','',''),
('125491581583086','06:34:00','06:34:00','6423913','10','',''),
('125491581583086','06:35:00','06:35:00','6423914','11','',''),
('125491581583086','06:37:00','06:37:00','6423915','12','',''),
('125491581583086','06:38:00','06:38:00','6423916','13','',''),
('125491581583086','06:39:00','06:39:00','6423917','14','',''),
('125491581583086','06:41:00','06:41:00','6423918','15','',''),
('125491581583086','06:42:00','06:42:00','6423919','16','',''),
('125491581583086','06:46:00','06:46:00','6423920','17','',''),
('125491581583086','06:47:00','06:47:00','6423921','18','',''),
('125491581583086','06:47:00','06:47:00','6423922','19','',''),
('125491581583086','06:48:00','06:48:00','6423923','20','',''),
('125491581583086','06:49:00','06:49:00','6423924','21','',''),
('125491581583086','06:55:00','06:55:00','6423925','22','',''),
('1325491571583086','14:00:00','14:00:00','6423904','1','',''),
('1325491571583086','14:04:00','14:04:00','6423905','2','',''),
('1325491571583086','14:05:00','14:05:00','6423906','3','',''),
('1325491571583086','14:07:00','14:07:00','6423907','4','',''),
('1325491571583086','14:07:00','14:07:00','6423908','5','',''),
('1325491571583086','14:08:00','14:08:00','6423909','6','',''),
('1325491571583086','14:09:00','14:09:00','6423910','7','',''),
('1325491571583086','14:10:00','14:10:00','6423911','8','',''),
('1325491571583086','14:11:00','14:11:00','6423912','9','',''),
('1325491571583086','14:14:00','14:14:00','6423913','10','',''),
('1325491571583086','14:15:00','14:15:00','6423914','11','',''),
('1325491571583086','14:17:00','14:17:00','6423915','12','',''),
('1325491571583086','14:18:00','14:18:00','6423916','13','',''),
('1325491571583086','14:19:00','14:19:00','6423917','14','',''),
('1325491571583086','14:21:00','14:21:00','6423918','15','',''),
('1325491571583086','14:22:00','14:22:00','6423919','16','',''),
('1325491571583086','14:26:00','14:26:00','6423920','17','',''),
('1325491571583086','14:27:00','14:27:00','6423921','18','',''),
('1325491571583086','14:27:00','14:27:00','6423922','19','',''),
('1325491571583086','14:28:00','14:28:00','6423923','20','',''),
('1325491571583086','14:29:00','14:29:00','6423924','21','',''),
('1325491571583086','14:35:00','14:35:00','6423925','22','',''),
('1325491581583086','14:00:00','14:00:00','6423904','1','',''),
('1325491581583086','14:04:00','14:04:00','6423905','2','',''),
('1325491581583086','14:05:00','14:05:00','6423906','3','',''),
('1325491581583086','14:07:00','14:07:00','6423907','4','',''),
('1325491581583086','14:07:00','14:07:00','6423908','5','',''),
('1325491581583086','14:08:00','14:08:00','6423909','6','',''),
('1325491581583086','14:09:00','14:09:00','6423910','7','',''),
('1325491581583086','14:10:00','14:10:00','6423911','8','',''),
('1325491581583086','14:11:00','14:11:00','6423912','9','',''),
('1325491581583086','14:14:00','14:14:00','6423913','10','',''),
('1325491581583086','14:15:00','14:15:00','6423914','11','',''),
('1325491581583086','14:17:00','14:17:00','6423915','12','',''),
('1325491581583086','14:18:00','14:18:00','6423916','13','',''),
('1325491581583086','14:19:00','14:19:00','6423917','14','',''),
('1325491581583086','14:21:00','14:21:00','6423918','15','',''),
('1325491581583086','14:22:00','14:22:00','6423919','16','',''),
('1325491581583086','14:26:00','14:26:00','6423920','17','',''),
('1325491581583086','14:27:00','14:27:00','6423921','18','',''),
('1325491581583086','14:27:00','14:27:00','6423922','19','',''),
('1325491581583086','14:28:00','14:28:00','6423923','20','',''),
('1325491581583086','14:29:00','14:29:00','6423924','21','',''),
('1325491581583086','14:35:00','14:35:00','6423925','22','',''),
('1425491571583086','14:40:00','14:40:00','6423904','1','',''),
('1425491571583086','14:44:00','14:44:00','6423905','2','',''),
('1425491571583086','14:45:00','14:45:00','6423906','3','',''),
('1425491571583086','14:47:00','14:47:00','6423907','4','',''),
('1425491571583086','14:47:00','14:47:00','6423908','5','',''),
('1425491571583086','14:48:00','14:48:00','6423909','6','',''),
('1425491571583086','14:49:00','14:49:00','6423910','7','',''),
('1425491571583086','14:50:00','14:50:00','6423911','8','',''),
('1425491571583086','14:51:00','14:51:00','6423912','9','',''),
('1425491571583086','14:54:00','14:54:00','6423913','10','',''),
('1425491571583086','14:55:00','14:55:00','6423914','11','',''),
('1425491571583086','14:57:00','14:57:00','6423915','12','',''),
('1425491571583086','14:58:00','14:58:00','6423916','13','',''),
('1425491571583086','14:59:00','14:59:00','6423917','14','',''),
('1425491571583086','15:01:00','15:01:00','6423918','15','',''),
('1425491571583086','15:02:00','15:02:00','6423919','16','',''),
('1425491571583086','15:06:00','15:06:00','6423920','17','',''),
('1425491571583086','15:07:00','15:07:00','6423921','18','',''),
('1425491571583086','15:07:00','15:07:00','6423922','19','',''),
('1425491571583086','15:08:00','15:08:00','6423923','20','',''),
('1425491571583086','15:09:00','15:09:00','6423924','21','',''),
('1425491571583086','15:15:00','15:15:00','6423925','22','',''),
('1425491581583086','14:40:00','14:40:00','6423904','1','',''),
('1425491581583086','14:44:00','14:44:00','6423905','2','',''),
('1425491581583086','14:45:00','14:45:00','6423906','3','',''),
('1425491581583086','14:47:00','14:47:00','6423907','4','',''),
('1425491581583086','14:47:00','14:47:00','6423908','5','',''),
('1425491581583086','14:48:00','14:48:00','6423909','6','',''),
('1425491581583086','14:49:00','14:49:00','6423910','7','',''),
('1425491581583086','14:50:00','14:50:00','6423911','8','',''),
('1425491581583086','14:51:00','14:51:00','6423912','9','',''),
('1425491581583086','14:54:00','14:54:00','6423913','10','',''),
('1425491581583086','14:55:00','14:55:00','6423914','11','',''),
('1425491581583086','14:57:00','14:57:00','6423915','12','',''),
('1425491581583086','14:58:00','14:58:00','6423916','13','',''),
('1425491581583086','14:59:00','14:59:00','6423917','14','',''),
('1425491581583086','15:01:00','15:01:00','6423918','15','',''),
('1425491581583086','15:02:00','15:02:00','6423919','16','',''),
('1425491581583086','15:06:00','15:06:00','6423920','17','',''),
('1425491581583086','15:07:00','15:07:00','6423921','18','',''),
('1425491581583086','15:07:00','15:07:00','6423922','19','',''),
('1425491581583086','15:08:00','15:08:00','6423923','20','',''),
('1425491581583086','15:09:00','15:09:00','6423924','21','',''),
('1425491581583086','15:15:00','15:15:00','6423925','22','',''),
('1525491571583086','15:20:00','15:20:00','6423904','1','',''),
('1525491571583086','15:24:00','15:24:00','6423905','2','',''),
('1525491571583086','15:25:00','15:25:00','6423906','3','',''),
('1525491571583086','15:27:00','15:27:00','6423907','4','',''),
('1525491571583086','15:27:00','15:27:00','6423908','5','',''),
('1525491571583086','15:28:00','15:28:00','6423909','6','',''),
('1525491571583086','15:29:00','15:29:00','6423910','7','',''),
('1525491571583086','15:30:00','15:30:00','6423911','8','',''),
('1525491571583086','15:31:00','15:31:00','6423912','9','',''),
('1525491571583086','15:34:00','15:34:00','6423913','10','',''),
('1525491571583086','15:35:00','15:35:00','6423914','11','',''),
('1525491571583086','15:37:00','15:37:00','6423915','12','',''),
('1525491571583086','15:38:00','15:38:00','6423916','13','',''),
('1525491571583086','15:39:00','15:39:00','6423917','14','',''),
('1525491571583086','15:41:00','15:41:00','6423918','15','',''),
('1525491571583086','15:42:00','15:42:00','6423919','16','',''),
('1525491571583086','15:46:00','15:46:00','6423920','17','',''),
('1525491571583086','15:47:00','15:47:00','6423921','18','',''),
('1525491571583086','15:47:00','15:47:00','6423922','19','',''),
('1525491571583086','15:48:00','15:48:00','6423923','20','',''),
('1525491571583086','15:49:00','15:49:00','6423924','21','',''),
('1525491571583086','15:55:00','15:55:00','6423925','22','',''),
('1525491581583086','15:20:00','15:20:00','6423904','1','',''),
('1525491581583086','15:24:00','15:24:00','6423905','2','',''),
('1525491581583086','15:25:00','15:25:00','6423906','3','',''),
('1525491581583086','15:27:00','15:27:00','6423907','4','',''),
('1525491581583086','15:27:00','15:27:00','6423908','5','',''),
('1525491581583086','15:28:00','15:28:00','6423909','6','',''),
('1525491581583086','15:29:00','15:29:00','6423910','7','',''),
('1525491581583086','15:30:00','15:30:00','6423911','8','',''),
('1525491581583086','15:31:00','15:31:00','6423912','9','',''),
('1525491581583086','15:34:00','15:34:00','6423913','10','',''),
('1525491581583086','15:35:00','15:35:00','6423914','11','',''),
('1525491581583086','15:37:00','15:37:00','6423915','12','',''),
('1525491581583086','15:38:00','15:38:00','6423916','13','',''),
('1525491581583086','15:39:00','15:39:00','6423917','14','',''),
('1525491581583086','15:41:00','15:41:00','6423918','15','',''),
('1525491581583086','15:42:00','15:42:00','6423919','16','',''),
('1525491581583086','15:46:00','15:46:00','6423920','17','',''),
('1525491581583086','15:47:00','15:47:00','6423921','18','',''),
('1525491581583086','15:47:00','15:47:00','6423922','19','',''),
('1525491581583086','15:48:00','15:48:00','6423923','20','',''),
('1525491581583086','15:49:00','15:49:00','6423924','21','',''),
('1525491581583086','15:55:00','15:55:00','6423925','22','',''),
('1625491571583086','16:00:00','16:00:00','6423904','1','',''),
('1625491571583086','16:04:00','16:04:00','6423905','2','',''),
('1625491571583086','16:05:00','16:05:00','6423906','3','',''),
('1625491571583086','16:07:00','16:07:00','6423907','4','',''),
('1625491571583086','16:07:00','16:07:00','6423908','5','',''),
('1625491571583086','16:08:00','16:08:00','6423909','6','',''),
('1625491571583086','16:09:00','16:09:00','6423910','7','',''),
('1625491571583086','16:10:00','16:10:00','6423911','8','',''),
('1625491571583086','16:11:00','16:11:00','6423912','9','',''),
('1625491571583086','16:14:00','16:14:00','6423913','10','',''),
('1625491571583086','16:15:00','16:15:00','6423914','11','',''),
('1625491571583086','16:17:00','16:17:00','6423915','12','',''),
('1625491571583086','16:18:00','16:18:00','6423916','13','',''),
('1625491571583086','16:19:00','16:19:00','6423917','14','',''),
('1625491571583086','16:21:00','16:21:00','6423918','15','',''),
('1625491571583086','16:22:00','16:22:00','6423919','16','',''),
('1625491571583086','16:26:00','16:26:00','6423920','17','',''),
('1625491571583086','16:27:00','16:27:00','6423921','18','',''),
('1625491571583086','16:27:00','16:27:00','6423922','19','',''),
('1625491571583086','16:28:00','16:28:00','6423923','20','',''),
('1625491571583086','16:29:00','16:29:00','6423924','21','',''),
('1625491571583086','16:35:00','16:35:00','6423925','22','',''),
('1625491581583086','16:00:00','16:00:00','6423904','1','',''),
('1625491581583086','16:04:00','16:04:00','6423905','2','',''),
('1625491581583086','16:05:00','16:05:00','6423906','3','',''),
('1625491581583086','16:07:00','16:07:00','6423907','4','',''),
('1625491581583086','16:07:00','16:07:00','6423908','5','',''),
('1625491581583086','16:08:00','16:08:00','6423909','6','',''),
('1625491581583086','16:09:00','16:09:00','6423910','7','',''),
('1625491581583086','16:10:00','16:10:00','6423911','8','',''),
('1625491581583086','16:11:00','16:11:00','6423912','9','',''),
('1625491581583086','16:14:00','16:14:00','6423913','10','',''),
('1625491581583086','16:15:00','16:15:00','6423914','11','',''),
('1625491581583086','16:17:00','16:17:00','6423915','12','',''),
('1625491581583086','16:18:00','16:18:00','6423916','13','',''),
('1625491581583086','16:19:00','16:19:00','6423917','14','',''),
('1625491581583086','16:21:00','16:21:00','6423918','15','',''),
('1625491581583086','16:22:00','16:22:00','6423919','16','',''),
('1625491581583086','16:26:00','16:26:00','6423920','17','',''),
('1625491581583086','16:27:00','16:27:00','6423921','18','',''),
('1625491581583086','16:27:00','16:27:00','6423922','19','',''),
('1625491581583086','16:28:00','16:28:00','6423923','20','',''),
('1625491581583086','16:29:00','16:29:00','6423924','21','',''),
('1625491581583086','16:35:00','16:35:00','6423925','22','',''),
('1725491571583086','16:40:00','16:40:00','6423904','1','',''),
('1725491571583086','16:44:00','16:44:00','6423905','2','',''),
('1725491571583086','16:45:00','16:45:00','6423906','3','',''),
('1725491571583086','16:47:00','16:47:00','6423907','4','',''),
('1725491571583086','16:47:00','16:47:00','6423908','5','',''),
('1725491571583086','16:48:00','16:48:00','6423909','6','',''),
('1725491571583086','16:49:00','16:49:00','6423910','7','',''),
('1725491571583086','16:50:00','16:50:00','6423911','8','',''),
('1725491571583086','16:51:00','16:51:00','6423912','9','',''),
('1725491571583086','16:54:00','16:54:00','6423913','10','',''),
('1725491571583086','16:55:00','16:55:00','6423914','11','',''),
('1725491571583086','16:57:00','16:57:00','6423915','12','',''),
('1725491571583086','16:58:00','16:58:00','6423916','13','',''),
('1725491571583086','16:59:00','16:59:00','6423917','14','',''),
('1725491571583086','17:01:00','17:01:00','6423918','15','',''),
('1725491571583086','17:02:00','17:02:00','6423919','16','',''),
('1725491571583086','17:06:00','17:06:00','6423920','17','',''),
('1725491571583086','17:07:00','17:07:00','6423921','18','',''),
('1725491571583086','17:07:00','17:07:00','6423922','19','',''),
('1725491571583086','17:08:00','17:08:00','6423923','20','',''),
('1725491571583086','17:09:00','17:09:00','6423924','21','',''),
('1725491571583086','17:15:00','17:15:00','6423925','22','',''),
('1725491581583086','16:40:00','16:40:00','6423904','1','',''),
('1725491581583086','16:44:00','16:44:00','6423905','2','',''),
('1725491581583086','16:45:00','16:45:00','6423906','3','',''),
('1725491581583086','16:47:00','16:47:00','6423907','4','',''),
('1725491581583086','16:47:00','16:47:00','6423908','5','',''),
('1725491581583086','16:48:00','16:48:00','6423909','6','',''),
('1725491581583086','16:49:00','16:49:00','6423910','7','',''),
('1725491581583086','16:50:00','16:50:00','6423911','8','',''),
('1725491581583086','16:51:00','16:51:00','6423912','9','',''),
('1725491581583086','16:54:00','16:54:00','6423913','10','',''),
('1725491581583086','16:55:00','16:55:00','6423914','11','',''),
('1725491581583086','16:57:00','16:57:00','6423915','12','',''),
('1725491581583086','16:58:00','16:58:00','6423916','13','',''),
('1725491581583086','16:59:00','16:59:00','6423917','14','',''),
('1725491581583086','17:01:00','17:01:00','6423918','15','',''),
('1725491581583086','17:02:00','17:02:00','6423919','16','',''),
('1725491581583086','17:06:00','17:06:00','6423920','17','',''),
('1725491581583086','17:07:00','17:07:00','6423921','18','',''),
('1725491581583086','17:07:00','17:07:00','6423922','19','',''),
('1725491581583086','17:08:00','17:08:00','6423923','20','',''),
('1725491581583086','17:09:00','17:09:00','6423924','21','',''),
('1725491581583086','17:15:00','17:15:00','6423925','22','',''),
('1825491571583086','17:20:00','17:20:00','6423904','1','',''),
('1825491571583086','17:24:00','17:24:00','6423905','2','',''),
('1825491571583086','17:25:00','17:25:00','6423906','3','',''),
('1825491571583086','17:27:00','17:27:00','6423907','4','',''),
('1825491571583086','17:27:00','17:27:00','6423908','5','',''),
('1825491571583086','17:28:00','17:28:00','6423909','6','',''),
('1825491571583086','17:29:00','17:29:00','6423910','7','',''),
('1825491571583086','17:30:00','17:30:00','6423911','8','',''),
('1825491571583086','17:31:00','17:31:00','6423912','9','',''),
('1825491571583086','17:34:00','17:34:00','6423913','10','',''),
('1825491571583086','17:35:00','17:35:00','6423914','11','',''),
('1825491571583086','17:37:00','17:37:00','6423915','12','',''),
('1825491571583086','17:38:00','17:38:00','6423916','13','',''),
('1825491571583086','17:39:00','17:39:00','6423917','14','',''),
('1825491571583086','17:41:00','17:41:00','6423918','15','',''),
('1825491571583086','17:42:00','17:42:00','6423919','16','',''),
('1825491571583086','17:46:00','17:46:00','6423920','17','',''),
('1825491571583086','17:47:00','17:47:00','6423921','18','',''),
('1825491571583086','17:47:00','17:47:00','6423922','19','',''),
('1825491571583086','17:48:00','17:48:00','6423923','20','',''),
('1825491571583086','17:49:00','17:49:00','6423924','21','',''),
('1825491571583086','17:55:00','17:55:00','6423925','22','',''),
('1825491581583086','17:20:00','17:20:00','6423904','1','',''),
('1825491581583086','17:24:00','17:24:00','6423905','2','',''),
('1825491581583086','17:25:00','17:25:00','6423906','3','',''),
('1825491581583086','17:27:00','17:27:00','6423907','4','',''),
('1825491581583086','17:27:00','17:27:00','6423908','5','',''),
('1825491581583086','17:28:00','17:28:00','6423909','6','',''),
('1825491581583086','17:29:00','17:29:00','6423910','7','',''),
('1825491581583086','17:30:00','17:30:00','6423911','8','',''),
('1825491581583086','17:31:00','17:31:00','6423912','9','',''),
('1825491581583086','17:34:00','17:34:00','6423913','10','',''),
('1825491581583086','17:35:00','17:35:00','6423914','11','',''),
('1825491581583086','17:37:00','17:37:00','6423915','12','',''),
('1825491581583086','17:38:00','17:38:00','6423916','13','',''),
('1825491581583086','17:39:00','17:39:00','6423917','14','',''),
('1825491581583086','17:41:00','17:41:00','6423918','15','',''),
('1825491581583086','17:42:00','17:42:00','6423919','16','',''),
('1825491581583086','17:46:00','17:46:00','6423920','17','',''),
('1825491581583086','17:47:00','17:47:00','6423921','18','',''),
('1825491581583086','17:47:00','17:47:00','6423922','19','',''),
('1825491581583086','17:48:00','17:48:00','6423923','20','',''),
('1825491581583086','17:49:00','17:49:00','6423924','21','',''),
('1825491581583086','17:55:00','17:55:00','6423925','22','',''),
('1925491571583086','18:00:00','18:00:00','6423904','1','',''),
('1925491571583086','18:04:00','18:04:00','6423905','2','',''),
('1925491571583086','18:05:00','18:05:00','6423906','3','',''),
('1925491571583086','18:07:00','18:07:00','6423907','4','',''),
('1925491571583086','18:07:00','18:07:00','6423908','5','',''),
('1925491571583086','18:08:00','18:08:00','6423909','6','',''),
('1925491571583086','18:09:00','18:09:00','6423910','7','',''),
('1925491571583086','18:10:00','18:10:00','6423911','8','',''),
('1925491571583086','18:11:00','18:11:00','6423912','9','',''),
('1925491571583086','18:14:00','18:14:00','6423913','10','',''),
('1925491571583086','18:15:00','18:15:00','6423914','11','',''),
('1925491571583086','18:17:00','18:17:00','6423915','12','',''),
('1925491571583086','18:18:00','18:18:00','6423916','13','',''),
('1925491571583086','18:19:00','18:19:00','6423917','14','',''),
('1925491571583086','18:21:00','18:21:00','6423918','15','',''),
('1925491571583086','18:22:00','18:22:00','6423919','16','',''),
('1925491571583086','18:26:00','18:26:00','6423920','17','',''),
('1925491571583086','18:27:00','18:27:00','6423921','18','',''),
('1925491571583086','18:27:00','18:27:00','6423922','19','',''),
('1925491571583086','18:28:00','18:28:00','6423923','20','',''),
('1925491571583086','18:29:00','18:29:00','6423924','21','',''),
('1925491571583086','18:35:00','18:35:00','6423925','22','',''),
('1925491581583086','18:00:00','18:00:00','6423904','1','',''),
('1925491581583086','18:04:00','18:04:00','6423905','2','',''),
('1925491581583086','18:05:00','18:05:00','6423906','3','',''),
('1925491581583086','18:07:00','18:07:00','6423907','4','',''),
('1925491581583086','18:07:00','18:07:00','6423908','5','',''),
('1925491581583086','18:08:00','18:08:00','6423909','6','',''),
('1925491581583086','18:09:00','18:09:00','6423910','7','',''),
('1925491581583086','18:10:00','18:10:00','6423911','8','',''),
('1925491581583086','18:11:00','18:11:00','6423912','9','',''),
('1925491581583086','18:14:00','18:14:00','6423913','10','',''),
('1925491581583086','18:15:00','18:15:00','6423914','11','',''),
('1925491581583086','18:17:00','18:17:00','6423915','12','',''),
('1925491581583086','18:18:00','18:18:00','6423916','13','',''),
('1925491581583086','18:19:00','18:19:00','6423917','14','',''),
('1925491581583086','18:21:00','18:21:00','6423918','15','',''),
('1925491581583086','18:22:00','18:22:00','6423919','16','',''),
('1925491581583086','18:26:00','18:26:00','6423920','17','',''),
('1925491581583086','18:27:00','18:27:00','6423921','18','',''),
('1925491581583086','18:27:00','18:27:00','6423922','19','',''),
('1925491581583086','18:28:00','18:28:00','6423923','20','',''),
('1925491581583086','18:29:00','18:29:00','6423924','21','',''),
('1925491581583086','18:35:00','18:35:00','6423925','22','',''),
('225491571583086','07:00:00','07:00:00','6423904','1','',''),
('225491571583086','07:04:00','07:04:00','6423905','2','',''),
('225491571583086','07:05:00','07:05:00','6423906','3','',''),
('225491571583086','07:07:00','07:07:00','6423907','4','',''),
('225491571583086','07:07:00','07:07:00','6423908','5','',''),
('225491571583086','07:08:00','07:08:00','6423909','6','',''),
('225491571583086','07:09:00','07:09:00','6423910','7','',''),
('225491571583086','07:10:00','07:10:00','6423911','8','',''),
('225491571583086','07:11:00','07:11:00','6423912','9','',''),
('225491571583086','07:14:00','07:14:00','6423913','10','',''),
('225491571583086','07:15:00','07:15:00','6423914','11','',''),
('225491571583086','07:17:00','07:17:00','6423915','12','',''),
('225491571583086','07:18:00','07:18:00','6423916','13','',''),
('225491571583086','07:19:00','07:19:00','6423917','14','',''),
('225491571583086','07:21:00','07:21:00','6423918','15','',''),
('225491571583086','07:22:00','07:22:00','6423919','16','',''),
('225491571583086','07:26:00','07:26:00','6423920','17','',''),
('225491571583086','07:27:00','07:27:00','6423921','18','',''),
('225491571583086','07:27:00','07:27:00','6423922','19','',''),
('225491571583086','07:28:00','07:28:00','6423923','20','',''),
('225491571583086','07:29:00','07:29:00','6423924','21','',''),
('225491571583086','07:35:00','07:35:00','6423925','22','',''),
('225491581583086','07:00:00','07:00:00','6423904','1','',''),
('225491581583086','07:04:00','07:04:00','6423905','2','',''),
('225491581583086','07:05:00','07:05:00','6423906','3','',''),
('225491581583086','07:07:00','07:07:00','6423907','4','',''),
('225491581583086','07:07:00','07:07:00','6423908','5','',''),
('225491581583086','07:08:00','07:08:00','6423909','6','',''),
('225491581583086','07:09:00','07:09:00','6423910','7','',''),
('225491581583086','07:10:00','07:10:00','6423911','8','',''),
('225491581583086','07:11:00','07:11:00','6423912','9','',''),
('225491581583086','07:14:00','07:14:00','6423913','10','',''),
('225491581583086','07:15:00','07:15:00','6423914','11','',''),
('225491581583086','07:17:00','07:17:00','6423915','12','',''),
('225491581583086','07:18:00','07:18:00','6423916','13','',''),
('225491581583086','07:19:00','07:19:00','6423917','14','',''),
('225491581583086','07:21:00','07:21:00','6423918','15','',''),
('225491581583086','07:22:00','07:22:00','6423919','16','',''),
('225491581583086','07:26:00','07:26:00','6423920','17','',''),
('225491581583086','07:27:00','07:27:00','6423921','18','',''),
('225491581583086','07:27:00','07:27:00','6423922','19','',''),
('225491581583086','07:28:00','07:28:00','6423923','20','',''),
('225491581583086','07:29:00','07:29:00','6423924','21','',''),
('225491581583086','07:35:00','07:35:00','6423925','22','',''),
('325491571583086','07:40:00','07:40:00','6423904','1','',''),
('325491571583086','07:44:00','07:44:00','6423905','2','',''),
('325491571583086','07:45:00','07:45:00','6423906','3','',''),
('325491571583086','07:47:00','07:47:00','6423907','4','',''),
('325491571583086','07:47:00','07:47:00','6423908','5','',''),
('325491571583086','07:48:00','07:48:00','6423909','6','',''),
('325491571583086','07:49:00','07:49:00','6423910','7','',''),
('325491571583086','07:50:00','07:50:00','6423911','8','',''),
('325491571583086','07:51:00','07:51:00','6423912','9','',''),
('325491571583086','07:54:00','07:54:00','6423913','10','',''),
('325491571583086','07:55:00','07:55:00','6423914','11','',''),
('325491571583086','07:57:00','07:57:00','6423915','12','',''),
('325491571583086','07:58:00','07:58:00','6423916','13','',''),
('325491571583086','07:59:00','07:59:00','6423917','14','',''),
('325491571583086','08:01:00','08:01:00','6423918','15','',''),
('325491571583086','08:02:00','08:02:00','6423919','16','',''),
('325491571583086','08:06:00','08:06:00','6423920','17','',''),
('325491571583086','08:07:00','08:07:00','6423921','18','',''),
('325491571583086','08:07:00','08:07:00','6423922','19','',''),
('325491571583086','08:08:00','08:08:00','6423923','20','',''),
('325491571583086','08:09:00','08:09:00','6423924','21','',''),
('325491571583086','08:15:00','08:15:00','6423925','22','',''),
('325491581583086','07:40:00','07:40:00','6423904','1','',''),
('325491581583086','07:44:00','07:44:00','6423905','2','',''),
('325491581583086','07:45:00','07:45:00','6423906','3','',''),
('325491581583086','07:47:00','07:47:00','6423907','4','',''),
('325491581583086','07:47:00','07:47:00','6423908','5','',''),
('325491581583086','07:48:00','07:48:00','6423909','6','',''),
('325491581583086','07:49:00','07:49:00','6423910','7','',''),
('325491581583086','07:50:00','07:50:00','6423911','8','',''),
('325491581583086','07:51:00','07:51:00','6423912','9','',''),
('325491581583086','07:54:00','07:54:00','6423913','10','',''),
('325491581583086','07:55:00','07:55:00','6423914','11','',''),
('325491581583086','07:57:00','07:57:00','6423915','12','',''),
('325491581583086','07:58:00','07:58:00','6423916','13','',''),
('325491581583086','07:59:00','07:59:00','6423917','14','',''),
('325491581583086','08:01:00','08:01:00','6423918','15','',''),
('325491581583086','08:02:00','08:02:00','6423919','16','',''),
('325491581583086','08:06:00','08:06:00','6423920','17','',''),
('325491581583086','08:07:00','08:07:00','6423921','18','',''),
('325491581583086','08:07:00','08:07:00','6423922','19','',''),
('325491581583086','08:08:00','08:08:00','6423923','20','',''),
('325491581583086','08:09:00','08:09:00','6423924','21','',''),
('325491581583086','08:15:00','08:15:00','6423925','22','',''),
('425491571583086','08:20:00','08:20:00','6423904','1','',''),
('425491571583086','08:24:00','08:24:00','6423905','2','',''),
('425491571583086','08:25:00','08:25:00','6423906','3','',''),
('425491571583086','08:27:00','08:27:00','6423907','4','',''),
('425491571583086','08:27:00','08:27:00','6423908','5','',''),
('425491571583086','08:28:00','08:28:00','6423909','6','',''),
('425491571583086','08:29:00','08:29:00','6423910','7','',''),
('425491571583086','08:30:00','08:30:00','6423911','8','',''),
('425491571583086','08:31:00','08:31:00','6423912','9','',''),
('425491571583086','08:34:00','08:34:00','6423913','10','',''),
('425491571583086','08:35:00','08:35:00','6423914','11','',''),
('425491571583086','08:37:00','08:37:00','6423915','12','',''),
('425491571583086','08:38:00','08:38:00','6423916','13','',''),
('425491571583086','08:39:00','08:39:00','6423917','14','',''),
('425491571583086','08:41:00','08:41:00','6423918','15','',''),
('425491571583086','08:42:00','08:42:00','6423919','16','',''),
('425491571583086','08:46:00','08:46:00','6423920','17','',''),
('425491571583086','08:47:00','08:47:00','6423921','18','',''),
('425491571583086','08:47:00','08:47:00','6423922','19','',''),
('425491571583086','08:48:00','08:48:00','6423923','20','',''),
('425491571583086','08:49:00','08:49:00','6423924','21','',''),
('425491571583086','08:55:00','08:55:00','6423925','22','',''),
('425491581583086','08:20:00','08:20:00','6423904','1','',''),
('425491581583086','08:24:00','08:24:00','6423905','2','',''),
('425491581583086','08:25:00','08:25:00','6423906','3','',''),
('425491581583086','08:27:00','08:27:00','6423907','4','',''),
('425491581583086','08:27:00','08:27:00','6423908','5','',''),
('425491581583086','08:28:00','08:28:00','6423909','6','',''),
('425491581583086','08:29:00','08:29:00','6423910','7','',''),
('425491581583086','08:30:00','08:30:00','6423911','8','',''),
('425491581583086','08:31:00','08:31:00','6423912','9','',''),
('425491581583086','08:34:00','08:34:00','6423913','10','',''),
('425491581583086','08:35:00','08:35:00','6423914','11','',''),
('425491581583086','08:37:00','08:37:00','6423915','12','',''),
('425491581583086','08:38:00','08:38:00','6423916','13','',''),
('425491581583086','08:39:00','08:39:00','6423917','14','',''),
('425491581583086','08:41:00','08:41:00','6423918','15','',''),
('425491581583086','08:42:00','08:42:00','6423919','16','',''),
('425491581583086','08:46:00','08:46:00','6423920','17','',''),
('425491581583086','08:47:00','08:47:00','6423921','18','',''),
('425491581583086','08:47:00','08:47:00','6423922','19','',''),
('425491581583086','08:48:00','08:48:00','6423923','20','',''),
('425491581583086','08:49:00','08:49:00','6423924','21','',''),
('425491581583086','08:55:00','08:55:00','6423925','22','',''),
('525491571583086','08:40:00','08:40:00','6423904','1','',''),
('525491571583086','08:44:00','08:44:00','6423905','2','',''),
('525491571583086','08:45:00','08:45:00','6423906','3','',''),
('525491571583086','08:47:00','08:47:00','6423907','4','',''),
('525491571583086','08:47:00','08:47:00','6423908','5','',''),
('525491571583086','08:48:00','08:48:00','6423909','6','',''),
('525491571583086','08:49:00','08:49:00','6423910','7','',''),
('525491571583086','08:50:00','08:50:00','6423911','8','',''),
('525491571583086','08:51:00','08:51:00','6423912','9','',''),
('525491571583086','08:54:00','08:54:00','6423913','10','',''),
('525491571583086','08:55:00','08:55:00','6423914','11','',''),
('525491571583086','08:57:00','08:57:00','6423915','12','',''),
('525491571583086','08:58:00','08:58:00','6423916','13','',''),
('525491571583086','08:59:00','08:59:00','6423917','14','',''),
('525491571583086','09:01:00','09:01:00','6423918','15','',''),
('525491571583086','09:02:00','09:02:00','6423919','16','',''),
('525491571583086','09:06:00','09:06:00','6423920','17','',''),
('525491571583086','09:07:00','09:07:00','6423921','18','',''),
('525491571583086','09:07:00','09:07:00','6423922','19','',''),
('525491571583086','09:08:00','09:08:00','6423923','20','',''),
('525491571583086','09:09:00','09:09:00','6423924','21','',''),
('525491571583086','09:15:00','09:15:00','6423925','22','',''),
('525491581583086','08:40:00','08:40:00','6423904','1','',''),
('525491581583086','08:44:00','08:44:00','6423905','2','',''),
('525491581583086','08:45:00','08:45:00','6423906','3','',''),
('525491581583086','08:47:00','08:47:00','6423907','4','',''),
('525491581583086','08:47:00','08:47:00','6423908','5','',''),
('525491581583086','08:48:00','08:48:00','6423909','6','',''),
('525491581583086','08:49:00','08:49:00','6423910','7','',''),
('525491581583086','08:50:00','08:50:00','6423911','8','',''),
('525491581583086','08:51:00','08:51:00','6423912','9','',''),
('525491581583086','08:54:00','08:54:00','6423913','10','',''),
('525491581583086','08:55:00','08:55:00','6423914','11','',''),
('525491581583086','08:57:00','08:57:00','6423915','12','',''),
('525491581583086','08:58:00','08:58:00','6423916','13','',''),
('525491581583086','08:59:00','08:59:00','6423917','14','',''),
('525491581583086','09:01:00','09:01:00','6423918','15','',''),
('525491581583086','09:02:00','09:02:00','6423919','16','',''),
('525491581583086','09:06:00','09:06:00','6423920','17','',''),
('525491581583086','09:07:00','09:07:00','6423921','18','',''),
('525491581583086','09:07:00','09:07:00','6423922','19','',''),
('525491581583086','09:08:00','09:08:00','6423923','20','',''),
('525491581583086','09:09:00','09:09:00','6423924','21','',''),
('525491581583086','09:15:00','09:15:00','6423925','22','',''),
('625491571583086','09:20:00','09:20:00','6423904','1','',''),
('625491571583086','09:24:00','09:24:00','6423905','2','',''),
('625491571583086','09:25:00','09:25:00','6423906','3','',''),
('625491571583086','09:27:00','09:27:00','6423907','4','',''),
('625491571583086','09:27:00','09:27:00','6423908','5','',''),
('625491571583086','09:28:00','09:28:00','6423909','6','',''),
('625491571583086','09:29:00','09:29:00','6423910','7','',''),
('625491571583086','09:30:00','09:30:00','6423911','8','',''),
('625491571583086','09:31:00','09:31:00','6423912','9','',''),
('625491571583086','09:34:00','09:34:00','6423913','10','',''),
('625491571583086','09:35:00','09:35:00','6423914','11','',''),
('625491571583086','09:37:00','09:37:00','6423915','12','',''),
('625491571583086','09:38:00','09:38:00','6423916','13','',''),
('625491571583086','09:39:00','09:39:00','6423917','14','',''),
('625491571583086','09:41:00','09:41:00','6423918','15','',''),
('625491571583086','09:42:00','09:42:00','6423919','16','',''),
('625491571583086','09:46:00','09:46:00','6423920','17','',''),
('625491571583086','09:47:00','09:47:00','6423921','18','',''),
('625491571583086','09:47:00','09:47:00','6423922','19','',''),
('625491571583086','09:48:00','09:48:00','6423923','20','',''),
('625491571583086','09:49:00','09:49:00','6423924','21','',''),
('625491571583086','09:55:00','09:55:00','6423925','22','',''),
('625491581583086','09:20:00','09:20:00','6423904','1','',''),
('625491581583086','09:24:00','09:24:00','6423905','2','',''),
('625491581583086','09:25:00','09:25:00','6423906','3','',''),
('625491581583086','09:27:00','09:27:00','6423907','4','',''),
('625491581583086','09:27:00','09:27:00','6423908','5','',''),
('625491581583086','09:28:00','09:28:00','6423909','6','',''),
('625491581583086','09:29:00','09:29:00','6423910','7','',''),
('625491581583086','09:30:00','09:30:00','6423911','8','',''),
('625491581583086','09:31:00','09:31:00','6423912','9','',''),
('625491581583086','09:34:00','09:34:00','6423913','10','',''),
('625491581583086','09:35:00','09:35:00','6423914','11','',''),
('625491581583086','09:37:00','09:37:00','6423915','12','',''),
('625491581583086','09:38:00','09:38:00','6423916','13','',''),
('625491581583086','09:39:00','09:39:00','6423917','14','',''),
('625491581583086','09:41:00','09:41:00','6423918','15','',''),
('625491581583086','09:42:00','09:42:00','6423919','16','',''),
('625491581583086','09:46:00','09:46:00','6423920','17','',''),
('625491581583086','09:47:00','09:47:00','6423921','18','',''),
('625491581583086','09:47:00','09:47:00','6423922','19','',''),
('625491581583086','09:48:00','09:48:00','6423923','20','',''),
('625491581583086','09:49:00','09:49:00','6423924','21','',''),
('625491581583086','09:55:00','09:55:00','6423925','22','',''),
('725491571583086','10:00:00','10:00:00','6423904','1','',''),
('725491571583086','10:04:00','10:04:00','6423905','2','',''),
('725491571583086','10:05:00','10:05:00','6423906','3','',''),
('725491571583086','10:07:00','10:07:00','6423907','4','',''),
('725491571583086','10:07:00','10:07:00','6423908','5','',''),
('725491571583086','10:08:00','10:08:00','6423909','6','',''),
('725491571583086','10:09:00','10:09:00','6423910','7','',''),
('725491571583086','10:10:00','10:10:00','6423911','8','',''),
('725491571583086','10:11:00','10:11:00','6423912','9','',''),
('725491571583086','10:14:00','10:14:00','6423913','10','',''),
('725491571583086','10:15:00','10:15:00','6423914','11','',''),
('725491571583086','10:17:00','10:17:00','6423915','12','',''),
('725491571583086','10:18:00','10:18:00','6423916','13','',''),
('725491571583086','10:19:00','10:19:00','6423917','14','',''),
('725491571583086','10:21:00','10:21:00','6423918','15','',''),
('725491571583086','10:22:00','10:22:00','6423919','16','',''),
('725491571583086','10:26:00','10:26:00','6423920','17','',''),
('725491571583086','10:27:00','10:27:00','6423921','18','',''),
('725491571583086','10:27:00','10:27:00','6423922','19','',''),
('725491571583086','10:28:00','10:28:00','6423923','20','',''),
('725491571583086','10:29:00','10:29:00','6423924','21','',''),
('725491571583086','10:35:00','10:35:00','6423925','22','',''),
('725491581583086','10:00:00','10:00:00','6423904','1','',''),
('725491581583086','10:04:00','10:04:00','6423905','2','',''),
('725491581583086','10:05:00','10:05:00','6423906','3','',''),
('725491581583086','10:07:00','10:07:00','6423907','4','',''),
('725491581583086','10:07:00','10:07:00','6423908','5','',''),
('725491581583086','10:08:00','10:08:00','6423909','6','',''),
('725491581583086','10:09:00','10:09:00','6423910','7','',''),
('725491581583086','10:10:00','10:10:00','6423911','8','',''),
('725491581583086','10:11:00','10:11:00','6423912','9','',''),
('725491581583086','10:14:00','10:14:00','6423913','10','',''),
('725491581583086','10:15:00','10:15:00','6423914','11','',''),
('725491581583086','10:17:00','10:17:00','6423915','12','',''),
('725491581583086','10:18:00','10:18:00','6423916','13','',''),
('725491581583086','10:19:00','10:19:00','6423917','14','',''),
('725491581583086','10:21:00','10:21:00','6423918','15','',''),
('725491581583086','10:22:00','10:22:00','6423919','16','',''),
('725491581583086','10:26:00','10:26:00','6423920','17','',''),
('725491581583086','10:27:00','10:27:00','6423921','18','',''),
('725491581583086','10:27:00','10:27:00','6423922','19','',''),
('725491581583086','10:28:00','10:28:00','6423923','20','',''),
('725491581583086','10:29:00','10:29:00','6423924','21','',''),
('725491581583086','10:35:00','10:35:00','6423925','22','',''),
('825491571583086','10:40:00','10:40:00','6423904','1','',''),
('825491571583086','10:44:00','10:44:00','6423905','2','',''),
('825491571583086','10:45:00','10:45:00','6423906','3','',''),
('825491571583086','10:47:00','10:47:00','6423907','4','',''),
('825491571583086','10:47:00','10:47:00','6423908','5','',''),
('825491571583086','10:48:00','10:48:00','6423909','6','',''),
('825491571583086','10:49:00','10:49:00','6423910','7','',''),
('825491571583086','10:50:00','10:50:00','6423911','8','',''),
('825491571583086','10:51:00','10:51:00','6423912','9','',''),
('825491571583086','10:54:00','10:54:00','6423913','10','',''),
('825491571583086','10:55:00','10:55:00','6423914','11','',''),
('825491571583086','10:57:00','10:57:00','6423915','12','',''),
('825491571583086','10:58:00','10:58:00','6423916','13','',''),
('825491571583086','10:59:00','10:59:00','6423917','14','',''),
('825491571583086','11:01:00','11:01:00','6423918','15','',''),
('825491571583086','11:02:00','11:02:00','6423919','16','',''),
('825491571583086','11:06:00','11:06:00','6423920','17','',''),
('825491571583086','11:07:00','11:07:00','6423921','18','',''),
('825491571583086','11:07:00','11:07:00','6423922','19','',''),
('825491571583086','11:08:00','11:08:00','6423923','20','',''),
('825491571583086','11:09:00','11:09:00','6423924','21','',''),
('825491571583086','11:15:00','11:15:00','6423925','22','',''),
('825491581583086','10:40:00','10:40:00','6423904','1','',''),
('825491581583086','10:44:00','10:44:00','6423905','2','',''),
('825491581583086','10:45:00','10:45:00','6423906','3','',''),
('825491581583086','10:47:00','10:47:00','6423907','4','',''),
('825491581583086','10:47:00','10:47:00','6423908','5','',''),
('825491581583086','10:48:00','10:48:00','6423909','6','',''),
('825491581583086','10:49:00','10:49:00','6423910','7','',''),
('825491581583086','10:50:00','10:50:00','6423911','8','',''),
('825491581583086','10:51:00','10:51:00','6423912','9','',''),
('825491581583086','10:54:00','10:54:00','6423913','10','',''),
('825491581583086','10:55:00','10:55:00','6423914','11','',''),
('825491581583086','10:57:00','10:57:00','6423915','12','',''),
('825491581583086','10:58:00','10:58:00','6423916','13','',''),
('825491581583086','10:59:00','10:59:00','6423917','14','',''),
('825491581583086','11:01:00','11:01:00','6423918','15','',''),
('825491581583086','11:02:00','11:02:00','6423919','16','',''),
('825491581583086','11:06:00','11:06:00','6423920','17','',''),
('825491581583086','11:07:00','11:07:00','6423921','18','',''),
('825491581583086','11:07:00','11:07:00','6423922','19','',''),
('825491581583086','11:08:00','11:08:00','6423923','20','',''),
('825491581583086','11:09:00','11:09:00','6423924','21','',''),
('825491581583086','11:15:00','11:15:00','6423925','22','',''),
('925491571583086','11:20:00','11:20:00','6423904','1','',''),
('925491571583086','11:24:00','11:24:00','6423905','2','',''),
('925491571583086','11:25:00','11:25:00','6423906','3','',''),
('925491571583086','11:27:00','11:27:00','6423907','4','',''),
('925491571583086','11:27:00','11:27:00','6423908','5','',''),
('925491571583086','11:28:00','11:28:00','6423909','6','',''),
('925491571583086','11:29:00','11:29:00','6423910','7','',''),
('925491571583086','11:30:00','11:30:00','6423911','8','',''),
('925491571583086','11:31:00','11:31:00','6423912','9','',''),
('925491571583086','11:34:00','11:34:00','6423913','10','',''),
('925491571583086','11:35:00','11:35:00','6423914','11','',''),
('925491571583086','11:37:00','11:37:00','6423915','12','',''),
('925491571583086','11:38:00','11:38:00','6423916','13','',''),
('925491571583086','11:39:00','11:39:00','6423917','14','',''),
('925491571583086','11:41:00','11:41:00','6423918','15','',''),
('925491571583086','11:42:00','11:42:00','6423919','16','',''),
('925491571583086','11:46:00','11:46:00','6423920','17','',''),
('925491571583086','11:47:00','11:47:00','6423921','18','',''),
('925491571583086','11:47:00','11:47:00','6423922','19','',''),
('925491571583086','11:48:00','11:48:00','6423923','20','',''),
('925491571583086','11:49:00','11:49:00','6423924','21','',''),
('925491571583086','11:55:00','11:55:00','6423925','22','',''),
('925491581583086','11:20:00','11:20:00','6423904','1','',''),
('925491581583086','11:24:00','11:24:00','6423905','2','',''),
('925491581583086','11:25:00','11:25:00','6423906','3','',''),
('925491581583086','11:27:00','11:27:00','6423907','4','',''),
('925491581583086','11:27:00','11:27:00','6423908','5','',''),
('925491581583086','11:28:00','11:28:00','6423909','6','',''),
('925491581583086','11:29:00','11:29:00','6423910','7','',''),
('925491581583086','11:30:00','11:30:00','6423911','8','',''),
('925491581583086','11:31:00','11:31:00','6423912','9','',''),
('925491581583086','11:34:00','11:34:00','6423913','10','',''),
('925491581583086','11:35:00','11:35:00','6423914','11','',''),
('925491581583086','11:37:00','11:37:00','6423915','12','',''),
('925491581583086','11:38:00','11:38:00','6423916','13','',''),
('925491581583086','11:39:00','11:39:00','6423917','14','',''),
('925491581583086','11:41:00','11:41:00','6423918','15','',''),
('925491581583086','11:42:00','11:42:00','6423919','16','',''),
('925491581583086','11:46:00','11:46:00','6423920','17','',''),
('925491581583086','11:47:00','11:47:00','6423921','18','',''),
('925491581583086','11:47:00','11:47:00','6423922','19','',''),
('925491581583086','11:48:00','11:48:00','6423923','20','',''),
('925491581583086','11:49:00','11:49:00','6423924','21','',''),
('925491581583086','11:55:00','11:55:00','6423925','22','',''),
('1025491551583085','12:00:00','12:00:00','6423926','1','',''),
('1025491551583085','12:03:00','12:03:00','6423927','2','',''),
('1025491551583085','12:06:00','12:06:00','6423928','3','',''),
('1025491551583085','12:06:00','12:06:00','6423929','4','',''),
('1025491551583085','12:07:00','12:07:00','6423930','5','',''),
('1025491551583085','12:08:00','12:08:00','6423931','6','',''),
('1025491551583085','12:11:00','12:11:00','6423932','7','',''),
('1025491551583085','12:12:00','12:12:00','6423933','8','',''),
('1025491551583085','12:13:00','12:13:00','6423934','9','',''),
('1025491551583085','12:14:00','12:14:00','6423935','10','',''),
('1025491551583085','12:15:00','12:15:00','6423936','11','',''),
('1025491551583085','12:18:00','12:18:00','6423937','12','',''),
('1025491551583085','12:20:00','12:20:00','6423938','13','',''),
('1025491551583085','12:21:00','12:21:00','6423939','14','',''),
('1025491551583085','12:24:00','12:24:00','6423940','15','',''),
('1025491551583085','12:26:00','12:26:00','6423941','16','',''),
('1025491551583085','12:27:00','12:27:00','6423942','17','',''),
('1025491551583085','12:31:00','12:31:00','6423943','18','',''),
('1025491561583085','12:00:00','12:00:00','6423926','1','',''),
('1025491561583085','12:03:00','12:03:00','6423927','2','',''),
('1025491561583085','12:06:00','12:06:00','6423928','3','',''),
('1025491561583085','12:06:00','12:06:00','6423929','4','',''),
('1025491561583085','12:07:00','12:07:00','6423930','5','',''),
('1025491561583085','12:08:00','12:08:00','6423931','6','',''),
('1025491561583085','12:11:00','12:11:00','6423932','7','',''),
('1025491561583085','12:12:00','12:12:00','6423933','8','',''),
('1025491561583085','12:13:00','12:13:00','6423934','9','',''),
('1025491561583085','12:14:00','12:14:00','6423935','10','',''),
('1025491561583085','12:15:00','12:15:00','6423936','11','',''),
('1025491561583085','12:18:00','12:18:00','6423937','12','',''),
('1025491561583085','12:20:00','12:20:00','6423938','13','',''),
('1025491561583085','12:21:00','12:21:00','6423939','14','',''),
('1025491561583085','12:24:00','12:24:00','6423940','15','',''),
('1025491561583085','12:26:00','12:26:00','6423941','16','',''),
('1025491561583085','12:27:00','12:27:00','6423942','17','',''),
('1025491561583085','12:31:00','12:31:00','6423943','18','',''),
('1125491551583085','12:40:00','12:40:00','6423926','1','',''),
('1125491551583085','12:43:00','12:43:00','6423927','2','',''),
('1125491551583085','12:46:00','12:46:00','6423928','3','',''),
('1125491551583085','12:46:00','12:46:00','6423929','4','',''),
('1125491551583085','12:47:00','12:47:00','6423930','5','',''),
('1125491551583085','12:48:00','12:48:00','6423931','6','',''),
('1125491551583085','12:51:00','12:51:00','6423932','7','',''),
('1125491551583085','12:52:00','12:52:00','6423933','8','',''),
('1125491551583085','12:53:00','12:53:00','6423934','9','',''),
('1125491551583085','12:54:00','12:54:00','6423935','10','',''),
('1125491551583085','12:55:00','12:55:00','6423936','11','',''),
('1125491551583085','12:58:00','12:58:00','6423937','12','',''),
('1125491551583085','13:00:00','13:00:00','6423938','13','',''),
('1125491551583085','13:01:00','13:01:00','6423939','14','',''),
('1125491551583085','13:04:00','13:04:00','6423940','15','',''),
('1125491551583085','13:06:00','13:06:00','6423941','16','',''),
('1125491551583085','13:07:00','13:07:00','6423942','17','',''),
('1125491551583085','13:11:00','13:11:00','6423943','18','',''),
('1125491561583085','12:40:00','12:40:00','6423926','1','',''),
('1125491561583085','12:43:00','12:43:00','6423927','2','',''),
('1125491561583085','12:46:00','12:46:00','6423928','3','',''),
('1125491561583085','12:46:00','12:46:00','6423929','4','',''),
('1125491561583085','12:47:00','12:47:00','6423930','5','',''),
('1125491561583085','12:48:00','12:48:00','6423931','6','',''),
('1125491561583085','12:51:00','12:51:00','6423932','7','',''),
('1125491561583085','12:52:00','12:52:00','6423933','8','',''),
('1125491561583085','12:53:00','12:53:00','6423934','9','',''),
('1125491561583085','12:54:00','12:54:00','6423935','10','',''),
('1125491561583085','12:55:00','12:55:00','6423936','11','',''),
('1125491561583085','12:58:00','12:58:00','6423937','12','',''),
('1125491561583085','13:00:00','13:00:00','6423938','13','',''),
('1125491561583085','13:01:00','13:01:00','6423939','14','',''),
('1125491561583085','13:04:00','13:04:00','6423940','15','',''),
('1125491561583085','13:06:00','13:06:00','6423941','16','',''),
('1125491561583085','13:07:00','13:07:00','6423942','17','',''),
('1125491561583085','13:11:00','13:11:00','6423943','18','',''),
('1225491551583085','13:20:00','13:20:00','6423926','1','',''),
('1225491551583085','13:23:00','13:23:00','6423927','2','',''),
('1225491551583085','13:26:00','13:26:00','6423928','3','',''),
('1225491551583085','13:26:00','13:26:00','6423929','4','',''),
('1225491551583085','13:27:00','13:27:00','6423930','5','',''),
('1225491551583085','13:28:00','13:28:00','6423931','6','',''),
('1225491551583085','13:31:00','13:31:00','6423932','7','',''),
('1225491551583085','13:32:00','13:32:00','6423933','8','',''),
('1225491551583085','13:33:00','13:33:00','6423934','9','',''),
('1225491551583085','13:34:00','13:34:00','6423935','10','',''),
('1225491551583085','13:35:00','13:35:00','6423936','11','',''),
('1225491551583085','13:38:00','13:38:00','6423937','12','',''),
('1225491551583085','13:40:00','13:40:00','6423938','13','',''),
('1225491551583085','13:41:00','13:41:00','6423939','14','',''),
('1225491551583085','13:44:00','13:44:00','6423940','15','',''),
('1225491551583085','13:46:00','13:46:00','6423941','16','',''),
('1225491551583085','13:47:00','13:47:00','6423942','17','',''),
('1225491551583085','13:51:00','13:51:00','6423943','18','',''),
('1225491561583085','13:20:00','13:20:00','6423926','1','',''),
('1225491561583085','13:23:00','13:23:00','6423927','2','',''),
('1225491561583085','13:26:00','13:26:00','6423928','3','',''),
('1225491561583085','13:26:00','13:26:00','6423929','4','',''),
('1225491561583085','13:27:00','13:27:00','6423930','5','',''),
('1225491561583085','13:28:00','13:28:00','6423931','6','',''),
('1225491561583085','13:31:00','13:31:00','6423932','7','',''),
('1225491561583085','13:32:00','13:32:00','6423933','8','',''),
('1225491561583085','13:33:00','13:33:00','6423934','9','',''),
('1225491561583085','13:34:00','13:34:00','6423935','10','',''),
('1225491561583085','13:35:00','13:35:00','6423936','11','',''),
('1225491561583085','13:38:00','13:38:00','6423937','12','',''),
('1225491561583085','13:40:00','13:40:00','6423938','13','',''),
('1225491561583085','13:41:00','13:41:00','6423939','14','',''),
('1225491561583085','13:44:00','13:44:00','6423940','15','',''),
('1225491561583085','13:46:00','13:46:00','6423941','16','',''),
('1225491561583085','13:47:00','13:47:00','6423942','17','',''),
('1225491561583085','13:51:00','13:51:00','6423943','18','',''),
('125491551583085','06:00:00','06:00:00','6423926','1','',''),
('125491551583085','06:03:00','06:03:00','6423927','2','',''),
('125491551583085','06:06:00','06:06:00','6423928','3','',''),
('125491551583085','06:06:00','06:06:00','6423929','4','',''),
('125491551583085','06:07:00','06:07:00','6423930','5','',''),
('125491551583085','06:08:00','06:08:00','6423931','6','',''),
('125491551583085','06:11:00','06:11:00','6423932','7','',''),
('125491551583085','06:12:00','06:12:00','6423933','8','',''),
('125491551583085','06:13:00','06:13:00','6423934','9','',''),
('125491551583085','06:14:00','06:14:00','6423935','10','',''),
('125491551583085','06:15:00','06:15:00','6423936','11','',''),
('125491551583085','06:18:00','06:18:00','6423937','12','',''),
('125491551583085','06:20:00','06:20:00','6423938','13','',''),
('125491551583085','06:21:00','06:21:00','6423939','14','',''),
('125491551583085','06:24:00','06:24:00','6423940','15','',''),
('125491551583085','06:26:00','06:26:00','6423941','16','',''),
('125491551583085','06:27:00','06:27:00','6423942','17','',''),
('125491551583085','06:31:00','06:31:00','6423943','18','',''),
('125491561583085','06:00:00','06:00:00','6423926','1','',''),
('125491561583085','06:03:00','06:03:00','6423927','2','',''),
('125491561583085','06:06:00','06:06:00','6423928','3','',''),
('125491561583085','06:06:00','06:06:00','6423929','4','',''),
('125491561583085','06:07:00','06:07:00','6423930','5','',''),
('125491561583085','06:08:00','06:08:00','6423931','6','',''),
('125491561583085','06:11:00','06:11:00','6423932','7','',''),
('125491561583085','06:12:00','06:12:00','6423933','8','',''),
('125491561583085','06:13:00','06:13:00','6423934','9','',''),
('125491561583085','06:14:00','06:14:00','6423935','10','',''),
('125491561583085','06:15:00','06:15:00','6423936','11','',''),
('125491561583085','06:18:00','06:18:00','6423937','12','',''),
('125491561583085','06:20:00','06:20:00','6423938','13','',''),
('125491561583085','06:21:00','06:21:00','6423939','14','',''),
('125491561583085','06:24:00','06:24:00','6423940','15','',''),
('125491561583085','06:26:00','06:26:00','6423941','16','',''),
('125491561583085','06:27:00','06:27:00','6423942','17','',''),
('125491561583085','06:31:00','06:31:00','6423943','18','',''),
('1325491551583085','14:00:00','14:00:00','6423926','1','',''),
('1325491551583085','14:03:00','14:03:00','6423927','2','',''),
('1325491551583085','14:06:00','14:06:00','6423928','3','',''),
('1325491551583085','14:06:00','14:06:00','6423929','4','',''),
('1325491551583085','14:07:00','14:07:00','6423930','5','',''),
('1325491551583085','14:08:00','14:08:00','6423931','6','',''),
('1325491551583085','14:11:00','14:11:00','6423932','7','',''),
('1325491551583085','14:12:00','14:12:00','6423933','8','',''),
('1325491551583085','14:13:00','14:13:00','6423934','9','',''),
('1325491551583085','14:14:00','14:14:00','6423935','10','',''),
('1325491551583085','14:15:00','14:15:00','6423936','11','',''),
('1325491551583085','14:18:00','14:18:00','6423937','12','',''),
('1325491551583085','14:20:00','14:20:00','6423938','13','',''),
('1325491551583085','14:21:00','14:21:00','6423939','14','',''),
('1325491551583085','14:24:00','14:24:00','6423940','15','',''),
('1325491551583085','14:26:00','14:26:00','6423941','16','',''),
('1325491551583085','14:27:00','14:27:00','6423942','17','',''),
('1325491551583085','14:31:00','14:31:00','6423943','18','',''),
('1325491561583085','14:00:00','14:00:00','6423926','1','',''),
('1325491561583085','14:03:00','14:03:00','6423927','2','',''),
('1325491561583085','14:06:00','14:06:00','6423928','3','',''),
('1325491561583085','14:06:00','14:06:00','6423929','4','',''),
('1325491561583085','14:07:00','14:07:00','6423930','5','',''),
('1325491561583085','14:08:00','14:08:00','6423931','6','',''),
('1325491561583085','14:11:00','14:11:00','6423932','7','',''),
('1325491561583085','14:12:00','14:12:00','6423933','8','',''),
('1325491561583085','14:13:00','14:13:00','6423934','9','',''),
('1325491561583085','14:14:00','14:14:00','6423935','10','',''),
('1325491561583085','14:15:00','14:15:00','6423936','11','',''),
('1325491561583085','14:18:00','14:18:00','6423937','12','',''),
('1325491561583085','14:20:00','14:20:00','6423938','13','',''),
('1325491561583085','14:21:00','14:21:00','6423939','14','',''),
('1325491561583085','14:24:00','14:24:00','6423940','15','',''),
('1325491561583085','14:26:00','14:26:00','6423941','16','',''),
('1325491561583085','14:27:00','14:27:00','6423942','17','',''),
('1325491561583085','14:31:00','14:31:00','6423943','18','',''),
('1425491551583085','14:40:00','14:40:00','6423926','1','',''),
('1425491551583085','14:43:00','14:43:00','6423927','2','',''),
('1425491551583085','14:46:00','14:46:00','6423928','3','',''),
('1425491551583085','14:46:00','14:46:00','6423929','4','',''),
('1425491551583085','14:47:00','14:47:00','6423930','5','',''),
('1425491551583085','14:48:00','14:48:00','6423931','6','',''),
('1425491551583085','14:51:00','14:51:00','6423932','7','',''),
('1425491551583085','14:52:00','14:52:00','6423933','8','',''),
('1425491551583085','14:53:00','14:53:00','6423934','9','',''),
('1425491551583085','14:54:00','14:54:00','6423935','10','',''),
('1425491551583085','14:55:00','14:55:00','6423936','11','',''),
('1425491551583085','14:58:00','14:58:00','6423937','12','',''),
('1425491551583085','15:00:00','15:00:00','6423938','13','',''),
('1425491551583085','15:01:00','15:01:00','6423939','14','',''),
('1425491551583085','15:04:00','15:04:00','6423940','15','',''),
('1425491551583085','15:06:00','15:06:00','6423941','16','',''),
('1425491551583085','15:07:00','15:07:00','6423942','17','',''),
('1425491551583085','15:11:00','15:11:00','6423943','18','',''),
('1425491561583085','14:40:00','14:40:00','6423926','1','',''),
('1425491561583085','14:43:00','14:43:00','6423927','2','',''),
('1425491561583085','14:46:00','14:46:00','6423928','3','',''),
('1425491561583085','14:46:00','14:46:00','6423929','4','',''),
('1425491561583085','14:47:00','14:47:00','6423930','5','',''),
('1425491561583085','14:48:00','14:48:00','6423931','6','',''),
('1425491561583085','14:51:00','14:51:00','6423932','7','',''),
('1425491561583085','14:52:00','14:52:00','6423933','8','',''),
('1425491561583085','14:53:00','14:53:00','6423934','9','',''),
('1425491561583085','14:54:00','14:54:00','6423935','10','',''),
('1425491561583085','14:55:00','14:55:00','6423936','11','',''),
('1425491561583085','14:58:00','14:58:00','6423937','12','',''),
('1425491561583085','15:00:00','15:00:00','6423938','13','',''),
('1425491561583085','15:01:00','15:01:00','6423939','14','',''),
('1425491561583085','15:04:00','15:04:00','6423940','15','',''),
('1425491561583085','15:06:00','15:06:00','6423941','16','',''),
('1425491561583085','15:07:00','15:07:00','6423942','17','',''),
('1425491561583085','15:11:00','15:11:00','6423943','18','',''),
('1525491551583085','15:20:00','15:20:00','6423926','1','',''),
('1525491551583085','15:23:00','15:23:00','6423927','2','',''),
('1525491551583085','15:26:00','15:26:00','6423928','3','',''),
('1525491551583085','15:26:00','15:26:00','6423929','4','',''),
('1525491551583085','15:27:00','15:27:00','6423930','5','',''),
('1525491551583085','15:28:00','15:28:00','6423931','6','',''),
('1525491551583085','15:31:00','15:31:00','6423932','7','',''),
('1525491551583085','15:32:00','15:32:00','6423933','8','',''),
('1525491551583085','15:33:00','15:33:00','6423934','9','',''),
('1525491551583085','15:34:00','15:34:00','6423935','10','',''),
('1525491551583085','15:35:00','15:35:00','6423936','11','',''),
('1525491551583085','15:38:00','15:38:00','6423937','12','',''),
('1525491551583085','15:40:00','15:40:00','6423938','13','',''),
('1525491551583085','15:41:00','15:41:00','6423939','14','',''),
('1525491551583085','15:44:00','15:44:00','6423940','15','',''),
('1525491551583085','15:46:00','15:46:00','6423941','16','',''),
('1525491551583085','15:47:00','15:47:00','6423942','17','',''),
('1525491551583085','15:51:00','15:51:00','6423943','18','',''),
('1525491561583085','15:20:00','15:20:00','6423926','1','',''),
('1525491561583085','15:23:00','15:23:00','6423927','2','',''),
('1525491561583085','15:26:00','15:26:00','6423928','3','',''),
('1525491561583085','15:26:00','15:26:00','6423929','4','',''),
('1525491561583085','15:27:00','15:27:00','6423930','5','',''),
('1525491561583085','15:28:00','15:28:00','6423931','6','',''),
('1525491561583085','15:31:00','15:31:00','6423932','7','',''),
('1525491561583085','15:32:00','15:32:00','6423933','8','',''),
('1525491561583085','15:33:00','15:33:00','6423934','9','',''),
('1525491561583085','15:34:00','15:34:00','6423935','10','',''),
('1525491561583085','15:35:00','15:35:00','6423936','11','',''),
('1525491561583085','15:38:00','15:38:00','6423937','12','',''),
('1525491561583085','15:40:00','15:40:00','6423938','13','',''),
('1525491561583085','15:41:00','15:41:00','6423939','14','',''),
('1525491561583085','15:44:00','15:44:00','6423940','15','',''),
('1525491561583085','15:46:00','15:46:00','6423941','16','',''),
('1525491561583085','15:47:00','15:47:00','6423942','17','',''),
('1525491561583085','15:51:00','15:51:00','6423943','18','',''),
('1625491551583085','16:00:00','16:00:00','6423926','1','',''),
('1625491551583085','16:03:00','16:03:00','6423927','2','',''),
('1625491551583085','16:06:00','16:06:00','6423928','3','',''),
('1625491551583085','16:06:00','16:06:00','6423929','4','',''),
('1625491551583085','16:07:00','16:07:00','6423930','5','',''),
('1625491551583085','16:08:00','16:08:00','6423931','6','',''),
('1625491551583085','16:11:00','16:11:00','6423932','7','',''),
('1625491551583085','16:12:00','16:12:00','6423933','8','',''),
('1625491551583085','16:13:00','16:13:00','6423934','9','',''),
('1625491551583085','16:14:00','16:14:00','6423935','10','',''),
('1625491551583085','16:15:00','16:15:00','6423936','11','',''),
('1625491551583085','16:18:00','16:18:00','6423937','12','',''),
('1625491551583085','16:20:00','16:20:00','6423938','13','',''),
('1625491551583085','16:21:00','16:21:00','6423939','14','',''),
('1625491551583085','16:24:00','16:24:00','6423940','15','',''),
('1625491551583085','16:26:00','16:26:00','6423941','16','',''),
('1625491551583085','16:27:00','16:27:00','6423942','17','',''),
('1625491551583085','16:31:00','16:31:00','6423943','18','',''),
('1625491561583085','16:00:00','16:00:00','6423926','1','',''),
('1625491561583085','16:03:00','16:03:00','6423927','2','',''),
('1625491561583085','16:06:00','16:06:00','6423928','3','',''),
('1625491561583085','16:06:00','16:06:00','6423929','4','',''),
('1625491561583085','16:07:00','16:07:00','6423930','5','',''),
('1625491561583085','16:08:00','16:08:00','6423931','6','',''),
('1625491561583085','16:11:00','16:11:00','6423932','7','',''),
('1625491561583085','16:12:00','16:12:00','6423933','8','',''),
('1625491561583085','16:13:00','16:13:00','6423934','9','',''),
('1625491561583085','16:14:00','16:14:00','6423935','10','',''),
('1625491561583085','16:15:00','16:15:00','6423936','11','',''),
('1625491561583085','16:18:00','16:18:00','6423937','12','',''),
('1625491561583085','16:20:00','16:20:00','6423938','13','',''),
('1625491561583085','16:21:00','16:21:00','6423939','14','',''),
('1625491561583085','16:24:00','16:24:00','6423940','15','',''),
('1625491561583085','16:26:00','16:26:00','6423941','16','',''),
('1625491561583085','16:27:00','16:27:00','6423942','17','',''),
('1625491561583085','16:31:00','16:31:00','6423943','18','',''),
('1725491551583085','16:40:00','16:40:00','6423926','1','',''),
('1725491551583085','16:43:00','16:43:00','6423927','2','',''),
('1725491551583085','16:46:00','16:46:00','6423928','3','',''),
('1725491551583085','16:46:00','16:46:00','6423929','4','',''),
('1725491551583085','16:47:00','16:47:00','6423930','5','',''),
('1725491551583085','16:48:00','16:48:00','6423931','6','',''),
('1725491551583085','16:51:00','16:51:00','6423932','7','',''),
('1725491551583085','16:52:00','16:52:00','6423933','8','',''),
('1725491551583085','16:53:00','16:53:00','6423934','9','',''),
('1725491551583085','16:54:00','16:54:00','6423935','10','',''),
('1725491551583085','16:55:00','16:55:00','6423936','11','',''),
('1725491551583085','16:58:00','16:58:00','6423937','12','',''),
('1725491551583085','17:00:00','17:00:00','6423938','13','',''),
('1725491551583085','17:01:00','17:01:00','6423939','14','',''),
('1725491551583085','17:04:00','17:04:00','6423940','15','',''),
('1725491551583085','17:06:00','17:06:00','6423941','16','',''),
('1725491551583085','17:07:00','17:07:00','6423942','17','',''),
('1725491551583085','17:11:00','17:11:00','6423943','18','',''),
('1725491561583085','16:40:00','16:40:00','6423926','1','',''),
('1725491561583085','16:43:00','16:43:00','6423927','2','',''),
('1725491561583085','16:46:00','16:46:00','6423928','3','',''),
('1725491561583085','16:46:00','16:46:00','6423929','4','',''),
('1725491561583085','16:47:00','16:47:00','6423930','5','',''),
('1725491561583085','16:48:00','16:48:00','6423931','6','',''),
('1725491561583085','16:51:00','16:51:00','6423932','7','',''),
('1725491561583085','16:52:00','16:52:00','6423933','8','',''),
('1725491561583085','16:53:00','16:53:00','6423934','9','',''),
('1725491561583085','16:54:00','16:54:00','6423935','10','',''),
('1725491561583085','16:55:00','16:55:00','6423936','11','',''),
('1725491561583085','16:58:00','16:58:00','6423937','12','',''),
('1725491561583085','17:00:00','17:00:00','6423938','13','',''),
('1725491561583085','17:01:00','17:01:00','6423939','14','',''),
('1725491561583085','17:04:00','17:04:00','6423940','15','',''),
('1725491561583085','17:06:00','17:06:00','6423941','16','',''),
('1725491561583085','17:07:00','17:07:00','6423942','17','',''),
('1725491561583085','17:11:00','17:11:00','6423943','18','',''),
('1825491551583085','17:20:00','17:20:00','6423926','1','',''),
('1825491551583085','17:23:00','17:23:00','6423927','2','',''),
('1825491551583085','17:26:00','17:26:00','6423928','3','',''),
('1825491551583085','17:26:00','17:26:00','6423929','4','',''),
('1825491551583085','17:27:00','17:27:00','6423930','5','',''),
('1825491551583085','17:28:00','17:28:00','6423931','6','',''),
('1825491551583085','17:31:00','17:31:00','6423932','7','',''),
('1825491551583085','17:32:00','17:32:00','6423933','8','',''),
('1825491551583085','17:33:00','17:33:00','6423934','9','',''),
('1825491551583085','17:34:00','17:34:00','6423935','10','',''),
('1825491551583085','17:35:00','17:35:00','6423936','11','',''),
('1825491551583085','17:38:00','17:38:00','6423937','12','',''),
('1825491551583085','17:40:00','17:40:00','6423938','13','',''),
('1825491551583085','17:41:00','17:41:00','6423939','14','',''),
('1825491551583085','17:44:00','17:44:00','6423940','15','',''),
('1825491551583085','17:46:00','17:46:00','6423941','16','',''),
('1825491551583085','17:47:00','17:47:00','6423942','17','',''),
('1825491551583085','17:51:00','17:51:00','6423943','18','',''),
('1825491561583085','17:20:00','17:20:00','6423926','1','',''),
('1825491561583085','17:23:00','17:23:00','6423927','2','',''),
('1825491561583085','17:26:00','17:26:00','6423928','3','',''),
('1825491561583085','17:26:00','17:26:00','6423929','4','',''),
('1825491561583085','17:27:00','17:27:00','6423930','5','',''),
('1825491561583085','17:28:00','17:28:00','6423931','6','',''),
('1825491561583085','17:31:00','17:31:00','6423932','7','',''),
('1825491561583085','17:32:00','17:32:00','6423933','8','',''),
('1825491561583085','17:33:00','17:33:00','6423934','9','',''),
('1825491561583085','17:34:00','17:34:00','6423935','10','',''),
('1825491561583085','17:35:00','17:35:00','6423936','11','',''),
('1825491561583085','17:38:00','17:38:00','6423937','12','',''),
('1825491561583085','17:40:00','17:40:00','6423938','13','',''),
('1825491561583085','17:41:00','17:41:00','6423939','14','',''),
('1825491561583085','17:44:00','17:44:00','6423940','15','',''),
('1825491561583085','17:46:00','17:46:00','6423941','16','',''),
('1825491561583085','17:47:00','17:47:00','6423942','17','',''),
('1825491561583085','17:51:00','17:51:00','6423943','18','',''),
('1925491551583085','18:00:00','18:00:00','6423926','1','',''),
('1925491551583085','18:03:00','18:03:00','6423927','2','',''),
('1925491551583085','18:06:00','18:06:00','6423928','3','',''),
('1925491551583085','18:06:00','18:06:00','6423929','4','',''),
('1925491551583085','18:07:00','18:07:00','6423930','5','',''),
('1925491551583085','18:08:00','18:08:00','6423931','6','',''),
('1925491551583085','18:11:00','18:11:00','6423932','7','',''),
('1925491551583085','18:12:00','18:12:00','6423933','8','',''),
('1925491551583085','18:13:00','18:13:00','6423934','9','',''),
('1925491551583085','18:14:00','18:14:00','6423935','10','',''),
('1925491551583085','18:15:00','18:15:00','6423936','11','',''),
('1925491551583085','18:18:00','18:18:00','6423937','12','',''),
('1925491551583085','18:20:00','18:20:00','6423938','13','',''),
('1925491551583085','18:21:00','18:21:00','6423939','14','',''),
('1925491551583085','18:24:00','18:24:00','6423940','15','',''),
('1925491551583085','18:26:00','18:26:00','6423941','16','',''),
('1925491551583085','18:27:00','18:27:00','6423942','17','',''),
('1925491551583085','18:31:00','18:31:00','6423943','18','',''),
('1925491561583085','18:00:00','18:00:00','6423926','1','',''),
('1925491561583085','18:03:00','18:03:00','6423927','2','',''),
('1925491561583085','18:06:00','18:06:00','6423928','3','',''),
('1925491561583085','18:06:00','18:06:00','6423929','4','',''),
('1925491561583085','18:07:00','18:07:00','6423930','5','',''),
('1925491561583085','18:08:00','18:08:00','6423931','6','',''),
('1925491561583085','18:11:00','18:11:00','6423932','7','',''),
('1925491561583085','18:12:00','18:12:00','6423933','8','',''),
('1925491561583085','18:13:00','18:13:00','6423934','9','',''),
('1925491561583085','18:14:00','18:14:00','6423935','10','',''),
('1925491561583085','18:15:00','18:15:00','6423936','11','',''),
('1925491561583085','18:18:00','18:18:00','6423937','12','',''),
('1925491561583085','18:20:00','18:20:00','6423938','13','',''),
('1925491561583085','18:21:00','18:21:00','6423939','14','',''),
('1925491561583085','18:24:00','18:24:00','6423940','15','',''),
('1925491561583085','18:26:00','18:26:00','6423941','16','',''),
('1925491561583085','18:27:00','18:27:00','6423942','17','',''),
('1925491561583085','18:31:00','18:31:00','6423943','18','',''),
('225491551583085','06:40:00','06:40:00','6423926','1','',''),
('225491551583085','06:43:00','06:43:00','6423927','2','',''),
('225491551583085','06:46:00','06:46:00','6423928','3','',''),
('225491551583085','06:46:00','06:46:00','6423929','4','',''),
('225491551583085','06:47:00','06:47:00','6423930','5','',''),
('225491551583085','06:48:00','06:48:00','6423931','6','',''),
('225491551583085','06:51:00','06:51:00','6423932','7','',''),
('225491551583085','06:52:00','06:52:00','6423933','8','',''),
('225491551583085','06:53:00','06:53:00','6423934','9','',''),
('225491551583085','06:54:00','06:54:00','6423935','10','',''),
('225491551583085','06:55:00','06:55:00','6423936','11','',''),
('225491551583085','06:58:00','06:58:00','6423937','12','',''),
('225491551583085','07:00:00','07:00:00','6423938','13','',''),
('225491551583085','07:01:00','07:01:00','6423939','14','',''),
('225491551583085','07:04:00','07:04:00','6423940','15','',''),
('225491551583085','07:06:00','07:06:00','6423941','16','',''),
('225491551583085','07:07:00','07:07:00','6423942','17','',''),
('225491551583085','07:11:00','07:11:00','6423943','18','',''),
('225491561583085','06:40:00','06:40:00','6423926','1','',''),
('225491561583085','06:43:00','06:43:00','6423927','2','',''),
('225491561583085','06:46:00','06:46:00','6423928','3','',''),
('225491561583085','06:46:00','06:46:00','6423929','4','',''),
('225491561583085','06:47:00','06:47:00','6423930','5','',''),
('225491561583085','06:48:00','06:48:00','6423931','6','',''),
('225491561583085','06:51:00','06:51:00','6423932','7','',''),
('225491561583085','06:52:00','06:52:00','6423933','8','',''),
('225491561583085','06:53:00','06:53:00','6423934','9','',''),
('225491561583085','06:54:00','06:54:00','6423935','10','',''),
('225491561583085','06:55:00','06:55:00','6423936','11','',''),
('225491561583085','06:58:00','06:58:00','6423937','12','',''),
('225491561583085','07:00:00','07:00:00','6423938','13','',''),
('225491561583085','07:01:00','07:01:00','6423939','14','',''),
('225491561583085','07:04:00','07:04:00','6423940','15','',''),
('225491561583085','07:06:00','07:06:00','6423941','16','',''),
('225491561583085','07:07:00','07:07:00','6423942','17','',''),
('225491561583085','07:11:00','07:11:00','6423943','18','',''),
('325491551583085','07:20:00','07:20:00','6423926','1','',''),
('325491551583085','07:23:00','07:23:00','6423927','2','',''),
('325491551583085','07:26:00','07:26:00','6423928','3','',''),
('325491551583085','07:26:00','07:26:00','6423929','4','',''),
('325491551583085','07:27:00','07:27:00','6423930','5','',''),
('325491551583085','07:28:00','07:28:00','6423931','6','',''),
('325491551583085','07:31:00','07:31:00','6423932','7','',''),
('325491551583085','07:32:00','07:32:00','6423933','8','',''),
('325491551583085','07:33:00','07:33:00','6423934','9','',''),
('325491551583085','07:34:00','07:34:00','6423935','10','',''),
('325491551583085','07:35:00','07:35:00','6423936','11','',''),
('325491551583085','07:38:00','07:38:00','6423937','12','',''),
('325491551583085','07:40:00','07:40:00','6423938','13','',''),
('325491551583085','07:41:00','07:41:00','6423939','14','',''),
('325491551583085','07:44:00','07:44:00','6423940','15','',''),
('325491551583085','07:46:00','07:46:00','6423941','16','',''),
('325491551583085','07:47:00','07:47:00','6423942','17','',''),
('325491551583085','07:51:00','07:51:00','6423943','18','',''),
('325491561583085','07:20:00','07:20:00','6423926','1','',''),
('325491561583085','07:23:00','07:23:00','6423927','2','',''),
('325491561583085','07:26:00','07:26:00','6423928','3','',''),
('325491561583085','07:26:00','07:26:00','6423929','4','',''),
('325491561583085','07:27:00','07:27:00','6423930','5','',''),
('325491561583085','07:28:00','07:28:00','6423931','6','',''),
('325491561583085','07:31:00','07:31:00','6423932','7','',''),
('325491561583085','07:32:00','07:32:00','6423933','8','',''),
('325491561583085','07:33:00','07:33:00','6423934','9','',''),
('325491561583085','07:34:00','07:34:00','6423935','10','',''),
('325491561583085','07:35:00','07:35:00','6423936','11','',''),
('325491561583085','07:38:00','07:38:00','6423937','12','',''),
('325491561583085','07:40:00','07:40:00','6423938','13','',''),
('325491561583085','07:41:00','07:41:00','6423939','14','',''),
('325491561583085','07:44:00','07:44:00','6423940','15','',''),
('325491561583085','07:46:00','07:46:00','6423941','16','',''),
('325491561583085','07:47:00','07:47:00','6423942','17','',''),
('325491561583085','07:51:00','07:51:00','6423943','18','',''),
('425491551583085','08:00:00','08:00:00','6423926','1','',''),
('425491551583085','08:03:00','08:03:00','6423927','2','',''),
('425491551583085','08:06:00','08:06:00','6423928','3','',''),
('425491551583085','08:06:00','08:06:00','6423929','4','',''),
('425491551583085','08:07:00','08:07:00','6423930','5','',''),
('425491551583085','08:08:00','08:08:00','6423931','6','',''),
('425491551583085','08:11:00','08:11:00','6423932','7','',''),
('425491551583085','08:12:00','08:12:00','6423933','8','',''),
('425491551583085','08:13:00','08:13:00','6423934','9','',''),
('425491551583085','08:14:00','08:14:00','6423935','10','',''),
('425491551583085','08:15:00','08:15:00','6423936','11','',''),
('425491551583085','08:18:00','08:18:00','6423937','12','',''),
('425491551583085','08:20:00','08:20:00','6423938','13','',''),
('425491551583085','08:21:00','08:21:00','6423939','14','',''),
('425491551583085','08:24:00','08:24:00','6423940','15','',''),
('425491551583085','08:26:00','08:26:00','6423941','16','',''),
('425491551583085','08:27:00','08:27:00','6423942','17','',''),
('425491551583085','08:31:00','08:31:00','6423943','18','',''),
('425491561583085','08:00:00','08:00:00','6423926','1','',''),
('425491561583085','08:03:00','08:03:00','6423927','2','',''),
('425491561583085','08:06:00','08:06:00','6423928','3','',''),
('425491561583085','08:06:00','08:06:00','6423929','4','',''),
('425491561583085','08:07:00','08:07:00','6423930','5','',''),
('425491561583085','08:08:00','08:08:00','6423931','6','',''),
('425491561583085','08:11:00','08:11:00','6423932','7','',''),
('425491561583085','08:12:00','08:12:00','6423933','8','',''),
('425491561583085','08:13:00','08:13:00','6423934','9','',''),
('425491561583085','08:14:00','08:14:00','6423935','10','',''),
('425491561583085','08:15:00','08:15:00','6423936','11','',''),
('425491561583085','08:18:00','08:18:00','6423937','12','',''),
('425491561583085','08:20:00','08:20:00','6423938','13','',''),
('425491561583085','08:21:00','08:21:00','6423939','14','',''),
('425491561583085','08:24:00','08:24:00','6423940','15','',''),
('425491561583085','08:26:00','08:26:00','6423941','16','',''),
('425491561583085','08:27:00','08:27:00','6423942','17','',''),
('425491561583085','08:31:00','08:31:00','6423943','18','',''),
('525491551583085','08:40:00','08:40:00','6423926','1','',''),
('525491551583085','08:43:00','08:43:00','6423927','2','',''),
('525491551583085','08:46:00','08:46:00','6423928','3','',''),
('525491551583085','08:46:00','08:46:00','6423929','4','',''),
('525491551583085','08:47:00','08:47:00','6423930','5','',''),
('525491551583085','08:48:00','08:48:00','6423931','6','',''),
('525491551583085','08:51:00','08:51:00','6423932','7','',''),
('525491551583085','08:52:00','08:52:00','6423933','8','',''),
('525491551583085','08:53:00','08:53:00','6423934','9','',''),
('525491551583085','08:54:00','08:54:00','6423935','10','',''),
('525491551583085','08:55:00','08:55:00','6423936','11','',''),
('525491551583085','08:58:00','08:58:00','6423937','12','',''),
('525491551583085','09:00:00','09:00:00','6423938','13','',''),
('525491551583085','09:01:00','09:01:00','6423939','14','',''),
('525491551583085','09:04:00','09:04:00','6423940','15','',''),
('525491551583085','09:06:00','09:06:00','6423941','16','',''),
('525491551583085','09:07:00','09:07:00','6423942','17','',''),
('525491551583085','09:11:00','09:11:00','6423943','18','',''),
('525491561583085','08:40:00','08:40:00','6423926','1','',''),
('525491561583085','08:43:00','08:43:00','6423927','2','',''),
('525491561583085','08:46:00','08:46:00','6423928','3','',''),
('525491561583085','08:46:00','08:46:00','6423929','4','',''),
('525491561583085','08:47:00','08:47:00','6423930','5','',''),
('525491561583085','08:48:00','08:48:00','6423931','6','',''),
('525491561583085','08:51:00','08:51:00','6423932','7','',''),
('525491561583085','08:52:00','08:52:00','6423933','8','',''),
('525491561583085','08:53:00','08:53:00','6423934','9','',''),
('525491561583085','08:54:00','08:54:00','6423935','10','',''),
('525491561583085','08:55:00','08:55:00','6423936','11','',''),
('525491561583085','08:58:00','08:58:00','6423937','12','',''),
('525491561583085','09:00:00','09:00:00','6423938','13','',''),
('525491561583085','09:01:00','09:01:00','6423939','14','',''),
('525491561583085','09:04:00','09:04:00','6423940','15','',''),
('525491561583085','09:06:00','09:06:00','6423941','16','',''),
('525491561583085','09:07:00','09:07:00','6423942','17','',''),
('525491561583085','09:11:00','09:11:00','6423943','18','',''),
('625491551583085','09:20:00','09:20:00','6423926','1','',''),
('625491551583085','09:23:00','09:23:00','6423927','2','',''),
('625491551583085','09:26:00','09:26:00','6423928','3','',''),
('625491551583085','09:26:00','09:26:00','6423929','4','',''),
('625491551583085','09:27:00','09:27:00','6423930','5','',''),
('625491551583085','09:28:00','09:28:00','6423931','6','',''),
('625491551583085','09:31:00','09:31:00','6423932','7','',''),
('625491551583085','09:32:00','09:32:00','6423933','8','',''),
('625491551583085','09:33:00','09:33:00','6423934','9','',''),
('625491551583085','09:34:00','09:34:00','6423935','10','',''),
('625491551583085','09:35:00','09:35:00','6423936','11','',''),
('625491551583085','09:38:00','09:38:00','6423937','12','',''),
('625491551583085','09:40:00','09:40:00','6423938','13','',''),
('625491551583085','09:41:00','09:41:00','6423939','14','',''),
('625491551583085','09:44:00','09:44:00','6423940','15','',''),
('625491551583085','09:46:00','09:46:00','6423941','16','',''),
('625491551583085','09:47:00','09:47:00','6423942','17','',''),
('625491551583085','09:51:00','09:51:00','6423943','18','',''),
('625491561583085','09:20:00','09:20:00','6423926','1','',''),
('625491561583085','09:23:00','09:23:00','6423927','2','',''),
('625491561583085','09:26:00','09:26:00','6423928','3','',''),
('625491561583085','09:26:00','09:26:00','6423929','4','',''),
('625491561583085','09:27:00','09:27:00','6423930','5','',''),
('625491561583085','09:28:00','09:28:00','6423931','6','',''),
('625491561583085','09:31:00','09:31:00','6423932','7','',''),
('625491561583085','09:32:00','09:32:00','6423933','8','',''),
('625491561583085','09:33:00','09:33:00','6423934','9','',''),
('625491561583085','09:34:00','09:34:00','6423935','10','',''),
('625491561583085','09:35:00','09:35:00','6423936','11','',''),
('625491561583085','09:38:00','09:38:00','6423937','12','',''),
('625491561583085','09:40:00','09:40:00','6423938','13','',''),
('625491561583085','09:41:00','09:41:00','6423939','14','',''),
('625491561583085','09:44:00','09:44:00','6423940','15','',''),
('625491561583085','09:46:00','09:46:00','6423941','16','',''),
('625491561583085','09:47:00','09:47:00','6423942','17','',''),
('625491561583085','09:51:00','09:51:00','6423943','18','',''),
('725491551583085','10:00:00','10:00:00','6423926','1','',''),
('725491551583085','10:03:00','10:03:00','6423927','2','',''),
('725491551583085','10:06:00','10:06:00','6423928','3','',''),
('725491551583085','10:06:00','10:06:00','6423929','4','',''),
('725491551583085','10:07:00','10:07:00','6423930','5','',''),
('725491551583085','10:08:00','10:08:00','6423931','6','',''),
('725491551583085','10:11:00','10:11:00','6423932','7','',''),
('725491551583085','10:12:00','10:12:00','6423933','8','',''),
('725491551583085','10:13:00','10:13:00','6423934','9','',''),
('725491551583085','10:14:00','10:14:00','6423935','10','',''),
('725491551583085','10:15:00','10:15:00','6423936','11','',''),
('725491551583085','10:18:00','10:18:00','6423937','12','',''),
('725491551583085','10:20:00','10:20:00','6423938','13','',''),
('725491551583085','10:21:00','10:21:00','6423939','14','',''),
('725491551583085','10:24:00','10:24:00','6423940','15','',''),
('725491551583085','10:26:00','10:26:00','6423941','16','',''),
('725491551583085','10:27:00','10:27:00','6423942','17','',''),
('725491551583085','10:31:00','10:31:00','6423943','18','',''),
('725491561583085','10:00:00','10:00:00','6423926','1','',''),
('725491561583085','10:03:00','10:03:00','6423927','2','',''),
('725491561583085','10:06:00','10:06:00','6423928','3','',''),
('725491561583085','10:06:00','10:06:00','6423929','4','',''),
('725491561583085','10:07:00','10:07:00','6423930','5','',''),
('725491561583085','10:08:00','10:08:00','6423931','6','',''),
('725491561583085','10:11:00','10:11:00','6423932','7','',''),
('725491561583085','10:12:00','10:12:00','6423933','8','',''),
('725491561583085','10:13:00','10:13:00','6423934','9','',''),
('725491561583085','10:14:00','10:14:00','6423935','10','',''),
('725491561583085','10:15:00','10:15:00','6423936','11','',''),
('725491561583085','10:18:00','10:18:00','6423937','12','',''),
('725491561583085','10:20:00','10:20:00','6423938','13','',''),
('725491561583085','10:21:00','10:21:00','6423939','14','',''),
('725491561583085','10:24:00','10:24:00','6423940','15','',''),
('725491561583085','10:26:00','10:26:00','6423941','16','',''),
('725491561583085','10:27:00','10:27:00','6423942','17','',''),
('725491561583085','10:31:00','10:31:00','6423943','18','',''),
('825491551583085','10:40:00','10:40:00','6423926','1','',''),
('825491551583085','10:43:00','10:43:00','6423927','2','',''),
('825491551583085','10:46:00','10:46:00','6423928','3','',''),
('825491551583085','10:46:00','10:46:00','6423929','4','',''),
('825491551583085','10:47:00','10:47:00','6423930','5','',''),
('825491551583085','10:48:00','10:48:00','6423931','6','',''),
('825491551583085','10:51:00','10:51:00','6423932','7','',''),
('825491551583085','10:52:00','10:52:00','6423933','8','',''),
('825491551583085','10:53:00','10:53:00','6423934','9','',''),
('825491551583085','10:54:00','10:54:00','6423935','10','',''),
('825491551583085','10:55:00','10:55:00','6423936','11','',''),
('825491551583085','10:58:00','10:58:00','6423937','12','',''),
('825491551583085','11:00:00','11:00:00','6423938','13','',''),
('825491551583085','11:01:00','11:01:00','6423939','14','',''),
('825491551583085','11:04:00','11:04:00','6423940','15','',''),
('825491551583085','11:06:00','11:06:00','6423941','16','',''),
('825491551583085','11:07:00','11:07:00','6423942','17','',''),
('825491551583085','11:11:00','11:11:00','6423943','18','',''),
('825491561583085','10:40:00','10:40:00','6423926','1','',''),
('825491561583085','10:43:00','10:43:00','6423927','2','',''),
('825491561583085','10:46:00','10:46:00','6423928','3','',''),
('825491561583085','10:46:00','10:46:00','6423929','4','',''),
('825491561583085','10:47:00','10:47:00','6423930','5','',''),
('825491561583085','10:48:00','10:48:00','6423931','6','',''),
('825491561583085','10:51:00','10:51:00','6423932','7','',''),
('825491561583085','10:52:00','10:52:00','6423933','8','',''),
('825491561583085','10:53:00','10:53:00','6423934','9','',''),
('825491561583085','10:54:00','10:54:00','6423935','10','',''),
('825491561583085','10:55:00','10:55:00','6423936','11','',''),
('825491561583085','10:58:00','10:58:00','6423937','12','',''),
('825491561583085','11:00:00','11:00:00','6423938','13','',''),
('825491561583085','11:01:00','11:01:00','6423939','14','',''),
('825491561583085','11:04:00','11:04:00','6423940','15','',''),
('825491561583085','11:06:00','11:06:00','6423941','16','',''),
('825491561583085','11:07:00','11:07:00','6423942','17','',''),
('825491561583085','11:11:00','11:11:00','6423943','18','',''),
('925491551583085','11:20:00','11:20:00','6423926','1','',''),
('925491551583085','11:23:00','11:23:00','6423927','2','',''),
('925491551583085','11:26:00','11:26:00','6423928','3','',''),
('925491551583085','11:26:00','11:26:00','6423929','4','',''),
('925491551583085','11:27:00','11:27:00','6423930','5','',''),
('925491551583085','11:28:00','11:28:00','6423931','6','',''),
('925491551583085','11:31:00','11:31:00','6423932','7','',''),
('925491551583085','11:32:00','11:32:00','6423933','8','',''),
('925491551583085','11:33:00','11:33:00','6423934','9','',''),
('925491551583085','11:34:00','11:34:00','6423935','10','',''),
('925491551583085','11:35:00','11:35:00','6423936','11','',''),
('925491551583085','11:38:00','11:38:00','6423937','12','',''),
('925491551583085','11:40:00','11:40:00','6423938','13','',''),
('925491551583085','11:41:00','11:41:00','6423939','14','',''),
('925491551583085','11:44:00','11:44:00','6423940','15','',''),
('925491551583085','11:46:00','11:46:00','6423941','16','',''),
('925491551583085','11:47:00','11:47:00','6423942','17','',''),
('925491551583085','11:51:00','11:51:00','6423943','18','',''),
('925491561583085','11:20:00','11:20:00','6423926','1','',''),
('925491561583085','11:23:00','11:23:00','6423927','2','',''),
('925491561583085','11:26:00','11:26:00','6423928','3','',''),
('925491561583085','11:26:00','11:26:00','6423929','4','',''),
('925491561583085','11:27:00','11:27:00','6423930','5','',''),
('925491561583085','11:28:00','11:28:00','6423931','6','',''),
('925491561583085','11:31:00','11:31:00','6423932','7','',''),
('925491561583085','11:32:00','11:32:00','6423933','8','',''),
('925491561583085','11:33:00','11:33:00','6423934','9','',''),
('925491561583085','11:34:00','11:34:00','6423935','10','',''),
('925491561583085','11:35:00','11:35:00','6423936','11','',''),
('925491561583085','11:38:00','11:38:00','6423937','12','',''),
('925491561583085','11:40:00','11:40:00','6423938','13','',''),
('925491561583085','11:41:00','11:41:00','6423939','14','',''),
('925491561583085','11:44:00','11:44:00','6423940','15','',''),
('925491561583085','11:46:00','11:46:00','6423941','16','',''),
('925491561583085','11:47:00','11:47:00','6423942','17','',''),
('925491561583085','11:51:00','11:51:00','6423943','18','','');
INSERT INTO calendar (service_id,monday,tuesday,wednesday,thursday,friday,saturday,sunday,start_date,end_date) VALUES
('2549158','0','0','0','0','0','0','0','20180122','20180330'),
('2549157','0','0','0','0','0','0','0','20171221','20180119'),
('2549159','0','0','0','0','0','0','0','20171221','20180119'),
('2549156','0','0','0','0','0','0','0','20180122','20180330'),
('2549155','0','0','0','0','0','0','0','20171221','20180119'),
('2549160','0','0','0','0','0','0','0','20180122','20180330');
INSERT INTO calendar_dates (service_id,date,exception_type) VALUES
('2549158','20180122','1'),
('2549158','20180123','1'),
('2549158','20180124','1'),
('2549158','20180125','1'),
('2549158','20180126','1'),
('2549158','20180129','1'),
('2549158','20180130','1'),
('2549158','20180131','1'),
('2549158','20180201','1'),
('2549158','20180202','1'),
('2549158','20180205','1'),
('2549158','20180206','1'),
('2549158','20180207','1'),
('2549158','20180208','1'),
('2549158','20180209','1'),
('2549158','20180212','1'),
('2549158','20180213','1'),
('2549158','20180214','1'),
('2549158','20180215','1'),
('2549158','20180216','1'),
('2549158','20180219','1'),
('2549158','20180220','1'),
('2549158','20180221','1'),
('2549158','20180222','1'),
('2549158','20180223','1'),
('2549158','20180226','1'),
('2549158','20180227','1'),
('2549158','20180228','1'),
('2549158','20180301','1'),
('2549158','20180302','1'),
('2549158','20180305','1'),
('2549158','20180306','1'),
('2549158','20180307','1'),
('2549158','20180308','1'),
('2549158','20180309','1'),
('2549158','20180312','1'),
('2549158','20180313','1'),
('2549158','20180314','1'),
('2549158','20180315','1'),
('2549158','20180316','1'),
('2549158','20180319','1'),
('2549158','20180320','1'),
('2549158','20180321','1'),
('2549158','20180322','1'),
('2549158','20180323','1'),
('2549158','20180326','1'),
('2549158','20180327','1'),
('2549158','20180328','1'),
('2549158','20180329','1'),
('2549158','20180330','1'),
('2549157','20171221','1'),
('2549157','20171222','1'),
('2549157','20171226','1'),
('2549157','20171227','1'),
('2549157','20171228','1'),
('2549157','20171229','1'),
('2549157','20180102','1'),
('2549157','20180103','1'),
('2549157','20180104','1'),
('2549157','20180105','1'),
('2549157','20180108','1'),
('2549157','20180109','1'),
('2549157','20180110','1'),
('2549157','20180111','1'),
('2549157','20180112','1'),
('2549157','20180115','1'),
('2549157','20180116','1'),
('2549157','20180117','1'),
('2549157','20180118','1'),
('2549157','20180119','1'),
('2549159','20171221','1'),
('2549159','20171222','1'),
('2549159','20171226','1'),
('2549159','20171227','1'),
('2549159','20171228','1'),
('2549159','20171229','1'),
('2549159','20180102','1'),
('2549159','20180103','1'),
('2549159','20180104','1'),
('2549159','20180105','1'),
('2549159','20180108','1'),
('2549159','20180109','1'),
('2549159','20180110','1'),
('2549159','20180111','1'),
('2549159','20180112','1'),
('2549159','20180115','1'),
('2549159','20180116','1'),
('2549159','20180117','1'),
('2549159','20180118','1'),
('2549159','20180119','1'),
('2549156','20180122','1'),
('2549156','20180123','1'),
('2549156','20180124','1'),
('2549156','20180125','1'),
('2549156','20180126','1'),
('2549156','20180129','1'),
('2549156','20180130','1'),
('2549156','20180131','1'),
('2549156','20180201','1'),
('2549156','20180202','1'),
('2549156','20180205','1'),
('2549156','20180206','1'),
('2549156','20180207','1'),
('2549156','20180208','1'),
('2549156','20180209','1'),
('2549156','20180212','1'),
('2549156','20180213','1'),
('2549156','20180214','1'),
('2549156','20180215','1'),
('2549156','20180216','1'),
('2549156','20180219','1'),
('2549156','20180220','1'),
('2549156','20180221','1'),
('2549156','20180222','1'),
('2549156','20180223','1'),
('2549156','20180226','1'),
('2549156','20180227','1'),
('2549156','20180228','1'),
('2549156','20180301','1'),
('2549156','20180302','1'),
('2549156','20180305','1'),
('2549156','20180306','1'),
('2549156','20180307','1'),
('2549156','20180308','1'),
('2549156','20180309','1'),
('2549156','20180312','1'),
('2549156','20180313','1'),
('2549156','20180314','1'),
('2549156','20180315','1'),
('2549156','20180316','1'),
('2549156','20180319','1'),
('2549156','20180320','1'),
('2549156','20180321','1'),
('2549156','20180322','1'),
('2549156','20180323','1'),
('2549156','20180326','1'),
('2549156','20180327','1'),
('2549156','20180328','1'),
('2549156','20180329','1'),
('2549156','20180330','1'),
('2549155','20171221','1'),
('2549155','20171222','1'),
('2549155','20171226','1'),
('2549155','20171227','1'),
('2549155','20171228','1'),
('2549155','20171229','1'),
('2549155','20180102','1'),
('2549155','20180103','1'),
('2549155','20180104','1'),
('2549155','20180105','1'),
('2549155','20180108','1'),
('2549155','20180109','1'),
('2549155','20180110','1'),
('2549155','20180111','1'),
('2549155','20180112','1'),
('2549155','20180115','1'),
('2549155','20180116','1'),
('2549155','20180117','1'),
('2549155','20180118','1'),
('2549155','20180119','1'),
('2549160','20180122','1'),
('2549160','20180123','1'),
('2549160','20180124','1'),
('2549160','20180125','1'),
('2549160','20180126','1'),
('2549160','20180129','1'),
('2549160','20180130','1'),
('2549160','20180131','1'),
('2549160','20180201','1'),
('2549160','20180202','1'),
('2549160','20180205','1'),
('2549160','20180206','1'),
('2549160','20180207','1'),
('2549160','20180208','1'),
('2549160','20180209','1'),
('2549160','20180212','1'),
('2549160','20180213','1'),
('2549160','20180214','1'),
('2549160','20180215','1'),
('2549160','20180216','1'),
('2549160','20180219','1'),
('2549160','20180220','1'),
('2549160','20180221','1'),
('2549160','20180222','1'),
('2549160','20180223','1'),
('2549160','20180226','1'),
('2549160','20180227','1'),
('2549160','20180228','1'),
('2549160','20180301','1'),
('2549160','20180302','1'),
('2549160','20180305','1'),
('2549160','20180306','1'),
('2549160','20180307','1'),
('2549160','20180308','1'),
('2549160','20180309','1'),
('2549160','20180312','1'),
('2549160','20180313','1'),
('2549160','20180314','1'),
('2549160','20180315','1'),
('2549160','20180316','1'),
('2549160','20180319','1'),
('2549160','20180320','1'),
('2549160','20180321','1'),
('2549160','20180322','1'),
('2549160','20180323','1'),
('2549160','20180326','1'),
('2549160','20180327','1'),
('2549160','20180328','1'),
('2549160','20180329','1'),
('2549160','20180330','1');
INSERT INTO routes (route_id,agency_id,route_short_name,route_long_name,route_desc,route_type,route_url,route_color,route_text_color) VALUES
('1585324','100','538','PORT (GARE DU STADE <-> CIRCULAIRE) - Aller','','3','','FFFFFF','000000'),
('1585325','100','538','PORT (GARE DU STADE <-> CIRCULAIRE) - Aller','','3','','FFFFFF','000000'),
('1585326','100','538','PORT (ASNIERES - LES COURTILLES <-> CIRCULAIRE) - Retour','','3','','FFFFFF','000000');
INSERT INTO agency (agency_id,agency_name,agency_url,agency_timezone,agency_lang,agency_phone) VALUES
('100','RATP (100)','http://www.ratp.fr/','CET','','');
INSERT INTO trips (route_id,service_id,trip_id,trip_headsign,trip_short_name,direction_id,shape_id) VALUES
('1585324','2549159','1025491591583095','','10','0',''),
('1585324','2549160','1025491601583095','','10','0',''),
('1585324','2549159','1125491591583095','','11','0',''),
('1585324','2549160','1125491601583095','','11','0',''),
('1585324','2549159','1225491591583095','','12','0',''),
('1585324','2549160','1225491601583095','','12','0',''),
('1585324','2549159','125491591583095','','1','0',''),
('1585324','2549160','125491601583095','','1','0',''),
('1585324','2549159','1325491591583095','','13','0',''),
('1585324','2549160','1325491601583095','','13','0',''),
('1585324','2549159','1425491591583095','','14','0',''),
('1585324','2549160','1425491601583095','','14','0',''),
('1585324','2549159','1525491591583095','','15','0',''),
('1585324','2549160','1525491601583095','','15','0',''),
('1585324','2549159','1625491591583095','','16','0',''),
('1585324','2549160','1625491601583095','','16','0',''),
('1585324','2549159','1725491591583095','','17','0',''),
('1585324','2549160','1725491601583095','','17','0',''),
('1585324','2549159','225491591583095','','2','0',''),
('1585324','2549160','225491601583095','','2','0',''),
('1585324','2549159','325491591583095','','3','0',''),
('1585324','2549160','325491601583095','','3','0',''),
('1585324','2549159','425491591583095','','4','0',''),
('1585324','2549160','425491601583095','','4','0',''),
('1585324','2549159','525491591583095','','5','0',''),
('1585324','2549160','525491601583095','','5','0',''),
('1585324','2549159','625491591583095','','6','0',''),
('1585324','2549160','625491601583095','','6','0',''),
('1585324','2549159','725491591583095','','7','0',''),
('1585324','2549160','725491601583095','','7','0',''),
('1585324','2549159','825491591583095','','8','0',''),
('1585324','2549160','825491601583095','','8','0',''),
('1585324','2549159','925491591583095','','9','0',''),
('1585324','2549160','925491601583095','','9','0',''),
('1585325','2549157','1025491571583086','','10','0',''),
('1585325','2549158','1025491581583086','','10','0',''),
('1585325','2549157','1125491571583086','','11','0',''),
('1585325','2549158','1125491581583086','','11','0',''),
('1585325','2549157','1225491571583086','','12','0',''),
('1585325','2549158','1225491581583086','','12','0',''),
('1585325','2549157','125491571583086','','1','0',''),
('1585325','2549158','125491581583086','','1','0',''),
('1585325','2549157','1325491571583086','','13','0',''),
('1585325','2549158','1325491581583086','','13','0',''),
('1585325','2549157','1425491571583086','','14','0',''),
('1585325','2549158','1425491581583086','','14','0',''),
('1585325','2549157','1525491571583086','','15','0',''),
('1585325','2549158','1525491581583086','','15','0',''),
('1585325','2549157','1625491571583086','','16','0',''),
('1585325','2549158','1625491581583086','','16','0',''),
('1585325','2549157','1725491571583086','','17','0',''),
('1585325','2549158','1725491581583086','','17','0',''),
('1585325','2549157','1825491571583086','','18','0',''),
('1585325','2549158','1825491581583086','','18','0',''),
('1585325','2549157','1925491571583086','','19','0',''),
('1585325','2549158','1925491581583086','','19','0',''),
('1585325','2549157','225491571583086','','2','0',''),
('1585325','2549158','225491581583086','','2','0',''),
('1585325','2549157','325491571583086','','3','0',''),
('1585325','2549158','325491581583086','','3','0',''),
('1585325','2549157','425491571583086','','4','0',''),
('1585325','2549158','425491581583086','','4','0',''),
('1585325','2549157','525491571583086','','5','0',''),
('1585325','2549158','525491581583086','','5','0',''),
('1585325','2549157','625491571583086','','6','0',''),
('1585325','2549158','625491581583086','','6','0',''),
('1585325','2549157','725491571583086','','7','0',''),
('1585325','2549158','725491581583086','','7','0',''),
('1585325','2549157','825491571583086','','8','0',''),
('1585325','2549158','825491581583086','','8','0',''),
('1585325','2549157','925491571583086','','9','0',''),
('1585325','2549158','925491581583086','','9','0',''),
('1585326','2549155','1025491551583085','','10','1',''),
('1585326','2549156','1025491561583085','','10','1',''),
('1585326','2549155','1125491551583085','','11','1',''),
('1585326','2549156','1125491561583085','','11','1',''),
('1585326','2549155','1225491551583085','','12','1',''),
('1585326','2549156','1225491561583085','','12','1',''),
('1585326','2549155','125491551583085','','1','1',''),
('1585326','2549156','125491561583085','','1','1',''),
('1585326','2549155','1325491551583085','','13','1',''),
('1585326','2549156','1325491561583085','','13','1',''),
('1585326','2549155','1425491551583085','','14','1',''),
('1585326','2549156','1425491561583085','','14','1',''),
('1585326','2549155','1525491551583085','','15','1',''),
('1585326','2549156','1525491561583085','','15','1',''),
('1585326','2549155','1625491551583085','','16','1',''),
('1585326','2549156','1625491561583085','','16','1',''),
('1585326','2549155','1725491551583085','','17','1',''),
('1585326','2549156','1725491561583085','','17','1',''),
('1585326','2549155','1825491551583085','','18','1',''),
('1585326','2549156','1825491561583085','','18','1',''),
('1585326','2549155','1925491551583085','','19','1',''),
('1585326','2549156','1925491561583085','','19','1',''),
('1585326','2549155','225491551583085','','2','1',''),
('1585326','2549156','225491561583085','','2','1',''),
('1585326','2549155','325491551583085','','3','1',''),
('1585326','2549156','325491561583085','','3','1',''),
('1585326','2549155','425491551583085','','4','1',''),
('1585326','2549156','425491561583085','','4','1',''),
('1585326','2549155','525491551583085','','5','1',''),
('1585326','2549156','525491561583085','','5','1',''),
('1585326','2549155','625491551583085','','6','1',''),
('1585326','2549156','625491561583085','','6','1',''),
('1585326','2549155','725491551583085','','7','1',''),
('1585326','2549156','725491561583085','','7','1',''),
('1585326','2549155','825491551583085','','8','1',''),
('1585326','2549156','825491561583085','','8','1',''),
('1585326','2549155','925491551583085','','9','1',''),
('1585326','2549156','925491561583085','','9','1','');
INSERT INTO transfers (from_stop_id,to_stop_id,transfer_type,min_transfer_time) VALUES
('6456054','6423892','2','56'),
('6456077','6423943','2','11'),
('6456053','6423921','2','121'),
('6456053','6423922','2','129'),
('6423922','6448960','2','94'),
('6423916','5121494','2','9'),
('6423916','5121493','2','64'),
('4016066','6423922','2','0'),
('6456055','6423906','2','38'),
('4016065','6423934','2','136'),
('5020448','6423904','2','128'),
('5020448','6423903','2','119'),
('6423927','5121488','2','125'),
('6423922','6448959','2','129'),
('6423941','6448959','2','121'),
('6423927','5121486','2','34'),
('4016066','6423927','2','129'),
('4016063','6423940','2','83'),
('4016067','6423908','2','45'),
('6456053','6423933','2','90'),
('6423941','5121485','2','121'),
('4016065','6423921','2','67'),
('6423941','6448961','2','67'),
('6423941','6448962','2','6'),
('6423910','6449053','2','83'),
('6423941','5121488','2','6'),
('5020449','6423903','2','20'),
('5020449','6423904','2','10'),
('6423941','5121487','2','67'),
('4016064','6423934','2','110'),
('6456053','6423900','2','121'),
('6423943','1662797','2','190'),
('4472746','6423943','2','71'),
('6423943','1662798','2','190'),
('6423920','6448963','2','73'),
('6423920','6448964','2','9'),
('6456053','6423907','2','108'),
('6456053','6423908','2','90'),
('4016064','6423937','2','61'),
('6456050','6423892','2','58'),
('4016066','6423942','2','95'),
('6423942','6448959','2','35'),
('5020448','6423925','2','119'),
('6423920','5121489','2','73'),
('4015927','6423926','2','61'),
('6423917','5121491','2','35'),
('4016063','6423920','2','73'),
('6423909','6449051','2','61'),
('6423917','5121492','2','7'),
('4016064','6423941','2','6'),
('4015912','6423904','2','32'),
('6423927','6448960','2','34'),
('6423927','6448962','2','125'),
('6423937','6448962','2','61'),
('4015912','6423903','2','35'),
('4016065','6423941','2','67'),
('6456052','6423943','2','29'),
('4016065','6423900','2','67'),
('4016066','6423933','2','56'),
('6423920','5121490','2','9'),
('4016061','6423917','2','35'),
('5020449','6423925','2','20'),
('3798505','6423926','2','115'),
('5009422','6423925','2','119'),
('6423907','6448959','2','108'),
('3798505','6423943','2','86'),
('6456051','6423943','2','11'),
('6423907','6448960','2','72'),
('6456049','6423942','2','72'),
('6423900','6449050','2','67'),
('6423900','6449051','2','6'),
('6456056','6423924','2','6'),
('6423907','5121486','2','72'),
('6423911','5121492','2','31'),
('4015912','6423925','2','35'),
('6423907','5121485','2','108'),
('6423926','6449066','2','29'),
('4016067','6423942','2','72'),
('6423943','5121484','2','29'),
('6456145','6423926','2','100'),
('6423908','5121485','2','90'),
('6423900','6449048','2','121'),
('6423908','5121486','2','58'),
('6456048','6423923','2','35'),
('4016071','6423902','2','6'),
('6423927','6449051','2','125'),
('6423940','6448963','2','83'),
('6423909','5121488','2','61'),
('4016067','6423933','2','45'),
('6456049','6423927','2','108'),
('6423892','6448960','2','58'),
('6423941','6449050','2','67'),
('6456050','6423908','2','58'),
('4016059','6423917','2','83'),
('6456077','6423926','2','27'),
('6423941','6449051','2','6'),
('6456050','6423907','2','72'),
('4016066','6423907','2','22'),
('4016066','6423908','2','56'),
('6423912','6449057','2','54'),
('6423927','6449049','2','34'),
('6423937','5121488','2','61'),
('6423893','6448962','2','110'),
('6423941','6449048','2','121'),
('4016059','6423911','2','91'),
('6423922','6449049','2','94'),
('6423926','4023652','2','100'),
('6456056','6423902','2','6'),
('6423893','6448961','2','136'),
('6423934','5121488','2','110'),
('6456049','6423922','2','21'),
('6423934','5121487','2','136'),
('6456051','6423926','2','27'),
('6456055','6423923','2','6'),
('6423922','5121485','2','129'),
('6423922','5121486','2','94'),
('5158045','6423943','2','71'),
('4016067','6423922','2','21'),
('4016067','6423927','2','108'),
('4016069','6423923','2','35'),
('3798504','6423943','2','75'),
('6423922','6449048','2','129'),
('6423937','6449051','2','61'),
('6456145','6423943','2','72'),
('6456049','6423933','2','45'),
('5158046','6423926','2','61'),
('6423892','6448959','2','90'),
('4016071','6423924','2','6'),
('6423934','6449050','2','136'),
('6423934','6449051','2','110'),
('6423943','4023652','2','72'),
('6423916','6449057','2','9'),
('6423943','6448958','2','29'),
('6423943','6448957','2','20'),
('6423896','6449051','2','61'),
('6423943','6448956','2','20'),
('6423916','6449056','2','64'),
('6423933','5121485','2','90'),
('6423908','6448959','2','90'),
('6423933','5121486','2','58'),
('6456050','6423927','2','34'),
('6423908','6448960','2','58'),
('4015913','6423887','2','32'),
('6456050','6423922','2','94'),
('4016063','6423899','2','83'),
('5158046','6423943','2','69'),
('6423900','5121487','2','67'),
('6423900','5121488','2','6'),
('6423900','5121485','2','121'),
('6456054','6423922','2','0'),
('6423921','5121488','2','6'),
('6456054','6423927','2','129'),
('5158045','6423926','2','89'),
('6423921','5121485','2','121'),
('3798504','6423926','2','105'),
('6423921','5121487','2','67'),
('6423896','6448962','2','61'),
('4016066','6423892','2','56'),
('4016067','6423892','2','45'),
('6423908','6449048','2','90'),
('6423920','6449053','2','9'),
('6423920','6449052','2','73'),
('6423900','6448959','2','121'),
('4016065','6423893','2','136'),
('6423908','6449049','2','58'),
('6456049','6423892','2','45'),
('4016068','6423923','2','6'),
('6423942','6449048','2','35'),
('6423942','6449049','2','8'),
('6423943','6449047','2','29'),
('6423892','6449049','2','58'),
('6423921','6449048','2','121'),
('6423921','6448959','2','121'),
('6456054','6423933','2','56'),
('6423892','6449048','2','90'),
('6423910','6448964','2','83'),
('6423940','5121489','2','83'),
('6423921','6449050','2','67'),
('6423910','5121490','2','83'),
('6423900','6448961','2','67'),
('6423900','6448962','2','6'),
('6423899','6449052','2','83'),
('6423917','6448965','2','35'),
('6456050','6423942','2','8'),
('6423917','6448966','2','7'),
('6423921','6449051','2','6'),
('6456054','6423942','2','95'),
('5020448','6423887','2','128'),
('6423921','6448962','2','6'),
('6423921','6448961','2','67'),
('4016064','6423893','2','110'),
('6423912','6448968','2','54'),
('4016064','6423896','2','61'),
('6423942','5121485','2','35'),
('6423942','5121486','2','8'),
('5009422','6423903','2','119'),
('5009422','6423904','2','128'),
('6423899','5121489','2','83'),
('6456050','6423933','2','58'),
('4016068','6423906','2','38'),
('4016070','6423902','2','6'),
('6423940','6449052','2','83'),
('6423934','6448961','2','136'),
('4015927','6423943','2','69'),
('6423911','6449055','2','31'),
('4472784','6423926','2','61'),
('6423933','6449048','2','90'),
('6423912','5121494','2','54'),
('6423917','6449055','2','7'),
('4015901','6423926','2','71'),
('6423917','6449054','2','35'),
('6423916','6448968','2','9'),
('6423916','6448967','2','64'),
('6423942','6448960','2','8'),
('6423933','6448960','2','58'),
('4016064','6423927','2','125'),
('6456047','6423924','2','6'),
('4472746','6423926','2','89'),
('5020449','6423887','2','10'),
('6423933','6448959','2','90'),
('6423926','1662798','2','218'),
('6423926','1662797','2','218'),
('4016064','6423921','2','6'),
('4015913','6423925','2','27'),
('6423926','6448957','2','32'),
('6423926','6448956','2','32'),
('4016070','6423924','2','6'),
('4015912','6423887','2','32'),
('6456053','6423892','2','90'),
('4472784','6423943','2','69'),
('6423893','6449051','2','110'),
('6423893','6449050','2','136'),
('4016062','6423910','2','83'),
('5009422','6423887','2','128'),
('6423926','5121515','2','29'),
('6456049','6423908','2','45'),
('4016058','6423911','2','124'),
('6423933','6449049','2','58'),
('6456054','6423908','2','56'),
('4016058','6423917','2','111'),
('6423896','5121488','2','61'),
('6423892','5121485','2','90'),
('6456054','6423907','2','22'),
('6423892','5121486','2','58'),
('4016060','6423917','2','7'),
('6423899','6448963','2','83'),
('4015901','6423943','2','44'),
('6423911','6448966','2','31'),
('4016060','6423911','2','31'),
('4016064','6423909','2','61'),
('6456047','6423902','2','6'),
('6423907','6449048','2','108'),
('6423909','6448962','2','61'),
('6423907','6449049','2','72'),
('4015913','6423904','2','32'),
('4016062','6423920','2','9'),
('4015913','6423903','2','27'),
('4016064','6423900','2','6'),
('6423893','5121487','2','136'),
('6456053','6423942','2','35'),
('6423893','5121488','2','110'),
('6456053','6423941','2','121'),
('6423934','6448962','2','110');
INSERT INTO stops (stop_id,stop_code,stop_name,stop_desc,stop_lat,stop_lon,location_type,parent_station) VALUES
('6423893','','ENTREE MOLE 2-3','ROUTE DU MOLE 2 ET 3 - 92036','48.939584344029434','2.280122280747438','0',''),
('6423892','','CENTRE DE VIE - CHARBONNIER','ROUTE PRINCIPALE DU PORT - 92036','48.93765081213725','2.277341563835501','0',''),
('6423895','','COEUR MOLE 2-3','ROUTE DU MOLE 2 ET 3 - 92036','48.94342722611454','2.273282924593604','0',''),
('6423894','','POINTE MOLE 2-3','ROUTE DU MOLE 2 ET 3 - 92036','48.94147915433922','2.2772552792732315','0',''),
('6423891','','MOLE 1-2','ROUTE PRINCIPALE DU PORT - 92036','48.937038162759706','2.274341195060403','0',''),
('6423890','','POINTE MOLE1','ROUTE OUEST DU MOLE NUMERO 1 - 92036','48.94157978322988','2.2643084687895296','0',''),
('6423938','','COEUR MOLE CENTRAL','ROUTE DU MOLE CENTRAL - 92036','48.94111484253791','2.28616414640887','0',''),
('6423896','','BASSIN N0 2','35 ROUTE PRINCIPALE DU PORT - 92036','48.93835357740893','2.281023984871198','0',''),
('6423937','','BASSIN N0 2','35 ROUTE PRINCIPALE DU PORT - 92036','48.93835357740893','2.281023984871198','0',''),
('6423897','','COEUR MOLE CENTRAL','ROUTE DU MOLE CENTRAL - 92036','48.94111484253791','2.28616414640887','0',''),
('6423898','','POINTE MOLE CENTRAL','ROUTE DU MOLE CENTRAL - 92036','48.94368303400684','2.281618489203721','0',''),
('6423939','','POINTE MOLE CENTRAL','ROUTE DU MOLE CENTRAL - 92036','48.94368303400684','2.281618489203721','0',''),
('6423899','','MOLE CENTRAL','ROUTE PRINCIPALE DU PORT - 92036','48.93964090031015','2.28592004573725','0',''),
('6423934','','ENTREE MOLE 2-3','ROUTE DU MOLE 2 ET 3 - 92036','48.939584344029434','2.280122280747438','0',''),
('6423933','','CENTRE DE VIE - CHARBONNIER','ROUTE PRINCIPALE DU PORT - 92036','48.93765081213725','2.277341563835501','0',''),
('6423936','','COEUR MOLE 2-3','ROUTE DU MOLE 2 ET 3 - 92036','48.94342722611454','2.273282924593604','0',''),
('6423935','','POINTE MOLE 2-3','ROUTE DU MOLE 2 ET 3 - 92036','48.94147915433922','2.2772552792732315','0',''),
('6423930','','COEUR MOLE 1','ROUTE OUEST DU MOLE NUMERO 1 - 92036','48.93832627313392','2.263849237789202','0',''),
('6423932','','MOLE 1-2','ROUTE PRINCIPALE DU PORT - 92036','48.937038162759706','2.274341195060403','0',''),
('6423931','','POINTE MOLE1','ROUTE OUEST DU MOLE NUMERO 1 - 92036','48.94157978322988','2.2643084687895296','0',''),
('6423902','','DIRECTION DU PORT.','62 ROUTE PRINCIPALE DU PORT - 92036','48.936180261251934','2.2669078723680545','0',''),
('6423903','','GARE DU STADE.','BOULEVARD MARCEAU - 92025','48.93045192349007','2.2608869818038415','0',''),
('6423900','','BASSIN N0 2.','ROUTE PRINCIPALE DU PORT - 92036','48.93849688655862','2.280014347460508','0',''),
('6423901','','QUAI DES ENTREPRENEURS','ROUTE PRINCIPALE DU PORT - 92036','48.936343454650824','2.2693766861609816','0',''),
('6423908','','CENTRE DE VIE - CHARBONNIER','ROUTE PRINCIPALE DU PORT - 92036','48.93765081213725','2.277341563835501','0',''),
('6423909','','BASSIN N0 2','35 ROUTE PRINCIPALE DU PORT - 92036','48.93835357740893','2.281023984871198','0',''),
('6423943','','ASNIERES - GENNEVILLIERS - LES COURTILLES','BOULEVARD INTERCOMMUNAL - 92004','48.93063524040443','2.28401943223593','0',''),
('6423906','','MERCIERES','ROUTE DES MERCIERES - 92036','48.93562632502826','2.272651439976775','0',''),
('6423942','','PORT DE GENNEVILLIERS - CENTRE DE VIE.','BOULEVARD INTERCOMMUNAL - 92036','48.93744457050385','2.2782557741794793','0',''),
('6423907','','CENTRE DE VIE','RUE ALFRED SUQUET - 92036','48.9372103888177','2.277205660356922','0',''),
('6423941','','BASSIN N0 2.','ROUTE PRINCIPALE DU PORT - 92036','48.93849688655862','2.280014347460508','0',''),
('6423904','','GARE DU STADE','BOULEVARD MARCEAU - 92025','48.93040707631775','2.261023443112197','0',''),
('6423940','','MOLE CENTRAL','ROUTE PRINCIPALE DU PORT - 92036','48.93964090031015','2.28592004573725','0',''),
('6423905','','DIRECTION DU PORT','62 ROUTE PRINCIPALE DU PORT - 92036','48.936126652714115','2.2674399450981904','0',''),
('6423916','','BASSIN N0 5.','ROUTE DU BASSIN NUMERO 6 - 92036','48.94420977175441','2.2950427828669913','0',''),
('6423915','','BASSIN N0 6','23 ROUTE DU BASSIN NUMERO 6 - 92036','48.94922440947982','2.295106916296092','0',''),
('6423918','','COEUR ROUTE DE LA SEINE','ROUTE DE LA SEINE - 92036','48.94606498355365','2.282598271504718','0',''),
('6423917','','DARSE N0 5.','ROUTE PRINCIPALE DU PORT - 92036','48.941423544260395','2.2941446549909816','0',''),
('6423919','','IMPASSE DE LA SEINE','ROUTE DE LA SEINE - 92036','48.94647411365323','2.2739749908377727','0',''),
('6423910','','MOLE CENTRAL','ROUTE PRINCIPALE DU PORT - 92036','48.93956954489779','2.287188815748167','0',''),
('6423912','','BASSIN N0 5','ROUTE DU BASSIN NUMERO 6 - 92036','48.944838932927986','2.2952878495686044','0',''),
('6423911','','DARSE N0 5','ROUTE PRINCIPALE DU PORT - 92036','48.94108199634376','2.2940085161142836','0',''),
('6423914','','POINTE BASSIN N0 6','ROUTE DU BASSIN NUMERO 6 - 92036','48.948473621397795','2.283005056758972','0',''),
('6423913','','COEUR BASSIN N0 6','FACE 27-29 ROUTE DU BASSIN NUMERO 6 - 92036','48.949267307104506','2.2896900217936578','0',''),
('6423887','','GARE DU STADE','BOULEVARD MARCEAU - 92025','48.93040707631775','2.261023443112197','0',''),
('6423929','','DIRECTION DU PORT','62 ROUTE PRINCIPALE DU PORT - 92036','48.936126652714115','2.2674399450981904','0',''),
('6423888','','DIRECTION DU PORT','62 ROUTE PRINCIPALE DU PORT - 92036','48.936126652714115','2.2674399450981904','0',''),
('6423928','','QUAI DES ENTREPRENEURS','ROUTE PRINCIPALE DU PORT - 92036','48.936343454650824','2.2693766861609816','0',''),
('6423927','','PORT DE GENNEVILLIERS - CENTRE DE VIE','BOULEVARD INTERCOMMUNAL - 92036','48.93762453557405','2.278719377274554','0',''),
('6423926','','ASNIERES - GENNEVILLIERS - LES COURTILLES','BOULEVARD INTERCOMMUNAL - 92036','48.93084208433091','2.2843465707019854','0',''),
('6423889','','COEUR MOLE 1','ROUTE OUEST DU MOLE NUMERO 1 - 92036','48.93832627313392','2.263849237789202','0',''),
('6423921','','BASSIN N0 2.','ROUTE PRINCIPALE DU PORT - 92036','48.93849688655862','2.280014347460508','0',''),
('6423920','','MOLE CENTRAL.','ROUTE PRINCIPALE DU PORT - 92036','48.93967691204123','2.2860700715495534','0',''),
('6423925','','GARE DU STADE.','BOULEVARD MARCEAU - 92025','48.93045192349007','2.2608869818038415','0',''),
('6423924','','DIRECTION DU PORT.','62 ROUTE PRINCIPALE DU PORT - 92036','48.936180261251934','2.2669078723680545','0',''),
('6423923','','MERCIERES.','ROUTE DES MERCIERES - 92036','48.935769847603716','2.2721601874981188','0',''),
('6423922','','CENTRE DE VIE.','RUE ALFRED SUQUET - 92036','48.937165289421905','2.276878321569632','0','');
