INSERT INTO stop_times (trip_id,arrival_time,departure_time,stop_id,stop_sequence,stop_headsign,shape_dist_traveled) VALUES
('1025338340881780','13:00:00','13:00:00','3754326','1','',''),
('1025338340881780','13:02:00','13:02:00','3754327','2','',''),
('1025338340881780','13:03:00','13:03:00','3754328','3','',''),
('1025338340881780','13:05:00','13:05:00','3754329','4','',''),
('1025338340881780','13:06:00','13:06:00','3754330','5','',''),
('1025338340881780','13:08:00','13:08:00','3754331','6','',''),
('1025338340881780','13:10:00','13:10:00','3754332','7','',''),
('1025338350881780','15:00:00','15:00:00','3754326','1','',''),
('1025338350881780','15:02:00','15:02:00','3754327','2','',''),
('1025338350881780','15:04:00','15:04:00','3754328','3','',''),
('1025338350881780','15:07:00','15:07:00','3754329','4','',''),
('1025338350881780','15:08:00','15:08:00','3754330','5','',''),
('1025338350881780','15:10:00','15:10:00','3754331','6','',''),
('1025338350881780','15:12:00','15:12:00','3754332','7','',''),
('1125338340881780','13:40:00','13:40:00','3754326','1','',''),
('1125338340881780','13:42:00','13:42:00','3754327','2','',''),
('1125338340881780','13:44:00','13:44:00','3754328','3','',''),
('1125338340881780','13:47:00','13:47:00','3754329','4','',''),
('1125338340881780','13:48:00','13:48:00','3754330','5','',''),
('1125338340881780','13:50:00','13:50:00','3754331','6','',''),
('1125338340881780','13:52:00','13:52:00','3754332','7','',''),
('1125338350881780','15:40:00','15:40:00','3754326','1','',''),
('1125338350881780','15:42:00','15:42:00','3754327','2','',''),
('1125338350881780','15:44:00','15:44:00','3754328','3','',''),
('1125338350881780','15:47:00','15:47:00','3754329','4','',''),
('1125338350881780','15:48:00','15:48:00','3754330','5','',''),
('1125338350881780','15:50:00','15:50:00','3754331','6','',''),
('1125338350881780','15:52:00','15:52:00','3754332','7','',''),
('1225338340881780','14:20:00','14:20:00','3754326','1','',''),
('1225338340881780','14:22:00','14:22:00','3754327','2','',''),
('1225338340881780','14:24:00','14:24:00','3754328','3','',''),
('1225338340881780','14:27:00','14:27:00','3754329','4','',''),
('1225338340881780','14:28:00','14:28:00','3754330','5','',''),
('1225338340881780','14:30:00','14:30:00','3754331','6','',''),
('1225338340881780','14:32:00','14:32:00','3754332','7','',''),
('1225338350881780','16:20:00','16:20:00','3754326','1','',''),
('1225338350881780','16:22:00','16:22:00','3754327','2','',''),
('1225338350881780','16:24:00','16:24:00','3754328','3','',''),
('1225338350881780','16:27:00','16:27:00','3754329','4','',''),
('1225338350881780','16:28:00','16:28:00','3754330','5','',''),
('1225338350881780','16:30:00','16:30:00','3754331','6','',''),
('1225338350881780','16:32:00','16:32:00','3754332','7','',''),
('125338340881780','06:55:00','06:55:00','3754326','1','',''),
('125338340881780','06:57:00','06:57:00','3754327','2','',''),
('125338340881780','06:59:00','06:59:00','3754328','3','',''),
('125338340881780','07:02:00','07:02:00','3754329','4','',''),
('125338340881780','07:03:00','07:03:00','3754330','5','',''),
('125338340881780','07:05:00','07:05:00','3754331','6','',''),
('125338340881780','07:07:00','07:07:00','3754332','7','',''),
('125338350881780','09:00:00','09:00:00','3754326','1','',''),
('125338350881780','09:02:00','09:02:00','3754327','2','',''),
('125338350881780','09:04:00','09:04:00','3754328','3','',''),
('125338350881780','09:07:00','09:07:00','3754329','4','',''),
('125338350881780','09:08:00','09:08:00','3754330','5','',''),
('125338350881780','09:10:00','09:10:00','3754331','6','',''),
('125338350881780','09:12:00','09:12:00','3754332','7','',''),
('1325338340881780','15:00:00','15:00:00','3754326','1','',''),
('1325338340881780','15:02:00','15:02:00','3754327','2','',''),
('1325338340881780','15:04:00','15:04:00','3754328','3','',''),
('1325338340881780','15:07:00','15:07:00','3754329','4','',''),
('1325338340881780','15:08:00','15:08:00','3754330','5','',''),
('1325338340881780','15:10:00','15:10:00','3754331','6','',''),
('1325338340881780','15:12:00','15:12:00','3754332','7','',''),
('1325338350881780','17:00:00','17:00:00','3754326','1','',''),
('1325338350881780','17:02:00','17:02:00','3754327','2','',''),
('1325338350881780','17:04:00','17:04:00','3754328','3','',''),
('1325338350881780','17:07:00','17:07:00','3754329','4','',''),
('1325338350881780','17:08:00','17:08:00','3754330','5','',''),
('1325338350881780','17:10:00','17:10:00','3754331','6','',''),
('1325338350881780','17:12:00','17:12:00','3754332','7','',''),
('1425338340881780','15:40:00','15:40:00','3754326','1','',''),
('1425338340881780','15:42:00','15:42:00','3754327','2','',''),
('1425338340881780','15:44:00','15:44:00','3754328','3','',''),
('1425338340881780','15:47:00','15:47:00','3754329','4','',''),
('1425338340881780','15:48:00','15:48:00','3754330','5','',''),
('1425338340881780','15:50:00','15:50:00','3754331','6','',''),
('1425338340881780','15:52:00','15:52:00','3754332','7','',''),
('1425338350881780','17:40:00','17:40:00','3754326','1','',''),
('1425338350881780','17:42:00','17:42:00','3754327','2','',''),
('1425338350881780','17:44:00','17:44:00','3754328','3','',''),
('1425338350881780','17:47:00','17:47:00','3754329','4','',''),
('1425338350881780','17:48:00','17:48:00','3754330','5','',''),
('1425338350881780','17:50:00','17:50:00','3754331','6','',''),
('1425338350881780','17:52:00','17:52:00','3754332','7','',''),
('1525338340881780','16:20:00','16:20:00','3754326','1','',''),
('1525338340881780','16:22:00','16:22:00','3754327','2','',''),
('1525338340881780','16:24:00','16:24:00','3754328','3','',''),
('1525338340881780','16:27:00','16:27:00','3754329','4','',''),
('1525338340881780','16:28:00','16:28:00','3754330','5','',''),
('1525338340881780','16:30:00','16:30:00','3754331','6','',''),
('1525338340881780','16:32:00','16:32:00','3754332','7','',''),
('1525338350881780','18:20:00','18:20:00','3754326','1','',''),
('1525338350881780','18:22:00','18:22:00','3754327','2','',''),
('1525338350881780','18:24:00','18:24:00','3754328','3','',''),
('1525338350881780','18:27:00','18:27:00','3754329','4','',''),
('1525338350881780','18:28:00','18:28:00','3754330','5','',''),
('1525338350881780','18:30:00','18:30:00','3754331','6','',''),
('1525338350881780','18:32:00','18:32:00','3754332','7','',''),
('1625338340881780','17:00:00','17:00:00','3754326','1','',''),
('1625338340881780','17:02:00','17:02:00','3754327','2','',''),
('1625338340881780','17:04:00','17:04:00','3754328','3','',''),
('1625338340881780','17:07:00','17:07:00','3754329','4','',''),
('1625338340881780','17:08:00','17:08:00','3754330','5','',''),
('1625338340881780','17:10:00','17:10:00','3754331','6','',''),
('1625338340881780','17:12:00','17:12:00','3754332','7','',''),
('1625338350881780','19:00:00','19:00:00','3754326','1','',''),
('1625338350881780','19:02:00','19:02:00','3754327','2','',''),
('1625338350881780','19:04:00','19:04:00','3754328','3','',''),
('1625338350881780','19:07:00','19:07:00','3754329','4','',''),
('1625338350881780','19:08:00','19:08:00','3754330','5','',''),
('1625338350881780','19:10:00','19:10:00','3754331','6','',''),
('1625338350881780','19:12:00','19:12:00','3754332','7','',''),
('1725338340881780','17:40:00','17:40:00','3754326','1','',''),
('1725338340881780','17:42:00','17:42:00','3754327','2','',''),
('1725338340881780','17:44:00','17:44:00','3754328','3','',''),
('1725338340881780','17:47:00','17:47:00','3754329','4','',''),
('1725338340881780','17:48:00','17:48:00','3754330','5','',''),
('1725338340881780','17:50:00','17:50:00','3754331','6','',''),
('1725338340881780','17:52:00','17:52:00','3754332','7','',''),
('1825338340881780','18:20:00','18:20:00','3754326','1','',''),
('1825338340881780','18:22:00','18:22:00','3754327','2','',''),
('1825338340881780','18:24:00','18:24:00','3754328','3','',''),
('1825338340881780','18:27:00','18:27:00','3754329','4','',''),
('1825338340881780','18:28:00','18:28:00','3754330','5','',''),
('1825338340881780','18:30:00','18:30:00','3754331','6','',''),
('1825338340881780','18:32:00','18:32:00','3754332','7','',''),
('1925338340881780','19:00:00','19:00:00','3754326','1','',''),
('1925338340881780','19:02:00','19:02:00','3754327','2','',''),
('1925338340881780','19:04:00','19:04:00','3754328','3','',''),
('1925338340881780','19:07:00','19:07:00','3754329','4','',''),
('1925338340881780','19:08:00','19:08:00','3754330','5','',''),
('1925338340881780','19:10:00','19:10:00','3754331','6','',''),
('1925338340881780','19:12:00','19:12:00','3754332','7','',''),
('2025338340881780','19:40:00','19:40:00','3754326','1','',''),
('2025338340881780','19:42:00','19:42:00','3754327','2','',''),
('2025338340881780','19:44:00','19:44:00','3754328','3','',''),
('2025338340881780','19:47:00','19:47:00','3754329','4','',''),
('2025338340881780','19:48:00','19:48:00','3754330','5','',''),
('2025338340881780','19:50:00','19:50:00','3754331','6','',''),
('2025338340881780','19:52:00','19:52:00','3754332','7','',''),
('225338340881780','07:30:00','07:30:00','3754326','1','',''),
('225338340881780','07:32:00','07:32:00','3754327','2','',''),
('225338340881780','07:34:00','07:34:00','3754328','3','',''),
('225338340881780','07:37:00','07:37:00','3754329','4','',''),
('225338340881780','07:38:00','07:38:00','3754330','5','',''),
('225338340881780','07:40:00','07:40:00','3754331','6','',''),
('225338340881780','07:42:00','07:42:00','3754332','7','',''),
('225338350881780','09:40:00','09:40:00','3754326','1','',''),
('225338350881780','09:42:00','09:42:00','3754327','2','',''),
('225338350881780','09:44:00','09:44:00','3754328','3','',''),
('225338350881780','09:47:00','09:47:00','3754329','4','',''),
('225338350881780','09:48:00','09:48:00','3754330','5','',''),
('225338350881780','09:50:00','09:50:00','3754331','6','',''),
('225338350881780','09:52:00','09:52:00','3754332','7','',''),
('325338340881780','08:20:00','08:20:00','3754326','1','',''),
('325338340881780','08:22:00','08:22:00','3754327','2','',''),
('325338340881780','08:24:00','08:24:00','3754328','3','',''),
('325338340881780','08:27:00','08:27:00','3754329','4','',''),
('325338340881780','08:28:00','08:28:00','3754330','5','',''),
('325338340881780','08:30:00','08:30:00','3754331','6','',''),
('325338340881780','08:32:00','08:32:00','3754332','7','',''),
('325338350881780','10:20:00','10:20:00','3754326','1','',''),
('325338350881780','10:22:00','10:22:00','3754327','2','',''),
('325338350881780','10:24:00','10:24:00','3754328','3','',''),
('325338350881780','10:27:00','10:27:00','3754329','4','',''),
('325338350881780','10:28:00','10:28:00','3754330','5','',''),
('325338350881780','10:30:00','10:30:00','3754331','6','',''),
('325338350881780','10:32:00','10:32:00','3754332','7','',''),
('425338340881780','09:00:00','09:00:00','3754326','1','',''),
('425338340881780','09:02:00','09:02:00','3754327','2','',''),
('425338340881780','09:04:00','09:04:00','3754328','3','',''),
('425338340881780','09:07:00','09:07:00','3754329','4','',''),
('425338340881780','09:08:00','09:08:00','3754330','5','',''),
('425338340881780','09:10:00','09:10:00','3754331','6','',''),
('425338340881780','09:12:00','09:12:00','3754332','7','',''),
('425338350881780','11:00:00','11:00:00','3754326','1','',''),
('425338350881780','11:02:00','11:02:00','3754327','2','',''),
('425338350881780','11:04:00','11:04:00','3754328','3','',''),
('425338350881780','11:07:00','11:07:00','3754329','4','',''),
('425338350881780','11:08:00','11:08:00','3754330','5','',''),
('425338350881780','11:10:00','11:10:00','3754331','6','',''),
('425338350881780','11:12:00','11:12:00','3754332','7','',''),
('525338340881780','09:40:00','09:40:00','3754326','1','',''),
('525338340881780','09:42:00','09:42:00','3754327','2','',''),
('525338340881780','09:44:00','09:44:00','3754328','3','',''),
('525338340881780','09:47:00','09:47:00','3754329','4','',''),
('525338340881780','09:48:00','09:48:00','3754330','5','',''),
('525338340881780','09:50:00','09:50:00','3754331','6','',''),
('525338340881780','09:52:00','09:52:00','3754332','7','',''),
('525338350881780','11:40:00','11:40:00','3754326','1','',''),
('525338350881780','11:42:00','11:42:00','3754327','2','',''),
('525338350881780','11:44:00','11:44:00','3754328','3','',''),
('525338350881780','11:47:00','11:47:00','3754329','4','',''),
('525338350881780','11:48:00','11:48:00','3754330','5','',''),
('525338350881780','11:50:00','11:50:00','3754331','6','',''),
('525338350881780','11:52:00','11:52:00','3754332','7','',''),
('625338340881780','10:20:00','10:20:00','3754326','1','',''),
('625338340881780','10:22:00','10:22:00','3754327','2','',''),
('625338340881780','10:24:00','10:24:00','3754328','3','',''),
('625338340881780','10:27:00','10:27:00','3754329','4','',''),
('625338340881780','10:28:00','10:28:00','3754330','5','',''),
('625338340881780','10:30:00','10:30:00','3754331','6','',''),
('625338340881780','10:32:00','10:32:00','3754332','7','',''),
('625338350881780','12:20:00','12:20:00','3754326','1','',''),
('625338350881780','12:22:00','12:22:00','3754327','2','',''),
('625338350881780','12:24:00','12:24:00','3754328','3','',''),
('625338350881780','12:27:00','12:27:00','3754329','4','',''),
('625338350881780','12:28:00','12:28:00','3754330','5','',''),
('625338350881780','12:30:00','12:30:00','3754331','6','',''),
('625338350881780','12:32:00','12:32:00','3754332','7','',''),
('725338340881780','11:00:00','11:00:00','3754326','1','',''),
('725338340881780','11:02:00','11:02:00','3754327','2','',''),
('725338340881780','11:04:00','11:04:00','3754328','3','',''),
('725338340881780','11:07:00','11:07:00','3754329','4','',''),
('725338340881780','11:08:00','11:08:00','3754330','5','',''),
('725338340881780','11:10:00','11:10:00','3754331','6','',''),
('725338340881780','11:12:00','11:12:00','3754332','7','',''),
('725338350881780','13:00:00','13:00:00','3754326','1','',''),
('725338350881780','13:02:00','13:02:00','3754327','2','',''),
('725338350881780','13:03:00','13:03:00','3754328','3','',''),
('725338350881780','13:05:00','13:05:00','3754329','4','',''),
('725338350881780','13:06:00','13:06:00','3754330','5','',''),
('725338350881780','13:08:00','13:08:00','3754331','6','',''),
('725338350881780','13:10:00','13:10:00','3754332','7','',''),
('825338340881780','11:40:00','11:40:00','3754326','1','',''),
('825338340881780','11:42:00','11:42:00','3754327','2','',''),
('825338340881780','11:44:00','11:44:00','3754328','3','',''),
('825338340881780','11:47:00','11:47:00','3754329','4','',''),
('825338340881780','11:48:00','11:48:00','3754330','5','',''),
('825338340881780','11:50:00','11:50:00','3754331','6','',''),
('825338340881780','11:52:00','11:52:00','3754332','7','',''),
('825338350881780','13:40:00','13:40:00','3754326','1','',''),
('825338350881780','13:42:00','13:42:00','3754327','2','',''),
('825338350881780','13:44:00','13:44:00','3754328','3','',''),
('825338350881780','13:47:00','13:47:00','3754329','4','',''),
('825338350881780','13:48:00','13:48:00','3754330','5','',''),
('825338350881780','13:50:00','13:50:00','3754331','6','',''),
('825338350881780','13:52:00','13:52:00','3754332','7','',''),
('925338340881780','12:20:00','12:20:00','3754326','1','',''),
('925338340881780','12:22:00','12:22:00','3754327','2','',''),
('925338340881780','12:24:00','12:24:00','3754328','3','',''),
('925338340881780','12:27:00','12:27:00','3754329','4','',''),
('925338340881780','12:28:00','12:28:00','3754330','5','',''),
('925338340881780','12:30:00','12:30:00','3754331','6','',''),
('925338340881780','12:32:00','12:32:00','3754332','7','',''),
('925338350881780','14:20:00','14:20:00','3754326','1','',''),
('925338350881780','14:22:00','14:22:00','3754327','2','',''),
('925338350881780','14:24:00','14:24:00','3754328','3','',''),
('925338350881780','14:27:00','14:27:00','3754329','4','',''),
('925338350881780','14:28:00','14:28:00','3754330','5','',''),
('925338350881780','14:30:00','14:30:00','3754331','6','',''),
('925338350881780','14:32:00','14:32:00','3754332','7','',''),
('1025338340881781','13:10:00','13:10:00','3754332','1','',''),
('1025338340881781','13:12:00','13:12:00','3754333','2','',''),
('1025338340881781','13:15:00','13:15:00','3754334','3','',''),
('1025338340881781','13:17:00','13:17:00','3754335','4','',''),
('1025338340881781','13:19:00','13:19:00','3754336','5','',''),
('1025338340881781','13:21:00','13:21:00','3754337','6','',''),
('1025338340881781','13:23:00','13:23:00','3754338','7','',''),
('1025338340881781','13:26:00','13:26:00','3754339','8','',''),
('1025338350881781','15:12:00','15:12:00','3754332','1','',''),
('1025338350881781','15:15:00','15:15:00','3754333','2','',''),
('1025338350881781','15:18:00','15:18:00','3754334','3','',''),
('1025338350881781','15:20:00','15:20:00','3754335','4','',''),
('1025338350881781','15:22:00','15:22:00','3754336','5','',''),
('1025338350881781','15:24:00','15:24:00','3754337','6','',''),
('1025338350881781','15:26:00','15:26:00','3754338','7','',''),
('1025338350881781','15:30:00','15:30:00','3754339','8','',''),
('1125338340881781','13:52:00','13:52:00','3754332','1','',''),
('1125338340881781','13:55:00','13:55:00','3754333','2','',''),
('1125338340881781','13:58:00','13:58:00','3754334','3','',''),
('1125338340881781','14:00:00','14:00:00','3754335','4','',''),
('1125338340881781','14:02:00','14:02:00','3754336','5','',''),
('1125338340881781','14:04:00','14:04:00','3754337','6','',''),
('1125338340881781','14:06:00','14:06:00','3754338','7','',''),
('1125338340881781','14:10:00','14:10:00','3754339','8','',''),
('1125338350881781','15:52:00','15:52:00','3754332','1','',''),
('1125338350881781','15:55:00','15:55:00','3754333','2','',''),
('1125338350881781','15:58:00','15:58:00','3754334','3','',''),
('1125338350881781','16:00:00','16:00:00','3754335','4','',''),
('1125338350881781','16:02:00','16:02:00','3754336','5','',''),
('1125338350881781','16:04:00','16:04:00','3754337','6','',''),
('1125338350881781','16:06:00','16:06:00','3754338','7','',''),
('1125338350881781','16:10:00','16:10:00','3754339','8','',''),
('1225338340881781','14:32:00','14:32:00','3754332','1','',''),
('1225338340881781','14:35:00','14:35:00','3754333','2','',''),
('1225338340881781','14:38:00','14:38:00','3754334','3','',''),
('1225338340881781','14:40:00','14:40:00','3754335','4','',''),
('1225338340881781','14:42:00','14:42:00','3754336','5','',''),
('1225338340881781','14:44:00','14:44:00','3754337','6','',''),
('1225338340881781','14:46:00','14:46:00','3754338','7','',''),
('1225338340881781','14:50:00','14:50:00','3754339','8','',''),
('1225338350881781','16:32:00','16:32:00','3754332','1','',''),
('1225338350881781','16:35:00','16:35:00','3754333','2','',''),
('1225338350881781','16:38:00','16:38:00','3754334','3','',''),
('1225338350881781','16:40:00','16:40:00','3754335','4','',''),
('1225338350881781','16:42:00','16:42:00','3754336','5','',''),
('1225338350881781','16:44:00','16:44:00','3754337','6','',''),
('1225338350881781','16:46:00','16:46:00','3754338','7','',''),
('1225338350881781','16:50:00','16:50:00','3754339','8','',''),
('125338340881781','07:07:00','07:07:00','3754332','1','',''),
('125338340881781','07:10:00','07:10:00','3754333','2','',''),
('125338340881781','07:13:00','07:13:00','3754334','3','',''),
('125338340881781','07:15:00','07:15:00','3754335','4','',''),
('125338340881781','07:17:00','07:17:00','3754336','5','',''),
('125338340881781','07:19:00','07:19:00','3754337','6','',''),
('125338340881781','07:21:00','07:21:00','3754338','7','',''),
('125338340881781','07:25:00','07:25:00','3754339','8','',''),
('125338350881781','09:12:00','09:12:00','3754332','1','',''),
('125338350881781','09:15:00','09:15:00','3754333','2','',''),
('125338350881781','09:18:00','09:18:00','3754334','3','',''),
('125338350881781','09:20:00','09:20:00','3754335','4','',''),
('125338350881781','09:22:00','09:22:00','3754336','5','',''),
('125338350881781','09:24:00','09:24:00','3754337','6','',''),
('125338350881781','09:26:00','09:26:00','3754338','7','',''),
('125338350881781','09:30:00','09:30:00','3754339','8','',''),
('1325338340881781','15:12:00','15:12:00','3754332','1','',''),
('1325338340881781','15:15:00','15:15:00','3754333','2','',''),
('1325338340881781','15:18:00','15:18:00','3754334','3','',''),
('1325338340881781','15:20:00','15:20:00','3754335','4','',''),
('1325338340881781','15:22:00','15:22:00','3754336','5','',''),
('1325338340881781','15:24:00','15:24:00','3754337','6','',''),
('1325338340881781','15:26:00','15:26:00','3754338','7','',''),
('1325338340881781','15:30:00','15:30:00','3754339','8','',''),
('1325338350881781','17:12:00','17:12:00','3754332','1','',''),
('1325338350881781','17:15:00','17:15:00','3754333','2','',''),
('1325338350881781','17:18:00','17:18:00','3754334','3','',''),
('1325338350881781','17:20:00','17:20:00','3754335','4','',''),
('1325338350881781','17:22:00','17:22:00','3754336','5','',''),
('1325338350881781','17:24:00','17:24:00','3754337','6','',''),
('1325338350881781','17:26:00','17:26:00','3754338','7','',''),
('1325338350881781','17:30:00','17:30:00','3754339','8','',''),
('1425338340881781','15:52:00','15:52:00','3754332','1','',''),
('1425338340881781','15:55:00','15:55:00','3754333','2','',''),
('1425338340881781','15:58:00','15:58:00','3754334','3','',''),
('1425338340881781','16:00:00','16:00:00','3754335','4','',''),
('1425338340881781','16:02:00','16:02:00','3754336','5','',''),
('1425338340881781','16:04:00','16:04:00','3754337','6','',''),
('1425338340881781','16:06:00','16:06:00','3754338','7','',''),
('1425338340881781','16:10:00','16:10:00','3754339','8','',''),
('1425338350881781','17:52:00','17:52:00','3754332','1','',''),
('1425338350881781','17:55:00','17:55:00','3754333','2','',''),
('1425338350881781','17:58:00','17:58:00','3754334','3','',''),
('1425338350881781','18:00:00','18:00:00','3754335','4','',''),
('1425338350881781','18:02:00','18:02:00','3754336','5','',''),
('1425338350881781','18:04:00','18:04:00','3754337','6','',''),
('1425338350881781','18:06:00','18:06:00','3754338','7','',''),
('1425338350881781','18:10:00','18:10:00','3754339','8','',''),
('1525338340881781','16:32:00','16:32:00','3754332','1','',''),
('1525338340881781','16:35:00','16:35:00','3754333','2','',''),
('1525338340881781','16:38:00','16:38:00','3754334','3','',''),
('1525338340881781','16:40:00','16:40:00','3754335','4','',''),
('1525338340881781','16:42:00','16:42:00','3754336','5','',''),
('1525338340881781','16:44:00','16:44:00','3754337','6','',''),
('1525338340881781','16:46:00','16:46:00','3754338','7','',''),
('1525338340881781','16:50:00','16:50:00','3754339','8','',''),
('1525338350881781','18:32:00','18:32:00','3754332','1','',''),
('1525338350881781','18:35:00','18:35:00','3754333','2','',''),
('1525338350881781','18:38:00','18:38:00','3754334','3','',''),
('1525338350881781','18:40:00','18:40:00','3754335','4','',''),
('1525338350881781','18:42:00','18:42:00','3754336','5','',''),
('1525338350881781','18:44:00','18:44:00','3754337','6','',''),
('1525338350881781','18:46:00','18:46:00','3754338','7','',''),
('1525338350881781','18:50:00','18:50:00','3754339','8','',''),
('1625338340881781','17:12:00','17:12:00','3754332','1','',''),
('1625338340881781','17:15:00','17:15:00','3754333','2','',''),
('1625338340881781','17:18:00','17:18:00','3754334','3','',''),
('1625338340881781','17:20:00','17:20:00','3754335','4','',''),
('1625338340881781','17:22:00','17:22:00','3754336','5','',''),
('1625338340881781','17:24:00','17:24:00','3754337','6','',''),
('1625338340881781','17:26:00','17:26:00','3754338','7','',''),
('1625338340881781','17:30:00','17:30:00','3754339','8','',''),
('1625338350881781','19:12:00','19:12:00','3754332','1','',''),
('1625338350881781','19:15:00','19:15:00','3754333','2','',''),
('1625338350881781','19:18:00','19:18:00','3754334','3','',''),
('1625338350881781','19:20:00','19:20:00','3754335','4','',''),
('1625338350881781','19:22:00','19:22:00','3754336','5','',''),
('1625338350881781','19:24:00','19:24:00','3754337','6','',''),
('1625338350881781','19:26:00','19:26:00','3754338','7','',''),
('1625338350881781','19:30:00','19:30:00','3754339','8','',''),
('1725338340881781','17:52:00','17:52:00','3754332','1','',''),
('1725338340881781','17:55:00','17:55:00','3754333','2','',''),
('1725338340881781','17:58:00','17:58:00','3754334','3','',''),
('1725338340881781','18:00:00','18:00:00','3754335','4','',''),
('1725338340881781','18:02:00','18:02:00','3754336','5','',''),
('1725338340881781','18:04:00','18:04:00','3754337','6','',''),
('1725338340881781','18:06:00','18:06:00','3754338','7','',''),
('1725338340881781','18:10:00','18:10:00','3754339','8','',''),
('1825338340881781','18:32:00','18:32:00','3754332','1','',''),
('1825338340881781','18:35:00','18:35:00','3754333','2','',''),
('1825338340881781','18:38:00','18:38:00','3754334','3','',''),
('1825338340881781','18:40:00','18:40:00','3754335','4','',''),
('1825338340881781','18:42:00','18:42:00','3754336','5','',''),
('1825338340881781','18:44:00','18:44:00','3754337','6','',''),
('1825338340881781','18:46:00','18:46:00','3754338','7','',''),
('1825338340881781','18:50:00','18:50:00','3754339','8','',''),
('1925338340881781','19:12:00','19:12:00','3754332','1','',''),
('1925338340881781','19:15:00','19:15:00','3754333','2','',''),
('1925338340881781','19:18:00','19:18:00','3754334','3','',''),
('1925338340881781','19:20:00','19:20:00','3754335','4','',''),
('1925338340881781','19:22:00','19:22:00','3754336','5','',''),
('1925338340881781','19:24:00','19:24:00','3754337','6','',''),
('1925338340881781','19:26:00','19:26:00','3754338','7','',''),
('1925338340881781','19:30:00','19:30:00','3754339','8','',''),
('2025338340881781','19:52:00','19:52:00','3754332','1','',''),
('2025338340881781','19:55:00','19:55:00','3754333','2','',''),
('2025338340881781','19:58:00','19:58:00','3754334','3','',''),
('2025338340881781','20:00:00','20:00:00','3754335','4','',''),
('2025338340881781','20:02:00','20:02:00','3754336','5','',''),
('2025338340881781','20:04:00','20:04:00','3754337','6','',''),
('2025338340881781','20:06:00','20:06:00','3754338','7','',''),
('2025338340881781','20:10:00','20:10:00','3754339','8','',''),
('225338340881781','07:42:00','07:42:00','3754332','1','',''),
('225338340881781','07:45:00','07:45:00','3754333','2','',''),
('225338340881781','07:48:00','07:48:00','3754334','3','',''),
('225338340881781','07:50:00','07:50:00','3754335','4','',''),
('225338340881781','07:52:00','07:52:00','3754336','5','',''),
('225338340881781','07:54:00','07:54:00','3754337','6','',''),
('225338340881781','07:56:00','07:56:00','3754338','7','',''),
('225338340881781','08:00:00','08:00:00','3754339','8','',''),
('225338350881781','09:52:00','09:52:00','3754332','1','',''),
('225338350881781','09:55:00','09:55:00','3754333','2','',''),
('225338350881781','09:58:00','09:58:00','3754334','3','',''),
('225338350881781','10:00:00','10:00:00','3754335','4','',''),
('225338350881781','10:02:00','10:02:00','3754336','5','',''),
('225338350881781','10:04:00','10:04:00','3754337','6','',''),
('225338350881781','10:06:00','10:06:00','3754338','7','',''),
('225338350881781','10:10:00','10:10:00','3754339','8','',''),
('325338340881781','08:32:00','08:32:00','3754332','1','',''),
('325338340881781','08:35:00','08:35:00','3754333','2','',''),
('325338340881781','08:38:00','08:38:00','3754334','3','',''),
('325338340881781','08:40:00','08:40:00','3754335','4','',''),
('325338340881781','08:42:00','08:42:00','3754336','5','',''),
('325338340881781','08:44:00','08:44:00','3754337','6','',''),
('325338340881781','08:46:00','08:46:00','3754338','7','',''),
('325338340881781','08:50:00','08:50:00','3754339','8','',''),
('325338350881781','10:32:00','10:32:00','3754332','1','',''),
('325338350881781','10:35:00','10:35:00','3754333','2','',''),
('325338350881781','10:38:00','10:38:00','3754334','3','',''),
('325338350881781','10:40:00','10:40:00','3754335','4','',''),
('325338350881781','10:42:00','10:42:00','3754336','5','',''),
('325338350881781','10:44:00','10:44:00','3754337','6','',''),
('325338350881781','10:46:00','10:46:00','3754338','7','',''),
('325338350881781','10:50:00','10:50:00','3754339','8','',''),
('425338340881781','09:12:00','09:12:00','3754332','1','',''),
('425338340881781','09:15:00','09:15:00','3754333','2','',''),
('425338340881781','09:18:00','09:18:00','3754334','3','',''),
('425338340881781','09:20:00','09:20:00','3754335','4','',''),
('425338340881781','09:22:00','09:22:00','3754336','5','',''),
('425338340881781','09:24:00','09:24:00','3754337','6','',''),
('425338340881781','09:26:00','09:26:00','3754338','7','',''),
('425338340881781','09:30:00','09:30:00','3754339','8','',''),
('425338350881781','11:12:00','11:12:00','3754332','1','',''),
('425338350881781','11:15:00','11:15:00','3754333','2','',''),
('425338350881781','11:18:00','11:18:00','3754334','3','',''),
('425338350881781','11:20:00','11:20:00','3754335','4','',''),
('425338350881781','11:22:00','11:22:00','3754336','5','',''),
('425338350881781','11:24:00','11:24:00','3754337','6','',''),
('425338350881781','11:26:00','11:26:00','3754338','7','',''),
('425338350881781','11:30:00','11:30:00','3754339','8','',''),
('525338340881781','09:52:00','09:52:00','3754332','1','',''),
('525338340881781','09:55:00','09:55:00','3754333','2','',''),
('525338340881781','09:58:00','09:58:00','3754334','3','',''),
('525338340881781','10:00:00','10:00:00','3754335','4','',''),
('525338340881781','10:02:00','10:02:00','3754336','5','',''),
('525338340881781','10:04:00','10:04:00','3754337','6','',''),
('525338340881781','10:06:00','10:06:00','3754338','7','',''),
('525338340881781','10:10:00','10:10:00','3754339','8','',''),
('525338350881781','11:52:00','11:52:00','3754332','1','',''),
('525338350881781','11:55:00','11:55:00','3754333','2','',''),
('525338350881781','11:58:00','11:58:00','3754334','3','',''),
('525338350881781','12:00:00','12:00:00','3754335','4','',''),
('525338350881781','12:02:00','12:02:00','3754336','5','',''),
('525338350881781','12:04:00','12:04:00','3754337','6','',''),
('525338350881781','12:06:00','12:06:00','3754338','7','',''),
('525338350881781','12:10:00','12:10:00','3754339','8','',''),
('625338340881781','10:32:00','10:32:00','3754332','1','',''),
('625338340881781','10:35:00','10:35:00','3754333','2','',''),
('625338340881781','10:38:00','10:38:00','3754334','3','',''),
('625338340881781','10:40:00','10:40:00','3754335','4','',''),
('625338340881781','10:42:00','10:42:00','3754336','5','',''),
('625338340881781','10:44:00','10:44:00','3754337','6','',''),
('625338340881781','10:46:00','10:46:00','3754338','7','',''),
('625338340881781','10:50:00','10:50:00','3754339','8','',''),
('625338350881781','12:32:00','12:32:00','3754332','1','',''),
('625338350881781','12:35:00','12:35:00','3754333','2','',''),
('625338350881781','12:38:00','12:38:00','3754334','3','',''),
('625338350881781','12:40:00','12:40:00','3754335','4','',''),
('625338350881781','12:42:00','12:42:00','3754336','5','',''),
('625338350881781','12:44:00','12:44:00','3754337','6','',''),
('625338350881781','12:46:00','12:46:00','3754338','7','',''),
('625338350881781','12:50:00','12:50:00','3754339','8','',''),
('725338340881781','11:12:00','11:12:00','3754332','1','',''),
('725338340881781','11:15:00','11:15:00','3754333','2','',''),
('725338340881781','11:18:00','11:18:00','3754334','3','',''),
('725338340881781','11:20:00','11:20:00','3754335','4','',''),
('725338340881781','11:22:00','11:22:00','3754336','5','',''),
('725338340881781','11:24:00','11:24:00','3754337','6','',''),
('725338340881781','11:26:00','11:26:00','3754338','7','',''),
('725338340881781','11:30:00','11:30:00','3754339','8','',''),
('725338350881781','13:10:00','13:10:00','3754332','1','',''),
('725338350881781','13:12:00','13:12:00','3754333','2','',''),
('725338350881781','13:15:00','13:15:00','3754334','3','',''),
('725338350881781','13:17:00','13:17:00','3754335','4','',''),
('725338350881781','13:19:00','13:19:00','3754336','5','',''),
('725338350881781','13:21:00','13:21:00','3754337','6','',''),
('725338350881781','13:23:00','13:23:00','3754338','7','',''),
('725338350881781','13:26:00','13:26:00','3754339','8','',''),
('825338340881781','11:52:00','11:52:00','3754332','1','',''),
('825338340881781','11:55:00','11:55:00','3754333','2','',''),
('825338340881781','11:58:00','11:58:00','3754334','3','',''),
('825338340881781','12:00:00','12:00:00','3754335','4','',''),
('825338340881781','12:02:00','12:02:00','3754336','5','',''),
('825338340881781','12:04:00','12:04:00','3754337','6','',''),
('825338340881781','12:06:00','12:06:00','3754338','7','',''),
('825338340881781','12:10:00','12:10:00','3754339','8','',''),
('825338350881781','13:52:00','13:52:00','3754332','1','',''),
('825338350881781','13:55:00','13:55:00','3754333','2','',''),
('825338350881781','13:58:00','13:58:00','3754334','3','',''),
('825338350881781','14:00:00','14:00:00','3754335','4','',''),
('825338350881781','14:02:00','14:02:00','3754336','5','',''),
('825338350881781','14:04:00','14:04:00','3754337','6','',''),
('825338350881781','14:06:00','14:06:00','3754338','7','',''),
('825338350881781','14:10:00','14:10:00','3754339','8','',''),
('925338340881781','12:32:00','12:32:00','3754332','1','',''),
('925338340881781','12:35:00','12:35:00','3754333','2','',''),
('925338340881781','12:38:00','12:38:00','3754334','3','',''),
('925338340881781','12:40:00','12:40:00','3754335','4','',''),
('925338340881781','12:42:00','12:42:00','3754336','5','',''),
('925338340881781','12:44:00','12:44:00','3754337','6','',''),
('925338340881781','12:46:00','12:46:00','3754338','7','',''),
('925338340881781','12:50:00','12:50:00','3754339','8','',''),
('925338350881781','14:32:00','14:32:00','3754332','1','',''),
('925338350881781','14:35:00','14:35:00','3754333','2','',''),
('925338350881781','14:38:00','14:38:00','3754334','3','',''),
('925338350881781','14:40:00','14:40:00','3754335','4','',''),
('925338350881781','14:42:00','14:42:00','3754336','5','',''),
('925338350881781','14:44:00','14:44:00','3754337','6','',''),
('925338350881781','14:46:00','14:46:00','3754338','7','',''),
('925338350881781','14:50:00','14:50:00','3754339','8','','');
INSERT INTO calendar (service_id,monday,tuesday,wednesday,thursday,friday,saturday,sunday,start_date,end_date) VALUES
('2533834','0','0','0','0','0','0','0','20171221','20180228'),
('2533835','0','0','0','0','0','0','0','20171223','20180224');
INSERT INTO calendar_dates (service_id,date,exception_type) VALUES
('2533834','20171221','1'),
('2533834','20171222','1'),
('2533834','20171226','1'),
('2533834','20171227','1'),
('2533834','20171228','1'),
('2533834','20171229','1'),
('2533834','20180102','1'),
('2533834','20180103','1'),
('2533834','20180104','1'),
('2533834','20180105','1'),
('2533834','20180108','1'),
('2533834','20180109','1'),
('2533834','20180110','1'),
('2533834','20180111','1'),
('2533834','20180112','1'),
('2533834','20180115','1'),
('2533834','20180116','1'),
('2533834','20180117','1'),
('2533834','20180118','1'),
('2533834','20180119','1'),
('2533834','20180122','1'),
('2533834','20180123','1'),
('2533834','20180124','1'),
('2533834','20180125','1'),
('2533834','20180126','1'),
('2533834','20180129','1'),
('2533834','20180130','1'),
('2533834','20180131','1'),
('2533834','20180201','1'),
('2533834','20180202','1'),
('2533834','20180205','1'),
('2533834','20180206','1'),
('2533834','20180207','1'),
('2533834','20180208','1'),
('2533834','20180209','1'),
('2533834','20180212','1'),
('2533834','20180213','1'),
('2533834','20180214','1'),
('2533834','20180215','1'),
('2533834','20180216','1'),
('2533834','20180219','1'),
('2533834','20180220','1'),
('2533834','20180221','1'),
('2533834','20180222','1'),
('2533834','20180223','1'),
('2533834','20180226','1'),
('2533834','20180227','1'),
('2533834','20180228','1'),
('2533835','20171223','1'),
('2533835','20171230','1'),
('2533835','20180106','1'),
('2533835','20180113','1'),
('2533835','20180120','1'),
('2533835','20180127','1'),
('2533835','20180203','1'),
('2533835','20180210','1'),
('2533835','20180217','1'),
('2533835','20180224','1');
INSERT INTO routes (route_id,agency_id,route_short_name,route_long_name,route_desc,route_type,route_url,route_color,route_text_color) VALUES
('884811','100','593','V6 (SERVICE URBAIN DU KREMLIN BICETRE <-> LECLERC - THOMAS) - Aller','','3','','FFFFFF','000000');
INSERT INTO agency (agency_id,agency_name,agency_url,agency_timezone,agency_lang,agency_phone) VALUES
('100','RATP (100)','http://www.ratp.fr/','CET','','');
INSERT INTO trips (route_id,service_id,trip_id,trip_headsign,trip_short_name,direction_id,shape_id) VALUES
('884811','2533834','1025338340881780','','10','0',''),
('884811','2533835','1025338350881780','','10','0',''),
('884811','2533834','1125338340881780','','11','0',''),
('884811','2533835','1125338350881780','','11','0',''),
('884811','2533834','1225338340881780','','12','0',''),
('884811','2533835','1225338350881780','','12','0',''),
('884811','2533834','125338340881780','','1','0',''),
('884811','2533835','125338350881780','','1','0',''),
('884811','2533834','1325338340881780','','13','0',''),
('884811','2533835','1325338350881780','','13','0',''),
('884811','2533834','1425338340881780','','14','0',''),
('884811','2533835','1425338350881780','','14','0',''),
('884811','2533834','1525338340881780','','15','0',''),
('884811','2533835','1525338350881780','','15','0',''),
('884811','2533834','1625338340881780','','16','0',''),
('884811','2533835','1625338350881780','','16','0',''),
('884811','2533834','1725338340881780','','17','0',''),
('884811','2533834','1825338340881780','','18','0',''),
('884811','2533834','1925338340881780','','19','0',''),
('884811','2533834','2025338340881780','','20','0',''),
('884811','2533834','225338340881780','','2','0',''),
('884811','2533835','225338350881780','','2','0',''),
('884811','2533834','325338340881780','','3','0',''),
('884811','2533835','325338350881780','','3','0',''),
('884811','2533834','425338340881780','','4','0',''),
('884811','2533835','425338350881780','','4','0',''),
('884811','2533834','525338340881780','','5','0',''),
('884811','2533835','525338350881780','','5','0',''),
('884811','2533834','625338340881780','','6','0',''),
('884811','2533835','625338350881780','','6','0',''),
('884811','2533834','725338340881780','','7','0',''),
('884811','2533835','725338350881780','','7','0',''),
('884811','2533834','825338340881780','','8','0',''),
('884811','2533835','825338350881780','','8','0',''),
('884811','2533834','925338340881780','','9','0',''),
('884811','2533835','925338350881780','','9','0',''),
('884811','2533834','1025338340881781','','10','0',''),
('884811','2533835','1025338350881781','','10','0',''),
('884811','2533834','1125338340881781','','11','0',''),
('884811','2533835','1125338350881781','','11','0',''),
('884811','2533834','1225338340881781','','12','0',''),
('884811','2533835','1225338350881781','','12','0',''),
('884811','2533834','125338340881781','','1','0',''),
('884811','2533835','125338350881781','','1','0',''),
('884811','2533834','1325338340881781','','13','0',''),
('884811','2533835','1325338350881781','','13','0',''),
('884811','2533834','1425338340881781','','14','0',''),
('884811','2533835','1425338350881781','','14','0',''),
('884811','2533834','1525338340881781','','15','0',''),
('884811','2533835','1525338350881781','','15','0',''),
('884811','2533834','1625338340881781','','16','0',''),
('884811','2533835','1625338350881781','','16','0',''),
('884811','2533834','1725338340881781','','17','0',''),
('884811','2533834','1825338340881781','','18','0',''),
('884811','2533834','1925338340881781','','19','0',''),
('884811','2533834','2025338340881781','','20','0',''),
('884811','2533834','225338340881781','','2','0',''),
('884811','2533835','225338350881781','','2','0',''),
('884811','2533834','325338340881781','','3','0',''),
('884811','2533835','325338350881781','','3','0',''),
('884811','2533834','425338340881781','','4','0',''),
('884811','2533835','425338350881781','','4','0',''),
('884811','2533834','525338340881781','','5','0',''),
('884811','2533835','525338350881781','','5','0',''),
('884811','2533834','625338340881781','','6','0',''),
('884811','2533835','625338350881781','','6','0',''),
('884811','2533834','725338340881781','','7','0',''),
('884811','2533835','725338350881781','','7','0',''),
('884811','2533834','825338340881781','','8','0',''),
('884811','2533835','825338350881781','','8','0',''),
('884811','2533834','925338340881781','','9','0',''),
('884811','2533835','925338350881781','','9','0','');
INSERT INTO transfers (from_stop_id,to_stop_id,transfer_type,min_transfer_time) VALUES
('3754338','6075082','2','117'),
('3754338','6075083','2','137'),
('5018429','3754338','2','137'),
('2250','3754327','2','322'),
('3786055','3754337','2','51'),
('5018422','3754339','2','99'),
('3754336','3781636','2','41'),
('3754327','3864881','2','82'),
('3754327','6075089','2','116'),
('4473657','3754339','2','99'),
('6251776','3754338','2','137'),
('3754327','3864884','2','116'),
('3786111','3754336','2','116'),
('1925','3754327','2','322'),
('3786101','3754337','2','43'),
('3754327','6075086','2','82'),
('4473597','3754339','2','101'),
('5018380','3754333','2','13'),
('5018425','3754329','2','54'),
('3786104','3754334','2','135'),
('4293171','3754328','2','89'),
('6563576','3754338','2','137'),
('7153070','3754338','2','117'),
('5018422','3754327','2','116'),
('5018422','3754326','2','87'),
('5018374','3754339','2','101'),
('5018381','3754333','2','13'),
('5018422','3754328','2','39'),
('3786056','3754337','2','43'),
('4473657','3754328','2','39'),
('4473657','3754326','2','87'),
('4473657','3754327','2','116'),
('3786052','3754338','2','137'),
('3754337','3781637','2','43'),
('3754326','3864884','2','87'),
('3754326','3864883','2','89'),
('3786112','3754335','2','39'),
('4378354','3754338','2','117'),
('5018372','3754327','2','82'),
('4293171','3754339','2','12'),
('3754339','6075088','2','101'),
('3754339','6075089','2','99'),
('5018368','3754338','2','117'),
('4293174','3754326','2','89'),
('5018421','3754329','2','54'),
('3786105','3754333','2','98'),
('3754339','3864884','2','99'),
('3786099','3754338','2','106'),
('3754339','3864883','2','101'),
('5018374','3754326','2','89'),
('5018377','3754329','2','54'),
('3754338','3781675','2','96'),
('4293172','3754328','2','89'),
('5018375','3754328','2','39'),
('5018375','3754327','2','116'),
('4473596','3754328','2','39'),
('3786069','3754333','2','133'),
('3786097','3754338','2','137'),
('5018375','3754326','2','87'),
('3786059','3754334','2','135'),
('5018426','3754339','2','99'),
('5150709','3754333','2','85'),
('4473656','3754329','2','54'),
('6251775','3754338','2','117'),
('4473596','3754327','2','116'),
('4473596','3754326','2','87'),
('4473594','3754329','2','54'),
('3786066','3754336','2','116'),
('5018424','3754333','2','13'),
('4293250','3754337','2','43'),
('3754338','3864877','2','117'),
('5018369','3754338','2','137'),
('3754338','3864878','2','137'),
('3754326','6075089','2','87'),
('4293174','3754339','2','101'),
('3786067','3754335','2','39'),
('3754326','6075088','2','89'),
('3754338','3781639','2','137'),
('3786100','3754337','2','51'),
('4293172','3754339','2','12'),
('7153071','3754338','2','137'),
('5018417','3754338','2','117'),
('3786114','3754333','2','133'),
('5018375','3754339','2','99'),
('4473596','3754339','2','99'),
('3786060','3754333','2','98'),
('5018426','3754328','2','39'),
('5018426','3754326','2','87'),
('5018420','3754333','2','13'),
('4473597','3754326','2','89'),
('5018426','3754327','2','116'),
('3754328','6075089','2','39'),
('3754338','4036798','2','117'),
('3754338','4036799','2','137'),
('3754328','3864884','2','39'),
('3786054','3754338','2','106');
INSERT INTO stops (stop_id,stop_code,stop_name,stop_desc,stop_lat,stop_lon,location_type,parent_station) VALUES
('3754326','','LECLERC - THOMAS','78 R DU GENERAL LECLERC - 94043','48.81017914664677','2.357938719977963','0',''),
('3754331','','LYCEE DARIUS MILHAUD - BENOIT MALON','96 RUE BENOIT MALON - 94043','48.80408663098778','2.349119394220725','0',''),
('3754327','','ESPACE CULTUREL ANDRE MALRAUX','2-4 R JEAN MONNET - 94043','48.809208018958664','2.360374105412841','0',''),
('3754332','','LEO LAGRANGE','35 R LEO LAGRANGE - 94043','48.802531952188296','2.3467380034215988','0',''),
('3754333','','LYCEE DARIUS MILHAUD - CHARLES GIDE','91-93 AVENUE CHARLES GIDE - 94043','48.805147413569976','2.34664323505667','0',''),
('3754334','','MARCEL SEMBAT - COLLEGE ALBERT CRON','5 R MARCEL SEMBAT - 94043','48.807699659302585','2.3497733691171083','0',''),
('3754335','','BENSERADE - C.H.U. DE BICETRE','FACE 78 RUE GABRIEL PERI - 94043','48.810566698313515','2.3503455975838063','0',''),
('3754336','','CONVENTION - JAURES','FACE 56 RUE DE LA CONVENTION - 94043','48.81225601159191','2.353475970789407','0',''),
('3754337','','MAIRIE DU KREMLIN-BICETRE','16-16 BIS PL JEAN JAURES - 94043','48.81247113033132','2.357327249822702','0',''),
('3754338','','GENERAL LECLERC - 14 JUILLET','FACE 19 R DU GENERAL LECLERC - 94043','48.81396274450369','2.35931472803775','0',''),
('3754330','','BENOIT MALON - MARTINETS','RUE BENOIT MALON - 94043','48.80529984305715','2.350466729119173','0',''),
('3754339','','LECLERC - THOMAS.','78 R DU GENERAL LECLERC - 94043','48.81030497539593','2.3579387701183836','0',''),
('3754329','','BARNUFLES-LA PISCINE','50 AVENUE CHARLES GIDE - 94043','48.80720498540677','2.352712392424016','0',''),
('3754328','','HOPITAL DU KREMLIN-BICETRE','1 RUE DE VERDUN-LAZARE PONTICELLI - 94043','48.80928933116081','2.358088049981442','0','');
