INSERT INTO stop_times (trip_id,arrival_time,departure_time,stop_id,stop_sequence,stop_headsign,shape_dist_traveled) VALUES
('124010091250472','09:45:00','09:45:00','3681965','1','',''),
('124010091250472','09:51:00','09:51:00','3681966','2','',''),
('124010091250472','09:53:00','09:53:00','3681967','3','',''),
('124010091250472','09:55:00','09:55:00','3681969','4','',''),
('124010091250472','09:56:00','09:56:00','3681970','5','',''),
('124010091250472','10:00:00','10:00:00','3681971','6','',''),
('124010091250472','10:01:00','10:01:00','3681972','7','',''),
('124010091250472','10:07:00','10:07:00','3681973','8','',''),
('124010091250472','10:12:00','10:12:00','3681974','9','',''),
('124010091250472','10:14:00','10:14:00','3681975','10','',''),
('124010091250472','10:15:00','10:15:00','3681976','11','',''),
('124010091250472','10:26:00','10:26:00','3681977','12','',''),
('1025291260869583','12:39:00','12:39:00','3681978','1','',''),
('1025291260869583','12:42:00','12:42:00','3681979','2','',''),
('1025291260869583','12:43:00','12:43:00','3681980','3','',''),
('1025291260869583','12:46:00','12:46:00','3681981','4','',''),
('1025291260869583','12:49:00','12:49:00','3681982','5','',''),
('1025291260869583','12:51:00','12:51:00','3681983','6','',''),
('1025291260869583','12:53:00','12:53:00','3681984','7','',''),
('1025291260869583','12:55:00','12:55:00','3681985','8','',''),
('1025291260869583','12:56:00','12:56:00','3681986','9','',''),
('1025291260869583','13:02:00','13:02:00','3681987','10','',''),
('1025291260869583','13:04:00','13:04:00','3681988','11','',''),
('1025291260869583','13:06:00','13:06:00','3681989','12','',''),
('1025291260869583','13:07:00','13:07:00','3681990','13','',''),
('1025291260869583','13:08:00','13:08:00','3681991','14','',''),
('1025291260869583','13:10:00','13:10:00','3681992','15','',''),
('1025291270869583','18:09:00','18:09:00','3681978','1','',''),
('1025291270869583','18:12:00','18:12:00','3681979','2','',''),
('1025291270869583','18:13:00','18:13:00','3681980','3','',''),
('1025291270869583','18:16:00','18:16:00','3681981','4','',''),
('1025291270869583','18:19:00','18:19:00','3681982','5','',''),
('1025291270869583','18:21:00','18:21:00','3681983','6','',''),
('1025291270869583','18:23:00','18:23:00','3681984','7','',''),
('1025291270869583','18:25:00','18:25:00','3681985','8','',''),
('1025291270869583','18:26:00','18:26:00','3681986','9','',''),
('1025291270869583','18:32:00','18:32:00','3681987','10','',''),
('1025291270869583','18:34:00','18:34:00','3681988','11','',''),
('1025291270869583','18:36:00','18:36:00','3681989','12','',''),
('1025291270869583','18:37:00','18:37:00','3681990','13','',''),
('1025291270869583','18:38:00','18:38:00','3681991','14','',''),
('1025291270869583','18:40:00','18:40:00','3681992','15','',''),
('1125291260869583','13:09:00','13:09:00','3681978','1','',''),
('1125291260869583','13:12:00','13:12:00','3681979','2','',''),
('1125291260869583','13:13:00','13:13:00','3681980','3','',''),
('1125291260869583','13:16:00','13:16:00','3681981','4','',''),
('1125291260869583','13:19:00','13:19:00','3681982','5','',''),
('1125291260869583','13:21:00','13:21:00','3681983','6','',''),
('1125291260869583','13:23:00','13:23:00','3681984','7','',''),
('1125291260869583','13:25:00','13:25:00','3681985','8','',''),
('1125291260869583','13:26:00','13:26:00','3681986','9','',''),
('1125291260869583','13:32:00','13:32:00','3681987','10','',''),
('1125291260869583','13:34:00','13:34:00','3681988','11','',''),
('1125291260869583','13:36:00','13:36:00','3681989','12','',''),
('1125291260869583','13:37:00','13:37:00','3681990','13','',''),
('1125291260869583','13:38:00','13:38:00','3681991','14','',''),
('1125291260869583','13:40:00','13:40:00','3681992','15','',''),
('1125291270869583','19:14:00','19:14:00','3681978','1','',''),
('1125291270869583','19:17:00','19:17:00','3681979','2','',''),
('1125291270869583','19:18:00','19:18:00','3681980','3','',''),
('1125291270869583','19:21:00','19:21:00','3681981','4','',''),
('1125291270869583','19:24:00','19:24:00','3681982','5','',''),
('1125291270869583','19:26:00','19:26:00','3681983','6','',''),
('1125291270869583','19:28:00','19:28:00','3681984','7','',''),
('1125291270869583','19:30:00','19:30:00','3681985','8','',''),
('1125291270869583','19:31:00','19:31:00','3681986','9','',''),
('1125291270869583','19:37:00','19:37:00','3681987','10','',''),
('1125291270869583','19:39:00','19:39:00','3681988','11','',''),
('1125291270869583','19:41:00','19:41:00','3681989','12','',''),
('1125291270869583','19:42:00','19:42:00','3681990','13','',''),
('1125291270869583','19:43:00','19:43:00','3681991','14','',''),
('1125291270869583','19:45:00','19:45:00','3681992','15','',''),
('124010130869583','12:44:00','12:44:00','3681978','1','',''),
('124010130869583','12:47:00','12:47:00','3681979','2','',''),
('124010130869583','12:48:00','12:48:00','3681980','3','',''),
('124010130869583','12:51:00','12:51:00','3681981','4','',''),
('124010130869583','12:54:00','12:54:00','3681982','5','',''),
('124010130869583','12:56:00','12:56:00','3681983','6','',''),
('124010130869583','12:58:00','12:58:00','3681984','7','',''),
('124010130869583','13:00:00','13:00:00','3681985','8','',''),
('124010130869583','13:01:00','13:01:00','3681986','9','',''),
('124010130869583','13:07:00','13:07:00','3681987','10','',''),
('124010130869583','13:09:00','13:09:00','3681988','11','',''),
('124010130869583','13:11:00','13:11:00','3681989','12','',''),
('124010130869583','13:12:00','13:12:00','3681990','13','',''),
('124010130869583','13:13:00','13:13:00','3681991','14','',''),
('124010130869583','13:15:00','13:15:00','3681992','15','',''),
('124010160869583','14:04:00','14:04:00','3681978','1','',''),
('124010160869583','14:07:00','14:07:00','3681979','2','',''),
('124010160869583','14:08:00','14:08:00','3681980','3','',''),
('124010160869583','14:11:00','14:11:00','3681981','4','',''),
('124010160869583','14:14:00','14:14:00','3681982','5','',''),
('124010160869583','14:16:00','14:16:00','3681983','6','',''),
('124010160869583','14:18:00','14:18:00','3681984','7','',''),
('124010160869583','14:20:00','14:20:00','3681985','8','',''),
('124010160869583','14:21:00','14:21:00','3681986','9','',''),
('124010160869583','14:27:00','14:27:00','3681987','10','',''),
('124010160869583','14:29:00','14:29:00','3681988','11','',''),
('124010160869583','14:31:00','14:31:00','3681989','12','',''),
('124010160869583','14:32:00','14:32:00','3681990','13','',''),
('124010160869583','14:33:00','14:33:00','3681991','14','',''),
('124010160869583','14:35:00','14:35:00','3681992','15','',''),
('125291260869583','07:44:00','07:44:00','3681978','1','',''),
('125291260869583','07:47:00','07:47:00','3681979','2','',''),
('125291260869583','07:48:00','07:48:00','3681980','3','',''),
('125291260869583','07:51:00','07:51:00','3681981','4','',''),
('125291260869583','07:54:00','07:54:00','3681982','5','',''),
('125291260869583','07:56:00','07:56:00','3681983','6','',''),
('125291260869583','07:58:00','07:58:00','3681984','7','',''),
('125291260869583','08:00:00','08:00:00','3681985','8','',''),
('125291260869583','08:01:00','08:01:00','3681986','9','',''),
('125291260869583','08:07:00','08:07:00','3681987','10','',''),
('125291260869583','08:09:00','08:09:00','3681988','11','',''),
('125291260869583','08:11:00','08:11:00','3681989','12','',''),
('125291260869583','08:12:00','08:12:00','3681990','13','',''),
('125291260869583','08:13:00','08:13:00','3681991','14','',''),
('125291260869583','08:15:00','08:15:00','3681992','15','',''),
('125291270869583','08:24:00','08:24:00','3681978','1','',''),
('125291270869583','08:27:00','08:27:00','3681979','2','',''),
('125291270869583','08:28:00','08:28:00','3681980','3','',''),
('125291270869583','08:31:00','08:31:00','3681981','4','',''),
('125291270869583','08:34:00','08:34:00','3681982','5','',''),
('125291270869583','08:36:00','08:36:00','3681983','6','',''),
('125291270869583','08:38:00','08:38:00','3681984','7','',''),
('125291270869583','08:40:00','08:40:00','3681985','8','',''),
('125291270869583','08:41:00','08:41:00','3681986','9','',''),
('125291270869583','08:47:00','08:47:00','3681987','10','',''),
('125291270869583','08:49:00','08:49:00','3681988','11','',''),
('125291270869583','08:51:00','08:51:00','3681989','12','',''),
('125291270869583','08:52:00','08:52:00','3681990','13','',''),
('125291270869583','08:53:00','08:53:00','3681991','14','',''),
('125291270869583','08:55:00','08:55:00','3681992','15','',''),
('125291280869583','14:04:00','14:04:00','3681978','1','',''),
('125291280869583','14:07:00','14:07:00','3681979','2','',''),
('125291280869583','14:08:00','14:08:00','3681980','3','',''),
('125291280869583','14:11:00','14:11:00','3681981','4','',''),
('125291280869583','14:14:00','14:14:00','3681982','5','',''),
('125291280869583','14:16:00','14:16:00','3681983','6','',''),
('125291280869583','14:18:00','14:18:00','3681984','7','',''),
('125291280869583','14:20:00','14:20:00','3681985','8','',''),
('125291280869583','14:21:00','14:21:00','3681986','9','',''),
('125291280869583','14:27:00','14:27:00','3681987','10','',''),
('125291280869583','14:29:00','14:29:00','3681988','11','',''),
('125291280869583','14:31:00','14:31:00','3681989','12','',''),
('125291280869583','14:32:00','14:32:00','3681990','13','',''),
('125291280869583','14:33:00','14:33:00','3681991','14','',''),
('125291280869583','14:35:00','14:35:00','3681992','15','',''),
('224010130869583','13:49:00','13:49:00','3681978','1','',''),
('224010130869583','13:52:00','13:52:00','3681979','2','',''),
('224010130869583','13:53:00','13:53:00','3681980','3','',''),
('224010130869583','13:56:00','13:56:00','3681981','4','',''),
('224010130869583','13:59:00','13:59:00','3681982','5','',''),
('224010130869583','14:01:00','14:01:00','3681983','6','',''),
('224010130869583','14:03:00','14:03:00','3681984','7','',''),
('224010130869583','14:05:00','14:05:00','3681985','8','',''),
('224010130869583','14:06:00','14:06:00','3681986','9','',''),
('224010130869583','14:12:00','14:12:00','3681987','10','',''),
('224010130869583','14:14:00','14:14:00','3681988','11','',''),
('224010130869583','14:16:00','14:16:00','3681989','12','',''),
('224010130869583','14:17:00','14:17:00','3681990','13','',''),
('224010130869583','14:18:00','14:18:00','3681991','14','',''),
('224010130869583','14:20:00','14:20:00','3681992','15','',''),
('224010160869583','15:06:00','15:06:00','3681978','1','',''),
('224010160869583','15:09:00','15:09:00','3681979','2','',''),
('224010160869583','15:10:00','15:10:00','3681980','3','',''),
('224010160869583','15:13:00','15:13:00','3681981','4','',''),
('224010160869583','15:16:00','15:16:00','3681982','5','',''),
('224010160869583','15:18:00','15:18:00','3681983','6','',''),
('224010160869583','15:20:00','15:20:00','3681984','7','',''),
('224010160869583','15:22:00','15:22:00','3681985','8','',''),
('224010160869583','15:23:00','15:23:00','3681986','9','',''),
('224010160869583','15:29:00','15:29:00','3681987','10','',''),
('224010160869583','15:31:00','15:31:00','3681988','11','',''),
('224010160869583','15:33:00','15:33:00','3681989','12','',''),
('224010160869583','15:34:00','15:34:00','3681990','13','',''),
('224010160869583','15:35:00','15:35:00','3681991','14','',''),
('224010160869583','15:37:00','15:37:00','3681992','15','',''),
('225291260869583','08:19:00','08:19:00','3681978','1','',''),
('225291260869583','08:22:00','08:22:00','3681979','2','',''),
('225291260869583','08:23:00','08:23:00','3681980','3','',''),
('225291260869583','08:26:00','08:26:00','3681981','4','',''),
('225291260869583','08:29:00','08:29:00','3681982','5','',''),
('225291260869583','08:31:00','08:31:00','3681983','6','',''),
('225291260869583','08:33:00','08:33:00','3681984','7','',''),
('225291260869583','08:35:00','08:35:00','3681985','8','',''),
('225291260869583','08:36:00','08:36:00','3681986','9','',''),
('225291260869583','08:42:00','08:42:00','3681987','10','',''),
('225291260869583','08:44:00','08:44:00','3681988','11','',''),
('225291260869583','08:46:00','08:46:00','3681989','12','',''),
('225291260869583','08:47:00','08:47:00','3681990','13','',''),
('225291260869583','08:48:00','08:48:00','3681991','14','',''),
('225291260869583','08:50:00','08:50:00','3681992','15','',''),
('225291270869583','09:29:00','09:29:00','3681978','1','',''),
('225291270869583','09:32:00','09:32:00','3681979','2','',''),
('225291270869583','09:33:00','09:33:00','3681980','3','',''),
('225291270869583','09:36:00','09:36:00','3681981','4','',''),
('225291270869583','09:39:00','09:39:00','3681982','5','',''),
('225291270869583','09:41:00','09:41:00','3681983','6','',''),
('225291270869583','09:43:00','09:43:00','3681984','7','',''),
('225291270869583','09:45:00','09:45:00','3681985','8','',''),
('225291270869583','09:46:00','09:46:00','3681986','9','',''),
('225291270869583','09:52:00','09:52:00','3681987','10','',''),
('225291270869583','09:54:00','09:54:00','3681988','11','',''),
('225291270869583','09:56:00','09:56:00','3681989','12','',''),
('225291270869583','09:57:00','09:57:00','3681990','13','',''),
('225291270869583','09:58:00','09:58:00','3681991','14','',''),
('225291270869583','10:00:00','10:00:00','3681992','15','',''),
('225291280869583','15:06:00','15:06:00','3681978','1','',''),
('225291280869583','15:09:00','15:09:00','3681979','2','',''),
('225291280869583','15:10:00','15:10:00','3681980','3','',''),
('225291280869583','15:13:00','15:13:00','3681981','4','',''),
('225291280869583','15:16:00','15:16:00','3681982','5','',''),
('225291280869583','15:18:00','15:18:00','3681983','6','',''),
('225291280869583','15:20:00','15:20:00','3681984','7','',''),
('225291280869583','15:22:00','15:22:00','3681985','8','',''),
('225291280869583','15:23:00','15:23:00','3681986','9','',''),
('225291280869583','15:29:00','15:29:00','3681987','10','',''),
('225291280869583','15:31:00','15:31:00','3681988','11','',''),
('225291280869583','15:33:00','15:33:00','3681989','12','',''),
('225291280869583','15:34:00','15:34:00','3681990','13','',''),
('225291280869583','15:35:00','15:35:00','3681991','14','',''),
('225291280869583','15:37:00','15:37:00','3681992','15','',''),
('324010130869583','14:54:00','14:54:00','3681978','1','',''),
('324010130869583','14:57:00','14:57:00','3681979','2','',''),
('324010130869583','14:58:00','14:58:00','3681980','3','',''),
('324010130869583','15:01:00','15:01:00','3681981','4','',''),
('324010130869583','15:04:00','15:04:00','3681982','5','',''),
('324010130869583','15:06:00','15:06:00','3681983','6','',''),
('324010130869583','15:08:00','15:08:00','3681984','7','',''),
('324010130869583','15:10:00','15:10:00','3681985','8','',''),
('324010130869583','15:11:00','15:11:00','3681986','9','',''),
('324010130869583','15:17:00','15:17:00','3681987','10','',''),
('324010130869583','15:19:00','15:19:00','3681988','11','',''),
('324010130869583','15:21:00','15:21:00','3681989','12','',''),
('324010130869583','15:22:00','15:22:00','3681990','13','',''),
('324010130869583','15:23:00','15:23:00','3681991','14','',''),
('324010130869583','15:25:00','15:25:00','3681992','15','',''),
('324010160869583','16:08:00','16:08:00','3681978','1','',''),
('324010160869583','16:11:00','16:11:00','3681979','2','',''),
('324010160869583','16:12:00','16:12:00','3681980','3','',''),
('324010160869583','16:15:00','16:15:00','3681981','4','',''),
('324010160869583','16:18:00','16:18:00','3681982','5','',''),
('324010160869583','16:20:00','16:20:00','3681983','6','',''),
('324010160869583','16:22:00','16:22:00','3681984','7','',''),
('324010160869583','16:24:00','16:24:00','3681985','8','',''),
('324010160869583','16:25:00','16:25:00','3681986','9','',''),
('324010160869583','16:31:00','16:31:00','3681987','10','',''),
('324010160869583','16:33:00','16:33:00','3681988','11','',''),
('324010160869583','16:35:00','16:35:00','3681989','12','',''),
('324010160869583','16:36:00','16:36:00','3681990','13','',''),
('324010160869583','16:37:00','16:37:00','3681991','14','',''),
('324010160869583','16:39:00','16:39:00','3681992','15','',''),
('325291260869583','08:49:00','08:49:00','3681978','1','',''),
('325291260869583','08:52:00','08:52:00','3681979','2','',''),
('325291260869583','08:53:00','08:53:00','3681980','3','',''),
('325291260869583','08:56:00','08:56:00','3681981','4','',''),
('325291260869583','08:59:00','08:59:00','3681982','5','',''),
('325291260869583','09:01:00','09:01:00','3681983','6','',''),
('325291260869583','09:03:00','09:03:00','3681984','7','',''),
('325291260869583','09:05:00','09:05:00','3681985','8','',''),
('325291260869583','09:06:00','09:06:00','3681986','9','',''),
('325291260869583','09:12:00','09:12:00','3681987','10','',''),
('325291260869583','09:14:00','09:14:00','3681988','11','',''),
('325291260869583','09:16:00','09:16:00','3681989','12','',''),
('325291260869583','09:17:00','09:17:00','3681990','13','',''),
('325291260869583','09:18:00','09:18:00','3681991','14','',''),
('325291260869583','09:20:00','09:20:00','3681992','15','',''),
('325291270869583','10:34:00','10:34:00','3681978','1','',''),
('325291270869583','10:37:00','10:37:00','3681979','2','',''),
('325291270869583','10:38:00','10:38:00','3681980','3','',''),
('325291270869583','10:41:00','10:41:00','3681981','4','',''),
('325291270869583','10:44:00','10:44:00','3681982','5','',''),
('325291270869583','10:46:00','10:46:00','3681983','6','',''),
('325291270869583','10:48:00','10:48:00','3681984','7','',''),
('325291270869583','10:50:00','10:50:00','3681985','8','',''),
('325291270869583','10:51:00','10:51:00','3681986','9','',''),
('325291270869583','10:57:00','10:57:00','3681987','10','',''),
('325291270869583','10:59:00','10:59:00','3681988','11','',''),
('325291270869583','11:01:00','11:01:00','3681989','12','',''),
('325291270869583','11:02:00','11:02:00','3681990','13','',''),
('325291270869583','11:03:00','11:03:00','3681991','14','',''),
('325291270869583','11:05:00','11:05:00','3681992','15','',''),
('325291280869583','16:08:00','16:08:00','3681978','1','',''),
('325291280869583','16:11:00','16:11:00','3681979','2','',''),
('325291280869583','16:12:00','16:12:00','3681980','3','',''),
('325291280869583','16:15:00','16:15:00','3681981','4','',''),
('325291280869583','16:18:00','16:18:00','3681982','5','',''),
('325291280869583','16:20:00','16:20:00','3681983','6','',''),
('325291280869583','16:22:00','16:22:00','3681984','7','',''),
('325291280869583','16:24:00','16:24:00','3681985','8','',''),
('325291280869583','16:25:00','16:25:00','3681986','9','',''),
('325291280869583','16:31:00','16:31:00','3681987','10','',''),
('325291280869583','16:33:00','16:33:00','3681988','11','',''),
('325291280869583','16:35:00','16:35:00','3681989','12','',''),
('325291280869583','16:36:00','16:36:00','3681990','13','',''),
('325291280869583','16:37:00','16:37:00','3681991','14','',''),
('325291280869583','16:39:00','16:39:00','3681992','15','',''),
('424010130869583','15:59:00','15:59:00','3681978','1','',''),
('424010130869583','16:02:00','16:02:00','3681979','2','',''),
('424010130869583','16:03:00','16:03:00','3681980','3','',''),
('424010130869583','16:06:00','16:06:00','3681981','4','',''),
('424010130869583','16:09:00','16:09:00','3681982','5','',''),
('424010130869583','16:11:00','16:11:00','3681983','6','',''),
('424010130869583','16:13:00','16:13:00','3681984','7','',''),
('424010130869583','16:15:00','16:15:00','3681985','8','',''),
('424010130869583','16:16:00','16:16:00','3681986','9','',''),
('424010130869583','16:22:00','16:22:00','3681987','10','',''),
('424010130869583','16:24:00','16:24:00','3681988','11','',''),
('424010130869583','16:26:00','16:26:00','3681989','12','',''),
('424010130869583','16:27:00','16:27:00','3681990','13','',''),
('424010130869583','16:28:00','16:28:00','3681991','14','',''),
('424010130869583','16:30:00','16:30:00','3681992','15','',''),
('424010160869583','17:10:00','17:10:00','3681978','1','',''),
('424010160869583','17:13:00','17:13:00','3681979','2','',''),
('424010160869583','17:14:00','17:14:00','3681980','3','',''),
('424010160869583','17:17:00','17:17:00','3681981','4','',''),
('424010160869583','17:20:00','17:20:00','3681982','5','',''),
('424010160869583','17:22:00','17:22:00','3681983','6','',''),
('424010160869583','17:24:00','17:24:00','3681984','7','',''),
('424010160869583','17:26:00','17:26:00','3681985','8','',''),
('424010160869583','17:27:00','17:27:00','3681986','9','',''),
('424010160869583','17:33:00','17:33:00','3681987','10','',''),
('424010160869583','17:35:00','17:35:00','3681988','11','',''),
('424010160869583','17:37:00','17:37:00','3681989','12','',''),
('424010160869583','17:38:00','17:38:00','3681990','13','',''),
('424010160869583','17:39:00','17:39:00','3681991','14','',''),
('424010160869583','17:41:00','17:41:00','3681992','15','',''),
('425291260869583','09:24:00','09:24:00','3681978','1','',''),
('425291260869583','09:27:00','09:27:00','3681979','2','',''),
('425291260869583','09:28:00','09:28:00','3681980','3','',''),
('425291260869583','09:31:00','09:31:00','3681981','4','',''),
('425291260869583','09:34:00','09:34:00','3681982','5','',''),
('425291260869583','09:36:00','09:36:00','3681983','6','',''),
('425291260869583','09:38:00','09:38:00','3681984','7','',''),
('425291260869583','09:40:00','09:40:00','3681985','8','',''),
('425291260869583','09:41:00','09:41:00','3681986','9','',''),
('425291260869583','09:47:00','09:47:00','3681987','10','',''),
('425291260869583','09:49:00','09:49:00','3681988','11','',''),
('425291260869583','09:51:00','09:51:00','3681989','12','',''),
('425291260869583','09:52:00','09:52:00','3681990','13','',''),
('425291260869583','09:53:00','09:53:00','3681991','14','',''),
('425291260869583','09:55:00','09:55:00','3681992','15','',''),
('425291270869583','11:39:00','11:39:00','3681978','1','',''),
('425291270869583','11:42:00','11:42:00','3681979','2','',''),
('425291270869583','11:43:00','11:43:00','3681980','3','',''),
('425291270869583','11:46:00','11:46:00','3681981','4','',''),
('425291270869583','11:49:00','11:49:00','3681982','5','',''),
('425291270869583','11:51:00','11:51:00','3681983','6','',''),
('425291270869583','11:53:00','11:53:00','3681984','7','',''),
('425291270869583','11:55:00','11:55:00','3681985','8','',''),
('425291270869583','11:56:00','11:56:00','3681986','9','',''),
('425291270869583','12:02:00','12:02:00','3681987','10','',''),
('425291270869583','12:04:00','12:04:00','3681988','11','',''),
('425291270869583','12:06:00','12:06:00','3681989','12','',''),
('425291270869583','12:07:00','12:07:00','3681990','13','',''),
('425291270869583','12:08:00','12:08:00','3681991','14','',''),
('425291270869583','12:10:00','12:10:00','3681992','15','',''),
('425291280869583','17:10:00','17:10:00','3681978','1','',''),
('425291280869583','17:13:00','17:13:00','3681979','2','',''),
('425291280869583','17:14:00','17:14:00','3681980','3','',''),
('425291280869583','17:17:00','17:17:00','3681981','4','',''),
('425291280869583','17:20:00','17:20:00','3681982','5','',''),
('425291280869583','17:22:00','17:22:00','3681983','6','',''),
('425291280869583','17:24:00','17:24:00','3681984','7','',''),
('425291280869583','17:26:00','17:26:00','3681985','8','',''),
('425291280869583','17:27:00','17:27:00','3681986','9','',''),
('425291280869583','17:33:00','17:33:00','3681987','10','',''),
('425291280869583','17:35:00','17:35:00','3681988','11','',''),
('425291280869583','17:37:00','17:37:00','3681989','12','',''),
('425291280869583','17:38:00','17:38:00','3681990','13','',''),
('425291280869583','17:39:00','17:39:00','3681991','14','',''),
('425291280869583','17:41:00','17:41:00','3681992','15','',''),
('524010130869583','17:04:00','17:04:00','3681978','1','',''),
('524010130869583','17:07:00','17:07:00','3681979','2','',''),
('524010130869583','17:08:00','17:08:00','3681980','3','',''),
('524010130869583','17:11:00','17:11:00','3681981','4','',''),
('524010130869583','17:14:00','17:14:00','3681982','5','',''),
('524010130869583','17:16:00','17:16:00','3681983','6','',''),
('524010130869583','17:18:00','17:18:00','3681984','7','',''),
('524010130869583','17:20:00','17:20:00','3681985','8','',''),
('524010130869583','17:21:00','17:21:00','3681986','9','',''),
('524010130869583','17:27:00','17:27:00','3681987','10','',''),
('524010130869583','17:29:00','17:29:00','3681988','11','',''),
('524010130869583','17:31:00','17:31:00','3681989','12','',''),
('524010130869583','17:32:00','17:32:00','3681990','13','',''),
('524010130869583','17:33:00','17:33:00','3681991','14','',''),
('524010130869583','17:35:00','17:35:00','3681992','15','',''),
('524010160869583','18:12:00','18:12:00','3681978','1','',''),
('524010160869583','18:15:00','18:15:00','3681979','2','',''),
('524010160869583','18:16:00','18:16:00','3681980','3','',''),
('524010160869583','18:19:00','18:19:00','3681981','4','',''),
('524010160869583','18:22:00','18:22:00','3681982','5','',''),
('524010160869583','18:24:00','18:24:00','3681983','6','',''),
('524010160869583','18:26:00','18:26:00','3681984','7','',''),
('524010160869583','18:28:00','18:28:00','3681985','8','',''),
('524010160869583','18:29:00','18:29:00','3681986','9','',''),
('524010160869583','18:35:00','18:35:00','3681987','10','',''),
('524010160869583','18:37:00','18:37:00','3681988','11','',''),
('524010160869583','18:39:00','18:39:00','3681989','12','',''),
('524010160869583','18:40:00','18:40:00','3681990','13','',''),
('524010160869583','18:41:00','18:41:00','3681991','14','',''),
('524010160869583','18:43:00','18:43:00','3681992','15','',''),
('525291260869583','09:54:00','09:54:00','3681978','1','',''),
('525291260869583','09:57:00','09:57:00','3681979','2','',''),
('525291260869583','09:58:00','09:58:00','3681980','3','',''),
('525291260869583','10:01:00','10:01:00','3681981','4','',''),
('525291260869583','10:04:00','10:04:00','3681982','5','',''),
('525291260869583','10:06:00','10:06:00','3681983','6','',''),
('525291260869583','10:08:00','10:08:00','3681984','7','',''),
('525291260869583','10:10:00','10:10:00','3681985','8','',''),
('525291260869583','10:11:00','10:11:00','3681986','9','',''),
('525291260869583','10:17:00','10:17:00','3681987','10','',''),
('525291260869583','10:19:00','10:19:00','3681988','11','',''),
('525291260869583','10:21:00','10:21:00','3681989','12','',''),
('525291260869583','10:22:00','10:22:00','3681990','13','',''),
('525291260869583','10:23:00','10:23:00','3681991','14','',''),
('525291260869583','10:25:00','10:25:00','3681992','15','',''),
('525291270869583','12:44:00','12:44:00','3681978','1','',''),
('525291270869583','12:47:00','12:47:00','3681979','2','',''),
('525291270869583','12:48:00','12:48:00','3681980','3','',''),
('525291270869583','12:51:00','12:51:00','3681981','4','',''),
('525291270869583','12:54:00','12:54:00','3681982','5','',''),
('525291270869583','12:56:00','12:56:00','3681983','6','',''),
('525291270869583','12:58:00','12:58:00','3681984','7','',''),
('525291270869583','13:00:00','13:00:00','3681985','8','',''),
('525291270869583','13:01:00','13:01:00','3681986','9','',''),
('525291270869583','13:07:00','13:07:00','3681987','10','',''),
('525291270869583','13:09:00','13:09:00','3681988','11','',''),
('525291270869583','13:11:00','13:11:00','3681989','12','',''),
('525291270869583','13:12:00','13:12:00','3681990','13','',''),
('525291270869583','13:13:00','13:13:00','3681991','14','',''),
('525291270869583','13:15:00','13:15:00','3681992','15','',''),
('525291280869583','18:12:00','18:12:00','3681978','1','',''),
('525291280869583','18:15:00','18:15:00','3681979','2','',''),
('525291280869583','18:16:00','18:16:00','3681980','3','',''),
('525291280869583','18:19:00','18:19:00','3681981','4','',''),
('525291280869583','18:22:00','18:22:00','3681982','5','',''),
('525291280869583','18:24:00','18:24:00','3681983','6','',''),
('525291280869583','18:26:00','18:26:00','3681984','7','',''),
('525291280869583','18:28:00','18:28:00','3681985','8','',''),
('525291280869583','18:29:00','18:29:00','3681986','9','',''),
('525291280869583','18:35:00','18:35:00','3681987','10','',''),
('525291280869583','18:37:00','18:37:00','3681988','11','',''),
('525291280869583','18:39:00','18:39:00','3681989','12','',''),
('525291280869583','18:40:00','18:40:00','3681990','13','',''),
('525291280869583','18:41:00','18:41:00','3681991','14','',''),
('525291280869583','18:43:00','18:43:00','3681992','15','',''),
('624010130869583','18:09:00','18:09:00','3681978','1','',''),
('624010130869583','18:12:00','18:12:00','3681979','2','',''),
('624010130869583','18:13:00','18:13:00','3681980','3','',''),
('624010130869583','18:16:00','18:16:00','3681981','4','',''),
('624010130869583','18:19:00','18:19:00','3681982','5','',''),
('624010130869583','18:21:00','18:21:00','3681983','6','',''),
('624010130869583','18:23:00','18:23:00','3681984','7','',''),
('624010130869583','18:25:00','18:25:00','3681985','8','',''),
('624010130869583','18:26:00','18:26:00','3681986','9','',''),
('624010130869583','18:32:00','18:32:00','3681987','10','',''),
('624010130869583','18:34:00','18:34:00','3681988','11','',''),
('624010130869583','18:36:00','18:36:00','3681989','12','',''),
('624010130869583','18:37:00','18:37:00','3681990','13','',''),
('624010130869583','18:38:00','18:38:00','3681991','14','',''),
('624010130869583','18:40:00','18:40:00','3681992','15','',''),
('624010160869583','19:14:00','19:14:00','3681978','1','',''),
('624010160869583','19:17:00','19:17:00','3681979','2','',''),
('624010160869583','19:18:00','19:18:00','3681980','3','',''),
('624010160869583','19:21:00','19:21:00','3681981','4','',''),
('624010160869583','19:24:00','19:24:00','3681982','5','',''),
('624010160869583','19:26:00','19:26:00','3681983','6','',''),
('624010160869583','19:28:00','19:28:00','3681984','7','',''),
('624010160869583','19:30:00','19:30:00','3681985','8','',''),
('624010160869583','19:31:00','19:31:00','3681986','9','',''),
('624010160869583','19:37:00','19:37:00','3681987','10','',''),
('624010160869583','19:39:00','19:39:00','3681988','11','',''),
('624010160869583','19:41:00','19:41:00','3681989','12','',''),
('624010160869583','19:42:00','19:42:00','3681990','13','',''),
('624010160869583','19:43:00','19:43:00','3681991','14','',''),
('624010160869583','19:45:00','19:45:00','3681992','15','',''),
('625291260869583','10:29:00','10:29:00','3681978','1','',''),
('625291260869583','10:32:00','10:32:00','3681979','2','',''),
('625291260869583','10:33:00','10:33:00','3681980','3','',''),
('625291260869583','10:36:00','10:36:00','3681981','4','',''),
('625291260869583','10:39:00','10:39:00','3681982','5','',''),
('625291260869583','10:41:00','10:41:00','3681983','6','',''),
('625291260869583','10:43:00','10:43:00','3681984','7','',''),
('625291260869583','10:45:00','10:45:00','3681985','8','',''),
('625291260869583','10:46:00','10:46:00','3681986','9','',''),
('625291260869583','10:52:00','10:52:00','3681987','10','',''),
('625291260869583','10:54:00','10:54:00','3681988','11','',''),
('625291260869583','10:56:00','10:56:00','3681989','12','',''),
('625291260869583','10:57:00','10:57:00','3681990','13','',''),
('625291260869583','10:58:00','10:58:00','3681991','14','',''),
('625291260869583','11:00:00','11:00:00','3681992','15','',''),
('625291270869583','13:49:00','13:49:00','3681978','1','',''),
('625291270869583','13:52:00','13:52:00','3681979','2','',''),
('625291270869583','13:53:00','13:53:00','3681980','3','',''),
('625291270869583','13:56:00','13:56:00','3681981','4','',''),
('625291270869583','13:59:00','13:59:00','3681982','5','',''),
('625291270869583','14:01:00','14:01:00','3681983','6','',''),
('625291270869583','14:03:00','14:03:00','3681984','7','',''),
('625291270869583','14:05:00','14:05:00','3681985','8','',''),
('625291270869583','14:06:00','14:06:00','3681986','9','',''),
('625291270869583','14:12:00','14:12:00','3681987','10','',''),
('625291270869583','14:14:00','14:14:00','3681988','11','',''),
('625291270869583','14:16:00','14:16:00','3681989','12','',''),
('625291270869583','14:17:00','14:17:00','3681990','13','',''),
('625291270869583','14:18:00','14:18:00','3681991','14','',''),
('625291270869583','14:20:00','14:20:00','3681992','15','',''),
('625291280869583','19:14:00','19:14:00','3681978','1','',''),
('625291280869583','19:17:00','19:17:00','3681979','2','',''),
('625291280869583','19:18:00','19:18:00','3681980','3','',''),
('625291280869583','19:21:00','19:21:00','3681981','4','',''),
('625291280869583','19:24:00','19:24:00','3681982','5','',''),
('625291280869583','19:26:00','19:26:00','3681983','6','',''),
('625291280869583','19:28:00','19:28:00','3681984','7','',''),
('625291280869583','19:30:00','19:30:00','3681985','8','',''),
('625291280869583','19:31:00','19:31:00','3681986','9','',''),
('625291280869583','19:37:00','19:37:00','3681987','10','',''),
('625291280869583','19:39:00','19:39:00','3681988','11','',''),
('625291280869583','19:41:00','19:41:00','3681989','12','',''),
('625291280869583','19:42:00','19:42:00','3681990','13','',''),
('625291280869583','19:43:00','19:43:00','3681991','14','',''),
('625291280869583','19:45:00','19:45:00','3681992','15','',''),
('724010130869583','19:14:00','19:14:00','3681978','1','',''),
('724010130869583','19:17:00','19:17:00','3681979','2','',''),
('724010130869583','19:18:00','19:18:00','3681980','3','',''),
('724010130869583','19:21:00','19:21:00','3681981','4','',''),
('724010130869583','19:24:00','19:24:00','3681982','5','',''),
('724010130869583','19:26:00','19:26:00','3681983','6','',''),
('724010130869583','19:28:00','19:28:00','3681984','7','',''),
('724010130869583','19:30:00','19:30:00','3681985','8','',''),
('724010130869583','19:31:00','19:31:00','3681986','9','',''),
('724010130869583','19:37:00','19:37:00','3681987','10','',''),
('724010130869583','19:39:00','19:39:00','3681988','11','',''),
('724010130869583','19:41:00','19:41:00','3681989','12','',''),
('724010130869583','19:42:00','19:42:00','3681990','13','',''),
('724010130869583','19:43:00','19:43:00','3681991','14','',''),
('724010130869583','19:45:00','19:45:00','3681992','15','',''),
('725291260869583','10:59:00','10:59:00','3681978','1','',''),
('725291260869583','11:02:00','11:02:00','3681979','2','',''),
('725291260869583','11:03:00','11:03:00','3681980','3','',''),
('725291260869583','11:06:00','11:06:00','3681981','4','',''),
('725291260869583','11:09:00','11:09:00','3681982','5','',''),
('725291260869583','11:11:00','11:11:00','3681983','6','',''),
('725291260869583','11:13:00','11:13:00','3681984','7','',''),
('725291260869583','11:15:00','11:15:00','3681985','8','',''),
('725291260869583','11:16:00','11:16:00','3681986','9','',''),
('725291260869583','11:22:00','11:22:00','3681987','10','',''),
('725291260869583','11:24:00','11:24:00','3681988','11','',''),
('725291260869583','11:26:00','11:26:00','3681989','12','',''),
('725291260869583','11:27:00','11:27:00','3681990','13','',''),
('725291260869583','11:28:00','11:28:00','3681991','14','',''),
('725291260869583','11:30:00','11:30:00','3681992','15','',''),
('725291270869583','14:54:00','14:54:00','3681978','1','',''),
('725291270869583','14:57:00','14:57:00','3681979','2','',''),
('725291270869583','14:58:00','14:58:00','3681980','3','',''),
('725291270869583','15:01:00','15:01:00','3681981','4','',''),
('725291270869583','15:04:00','15:04:00','3681982','5','',''),
('725291270869583','15:06:00','15:06:00','3681983','6','',''),
('725291270869583','15:08:00','15:08:00','3681984','7','',''),
('725291270869583','15:10:00','15:10:00','3681985','8','',''),
('725291270869583','15:11:00','15:11:00','3681986','9','',''),
('725291270869583','15:17:00','15:17:00','3681987','10','',''),
('725291270869583','15:19:00','15:19:00','3681988','11','',''),
('725291270869583','15:21:00','15:21:00','3681989','12','',''),
('725291270869583','15:22:00','15:22:00','3681990','13','',''),
('725291270869583','15:23:00','15:23:00','3681991','14','',''),
('725291270869583','15:25:00','15:25:00','3681992','15','',''),
('825291260869583','11:34:00','11:34:00','3681978','1','',''),
('825291260869583','11:37:00','11:37:00','3681979','2','',''),
('825291260869583','11:38:00','11:38:00','3681980','3','',''),
('825291260869583','11:41:00','11:41:00','3681981','4','',''),
('825291260869583','11:44:00','11:44:00','3681982','5','',''),
('825291260869583','11:46:00','11:46:00','3681983','6','',''),
('825291260869583','11:48:00','11:48:00','3681984','7','',''),
('825291260869583','11:50:00','11:50:00','3681985','8','',''),
('825291260869583','11:51:00','11:51:00','3681986','9','',''),
('825291260869583','11:57:00','11:57:00','3681987','10','',''),
('825291260869583','11:59:00','11:59:00','3681988','11','',''),
('825291260869583','12:01:00','12:01:00','3681989','12','',''),
('825291260869583','12:02:00','12:02:00','3681990','13','',''),
('825291260869583','12:03:00','12:03:00','3681991','14','',''),
('825291260869583','12:05:00','12:05:00','3681992','15','',''),
('825291270869583','15:59:00','15:59:00','3681978','1','',''),
('825291270869583','16:02:00','16:02:00','3681979','2','',''),
('825291270869583','16:03:00','16:03:00','3681980','3','',''),
('825291270869583','16:06:00','16:06:00','3681981','4','',''),
('825291270869583','16:09:00','16:09:00','3681982','5','',''),
('825291270869583','16:11:00','16:11:00','3681983','6','',''),
('825291270869583','16:13:00','16:13:00','3681984','7','',''),
('825291270869583','16:15:00','16:15:00','3681985','8','',''),
('825291270869583','16:16:00','16:16:00','3681986','9','',''),
('825291270869583','16:22:00','16:22:00','3681987','10','',''),
('825291270869583','16:24:00','16:24:00','3681988','11','',''),
('825291270869583','16:26:00','16:26:00','3681989','12','',''),
('825291270869583','16:27:00','16:27:00','3681990','13','',''),
('825291270869583','16:28:00','16:28:00','3681991','14','',''),
('825291270869583','16:30:00','16:30:00','3681992','15','',''),
('925291260869583','12:04:00','12:04:00','3681978','1','',''),
('925291260869583','12:07:00','12:07:00','3681979','2','',''),
('925291260869583','12:08:00','12:08:00','3681980','3','',''),
('925291260869583','12:11:00','12:11:00','3681981','4','',''),
('925291260869583','12:14:00','12:14:00','3681982','5','',''),
('925291260869583','12:16:00','12:16:00','3681983','6','',''),
('925291260869583','12:18:00','12:18:00','3681984','7','',''),
('925291260869583','12:20:00','12:20:00','3681985','8','',''),
('925291260869583','12:21:00','12:21:00','3681986','9','',''),
('925291260869583','12:27:00','12:27:00','3681987','10','',''),
('925291260869583','12:29:00','12:29:00','3681988','11','',''),
('925291260869583','12:31:00','12:31:00','3681989','12','',''),
('925291260869583','12:32:00','12:32:00','3681990','13','',''),
('925291260869583','12:33:00','12:33:00','3681991','14','',''),
('925291260869583','12:35:00','12:35:00','3681992','15','',''),
('925291270869583','17:04:00','17:04:00','3681978','1','',''),
('925291270869583','17:07:00','17:07:00','3681979','2','',''),
('925291270869583','17:08:00','17:08:00','3681980','3','',''),
('925291270869583','17:11:00','17:11:00','3681981','4','',''),
('925291270869583','17:14:00','17:14:00','3681982','5','',''),
('925291270869583','17:16:00','17:16:00','3681983','6','',''),
('925291270869583','17:18:00','17:18:00','3681984','7','',''),
('925291270869583','17:20:00','17:20:00','3681985','8','',''),
('925291270869583','17:21:00','17:21:00','3681986','9','',''),
('925291270869583','17:27:00','17:27:00','3681987','10','',''),
('925291270869583','17:29:00','17:29:00','3681988','11','',''),
('925291270869583','17:31:00','17:31:00','3681989','12','',''),
('925291270869583','17:32:00','17:32:00','3681990','13','',''),
('925291270869583','17:33:00','17:33:00','3681991','14','',''),
('925291270869583','17:35:00','17:35:00','3681992','15','',''),
('124010181250473','11:23:00','11:23:00','3682003','1','',''),
('124010181250473','11:38:00','11:38:00','3682004','2','',''),
('124010181250473','11:42:00','11:42:00','3682005','3','',''),
('124010181250473','11:43:00','11:43:00','3682006','4','',''),
('124010181250473','11:45:00','11:45:00','3682007','5','',''),
('124010181250473','11:46:00','11:46:00','3682008','6','',''),
('124010181250473','11:48:00','11:48:00','3682009','7','',''),
('124010181250473','11:49:00','11:49:00','3682010','8','',''),
('124010181250473','11:51:00','11:51:00','3682011','9','',''),
('124010181250473','11:51:00','11:51:00','3682012','10','',''),
('124010181250473','11:53:00','11:53:00','3682013','11','',''),
('124010181250473','11:55:00','11:55:00','3682014','12','',''),
('124010181250473','11:57:00','11:57:00','3682015','13','',''),
('124010181250473','11:58:00','11:58:00','3682017','14','',''),
('1025291230877526','12:15:00','12:15:00','3729697','1','',''),
('1025291230877526','12:16:00','12:16:00','5604540','2','',''),
('1025291230877526','12:19:00','12:19:00','3729698','3','',''),
('1025291230877526','12:22:00','12:22:00','3729699','4','',''),
('1025291230877526','12:24:00','12:24:00','3729701','5','',''),
('1025291230877526','12:26:00','12:26:00','3729702','6','',''),
('1025291230877526','12:30:00','12:30:00','3729703','7','',''),
('1025291230877526','12:32:00','12:32:00','3729704','8','',''),
('1025291230877526','12:35:00','12:35:00','3729705','9','',''),
('1025291230877526','12:36:00','12:36:00','3729706','10','',''),
('1025291230877526','12:39:00','12:39:00','3729707','11','',''),
('1025291240877526','17:45:00','17:45:00','3729697','1','',''),
('1025291240877526','17:46:00','17:46:00','5604540','2','',''),
('1025291240877526','17:49:00','17:49:00','3729698','3','',''),
('1025291240877526','17:52:00','17:52:00','3729699','4','',''),
('1025291240877526','17:54:00','17:54:00','3729701','5','',''),
('1025291240877526','17:56:00','17:56:00','3729702','6','',''),
('1025291240877526','18:00:00','18:00:00','3729703','7','',''),
('1025291240877526','18:02:00','18:02:00','3729704','8','',''),
('1025291240877526','18:05:00','18:05:00','3729705','9','',''),
('1025291240877526','18:06:00','18:06:00','3729706','10','',''),
('1025291240877526','18:09:00','18:09:00','3729707','11','',''),
('1125291230877526','12:45:00','12:45:00','3729697','1','',''),
('1125291230877526','12:46:00','12:46:00','5604540','2','',''),
('1125291230877526','12:49:00','12:49:00','3729698','3','',''),
('1125291230877526','12:52:00','12:52:00','3729699','4','',''),
('1125291230877526','12:54:00','12:54:00','3729701','5','',''),
('1125291230877526','12:56:00','12:56:00','3729702','6','',''),
('1125291230877526','13:00:00','13:00:00','3729703','7','',''),
('1125291230877526','13:02:00','13:02:00','3729704','8','',''),
('1125291230877526','13:05:00','13:05:00','3729705','9','',''),
('1125291230877526','13:06:00','13:06:00','3729706','10','',''),
('1125291230877526','13:09:00','13:09:00','3729707','11','',''),
('1125291240877526','18:50:00','18:50:00','3729697','1','',''),
('1125291240877526','18:51:00','18:51:00','5604540','2','',''),
('1125291240877526','18:54:00','18:54:00','3729698','3','',''),
('1125291240877526','18:57:00','18:57:00','3729699','4','',''),
('1125291240877526','18:59:00','18:59:00','3729701','5','',''),
('1125291240877526','19:01:00','19:01:00','3729702','6','',''),
('1125291240877526','19:05:00','19:05:00','3729703','7','',''),
('1125291240877526','19:07:00','19:07:00','3729704','8','',''),
('1125291240877526','19:10:00','19:10:00','3729705','9','',''),
('1125291240877526','19:11:00','19:11:00','3729706','10','',''),
('1125291240877526','19:14:00','19:14:00','3729707','11','',''),
('124010040877526','12:20:00','12:20:00','3729697','1','',''),
('124010040877526','12:21:00','12:21:00','5604540','2','',''),
('124010040877526','12:24:00','12:24:00','3729698','3','',''),
('124010040877526','12:27:00','12:27:00','3729699','4','',''),
('124010040877526','12:29:00','12:29:00','3729701','5','',''),
('124010040877526','12:31:00','12:31:00','3729702','6','',''),
('124010040877526','12:35:00','12:35:00','3729703','7','',''),
('124010040877526','12:37:00','12:37:00','3729704','8','',''),
('124010040877526','12:40:00','12:40:00','3729705','9','',''),
('124010040877526','12:41:00','12:41:00','3729706','10','',''),
('124010040877526','12:44:00','12:44:00','3729707','11','',''),
('124010070877526','13:40:00','13:40:00','3729697','1','',''),
('124010070877526','13:41:00','13:41:00','5604540','2','',''),
('124010070877526','13:44:00','13:44:00','3729698','3','',''),
('124010070877526','13:47:00','13:47:00','3729699','4','',''),
('124010070877526','13:49:00','13:49:00','3729701','5','',''),
('124010070877526','13:51:00','13:51:00','3729702','6','',''),
('124010070877526','13:55:00','13:55:00','3729703','7','',''),
('124010070877526','13:57:00','13:57:00','3729704','8','',''),
('124010070877526','14:00:00','14:00:00','3729705','9','',''),
('124010070877526','14:01:00','14:01:00','3729706','10','',''),
('124010070877526','14:04:00','14:04:00','3729707','11','',''),
('125291230877526','07:20:00','07:20:00','3729697','1','',''),
('125291230877526','07:21:00','07:21:00','5604540','2','',''),
('125291230877526','07:24:00','07:24:00','3729698','3','',''),
('125291230877526','07:27:00','07:27:00','3729699','4','',''),
('125291230877526','07:29:00','07:29:00','3729701','5','',''),
('125291230877526','07:31:00','07:31:00','3729702','6','',''),
('125291230877526','07:35:00','07:35:00','3729703','7','',''),
('125291230877526','07:37:00','07:37:00','3729704','8','',''),
('125291230877526','07:40:00','07:40:00','3729705','9','',''),
('125291230877526','07:41:00','07:41:00','3729706','10','',''),
('125291230877526','07:44:00','07:44:00','3729707','11','',''),
('125291240877526','08:00:00','08:00:00','3729697','1','',''),
('125291240877526','08:01:00','08:01:00','5604540','2','',''),
('125291240877526','08:04:00','08:04:00','3729698','3','',''),
('125291240877526','08:07:00','08:07:00','3729699','4','',''),
('125291240877526','08:09:00','08:09:00','3729701','5','',''),
('125291240877526','08:11:00','08:11:00','3729702','6','',''),
('125291240877526','08:15:00','08:15:00','3729703','7','',''),
('125291240877526','08:17:00','08:17:00','3729704','8','',''),
('125291240877526','08:20:00','08:20:00','3729705','9','',''),
('125291240877526','08:21:00','08:21:00','3729706','10','',''),
('125291240877526','08:24:00','08:24:00','3729707','11','',''),
('125291250877526','13:40:00','13:40:00','3729697','1','',''),
('125291250877526','13:41:00','13:41:00','5604540','2','',''),
('125291250877526','13:44:00','13:44:00','3729698','3','',''),
('125291250877526','13:47:00','13:47:00','3729699','4','',''),
('125291250877526','13:49:00','13:49:00','3729701','5','',''),
('125291250877526','13:51:00','13:51:00','3729702','6','',''),
('125291250877526','13:55:00','13:55:00','3729703','7','',''),
('125291250877526','13:57:00','13:57:00','3729704','8','',''),
('125291250877526','14:00:00','14:00:00','3729705','9','',''),
('125291250877526','14:01:00','14:01:00','3729706','10','',''),
('125291250877526','14:04:00','14:04:00','3729707','11','',''),
('224010040877526','13:25:00','13:25:00','3729697','1','',''),
('224010040877526','13:26:00','13:26:00','5604540','2','',''),
('224010040877526','13:29:00','13:29:00','3729698','3','',''),
('224010040877526','13:32:00','13:32:00','3729699','4','',''),
('224010040877526','13:34:00','13:34:00','3729701','5','',''),
('224010040877526','13:36:00','13:36:00','3729702','6','',''),
('224010040877526','13:40:00','13:40:00','3729703','7','',''),
('224010040877526','13:42:00','13:42:00','3729704','8','',''),
('224010040877526','13:45:00','13:45:00','3729705','9','',''),
('224010040877526','13:46:00','13:46:00','3729706','10','',''),
('224010040877526','13:49:00','13:49:00','3729707','11','',''),
('224010070877526','14:42:00','14:42:00','3729697','1','',''),
('224010070877526','14:43:00','14:43:00','5604540','2','',''),
('224010070877526','14:46:00','14:46:00','3729698','3','',''),
('224010070877526','14:49:00','14:49:00','3729699','4','',''),
('224010070877526','14:51:00','14:51:00','3729701','5','',''),
('224010070877526','14:53:00','14:53:00','3729702','6','',''),
('224010070877526','14:57:00','14:57:00','3729703','7','',''),
('224010070877526','14:59:00','14:59:00','3729704','8','',''),
('224010070877526','15:02:00','15:02:00','3729705','9','',''),
('224010070877526','15:03:00','15:03:00','3729706','10','',''),
('224010070877526','15:06:00','15:06:00','3729707','11','',''),
('225291230877526','07:55:00','07:55:00','3729697','1','',''),
('225291230877526','07:56:00','07:56:00','5604540','2','',''),
('225291230877526','07:59:00','07:59:00','3729698','3','',''),
('225291230877526','08:02:00','08:02:00','3729699','4','',''),
('225291230877526','08:04:00','08:04:00','3729701','5','',''),
('225291230877526','08:06:00','08:06:00','3729702','6','',''),
('225291230877526','08:10:00','08:10:00','3729703','7','',''),
('225291230877526','08:12:00','08:12:00','3729704','8','',''),
('225291230877526','08:15:00','08:15:00','3729705','9','',''),
('225291230877526','08:16:00','08:16:00','3729706','10','',''),
('225291230877526','08:19:00','08:19:00','3729707','11','',''),
('225291240877526','09:05:00','09:05:00','3729697','1','',''),
('225291240877526','09:06:00','09:06:00','5604540','2','',''),
('225291240877526','09:09:00','09:09:00','3729698','3','',''),
('225291240877526','09:12:00','09:12:00','3729699','4','',''),
('225291240877526','09:14:00','09:14:00','3729701','5','',''),
('225291240877526','09:16:00','09:16:00','3729702','6','',''),
('225291240877526','09:20:00','09:20:00','3729703','7','',''),
('225291240877526','09:22:00','09:22:00','3729704','8','',''),
('225291240877526','09:25:00','09:25:00','3729705','9','',''),
('225291240877526','09:26:00','09:26:00','3729706','10','',''),
('225291240877526','09:29:00','09:29:00','3729707','11','',''),
('225291250877526','14:42:00','14:42:00','3729697','1','',''),
('225291250877526','14:43:00','14:43:00','5604540','2','',''),
('225291250877526','14:46:00','14:46:00','3729698','3','',''),
('225291250877526','14:49:00','14:49:00','3729699','4','',''),
('225291250877526','14:51:00','14:51:00','3729701','5','',''),
('225291250877526','14:53:00','14:53:00','3729702','6','',''),
('225291250877526','14:57:00','14:57:00','3729703','7','',''),
('225291250877526','14:59:00','14:59:00','3729704','8','',''),
('225291250877526','15:02:00','15:02:00','3729705','9','',''),
('225291250877526','15:03:00','15:03:00','3729706','10','',''),
('225291250877526','15:06:00','15:06:00','3729707','11','',''),
('324010040877526','14:30:00','14:30:00','3729697','1','',''),
('324010040877526','14:31:00','14:31:00','5604540','2','',''),
('324010040877526','14:34:00','14:34:00','3729698','3','',''),
('324010040877526','14:37:00','14:37:00','3729699','4','',''),
('324010040877526','14:39:00','14:39:00','3729701','5','',''),
('324010040877526','14:41:00','14:41:00','3729702','6','',''),
('324010040877526','14:45:00','14:45:00','3729703','7','',''),
('324010040877526','14:47:00','14:47:00','3729704','8','',''),
('324010040877526','14:50:00','14:50:00','3729705','9','',''),
('324010040877526','14:51:00','14:51:00','3729706','10','',''),
('324010040877526','14:54:00','14:54:00','3729707','11','',''),
('324010070877526','15:44:00','15:44:00','3729697','1','',''),
('324010070877526','15:45:00','15:45:00','5604540','2','',''),
('324010070877526','15:48:00','15:48:00','3729698','3','',''),
('324010070877526','15:51:00','15:51:00','3729699','4','',''),
('324010070877526','15:53:00','15:53:00','3729701','5','',''),
('324010070877526','15:55:00','15:55:00','3729702','6','',''),
('324010070877526','15:59:00','15:59:00','3729703','7','',''),
('324010070877526','16:01:00','16:01:00','3729704','8','',''),
('324010070877526','16:04:00','16:04:00','3729705','9','',''),
('324010070877526','16:05:00','16:05:00','3729706','10','',''),
('324010070877526','16:08:00','16:08:00','3729707','11','',''),
('325291230877526','08:25:00','08:25:00','3729697','1','',''),
('325291230877526','08:26:00','08:26:00','5604540','2','',''),
('325291230877526','08:29:00','08:29:00','3729698','3','',''),
('325291230877526','08:32:00','08:32:00','3729699','4','',''),
('325291230877526','08:34:00','08:34:00','3729701','5','',''),
('325291230877526','08:36:00','08:36:00','3729702','6','',''),
('325291230877526','08:40:00','08:40:00','3729703','7','',''),
('325291230877526','08:42:00','08:42:00','3729704','8','',''),
('325291230877526','08:45:00','08:45:00','3729705','9','',''),
('325291230877526','08:46:00','08:46:00','3729706','10','',''),
('325291230877526','08:49:00','08:49:00','3729707','11','',''),
('325291240877526','10:10:00','10:10:00','3729697','1','',''),
('325291240877526','10:11:00','10:11:00','5604540','2','',''),
('325291240877526','10:14:00','10:14:00','3729698','3','',''),
('325291240877526','10:17:00','10:17:00','3729699','4','',''),
('325291240877526','10:19:00','10:19:00','3729701','5','',''),
('325291240877526','10:21:00','10:21:00','3729702','6','',''),
('325291240877526','10:25:00','10:25:00','3729703','7','',''),
('325291240877526','10:27:00','10:27:00','3729704','8','',''),
('325291240877526','10:30:00','10:30:00','3729705','9','',''),
('325291240877526','10:31:00','10:31:00','3729706','10','',''),
('325291240877526','10:34:00','10:34:00','3729707','11','',''),
('325291250877526','15:44:00','15:44:00','3729697','1','',''),
('325291250877526','15:45:00','15:45:00','5604540','2','',''),
('325291250877526','15:48:00','15:48:00','3729698','3','',''),
('325291250877526','15:51:00','15:51:00','3729699','4','',''),
('325291250877526','15:53:00','15:53:00','3729701','5','',''),
('325291250877526','15:55:00','15:55:00','3729702','6','',''),
('325291250877526','15:59:00','15:59:00','3729703','7','',''),
('325291250877526','16:01:00','16:01:00','3729704','8','',''),
('325291250877526','16:04:00','16:04:00','3729705','9','',''),
('325291250877526','16:05:00','16:05:00','3729706','10','',''),
('325291250877526','16:08:00','16:08:00','3729707','11','',''),
('424010040877526','15:35:00','15:35:00','3729697','1','',''),
('424010040877526','15:36:00','15:36:00','5604540','2','',''),
('424010040877526','15:39:00','15:39:00','3729698','3','',''),
('424010040877526','15:42:00','15:42:00','3729699','4','',''),
('424010040877526','15:44:00','15:44:00','3729701','5','',''),
('424010040877526','15:46:00','15:46:00','3729702','6','',''),
('424010040877526','15:50:00','15:50:00','3729703','7','',''),
('424010040877526','15:52:00','15:52:00','3729704','8','',''),
('424010040877526','15:55:00','15:55:00','3729705','9','',''),
('424010040877526','15:56:00','15:56:00','3729706','10','',''),
('424010040877526','15:59:00','15:59:00','3729707','11','',''),
('424010070877526','16:46:00','16:46:00','3729697','1','',''),
('424010070877526','16:47:00','16:47:00','5604540','2','',''),
('424010070877526','16:50:00','16:50:00','3729698','3','',''),
('424010070877526','16:53:00','16:53:00','3729699','4','',''),
('424010070877526','16:55:00','16:55:00','3729701','5','',''),
('424010070877526','16:57:00','16:57:00','3729702','6','',''),
('424010070877526','17:01:00','17:01:00','3729703','7','',''),
('424010070877526','17:03:00','17:03:00','3729704','8','',''),
('424010070877526','17:06:00','17:06:00','3729705','9','',''),
('424010070877526','17:07:00','17:07:00','3729706','10','',''),
('424010070877526','17:10:00','17:10:00','3729707','11','',''),
('425291230877526','09:00:00','09:00:00','3729697','1','',''),
('425291230877526','09:01:00','09:01:00','5604540','2','',''),
('425291230877526','09:04:00','09:04:00','3729698','3','',''),
('425291230877526','09:07:00','09:07:00','3729699','4','',''),
('425291230877526','09:09:00','09:09:00','3729701','5','',''),
('425291230877526','09:11:00','09:11:00','3729702','6','',''),
('425291230877526','09:15:00','09:15:00','3729703','7','',''),
('425291230877526','09:17:00','09:17:00','3729704','8','',''),
('425291230877526','09:20:00','09:20:00','3729705','9','',''),
('425291230877526','09:21:00','09:21:00','3729706','10','',''),
('425291230877526','09:24:00','09:24:00','3729707','11','',''),
('425291240877526','11:15:00','11:15:00','3729697','1','',''),
('425291240877526','11:16:00','11:16:00','5604540','2','',''),
('425291240877526','11:19:00','11:19:00','3729698','3','',''),
('425291240877526','11:22:00','11:22:00','3729699','4','',''),
('425291240877526','11:24:00','11:24:00','3729701','5','',''),
('425291240877526','11:26:00','11:26:00','3729702','6','',''),
('425291240877526','11:30:00','11:30:00','3729703','7','',''),
('425291240877526','11:32:00','11:32:00','3729704','8','',''),
('425291240877526','11:35:00','11:35:00','3729705','9','',''),
('425291240877526','11:36:00','11:36:00','3729706','10','',''),
('425291240877526','11:39:00','11:39:00','3729707','11','',''),
('425291250877526','16:46:00','16:46:00','3729697','1','',''),
('425291250877526','16:47:00','16:47:00','5604540','2','',''),
('425291250877526','16:50:00','16:50:00','3729698','3','',''),
('425291250877526','16:53:00','16:53:00','3729699','4','',''),
('425291250877526','16:55:00','16:55:00','3729701','5','',''),
('425291250877526','16:57:00','16:57:00','3729702','6','',''),
('425291250877526','17:01:00','17:01:00','3729703','7','',''),
('425291250877526','17:03:00','17:03:00','3729704','8','',''),
('425291250877526','17:06:00','17:06:00','3729705','9','',''),
('425291250877526','17:07:00','17:07:00','3729706','10','',''),
('425291250877526','17:10:00','17:10:00','3729707','11','',''),
('524010040877526','16:40:00','16:40:00','3729697','1','',''),
('524010040877526','16:41:00','16:41:00','5604540','2','',''),
('524010040877526','16:44:00','16:44:00','3729698','3','',''),
('524010040877526','16:47:00','16:47:00','3729699','4','',''),
('524010040877526','16:49:00','16:49:00','3729701','5','',''),
('524010040877526','16:51:00','16:51:00','3729702','6','',''),
('524010040877526','16:55:00','16:55:00','3729703','7','',''),
('524010040877526','16:57:00','16:57:00','3729704','8','',''),
('524010040877526','17:00:00','17:00:00','3729705','9','',''),
('524010040877526','17:01:00','17:01:00','3729706','10','',''),
('524010040877526','17:04:00','17:04:00','3729707','11','',''),
('524010070877526','17:48:00','17:48:00','3729697','1','',''),
('524010070877526','17:49:00','17:49:00','5604540','2','',''),
('524010070877526','17:52:00','17:52:00','3729698','3','',''),
('524010070877526','17:55:00','17:55:00','3729699','4','',''),
('524010070877526','17:57:00','17:57:00','3729701','5','',''),
('524010070877526','17:59:00','17:59:00','3729702','6','',''),
('524010070877526','18:03:00','18:03:00','3729703','7','',''),
('524010070877526','18:05:00','18:05:00','3729704','8','',''),
('524010070877526','18:08:00','18:08:00','3729705','9','',''),
('524010070877526','18:09:00','18:09:00','3729706','10','',''),
('524010070877526','18:12:00','18:12:00','3729707','11','',''),
('525291230877526','09:30:00','09:30:00','3729697','1','',''),
('525291230877526','09:31:00','09:31:00','5604540','2','',''),
('525291230877526','09:34:00','09:34:00','3729698','3','',''),
('525291230877526','09:37:00','09:37:00','3729699','4','',''),
('525291230877526','09:39:00','09:39:00','3729701','5','',''),
('525291230877526','09:41:00','09:41:00','3729702','6','',''),
('525291230877526','09:45:00','09:45:00','3729703','7','',''),
('525291230877526','09:47:00','09:47:00','3729704','8','',''),
('525291230877526','09:50:00','09:50:00','3729705','9','',''),
('525291230877526','09:51:00','09:51:00','3729706','10','',''),
('525291230877526','09:54:00','09:54:00','3729707','11','',''),
('525291240877526','12:20:00','12:20:00','3729697','1','',''),
('525291240877526','12:21:00','12:21:00','5604540','2','',''),
('525291240877526','12:24:00','12:24:00','3729698','3','',''),
('525291240877526','12:27:00','12:27:00','3729699','4','',''),
('525291240877526','12:29:00','12:29:00','3729701','5','',''),
('525291240877526','12:31:00','12:31:00','3729702','6','',''),
('525291240877526','12:35:00','12:35:00','3729703','7','',''),
('525291240877526','12:37:00','12:37:00','3729704','8','',''),
('525291240877526','12:40:00','12:40:00','3729705','9','',''),
('525291240877526','12:41:00','12:41:00','3729706','10','',''),
('525291240877526','12:44:00','12:44:00','3729707','11','',''),
('525291250877526','17:48:00','17:48:00','3729697','1','',''),
('525291250877526','17:49:00','17:49:00','5604540','2','',''),
('525291250877526','17:52:00','17:52:00','3729698','3','',''),
('525291250877526','17:55:00','17:55:00','3729699','4','',''),
('525291250877526','17:57:00','17:57:00','3729701','5','',''),
('525291250877526','17:59:00','17:59:00','3729702','6','',''),
('525291250877526','18:03:00','18:03:00','3729703','7','',''),
('525291250877526','18:05:00','18:05:00','3729704','8','',''),
('525291250877526','18:08:00','18:08:00','3729705','9','',''),
('525291250877526','18:09:00','18:09:00','3729706','10','',''),
('525291250877526','18:12:00','18:12:00','3729707','11','',''),
('624010040877526','17:45:00','17:45:00','3729697','1','',''),
('624010040877526','17:46:00','17:46:00','5604540','2','',''),
('624010040877526','17:49:00','17:49:00','3729698','3','',''),
('624010040877526','17:52:00','17:52:00','3729699','4','',''),
('624010040877526','17:54:00','17:54:00','3729701','5','',''),
('624010040877526','17:56:00','17:56:00','3729702','6','',''),
('624010040877526','18:00:00','18:00:00','3729703','7','',''),
('624010040877526','18:02:00','18:02:00','3729704','8','',''),
('624010040877526','18:05:00','18:05:00','3729705','9','',''),
('624010040877526','18:06:00','18:06:00','3729706','10','',''),
('624010040877526','18:09:00','18:09:00','3729707','11','',''),
('624010070877526','18:50:00','18:50:00','3729697','1','',''),
('624010070877526','18:51:00','18:51:00','5604540','2','',''),
('624010070877526','18:54:00','18:54:00','3729698','3','',''),
('624010070877526','18:57:00','18:57:00','3729699','4','',''),
('624010070877526','18:59:00','18:59:00','3729701','5','',''),
('624010070877526','19:01:00','19:01:00','3729702','6','',''),
('624010070877526','19:05:00','19:05:00','3729703','7','',''),
('624010070877526','19:07:00','19:07:00','3729704','8','',''),
('624010070877526','19:10:00','19:10:00','3729705','9','',''),
('624010070877526','19:11:00','19:11:00','3729706','10','',''),
('624010070877526','19:14:00','19:14:00','3729707','11','',''),
('625291230877526','10:05:00','10:05:00','3729697','1','',''),
('625291230877526','10:06:00','10:06:00','5604540','2','',''),
('625291230877526','10:09:00','10:09:00','3729698','3','',''),
('625291230877526','10:12:00','10:12:00','3729699','4','',''),
('625291230877526','10:14:00','10:14:00','3729701','5','',''),
('625291230877526','10:16:00','10:16:00','3729702','6','',''),
('625291230877526','10:20:00','10:20:00','3729703','7','',''),
('625291230877526','10:22:00','10:22:00','3729704','8','',''),
('625291230877526','10:25:00','10:25:00','3729705','9','',''),
('625291230877526','10:26:00','10:26:00','3729706','10','',''),
('625291230877526','10:29:00','10:29:00','3729707','11','',''),
('625291240877526','13:25:00','13:25:00','3729697','1','',''),
('625291240877526','13:26:00','13:26:00','5604540','2','',''),
('625291240877526','13:29:00','13:29:00','3729698','3','',''),
('625291240877526','13:32:00','13:32:00','3729699','4','',''),
('625291240877526','13:34:00','13:34:00','3729701','5','',''),
('625291240877526','13:36:00','13:36:00','3729702','6','',''),
('625291240877526','13:40:00','13:40:00','3729703','7','',''),
('625291240877526','13:42:00','13:42:00','3729704','8','',''),
('625291240877526','13:45:00','13:45:00','3729705','9','',''),
('625291240877526','13:46:00','13:46:00','3729706','10','',''),
('625291240877526','13:49:00','13:49:00','3729707','11','',''),
('625291250877526','18:50:00','18:50:00','3729697','1','',''),
('625291250877526','18:51:00','18:51:00','5604540','2','',''),
('625291250877526','18:54:00','18:54:00','3729698','3','',''),
('625291250877526','18:57:00','18:57:00','3729699','4','',''),
('625291250877526','18:59:00','18:59:00','3729701','5','',''),
('625291250877526','19:01:00','19:01:00','3729702','6','',''),
('625291250877526','19:05:00','19:05:00','3729703','7','',''),
('625291250877526','19:07:00','19:07:00','3729704','8','',''),
('625291250877526','19:10:00','19:10:00','3729705','9','',''),
('625291250877526','19:11:00','19:11:00','3729706','10','',''),
('625291250877526','19:14:00','19:14:00','3729707','11','',''),
('724010040877526','18:50:00','18:50:00','3729697','1','',''),
('724010040877526','18:51:00','18:51:00','5604540','2','',''),
('724010040877526','18:54:00','18:54:00','3729698','3','',''),
('724010040877526','18:57:00','18:57:00','3729699','4','',''),
('724010040877526','18:59:00','18:59:00','3729701','5','',''),
('724010040877526','19:01:00','19:01:00','3729702','6','',''),
('724010040877526','19:05:00','19:05:00','3729703','7','',''),
('724010040877526','19:07:00','19:07:00','3729704','8','',''),
('724010040877526','19:10:00','19:10:00','3729705','9','',''),
('724010040877526','19:11:00','19:11:00','3729706','10','',''),
('724010040877526','19:14:00','19:14:00','3729707','11','',''),
('725291230877526','10:35:00','10:35:00','3729697','1','',''),
('725291230877526','10:36:00','10:36:00','5604540','2','',''),
('725291230877526','10:39:00','10:39:00','3729698','3','',''),
('725291230877526','10:42:00','10:42:00','3729699','4','',''),
('725291230877526','10:44:00','10:44:00','3729701','5','',''),
('725291230877526','10:46:00','10:46:00','3729702','6','',''),
('725291230877526','10:50:00','10:50:00','3729703','7','',''),
('725291230877526','10:52:00','10:52:00','3729704','8','',''),
('725291230877526','10:55:00','10:55:00','3729705','9','',''),
('725291230877526','10:56:00','10:56:00','3729706','10','',''),
('725291230877526','10:59:00','10:59:00','3729707','11','',''),
('725291240877526','14:30:00','14:30:00','3729697','1','',''),
('725291240877526','14:31:00','14:31:00','5604540','2','',''),
('725291240877526','14:34:00','14:34:00','3729698','3','',''),
('725291240877526','14:37:00','14:37:00','3729699','4','',''),
('725291240877526','14:39:00','14:39:00','3729701','5','',''),
('725291240877526','14:41:00','14:41:00','3729702','6','',''),
('725291240877526','14:45:00','14:45:00','3729703','7','',''),
('725291240877526','14:47:00','14:47:00','3729704','8','',''),
('725291240877526','14:50:00','14:50:00','3729705','9','',''),
('725291240877526','14:51:00','14:51:00','3729706','10','',''),
('725291240877526','14:54:00','14:54:00','3729707','11','',''),
('825291230877526','11:10:00','11:10:00','3729697','1','',''),
('825291230877526','11:11:00','11:11:00','5604540','2','',''),
('825291230877526','11:14:00','11:14:00','3729698','3','',''),
('825291230877526','11:17:00','11:17:00','3729699','4','',''),
('825291230877526','11:19:00','11:19:00','3729701','5','',''),
('825291230877526','11:21:00','11:21:00','3729702','6','',''),
('825291230877526','11:25:00','11:25:00','3729703','7','',''),
('825291230877526','11:27:00','11:27:00','3729704','8','',''),
('825291230877526','11:30:00','11:30:00','3729705','9','',''),
('825291230877526','11:31:00','11:31:00','3729706','10','',''),
('825291230877526','11:34:00','11:34:00','3729707','11','',''),
('825291240877526','15:35:00','15:35:00','3729697','1','',''),
('825291240877526','15:36:00','15:36:00','5604540','2','',''),
('825291240877526','15:39:00','15:39:00','3729698','3','',''),
('825291240877526','15:42:00','15:42:00','3729699','4','',''),
('825291240877526','15:44:00','15:44:00','3729701','5','',''),
('825291240877526','15:46:00','15:46:00','3729702','6','',''),
('825291240877526','15:50:00','15:50:00','3729703','7','',''),
('825291240877526','15:52:00','15:52:00','3729704','8','',''),
('825291240877526','15:55:00','15:55:00','3729705','9','',''),
('825291240877526','15:56:00','15:56:00','3729706','10','',''),
('825291240877526','15:59:00','15:59:00','3729707','11','',''),
('925291230877526','11:40:00','11:40:00','3729697','1','',''),
('925291230877526','11:41:00','11:41:00','5604540','2','',''),
('925291230877526','11:44:00','11:44:00','3729698','3','',''),
('925291230877526','11:47:00','11:47:00','3729699','4','',''),
('925291230877526','11:49:00','11:49:00','3729701','5','',''),
('925291230877526','11:51:00','11:51:00','3729702','6','',''),
('925291230877526','11:55:00','11:55:00','3729703','7','',''),
('925291230877526','11:57:00','11:57:00','3729704','8','',''),
('925291230877526','12:00:00','12:00:00','3729705','9','',''),
('925291230877526','12:01:00','12:01:00','3729706','10','',''),
('925291230877526','12:04:00','12:04:00','3729707','11','',''),
('925291240877526','16:40:00','16:40:00','3729697','1','',''),
('925291240877526','16:41:00','16:41:00','5604540','2','',''),
('925291240877526','16:44:00','16:44:00','3729698','3','',''),
('925291240877526','16:47:00','16:47:00','3729699','4','',''),
('925291240877526','16:49:00','16:49:00','3729701','5','',''),
('925291240877526','16:51:00','16:51:00','3729702','6','',''),
('925291240877526','16:55:00','16:55:00','3729703','7','',''),
('925291240877526','16:57:00','16:57:00','3729704','8','',''),
('925291240877526','17:00:00','17:00:00','3729705','9','',''),
('925291240877526','17:01:00','17:01:00','3729706','10','',''),
('925291240877526','17:04:00','17:04:00','3729707','11','','');
INSERT INTO calendar (service_id,monday,tuesday,wednesday,thursday,friday,saturday,sunday,start_date,end_date) VALUES
('2529126','0','0','0','0','0','0','0','20171224','20180617'),
('2529127','0','0','0','0','0','0','0','20171222','20180615'),
('2529128','0','0','0','0','0','0','0','20180106','20180616'),
('2401007','0','0','0','0','0','0','0','20171223','20171230'),
('2401009','0','0','0','0','0','0','0','20171221','20171228'),
('2401004','0','0','0','0','0','0','0','20171221','20171228'),
('2401013','0','0','0','0','0','0','0','20171221','20171228'),
('2401018','0','0','0','0','0','0','0','20171221','20171228'),
('2401016','0','0','0','0','0','0','0','20171223','20171230'),
('2529123','0','0','0','0','0','0','0','20171224','20180617'),
('2529124','0','0','0','0','0','0','0','20171222','20180615'),
('2529125','0','0','0','0','0','0','0','20180106','20180616');
INSERT INTO calendar_dates (service_id,date,exception_type) VALUES
('2529126','20171224','1'),
('2529126','20171231','1'),
('2529126','20180107','1'),
('2529126','20180114','1'),
('2529126','20180121','1'),
('2529126','20180128','1'),
('2529126','20180204','1'),
('2529126','20180211','1'),
('2529126','20180218','1'),
('2529126','20180225','1'),
('2529126','20180304','1'),
('2529126','20180311','1'),
('2529126','20180318','1'),
('2529126','20180325','1'),
('2529126','20180401','1'),
('2529126','20180408','1'),
('2529126','20180415','1'),
('2529126','20180422','1'),
('2529126','20180429','1'),
('2529126','20180506','1'),
('2529126','20180513','1'),
('2529126','20180520','1'),
('2529126','20180527','1'),
('2529126','20180603','1'),
('2529126','20180610','1'),
('2529126','20180617','1'),
('2529127','20171222','1'),
('2529127','20171227','1'),
('2529127','20171229','1'),
('2529127','20180103','1'),
('2529127','20180104','1'),
('2529127','20180105','1'),
('2529127','20180110','1'),
('2529127','20180111','1'),
('2529127','20180112','1'),
('2529127','20180117','1'),
('2529127','20180118','1'),
('2529127','20180119','1'),
('2529127','20180124','1'),
('2529127','20180125','1'),
('2529127','20180126','1'),
('2529127','20180131','1'),
('2529127','20180201','1'),
('2529127','20180202','1'),
('2529127','20180207','1'),
('2529127','20180208','1'),
('2529127','20180209','1'),
('2529127','20180214','1'),
('2529127','20180215','1'),
('2529127','20180216','1'),
('2529127','20180221','1'),
('2529127','20180222','1'),
('2529127','20180223','1'),
('2529127','20180228','1'),
('2529127','20180301','1'),
('2529127','20180302','1'),
('2529127','20180307','1'),
('2529127','20180308','1'),
('2529127','20180309','1'),
('2529127','20180314','1'),
('2529127','20180315','1'),
('2529127','20180316','1'),
('2529127','20180321','1'),
('2529127','20180322','1'),
('2529127','20180323','1'),
('2529127','20180328','1'),
('2529127','20180329','1'),
('2529127','20180330','1'),
('2529127','20180404','1'),
('2529127','20180405','1'),
('2529127','20180406','1'),
('2529127','20180411','1'),
('2529127','20180412','1'),
('2529127','20180413','1'),
('2529127','20180418','1'),
('2529127','20180419','1'),
('2529127','20180420','1'),
('2529127','20180425','1'),
('2529127','20180426','1'),
('2529127','20180427','1'),
('2529127','20180502','1'),
('2529127','20180503','1'),
('2529127','20180504','1'),
('2529127','20180509','1'),
('2529127','20180511','1'),
('2529127','20180516','1'),
('2529127','20180517','1'),
('2529127','20180518','1'),
('2529127','20180523','1'),
('2529127','20180524','1'),
('2529127','20180525','1'),
('2529127','20180530','1'),
('2529127','20180531','1'),
('2529127','20180601','1'),
('2529127','20180606','1'),
('2529127','20180607','1'),
('2529127','20180608','1'),
('2529127','20180613','1'),
('2529127','20180614','1'),
('2529127','20180615','1'),
('2529128','20180106','1'),
('2529128','20180113','1'),
('2529128','20180120','1'),
('2529128','20180127','1'),
('2529128','20180203','1'),
('2529128','20180210','1'),
('2529128','20180217','1'),
('2529128','20180224','1'),
('2529128','20180303','1'),
('2529128','20180310','1'),
('2529128','20180317','1'),
('2529128','20180324','1'),
('2529128','20180331','1'),
('2529128','20180407','1'),
('2529128','20180414','1'),
('2529128','20180421','1'),
('2529128','20180428','1'),
('2529128','20180505','1'),
('2529128','20180512','1'),
('2529128','20180519','1'),
('2529128','20180526','1'),
('2529128','20180602','1'),
('2529128','20180609','1'),
('2529128','20180616','1'),
('2401007','20171223','1'),
('2401007','20171230','1'),
('2401009','20171221','1'),
('2401009','20171228','1'),
('2401004','20171221','1'),
('2401004','20171228','1'),
('2401013','20171221','1'),
('2401013','20171228','1'),
('2401018','20171221','1'),
('2401018','20171228','1'),
('2401016','20171223','1'),
('2401016','20171230','1'),
('2529123','20171224','1'),
('2529123','20171231','1'),
('2529123','20180107','1'),
('2529123','20180114','1'),
('2529123','20180121','1'),
('2529123','20180128','1'),
('2529123','20180204','1'),
('2529123','20180211','1'),
('2529123','20180218','1'),
('2529123','20180225','1'),
('2529123','20180304','1'),
('2529123','20180311','1'),
('2529123','20180318','1'),
('2529123','20180325','1'),
('2529123','20180401','1'),
('2529123','20180408','1'),
('2529123','20180415','1'),
('2529123','20180422','1'),
('2529123','20180429','1'),
('2529123','20180506','1'),
('2529123','20180513','1'),
('2529123','20180520','1'),
('2529123','20180527','1'),
('2529123','20180603','1'),
('2529123','20180610','1'),
('2529123','20180617','1'),
('2529124','20171222','1'),
('2529124','20171227','1'),
('2529124','20171229','1'),
('2529124','20180103','1'),
('2529124','20180104','1'),
('2529124','20180105','1'),
('2529124','20180110','1'),
('2529124','20180111','1'),
('2529124','20180112','1'),
('2529124','20180117','1'),
('2529124','20180118','1'),
('2529124','20180119','1'),
('2529124','20180124','1'),
('2529124','20180125','1'),
('2529124','20180126','1'),
('2529124','20180131','1'),
('2529124','20180201','1'),
('2529124','20180202','1'),
('2529124','20180207','1'),
('2529124','20180208','1'),
('2529124','20180209','1'),
('2529124','20180214','1'),
('2529124','20180215','1'),
('2529124','20180216','1'),
('2529124','20180221','1'),
('2529124','20180222','1'),
('2529124','20180223','1'),
('2529124','20180228','1'),
('2529124','20180301','1'),
('2529124','20180302','1'),
('2529124','20180307','1'),
('2529124','20180308','1'),
('2529124','20180309','1'),
('2529124','20180314','1'),
('2529124','20180315','1'),
('2529124','20180316','1'),
('2529124','20180321','1'),
('2529124','20180322','1'),
('2529124','20180323','1'),
('2529124','20180328','1'),
('2529124','20180329','1'),
('2529124','20180330','1'),
('2529124','20180404','1'),
('2529124','20180405','1'),
('2529124','20180406','1'),
('2529124','20180411','1'),
('2529124','20180412','1'),
('2529124','20180413','1'),
('2529124','20180418','1'),
('2529124','20180419','1'),
('2529124','20180420','1'),
('2529124','20180425','1'),
('2529124','20180426','1'),
('2529124','20180427','1'),
('2529124','20180502','1'),
('2529124','20180503','1'),
('2529124','20180504','1'),
('2529124','20180509','1'),
('2529124','20180511','1'),
('2529124','20180516','1'),
('2529124','20180517','1'),
('2529124','20180518','1'),
('2529124','20180523','1'),
('2529124','20180524','1'),
('2529124','20180525','1'),
('2529124','20180530','1'),
('2529124','20180531','1'),
('2529124','20180601','1'),
('2529124','20180606','1'),
('2529124','20180607','1'),
('2529124','20180608','1'),
('2529124','20180613','1'),
('2529124','20180614','1'),
('2529124','20180615','1'),
('2529125','20180106','1'),
('2529125','20180113','1'),
('2529125','20180120','1'),
('2529125','20180127','1'),
('2529125','20180203','1'),
('2529125','20180210','1'),
('2529125','20180217','1'),
('2529125','20180224','1'),
('2529125','20180303','1'),
('2529125','20180310','1'),
('2529125','20180317','1'),
('2529125','20180324','1'),
('2529125','20180331','1'),
('2529125','20180407','1'),
('2529125','20180414','1'),
('2529125','20180421','1'),
('2529125','20180428','1'),
('2529125','20180505','1'),
('2529125','20180512','1'),
('2529125','20180519','1'),
('2529125','20180526','1'),
('2529125','20180602','1'),
('2529125','20180609','1'),
('2529125','20180616','1');
INSERT INTO routes (route_id,agency_id,route_short_name,route_long_name,route_desc,route_type,route_url,route_color,route_text_color) VALUES
('1257855','100','597','HIRONDE (CIMETIERE INTERCOMMUNAL <-> HOTEL DE VILLE DE MALAKOFF) - Aller','','3','','FFFFFF','000000'),
('1257856','100','597','HIRONDE (HOTEL DE VILLE DE MALAKOFF <-> HOTEL DE VILLE DE MALAKOFF) - Aller','','3','','FFFFFF','000000'),
('1272314','100','597','HIRONDE (CIMETIERE INTERCOMMUNAL <-> PIERRE BROSSOLETTE-GABRIEL PERI) - Retour','','3','','FFFFFF','000000'),
('877878','100','597','HIRONDE (HOTEL DE VILLE DE MALAKOFF <-> HOTEL DE VILLE DE MALAKOFF) - Aller','','3','','FFFFFF','000000');
INSERT INTO agency (agency_id,agency_name,agency_url,agency_timezone,agency_lang,agency_phone) VALUES
('100','RATP (100)','http://www.ratp.fr/','CET','','');
INSERT INTO trips (route_id,service_id,trip_id,trip_headsign,trip_short_name,direction_id,shape_id) VALUES
('1257855','2401009','124010091250472','','1','0',''),
('1257856','2529126','1025291260869583','','10','0',''),
('1257856','2529127','1025291270869583','','10','0',''),
('1257856','2529126','1125291260869583','','11','0',''),
('1257856','2529127','1125291270869583','','11','0',''),
('1257856','2401013','124010130869583','','1','0',''),
('1257856','2401016','124010160869583','','1','0',''),
('1257856','2529126','125291260869583','','1','0',''),
('1257856','2529127','125291270869583','','1','0',''),
('1257856','2529128','125291280869583','','1','0',''),
('1257856','2401013','224010130869583','','2','0',''),
('1257856','2401016','224010160869583','','2','0',''),
('1257856','2529126','225291260869583','','2','0',''),
('1257856','2529127','225291270869583','','2','0',''),
('1257856','2529128','225291280869583','','2','0',''),
('1257856','2401013','324010130869583','','3','0',''),
('1257856','2401016','324010160869583','','3','0',''),
('1257856','2529126','325291260869583','','3','0',''),
('1257856','2529127','325291270869583','','3','0',''),
('1257856','2529128','325291280869583','','3','0',''),
('1257856','2401013','424010130869583','','4','0',''),
('1257856','2401016','424010160869583','','4','0',''),
('1257856','2529126','425291260869583','','4','0',''),
('1257856','2529127','425291270869583','','4','0',''),
('1257856','2529128','425291280869583','','4','0',''),
('1257856','2401013','524010130869583','','5','0',''),
('1257856','2401016','524010160869583','','5','0',''),
('1257856','2529126','525291260869583','','5','0',''),
('1257856','2529127','525291270869583','','5','0',''),
('1257856','2529128','525291280869583','','5','0',''),
('1257856','2401013','624010130869583','','6','0',''),
('1257856','2401016','624010160869583','','6','0',''),
('1257856','2529126','625291260869583','','6','0',''),
('1257856','2529127','625291270869583','','6','0',''),
('1257856','2529128','625291280869583','','6','0',''),
('1257856','2401013','724010130869583','','7','0',''),
('1257856','2529126','725291260869583','','7','0',''),
('1257856','2529127','725291270869583','','7','0',''),
('1257856','2529126','825291260869583','','8','0',''),
('1257856','2529127','825291270869583','','8','0',''),
('1257856','2529126','925291260869583','','9','0',''),
('1257856','2529127','925291270869583','','9','0',''),
('1272314','2401018','124010181250473','','1','1',''),
('877878','2529123','1025291230877526','','10','0',''),
('877878','2529124','1025291240877526','','10','0',''),
('877878','2529123','1125291230877526','','11','0',''),
('877878','2529124','1125291240877526','','11','0',''),
('877878','2401004','124010040877526','','1','0',''),
('877878','2401007','124010070877526','','1','0',''),
('877878','2529123','125291230877526','','1','0',''),
('877878','2529124','125291240877526','','1','0',''),
('877878','2529125','125291250877526','','1','0',''),
('877878','2401004','224010040877526','','2','0',''),
('877878','2401007','224010070877526','','2','0',''),
('877878','2529123','225291230877526','','2','0',''),
('877878','2529124','225291240877526','','2','0',''),
('877878','2529125','225291250877526','','2','0',''),
('877878','2401004','324010040877526','','3','0',''),
('877878','2401007','324010070877526','','3','0',''),
('877878','2529123','325291230877526','','3','0',''),
('877878','2529124','325291240877526','','3','0',''),
('877878','2529125','325291250877526','','3','0',''),
('877878','2401004','424010040877526','','4','0',''),
('877878','2401007','424010070877526','','4','0',''),
('877878','2529123','425291230877526','','4','0',''),
('877878','2529124','425291240877526','','4','0',''),
('877878','2529125','425291250877526','','4','0',''),
('877878','2401004','524010040877526','','5','0',''),
('877878','2401007','524010070877526','','5','0',''),
('877878','2529123','525291230877526','','5','0',''),
('877878','2529124','525291240877526','','5','0',''),
('877878','2529125','525291250877526','','5','0',''),
('877878','2401004','624010040877526','','6','0',''),
('877878','2401007','624010070877526','','6','0',''),
('877878','2529123','625291230877526','','6','0',''),
('877878','2529124','625291240877526','','6','0',''),
('877878','2529125','625291250877526','','6','0',''),
('877878','2401004','724010040877526','','7','0',''),
('877878','2529123','725291230877526','','7','0',''),
('877878','2529124','725291240877526','','7','0',''),
('877878','2529123','825291230877526','','8','0',''),
('877878','2529124','825291240877526','','8','0',''),
('877878','2529123','925291230877526','','9','0',''),
('877878','2529124','925291240877526','','9','0','');
INSERT INTO transfers (from_stop_id,to_stop_id,transfer_type,min_transfer_time) VALUES
('3442553','5604540','2','144'),
('5137973','3681972','2','16'),
('5067432','3681977','2','18'),
('3681980','5122077','2','30'),
('3887806','3681987','2','110'),
('3682015','5221799','2','54'),
('3442551','3729701','2','52'),
('4473570','3681974','2','18'),
('3619143','3681986','2','65'),
('5138020','3682017','2','27'),
('3619143','3681985','2','110'),
('5121455','3729699','2','54'),
('3619143','3681982','2','28'),
('5138019','3729702','2','91'),
('3681967','5221799','2','54'),
('6682626','3682003','2','18'),
('3682008','5121768','2','67'),
('3729702','5122021','2','8'),
('3682008','5121769','2','53'),
('5121407','3681970','2','8'),
('3681970','5122078','2','121'),
('3681970','5122079','2','91'),
('3442552','3729701','2','83'),
('3729704','5370713','2','30'),
('5121455','3681967','2','54'),
('6682586','3681977','2','18'),
('3681969','5370716','2','27'),
('3619168','3682009','2','112'),
('4473564','3681985','2','110'),
('4473564','3681982','2','28'),
('3681972','5221747','2','16'),
('3729704','5122077','2','30'),
('4473561','3681984','2','48'),
('4473564','3681986','2','65'),
('3682010','5221795','2','30'),
('3887805','3681987','2','110'),
('3729701','5221798','2','27'),
('5138017','3682010','2','30'),
('5138021','3681967','2','54'),
('3729704','5221747','2','16'),
('5121452','3729702','2','121'),
('3681989','2276','2','214'),
('3681984','5151482','2','126'),
('5121454','3682017','2','27'),
('5067582','3682004','2','60'),
('3729701','5122080','2','27'),
('3682008','5121990','2','67'),
('5315309','3681983','2','109'),
('5121423','3681977','2','18'),
('3442551','3682017','2','52'),
('3619136','5604540','2','144'),
('5138017','3681972','2','30'),
('5121409','3681980','2','16'),
('4687371','3682003','2','18'),
('3682010','5122077','2','30'),
('3681987','5121765','2','73'),
('5067581','3681976','2','60'),
('3681987','5121764','2','73'),
('3729699','5370717','2','54'),
('5138019','3681970','2','91'),
('3681988','5121767','2','139'),
('3682008','5121989','2','53'),
('5137971','3681970','2','8'),
('5067581','3681983','2','60'),
('5315309','3682004','2','69'),
('3681969','5221798','2','27'),
('3681970','5370715','2','91'),
('4473571','3682006','2','18'),
('3682017','5221798','2','27'),
('3681970','5370714','2','121'),
('5137973','3681980','2','16'),
('3729702','5221745','2','8'),
('3681989','1880','2','214'),
('5121451','3681972','2','30'),
('3681988','5121766','2','133'),
('3681989','5121769','2','53'),
('3619147','3682004','2','60'),
('3681989','5121768','2','67'),
('5138017','3681980','2','30'),
('3681972','5122023','2','16'),
('5121409','3681972','2','16'),
('3619143','3681975','2','28'),
('3681970','5221796','2','121'),
('3681970','5221797','2','91'),
('3681967','5370717','2','54'),
('3681980','5221747','2','16'),
('5137973','3729704','2','16'),
('4687348','3681984','2','126'),
('3682015','5370717','2','54'),
('3682010','5221747','2','16'),
('3729702','5370714','2','121'),
('3442552','3682017','2','83'),
('3729702','5370715','2','91'),
('3619144','3681975','2','88'),
('5121451','3682010','2','30'),
('3619148','3681976','2','60'),
('3681972','5221795','2','30'),
('3729701','5370716','2','27'),
('3681980','5122023','2','16'),
('5121454','3729701','2','27'),
('3681970','5122021','2','8'),
('3909088','3682003','2','31'),
('3729704','5122023','2','16'),
('3682008','2276','2','214'),
('5138020','3681969','2','27'),
('3681972','5370713','2','30'),
('5137971','3729702','2','8'),
('5121422','3682003','2','18'),
('5121451','3729704','2','30'),
('4473637','3681975','2','28'),
('4473637','3682005','2','65'),
('3619144','3681982','2','88'),
('5121407','3729702','2','8'),
('5138020','3729701','2','27'),
('5138017','3729704','2','30'),
('5121453','3681970','2','91'),
('3619143','3682005','2','65'),
('3729699','5221799','2','54'),
('5315309','3681976','2','109'),
('3729702','5122079','2','91'),
('3681980','5370713','2','30'),
('3619144','3681985','2','118'),
('5137973','3682010','2','16'),
('3619168','3681979','2','112'),
('3729702','5122078','2','121'),
('5121451','3681980','2','30'),
('5121452','3681970','2','121'),
('3682017','5122080','2','27'),
('3682010','5122023','2','16'),
('3619168','3681971','2','112'),
('3682008','1880','2','214'),
('5121453','3729702','2','91'),
('6682585','3681977','2','81'),
('3682010','5370713','2','30'),
('3619148','3681983','2','60'),
('3729699','5122081','2','54'),
('4473637','3681986','2','65'),
('3442551','3681969','2','52'),
('4473637','3681985','2','110'),
('4473564','3682005','2','65'),
('4473637','3681982','2','28'),
('3619134','5604540','2','108'),
('3681989','5121989','2','53'),
('5121454','3681969','2','27'),
('4473565','3681982','2','88'),
('3729704','5221795','2','30'),
('3729702','5221796','2','121'),
('3729702','5221797','2','91'),
('4473565','3681985','2','118'),
('4473564','3681975','2','28'),
('3681980','5221795','2','30'),
('3682017','5370716','2','27'),
('5138021','3729699','2','54'),
('3681989','5121990','2','67'),
('3619168','3729703','2','112'),
('5121409','3729704','2','16'),
('5121409','3682010','2','16'),
('3619167','3682008','2','128'),
('3681970','5221745','2','8'),
('4473640','3681974','2','18'),
('3682015','5122081','2','54'),
('3619135','5604540','2','86'),
('3442552','3681969','2','83'),
('3681972','5122077','2','30'),
('5121455','3682015','2','54'),
('3681973','5121767','2','139'),
('5138018','3729702','2','121'),
('3681967','5122081','2','54'),
('3681973','5121766','2','133'),
('4473565','3681975','2','88'),
('3681969','5122080','2','27'),
('3909088','3681977','2','48'),
('4687372','3681977','2','18'),
('5138021','3682015','2','54'),
('3619167','3681989','2','128'),
('5067447','3682003','2','18'),
('3682007','5121766','2','133'),
('6682585','3682003','2','67'),
('3682007','5121767','2','139'),
('5138018','3681970','2','121'),
('4473640','3681981','2','18'),
('5315281','3682004','2','144'),
('4473570','3681981','2','18');
INSERT INTO stops (stop_id,stop_code,stop_name,stop_desc,stop_lat,stop_lon,location_type,parent_station) VALUES
('3682005','','ROND-POINT HENRI BARBUSSE','0 RPT HENRI BARBUSSE - 92046','48.81410730077502','2.287786140478486','0',''),
('3682006','','ROND-POINT GAGARINE','21 BOULEVARD DE STALINGRAD - 92046','48.81184495378081','2.294401959261595','0',''),
('3682003','','CIMETIERE INTERCOMMUNAL','183 RUE DE LA PORTE DE TRIVAUX - 92023','48.78687634148946','2.245932069536149','0',''),
('3682004','','COLONEL FABIEN','64 BOULEVARD DU COLONEL FABIEN - 92046','48.81151574234897','2.2808483900184924','0',''),
('3682009','','JOLIOT CURIE','FACE 6 AV IRENE ET FREDERIC JOLIOT CURIE - 92046','48.8154422235913','2.3009314548288073','0',''),
('3682007','','AMBROISE CROIZAT','99 R VAILLANT COUTURIER - 92046','48.81576327711803','2.293486895647058','0',''),
('3682008','','ETIENNE DOLET-METRO','RUE GUY MOQUET - 92046','48.81491982546912','2.2974614831883087','0',''),
('3729697','','HOTEL DE VILLE DE MALAKOFF','PL DU 11 NOVEMBRE - 92046','48.82063740758417','2.3018805657242396','0',''),
('3729699','','DEPINOY','FACE 37 AV PIERRE BROSSOLETTE - 92046','48.821745681267025','2.313013571294374','0',''),
('3729698','','VICTOR HUGO','R VICTOR HUGO - 92046','48.823200502897365','2.3077725274735896','0',''),
('3682014','','VICTOR HUGO','R VICTOR HUGO - 92046','48.823200502897365','2.3077725274735896','0',''),
('3681967','','DEPINOY','FACE 37 AV PIERRE BROSSOLETTE - 92046','48.821745681267025','2.313013571294374','0',''),
('3682015','','DEPINOY','FACE 37 AV PIERRE BROSSOLETTE - 92046','48.821745681267025','2.313013571294374','0',''),
('3681969','','PIERRE BROSSOLETTE - GABRIEL PERI','62 AVENUE PIERRE BROSSOLETTE - 92046','48.819462162874615','2.310033969847727','0',''),
('3682017','','PIERRE BROSSOLETTE - GABRIEL PERI','62 AVENUE PIERRE BROSSOLETTE - 92046','48.819462162874615','2.310033969847727','0',''),
('3729701','','PIERRE BROSSOLETTE - GABRIEL PERI','62 AVENUE PIERRE BROSSOLETTE - 92046','48.819462162874615','2.310033969847727','0',''),
('3729706','','AUGUSTIN DUMONT','1 R GUY MOQUET - 92046','48.8179051379773','2.3018552078239987','0',''),
('5604540','','CENTRE MEDICAL DE SANTE','71 AVENUE PIERRE LAROUSSE - 92046','48.820916904093785','2.3049700126679156','0',''),
('3729707','','HOTEL DE VILLE DE MALAKOFF.','PL DU 11 NOVEMBRE - 92046','48.82055645343307','2.301662850605415','0',''),
('3681991','','AUGUSTIN DUMONT','1 R GUY MOQUET - 92046','48.8179051379773','2.3018552078239987','0',''),
('3681990','','MAURICE THOREZ','39 R GUY MOCQUET - 92046','48.816448613894025','2.3001686149082823','0',''),
('3729702','','PIERRE BROSSOLETTE - AUGUSTIN DUMONT','128-130 AV PIERRE BROSSOLETTE - 92046','48.81756514042195','2.30746270141898','0',''),
('3729703','','JOLIOT CURIE','FACE 6 AV IRENE ET FREDERIC JOLIOT CURIE - 92046','48.8154422235913','2.3009314548288073','0',''),
('3681966','','VICTOR HUGO','R VICTOR HUGO - 92046','48.823200502897365','2.3077725274735896','0',''),
('3729704','','PIERRE BROSSOLETTE - ETIENNE DOLET','210 AV PIERRE BROSSOLETTE - 92046','48.81340227393181','2.3018174520687054','0',''),
('3729705','','MAURICE THOREZ','39 R GUY MOCQUET - 92046','48.816448613894025','2.3001686149082823','0',''),
('3681965','','HOTEL DE VILLE DE MALAKOFF','PL DU 11 NOVEMBRE - 92046','48.82063740758417','2.3018805657242396','0',''),
('3681992','','HOTEL DE VILLE DE MALAKOFF.','PL DU 11 NOVEMBRE - 92046','48.82055645343307','2.301662850605415','0',''),
('3682011','','MAURICE THOREZ','39 R GUY MOCQUET - 92046','48.816448613894025','2.3001686149082823','0',''),
('3682010','','PIERRE BROSSOLETTE - ETIENNE DOLET','210 AV PIERRE BROSSOLETTE - 92046','48.81340227393181','2.3018174520687054','0',''),
('3682013','','HOTEL DE VILLE DE MALAKOFF','19 R BERANGER - 92046','48.82049347835953','2.3014587343882518','0',''),
('3682012','','AUGUSTIN DUMONT','1 R GUY MOQUET - 92046','48.8179051379773','2.3018552078239987','0',''),
('3681980','','PIERRE BROSSOLETTE - ETIENNE DOLET','210 AV PIERRE BROSSOLETTE - 92046','48.81340227393181','2.3018174520687054','0',''),
('3681983','','COLONEL FABIEN','FACE 52 BOULEVARD DU COLONEL FABIEN - 92046','48.81209081636463','2.280548379801124','0',''),
('3681984','','CLOS MONTHOLON','BD DE STALINGRAD - 92046','48.81433730792476','2.279620512759688','0',''),
('3681981','','ROND-POINT GAGARINE','44 R DU 19 MARS 1962 - 92046','48.81202468926008','2.2943473772686493','0',''),
('3681982','','JULES GUESDE','FACE 74 R JULES GUESDE - 92046','48.81387307516317','2.2864935189324047','0',''),
('3681987','','GARE DE VANVES - MALAKOFF','FACE 5 BD CAMELINAT - 92046','48.818126698064745','2.2925458123472287','0',''),
('3681988','','AMBROISE CROIZAT','99 R VAILLANT COUTURIER - 92046','48.81576327711803','2.293486895647058','0',''),
('3681985','','CIMETIERE COMMUNAL','FACE 32 BD STALINGRAD - 92046','48.81481672357971','2.2863428956324334','0',''),
('3681986','','ROND-POINT HENRI BARBUSSE','0 RPT HENRI BARBUSSE - 92046','48.81410730077502','2.287786140478486','0',''),
('3681989','','ETIENNE DOLET-METRO','RUE GUY MOQUET - 92046','48.81491982546912','2.2974614831883087','0',''),
('3681970','','PIERRE BROSSOLETTE - AUGUSTIN DUMONT','128-130 AV PIERRE BROSSOLETTE - 92046','48.81756514042195','2.30746270141898','0',''),
('3681971','','JOLIOT CURIE','FACE 6 AV IRENE ET FREDERIC JOLIOT CURIE - 92046','48.8154422235913','2.3009314548288073','0',''),
('3681972','','PIERRE BROSSOLETTE - ETIENNE DOLET','210 AV PIERRE BROSSOLETTE - 92046','48.81340227393181','2.3018174520687054','0',''),
('3681973','','AMBROISE CROIZAT','99 R VAILLANT COUTURIER - 92046','48.81576327711803','2.293486895647058','0',''),
('3681974','','ROND-POINT GAGARINE','44 R DU 19 MARS 1962 - 92046','48.81202468926008','2.2943473772686493','0',''),
('3681975','','JULES GUESDE','FACE 74 R JULES GUESDE - 92046','48.81387307516317','2.2864935189324047','0',''),
('3681976','','COLONEL FABIEN','FACE 52 BOULEVARD DU COLONEL FABIEN - 92046','48.81209081636463','2.280548379801124','0',''),
('3681977','','CIMETIERE INTERCOMMUNAL','FACE 179 RUE DE LA PORTE DE TRIVAUX - 92023','48.787037998768085','2.2457685628922226','0',''),
('3681978','','HOTEL DE VILLE DE MALAKOFF','PL DU 11 NOVEMBRE - 92046','48.82063740758417','2.3018805657242396','0',''),
('3681979','','JOLIOT CURIE','FACE 6 AV IRENE ET FREDERIC JOLIOT CURIE - 92046','48.8154422235913','2.3009314548288073','0','');
