INSERT INTO stop_times (trip_id,arrival_time,departure_time,stop_id,stop_sequence,stop_headsign,shape_dist_traveled) VALUES
('1025410611039021','04:38:00','04:38:00','4473125','1','',''),
('1025410611039021','04:47:00','04:47:00','4473127','2','',''),
('1025410611039021','04:59:00','04:59:00','4473129','3','',''),
('1025410611039021','05:05:00','05:05:00','4473131','4','',''),
('1025410611039021','05:10:00','05:10:00','4473133','5','',''),
('1025410611039021','05:15:00','05:15:00','4473134','6','',''),
('1025410611039021','05:19:00','05:19:00','4473136','7','',''),
('1025410611039021','05:21:00','05:21:00','4473138','8','',''),
('1025410611039021','05:24:00','05:24:00','4473140','9','',''),
('1025410611039021','05:42:00','05:42:00','4473141','10','',''),
('1025410611039021','05:46:00','05:46:00','4473142','11','',''),
('1025410611039021','05:48:00','05:48:00','4473144','12','',''),
('1025410611039021','05:49:00','05:49:00','4473145','13','',''),
('1025410611039021','05:49:00','05:49:00','4473146','14','',''),
('1025410611039021','05:50:00','05:50:00','4473147','15','',''),
('1025410611039021','05:51:00','05:51:00','4473148','16','',''),
('125410611039021','00:08:00','00:08:00','4473125','1','',''),
('125410611039021','00:17:00','00:17:00','4473127','2','',''),
('125410611039021','00:29:00','00:29:00','4473129','3','',''),
('125410611039021','00:35:00','00:35:00','4473131','4','',''),
('125410611039021','00:40:00','00:40:00','4473133','5','',''),
('125410611039021','00:45:00','00:45:00','4473134','6','',''),
('125410611039021','00:49:00','00:49:00','4473136','7','',''),
('125410611039021','00:51:00','00:51:00','4473138','8','',''),
('125410611039021','00:54:00','00:54:00','4473140','9','',''),
('125410611039021','01:12:00','01:12:00','4473141','10','',''),
('125410611039021','01:16:00','01:16:00','4473142','11','',''),
('125410611039021','01:18:00','01:18:00','4473144','12','',''),
('125410611039021','01:19:00','01:19:00','4473145','13','',''),
('125410611039021','01:19:00','01:19:00','4473146','14','',''),
('125410611039021','01:20:00','01:20:00','4473147','15','',''),
('125410611039021','01:21:00','01:21:00','4473148','16','',''),
('225410611039021','00:38:00','00:38:00','4473125','1','',''),
('225410611039021','00:47:00','00:47:00','4473127','2','',''),
('225410611039021','00:59:00','00:59:00','4473129','3','',''),
('225410611039021','01:05:00','01:05:00','4473131','4','',''),
('225410611039021','01:10:00','01:10:00','4473133','5','',''),
('225410611039021','01:15:00','01:15:00','4473134','6','',''),
('225410611039021','01:19:00','01:19:00','4473136','7','',''),
('225410611039021','01:21:00','01:21:00','4473138','8','',''),
('225410611039021','01:24:00','01:24:00','4473140','9','',''),
('225410611039021','01:42:00','01:42:00','4473141','10','',''),
('225410611039021','01:46:00','01:46:00','4473142','11','',''),
('225410611039021','01:48:00','01:48:00','4473144','12','',''),
('225410611039021','01:49:00','01:49:00','4473145','13','',''),
('225410611039021','01:49:00','01:49:00','4473146','14','',''),
('225410611039021','01:50:00','01:50:00','4473147','15','',''),
('225410611039021','01:51:00','01:51:00','4473148','16','',''),
('325410611039021','01:08:00','01:08:00','4473125','1','',''),
('325410611039021','01:17:00','01:17:00','4473127','2','',''),
('325410611039021','01:29:00','01:29:00','4473129','3','',''),
('325410611039021','01:35:00','01:35:00','4473131','4','',''),
('325410611039021','01:40:00','01:40:00','4473133','5','',''),
('325410611039021','01:45:00','01:45:00','4473134','6','',''),
('325410611039021','01:49:00','01:49:00','4473136','7','',''),
('325410611039021','01:51:00','01:51:00','4473138','8','',''),
('325410611039021','01:54:00','01:54:00','4473140','9','',''),
('325410611039021','02:12:00','02:12:00','4473141','10','',''),
('325410611039021','02:16:00','02:16:00','4473142','11','',''),
('325410611039021','02:18:00','02:18:00','4473144','12','',''),
('325410611039021','02:19:00','02:19:00','4473145','13','',''),
('325410611039021','02:19:00','02:19:00','4473146','14','',''),
('325410611039021','02:20:00','02:20:00','4473147','15','',''),
('325410611039021','02:21:00','02:21:00','4473148','16','',''),
('425410611039021','01:38:00','01:38:00','4473125','1','',''),
('425410611039021','01:47:00','01:47:00','4473127','2','',''),
('425410611039021','01:59:00','01:59:00','4473129','3','',''),
('425410611039021','02:05:00','02:05:00','4473131','4','',''),
('425410611039021','02:10:00','02:10:00','4473133','5','',''),
('425410611039021','02:15:00','02:15:00','4473134','6','',''),
('425410611039021','02:19:00','02:19:00','4473136','7','',''),
('425410611039021','02:21:00','02:21:00','4473138','8','',''),
('425410611039021','02:24:00','02:24:00','4473140','9','',''),
('425410611039021','02:42:00','02:42:00','4473141','10','',''),
('425410611039021','02:46:00','02:46:00','4473142','11','',''),
('425410611039021','02:48:00','02:48:00','4473144','12','',''),
('425410611039021','02:49:00','02:49:00','4473145','13','',''),
('425410611039021','02:49:00','02:49:00','4473146','14','',''),
('425410611039021','02:50:00','02:50:00','4473147','15','',''),
('425410611039021','02:51:00','02:51:00','4473148','16','',''),
('525410611039021','02:08:00','02:08:00','4473125','1','',''),
('525410611039021','02:17:00','02:17:00','4473127','2','',''),
('525410611039021','02:29:00','02:29:00','4473129','3','',''),
('525410611039021','02:35:00','02:35:00','4473131','4','',''),
('525410611039021','02:40:00','02:40:00','4473133','5','',''),
('525410611039021','02:45:00','02:45:00','4473134','6','',''),
('525410611039021','02:49:00','02:49:00','4473136','7','',''),
('525410611039021','02:51:00','02:51:00','4473138','8','',''),
('525410611039021','02:54:00','02:54:00','4473140','9','',''),
('525410611039021','03:12:00','03:12:00','4473141','10','',''),
('525410611039021','03:16:00','03:16:00','4473142','11','',''),
('525410611039021','03:18:00','03:18:00','4473144','12','',''),
('525410611039021','03:19:00','03:19:00','4473145','13','',''),
('525410611039021','03:19:00','03:19:00','4473146','14','',''),
('525410611039021','03:20:00','03:20:00','4473147','15','',''),
('525410611039021','03:21:00','03:21:00','4473148','16','',''),
('625410611039021','02:38:00','02:38:00','4473125','1','',''),
('625410611039021','02:47:00','02:47:00','4473127','2','',''),
('625410611039021','02:59:00','02:59:00','4473129','3','',''),
('625410611039021','03:05:00','03:05:00','4473131','4','',''),
('625410611039021','03:10:00','03:10:00','4473133','5','',''),
('625410611039021','03:15:00','03:15:00','4473134','6','',''),
('625410611039021','03:19:00','03:19:00','4473136','7','',''),
('625410611039021','03:21:00','03:21:00','4473138','8','',''),
('625410611039021','03:24:00','03:24:00','4473140','9','',''),
('625410611039021','03:42:00','03:42:00','4473141','10','',''),
('625410611039021','03:46:00','03:46:00','4473142','11','',''),
('625410611039021','03:48:00','03:48:00','4473144','12','',''),
('625410611039021','03:49:00','03:49:00','4473145','13','',''),
('625410611039021','03:49:00','03:49:00','4473146','14','',''),
('625410611039021','03:50:00','03:50:00','4473147','15','',''),
('625410611039021','03:51:00','03:51:00','4473148','16','',''),
('725410611039021','03:08:00','03:08:00','4473125','1','',''),
('725410611039021','03:17:00','03:17:00','4473127','2','',''),
('725410611039021','03:29:00','03:29:00','4473129','3','',''),
('725410611039021','03:35:00','03:35:00','4473131','4','',''),
('725410611039021','03:40:00','03:40:00','4473133','5','',''),
('725410611039021','03:45:00','03:45:00','4473134','6','',''),
('725410611039021','03:49:00','03:49:00','4473136','7','',''),
('725410611039021','03:51:00','03:51:00','4473138','8','',''),
('725410611039021','03:54:00','03:54:00','4473140','9','',''),
('725410611039021','04:12:00','04:12:00','4473141','10','',''),
('725410611039021','04:16:00','04:16:00','4473142','11','',''),
('725410611039021','04:18:00','04:18:00','4473144','12','',''),
('725410611039021','04:19:00','04:19:00','4473145','13','',''),
('725410611039021','04:19:00','04:19:00','4473146','14','',''),
('725410611039021','04:20:00','04:20:00','4473147','15','',''),
('725410611039021','04:21:00','04:21:00','4473148','16','',''),
('825410611039021','03:38:00','03:38:00','4473125','1','',''),
('825410611039021','03:47:00','03:47:00','4473127','2','',''),
('825410611039021','03:59:00','03:59:00','4473129','3','',''),
('825410611039021','04:05:00','04:05:00','4473131','4','',''),
('825410611039021','04:10:00','04:10:00','4473133','5','',''),
('825410611039021','04:15:00','04:15:00','4473134','6','',''),
('825410611039021','04:19:00','04:19:00','4473136','7','',''),
('825410611039021','04:21:00','04:21:00','4473138','8','',''),
('825410611039021','04:24:00','04:24:00','4473140','9','',''),
('825410611039021','04:42:00','04:42:00','4473141','10','',''),
('825410611039021','04:46:00','04:46:00','4473142','11','',''),
('825410611039021','04:48:00','04:48:00','4473144','12','',''),
('825410611039021','04:49:00','04:49:00','4473145','13','',''),
('825410611039021','04:49:00','04:49:00','4473146','14','',''),
('825410611039021','04:50:00','04:50:00','4473147','15','',''),
('825410611039021','04:51:00','04:51:00','4473148','16','',''),
('925410611039021','04:08:00','04:08:00','4473125','1','',''),
('925410611039021','04:17:00','04:17:00','4473127','2','',''),
('925410611039021','04:29:00','04:29:00','4473129','3','',''),
('925410611039021','04:35:00','04:35:00','4473131','4','',''),
('925410611039021','04:40:00','04:40:00','4473133','5','',''),
('925410611039021','04:45:00','04:45:00','4473134','6','',''),
('925410611039021','04:49:00','04:49:00','4473136','7','',''),
('925410611039021','04:51:00','04:51:00','4473138','8','',''),
('925410611039021','04:54:00','04:54:00','4473140','9','',''),
('925410611039021','05:12:00','05:12:00','4473141','10','',''),
('925410611039021','05:16:00','05:16:00','4473142','11','',''),
('925410611039021','05:18:00','05:18:00','4473144','12','',''),
('925410611039021','05:19:00','05:19:00','4473145','13','',''),
('925410611039021','05:19:00','05:19:00','4473146','14','',''),
('925410611039021','05:20:00','05:20:00','4473147','15','',''),
('925410611039021','05:21:00','05:21:00','4473148','16','',''),
('1025410611039022','05:16:00','05:16:00','4473149','1','',''),
('1025410611039022','05:17:00','05:17:00','4473150','2','',''),
('1025410611039022','05:19:00','05:19:00','4473151','3','',''),
('1025410611039022','05:20:00','05:20:00','4473152','4','',''),
('1025410611039022','05:23:00','05:23:00','4473143','5','',''),
('1025410611039022','05:28:00','05:28:00','4473153','6','',''),
('1025410611039022','05:44:00','05:44:00','4473154','7','',''),
('1025410611039022','05:47:00','05:47:00','4473139','8','',''),
('1025410611039022','05:50:00','05:50:00','4473137','9','',''),
('1025410611039022','05:55:00','05:55:00','4473135','10','',''),
('1025410611039022','05:59:00','05:59:00','4473155','11','',''),
('1025410611039022','06:05:00','06:05:00','4473132','12','',''),
('1025410611039022','06:12:00','06:12:00','4473130','13','',''),
('1025410611039022','06:24:00','06:24:00','4473128','14','',''),
('1025410611039022','06:34:00','06:34:00','4473126','15','',''),
('125410611039022','00:46:00','00:46:00','4473149','1','',''),
('125410611039022','00:47:00','00:47:00','4473150','2','',''),
('125410611039022','00:49:00','00:49:00','4473151','3','',''),
('125410611039022','00:50:00','00:50:00','4473152','4','',''),
('125410611039022','00:53:00','00:53:00','4473143','5','',''),
('125410611039022','00:58:00','00:58:00','4473153','6','',''),
('125410611039022','01:14:00','01:14:00','4473154','7','',''),
('125410611039022','01:17:00','01:17:00','4473139','8','',''),
('125410611039022','01:20:00','01:20:00','4473137','9','',''),
('125410611039022','01:25:00','01:25:00','4473135','10','',''),
('125410611039022','01:29:00','01:29:00','4473155','11','',''),
('125410611039022','01:35:00','01:35:00','4473132','12','',''),
('125410611039022','01:42:00','01:42:00','4473130','13','',''),
('125410611039022','01:54:00','01:54:00','4473128','14','',''),
('125410611039022','02:04:00','02:04:00','4473126','15','',''),
('225410611039022','01:16:00','01:16:00','4473149','1','',''),
('225410611039022','01:17:00','01:17:00','4473150','2','',''),
('225410611039022','01:19:00','01:19:00','4473151','3','',''),
('225410611039022','01:20:00','01:20:00','4473152','4','',''),
('225410611039022','01:23:00','01:23:00','4473143','5','',''),
('225410611039022','01:28:00','01:28:00','4473153','6','',''),
('225410611039022','01:44:00','01:44:00','4473154','7','',''),
('225410611039022','01:47:00','01:47:00','4473139','8','',''),
('225410611039022','01:50:00','01:50:00','4473137','9','',''),
('225410611039022','01:55:00','01:55:00','4473135','10','',''),
('225410611039022','01:59:00','01:59:00','4473155','11','',''),
('225410611039022','02:05:00','02:05:00','4473132','12','',''),
('225410611039022','02:12:00','02:12:00','4473130','13','',''),
('225410611039022','02:24:00','02:24:00','4473128','14','',''),
('225410611039022','02:34:00','02:34:00','4473126','15','',''),
('325410611039022','01:46:00','01:46:00','4473149','1','',''),
('325410611039022','01:47:00','01:47:00','4473150','2','',''),
('325410611039022','01:49:00','01:49:00','4473151','3','',''),
('325410611039022','01:50:00','01:50:00','4473152','4','',''),
('325410611039022','01:53:00','01:53:00','4473143','5','',''),
('325410611039022','01:58:00','01:58:00','4473153','6','',''),
('325410611039022','02:14:00','02:14:00','4473154','7','',''),
('325410611039022','02:17:00','02:17:00','4473139','8','',''),
('325410611039022','02:20:00','02:20:00','4473137','9','',''),
('325410611039022','02:25:00','02:25:00','4473135','10','',''),
('325410611039022','02:29:00','02:29:00','4473155','11','',''),
('325410611039022','02:35:00','02:35:00','4473132','12','',''),
('325410611039022','02:42:00','02:42:00','4473130','13','',''),
('325410611039022','02:54:00','02:54:00','4473128','14','',''),
('325410611039022','03:04:00','03:04:00','4473126','15','',''),
('425410611039022','02:16:00','02:16:00','4473149','1','',''),
('425410611039022','02:17:00','02:17:00','4473150','2','',''),
('425410611039022','02:19:00','02:19:00','4473151','3','',''),
('425410611039022','02:20:00','02:20:00','4473152','4','',''),
('425410611039022','02:23:00','02:23:00','4473143','5','',''),
('425410611039022','02:28:00','02:28:00','4473153','6','',''),
('425410611039022','02:44:00','02:44:00','4473154','7','',''),
('425410611039022','02:47:00','02:47:00','4473139','8','',''),
('425410611039022','02:50:00','02:50:00','4473137','9','',''),
('425410611039022','02:55:00','02:55:00','4473135','10','',''),
('425410611039022','02:59:00','02:59:00','4473155','11','',''),
('425410611039022','03:05:00','03:05:00','4473132','12','',''),
('425410611039022','03:12:00','03:12:00','4473130','13','',''),
('425410611039022','03:24:00','03:24:00','4473128','14','',''),
('425410611039022','03:34:00','03:34:00','4473126','15','',''),
('525410611039022','02:46:00','02:46:00','4473149','1','',''),
('525410611039022','02:47:00','02:47:00','4473150','2','',''),
('525410611039022','02:49:00','02:49:00','4473151','3','',''),
('525410611039022','02:50:00','02:50:00','4473152','4','',''),
('525410611039022','02:53:00','02:53:00','4473143','5','',''),
('525410611039022','02:58:00','02:58:00','4473153','6','',''),
('525410611039022','03:14:00','03:14:00','4473154','7','',''),
('525410611039022','03:17:00','03:17:00','4473139','8','',''),
('525410611039022','03:20:00','03:20:00','4473137','9','',''),
('525410611039022','03:25:00','03:25:00','4473135','10','',''),
('525410611039022','03:29:00','03:29:00','4473155','11','',''),
('525410611039022','03:35:00','03:35:00','4473132','12','',''),
('525410611039022','03:42:00','03:42:00','4473130','13','',''),
('525410611039022','03:54:00','03:54:00','4473128','14','',''),
('525410611039022','04:04:00','04:04:00','4473126','15','',''),
('625410611039022','03:16:00','03:16:00','4473149','1','',''),
('625410611039022','03:17:00','03:17:00','4473150','2','',''),
('625410611039022','03:19:00','03:19:00','4473151','3','',''),
('625410611039022','03:20:00','03:20:00','4473152','4','',''),
('625410611039022','03:23:00','03:23:00','4473143','5','',''),
('625410611039022','03:28:00','03:28:00','4473153','6','',''),
('625410611039022','03:44:00','03:44:00','4473154','7','',''),
('625410611039022','03:47:00','03:47:00','4473139','8','',''),
('625410611039022','03:50:00','03:50:00','4473137','9','',''),
('625410611039022','03:55:00','03:55:00','4473135','10','',''),
('625410611039022','03:59:00','03:59:00','4473155','11','',''),
('625410611039022','04:05:00','04:05:00','4473132','12','',''),
('625410611039022','04:12:00','04:12:00','4473130','13','',''),
('625410611039022','04:24:00','04:24:00','4473128','14','',''),
('625410611039022','04:34:00','04:34:00','4473126','15','',''),
('725410611039022','03:46:00','03:46:00','4473149','1','',''),
('725410611039022','03:47:00','03:47:00','4473150','2','',''),
('725410611039022','03:49:00','03:49:00','4473151','3','',''),
('725410611039022','03:50:00','03:50:00','4473152','4','',''),
('725410611039022','03:53:00','03:53:00','4473143','5','',''),
('725410611039022','03:58:00','03:58:00','4473153','6','',''),
('725410611039022','04:14:00','04:14:00','4473154','7','',''),
('725410611039022','04:17:00','04:17:00','4473139','8','',''),
('725410611039022','04:20:00','04:20:00','4473137','9','',''),
('725410611039022','04:25:00','04:25:00','4473135','10','',''),
('725410611039022','04:29:00','04:29:00','4473155','11','',''),
('725410611039022','04:35:00','04:35:00','4473132','12','',''),
('725410611039022','04:42:00','04:42:00','4473130','13','',''),
('725410611039022','04:54:00','04:54:00','4473128','14','',''),
('725410611039022','05:04:00','05:04:00','4473126','15','',''),
('825410611039022','04:16:00','04:16:00','4473149','1','',''),
('825410611039022','04:17:00','04:17:00','4473150','2','',''),
('825410611039022','04:19:00','04:19:00','4473151','3','',''),
('825410611039022','04:20:00','04:20:00','4473152','4','',''),
('825410611039022','04:23:00','04:23:00','4473143','5','',''),
('825410611039022','04:28:00','04:28:00','4473153','6','',''),
('825410611039022','04:44:00','04:44:00','4473154','7','',''),
('825410611039022','04:47:00','04:47:00','4473139','8','',''),
('825410611039022','04:50:00','04:50:00','4473137','9','',''),
('825410611039022','04:55:00','04:55:00','4473135','10','',''),
('825410611039022','04:59:00','04:59:00','4473155','11','',''),
('825410611039022','05:05:00','05:05:00','4473132','12','',''),
('825410611039022','05:12:00','05:12:00','4473130','13','',''),
('825410611039022','05:24:00','05:24:00','4473128','14','',''),
('825410611039022','05:34:00','05:34:00','4473126','15','',''),
('925410611039022','04:46:00','04:46:00','4473149','1','',''),
('925410611039022','04:47:00','04:47:00','4473150','2','',''),
('925410611039022','04:49:00','04:49:00','4473151','3','',''),
('925410611039022','04:50:00','04:50:00','4473152','4','',''),
('925410611039022','04:53:00','04:53:00','4473143','5','',''),
('925410611039022','04:58:00','04:58:00','4473153','6','',''),
('925410611039022','05:14:00','05:14:00','4473154','7','',''),
('925410611039022','05:17:00','05:17:00','4473139','8','',''),
('925410611039022','05:20:00','05:20:00','4473137','9','',''),
('925410611039022','05:25:00','05:25:00','4473135','10','',''),
('925410611039022','05:29:00','05:29:00','4473155','11','',''),
('925410611039022','05:35:00','05:35:00','4473132','12','',''),
('925410611039022','05:42:00','05:42:00','4473130','13','',''),
('925410611039022','05:54:00','05:54:00','4473128','14','',''),
('925410611039022','06:04:00','06:04:00','4473126','15','',''),
('1025410601650724','04:38:00','04:38:00','6673082','1','',''),
('1025410601650724','04:44:00','04:44:00','6673084','2','',''),
('1025410601650724','04:53:00','04:53:00','6673086','3','',''),
('1025410601650724','04:57:00','04:57:00','6673088','4','',''),
('1025410601650724','05:04:00','05:04:00','6673090','5','',''),
('1025410601650724','05:07:00','05:07:00','6673092','6','',''),
('1025410601650724','05:10:00','05:10:00','6673094','7','',''),
('1025410601650724','05:15:00','05:15:00','6673095','8','',''),
('1025410601650724','05:19:00','05:19:00','6673097','9','',''),
('1025410601650724','05:21:00','05:21:00','6673099','10','',''),
('1025410601650724','05:24:00','05:24:00','6673101','11','',''),
('1025410601650724','05:42:00','05:42:00','6673102','12','',''),
('1025410601650724','05:46:00','05:46:00','6673103','13','',''),
('1025410601650724','05:48:00','05:48:00','6673105','14','',''),
('1025410601650724','05:50:00','05:50:00','6673106','15','',''),
('1025410601650724','05:53:00','05:53:00','6673107','16','',''),
('1025410601650724','05:55:00','05:55:00','6673109','17','',''),
('124987251650724','00:38:00','00:38:00','6673082','1','',''),
('124987251650724','00:44:00','00:44:00','6673084','2','',''),
('124987251650724','00:53:00','00:53:00','6673086','3','',''),
('124987251650724','00:57:00','00:57:00','6673088','4','',''),
('124987251650724','01:04:00','01:04:00','6673090','5','',''),
('124987251650724','01:07:00','01:07:00','6673092','6','',''),
('124987251650724','01:10:00','01:10:00','6673094','7','',''),
('124987251650724','01:15:00','01:15:00','6673095','8','',''),
('124987251650724','01:19:00','01:19:00','6673097','9','',''),
('124987251650724','01:21:00','01:21:00','6673099','10','',''),
('124987251650724','01:24:00','01:24:00','6673101','11','',''),
('124987251650724','01:39:00','01:39:00','6673102','12','',''),
('124987251650724','01:43:00','01:43:00','6673103','13','',''),
('124987251650724','01:45:00','01:45:00','6673105','14','',''),
('124987251650724','01:47:00','01:47:00','6673106','15','',''),
('124987251650724','01:50:00','01:50:00','6673107','16','',''),
('124987251650724','01:52:00','01:52:00','6673109','17','',''),
('125410581650724','00:38:00','00:38:00','6673082','1','',''),
('125410581650724','00:44:00','00:44:00','6673084','2','',''),
('125410581650724','00:53:00','00:53:00','6673086','3','',''),
('125410581650724','00:57:00','00:57:00','6673088','4','',''),
('125410581650724','01:04:00','01:04:00','6673090','5','',''),
('125410581650724','01:07:00','01:07:00','6673092','6','',''),
('125410581650724','01:10:00','01:10:00','6673094','7','',''),
('125410581650724','01:15:00','01:15:00','6673095','8','',''),
('125410581650724','01:19:00','01:19:00','6673097','9','',''),
('125410581650724','01:21:00','01:21:00','6673099','10','',''),
('125410581650724','01:24:00','01:24:00','6673101','11','',''),
('125410581650724','01:39:00','01:39:00','6673102','12','',''),
('125410581650724','01:43:00','01:43:00','6673103','13','',''),
('125410581650724','01:45:00','01:45:00','6673105','14','',''),
('125410581650724','01:47:00','01:47:00','6673106','15','',''),
('125410581650724','01:50:00','01:50:00','6673107','16','',''),
('125410581650724','01:52:00','01:52:00','6673109','17','',''),
('125410591650724','00:38:00','00:38:00','6673082','1','',''),
('125410591650724','00:44:00','00:44:00','6673084','2','',''),
('125410591650724','00:53:00','00:53:00','6673086','3','',''),
('125410591650724','00:57:00','00:57:00','6673088','4','',''),
('125410591650724','01:04:00','01:04:00','6673090','5','',''),
('125410591650724','01:07:00','01:07:00','6673092','6','',''),
('125410591650724','01:10:00','01:10:00','6673094','7','',''),
('125410591650724','01:15:00','01:15:00','6673095','8','',''),
('125410591650724','01:19:00','01:19:00','6673097','9','',''),
('125410591650724','01:21:00','01:21:00','6673099','10','',''),
('125410591650724','01:24:00','01:24:00','6673101','11','',''),
('125410591650724','01:39:00','01:39:00','6673102','12','',''),
('125410591650724','01:43:00','01:43:00','6673103','13','',''),
('125410591650724','01:45:00','01:45:00','6673105','14','',''),
('125410591650724','01:47:00','01:47:00','6673106','15','',''),
('125410591650724','01:50:00','01:50:00','6673107','16','',''),
('125410591650724','01:52:00','01:52:00','6673109','17','',''),
('125410601650724','00:08:00','00:08:00','6673082','1','',''),
('125410601650724','00:14:00','00:14:00','6673084','2','',''),
('125410601650724','00:23:00','00:23:00','6673086','3','',''),
('125410601650724','00:27:00','00:27:00','6673088','4','',''),
('125410601650724','00:34:00','00:34:00','6673090','5','',''),
('125410601650724','00:37:00','00:37:00','6673092','6','',''),
('125410601650724','00:40:00','00:40:00','6673094','7','',''),
('125410601650724','00:45:00','00:45:00','6673095','8','',''),
('125410601650724','00:49:00','00:49:00','6673097','9','',''),
('125410601650724','00:51:00','00:51:00','6673099','10','',''),
('125410601650724','00:54:00','00:54:00','6673101','11','',''),
('125410601650724','01:12:00','01:12:00','6673102','12','',''),
('125410601650724','01:16:00','01:16:00','6673103','13','',''),
('125410601650724','01:18:00','01:18:00','6673105','14','',''),
('125410601650724','01:20:00','01:20:00','6673106','15','',''),
('125410601650724','01:23:00','01:23:00','6673107','16','',''),
('125410601650724','01:25:00','01:25:00','6673109','17','',''),
('224987251650724','01:38:00','01:38:00','6673082','1','',''),
('224987251650724','01:44:00','01:44:00','6673084','2','',''),
('224987251650724','01:53:00','01:53:00','6673086','3','',''),
('224987251650724','01:57:00','01:57:00','6673088','4','',''),
('224987251650724','02:04:00','02:04:00','6673090','5','',''),
('224987251650724','02:07:00','02:07:00','6673092','6','',''),
('224987251650724','02:10:00','02:10:00','6673094','7','',''),
('224987251650724','02:15:00','02:15:00','6673095','8','',''),
('224987251650724','02:19:00','02:19:00','6673097','9','',''),
('224987251650724','02:21:00','02:21:00','6673099','10','',''),
('224987251650724','02:24:00','02:24:00','6673101','11','',''),
('224987251650724','02:39:00','02:39:00','6673102','12','',''),
('224987251650724','02:43:00','02:43:00','6673103','13','',''),
('224987251650724','02:45:00','02:45:00','6673105','14','',''),
('224987251650724','02:47:00','02:47:00','6673106','15','',''),
('224987251650724','02:50:00','02:50:00','6673107','16','',''),
('224987251650724','02:52:00','02:52:00','6673109','17','',''),
('225410581650724','01:38:00','01:38:00','6673082','1','',''),
('225410581650724','01:44:00','01:44:00','6673084','2','',''),
('225410581650724','01:53:00','01:53:00','6673086','3','',''),
('225410581650724','01:57:00','01:57:00','6673088','4','',''),
('225410581650724','02:04:00','02:04:00','6673090','5','',''),
('225410581650724','02:07:00','02:07:00','6673092','6','',''),
('225410581650724','02:10:00','02:10:00','6673094','7','',''),
('225410581650724','02:15:00','02:15:00','6673095','8','',''),
('225410581650724','02:19:00','02:19:00','6673097','9','',''),
('225410581650724','02:21:00','02:21:00','6673099','10','',''),
('225410581650724','02:24:00','02:24:00','6673101','11','',''),
('225410581650724','02:39:00','02:39:00','6673102','12','',''),
('225410581650724','02:43:00','02:43:00','6673103','13','',''),
('225410581650724','02:45:00','02:45:00','6673105','14','',''),
('225410581650724','02:47:00','02:47:00','6673106','15','',''),
('225410581650724','02:50:00','02:50:00','6673107','16','',''),
('225410581650724','02:52:00','02:52:00','6673109','17','',''),
('225410591650724','01:38:00','01:38:00','6673082','1','',''),
('225410591650724','01:44:00','01:44:00','6673084','2','',''),
('225410591650724','01:53:00','01:53:00','6673086','3','',''),
('225410591650724','01:57:00','01:57:00','6673088','4','',''),
('225410591650724','02:04:00','02:04:00','6673090','5','',''),
('225410591650724','02:07:00','02:07:00','6673092','6','',''),
('225410591650724','02:10:00','02:10:00','6673094','7','',''),
('225410591650724','02:15:00','02:15:00','6673095','8','',''),
('225410591650724','02:19:00','02:19:00','6673097','9','',''),
('225410591650724','02:21:00','02:21:00','6673099','10','',''),
('225410591650724','02:24:00','02:24:00','6673101','11','',''),
('225410591650724','02:39:00','02:39:00','6673102','12','',''),
('225410591650724','02:43:00','02:43:00','6673103','13','',''),
('225410591650724','02:45:00','02:45:00','6673105','14','',''),
('225410591650724','02:47:00','02:47:00','6673106','15','',''),
('225410591650724','02:50:00','02:50:00','6673107','16','',''),
('225410591650724','02:52:00','02:52:00','6673109','17','',''),
('225410601650724','00:38:00','00:38:00','6673082','1','',''),
('225410601650724','00:44:00','00:44:00','6673084','2','',''),
('225410601650724','00:53:00','00:53:00','6673086','3','',''),
('225410601650724','00:57:00','00:57:00','6673088','4','',''),
('225410601650724','01:04:00','01:04:00','6673090','5','',''),
('225410601650724','01:07:00','01:07:00','6673092','6','',''),
('225410601650724','01:10:00','01:10:00','6673094','7','',''),
('225410601650724','01:15:00','01:15:00','6673095','8','',''),
('225410601650724','01:19:00','01:19:00','6673097','9','',''),
('225410601650724','01:21:00','01:21:00','6673099','10','',''),
('225410601650724','01:24:00','01:24:00','6673101','11','',''),
('225410601650724','01:42:00','01:42:00','6673102','12','',''),
('225410601650724','01:46:00','01:46:00','6673103','13','',''),
('225410601650724','01:48:00','01:48:00','6673105','14','',''),
('225410601650724','01:50:00','01:50:00','6673106','15','',''),
('225410601650724','01:53:00','01:53:00','6673107','16','',''),
('225410601650724','01:55:00','01:55:00','6673109','17','',''),
('324987251650724','02:38:00','02:38:00','6673082','1','',''),
('324987251650724','02:44:00','02:44:00','6673084','2','',''),
('324987251650724','02:53:00','02:53:00','6673086','3','',''),
('324987251650724','02:57:00','02:57:00','6673088','4','',''),
('324987251650724','03:04:00','03:04:00','6673090','5','',''),
('324987251650724','03:07:00','03:07:00','6673092','6','',''),
('324987251650724','03:10:00','03:10:00','6673094','7','',''),
('324987251650724','03:15:00','03:15:00','6673095','8','',''),
('324987251650724','03:19:00','03:19:00','6673097','9','',''),
('324987251650724','03:21:00','03:21:00','6673099','10','',''),
('324987251650724','03:24:00','03:24:00','6673101','11','',''),
('324987251650724','03:39:00','03:39:00','6673102','12','',''),
('324987251650724','03:43:00','03:43:00','6673103','13','',''),
('324987251650724','03:45:00','03:45:00','6673105','14','',''),
('324987251650724','03:47:00','03:47:00','6673106','15','',''),
('324987251650724','03:50:00','03:50:00','6673107','16','',''),
('324987251650724','03:52:00','03:52:00','6673109','17','',''),
('325410581650724','02:38:00','02:38:00','6673082','1','',''),
('325410581650724','02:44:00','02:44:00','6673084','2','',''),
('325410581650724','02:53:00','02:53:00','6673086','3','',''),
('325410581650724','02:57:00','02:57:00','6673088','4','',''),
('325410581650724','03:04:00','03:04:00','6673090','5','',''),
('325410581650724','03:07:00','03:07:00','6673092','6','',''),
('325410581650724','03:10:00','03:10:00','6673094','7','',''),
('325410581650724','03:15:00','03:15:00','6673095','8','',''),
('325410581650724','03:19:00','03:19:00','6673097','9','',''),
('325410581650724','03:21:00','03:21:00','6673099','10','',''),
('325410581650724','03:24:00','03:24:00','6673101','11','',''),
('325410581650724','03:39:00','03:39:00','6673102','12','',''),
('325410581650724','03:43:00','03:43:00','6673103','13','',''),
('325410581650724','03:45:00','03:45:00','6673105','14','',''),
('325410581650724','03:47:00','03:47:00','6673106','15','',''),
('325410581650724','03:50:00','03:50:00','6673107','16','',''),
('325410581650724','03:52:00','03:52:00','6673109','17','',''),
('325410591650724','02:38:00','02:38:00','6673082','1','',''),
('325410591650724','02:44:00','02:44:00','6673084','2','',''),
('325410591650724','02:53:00','02:53:00','6673086','3','',''),
('325410591650724','02:57:00','02:57:00','6673088','4','',''),
('325410591650724','03:04:00','03:04:00','6673090','5','',''),
('325410591650724','03:07:00','03:07:00','6673092','6','',''),
('325410591650724','03:10:00','03:10:00','6673094','7','',''),
('325410591650724','03:15:00','03:15:00','6673095','8','',''),
('325410591650724','03:19:00','03:19:00','6673097','9','',''),
('325410591650724','03:21:00','03:21:00','6673099','10','',''),
('325410591650724','03:24:00','03:24:00','6673101','11','',''),
('325410591650724','03:39:00','03:39:00','6673102','12','',''),
('325410591650724','03:43:00','03:43:00','6673103','13','',''),
('325410591650724','03:45:00','03:45:00','6673105','14','',''),
('325410591650724','03:47:00','03:47:00','6673106','15','',''),
('325410591650724','03:50:00','03:50:00','6673107','16','',''),
('325410591650724','03:52:00','03:52:00','6673109','17','',''),
('325410601650724','01:08:00','01:08:00','6673082','1','',''),
('325410601650724','01:14:00','01:14:00','6673084','2','',''),
('325410601650724','01:23:00','01:23:00','6673086','3','',''),
('325410601650724','01:27:00','01:27:00','6673088','4','',''),
('325410601650724','01:34:00','01:34:00','6673090','5','',''),
('325410601650724','01:37:00','01:37:00','6673092','6','',''),
('325410601650724','01:40:00','01:40:00','6673094','7','',''),
('325410601650724','01:45:00','01:45:00','6673095','8','',''),
('325410601650724','01:49:00','01:49:00','6673097','9','',''),
('325410601650724','01:51:00','01:51:00','6673099','10','',''),
('325410601650724','01:54:00','01:54:00','6673101','11','',''),
('325410601650724','02:12:00','02:12:00','6673102','12','',''),
('325410601650724','02:16:00','02:16:00','6673103','13','',''),
('325410601650724','02:18:00','02:18:00','6673105','14','',''),
('325410601650724','02:20:00','02:20:00','6673106','15','',''),
('325410601650724','02:23:00','02:23:00','6673107','16','',''),
('325410601650724','02:25:00','02:25:00','6673109','17','',''),
('424987251650724','03:38:00','03:38:00','6673082','1','',''),
('424987251650724','03:44:00','03:44:00','6673084','2','',''),
('424987251650724','03:53:00','03:53:00','6673086','3','',''),
('424987251650724','03:57:00','03:57:00','6673088','4','',''),
('424987251650724','04:04:00','04:04:00','6673090','5','',''),
('424987251650724','04:07:00','04:07:00','6673092','6','',''),
('424987251650724','04:10:00','04:10:00','6673094','7','',''),
('424987251650724','04:15:00','04:15:00','6673095','8','',''),
('424987251650724','04:19:00','04:19:00','6673097','9','',''),
('424987251650724','04:21:00','04:21:00','6673099','10','',''),
('424987251650724','04:24:00','04:24:00','6673101','11','',''),
('424987251650724','04:39:00','04:39:00','6673102','12','',''),
('424987251650724','04:43:00','04:43:00','6673103','13','',''),
('424987251650724','04:45:00','04:45:00','6673105','14','',''),
('424987251650724','04:47:00','04:47:00','6673106','15','',''),
('424987251650724','04:50:00','04:50:00','6673107','16','',''),
('424987251650724','04:52:00','04:52:00','6673109','17','',''),
('425410581650724','03:38:00','03:38:00','6673082','1','',''),
('425410581650724','03:44:00','03:44:00','6673084','2','',''),
('425410581650724','03:53:00','03:53:00','6673086','3','',''),
('425410581650724','03:57:00','03:57:00','6673088','4','',''),
('425410581650724','04:04:00','04:04:00','6673090','5','',''),
('425410581650724','04:07:00','04:07:00','6673092','6','',''),
('425410581650724','04:10:00','04:10:00','6673094','7','',''),
('425410581650724','04:15:00','04:15:00','6673095','8','',''),
('425410581650724','04:19:00','04:19:00','6673097','9','',''),
('425410581650724','04:21:00','04:21:00','6673099','10','',''),
('425410581650724','04:24:00','04:24:00','6673101','11','',''),
('425410581650724','04:39:00','04:39:00','6673102','12','',''),
('425410581650724','04:43:00','04:43:00','6673103','13','',''),
('425410581650724','04:45:00','04:45:00','6673105','14','',''),
('425410581650724','04:47:00','04:47:00','6673106','15','',''),
('425410581650724','04:50:00','04:50:00','6673107','16','',''),
('425410581650724','04:52:00','04:52:00','6673109','17','',''),
('425410591650724','03:38:00','03:38:00','6673082','1','',''),
('425410591650724','03:44:00','03:44:00','6673084','2','',''),
('425410591650724','03:53:00','03:53:00','6673086','3','',''),
('425410591650724','03:57:00','03:57:00','6673088','4','',''),
('425410591650724','04:04:00','04:04:00','6673090','5','',''),
('425410591650724','04:07:00','04:07:00','6673092','6','',''),
('425410591650724','04:10:00','04:10:00','6673094','7','',''),
('425410591650724','04:15:00','04:15:00','6673095','8','',''),
('425410591650724','04:19:00','04:19:00','6673097','9','',''),
('425410591650724','04:21:00','04:21:00','6673099','10','',''),
('425410591650724','04:24:00','04:24:00','6673101','11','',''),
('425410591650724','04:39:00','04:39:00','6673102','12','',''),
('425410591650724','04:43:00','04:43:00','6673103','13','',''),
('425410591650724','04:45:00','04:45:00','6673105','14','',''),
('425410591650724','04:47:00','04:47:00','6673106','15','',''),
('425410591650724','04:50:00','04:50:00','6673107','16','',''),
('425410591650724','04:52:00','04:52:00','6673109','17','',''),
('425410601650724','01:38:00','01:38:00','6673082','1','',''),
('425410601650724','01:44:00','01:44:00','6673084','2','',''),
('425410601650724','01:53:00','01:53:00','6673086','3','',''),
('425410601650724','01:57:00','01:57:00','6673088','4','',''),
('425410601650724','02:04:00','02:04:00','6673090','5','',''),
('425410601650724','02:07:00','02:07:00','6673092','6','',''),
('425410601650724','02:10:00','02:10:00','6673094','7','',''),
('425410601650724','02:15:00','02:15:00','6673095','8','',''),
('425410601650724','02:19:00','02:19:00','6673097','9','',''),
('425410601650724','02:21:00','02:21:00','6673099','10','',''),
('425410601650724','02:24:00','02:24:00','6673101','11','',''),
('425410601650724','02:42:00','02:42:00','6673102','12','',''),
('425410601650724','02:46:00','02:46:00','6673103','13','',''),
('425410601650724','02:48:00','02:48:00','6673105','14','',''),
('425410601650724','02:50:00','02:50:00','6673106','15','',''),
('425410601650724','02:53:00','02:53:00','6673107','16','',''),
('425410601650724','02:55:00','02:55:00','6673109','17','',''),
('524987251650724','04:38:00','04:38:00','6673082','1','',''),
('524987251650724','04:44:00','04:44:00','6673084','2','',''),
('524987251650724','04:53:00','04:53:00','6673086','3','',''),
('524987251650724','04:57:00','04:57:00','6673088','4','',''),
('524987251650724','05:04:00','05:04:00','6673090','5','',''),
('524987251650724','05:07:00','05:07:00','6673092','6','',''),
('524987251650724','05:10:00','05:10:00','6673094','7','',''),
('524987251650724','05:15:00','05:15:00','6673095','8','',''),
('524987251650724','05:19:00','05:19:00','6673097','9','',''),
('524987251650724','05:21:00','05:21:00','6673099','10','',''),
('524987251650724','05:24:00','05:24:00','6673101','11','',''),
('524987251650724','05:39:00','05:39:00','6673102','12','',''),
('524987251650724','05:43:00','05:43:00','6673103','13','',''),
('524987251650724','05:45:00','05:45:00','6673105','14','',''),
('524987251650724','05:47:00','05:47:00','6673106','15','',''),
('524987251650724','05:50:00','05:50:00','6673107','16','',''),
('524987251650724','05:52:00','05:52:00','6673109','17','',''),
('525410581650724','04:38:00','04:38:00','6673082','1','',''),
('525410581650724','04:44:00','04:44:00','6673084','2','',''),
('525410581650724','04:53:00','04:53:00','6673086','3','',''),
('525410581650724','04:57:00','04:57:00','6673088','4','',''),
('525410581650724','05:04:00','05:04:00','6673090','5','',''),
('525410581650724','05:07:00','05:07:00','6673092','6','',''),
('525410581650724','05:10:00','05:10:00','6673094','7','',''),
('525410581650724','05:15:00','05:15:00','6673095','8','',''),
('525410581650724','05:19:00','05:19:00','6673097','9','',''),
('525410581650724','05:21:00','05:21:00','6673099','10','',''),
('525410581650724','05:24:00','05:24:00','6673101','11','',''),
('525410581650724','05:39:00','05:39:00','6673102','12','',''),
('525410581650724','05:43:00','05:43:00','6673103','13','',''),
('525410581650724','05:45:00','05:45:00','6673105','14','',''),
('525410581650724','05:47:00','05:47:00','6673106','15','',''),
('525410581650724','05:50:00','05:50:00','6673107','16','',''),
('525410581650724','05:52:00','05:52:00','6673109','17','',''),
('525410591650724','04:38:00','04:38:00','6673082','1','',''),
('525410591650724','04:44:00','04:44:00','6673084','2','',''),
('525410591650724','04:53:00','04:53:00','6673086','3','',''),
('525410591650724','04:57:00','04:57:00','6673088','4','',''),
('525410591650724','05:04:00','05:04:00','6673090','5','',''),
('525410591650724','05:07:00','05:07:00','6673092','6','',''),
('525410591650724','05:10:00','05:10:00','6673094','7','',''),
('525410591650724','05:15:00','05:15:00','6673095','8','',''),
('525410591650724','05:19:00','05:19:00','6673097','9','',''),
('525410591650724','05:21:00','05:21:00','6673099','10','',''),
('525410591650724','05:24:00','05:24:00','6673101','11','',''),
('525410591650724','05:39:00','05:39:00','6673102','12','',''),
('525410591650724','05:43:00','05:43:00','6673103','13','',''),
('525410591650724','05:45:00','05:45:00','6673105','14','',''),
('525410591650724','05:47:00','05:47:00','6673106','15','',''),
('525410591650724','05:50:00','05:50:00','6673107','16','',''),
('525410591650724','05:52:00','05:52:00','6673109','17','',''),
('525410601650724','02:08:00','02:08:00','6673082','1','',''),
('525410601650724','02:14:00','02:14:00','6673084','2','',''),
('525410601650724','02:23:00','02:23:00','6673086','3','',''),
('525410601650724','02:27:00','02:27:00','6673088','4','',''),
('525410601650724','02:34:00','02:34:00','6673090','5','',''),
('525410601650724','02:37:00','02:37:00','6673092','6','',''),
('525410601650724','02:40:00','02:40:00','6673094','7','',''),
('525410601650724','02:45:00','02:45:00','6673095','8','',''),
('525410601650724','02:49:00','02:49:00','6673097','9','',''),
('525410601650724','02:51:00','02:51:00','6673099','10','',''),
('525410601650724','02:54:00','02:54:00','6673101','11','',''),
('525410601650724','03:12:00','03:12:00','6673102','12','',''),
('525410601650724','03:16:00','03:16:00','6673103','13','',''),
('525410601650724','03:18:00','03:18:00','6673105','14','',''),
('525410601650724','03:20:00','03:20:00','6673106','15','',''),
('525410601650724','03:23:00','03:23:00','6673107','16','',''),
('525410601650724','03:25:00','03:25:00','6673109','17','',''),
('625410601650724','02:38:00','02:38:00','6673082','1','',''),
('625410601650724','02:44:00','02:44:00','6673084','2','',''),
('625410601650724','02:53:00','02:53:00','6673086','3','',''),
('625410601650724','02:57:00','02:57:00','6673088','4','',''),
('625410601650724','03:04:00','03:04:00','6673090','5','',''),
('625410601650724','03:07:00','03:07:00','6673092','6','',''),
('625410601650724','03:10:00','03:10:00','6673094','7','',''),
('625410601650724','03:15:00','03:15:00','6673095','8','',''),
('625410601650724','03:19:00','03:19:00','6673097','9','',''),
('625410601650724','03:21:00','03:21:00','6673099','10','',''),
('625410601650724','03:24:00','03:24:00','6673101','11','',''),
('625410601650724','03:42:00','03:42:00','6673102','12','',''),
('625410601650724','03:46:00','03:46:00','6673103','13','',''),
('625410601650724','03:48:00','03:48:00','6673105','14','',''),
('625410601650724','03:50:00','03:50:00','6673106','15','',''),
('625410601650724','03:53:00','03:53:00','6673107','16','',''),
('625410601650724','03:55:00','03:55:00','6673109','17','',''),
('725410601650724','03:08:00','03:08:00','6673082','1','',''),
('725410601650724','03:14:00','03:14:00','6673084','2','',''),
('725410601650724','03:23:00','03:23:00','6673086','3','',''),
('725410601650724','03:27:00','03:27:00','6673088','4','',''),
('725410601650724','03:34:00','03:34:00','6673090','5','',''),
('725410601650724','03:37:00','03:37:00','6673092','6','',''),
('725410601650724','03:40:00','03:40:00','6673094','7','',''),
('725410601650724','03:45:00','03:45:00','6673095','8','',''),
('725410601650724','03:49:00','03:49:00','6673097','9','',''),
('725410601650724','03:51:00','03:51:00','6673099','10','',''),
('725410601650724','03:54:00','03:54:00','6673101','11','',''),
('725410601650724','04:12:00','04:12:00','6673102','12','',''),
('725410601650724','04:16:00','04:16:00','6673103','13','',''),
('725410601650724','04:18:00','04:18:00','6673105','14','',''),
('725410601650724','04:20:00','04:20:00','6673106','15','',''),
('725410601650724','04:23:00','04:23:00','6673107','16','',''),
('725410601650724','04:25:00','04:25:00','6673109','17','',''),
('825410601650724','03:38:00','03:38:00','6673082','1','',''),
('825410601650724','03:44:00','03:44:00','6673084','2','',''),
('825410601650724','03:53:00','03:53:00','6673086','3','',''),
('825410601650724','03:57:00','03:57:00','6673088','4','',''),
('825410601650724','04:04:00','04:04:00','6673090','5','',''),
('825410601650724','04:07:00','04:07:00','6673092','6','',''),
('825410601650724','04:10:00','04:10:00','6673094','7','',''),
('825410601650724','04:15:00','04:15:00','6673095','8','',''),
('825410601650724','04:19:00','04:19:00','6673097','9','',''),
('825410601650724','04:21:00','04:21:00','6673099','10','',''),
('825410601650724','04:24:00','04:24:00','6673101','11','',''),
('825410601650724','04:42:00','04:42:00','6673102','12','',''),
('825410601650724','04:46:00','04:46:00','6673103','13','',''),
('825410601650724','04:48:00','04:48:00','6673105','14','',''),
('825410601650724','04:50:00','04:50:00','6673106','15','',''),
('825410601650724','04:53:00','04:53:00','6673107','16','',''),
('825410601650724','04:55:00','04:55:00','6673109','17','',''),
('925410601650724','04:08:00','04:08:00','6673082','1','',''),
('925410601650724','04:14:00','04:14:00','6673084','2','',''),
('925410601650724','04:23:00','04:23:00','6673086','3','',''),
('925410601650724','04:27:00','04:27:00','6673088','4','',''),
('925410601650724','04:34:00','04:34:00','6673090','5','',''),
('925410601650724','04:37:00','04:37:00','6673092','6','',''),
('925410601650724','04:40:00','04:40:00','6673094','7','',''),
('925410601650724','04:45:00','04:45:00','6673095','8','',''),
('925410601650724','04:49:00','04:49:00','6673097','9','',''),
('925410601650724','04:51:00','04:51:00','6673099','10','',''),
('925410601650724','04:54:00','04:54:00','6673101','11','',''),
('925410601650724','05:12:00','05:12:00','6673102','12','',''),
('925410601650724','05:16:00','05:16:00','6673103','13','',''),
('925410601650724','05:18:00','05:18:00','6673105','14','',''),
('925410601650724','05:20:00','05:20:00','6673106','15','',''),
('925410601650724','05:23:00','05:23:00','6673107','16','',''),
('925410601650724','05:25:00','05:25:00','6673109','17','',''),
('1025410601650723','05:10:00','05:10:00','6673110','1','',''),
('1025410601650723','05:15:00','05:15:00','6673108','2','',''),
('1025410601650723','05:19:00','05:19:00','6673111','3','',''),
('1025410601650723','05:21:00','05:21:00','6673112','4','',''),
('1025410601650723','05:23:00','05:23:00','6673104','5','',''),
('1025410601650723','05:28:00','05:28:00','6673113','6','',''),
('1025410601650723','05:44:00','05:44:00','6673114','7','',''),
('1025410601650723','05:47:00','05:47:00','6673100','8','',''),
('1025410601650723','05:50:00','05:50:00','6673098','9','',''),
('1025410601650723','05:55:00','05:55:00','6673096','10','',''),
('1025410601650723','05:59:00','05:59:00','6673115','11','',''),
('1025410601650723','06:04:00','06:04:00','6673093','12','',''),
('1025410601650723','06:06:00','06:06:00','6673091','13','',''),
('1025410601650723','06:13:00','06:13:00','6673089','14','',''),
('1025410601650723','06:18:00','06:18:00','6673087','15','',''),
('1025410601650723','06:27:00','06:27:00','6673085','16','',''),
('1025410601650723','06:34:00','06:34:00','6673083','17','',''),
('124987251650723','01:10:00','01:10:00','6673110','1','',''),
('124987251650723','01:14:00','01:14:00','6673108','2','',''),
('124987251650723','01:17:00','01:17:00','6673111','3','',''),
('124987251650723','01:19:00','01:19:00','6673112','4','',''),
('124987251650723','01:21:00','01:21:00','6673104','5','',''),
('124987251650723','01:26:00','01:26:00','6673113','6','',''),
('124987251650723','01:42:00','01:42:00','6673114','7','',''),
('124987251650723','01:45:00','01:45:00','6673100','8','',''),
('124987251650723','01:48:00','01:48:00','6673098','9','',''),
('124987251650723','01:53:00','01:53:00','6673096','10','',''),
('124987251650723','01:57:00','01:57:00','6673115','11','',''),
('124987251650723','02:01:00','02:01:00','6673093','12','',''),
('124987251650723','02:04:00','02:04:00','6673091','13','',''),
('124987251650723','02:10:00','02:10:00','6673089','14','',''),
('124987251650723','02:15:00','02:15:00','6673087','15','',''),
('124987251650723','02:23:00','02:23:00','6673085','16','',''),
('124987251650723','02:29:00','02:29:00','6673083','17','',''),
('125410581650723','01:10:00','01:10:00','6673110','1','',''),
('125410581650723','01:14:00','01:14:00','6673108','2','',''),
('125410581650723','01:17:00','01:17:00','6673111','3','',''),
('125410581650723','01:19:00','01:19:00','6673112','4','',''),
('125410581650723','01:21:00','01:21:00','6673104','5','',''),
('125410581650723','01:26:00','01:26:00','6673113','6','',''),
('125410581650723','01:42:00','01:42:00','6673114','7','',''),
('125410581650723','01:45:00','01:45:00','6673100','8','',''),
('125410581650723','01:48:00','01:48:00','6673098','9','',''),
('125410581650723','01:53:00','01:53:00','6673096','10','',''),
('125410581650723','01:57:00','01:57:00','6673115','11','',''),
('125410581650723','02:01:00','02:01:00','6673093','12','',''),
('125410581650723','02:04:00','02:04:00','6673091','13','',''),
('125410581650723','02:10:00','02:10:00','6673089','14','',''),
('125410581650723','02:15:00','02:15:00','6673087','15','',''),
('125410581650723','02:23:00','02:23:00','6673085','16','',''),
('125410581650723','02:29:00','02:29:00','6673083','17','',''),
('125410591650723','01:10:00','01:10:00','6673110','1','',''),
('125410591650723','01:14:00','01:14:00','6673108','2','',''),
('125410591650723','01:17:00','01:17:00','6673111','3','',''),
('125410591650723','01:19:00','01:19:00','6673112','4','',''),
('125410591650723','01:21:00','01:21:00','6673104','5','',''),
('125410591650723','01:26:00','01:26:00','6673113','6','',''),
('125410591650723','01:42:00','01:42:00','6673114','7','',''),
('125410591650723','01:45:00','01:45:00','6673100','8','',''),
('125410591650723','01:48:00','01:48:00','6673098','9','',''),
('125410591650723','01:53:00','01:53:00','6673096','10','',''),
('125410591650723','01:57:00','01:57:00','6673115','11','',''),
('125410591650723','02:01:00','02:01:00','6673093','12','',''),
('125410591650723','02:04:00','02:04:00','6673091','13','',''),
('125410591650723','02:10:00','02:10:00','6673089','14','',''),
('125410591650723','02:15:00','02:15:00','6673087','15','',''),
('125410591650723','02:23:00','02:23:00','6673085','16','',''),
('125410591650723','02:29:00','02:29:00','6673083','17','',''),
('125410601650723','00:40:00','00:40:00','6673110','1','',''),
('125410601650723','00:45:00','00:45:00','6673108','2','',''),
('125410601650723','00:49:00','00:49:00','6673111','3','',''),
('125410601650723','00:51:00','00:51:00','6673112','4','',''),
('125410601650723','00:53:00','00:53:00','6673104','5','',''),
('125410601650723','00:58:00','00:58:00','6673113','6','',''),
('125410601650723','01:14:00','01:14:00','6673114','7','',''),
('125410601650723','01:17:00','01:17:00','6673100','8','',''),
('125410601650723','01:20:00','01:20:00','6673098','9','',''),
('125410601650723','01:25:00','01:25:00','6673096','10','',''),
('125410601650723','01:29:00','01:29:00','6673115','11','',''),
('125410601650723','01:34:00','01:34:00','6673093','12','',''),
('125410601650723','01:36:00','01:36:00','6673091','13','',''),
('125410601650723','01:43:00','01:43:00','6673089','14','',''),
('125410601650723','01:48:00','01:48:00','6673087','15','',''),
('125410601650723','01:57:00','01:57:00','6673085','16','',''),
('125410601650723','02:04:00','02:04:00','6673083','17','',''),
('224987251650723','02:10:00','02:10:00','6673110','1','',''),
('224987251650723','02:14:00','02:14:00','6673108','2','',''),
('224987251650723','02:17:00','02:17:00','6673111','3','',''),
('224987251650723','02:19:00','02:19:00','6673112','4','',''),
('224987251650723','02:21:00','02:21:00','6673104','5','',''),
('224987251650723','02:26:00','02:26:00','6673113','6','',''),
('224987251650723','02:42:00','02:42:00','6673114','7','',''),
('224987251650723','02:45:00','02:45:00','6673100','8','',''),
('224987251650723','02:48:00','02:48:00','6673098','9','',''),
('224987251650723','02:53:00','02:53:00','6673096','10','',''),
('224987251650723','02:57:00','02:57:00','6673115','11','',''),
('224987251650723','03:01:00','03:01:00','6673093','12','',''),
('224987251650723','03:04:00','03:04:00','6673091','13','',''),
('224987251650723','03:10:00','03:10:00','6673089','14','',''),
('224987251650723','03:15:00','03:15:00','6673087','15','',''),
('224987251650723','03:23:00','03:23:00','6673085','16','',''),
('224987251650723','03:29:00','03:29:00','6673083','17','',''),
('225410581650723','02:10:00','02:10:00','6673110','1','',''),
('225410581650723','02:14:00','02:14:00','6673108','2','',''),
('225410581650723','02:17:00','02:17:00','6673111','3','',''),
('225410581650723','02:19:00','02:19:00','6673112','4','',''),
('225410581650723','02:21:00','02:21:00','6673104','5','',''),
('225410581650723','02:26:00','02:26:00','6673113','6','',''),
('225410581650723','02:42:00','02:42:00','6673114','7','',''),
('225410581650723','02:45:00','02:45:00','6673100','8','',''),
('225410581650723','02:48:00','02:48:00','6673098','9','',''),
('225410581650723','02:53:00','02:53:00','6673096','10','',''),
('225410581650723','02:57:00','02:57:00','6673115','11','',''),
('225410581650723','03:01:00','03:01:00','6673093','12','',''),
('225410581650723','03:04:00','03:04:00','6673091','13','',''),
('225410581650723','03:10:00','03:10:00','6673089','14','',''),
('225410581650723','03:15:00','03:15:00','6673087','15','',''),
('225410581650723','03:23:00','03:23:00','6673085','16','',''),
('225410581650723','03:29:00','03:29:00','6673083','17','',''),
('225410591650723','02:10:00','02:10:00','6673110','1','',''),
('225410591650723','02:14:00','02:14:00','6673108','2','',''),
('225410591650723','02:17:00','02:17:00','6673111','3','',''),
('225410591650723','02:19:00','02:19:00','6673112','4','',''),
('225410591650723','02:21:00','02:21:00','6673104','5','',''),
('225410591650723','02:26:00','02:26:00','6673113','6','',''),
('225410591650723','02:42:00','02:42:00','6673114','7','',''),
('225410591650723','02:45:00','02:45:00','6673100','8','',''),
('225410591650723','02:48:00','02:48:00','6673098','9','',''),
('225410591650723','02:53:00','02:53:00','6673096','10','',''),
('225410591650723','02:57:00','02:57:00','6673115','11','',''),
('225410591650723','03:01:00','03:01:00','6673093','12','',''),
('225410591650723','03:04:00','03:04:00','6673091','13','',''),
('225410591650723','03:10:00','03:10:00','6673089','14','',''),
('225410591650723','03:15:00','03:15:00','6673087','15','',''),
('225410591650723','03:23:00','03:23:00','6673085','16','',''),
('225410591650723','03:29:00','03:29:00','6673083','17','',''),
('225410601650723','01:10:00','01:10:00','6673110','1','',''),
('225410601650723','01:15:00','01:15:00','6673108','2','',''),
('225410601650723','01:19:00','01:19:00','6673111','3','',''),
('225410601650723','01:21:00','01:21:00','6673112','4','',''),
('225410601650723','01:23:00','01:23:00','6673104','5','',''),
('225410601650723','01:28:00','01:28:00','6673113','6','',''),
('225410601650723','01:44:00','01:44:00','6673114','7','',''),
('225410601650723','01:47:00','01:47:00','6673100','8','',''),
('225410601650723','01:50:00','01:50:00','6673098','9','',''),
('225410601650723','01:55:00','01:55:00','6673096','10','',''),
('225410601650723','01:59:00','01:59:00','6673115','11','',''),
('225410601650723','02:04:00','02:04:00','6673093','12','',''),
('225410601650723','02:06:00','02:06:00','6673091','13','',''),
('225410601650723','02:13:00','02:13:00','6673089','14','',''),
('225410601650723','02:18:00','02:18:00','6673087','15','',''),
('225410601650723','02:27:00','02:27:00','6673085','16','',''),
('225410601650723','02:34:00','02:34:00','6673083','17','',''),
('324987251650723','03:10:00','03:10:00','6673110','1','',''),
('324987251650723','03:14:00','03:14:00','6673108','2','',''),
('324987251650723','03:17:00','03:17:00','6673111','3','',''),
('324987251650723','03:19:00','03:19:00','6673112','4','',''),
('324987251650723','03:21:00','03:21:00','6673104','5','',''),
('324987251650723','03:26:00','03:26:00','6673113','6','',''),
('324987251650723','03:42:00','03:42:00','6673114','7','',''),
('324987251650723','03:45:00','03:45:00','6673100','8','',''),
('324987251650723','03:48:00','03:48:00','6673098','9','',''),
('324987251650723','03:53:00','03:53:00','6673096','10','',''),
('324987251650723','03:57:00','03:57:00','6673115','11','',''),
('324987251650723','04:01:00','04:01:00','6673093','12','',''),
('324987251650723','04:04:00','04:04:00','6673091','13','',''),
('324987251650723','04:10:00','04:10:00','6673089','14','',''),
('324987251650723','04:15:00','04:15:00','6673087','15','',''),
('324987251650723','04:23:00','04:23:00','6673085','16','',''),
('324987251650723','04:29:00','04:29:00','6673083','17','',''),
('325410581650723','03:10:00','03:10:00','6673110','1','',''),
('325410581650723','03:14:00','03:14:00','6673108','2','',''),
('325410581650723','03:17:00','03:17:00','6673111','3','',''),
('325410581650723','03:19:00','03:19:00','6673112','4','',''),
('325410581650723','03:21:00','03:21:00','6673104','5','',''),
('325410581650723','03:26:00','03:26:00','6673113','6','',''),
('325410581650723','03:42:00','03:42:00','6673114','7','',''),
('325410581650723','03:45:00','03:45:00','6673100','8','',''),
('325410581650723','03:48:00','03:48:00','6673098','9','',''),
('325410581650723','03:53:00','03:53:00','6673096','10','',''),
('325410581650723','03:57:00','03:57:00','6673115','11','',''),
('325410581650723','04:01:00','04:01:00','6673093','12','',''),
('325410581650723','04:04:00','04:04:00','6673091','13','',''),
('325410581650723','04:10:00','04:10:00','6673089','14','',''),
('325410581650723','04:15:00','04:15:00','6673087','15','',''),
('325410581650723','04:23:00','04:23:00','6673085','16','',''),
('325410581650723','04:29:00','04:29:00','6673083','17','',''),
('325410591650723','03:10:00','03:10:00','6673110','1','',''),
('325410591650723','03:14:00','03:14:00','6673108','2','',''),
('325410591650723','03:17:00','03:17:00','6673111','3','',''),
('325410591650723','03:19:00','03:19:00','6673112','4','',''),
('325410591650723','03:21:00','03:21:00','6673104','5','',''),
('325410591650723','03:26:00','03:26:00','6673113','6','',''),
('325410591650723','03:42:00','03:42:00','6673114','7','',''),
('325410591650723','03:45:00','03:45:00','6673100','8','',''),
('325410591650723','03:48:00','03:48:00','6673098','9','',''),
('325410591650723','03:53:00','03:53:00','6673096','10','',''),
('325410591650723','03:57:00','03:57:00','6673115','11','',''),
('325410591650723','04:01:00','04:01:00','6673093','12','',''),
('325410591650723','04:04:00','04:04:00','6673091','13','',''),
('325410591650723','04:10:00','04:10:00','6673089','14','',''),
('325410591650723','04:15:00','04:15:00','6673087','15','',''),
('325410591650723','04:23:00','04:23:00','6673085','16','',''),
('325410591650723','04:29:00','04:29:00','6673083','17','',''),
('325410601650723','01:40:00','01:40:00','6673110','1','',''),
('325410601650723','01:45:00','01:45:00','6673108','2','',''),
('325410601650723','01:49:00','01:49:00','6673111','3','',''),
('325410601650723','01:51:00','01:51:00','6673112','4','',''),
('325410601650723','01:53:00','01:53:00','6673104','5','',''),
('325410601650723','01:58:00','01:58:00','6673113','6','',''),
('325410601650723','02:14:00','02:14:00','6673114','7','',''),
('325410601650723','02:17:00','02:17:00','6673100','8','',''),
('325410601650723','02:20:00','02:20:00','6673098','9','',''),
('325410601650723','02:25:00','02:25:00','6673096','10','',''),
('325410601650723','02:29:00','02:29:00','6673115','11','',''),
('325410601650723','02:34:00','02:34:00','6673093','12','',''),
('325410601650723','02:36:00','02:36:00','6673091','13','',''),
('325410601650723','02:43:00','02:43:00','6673089','14','',''),
('325410601650723','02:48:00','02:48:00','6673087','15','',''),
('325410601650723','02:57:00','02:57:00','6673085','16','',''),
('325410601650723','03:04:00','03:04:00','6673083','17','',''),
('424987251650723','04:10:00','04:10:00','6673110','1','',''),
('424987251650723','04:14:00','04:14:00','6673108','2','',''),
('424987251650723','04:17:00','04:17:00','6673111','3','',''),
('424987251650723','04:19:00','04:19:00','6673112','4','',''),
('424987251650723','04:21:00','04:21:00','6673104','5','',''),
('424987251650723','04:26:00','04:26:00','6673113','6','',''),
('424987251650723','04:42:00','04:42:00','6673114','7','',''),
('424987251650723','04:45:00','04:45:00','6673100','8','',''),
('424987251650723','04:48:00','04:48:00','6673098','9','',''),
('424987251650723','04:53:00','04:53:00','6673096','10','',''),
('424987251650723','04:57:00','04:57:00','6673115','11','',''),
('424987251650723','05:01:00','05:01:00','6673093','12','',''),
('424987251650723','05:04:00','05:04:00','6673091','13','',''),
('424987251650723','05:10:00','05:10:00','6673089','14','',''),
('424987251650723','05:15:00','05:15:00','6673087','15','',''),
('424987251650723','05:23:00','05:23:00','6673085','16','',''),
('424987251650723','05:29:00','05:29:00','6673083','17','',''),
('425410581650723','04:10:00','04:10:00','6673110','1','',''),
('425410581650723','04:14:00','04:14:00','6673108','2','',''),
('425410581650723','04:17:00','04:17:00','6673111','3','',''),
('425410581650723','04:19:00','04:19:00','6673112','4','',''),
('425410581650723','04:21:00','04:21:00','6673104','5','',''),
('425410581650723','04:26:00','04:26:00','6673113','6','',''),
('425410581650723','04:42:00','04:42:00','6673114','7','',''),
('425410581650723','04:45:00','04:45:00','6673100','8','',''),
('425410581650723','04:48:00','04:48:00','6673098','9','',''),
('425410581650723','04:53:00','04:53:00','6673096','10','',''),
('425410581650723','04:57:00','04:57:00','6673115','11','',''),
('425410581650723','05:01:00','05:01:00','6673093','12','',''),
('425410581650723','05:04:00','05:04:00','6673091','13','',''),
('425410581650723','05:10:00','05:10:00','6673089','14','',''),
('425410581650723','05:15:00','05:15:00','6673087','15','',''),
('425410581650723','05:23:00','05:23:00','6673085','16','',''),
('425410581650723','05:29:00','05:29:00','6673083','17','',''),
('425410591650723','04:10:00','04:10:00','6673110','1','',''),
('425410591650723','04:14:00','04:14:00','6673108','2','',''),
('425410591650723','04:17:00','04:17:00','6673111','3','',''),
('425410591650723','04:19:00','04:19:00','6673112','4','',''),
('425410591650723','04:21:00','04:21:00','6673104','5','',''),
('425410591650723','04:26:00','04:26:00','6673113','6','',''),
('425410591650723','04:42:00','04:42:00','6673114','7','',''),
('425410591650723','04:45:00','04:45:00','6673100','8','',''),
('425410591650723','04:48:00','04:48:00','6673098','9','',''),
('425410591650723','04:53:00','04:53:00','6673096','10','',''),
('425410591650723','04:57:00','04:57:00','6673115','11','',''),
('425410591650723','05:01:00','05:01:00','6673093','12','',''),
('425410591650723','05:04:00','05:04:00','6673091','13','',''),
('425410591650723','05:10:00','05:10:00','6673089','14','',''),
('425410591650723','05:15:00','05:15:00','6673087','15','',''),
('425410591650723','05:23:00','05:23:00','6673085','16','',''),
('425410591650723','05:29:00','05:29:00','6673083','17','',''),
('425410601650723','02:10:00','02:10:00','6673110','1','',''),
('425410601650723','02:15:00','02:15:00','6673108','2','',''),
('425410601650723','02:19:00','02:19:00','6673111','3','',''),
('425410601650723','02:21:00','02:21:00','6673112','4','',''),
('425410601650723','02:23:00','02:23:00','6673104','5','',''),
('425410601650723','02:28:00','02:28:00','6673113','6','',''),
('425410601650723','02:44:00','02:44:00','6673114','7','',''),
('425410601650723','02:47:00','02:47:00','6673100','8','',''),
('425410601650723','02:50:00','02:50:00','6673098','9','',''),
('425410601650723','02:55:00','02:55:00','6673096','10','',''),
('425410601650723','02:59:00','02:59:00','6673115','11','',''),
('425410601650723','03:04:00','03:04:00','6673093','12','',''),
('425410601650723','03:06:00','03:06:00','6673091','13','',''),
('425410601650723','03:13:00','03:13:00','6673089','14','',''),
('425410601650723','03:18:00','03:18:00','6673087','15','',''),
('425410601650723','03:27:00','03:27:00','6673085','16','',''),
('425410601650723','03:34:00','03:34:00','6673083','17','',''),
('524987251650723','05:10:00','05:10:00','6673110','1','',''),
('524987251650723','05:14:00','05:14:00','6673108','2','',''),
('524987251650723','05:17:00','05:17:00','6673111','3','',''),
('524987251650723','05:19:00','05:19:00','6673112','4','',''),
('524987251650723','05:21:00','05:21:00','6673104','5','',''),
('524987251650723','05:26:00','05:26:00','6673113','6','',''),
('524987251650723','05:42:00','05:42:00','6673114','7','',''),
('524987251650723','05:45:00','05:45:00','6673100','8','',''),
('524987251650723','05:48:00','05:48:00','6673098','9','',''),
('524987251650723','05:53:00','05:53:00','6673096','10','',''),
('524987251650723','05:57:00','05:57:00','6673115','11','',''),
('524987251650723','06:01:00','06:01:00','6673093','12','',''),
('524987251650723','06:04:00','06:04:00','6673091','13','',''),
('524987251650723','06:10:00','06:10:00','6673089','14','',''),
('524987251650723','06:15:00','06:15:00','6673087','15','',''),
('524987251650723','06:23:00','06:23:00','6673085','16','',''),
('524987251650723','06:29:00','06:29:00','6673083','17','',''),
('525410581650723','05:10:00','05:10:00','6673110','1','',''),
('525410581650723','05:14:00','05:14:00','6673108','2','',''),
('525410581650723','05:17:00','05:17:00','6673111','3','',''),
('525410581650723','05:19:00','05:19:00','6673112','4','',''),
('525410581650723','05:21:00','05:21:00','6673104','5','',''),
('525410581650723','05:26:00','05:26:00','6673113','6','',''),
('525410581650723','05:42:00','05:42:00','6673114','7','',''),
('525410581650723','05:45:00','05:45:00','6673100','8','',''),
('525410581650723','05:48:00','05:48:00','6673098','9','',''),
('525410581650723','05:53:00','05:53:00','6673096','10','',''),
('525410581650723','05:57:00','05:57:00','6673115','11','',''),
('525410581650723','06:01:00','06:01:00','6673093','12','',''),
('525410581650723','06:04:00','06:04:00','6673091','13','',''),
('525410581650723','06:10:00','06:10:00','6673089','14','',''),
('525410581650723','06:15:00','06:15:00','6673087','15','',''),
('525410581650723','06:23:00','06:23:00','6673085','16','',''),
('525410581650723','06:29:00','06:29:00','6673083','17','',''),
('525410591650723','05:10:00','05:10:00','6673110','1','',''),
('525410591650723','05:14:00','05:14:00','6673108','2','',''),
('525410591650723','05:17:00','05:17:00','6673111','3','',''),
('525410591650723','05:19:00','05:19:00','6673112','4','',''),
('525410591650723','05:21:00','05:21:00','6673104','5','',''),
('525410591650723','05:26:00','05:26:00','6673113','6','',''),
('525410591650723','05:42:00','05:42:00','6673114','7','',''),
('525410591650723','05:45:00','05:45:00','6673100','8','',''),
('525410591650723','05:48:00','05:48:00','6673098','9','',''),
('525410591650723','05:53:00','05:53:00','6673096','10','',''),
('525410591650723','05:57:00','05:57:00','6673115','11','',''),
('525410591650723','06:01:00','06:01:00','6673093','12','',''),
('525410591650723','06:04:00','06:04:00','6673091','13','',''),
('525410591650723','06:10:00','06:10:00','6673089','14','',''),
('525410591650723','06:15:00','06:15:00','6673087','15','',''),
('525410591650723','06:23:00','06:23:00','6673085','16','',''),
('525410591650723','06:29:00','06:29:00','6673083','17','',''),
('525410601650723','02:40:00','02:40:00','6673110','1','',''),
('525410601650723','02:45:00','02:45:00','6673108','2','',''),
('525410601650723','02:49:00','02:49:00','6673111','3','',''),
('525410601650723','02:51:00','02:51:00','6673112','4','',''),
('525410601650723','02:53:00','02:53:00','6673104','5','',''),
('525410601650723','02:58:00','02:58:00','6673113','6','',''),
('525410601650723','03:14:00','03:14:00','6673114','7','',''),
('525410601650723','03:17:00','03:17:00','6673100','8','',''),
('525410601650723','03:20:00','03:20:00','6673098','9','',''),
('525410601650723','03:25:00','03:25:00','6673096','10','',''),
('525410601650723','03:29:00','03:29:00','6673115','11','',''),
('525410601650723','03:34:00','03:34:00','6673093','12','',''),
('525410601650723','03:36:00','03:36:00','6673091','13','',''),
('525410601650723','03:43:00','03:43:00','6673089','14','',''),
('525410601650723','03:48:00','03:48:00','6673087','15','',''),
('525410601650723','03:57:00','03:57:00','6673085','16','',''),
('525410601650723','04:04:00','04:04:00','6673083','17','',''),
('625410601650723','03:10:00','03:10:00','6673110','1','',''),
('625410601650723','03:15:00','03:15:00','6673108','2','',''),
('625410601650723','03:19:00','03:19:00','6673111','3','',''),
('625410601650723','03:21:00','03:21:00','6673112','4','',''),
('625410601650723','03:23:00','03:23:00','6673104','5','',''),
('625410601650723','03:28:00','03:28:00','6673113','6','',''),
('625410601650723','03:44:00','03:44:00','6673114','7','',''),
('625410601650723','03:47:00','03:47:00','6673100','8','',''),
('625410601650723','03:50:00','03:50:00','6673098','9','',''),
('625410601650723','03:55:00','03:55:00','6673096','10','',''),
('625410601650723','03:59:00','03:59:00','6673115','11','',''),
('625410601650723','04:04:00','04:04:00','6673093','12','',''),
('625410601650723','04:06:00','04:06:00','6673091','13','',''),
('625410601650723','04:13:00','04:13:00','6673089','14','',''),
('625410601650723','04:18:00','04:18:00','6673087','15','',''),
('625410601650723','04:27:00','04:27:00','6673085','16','',''),
('625410601650723','04:34:00','04:34:00','6673083','17','',''),
('725410601650723','03:40:00','03:40:00','6673110','1','',''),
('725410601650723','03:45:00','03:45:00','6673108','2','',''),
('725410601650723','03:49:00','03:49:00','6673111','3','',''),
('725410601650723','03:51:00','03:51:00','6673112','4','',''),
('725410601650723','03:53:00','03:53:00','6673104','5','',''),
('725410601650723','03:58:00','03:58:00','6673113','6','',''),
('725410601650723','04:14:00','04:14:00','6673114','7','',''),
('725410601650723','04:17:00','04:17:00','6673100','8','',''),
('725410601650723','04:20:00','04:20:00','6673098','9','',''),
('725410601650723','04:25:00','04:25:00','6673096','10','',''),
('725410601650723','04:29:00','04:29:00','6673115','11','',''),
('725410601650723','04:34:00','04:34:00','6673093','12','',''),
('725410601650723','04:36:00','04:36:00','6673091','13','',''),
('725410601650723','04:43:00','04:43:00','6673089','14','',''),
('725410601650723','04:48:00','04:48:00','6673087','15','',''),
('725410601650723','04:57:00','04:57:00','6673085','16','',''),
('725410601650723','05:04:00','05:04:00','6673083','17','',''),
('825410601650723','04:10:00','04:10:00','6673110','1','',''),
('825410601650723','04:15:00','04:15:00','6673108','2','',''),
('825410601650723','04:19:00','04:19:00','6673111','3','',''),
('825410601650723','04:21:00','04:21:00','6673112','4','',''),
('825410601650723','04:23:00','04:23:00','6673104','5','',''),
('825410601650723','04:28:00','04:28:00','6673113','6','',''),
('825410601650723','04:44:00','04:44:00','6673114','7','',''),
('825410601650723','04:47:00','04:47:00','6673100','8','',''),
('825410601650723','04:50:00','04:50:00','6673098','9','',''),
('825410601650723','04:55:00','04:55:00','6673096','10','',''),
('825410601650723','04:59:00','04:59:00','6673115','11','',''),
('825410601650723','05:04:00','05:04:00','6673093','12','',''),
('825410601650723','05:06:00','05:06:00','6673091','13','',''),
('825410601650723','05:13:00','05:13:00','6673089','14','',''),
('825410601650723','05:18:00','05:18:00','6673087','15','',''),
('825410601650723','05:27:00','05:27:00','6673085','16','',''),
('825410601650723','05:34:00','05:34:00','6673083','17','',''),
('925410601650723','04:40:00','04:40:00','6673110','1','',''),
('925410601650723','04:45:00','04:45:00','6673108','2','',''),
('925410601650723','04:49:00','04:49:00','6673111','3','',''),
('925410601650723','04:51:00','04:51:00','6673112','4','',''),
('925410601650723','04:53:00','04:53:00','6673104','5','',''),
('925410601650723','04:58:00','04:58:00','6673113','6','',''),
('925410601650723','05:14:00','05:14:00','6673114','7','',''),
('925410601650723','05:17:00','05:17:00','6673100','8','',''),
('925410601650723','05:20:00','05:20:00','6673098','9','',''),
('925410601650723','05:25:00','05:25:00','6673096','10','',''),
('925410601650723','05:29:00','05:29:00','6673115','11','',''),
('925410601650723','05:34:00','05:34:00','6673093','12','',''),
('925410601650723','05:36:00','05:36:00','6673091','13','',''),
('925410601650723','05:43:00','05:43:00','6673089','14','',''),
('925410601650723','05:48:00','05:48:00','6673087','15','',''),
('925410601650723','05:57:00','05:57:00','6673085','16','',''),
('925410601650723','06:04:00','06:04:00','6673083','17','','');
INSERT INTO calendar (service_id,monday,tuesday,wednesday,thursday,friday,saturday,sunday,start_date,end_date) VALUES
('2498725','0','0','0','0','0','0','0','20171221','20171222'),
('2541061','0','0','0','0','0','0','0','20180101','20180101'),
('2541060','0','0','0','0','0','0','0','20171223','20180128'),
('2541058','0','0','0','0','0','0','0','20180108','20180131'),
('2541059','0','0','0','0','0','0','0','20171226','20180105');
INSERT INTO calendar_dates (service_id,date,exception_type) VALUES
('2498725','20171221','1'),
('2498725','20171222','1'),
('2541061','20180101','1'),
('2541060','20171223','1'),
('2541060','20171224','1'),
('2541060','20171225','1'),
('2541060','20171230','1'),
('2541060','20171231','1'),
('2541060','20180106','1'),
('2541060','20180107','1'),
('2541060','20180113','1'),
('2541060','20180114','1'),
('2541060','20180120','1'),
('2541060','20180121','1'),
('2541060','20180127','1'),
('2541060','20180128','1'),
('2541058','20180108','1'),
('2541058','20180109','1'),
('2541058','20180110','1'),
('2541058','20180111','1'),
('2541058','20180112','1'),
('2541058','20180115','1'),
('2541058','20180116','1'),
('2541058','20180117','1'),
('2541058','20180118','1'),
('2541058','20180119','1'),
('2541058','20180122','1'),
('2541058','20180123','1'),
('2541058','20180124','1'),
('2541058','20180125','1'),
('2541058','20180126','1'),
('2541058','20180129','1'),
('2541058','20180130','1'),
('2541058','20180131','1'),
('2541059','20171226','1'),
('2541059','20171227','1'),
('2541059','20171228','1'),
('2541059','20171229','1'),
('2541059','20180102','1'),
('2541059','20180103','1'),
('2541059','20180104','1'),
('2541059','20180105','1');
INSERT INTO routes (route_id,agency_id,route_short_name,route_long_name,route_desc,route_type,route_url,route_color,route_text_color) VALUES
('1788192','100','N122','(SAINT-REMY-LES-CHEVREUSE RER <-> GARE MONTPARNASSE) - Aller','','3','','FFFFFF','000000'),
('1788193','100','N122','(SAINT-REMY-LES-CHEVREUSE RER <-> GARE MONTPARNASSE) - Retour','','3','','FFFFFF','000000'),
('1788454','100','N122','(SAINT-REMY-LES-CHEVREUSE RER <-> CHATELET) - Aller','','3','','FFFFFF','000000'),
('1788455','100','N122','(SAINT-REMY-LES-CHEVREUSE RER <-> CHATELET) - Retour','','3','','FFFFFF','000000');
INSERT INTO agency (agency_id,agency_name,agency_url,agency_timezone,agency_lang,agency_phone) VALUES
('100','RATP (100)','http://www.ratp.fr/','CET','','');
INSERT INTO trips (route_id,service_id,trip_id,trip_headsign,trip_short_name,direction_id,shape_id) VALUES
('1788192','2541061','1025410611039021','','10','0',''),
('1788192','2541061','125410611039021','','1','0',''),
('1788192','2541061','225410611039021','','2','0',''),
('1788192','2541061','325410611039021','','3','0',''),
('1788192','2541061','425410611039021','','4','0',''),
('1788192','2541061','525410611039021','','5','0',''),
('1788192','2541061','625410611039021','','6','0',''),
('1788192','2541061','725410611039021','','7','0',''),
('1788192','2541061','825410611039021','','8','0',''),
('1788192','2541061','925410611039021','','9','0',''),
('1788193','2541061','1025410611039022','','10','1',''),
('1788193','2541061','125410611039022','','1','1',''),
('1788193','2541061','225410611039022','','2','1',''),
('1788193','2541061','325410611039022','','3','1',''),
('1788193','2541061','425410611039022','','4','1',''),
('1788193','2541061','525410611039022','','5','1',''),
('1788193','2541061','625410611039022','','6','1',''),
('1788193','2541061','725410611039022','','7','1',''),
('1788193','2541061','825410611039022','','8','1',''),
('1788193','2541061','925410611039022','','9','1',''),
('1788454','2541060','1025410601650724','','10','0',''),
('1788454','2498725','124987251650724','','1','0',''),
('1788454','2541058','125410581650724','','1','0',''),
('1788454','2541059','125410591650724','','1','0',''),
('1788454','2541060','125410601650724','','1','0',''),
('1788454','2498725','224987251650724','','2','0',''),
('1788454','2541058','225410581650724','','2','0',''),
('1788454','2541059','225410591650724','','2','0',''),
('1788454','2541060','225410601650724','','2','0',''),
('1788454','2498725','324987251650724','','3','0',''),
('1788454','2541058','325410581650724','','3','0',''),
('1788454','2541059','325410591650724','','3','0',''),
('1788454','2541060','325410601650724','','3','0',''),
('1788454','2498725','424987251650724','','4','0',''),
('1788454','2541058','425410581650724','','4','0',''),
('1788454','2541059','425410591650724','','4','0',''),
('1788454','2541060','425410601650724','','4','0',''),
('1788454','2498725','524987251650724','','5','0',''),
('1788454','2541058','525410581650724','','5','0',''),
('1788454','2541059','525410591650724','','5','0',''),
('1788454','2541060','525410601650724','','5','0',''),
('1788454','2541060','625410601650724','','6','0',''),
('1788454','2541060','725410601650724','','7','0',''),
('1788454','2541060','825410601650724','','8','0',''),
('1788454','2541060','925410601650724','','9','0',''),
('1788455','2541060','1025410601650723','','10','1',''),
('1788455','2498725','124987251650723','','1','1',''),
('1788455','2541058','125410581650723','','1','1',''),
('1788455','2541059','125410591650723','','1','1',''),
('1788455','2541060','125410601650723','','1','1',''),
('1788455','2498725','224987251650723','','2','1',''),
('1788455','2541058','225410581650723','','2','1',''),
('1788455','2541059','225410591650723','','2','1',''),
('1788455','2541060','225410601650723','','2','1',''),
('1788455','2498725','324987251650723','','3','1',''),
('1788455','2541058','325410581650723','','3','1',''),
('1788455','2541059','325410591650723','','3','1',''),
('1788455','2541060','325410601650723','','3','1',''),
('1788455','2498725','424987251650723','','4','1',''),
('1788455','2541058','425410581650723','','4','1',''),
('1788455','2541059','425410591650723','','4','1',''),
('1788455','2541060','425410601650723','','4','1',''),
('1788455','2498725','524987251650723','','5','1',''),
('1788455','2541058','525410581650723','','5','1',''),
('1788455','2541059','525410591650723','','5','1',''),
('1788455','2541060','525410601650723','','5','1',''),
('1788455','2541060','625410601650723','','6','1',''),
('1788455','2541060','725410601650723','','7','1',''),
('1788455','2541060','825410601650723','','8','1',''),
('1788455','2541060','925410601650723','','9','1','');
INSERT INTO transfers (from_stop_id,to_stop_id,transfer_type,min_transfer_time) VALUES
('6673109','3764616','2','9'),
('4473150','4037297','2','98'),
('6673109','3764617','2','45'),
('6673108','4770179','2','71'),
('6673107','4036872','2','71'),
('4473141','3764695','2','94'),
('4473141','4770194','2','88'),
('4473141','3764694','2','54'),
('6673113','5370720','2','69'),
('6673110','4036869','2','9'),
('6673111','4651130','2','59'),
('4473151','4045005','2','62'),
('4473147','1827','2','431'),
('4473147','1826','2','251'),
('4473149','4726763','2','79'),
('4473147','1825','2','431'),
('4473147','1824','2','251'),
('4473150','4045006','2','98'),
('6673108','2167','2','275'),
('6673103','4036883','2','84'),
('6673103','4036884','2','57'),
('4473153','2413','2','208'),
('6673109','4726739','2','93'),
('6673102','5370720','2','86'),
('6673102','3764749','2','54'),
('6673113','3813518','2','63'),
('6673109','3687088','2','84'),
('6673113','3813519','2','82'),
('4314738','6673101','2','19'),
('6673109','5727702','2','93'),
('4473147','4037037','2','81'),
('4473143','4036884','2','36'),
('4473143','4036883','2','63'),
('4314770','6673101','2','19'),
('4473150','3764710','2','51'),
('4473147','4472995','2','81'),
('4473141','5138052','2','26'),
('6673109','3687087','2','81'),
('6673110','4770182','2','9'),
('4314738','4473140','2','19'),
('6673110','4036870','2','47'),
('6673110','4770181','2','93'),
('4473150','3764994','2','62'),
('4473150','3764995','2','46'),
('6673102','3764636','2','39'),
('6673110','4770184','2','9'),
('6673111','3893356','2','49'),
('4473144','3893468','2','54'),
('6673111','3893357','2','61'),
('6673102','3764635','2','94'),
('4473127','2178','2','263'),
('6673111','2333','2','201'),
('6673112','3893432','2','32'),
('6673112','3893433','2','50'),
('4314769','4473140','2','19'),
('6673107','1672','2','276'),
('4314738','6673114','2','50'),
('4314770','6673114','2','50'),
('6673112','3893434','2','94'),
('6673108','4651132','2','71'),
('6673106','2333','2','232'),
('6673105','1650','2','234'),
('4473141','5221740','2','86'),
('6673110','4036985','2','34'),
('4473151','4036880','2','64'),
('4473141','5370720','2','86'),
('6673110','4036986','2','47'),
('4473142','3764438','2','91'),
('6673110','3764617','2','45'),
('6673110','3764616','2','9'),
('6673108','1729','2','272'),
('4314738','4473154','2','50'),
('4473147','3887812','2','43'),
('6673110','4459252','2','84'),
('4473150','3687413','2','18'),
('6673111','4036925','2','59'),
('6673111','3765421','2','103'),
('4473141','3764793','2','108'),
('4473146','4037253','2','62'),
('4314769','4473154','2','50'),
('4473152','4472990','2','81'),
('6673111','3765422','2','76'),
('4473153','4770163','2','88'),
('4314770','4473154','2','50'),
('4473153','4770164','2','103'),
('6673083','1673','2','191'),
('6673110','3812967','2','93'),
('6673111','1866','2','201'),
('4473151','1692','2','191'),
('4473150','3812976','2','104'),
('4473147','2366','2','431'),
('4473150','3812975','2','62'),
('4473147','2365','2','251'),
('4473148','3926186','2','44'),
('4473148','3926187','2','79'),
('6673110','3687087','2','81'),
('6673110','3687088','2','84'),
('4473145','4472997','2','81'),
('4473141','5137967','2','88'),
('6673110','4459253','2','107'),
('4473148','3764966','2','31'),
('6673110','3926387','2','84'),
('6673109','4016265','2','107'),
('4473145','4036921','2','81'),
('6673109','4016266','2','107'),
('4314770','4473140','2','19'),
('6673109','6114724','2','107'),
('6673109','6114723','2','107'),
('6673112','3893468','2','84'),
('4473150','3764757','2','51'),
('6673110','4726739','2','93'),
('6673101','6251680','2','31'),
('4473141','3764675','2','108'),
('6673103','4472986','2','20'),
('4473143','3764628','2','20'),
('4473149','1824','2','405'),
('4473148','4009616','2','8'),
('4473148','4009617','2','8'),
('4473149','1827','2','225'),
('4473143','2187','2','321'),
('6673111','4770177','2','59'),
('4473149','1825','2','225'),
('4473147','2363','2','251'),
('4473143','2186','2','261'),
('4473149','1826','2','405'),
('4473147','2364','2','431'),
('4473143','2185','2','261'),
('4473141','2413','2','216'),
('4473143','4770170','2','20'),
('4473144','4045003','2','54'),
('6673109','3687242','2','81'),
('6673109','3764511','2','81'),
('6673109','3764510','2','84'),
('6673106','3764817','2','66'),
('6673106','3764816','2','46'),
('6673085','2178','2','263'),
('6673110','1166835','2','207'),
('4473142','3764670','2','20'),
('6673108','3764843','2','71'),
('6673110','1166834','2','207'),
('6673109','3687241','2','84'),
('6673103','1998','2','330'),
('4473136','2386','2','320'),
('6673103','1997','2','270'),
('6673103','1996','2','270'),
('4314737','6673101','2','19'),
('6673109','5454894','2','81'),
('4473148','4037251','2','61'),
('4473140','2348','2','215'),
('6673101','6251679','2','31'),
('4473153','5138202','2','88'),
('4473153','5138201','2','103'),
('4473150','3764748','2','46'),
('6673103','4770171','2','20'),
('4473127','1988','2','263'),
('6673110','3764661','2','9'),
('6673106','5709971','2','30'),
('6673107','3764814','2','71'),
('6673106','5709972','2','30'),
('4473146','5138188','2','99'),
('4473146','5138045','2','99'),
('6673106','3764665','2','59'),
('4314737','6673114','2','50'),
('4473147','3813114','2','66'),
('4473141','4036893','2','88'),
('4473147','3813115','2','43'),
('4473148','6591475','2','79'),
('4314769','6673101','2','19'),
('4473147','3813116','2','58'),
('6673097','2386','2','320'),
('4473148','3687412','2','61'),
('6673105','3764668','2','104'),
('4473148','3687411','2','61'),
('4473149','3764966','2','31'),
('6673102','3781622','2','92'),
('6673102','3781623','2','92'),
('4473141','4036891','2','26'),
('6673110','3812919','2','60'),
('6673110','3812918','2','60'),
('4473141','4472979','2','26'),
('4473153','5325169','2','86'),
('4473150','3926246','2','98'),
('6673106','4770188','2','59'),
('6673104','5138192','2','63'),
('6673104','5138193','2','36'),
('4473143','3764438','2','73'),
('4473153','3764694','2','137'),
('6673112','4770174','2','104'),
('6673104','4651125','2','20'),
('6673110','4016266','2','107'),
('6673110','4016265','2','107'),
('6673104','5138047','2','63'),
('4473153','5325170','2','107'),
('6673109','4036648','2','45'),
('4473138','2385','2','388'),
('6673113','5122015','2','20'),
('6673113','5122016','2','69'),
('6673107','3893354','2','71'),
('4473153','4472979','2','103'),
('4473153','4472978','2','88'),
('4473141','3764635','2','94'),
('6673110','4037786','2','17'),
('4473141','3764636','2','39'),
('6673110','4037785','2','93'),
('4473149','3687411','2','61'),
('4473150','3687473','2','98'),
('4473149','3687412','2','61'),
('4473148','5122008','2','14'),
('6673102','5221740','2','86'),
('4473148','5122007','2','79'),
('4473148','5122006','2','44'),
('4473147','3887780','2','60'),
('6673104','4770170','2','20'),
('4473148','4037003','2','79'),
('4473144','4037255','2','28'),
('4473149','4009616','2','8'),
('4473149','4009617','2','8'),
('4473141','4651121','2','39'),
('4473141','3764749','2','54'),
('6673087','2127','2','217'),
('6673102','5138201','2','26'),
('4473143','1996','2','261'),
('4473143','1997','2','261'),
('6673107','5709975','2','71'),
('4473143','1998','2','321'),
('4473128','1988','2','263'),
('6673102','5137967','2','88'),
('6673084','1988','2','263'),
('4473148','4726763','2','79'),
('4473149','4473028','2','79'),
('4473149','4473029','2','18'),
('4473139','1775','2','353'),
('4473149','2364','2','225'),
('4473149','2363','2','405'),
('4473144','2530','2','234'),
('4473147','4009618','2','81'),
('4473149','2366','2','225'),
('4473149','2365','2','405'),
('4473150','3764785','2','46'),
('4314769','6673114','2','50'),
('4473149','4473027','2','31'),
('6673102','5138024','2','86'),
('6673106','3764621','2','59'),
('6673113','4472979','2','103'),
('4473149','5121381','2','31'),
('6673113','4472978','2','88'),
('6673108','6591520','2','71'),
('6673104','3764628','2','20'),
('4473146','2502','2','192'),
('4473149','5121374','2','13'),
('4473151','4036879','2','37'),
('4473153','3781622','2','21'),
('4473149','5121373','2','79'),
('4473153','3781623','2','21'),
('6673108','1672','2','215'),
('4473149','5121372','2','8'),
('6673107','2472','2','210'),
('4473151','2502','2','191'),
('4473153','5121400','2','103'),
('4473153','5121401','2','88'),
('6673110','2036','2','207'),
('6673105','3764624','2','104'),
('6673110','6114723','2','107'),
('4473147','3764784','2','43'),
('6673110','6114724','2','107'),
('4473154','1809','2','233'),
('6673110','5018386','2','45'),
('6673087','2078','2','217'),
('4473129','2127','2','235'),
('6673086','2078','2','235'),
('4473144','4036922','2','97'),
('6673107','2482','2','276'),
('4473153','3813519','2','82'),
('6673113','3442545','2','86'),
('6673114','1809','2','233'),
('6673110','5727702','2','93'),
('4473153','3813518','2','63'),
('6673113','3442544','2','86'),
('6673108','4036927','2','71'),
('6673102','4473000','2','88'),
('4473147','3764758','2','60'),
('4473147','3926188','2','98'),
('6673102','4472979','2','26'),
('4473148','4473029','2','18'),
('4473148','4473027','2','31'),
('4473148','4473028','2','79'),
('6673102','5138052','2','26'),
('6673109','4770184','2','9'),
('6673109','4770181','2','93'),
('6673109','4770182','2','9'),
('6673108','5709974','2','71'),
('4473143','5138193','2','36'),
('4473144','3893434','2','28'),
('6673109','1166835','2','207'),
('4473153','3442545','2','86'),
('6673105','3893434','2','28'),
('4473143','5138192','2','63'),
('4473153','3442544','2','86'),
('6673110','3764510','2','84'),
('6673110','3764511','2','81'),
('6673109','1166834','2','207'),
('6673113','3764694','2','137'),
('6673113','1735','2','208'),
('4473149','5121383','2','90'),
('4473149','5121382','2','31'),
('4473145','4037254','2','81'),
('6673084','2178','2','263'),
('6673111','3764817','2','61'),
('6673111','3764816','2','49'),
('4473153','1735','2','208'),
('4473144','1650','2','234'),
('4473146','3442431','2','62'),
('4473147','4045008','2','98'),
('4473139','2385','2','353'),
('4473151','5138045','2','37'),
('6673110','4016325','2','96'),
('6673110','4016324','2','93'),
('6673105','4037255','2','28'),
('4473147','4037252','2','98'),
('4473147','3764747','2','43'),
('6673107','3687471','2','67'),
('6673113','3781623','2','21'),
('6673113','3781622','2','21'),
('6673110','1966','2','217'),
('6673110','1964','2','207'),
('6673111','3812968','2','67'),
('6673110','1965','2','207'),
('6673112','3764991','2','84'),
('4473144','3764991','2','54'),
('6673107','3764619','2','71'),
('4473146','4036879','2','99'),
('6673109','3442416','2','107'),
('4473148','1824','2','405'),
('6673109','3442415','2','107'),
('4473148','1825','2','225'),
('4473148','1826','2','405'),
('4473148','1827','2','225'),
('4473140','6251679','2','31'),
('6673086','2127','2','235'),
('6673109','4037785','2','93'),
('6673109','4037786','2','17'),
('4473142','5138192','2','84'),
('6673110','3687428','2','84'),
('4473142','5138193','2','57'),
('4473150','4009618','2','18'),
('6673104','4036884','2','36'),
('4473154','3757175','2','31'),
('4473154','3757174','2','31'),
('6673105','3764991','2','54'),
('6673113','2413','2','208'),
('6673104','4036883','2','63'),
('6673109','2155','2','207'),
('6673110','6591457','2','56'),
('6673110','6591456','2','34'),
('6673111','3887769','2','76'),
('4473142','2185','2','270'),
('6673111','3887768','2','103'),
('4473142','2186','2','270'),
('4473142','2187','2','330'),
('6673109','4651135','2','9'),
('6673109','4651134','2','93'),
('4473143','5138047','2','63'),
('6673106','3893356','2','46'),
('4473150','3813156','2','98'),
('6673106','3893357','2','66'),
('6673112','3764970','2','94'),
('4473153','3763974','2','32'),
('6673104','4472985','2','20'),
('4473153','3763975','2','32'),
('4473142','4770171','2','20'),
('4473152','3764992','2','81'),
('6591541','6673110','2','56'),
('6673112','4045003','2','84'),
('4473153','5370720','2','69'),
('6673109','4036870','2','47'),
('4473153','3764749','2','137'),
('6673082','1673','2','191'),
('4473144','3764970','2','28'),
('6673109','3812919','2','60'),
('6673109','3812918','2','60'),
('4473141','4770164','2','26'),
('6673098','2386','2','304'),
('6673109','4037198','2','84'),
('6673109','4037197','2','17'),
('6673109','4037196','2','107'),
('4473153','4036891','2','103'),
('4473153','4036892','2','88'),
('6673109','4036767','2','84'),
('6673105','3893468','2','54'),
('4473141','3813519','2','61'),
('6673114','3757174','2','31'),
('4473150','2364','2','389'),
('4473147','3813039','2','98'),
('4473141','3813518','2','78'),
('6673114','3757175','2','31'),
('4473150','2363','2','209'),
('4473147','3813038','2','43'),
('6673109','4036768','2','45'),
('6673109','2036','2','207'),
('6673111','3764641','2','59'),
('6673109','4036869','2','9'),
('4473150','2366','2','389'),
('6673114','2348','2','233'),
('6673113','4770164','2','103'),
('6673105','3764970','2','28'),
('6673102','4036891','2','26'),
('4473150','2365','2','209'),
('6673113','4770163','2','88'),
('4473147','3764711','2','60'),
('6673102','4036893','2','88'),
('4473153','5138052','2','103'),
('4473130','2127','2','217'),
('4473142','1998','2','330'),
('4473142','4472986','2','20'),
('4473142','1996','2','270'),
('4473142','1997','2','270'),
('6673108','2482','2','275'),
('6673102','4770194','2','88'),
('6673113','3764636','2','113'),
('4473151','5138188','2','37'),
('4473147','3687413','2','81'),
('6673113','5221739','2','20'),
('4473138','1775','2','388'),
('4473151','5138189','2','64'),
('4473150','6591474','2','98'),
('4473142','4036884','2','57'),
('4473142','4036883','2','84'),
('6673109','4036986','2','47'),
('6673104','1998','2','321'),
('4473144','4036877','2','104'),
('6673104','1997','2','261'),
('6673109','4036985','2','34'),
('6673104','1996','2','261'),
('6673107','4770186','2','71'),
('6673113','5221740','2','69'),
('4473142','5138047','2','84'),
('6673113','5138024','2','69'),
('4473141','5122016','2','86'),
('6673103','3764627','2','20'),
('6673102','5122016','2','86'),
('6673114','3757203','2','31'),
('6591541','6673109','2','56'),
('6673114','3757202','2','31'),
('6673107','3764663','2','71'),
('6673106','1866','2','232'),
('4473148','5121374','2','13'),
('4473147','3764967','2','98'),
('4473129','2078','2','235'),
('4473148','5121373','2','79'),
('4473140','6251680','2','31'),
('4473153','3764636','2','113'),
('4473126','2483','2','191'),
('4473148','5121372','2','8'),
('6673111','3813043','2','59'),
('6673103','2186','2','270'),
('4473150','3442434','2','51'),
('6673103','2185','2','270'),
('4473150','3442433','2','46'),
('6673112','3764638','2','104'),
('6673112','1650','2','248'),
('4473150','3442432','2','62'),
('6673103','2187','2','330'),
('6673105','4036922','2','97'),
('4473149','3926187','2','79'),
('4473125','1673','2','191'),
('4473149','3926186','2','44'),
('6673104','3764438','2','73'),
('6673105','2530','2','234'),
('6673110','5454894','2','81'),
('4473148','5121383','2','90'),
('4473148','5121382','2','31'),
('4473154','2348','2','233'),
('4473148','5121381','2','31'),
('6673113','5138202','2','88'),
('6673113','5138201','2','103'),
('6673108','2472','2','272'),
('6673102','4651121','2','39'),
('6673106','4036874','2','59'),
('6673109','6591457','2','56'),
('6673109','6591456','2','34'),
('6673109','3812967','2','93'),
('4473137','2386','2','304'),
('6673108','3764643','2','71'),
('4473141','1735','2','216'),
('4473153','4890600','2','32'),
('4473141','5121402','2','88'),
('6673110','2221','2','217'),
('4473150','4037002','2','98'),
('6673110','2220','2','207'),
('4473130','2078','2','217'),
('6673113','3764749','2','137'),
('6673112','4472989','2','104'),
('4473141','5138024','2','86'),
('4473150','4472992','2','98'),
('6673102','5121402','2','88'),
('4473150','4472995','2','18'),
('6673097','1776','2','320'),
('4473153','4890496','2','32'),
('4473147','6591516','2','81'),
('4473153','4890495','2','32'),
('6673102','5121400','2','26'),
('4473146','1692','2','192'),
('4473140','1809','2','215'),
('6673101','2348','2','215'),
('4473141','5121400','2','26'),
('6673113','3763974','2','32'),
('6673113','3763975','2','32'),
('4473145','3764969','2','81'),
('4473148','2365','2','405'),
('4473148','2364','2','225'),
('4473148','2363','2','405'),
('4473148','2366','2','225'),
('4473143','4651125','2','20'),
('6673110','2219','2','207'),
('4473147','4726761','2','43'),
('6673108','4037041','2','71'),
('6673102','3764694','2','54'),
('6673102','3764695','2','94'),
('6673105','4770191','2','104'),
('6673111','5709971','2','51'),
('6673111','5709972','2','51'),
('6673102','1735','2','216'),
('6673103','3764670','2','20'),
('4473148','5151512','2','18'),
('4473148','5151511','2','79'),
('4473148','5151510','2','31'),
('4473151','4472991','2','62'),
('6673110','3442416','2','107'),
('6673110','3442415','2','107'),
('4473149','4037251','2','61'),
('4473152','4036878','2','81'),
('6673108','3893394','2','71'),
('6673113','4890495','2','32'),
('6673110','3687242','2','81'),
('6673113','4890496','2','32'),
('6673113','4890600','2','32'),
('6673082','2483','2','191'),
('6673110','3687241','2','84'),
('6673113','5325169','2','86'),
('4473153','5221740','2','69'),
('4473151','3442430','2','62'),
('4473148','4472994','2','61'),
('6673109','4016324','2','93'),
('4473153','4651121','2','113'),
('6673109','4016325','2','96'),
('6673113','5325170','2','107'),
('4473153','5122015','2','20'),
('4473153','5122016','2','69'),
('6673098','1776','2','304'),
('4473146','3813040','2','62'),
('6673102','2413','2','216'),
('4473150','4009667','2','98'),
('6673109','4459252','2','84'),
('6673108','1977','2','275'),
('6673109','4459253','2','107'),
('6673103','5138193','2','57'),
('6673103','5138192','2','84'),
('6673112','2530','2','248'),
('4473148','4472993','2','61'),
('4473141','5138201','2','26'),
('4473144','3764624','2','104'),
('4473150','6591516','2','18'),
('6673112','4036922','2','36'),
('4473150','4037037','2','18'),
('4473141','4473000','2','88'),
('6673102','4770164','2','26'),
('6673113','5138052','2','103'),
('4473148','4037298','2','34'),
('4473153','5221739','2','20'),
('4473146','4472996','2','62'),
('4473142','3764627','2','20'),
('4473144','4770191','2','104'),
('4473154','3757202','2','31'),
('4473154','3757203','2','31'),
('4473125','2483','2','191'),
('4473149','4472993','2','61'),
('6673110','4036648','2','45'),
('4473149','4472994','2','61'),
('4473151','3764993','2','62'),
('6673109','2219','2','207'),
('4473149','5122007','2','79'),
('4473149','5122006','2','44'),
('4473149','5122008','2','14'),
('6673109','2220','2','207'),
('4473128','2178','2','263'),
('6673109','2221','2','217'),
('4473149','6591475','2','79'),
('4473146','3764968','2','62'),
('6673112','4037255','2','94'),
('6673113','5121400','2','103'),
('6673113','5121401','2','88'),
('6673104','2185','2','261'),
('6673110','4037197','2','17'),
('6673102','3764793','2','108'),
('4473152','4045004','2','81'),
('6673110','4037196','2','107'),
('4473147','3812976','2','58'),
('6673110','4037198','2','84'),
('6673104','2187','2','321'),
('6673104','2186','2','261'),
('6673110','2155','2','207'),
('6673099','1775','2','388'),
('6673113','4036891','2','103'),
('6673109','1964','2','207'),
('6673113','4036892','2','88'),
('6673109','1965','2','207'),
('6673109','1966','2','217'),
('4473149','4037003','2','79'),
('4473149','4037298','2','34'),
('6673085','1988','2','263'),
('4473150','4726762','2','98'),
('6673100','1775','2','353'),
('6673108','3687426','2','71'),
('4314737','4473154','2','50'),
('6673110','4036768','2','45'),
('6673083','2483','2','191'),
('6673107','1729','2','210'),
('6673100','2385','2','353'),
('4473153','5138024','2','69'),
('6673110','4036767','2','84'),
('6673113','4651121','2','113'),
('4473149','5151512','2','18'),
('4473150','3813116','2','104'),
('4473126','1673','2','191'),
('6673103','3764438','2','91'),
('4473149','5151510','2','31'),
('4473149','5151511','2','79'),
('4473150','3813114','2','35'),
('6673110','4651134','2','93'),
('6673110','4651135','2','9'),
('6673103','5138047','2','84'),
('4473143','4472985','2','20'),
('4314737','4473140','2','19'),
('6673102','3813518','2','78'),
('6673102','3813519','2','61'),
('6673112','4651127','2','104'),
('6673102','3764675','2','108'),
('4473150','1825','2','389'),
('4473151','3812974','2','62'),
('6673109','3687428','2','84'),
('4473150','1826','2','209'),
('6673105','4045003','2','54'),
('6673105','4036877','2','104'),
('6673101','1809','2','215'),
('4473150','1824','2','209'),
('6673109','5018386','2','45'),
('6673109','3926387','2','84'),
('4473150','1827','2','389'),
('6673099','2385','2','388'),
('4473144','3764668','2','104'),
('6673109','3764661','2','9'),
('4473141','3781622','2','92'),
('4473141','3781623','2','92'),
('4473137','1776','2','304'),
('4473136','1776','2','320');
INSERT INTO stops (stop_id,stop_code,stop_name,stop_desc,stop_lat,stop_lon,location_type,parent_station) VALUES
('4473150','','PLACE DU 18 JUIN 1940','PLACE DU 18 JUIN 1940 - 75114','48.84349739847797','2.3238014203032726','0',''),
('4473151','','VAVIN','106 BOULEVARD DU MONTPARNASSE - 75114','48.84195202597997','2.3291393929668964','0',''),
('4473152','','CAMPAGNE PREMIERE','150 BOULEVARD DU MONTPARNASSE - 75114','48.840361465744664','2.334123038235999','0',''),
('4473153','','PORTE D''ORLEANS-METRO','4 PLACE DU 25 AOUT 1944 - 75114','48.82273618498334','2.325208756264251','0',''),
('4473154','','MASSY-PALAISEAU RER','PISTE GARE ROUTIERE - 91377','48.7244458500694','2.2604287428627776','0',''),
('4473155','','MAIRIE-HOPITAL-ORSAY RER','PLACE DU GENERAL LECLERC - 91471','48.6989211696682','2.1876838764816937','0',''),
('4473125','','SAINT-REMY-LES-CHEVREUSE RER','PISTE GARE ROUTIERE - 78575','48.70310256736092','2.070680495679639','0',''),
('4473126','','SAINT-REMY-LES-CHEVREUSE RER','PISTE GARE ROUTIERE - 78575','48.70310256736092','2.070680495679639','0',''),
('6673109','','CHATELET','FACE 15 AVENUE VICTORIA - 75104','48.857598970485036','2.348586823364378','0',''),
('4473127','','11 NOVEMBRE - COURCELLE-SUR-YVETTE RER','AVENUE DU GENERAL LECLERC - 91272','48.699990143511734','2.0991719606466352','0',''),
('4473128','','11 NOVEMBRE - COURCELLE-SUR-YVETTE RER','AVENUE DU GENERAL LECLERC - 91272','48.70007163861748','2.0994703297388755','0',''),
('4473129','','GIF-SUR-YVETTE RER','ROUTE DE BELLEVILLE - 91272','48.69776837904325','2.1372971793392','0',''),
('6673104','','DENFERT-ROCHEREAU - ARAGO','108-110 AVENUE DENFERT-ROCHEREAU - 75114','48.83487001531102','2.3327347010432598','0',''),
('6673103','','DENFERT-ROCHEREAU - ARAGO','95 AVENUE DENFERT-ROCHEREAU - 75114','48.83479812557195','2.3330342236102313','0',''),
('6673102','','PORTE D''ORLEANS','123 AVENUE DU GENERAL LECLERC - 75114','48.82356309968058','2.3256985758622','0',''),
('6673101','','MASSY-PALAISEAU-RER','PISTE GARE ROUTIERE - 91377','48.72476050436811','2.2605233770372464','0',''),
('6673108','','SAINT-MICHEL - SAINT-GERMAIN','10 BOULEVARD SAINT-MICHEL - 75105','48.852377642312824','2.343464941511734','0',''),
('6673107','','SAINT-MICHEL - SAINT-GERMAIN','1 BOULEVARD SAINT-MICHEL - 75105','48.85296179377503','2.34407787300629','0',''),
('6673106','','LUXEMBOURG','75 BOULEVARD SAINT-MICHEL - 75105','48.846041587705','2.3402777279421545','0',''),
('6673105','','OBSERVATOIRE - PORT ROYAL','49 AVENUE DE L''OBSERVATOIRE - 75114','48.839256036606045','2.3367645211123738','0',''),
('6673100','','EDOUARD BRANLY-PALAISEAU RER','FACE 8 - 8BIS RUE EDOUARD BRANLY - 91477','48.71647366819736','2.24831053275632','0',''),
('6673086','','GIF-SUR-YVETTE RER','ROUTE DE BELLEVILLE - 91272','48.69776837904325','2.1372971793392','0',''),
('6673087','','GIF-SUR-YVETTE RER','ROUTE DE BELLEVILLE - 91272','48.697866818081394','2.137038807836006','0',''),
('6673088','','BURES-SUR-YVETTE RER - UNIVERSITE','FACE 231 VOIE DE LA FACULTE - 91122','48.698807068481955','2.1633102237812083','0',''),
('6673089','','BURES-SUR-YVETTE RER - UNIVERSITE','231 VOIE DE LA FACULTE - 91122','48.6988617345815','2.1638124580254603','0',''),
('6673082','','SAINT-REMY-LES-CHEVREUSE RER','PISTE GARE ROUTIERE - 78575','48.70310256736092','2.070680495679639','0',''),
('6673083','','SAINT-REMY-LES-CHEVREUSE RER','PISTE GARE ROUTIERE - 78575','48.70310256736092','2.070680495679639','0',''),
('6673084','','11 NOVEMBRE - COURCELLE-SUR-YVETTE RER','AVENUE DU GENERAL LECLERC - 91272','48.699990143511734','2.0991719606466352','0',''),
('6673085','','11 NOVEMBRE - COURCELLE-SUR-YVETTE RER','AVENUE DU GENERAL LECLERC - 91272','48.70007163861748','2.0994703297388755','0',''),
('4473138','','EDOUARD BRANLY-PALAISEAU RER','8 RUE EDOUARD BRANLY - 91477','48.7163389942601','2.2485145137045444','0',''),
('4473139','','EDOUARD BRANLY-PALAISEAU RER','FACE 8 - 8BIS RUE EDOUARD BRANLY - 91477','48.71647366819736','2.24831053275632','0',''),
('4473136','','PALAISEAU-VILLEBON RER','1 AVENUE DU GENERAL LECLERC - 91477','48.7065337226987','2.2385765006887657','0',''),
('4473137','','PALAISEAU-VILLEBON RER','FACE 7 AVENUE DU GENERAL LECLERC - 91477','48.70665944861114','2.238440453695439','0',''),
('4473134','','LES SUISSES - LOZERE RER','40 AVENUE DU GENERAL DE GAULLE - 91661','48.69987783983225','2.2145948835441547','0',''),
('4473135','','LES SUISSES - LOZERE RER','FACE 40 AVENUE DU GENERAL DE GAULLE - 91661','48.70004863592524','2.214608060016395','0',''),
('6673113','','PORTE D''ORLEANS-METRO','4 PLACE DU 25 AOUT 1944 - 75114','48.82273618498334','2.325208756264251','0',''),
('6673112','','OBSERVATOIRE - PORT ROYAL','18 AVENUE DE L''OBSERVATOIRE - 75106','48.84028960403854','2.336492195010898','0',''),
('6673115','','MAIRIE-HOPITAL-ORSAY RER','PLACE DU GENERAL LECLERC - 91471','48.6989211696682','2.1876838764816937','0',''),
('6673114','','MASSY-PALAISEAU RER','PISTE GARE ROUTIERE - 91377','48.7244458500694','2.2604287428627776','0',''),
('6673096','','LES SUISSES - LOZERE RER','FACE 40 AVENUE DU GENERAL DE GAULLE - 91661','48.70004863592524','2.214608060016395','0',''),
('6673095','','LES SUISSES - LOZERE RER','40 AVENUE DU GENERAL DE GAULLE - 91661','48.69987783983225','2.2145948835441547','0',''),
('6673094','','PLACE DE LA REPUBLIQUE-ORSAY RER','PLACE DE LA REPUBLIQUE - 91471','48.69646353271517','2.1847308927011513','0',''),
('6673110','','CHATELET','FACE 15 AVENUE VICTORIA - 75104','48.857598970485036','2.348586823364378','0',''),
('6673093','','ROND-POINT DE MONDETOUR','12 RUE DE LA FERME - 91471','48.68450171638343','2.1863270831961543','0',''),
('6673111','','LUXEMBOURG','FACE 71 BOULEVARD SAINT-MICHEL - 75106','48.846634763899694','2.340250527561508','0',''),
('6673099','','EDOUARD BRANLY-PALAISEAU RER','8 RUE EDOUARD BRANLY - 91477','48.7163389942601','2.2485145137045444','0',''),
('6673098','','PALAISEAU-VILLEBON RER','FACE 7 AVENUE DU GENERAL LECLERC - 91477','48.70665944861114','2.238440453695439','0',''),
('6673097','','PALAISEAU-VILLEBON RER','1 AVENUE DU GENERAL LECLERC - 91477','48.7065337226987','2.2385765006887657','0',''),
('4473133','','PLACE DE LA REPUBLIQUE-ORSAY RER','PLACE DE LA REPUBLIQUE - 91471','48.69646353271517','2.1847308927011513','0',''),
('4473132','','BURES-SUR-YVETTE RER - UNIVERSITE','231 VOIE DE LA FACULTE - 91122','48.6988617345815','2.1638124580254603','0',''),
('4473131','','BURES-SUR-YVETTE RER - UNIVERSITE','FACE 231 VOIE DE LA FACULTE - 91122','48.698807068481955','2.1633102237812083','0',''),
('4473130','','GIF-SUR-YVETTE RER','ROUTE DE BELLEVILLE - 91272','48.697866818081394','2.137038807836006','0',''),
('6673092','','ROND-POINT DE MONDETOUR','1 RUE DE LA FERME - 91471','48.68436891278803','2.1879293240081497','0',''),
('6673091','','MAIRIE DES ULIS - PLACE DE LA LIBERTE','AVENUE DU BERRY - 91692','48.682584201297686','2.1706947210790677','0',''),
('6673090','','MAIRIE DES ULIS - PLACE DE LA LIBERTE','AVENUE DU BERRY - 91692','48.68242248196027','2.17074953679894','0',''),
('4473149','','GARE MONTPARNASSE','PLACE RAOUL DAUTRY - 75115','48.84202305182629','2.320697292153351','0',''),
('4473145','','CAMPAGNE PREMIERE','147 BOULEVARD DU MONTPARNASSE - 75106','48.84094563078703','2.3332651955742056','0',''),
('4473146','','VAVIN','103 BOULEVARD DU MONTPARNASSE - 75106','48.84248225530111','2.3286355034590827','0',''),
('4473147','','PLACE DU 18 JUIN 1940 - RUE DE L''ARRIVEE','FACE 3 RUE DE L''ARRIVEE - 75115','48.84381179353463','2.32238519748455','0',''),
('4473148','','GARE MONTPARNASSE','PLACE RAOUL DAUTRY - 75115','48.84202305182629','2.320697292153351','0',''),
('4473142','','DENFERT-ROCHEREAU - ARAGO','95 AVENUE DENFERT-ROCHEREAU - 75114','48.83479812557195','2.3330342236102313','0',''),
('4473141','','PORTE D''ORLEANS','123 AVENUE DU GENERAL LECLERC - 75114','48.82356309968058','2.3256985758622','0',''),
('4473144','','OBSERVATOIRE - PORT ROYAL','49 AVENUE DE L''OBSERVATOIRE - 75114','48.839256036606045','2.3367645211123738','0',''),
('4473143','','DENFERT-ROCHEREAU - ARAGO','108-110 AVENUE DENFERT-ROCHEREAU - 75114','48.83487001531102','2.3327347010432598','0',''),
('4473140','','MASSY-PALAISEAU-RER','PISTE GARE ROUTIERE - 91377','48.72476050436811','2.2605233770372464','0','');
