INSERT INTO stop_times (trip_id,arrival_time,departure_time,stop_id,stop_sequence,stop_headsign,shape_dist_traveled) VALUES
('1025246411034266','18:40:00','18:40:00','3786294','1','',''),
('1025246411034266','18:42:00','18:42:00','3786295','2','',''),
('1025246411034266','18:43:00','18:43:00','4255013','3','',''),
('1025246411034266','18:45:00','18:45:00','3786297','4','',''),
('1025246411034266','18:48:00','18:48:00','3786298','5','',''),
('1025246411034266','18:49:00','18:49:00','3786299','6','',''),
('1025246411034266','18:51:00','18:51:00','3786300','7','',''),
('1025246411034266','18:52:00','18:52:00','3786301','8','',''),
('1025246411034266','18:54:00','18:54:00','3786302','9','',''),
('1025246411034266','18:56:00','18:56:00','3786303','10','',''),
('1025246411034266','18:58:00','18:58:00','3786304','11','',''),
('1025246411034266','19:00:00','19:00:00','3786305','12','',''),
('1025246411034266','19:02:00','19:02:00','3786306','13','',''),
('1025246411034266','19:05:00','19:05:00','3786307','14','',''),
('1025246411034266','19:07:00','19:07:00','3786308','15','',''),
('1025246411034266','19:10:00','19:10:00','3786309','16','',''),
('1025246421034266','18:40:00','18:40:00','3786294','1','',''),
('1025246421034266','18:42:00','18:42:00','3786295','2','',''),
('1025246421034266','18:43:00','18:43:00','4255013','3','',''),
('1025246421034266','18:45:00','18:45:00','3786297','4','',''),
('1025246421034266','18:48:00','18:48:00','3786298','5','',''),
('1025246421034266','18:49:00','18:49:00','3786299','6','',''),
('1025246421034266','18:51:00','18:51:00','3786300','7','',''),
('1025246421034266','18:52:00','18:52:00','3786301','8','',''),
('1025246421034266','18:54:00','18:54:00','3786302','9','',''),
('1025246421034266','18:56:00','18:56:00','3786303','10','',''),
('1025246421034266','18:58:00','18:58:00','3786304','11','',''),
('1025246421034266','19:00:00','19:00:00','3786305','12','',''),
('1025246421034266','19:02:00','19:02:00','3786306','13','',''),
('1025246421034266','19:05:00','19:05:00','3786307','14','',''),
('1025246421034266','19:07:00','19:07:00','3786308','15','',''),
('1025246421034266','19:10:00','19:10:00','3786309','16','',''),
('125246411034266','07:40:00','07:40:00','3786294','1','',''),
('125246411034266','07:42:00','07:42:00','3786295','2','',''),
('125246411034266','07:43:00','07:43:00','4255013','3','',''),
('125246411034266','07:45:00','07:45:00','3786297','4','',''),
('125246411034266','07:48:00','07:48:00','3786298','5','',''),
('125246411034266','07:49:00','07:49:00','3786299','6','',''),
('125246411034266','07:50:00','07:50:00','3786300','7','',''),
('125246411034266','07:51:00','07:51:00','3786301','8','',''),
('125246411034266','07:53:00','07:53:00','3786302','9','',''),
('125246411034266','07:55:00','07:55:00','3786303','10','',''),
('125246411034266','07:57:00','07:57:00','3786304','11','',''),
('125246411034266','07:58:00','07:58:00','3786305','12','',''),
('125246411034266','07:59:00','07:59:00','3786306','13','',''),
('125246411034266','08:01:00','08:01:00','3786307','14','',''),
('125246411034266','08:03:00','08:03:00','3786308','15','',''),
('125246411034266','08:06:00','08:06:00','3786309','16','',''),
('125246421034266','07:40:00','07:40:00','3786294','1','',''),
('125246421034266','07:42:00','07:42:00','3786295','2','',''),
('125246421034266','07:43:00','07:43:00','4255013','3','',''),
('125246421034266','07:45:00','07:45:00','3786297','4','',''),
('125246421034266','07:48:00','07:48:00','3786298','5','',''),
('125246421034266','07:49:00','07:49:00','3786299','6','',''),
('125246421034266','07:50:00','07:50:00','3786300','7','',''),
('125246421034266','07:51:00','07:51:00','3786301','8','',''),
('125246421034266','07:53:00','07:53:00','3786302','9','',''),
('125246421034266','07:55:00','07:55:00','3786303','10','',''),
('125246421034266','07:57:00','07:57:00','3786304','11','',''),
('125246421034266','07:58:00','07:58:00','3786305','12','',''),
('125246421034266','07:59:00','07:59:00','3786306','13','',''),
('125246421034266','08:01:00','08:01:00','3786307','14','',''),
('125246421034266','08:03:00','08:03:00','3786308','15','',''),
('125246421034266','08:06:00','08:06:00','3786309','16','',''),
('225246411034266','08:40:00','08:40:00','3786294','1','',''),
('225246411034266','08:42:00','08:42:00','3786295','2','',''),
('225246411034266','08:43:00','08:43:00','4255013','3','',''),
('225246411034266','08:45:00','08:45:00','3786297','4','',''),
('225246411034266','08:48:00','08:48:00','3786298','5','',''),
('225246411034266','08:49:00','08:49:00','3786299','6','',''),
('225246411034266','08:50:00','08:50:00','3786300','7','',''),
('225246411034266','08:51:00','08:51:00','3786301','8','',''),
('225246411034266','08:53:00','08:53:00','3786302','9','',''),
('225246411034266','08:55:00','08:55:00','3786303','10','',''),
('225246411034266','08:57:00','08:57:00','3786304','11','',''),
('225246411034266','08:58:00','08:58:00','3786305','12','',''),
('225246411034266','08:59:00','08:59:00','3786306','13','',''),
('225246411034266','09:01:00','09:01:00','3786307','14','',''),
('225246411034266','09:03:00','09:03:00','3786308','15','',''),
('225246411034266','09:06:00','09:06:00','3786309','16','',''),
('225246421034266','08:40:00','08:40:00','3786294','1','',''),
('225246421034266','08:42:00','08:42:00','3786295','2','',''),
('225246421034266','08:43:00','08:43:00','4255013','3','',''),
('225246421034266','08:45:00','08:45:00','3786297','4','',''),
('225246421034266','08:48:00','08:48:00','3786298','5','',''),
('225246421034266','08:49:00','08:49:00','3786299','6','',''),
('225246421034266','08:50:00','08:50:00','3786300','7','',''),
('225246421034266','08:51:00','08:51:00','3786301','8','',''),
('225246421034266','08:53:00','08:53:00','3786302','9','',''),
('225246421034266','08:55:00','08:55:00','3786303','10','',''),
('225246421034266','08:57:00','08:57:00','3786304','11','',''),
('225246421034266','08:58:00','08:58:00','3786305','12','',''),
('225246421034266','08:59:00','08:59:00','3786306','13','',''),
('225246421034266','09:01:00','09:01:00','3786307','14','',''),
('225246421034266','09:03:00','09:03:00','3786308','15','',''),
('225246421034266','09:06:00','09:06:00','3786309','16','',''),
('325246411034266','09:40:00','09:40:00','3786294','1','',''),
('325246411034266','09:42:00','09:42:00','3786295','2','',''),
('325246411034266','09:43:00','09:43:00','4255013','3','',''),
('325246411034266','09:45:00','09:45:00','3786297','4','',''),
('325246411034266','09:48:00','09:48:00','3786298','5','',''),
('325246411034266','09:49:00','09:49:00','3786299','6','',''),
('325246411034266','09:50:00','09:50:00','3786300','7','',''),
('325246411034266','09:51:00','09:51:00','3786301','8','',''),
('325246411034266','09:53:00','09:53:00','3786302','9','',''),
('325246411034266','09:55:00','09:55:00','3786303','10','',''),
('325246411034266','09:57:00','09:57:00','3786304','11','',''),
('325246411034266','09:58:00','09:58:00','3786305','12','',''),
('325246411034266','09:59:00','09:59:00','3786306','13','',''),
('325246411034266','10:01:00','10:01:00','3786307','14','',''),
('325246411034266','10:03:00','10:03:00','3786308','15','',''),
('325246411034266','10:06:00','10:06:00','3786309','16','',''),
('325246421034266','09:40:00','09:40:00','3786294','1','',''),
('325246421034266','09:42:00','09:42:00','3786295','2','',''),
('325246421034266','09:43:00','09:43:00','4255013','3','',''),
('325246421034266','09:45:00','09:45:00','3786297','4','',''),
('325246421034266','09:48:00','09:48:00','3786298','5','',''),
('325246421034266','09:49:00','09:49:00','3786299','6','',''),
('325246421034266','09:50:00','09:50:00','3786300','7','',''),
('325246421034266','09:51:00','09:51:00','3786301','8','',''),
('325246421034266','09:53:00','09:53:00','3786302','9','',''),
('325246421034266','09:55:00','09:55:00','3786303','10','',''),
('325246421034266','09:57:00','09:57:00','3786304','11','',''),
('325246421034266','09:58:00','09:58:00','3786305','12','',''),
('325246421034266','09:59:00','09:59:00','3786306','13','',''),
('325246421034266','10:01:00','10:01:00','3786307','14','',''),
('325246421034266','10:03:00','10:03:00','3786308','15','',''),
('325246421034266','10:06:00','10:06:00','3786309','16','',''),
('425246411034266','10:40:00','10:40:00','3786294','1','',''),
('425246411034266','10:42:00','10:42:00','3786295','2','',''),
('425246411034266','10:43:00','10:43:00','4255013','3','',''),
('425246411034266','10:45:00','10:45:00','3786297','4','',''),
('425246411034266','10:48:00','10:48:00','3786298','5','',''),
('425246411034266','10:49:00','10:49:00','3786299','6','',''),
('425246411034266','10:50:00','10:50:00','3786300','7','',''),
('425246411034266','10:51:00','10:51:00','3786301','8','',''),
('425246411034266','10:53:00','10:53:00','3786302','9','',''),
('425246411034266','10:55:00','10:55:00','3786303','10','',''),
('425246411034266','10:57:00','10:57:00','3786304','11','',''),
('425246411034266','10:58:00','10:58:00','3786305','12','',''),
('425246411034266','10:59:00','10:59:00','3786306','13','',''),
('425246411034266','11:01:00','11:01:00','3786307','14','',''),
('425246411034266','11:03:00','11:03:00','3786308','15','',''),
('425246411034266','11:06:00','11:06:00','3786309','16','',''),
('425246421034266','10:40:00','10:40:00','3786294','1','',''),
('425246421034266','10:42:00','10:42:00','3786295','2','',''),
('425246421034266','10:43:00','10:43:00','4255013','3','',''),
('425246421034266','10:45:00','10:45:00','3786297','4','',''),
('425246421034266','10:48:00','10:48:00','3786298','5','',''),
('425246421034266','10:49:00','10:49:00','3786299','6','',''),
('425246421034266','10:50:00','10:50:00','3786300','7','',''),
('425246421034266','10:51:00','10:51:00','3786301','8','',''),
('425246421034266','10:53:00','10:53:00','3786302','9','',''),
('425246421034266','10:55:00','10:55:00','3786303','10','',''),
('425246421034266','10:57:00','10:57:00','3786304','11','',''),
('425246421034266','10:58:00','10:58:00','3786305','12','',''),
('425246421034266','10:59:00','10:59:00','3786306','13','',''),
('425246421034266','11:01:00','11:01:00','3786307','14','',''),
('425246421034266','11:03:00','11:03:00','3786308','15','',''),
('425246421034266','11:06:00','11:06:00','3786309','16','',''),
('525246411034266','11:40:00','11:40:00','3786294','1','',''),
('525246411034266','11:42:00','11:42:00','3786295','2','',''),
('525246411034266','11:43:00','11:43:00','4255013','3','',''),
('525246411034266','11:45:00','11:45:00','3786297','4','',''),
('525246411034266','11:48:00','11:48:00','3786298','5','',''),
('525246411034266','11:49:00','11:49:00','3786299','6','',''),
('525246411034266','11:50:00','11:50:00','3786300','7','',''),
('525246411034266','11:51:00','11:51:00','3786301','8','',''),
('525246411034266','11:53:00','11:53:00','3786302','9','',''),
('525246411034266','11:55:00','11:55:00','3786303','10','',''),
('525246411034266','11:57:00','11:57:00','3786304','11','',''),
('525246411034266','11:58:00','11:58:00','3786305','12','',''),
('525246411034266','11:59:00','11:59:00','3786306','13','',''),
('525246411034266','12:01:00','12:01:00','3786307','14','',''),
('525246411034266','12:03:00','12:03:00','3786308','15','',''),
('525246411034266','12:06:00','12:06:00','3786309','16','',''),
('525246421034266','11:40:00','11:40:00','3786294','1','',''),
('525246421034266','11:42:00','11:42:00','3786295','2','',''),
('525246421034266','11:43:00','11:43:00','4255013','3','',''),
('525246421034266','11:45:00','11:45:00','3786297','4','',''),
('525246421034266','11:48:00','11:48:00','3786298','5','',''),
('525246421034266','11:49:00','11:49:00','3786299','6','',''),
('525246421034266','11:50:00','11:50:00','3786300','7','',''),
('525246421034266','11:51:00','11:51:00','3786301','8','',''),
('525246421034266','11:53:00','11:53:00','3786302','9','',''),
('525246421034266','11:55:00','11:55:00','3786303','10','',''),
('525246421034266','11:57:00','11:57:00','3786304','11','',''),
('525246421034266','11:58:00','11:58:00','3786305','12','',''),
('525246421034266','11:59:00','11:59:00','3786306','13','',''),
('525246421034266','12:01:00','12:01:00','3786307','14','',''),
('525246421034266','12:03:00','12:03:00','3786308','15','',''),
('525246421034266','12:06:00','12:06:00','3786309','16','',''),
('625246411034266','14:40:00','14:40:00','3786294','1','',''),
('625246411034266','14:42:00','14:42:00','3786295','2','',''),
('625246411034266','14:43:00','14:43:00','4255013','3','',''),
('625246411034266','14:45:00','14:45:00','3786297','4','',''),
('625246411034266','14:48:00','14:48:00','3786298','5','',''),
('625246411034266','14:49:00','14:49:00','3786299','6','',''),
('625246411034266','14:51:00','14:51:00','3786300','7','',''),
('625246411034266','14:52:00','14:52:00','3786301','8','',''),
('625246411034266','14:54:00','14:54:00','3786302','9','',''),
('625246411034266','14:56:00','14:56:00','3786303','10','',''),
('625246411034266','14:58:00','14:58:00','3786304','11','',''),
('625246411034266','15:00:00','15:00:00','3786305','12','',''),
('625246411034266','15:02:00','15:02:00','3786306','13','',''),
('625246411034266','15:05:00','15:05:00','3786307','14','',''),
('625246411034266','15:07:00','15:07:00','3786308','15','',''),
('625246411034266','15:10:00','15:10:00','3786309','16','',''),
('625246421034266','14:40:00','14:40:00','3786294','1','',''),
('625246421034266','14:42:00','14:42:00','3786295','2','',''),
('625246421034266','14:43:00','14:43:00','4255013','3','',''),
('625246421034266','14:45:00','14:45:00','3786297','4','',''),
('625246421034266','14:48:00','14:48:00','3786298','5','',''),
('625246421034266','14:49:00','14:49:00','3786299','6','',''),
('625246421034266','14:51:00','14:51:00','3786300','7','',''),
('625246421034266','14:52:00','14:52:00','3786301','8','',''),
('625246421034266','14:54:00','14:54:00','3786302','9','',''),
('625246421034266','14:56:00','14:56:00','3786303','10','',''),
('625246421034266','14:58:00','14:58:00','3786304','11','',''),
('625246421034266','15:00:00','15:00:00','3786305','12','',''),
('625246421034266','15:02:00','15:02:00','3786306','13','',''),
('625246421034266','15:05:00','15:05:00','3786307','14','',''),
('625246421034266','15:07:00','15:07:00','3786308','15','',''),
('625246421034266','15:10:00','15:10:00','3786309','16','',''),
('725246411034266','15:40:00','15:40:00','3786294','1','',''),
('725246411034266','15:42:00','15:42:00','3786295','2','',''),
('725246411034266','15:43:00','15:43:00','4255013','3','',''),
('725246411034266','15:45:00','15:45:00','3786297','4','',''),
('725246411034266','15:48:00','15:48:00','3786298','5','',''),
('725246411034266','15:49:00','15:49:00','3786299','6','',''),
('725246411034266','15:51:00','15:51:00','3786300','7','',''),
('725246411034266','15:52:00','15:52:00','3786301','8','',''),
('725246411034266','15:54:00','15:54:00','3786302','9','',''),
('725246411034266','15:56:00','15:56:00','3786303','10','',''),
('725246411034266','15:58:00','15:58:00','3786304','11','',''),
('725246411034266','16:00:00','16:00:00','3786305','12','',''),
('725246411034266','16:02:00','16:02:00','3786306','13','',''),
('725246411034266','16:05:00','16:05:00','3786307','14','',''),
('725246411034266','16:07:00','16:07:00','3786308','15','',''),
('725246411034266','16:10:00','16:10:00','3786309','16','',''),
('725246421034266','15:40:00','15:40:00','3786294','1','',''),
('725246421034266','15:42:00','15:42:00','3786295','2','',''),
('725246421034266','15:43:00','15:43:00','4255013','3','',''),
('725246421034266','15:45:00','15:45:00','3786297','4','',''),
('725246421034266','15:48:00','15:48:00','3786298','5','',''),
('725246421034266','15:49:00','15:49:00','3786299','6','',''),
('725246421034266','15:51:00','15:51:00','3786300','7','',''),
('725246421034266','15:52:00','15:52:00','3786301','8','',''),
('725246421034266','15:54:00','15:54:00','3786302','9','',''),
('725246421034266','15:56:00','15:56:00','3786303','10','',''),
('725246421034266','15:58:00','15:58:00','3786304','11','',''),
('725246421034266','16:00:00','16:00:00','3786305','12','',''),
('725246421034266','16:02:00','16:02:00','3786306','13','',''),
('725246421034266','16:05:00','16:05:00','3786307','14','',''),
('725246421034266','16:07:00','16:07:00','3786308','15','',''),
('725246421034266','16:10:00','16:10:00','3786309','16','',''),
('825246411034266','16:40:00','16:40:00','3786294','1','',''),
('825246411034266','16:42:00','16:42:00','3786295','2','',''),
('825246411034266','16:43:00','16:43:00','4255013','3','',''),
('825246411034266','16:45:00','16:45:00','3786297','4','',''),
('825246411034266','16:48:00','16:48:00','3786298','5','',''),
('825246411034266','16:49:00','16:49:00','3786299','6','',''),
('825246411034266','16:51:00','16:51:00','3786300','7','',''),
('825246411034266','16:52:00','16:52:00','3786301','8','',''),
('825246411034266','16:54:00','16:54:00','3786302','9','',''),
('825246411034266','16:56:00','16:56:00','3786303','10','',''),
('825246411034266','16:58:00','16:58:00','3786304','11','',''),
('825246411034266','17:00:00','17:00:00','3786305','12','',''),
('825246411034266','17:02:00','17:02:00','3786306','13','',''),
('825246411034266','17:05:00','17:05:00','3786307','14','',''),
('825246411034266','17:07:00','17:07:00','3786308','15','',''),
('825246411034266','17:10:00','17:10:00','3786309','16','',''),
('825246421034266','16:40:00','16:40:00','3786294','1','',''),
('825246421034266','16:42:00','16:42:00','3786295','2','',''),
('825246421034266','16:43:00','16:43:00','4255013','3','',''),
('825246421034266','16:45:00','16:45:00','3786297','4','',''),
('825246421034266','16:48:00','16:48:00','3786298','5','',''),
('825246421034266','16:49:00','16:49:00','3786299','6','',''),
('825246421034266','16:51:00','16:51:00','3786300','7','',''),
('825246421034266','16:52:00','16:52:00','3786301','8','',''),
('825246421034266','16:54:00','16:54:00','3786302','9','',''),
('825246421034266','16:56:00','16:56:00','3786303','10','',''),
('825246421034266','16:58:00','16:58:00','3786304','11','',''),
('825246421034266','17:00:00','17:00:00','3786305','12','',''),
('825246421034266','17:02:00','17:02:00','3786306','13','',''),
('825246421034266','17:05:00','17:05:00','3786307','14','',''),
('825246421034266','17:07:00','17:07:00','3786308','15','',''),
('825246421034266','17:10:00','17:10:00','3786309','16','',''),
('925246411034266','17:40:00','17:40:00','3786294','1','',''),
('925246411034266','17:42:00','17:42:00','3786295','2','',''),
('925246411034266','17:43:00','17:43:00','4255013','3','',''),
('925246411034266','17:45:00','17:45:00','3786297','4','',''),
('925246411034266','17:48:00','17:48:00','3786298','5','',''),
('925246411034266','17:49:00','17:49:00','3786299','6','',''),
('925246411034266','17:51:00','17:51:00','3786300','7','',''),
('925246411034266','17:52:00','17:52:00','3786301','8','',''),
('925246411034266','17:54:00','17:54:00','3786302','9','',''),
('925246411034266','17:56:00','17:56:00','3786303','10','',''),
('925246411034266','17:58:00','17:58:00','3786304','11','',''),
('925246411034266','18:00:00','18:00:00','3786305','12','',''),
('925246411034266','18:02:00','18:02:00','3786306','13','',''),
('925246411034266','18:05:00','18:05:00','3786307','14','',''),
('925246411034266','18:07:00','18:07:00','3786308','15','',''),
('925246411034266','18:10:00','18:10:00','3786309','16','',''),
('925246421034266','17:40:00','17:40:00','3786294','1','',''),
('925246421034266','17:42:00','17:42:00','3786295','2','',''),
('925246421034266','17:43:00','17:43:00','4255013','3','',''),
('925246421034266','17:45:00','17:45:00','3786297','4','',''),
('925246421034266','17:48:00','17:48:00','3786298','5','',''),
('925246421034266','17:49:00','17:49:00','3786299','6','',''),
('925246421034266','17:51:00','17:51:00','3786300','7','',''),
('925246421034266','17:52:00','17:52:00','3786301','8','',''),
('925246421034266','17:54:00','17:54:00','3786302','9','',''),
('925246421034266','17:56:00','17:56:00','3786303','10','',''),
('925246421034266','17:58:00','17:58:00','3786304','11','',''),
('925246421034266','18:00:00','18:00:00','3786305','12','',''),
('925246421034266','18:02:00','18:02:00','3786306','13','',''),
('925246421034266','18:05:00','18:05:00','3786307','14','',''),
('925246421034266','18:07:00','18:07:00','3786308','15','',''),
('925246421034266','18:10:00','18:10:00','3786309','16','',''),
('1025246430888943','17:20:00','17:20:00','3786323','1','',''),
('1025246430888943','17:22:00','17:22:00','3786324','2','',''),
('1025246430888943','17:23:00','17:23:00','3786325','3','',''),
('1025246430888943','17:24:00','17:24:00','3786326','4','',''),
('1025246430888943','17:26:00','17:26:00','3786327','5','',''),
('1025246430888943','17:27:00','17:27:00','3786328','6','',''),
('1025246430888943','17:28:00','17:28:00','3786329','7','',''),
('1025246430888943','17:30:00','17:30:00','3786330','8','',''),
('1025246430888943','17:32:00','17:32:00','3786331','9','',''),
('1025246430888943','17:34:00','17:34:00','3786332','10','',''),
('1025246430888943','17:36:00','17:36:00','3786333','11','',''),
('1025246430888943','17:37:00','17:37:00','3786334','12','',''),
('1025246430888943','17:39:00','17:39:00','3786335','13','',''),
('1025246440888943','17:20:00','17:20:00','3786323','1','',''),
('1025246440888943','17:22:00','17:22:00','3786324','2','',''),
('1025246440888943','17:23:00','17:23:00','3786325','3','',''),
('1025246440888943','17:24:00','17:24:00','3786326','4','',''),
('1025246440888943','17:26:00','17:26:00','3786327','5','',''),
('1025246440888943','17:27:00','17:27:00','3786328','6','',''),
('1025246440888943','17:28:00','17:28:00','3786329','7','',''),
('1025246440888943','17:30:00','17:30:00','3786330','8','',''),
('1025246440888943','17:32:00','17:32:00','3786331','9','',''),
('1025246440888943','17:34:00','17:34:00','3786332','10','',''),
('1025246440888943','17:36:00','17:36:00','3786333','11','',''),
('1025246440888943','17:37:00','17:37:00','3786334','12','',''),
('1025246440888943','17:39:00','17:39:00','3786335','13','',''),
('1125246430888943','18:20:00','18:20:00','3786323','1','',''),
('1125246430888943','18:22:00','18:22:00','3786324','2','',''),
('1125246430888943','18:23:00','18:23:00','3786325','3','',''),
('1125246430888943','18:24:00','18:24:00','3786326','4','',''),
('1125246430888943','18:26:00','18:26:00','3786327','5','',''),
('1125246430888943','18:27:00','18:27:00','3786328','6','',''),
('1125246430888943','18:28:00','18:28:00','3786329','7','',''),
('1125246430888943','18:30:00','18:30:00','3786330','8','',''),
('1125246430888943','18:32:00','18:32:00','3786331','9','',''),
('1125246430888943','18:34:00','18:34:00','3786332','10','',''),
('1125246430888943','18:36:00','18:36:00','3786333','11','',''),
('1125246430888943','18:37:00','18:37:00','3786334','12','',''),
('1125246430888943','18:39:00','18:39:00','3786335','13','',''),
('1125246440888943','18:20:00','18:20:00','3786323','1','',''),
('1125246440888943','18:22:00','18:22:00','3786324','2','',''),
('1125246440888943','18:23:00','18:23:00','3786325','3','',''),
('1125246440888943','18:24:00','18:24:00','3786326','4','',''),
('1125246440888943','18:26:00','18:26:00','3786327','5','',''),
('1125246440888943','18:27:00','18:27:00','3786328','6','',''),
('1125246440888943','18:28:00','18:28:00','3786329','7','',''),
('1125246440888943','18:30:00','18:30:00','3786330','8','',''),
('1125246440888943','18:32:00','18:32:00','3786331','9','',''),
('1125246440888943','18:34:00','18:34:00','3786332','10','',''),
('1125246440888943','18:36:00','18:36:00','3786333','11','',''),
('1125246440888943','18:37:00','18:37:00','3786334','12','',''),
('1125246440888943','18:39:00','18:39:00','3786335','13','',''),
('125246430888943','07:20:00','07:20:00','3786323','1','',''),
('125246430888943','07:22:00','07:22:00','3786324','2','',''),
('125246430888943','07:23:00','07:23:00','3786325','3','',''),
('125246430888943','07:24:00','07:24:00','3786326','4','',''),
('125246430888943','07:26:00','07:26:00','3786327','5','',''),
('125246430888943','07:27:00','07:27:00','3786328','6','',''),
('125246430888943','07:28:00','07:28:00','3786329','7','',''),
('125246430888943','07:30:00','07:30:00','3786330','8','',''),
('125246430888943','07:32:00','07:32:00','3786331','9','',''),
('125246430888943','07:34:00','07:34:00','3786332','10','',''),
('125246430888943','07:36:00','07:36:00','3786333','11','',''),
('125246430888943','07:37:00','07:37:00','3786334','12','',''),
('125246430888943','07:39:00','07:39:00','3786335','13','',''),
('125246440888943','07:20:00','07:20:00','3786323','1','',''),
('125246440888943','07:22:00','07:22:00','3786324','2','',''),
('125246440888943','07:23:00','07:23:00','3786325','3','',''),
('125246440888943','07:24:00','07:24:00','3786326','4','',''),
('125246440888943','07:26:00','07:26:00','3786327','5','',''),
('125246440888943','07:27:00','07:27:00','3786328','6','',''),
('125246440888943','07:28:00','07:28:00','3786329','7','',''),
('125246440888943','07:30:00','07:30:00','3786330','8','',''),
('125246440888943','07:32:00','07:32:00','3786331','9','',''),
('125246440888943','07:34:00','07:34:00','3786332','10','',''),
('125246440888943','07:36:00','07:36:00','3786333','11','',''),
('125246440888943','07:37:00','07:37:00','3786334','12','',''),
('125246440888943','07:39:00','07:39:00','3786335','13','',''),
('225246430888943','08:20:00','08:20:00','3786323','1','',''),
('225246430888943','08:22:00','08:22:00','3786324','2','',''),
('225246430888943','08:23:00','08:23:00','3786325','3','',''),
('225246430888943','08:24:00','08:24:00','3786326','4','',''),
('225246430888943','08:26:00','08:26:00','3786327','5','',''),
('225246430888943','08:27:00','08:27:00','3786328','6','',''),
('225246430888943','08:28:00','08:28:00','3786329','7','',''),
('225246430888943','08:30:00','08:30:00','3786330','8','',''),
('225246430888943','08:32:00','08:32:00','3786331','9','',''),
('225246430888943','08:34:00','08:34:00','3786332','10','',''),
('225246430888943','08:36:00','08:36:00','3786333','11','',''),
('225246430888943','08:37:00','08:37:00','3786334','12','',''),
('225246430888943','08:39:00','08:39:00','3786335','13','',''),
('225246440888943','08:20:00','08:20:00','3786323','1','',''),
('225246440888943','08:22:00','08:22:00','3786324','2','',''),
('225246440888943','08:23:00','08:23:00','3786325','3','',''),
('225246440888943','08:24:00','08:24:00','3786326','4','',''),
('225246440888943','08:26:00','08:26:00','3786327','5','',''),
('225246440888943','08:27:00','08:27:00','3786328','6','',''),
('225246440888943','08:28:00','08:28:00','3786329','7','',''),
('225246440888943','08:30:00','08:30:00','3786330','8','',''),
('225246440888943','08:32:00','08:32:00','3786331','9','',''),
('225246440888943','08:34:00','08:34:00','3786332','10','',''),
('225246440888943','08:36:00','08:36:00','3786333','11','',''),
('225246440888943','08:37:00','08:37:00','3786334','12','',''),
('225246440888943','08:39:00','08:39:00','3786335','13','',''),
('325246430888943','09:20:00','09:20:00','3786323','1','',''),
('325246430888943','09:22:00','09:22:00','3786324','2','',''),
('325246430888943','09:23:00','09:23:00','3786325','3','',''),
('325246430888943','09:24:00','09:24:00','3786326','4','',''),
('325246430888943','09:26:00','09:26:00','3786327','5','',''),
('325246430888943','09:27:00','09:27:00','3786328','6','',''),
('325246430888943','09:28:00','09:28:00','3786329','7','',''),
('325246430888943','09:30:00','09:30:00','3786330','8','',''),
('325246430888943','09:32:00','09:32:00','3786331','9','',''),
('325246430888943','09:34:00','09:34:00','3786332','10','',''),
('325246430888943','09:36:00','09:36:00','3786333','11','',''),
('325246430888943','09:37:00','09:37:00','3786334','12','',''),
('325246430888943','09:39:00','09:39:00','3786335','13','',''),
('325246440888943','09:20:00','09:20:00','3786323','1','',''),
('325246440888943','09:22:00','09:22:00','3786324','2','',''),
('325246440888943','09:23:00','09:23:00','3786325','3','',''),
('325246440888943','09:24:00','09:24:00','3786326','4','',''),
('325246440888943','09:26:00','09:26:00','3786327','5','',''),
('325246440888943','09:27:00','09:27:00','3786328','6','',''),
('325246440888943','09:28:00','09:28:00','3786329','7','',''),
('325246440888943','09:30:00','09:30:00','3786330','8','',''),
('325246440888943','09:32:00','09:32:00','3786331','9','',''),
('325246440888943','09:34:00','09:34:00','3786332','10','',''),
('325246440888943','09:36:00','09:36:00','3786333','11','',''),
('325246440888943','09:37:00','09:37:00','3786334','12','',''),
('325246440888943','09:39:00','09:39:00','3786335','13','',''),
('425246430888943','10:20:00','10:20:00','3786323','1','',''),
('425246430888943','10:22:00','10:22:00','3786324','2','',''),
('425246430888943','10:23:00','10:23:00','3786325','3','',''),
('425246430888943','10:24:00','10:24:00','3786326','4','',''),
('425246430888943','10:26:00','10:26:00','3786327','5','',''),
('425246430888943','10:27:00','10:27:00','3786328','6','',''),
('425246430888943','10:28:00','10:28:00','3786329','7','',''),
('425246430888943','10:30:00','10:30:00','3786330','8','',''),
('425246430888943','10:32:00','10:32:00','3786331','9','',''),
('425246430888943','10:34:00','10:34:00','3786332','10','',''),
('425246430888943','10:36:00','10:36:00','3786333','11','',''),
('425246430888943','10:37:00','10:37:00','3786334','12','',''),
('425246430888943','10:39:00','10:39:00','3786335','13','',''),
('425246440888943','10:20:00','10:20:00','3786323','1','',''),
('425246440888943','10:22:00','10:22:00','3786324','2','',''),
('425246440888943','10:23:00','10:23:00','3786325','3','',''),
('425246440888943','10:24:00','10:24:00','3786326','4','',''),
('425246440888943','10:26:00','10:26:00','3786327','5','',''),
('425246440888943','10:27:00','10:27:00','3786328','6','',''),
('425246440888943','10:28:00','10:28:00','3786329','7','',''),
('425246440888943','10:30:00','10:30:00','3786330','8','',''),
('425246440888943','10:32:00','10:32:00','3786331','9','',''),
('425246440888943','10:34:00','10:34:00','3786332','10','',''),
('425246440888943','10:36:00','10:36:00','3786333','11','',''),
('425246440888943','10:37:00','10:37:00','3786334','12','',''),
('425246440888943','10:39:00','10:39:00','3786335','13','',''),
('525246430888943','11:20:00','11:20:00','3786323','1','',''),
('525246430888943','11:22:00','11:22:00','3786324','2','',''),
('525246430888943','11:23:00','11:23:00','3786325','3','',''),
('525246430888943','11:24:00','11:24:00','3786326','4','',''),
('525246430888943','11:26:00','11:26:00','3786327','5','',''),
('525246430888943','11:27:00','11:27:00','3786328','6','',''),
('525246430888943','11:28:00','11:28:00','3786329','7','',''),
('525246430888943','11:30:00','11:30:00','3786330','8','',''),
('525246430888943','11:32:00','11:32:00','3786331','9','',''),
('525246430888943','11:34:00','11:34:00','3786332','10','',''),
('525246430888943','11:36:00','11:36:00','3786333','11','',''),
('525246430888943','11:37:00','11:37:00','3786334','12','',''),
('525246430888943','11:39:00','11:39:00','3786335','13','',''),
('525246440888943','11:20:00','11:20:00','3786323','1','',''),
('525246440888943','11:22:00','11:22:00','3786324','2','',''),
('525246440888943','11:23:00','11:23:00','3786325','3','',''),
('525246440888943','11:24:00','11:24:00','3786326','4','',''),
('525246440888943','11:26:00','11:26:00','3786327','5','',''),
('525246440888943','11:27:00','11:27:00','3786328','6','',''),
('525246440888943','11:28:00','11:28:00','3786329','7','',''),
('525246440888943','11:30:00','11:30:00','3786330','8','',''),
('525246440888943','11:32:00','11:32:00','3786331','9','',''),
('525246440888943','11:34:00','11:34:00','3786332','10','',''),
('525246440888943','11:36:00','11:36:00','3786333','11','',''),
('525246440888943','11:37:00','11:37:00','3786334','12','',''),
('525246440888943','11:39:00','11:39:00','3786335','13','',''),
('625246430888943','12:20:00','12:20:00','3786323','1','',''),
('625246430888943','12:22:00','12:22:00','3786324','2','',''),
('625246430888943','12:23:00','12:23:00','3786325','3','',''),
('625246430888943','12:24:00','12:24:00','3786326','4','',''),
('625246430888943','12:26:00','12:26:00','3786327','5','',''),
('625246430888943','12:27:00','12:27:00','3786328','6','',''),
('625246430888943','12:28:00','12:28:00','3786329','7','',''),
('625246430888943','12:30:00','12:30:00','3786330','8','',''),
('625246430888943','12:32:00','12:32:00','3786331','9','',''),
('625246430888943','12:34:00','12:34:00','3786332','10','',''),
('625246430888943','12:36:00','12:36:00','3786333','11','',''),
('625246430888943','12:37:00','12:37:00','3786334','12','',''),
('625246430888943','12:39:00','12:39:00','3786335','13','',''),
('625246440888943','12:20:00','12:20:00','3786323','1','',''),
('625246440888943','12:22:00','12:22:00','3786324','2','',''),
('625246440888943','12:23:00','12:23:00','3786325','3','',''),
('625246440888943','12:24:00','12:24:00','3786326','4','',''),
('625246440888943','12:26:00','12:26:00','3786327','5','',''),
('625246440888943','12:27:00','12:27:00','3786328','6','',''),
('625246440888943','12:28:00','12:28:00','3786329','7','',''),
('625246440888943','12:30:00','12:30:00','3786330','8','',''),
('625246440888943','12:32:00','12:32:00','3786331','9','',''),
('625246440888943','12:34:00','12:34:00','3786332','10','',''),
('625246440888943','12:36:00','12:36:00','3786333','11','',''),
('625246440888943','12:37:00','12:37:00','3786334','12','',''),
('625246440888943','12:39:00','12:39:00','3786335','13','',''),
('725246430888943','14:20:00','14:20:00','3786323','1','',''),
('725246430888943','14:22:00','14:22:00','3786324','2','',''),
('725246430888943','14:23:00','14:23:00','3786325','3','',''),
('725246430888943','14:24:00','14:24:00','3786326','4','',''),
('725246430888943','14:26:00','14:26:00','3786327','5','',''),
('725246430888943','14:27:00','14:27:00','3786328','6','',''),
('725246430888943','14:28:00','14:28:00','3786329','7','',''),
('725246430888943','14:30:00','14:30:00','3786330','8','',''),
('725246430888943','14:32:00','14:32:00','3786331','9','',''),
('725246430888943','14:34:00','14:34:00','3786332','10','',''),
('725246430888943','14:36:00','14:36:00','3786333','11','',''),
('725246430888943','14:37:00','14:37:00','3786334','12','',''),
('725246430888943','14:39:00','14:39:00','3786335','13','',''),
('725246440888943','14:20:00','14:20:00','3786323','1','',''),
('725246440888943','14:22:00','14:22:00','3786324','2','',''),
('725246440888943','14:23:00','14:23:00','3786325','3','',''),
('725246440888943','14:24:00','14:24:00','3786326','4','',''),
('725246440888943','14:26:00','14:26:00','3786327','5','',''),
('725246440888943','14:27:00','14:27:00','3786328','6','',''),
('725246440888943','14:28:00','14:28:00','3786329','7','',''),
('725246440888943','14:30:00','14:30:00','3786330','8','',''),
('725246440888943','14:32:00','14:32:00','3786331','9','',''),
('725246440888943','14:34:00','14:34:00','3786332','10','',''),
('725246440888943','14:36:00','14:36:00','3786333','11','',''),
('725246440888943','14:37:00','14:37:00','3786334','12','',''),
('725246440888943','14:39:00','14:39:00','3786335','13','',''),
('825246430888943','15:20:00','15:20:00','3786323','1','',''),
('825246430888943','15:22:00','15:22:00','3786324','2','',''),
('825246430888943','15:23:00','15:23:00','3786325','3','',''),
('825246430888943','15:24:00','15:24:00','3786326','4','',''),
('825246430888943','15:26:00','15:26:00','3786327','5','',''),
('825246430888943','15:27:00','15:27:00','3786328','6','',''),
('825246430888943','15:28:00','15:28:00','3786329','7','',''),
('825246430888943','15:30:00','15:30:00','3786330','8','',''),
('825246430888943','15:32:00','15:32:00','3786331','9','',''),
('825246430888943','15:34:00','15:34:00','3786332','10','',''),
('825246430888943','15:36:00','15:36:00','3786333','11','',''),
('825246430888943','15:37:00','15:37:00','3786334','12','',''),
('825246430888943','15:39:00','15:39:00','3786335','13','',''),
('825246440888943','15:20:00','15:20:00','3786323','1','',''),
('825246440888943','15:22:00','15:22:00','3786324','2','',''),
('825246440888943','15:23:00','15:23:00','3786325','3','',''),
('825246440888943','15:24:00','15:24:00','3786326','4','',''),
('825246440888943','15:26:00','15:26:00','3786327','5','',''),
('825246440888943','15:27:00','15:27:00','3786328','6','',''),
('825246440888943','15:28:00','15:28:00','3786329','7','',''),
('825246440888943','15:30:00','15:30:00','3786330','8','',''),
('825246440888943','15:32:00','15:32:00','3786331','9','',''),
('825246440888943','15:34:00','15:34:00','3786332','10','',''),
('825246440888943','15:36:00','15:36:00','3786333','11','',''),
('825246440888943','15:37:00','15:37:00','3786334','12','',''),
('825246440888943','15:39:00','15:39:00','3786335','13','',''),
('925246430888943','16:20:00','16:20:00','3786323','1','',''),
('925246430888943','16:22:00','16:22:00','3786324','2','',''),
('925246430888943','16:23:00','16:23:00','3786325','3','',''),
('925246430888943','16:24:00','16:24:00','3786326','4','',''),
('925246430888943','16:26:00','16:26:00','3786327','5','',''),
('925246430888943','16:27:00','16:27:00','3786328','6','',''),
('925246430888943','16:28:00','16:28:00','3786329','7','',''),
('925246430888943','16:30:00','16:30:00','3786330','8','',''),
('925246430888943','16:32:00','16:32:00','3786331','9','',''),
('925246430888943','16:34:00','16:34:00','3786332','10','',''),
('925246430888943','16:36:00','16:36:00','3786333','11','',''),
('925246430888943','16:37:00','16:37:00','3786334','12','',''),
('925246430888943','16:39:00','16:39:00','3786335','13','',''),
('925246440888943','16:20:00','16:20:00','3786323','1','',''),
('925246440888943','16:22:00','16:22:00','3786324','2','',''),
('925246440888943','16:23:00','16:23:00','3786325','3','',''),
('925246440888943','16:24:00','16:24:00','3786326','4','',''),
('925246440888943','16:26:00','16:26:00','3786327','5','',''),
('925246440888943','16:27:00','16:27:00','3786328','6','',''),
('925246440888943','16:28:00','16:28:00','3786329','7','',''),
('925246440888943','16:30:00','16:30:00','3786330','8','',''),
('925246440888943','16:32:00','16:32:00','3786331','9','',''),
('925246440888943','16:34:00','16:34:00','3786332','10','',''),
('925246440888943','16:36:00','16:36:00','3786333','11','',''),
('925246440888943','16:37:00','16:37:00','3786334','12','',''),
('925246440888943','16:39:00','16:39:00','3786335','13','','');
INSERT INTO calendar (service_id,monday,tuesday,wednesday,thursday,friday,saturday,sunday,start_date,end_date) VALUES
('2524644','0','0','0','0','0','0','0','20171223','20180616'),
('2524643','0','0','0','0','0','0','0','20171221','20180619'),
('2524642','0','0','0','0','0','0','0','20171223','20180616'),
('2524641','0','0','0','0','0','0','0','20171221','20180619');
INSERT INTO calendar_dates (service_id,date,exception_type) VALUES
('2524644','20171223','1'),
('2524644','20171230','1'),
('2524644','20180106','1'),
('2524644','20180113','1'),
('2524644','20180120','1'),
('2524644','20180127','1'),
('2524644','20180203','1'),
('2524644','20180210','1'),
('2524644','20180217','1'),
('2524644','20180224','1'),
('2524644','20180303','1'),
('2524644','20180310','1'),
('2524644','20180317','1'),
('2524644','20180324','1'),
('2524644','20180331','1'),
('2524644','20180407','1'),
('2524644','20180414','1'),
('2524644','20180421','1'),
('2524644','20180428','1'),
('2524644','20180505','1'),
('2524644','20180512','1'),
('2524644','20180519','1'),
('2524644','20180526','1'),
('2524644','20180602','1'),
('2524644','20180609','1'),
('2524644','20180616','1'),
('2524643','20171221','1'),
('2524643','20171222','1'),
('2524643','20171226','1'),
('2524643','20171227','1'),
('2524643','20171228','1'),
('2524643','20171229','1'),
('2524643','20180102','1'),
('2524643','20180103','1'),
('2524643','20180104','1'),
('2524643','20180105','1'),
('2524643','20180108','1'),
('2524643','20180109','1'),
('2524643','20180110','1'),
('2524643','20180111','1'),
('2524643','20180112','1'),
('2524643','20180115','1'),
('2524643','20180116','1'),
('2524643','20180117','1'),
('2524643','20180118','1'),
('2524643','20180119','1'),
('2524643','20180122','1'),
('2524643','20180123','1'),
('2524643','20180124','1'),
('2524643','20180125','1'),
('2524643','20180126','1'),
('2524643','20180129','1'),
('2524643','20180130','1'),
('2524643','20180131','1'),
('2524643','20180201','1'),
('2524643','20180202','1'),
('2524643','20180205','1'),
('2524643','20180206','1'),
('2524643','20180207','1'),
('2524643','20180208','1'),
('2524643','20180209','1'),
('2524643','20180212','1'),
('2524643','20180213','1'),
('2524643','20180214','1'),
('2524643','20180215','1'),
('2524643','20180216','1'),
('2524643','20180219','1'),
('2524643','20180220','1'),
('2524643','20180221','1'),
('2524643','20180222','1'),
('2524643','20180223','1'),
('2524643','20180226','1'),
('2524643','20180227','1'),
('2524643','20180228','1'),
('2524643','20180301','1'),
('2524643','20180302','1'),
('2524643','20180305','1'),
('2524643','20180306','1'),
('2524643','20180307','1'),
('2524643','20180308','1'),
('2524643','20180309','1'),
('2524643','20180312','1'),
('2524643','20180313','1'),
('2524643','20180314','1'),
('2524643','20180315','1'),
('2524643','20180316','1'),
('2524643','20180319','1'),
('2524643','20180320','1'),
('2524643','20180321','1'),
('2524643','20180322','1'),
('2524643','20180323','1'),
('2524643','20180326','1'),
('2524643','20180327','1'),
('2524643','20180328','1'),
('2524643','20180329','1'),
('2524643','20180330','1'),
('2524643','20180403','1'),
('2524643','20180404','1'),
('2524643','20180405','1'),
('2524643','20180406','1'),
('2524643','20180409','1'),
('2524643','20180410','1'),
('2524643','20180411','1'),
('2524643','20180412','1'),
('2524643','20180413','1'),
('2524643','20180416','1'),
('2524643','20180417','1'),
('2524643','20180418','1'),
('2524643','20180419','1'),
('2524643','20180420','1'),
('2524643','20180423','1'),
('2524643','20180424','1'),
('2524643','20180425','1'),
('2524643','20180426','1'),
('2524643','20180427','1'),
('2524643','20180430','1'),
('2524643','20180502','1'),
('2524643','20180503','1'),
('2524643','20180504','1'),
('2524643','20180507','1'),
('2524643','20180509','1'),
('2524643','20180511','1'),
('2524643','20180514','1'),
('2524643','20180515','1'),
('2524643','20180516','1'),
('2524643','20180517','1'),
('2524643','20180518','1'),
('2524643','20180522','1'),
('2524643','20180523','1'),
('2524643','20180524','1'),
('2524643','20180525','1'),
('2524643','20180528','1'),
('2524643','20180529','1'),
('2524643','20180530','1'),
('2524643','20180531','1'),
('2524643','20180601','1'),
('2524643','20180604','1'),
('2524643','20180605','1'),
('2524643','20180606','1'),
('2524643','20180607','1'),
('2524643','20180608','1'),
('2524643','20180611','1'),
('2524643','20180612','1'),
('2524643','20180613','1'),
('2524643','20180614','1'),
('2524643','20180615','1'),
('2524643','20180618','1'),
('2524643','20180619','1'),
('2524642','20171223','1'),
('2524642','20171230','1'),
('2524642','20180106','1'),
('2524642','20180113','1'),
('2524642','20180120','1'),
('2524642','20180127','1'),
('2524642','20180203','1'),
('2524642','20180210','1'),
('2524642','20180217','1'),
('2524642','20180224','1'),
('2524642','20180303','1'),
('2524642','20180310','1'),
('2524642','20180317','1'),
('2524642','20180324','1'),
('2524642','20180331','1'),
('2524642','20180407','1'),
('2524642','20180414','1'),
('2524642','20180421','1'),
('2524642','20180428','1'),
('2524642','20180505','1'),
('2524642','20180512','1'),
('2524642','20180519','1'),
('2524642','20180526','1'),
('2524642','20180602','1'),
('2524642','20180609','1'),
('2524642','20180616','1'),
('2524641','20171221','1'),
('2524641','20171222','1'),
('2524641','20171226','1'),
('2524641','20171227','1'),
('2524641','20171228','1'),
('2524641','20171229','1'),
('2524641','20180102','1'),
('2524641','20180103','1'),
('2524641','20180104','1'),
('2524641','20180105','1'),
('2524641','20180108','1'),
('2524641','20180109','1'),
('2524641','20180110','1'),
('2524641','20180111','1'),
('2524641','20180112','1'),
('2524641','20180115','1'),
('2524641','20180116','1'),
('2524641','20180117','1'),
('2524641','20180118','1'),
('2524641','20180119','1'),
('2524641','20180122','1'),
('2524641','20180123','1'),
('2524641','20180124','1'),
('2524641','20180125','1'),
('2524641','20180126','1'),
('2524641','20180129','1'),
('2524641','20180130','1'),
('2524641','20180131','1'),
('2524641','20180201','1'),
('2524641','20180202','1'),
('2524641','20180205','1'),
('2524641','20180206','1'),
('2524641','20180207','1'),
('2524641','20180208','1'),
('2524641','20180209','1'),
('2524641','20180212','1'),
('2524641','20180213','1'),
('2524641','20180214','1'),
('2524641','20180215','1'),
('2524641','20180216','1'),
('2524641','20180219','1'),
('2524641','20180220','1'),
('2524641','20180221','1'),
('2524641','20180222','1'),
('2524641','20180223','1'),
('2524641','20180226','1'),
('2524641','20180227','1'),
('2524641','20180228','1'),
('2524641','20180301','1'),
('2524641','20180302','1'),
('2524641','20180305','1'),
('2524641','20180306','1'),
('2524641','20180307','1'),
('2524641','20180308','1'),
('2524641','20180309','1'),
('2524641','20180312','1'),
('2524641','20180313','1'),
('2524641','20180314','1'),
('2524641','20180315','1'),
('2524641','20180316','1'),
('2524641','20180319','1'),
('2524641','20180320','1'),
('2524641','20180321','1'),
('2524641','20180322','1'),
('2524641','20180323','1'),
('2524641','20180326','1'),
('2524641','20180327','1'),
('2524641','20180328','1'),
('2524641','20180329','1'),
('2524641','20180330','1'),
('2524641','20180403','1'),
('2524641','20180404','1'),
('2524641','20180405','1'),
('2524641','20180406','1'),
('2524641','20180409','1'),
('2524641','20180410','1'),
('2524641','20180411','1'),
('2524641','20180412','1'),
('2524641','20180413','1'),
('2524641','20180416','1'),
('2524641','20180417','1'),
('2524641','20180418','1'),
('2524641','20180419','1'),
('2524641','20180420','1'),
('2524641','20180423','1'),
('2524641','20180424','1'),
('2524641','20180425','1'),
('2524641','20180426','1'),
('2524641','20180427','1'),
('2524641','20180430','1'),
('2524641','20180502','1'),
('2524641','20180503','1'),
('2524641','20180504','1'),
('2524641','20180507','1'),
('2524641','20180509','1'),
('2524641','20180511','1'),
('2524641','20180514','1'),
('2524641','20180515','1'),
('2524641','20180516','1'),
('2524641','20180517','1'),
('2524641','20180518','1'),
('2524641','20180522','1'),
('2524641','20180523','1'),
('2524641','20180524','1'),
('2524641','20180525','1'),
('2524641','20180528','1'),
('2524641','20180529','1'),
('2524641','20180530','1'),
('2524641','20180531','1'),
('2524641','20180601','1'),
('2524641','20180604','1'),
('2524641','20180605','1'),
('2524641','20180606','1'),
('2524641','20180607','1'),
('2524641','20180608','1'),
('2524641','20180611','1'),
('2524641','20180612','1'),
('2524641','20180613','1'),
('2524641','20180614','1'),
('2524641','20180615','1'),
('2524641','20180618','1'),
('2524641','20180619','1');
INSERT INTO routes (route_id,agency_id,route_short_name,route_long_name,route_desc,route_type,route_url,route_color,route_text_color) VALUES
('916918','100','581','V3 (SU CACHAN <-> CENTRE VILLE) - Aller','','3','','FFFFFF','000000'),
('916919','100','581','V3 (SU CACHAN <-> CENTRE VILLE) - Aller','','3','','FFFFFF','000000');
INSERT INTO agency (agency_id,agency_name,agency_url,agency_timezone,agency_lang,agency_phone) VALUES
('100','RATP (100)','http://www.ratp.fr/','CET','','');
INSERT INTO trips (route_id,service_id,trip_id,trip_headsign,trip_short_name,direction_id,shape_id) VALUES
('916918','2524641','1025246411034266','','10','0',''),
('916918','2524642','1025246421034266','','10','0',''),
('916918','2524641','125246411034266','','1','0',''),
('916918','2524642','125246421034266','','1','0',''),
('916918','2524641','225246411034266','','2','0',''),
('916918','2524642','225246421034266','','2','0',''),
('916918','2524641','325246411034266','','3','0',''),
('916918','2524642','325246421034266','','3','0',''),
('916918','2524641','425246411034266','','4','0',''),
('916918','2524642','425246421034266','','4','0',''),
('916918','2524641','525246411034266','','5','0',''),
('916918','2524642','525246421034266','','5','0',''),
('916918','2524641','625246411034266','','6','0',''),
('916918','2524642','625246421034266','','6','0',''),
('916918','2524641','725246411034266','','7','0',''),
('916918','2524642','725246421034266','','7','0',''),
('916918','2524641','825246411034266','','8','0',''),
('916918','2524642','825246421034266','','8','0',''),
('916918','2524641','925246411034266','','9','0',''),
('916918','2524642','925246421034266','','9','0',''),
('916919','2524643','1025246430888943','','10','0',''),
('916919','2524644','1025246440888943','','10','0',''),
('916919','2524643','1125246430888943','','11','0',''),
('916919','2524644','1125246440888943','','11','0',''),
('916919','2524643','125246430888943','','1','0',''),
('916919','2524644','125246440888943','','1','0',''),
('916919','2524643','225246430888943','','2','0',''),
('916919','2524644','225246440888943','','2','0',''),
('916919','2524643','325246430888943','','3','0',''),
('916919','2524644','325246440888943','','3','0',''),
('916919','2524643','425246430888943','','4','0',''),
('916919','2524644','425246440888943','','4','0',''),
('916919','2524643','525246430888943','','5','0',''),
('916919','2524644','525246440888943','','5','0',''),
('916919','2524643','625246430888943','','6','0',''),
('916919','2524644','625246440888943','','6','0',''),
('916919','2524643','725246430888943','','7','0',''),
('916919','2524644','725246440888943','','7','0',''),
('916919','2524643','825246430888943','','8','0',''),
('916919','2524644','825246440888943','','8','0',''),
('916919','2524643','925246430888943','','9','0',''),
('916919','2524644','925246440888943','','9','0','');
INSERT INTO transfers (from_stop_id,to_stop_id,transfer_type,min_transfer_time) VALUES
('3786294','4472961','2','53'),
('3786294','6446073','2','53'),
('3786294','4472960','2','92'),
('3786326','4293213','2','13'),
('3786333','4458803','2','141'),
('2059','3786300','2','256'),
('3786333','6446094','2','81'),
('3786333','6446093','2','141'),
('3730343','3786323','2','53'),
('3786325','4293211','2','26'),
('3786335','4293207','2','36'),
('3786335','4293206','2','75'),
('3786295','4458778','2','48'),
('4255013','4458806','2','27'),
('3730344','3786335','2','92'),
('3786334','4458780','2','102'),
('3786334','6446094','2','102'),
('3786323','4472961','2','53'),
('4255013','4293202','2','9'),
('3786323','4472960','2','92'),
('3786304','4124821','2','131'),
('3786309','6446073','2','36'),
('3786333','4472962','2','81'),
('3786333','4472963','2','141'),
('3786333','4124824','2','81'),
('3786327','3786121','2','130'),
('3786300','4890595','2','95'),
('4255013','4458777','2','9'),
('3730343','3786335','2','36'),
('3786294','4458804','2','18'),
('3786300','5121801','2','103'),
('3786300','5121800','2','103'),
('3786335','4472961','2','36'),
('3786335','4472960','2','92'),
('3786308','4293208','2','45'),
('3730343','3786294','2','53'),
('3786294','6446095','2','53'),
('3786300','3764027','2','95'),
('3786294','6446096','2','92'),
('3730343','3786309','2','36'),
('3786309','4458779','2','75'),
('3786294','4293207','2','18'),
('3786335','4124823','2','92'),
('4036904','3786300','2','120'),
('3786309','4770145','2','92'),
('3786323','6446073','2','53'),
('3786294','4293206','2','25'),
('3786309','4770146','2','36'),
('3730340','4255013','2','27'),
('3786301','4890594','2','111'),
('3786323','4770145','2','92'),
('3786300','4890608','2','120'),
('3786323','4770146','2','53'),
('3786309','6446096','2','92'),
('3786309','6446095','2','36'),
('3786294','4458779','2','25'),
('3786335','4458804','2','36'),
('3786323','4458779','2','25'),
('2097','4255013','2','204'),
('3786331','3786072','2','139'),
('3786309','4472961','2','36'),
('3730348','3786305','2','54'),
('3786309','4472960','2','92'),
('3786331','3786117','2','139'),
('3730348','3786304','2','131'),
('3730344','3786323','2','92'),
('3786304','6446129','2','131'),
('3786335','6446073','2','36'),
('3786334','4124824','2','102'),
('3786323','4458804','2','18'),
('3786309','4124823','2','92'),
('3730344','3786309','2','92'),
('3786309','4458804','2','36'),
('3786305','4124821','2','54'),
('3786334','4770147','2','102'),
('3786300','3763986','2','120'),
('3730347','3786304','2','100'),
('2047','4255013','2','204'),
('3730347','3786305','2','66'),
('3786327','3786076','2','130'),
('3786307','4293210','2','63'),
('3786333','4770148','2','141'),
('3786307','4293211','2','65'),
('3786323','6446096','2','92'),
('3786333','4770147','2','81'),
('3786323','6446095','2','53'),
('3786334','4472962','2','102'),
('3786294','4124823','2','92'),
('4036915','3786300','2','95'),
('3786295','4293204','2','48'),
('3786300','4890507','2','120'),
('3730339','4255013','2','9'),
('3786335','6446095','2','36'),
('3786335','6446096','2','92'),
('3786335','4458779','2','75'),
('3786323','4293206','2','25'),
('3786323','4293207','2','18'),
('3786333','6446072','2','141'),
('3786330','3786064','2','133'),
('3786330','3786118','2','109'),
('3786333','4458780','2','81'),
('3786323','4124823','2','92'),
('3786335','4770146','2','36'),
('3786335','4770145','2','92'),
('3786309','4293206','2','75'),
('3786309','4293207','2','36'),
('3786294','4770146','2','53'),
('4036914','3786301','2','111'),
('3786294','4770145','2','92'),
('3786301','3764026','2','111'),
('3786305','6446129','2','54'),
('3730341','3786295','2','48'),
('3730344','3786294','2','92'),
('2108','3786300','2','256'),
('3786330','3786073','2','109'),
('3786330','3786109','2','133'),
('3786324','4293209','2','45');
INSERT INTO stops (stop_id,stop_code,stop_name,stop_desc,stop_lat,stop_lon,location_type,parent_station) VALUES
('3786298','','PAUL BERT','28 BIS AV DU PRESIDENT WILSON - 94016','48.79302295578014','2.329990449800685','0',''),
('3786297','','LES LUMIERES','42-44 R DE L''ESPERANCE - 94016','48.79642000035997','2.3253509031715356','0',''),
('3786299','','JEAN JAURES','2 AV JEAN JAURES - 94016','48.79171056591342','2.327759727921073','0',''),
('3786328','','LE COTEAU - LUNAIN','7 R DU LUNAIN - 94016','48.78876287220421','2.3402471868799903','0',''),
('3786309','','CENTRE VILLE.','FACE 8 R GALLIENI - 94016','48.79491959443785','2.33473795344113','0',''),
('3786327','','LE COTEAU - COURBET','40 R DES SAUSSAIES - 94016','48.786165330224435','2.3412671592917373','0',''),
('3786329','','LE COTEAU - PLEIADE','163 BD DE LA VANNE - 94016','48.78942799519993','2.339471883661172','0',''),
('3786306','','LA PLAINE','R FRANCOIS RUDE - 94016','48.78822358978264','2.333990158359735','0',''),
('3786294','','CENTRE VILLE','FACE 8 R GALLIENI - 94016','48.79494653952937','2.333976132094692','0',''),
('3786305','','PLACE EDOUARD HERRIOT','R MARC SANGNIER - 94016','48.7858775513412','2.3298146286555395','0',''),
('3786308','','PLACE JACQUES CARAT - THEATRE','16 BIS AV LOUIS GEORGEON - 94016','48.79280746551407','2.3364792869327036','0',''),
('3786295','','WILSON - PROVIGNY','2 AVENUE CARNOT - 94016','48.797013620831194','2.3308197644314563','0',''),
('3786307','','RPA LE MOULIN','195 R ETIENNE DOLET - 94016','48.79015602887761','2.3358672060495254','0',''),
('3786301','','ARISTIDE BRIAND','45-47 AV PAUL VAILLANT COUTURIER - 94016','48.790370662338596','2.321189853846184','0',''),
('3786302','','CITE JARDINS - VICTOR HUGO','16 AV VICTOR HUGO - 94016','48.789499034081295','2.322740808723322','0',''),
('3786303','','CITE JARDINS - PIERRE CURIE','R PIERRE CURIE - 94016','48.78804290595327','2.3220611095232906','0',''),
('3786304','','PISCINE','AV DE L''EUROPE - 94016','48.78600320648722','2.3273935281980815','0',''),
('3786323','','CENTRE VILLE','FACE 8 R GALLIENI - 94016','48.79494653952937','2.333976132094692','0',''),
('3786324','','PLACE JACQUES CARAT - THEATRE','FACE 14 AV LOUIS GEORGEON - 94016','48.792879362288005','2.3357991164731167','0',''),
('3786325','','BLUM - BELGRAND','AV LEON BLUM - 94016','48.78985943459691','2.3367105749585892','0',''),
('3786300','','PONT ROYAL','2 R DE REIMS - 94016','48.79267161594463','2.3215700354928255','0',''),
('3786326','','BLUM - SAUSSAIES','78 AV LEON BLUM - 94016','48.78703722781365','2.337173067552837','0',''),
('4255013','','ARCUEIL-CACHAN RER','30 AVENUE CARNOT - 94016','48.79793023194136','2.328466035866289','0',''),
('3786335','','CENTRE VILLE.','FACE 8 R GALLIENI - 94016','48.79491959443785','2.33473795344113','0',''),
('3786334','','COUSIN DE MERICOURT','FACE 62 AVENUE COUSIN DE MERICOURT - 94016','48.79709463577202','2.3338127426577424','0',''),
('3786333','','SAINT-JOSEPH','9 R DE LA CITADELLE - 94016','48.79849674938397','2.3340983518261917','0',''),
('3786332','','LA CITADELLE','45 R DE LA CITADELLE - 94016','48.79799346817442','2.338125381759266','0',''),
('3786331','','LE COTEAU - DEFAIT','23 BD DE LA VANNE - 94016','48.79695081510082','2.3411727620180645','0',''),
('3786330','','LE COTEAU - PANORAMA','103-105 BD DE LA VANNE - 94016','48.79296015903825','2.342206319832772','0','');
