INSERT INTO stop_times (trip_id,arrival_time,departure_time,stop_id,stop_sequence,stop_headsign,shape_dist_traveled) VALUES
('1024810220941215','12:30:00','12:30:00','4025323','1','',''),
('1024810220941215','12:32:00','12:32:00','4025324','2','',''),
('1024810220941215','12:34:00','12:34:00','4025325','3','',''),
('1024810220941215','12:35:00','12:35:00','4025326','4','',''),
('1024810220941215','12:37:00','12:37:00','4025327','5','',''),
('1024810220941215','12:40:00','12:40:00','4025328','6','',''),
('1024810230941215','12:45:00','12:45:00','4025323','1','',''),
('1024810230941215','12:47:00','12:47:00','4025324','2','',''),
('1024810230941215','12:49:00','12:49:00','4025325','3','',''),
('1024810230941215','12:50:00','12:50:00','4025326','4','',''),
('1024810230941215','12:52:00','12:52:00','4025327','5','',''),
('1024810230941215','12:55:00','12:55:00','4025328','6','',''),
('1025538430941215','12:30:00','12:30:00','4025323','1','',''),
('1025538430941215','12:32:00','12:32:00','4025324','2','',''),
('1025538430941215','12:34:00','12:34:00','4025325','3','',''),
('1025538430941215','12:35:00','12:35:00','4025326','4','',''),
('1025538430941215','12:37:00','12:37:00','4025327','5','',''),
('1025538430941215','12:40:00','12:40:00','4025328','6','',''),
('1025538440941215','12:45:00','12:45:00','4025323','1','',''),
('1025538440941215','12:47:00','12:47:00','4025324','2','',''),
('1025538440941215','12:49:00','12:49:00','4025325','3','',''),
('1025538440941215','12:50:00','12:50:00','4025326','4','',''),
('1025538440941215','12:52:00','12:52:00','4025327','5','',''),
('1025538440941215','12:55:00','12:55:00','4025328','6','',''),
('1124810220941215','13:00:00','13:00:00','4025323','1','',''),
('1124810220941215','13:02:00','13:02:00','4025324','2','',''),
('1124810220941215','13:04:00','13:04:00','4025325','3','',''),
('1124810220941215','13:05:00','13:05:00','4025326','4','',''),
('1124810220941215','13:07:00','13:07:00','4025327','5','',''),
('1124810220941215','13:10:00','13:10:00','4025328','6','',''),
('1124810230941215','13:15:00','13:15:00','4025323','1','',''),
('1124810230941215','13:17:00','13:17:00','4025324','2','',''),
('1124810230941215','13:19:00','13:19:00','4025325','3','',''),
('1124810230941215','13:20:00','13:20:00','4025326','4','',''),
('1124810230941215','13:22:00','13:22:00','4025327','5','',''),
('1124810230941215','13:25:00','13:25:00','4025328','6','',''),
('1125538430941215','13:00:00','13:00:00','4025323','1','',''),
('1125538430941215','13:02:00','13:02:00','4025324','2','',''),
('1125538430941215','13:04:00','13:04:00','4025325','3','',''),
('1125538430941215','13:05:00','13:05:00','4025326','4','',''),
('1125538430941215','13:07:00','13:07:00','4025327','5','',''),
('1125538430941215','13:10:00','13:10:00','4025328','6','',''),
('1125538440941215','13:15:00','13:15:00','4025323','1','',''),
('1125538440941215','13:17:00','13:17:00','4025324','2','',''),
('1125538440941215','13:19:00','13:19:00','4025325','3','',''),
('1125538440941215','13:20:00','13:20:00','4025326','4','',''),
('1125538440941215','13:22:00','13:22:00','4025327','5','',''),
('1125538440941215','13:25:00','13:25:00','4025328','6','',''),
('1224810220941215','15:00:00','15:00:00','4025323','1','',''),
('1224810220941215','15:02:00','15:02:00','4025324','2','',''),
('1224810220941215','15:04:00','15:04:00','4025325','3','',''),
('1224810220941215','15:05:00','15:05:00','4025326','4','',''),
('1224810220941215','15:07:00','15:07:00','4025327','5','',''),
('1224810220941215','15:10:00','15:10:00','4025328','6','',''),
('1225538430941215','15:00:00','15:00:00','4025323','1','',''),
('1225538430941215','15:02:00','15:02:00','4025324','2','',''),
('1225538430941215','15:04:00','15:04:00','4025325','3','',''),
('1225538430941215','15:05:00','15:05:00','4025326','4','',''),
('1225538430941215','15:07:00','15:07:00','4025327','5','',''),
('1225538430941215','15:10:00','15:10:00','4025328','6','',''),
('124810220941215','07:35:00','07:35:00','4025323','1','',''),
('124810220941215','07:38:00','07:38:00','4025324','2','',''),
('124810220941215','07:41:00','07:41:00','4025325','3','',''),
('124810220941215','07:43:00','07:43:00','4025326','4','',''),
('124810220941215','07:45:00','07:45:00','4025327','5','',''),
('124810220941215','07:49:00','07:49:00','4025328','6','',''),
('124810230941215','08:15:00','08:15:00','4025323','1','',''),
('124810230941215','08:17:00','08:17:00','4025324','2','',''),
('124810230941215','08:19:00','08:19:00','4025325','3','',''),
('124810230941215','08:20:00','08:20:00','4025326','4','',''),
('124810230941215','08:22:00','08:22:00','4025327','5','',''),
('124810230941215','08:25:00','08:25:00','4025328','6','',''),
('125538430941215','07:35:00','07:35:00','4025323','1','',''),
('125538430941215','07:38:00','07:38:00','4025324','2','',''),
('125538430941215','07:41:00','07:41:00','4025325','3','',''),
('125538430941215','07:43:00','07:43:00','4025326','4','',''),
('125538430941215','07:45:00','07:45:00','4025327','5','',''),
('125538430941215','07:49:00','07:49:00','4025328','6','',''),
('125538440941215','08:15:00','08:15:00','4025323','1','',''),
('125538440941215','08:17:00','08:17:00','4025324','2','',''),
('125538440941215','08:19:00','08:19:00','4025325','3','',''),
('125538440941215','08:20:00','08:20:00','4025326','4','',''),
('125538440941215','08:22:00','08:22:00','4025327','5','',''),
('125538440941215','08:25:00','08:25:00','4025328','6','',''),
('1324810220941215','15:30:00','15:30:00','4025323','1','',''),
('1324810220941215','15:32:00','15:32:00','4025324','2','',''),
('1324810220941215','15:34:00','15:34:00','4025325','3','',''),
('1324810220941215','15:35:00','15:35:00','4025326','4','',''),
('1324810220941215','15:37:00','15:37:00','4025327','5','',''),
('1324810220941215','15:40:00','15:40:00','4025328','6','',''),
('1325538430941215','15:30:00','15:30:00','4025323','1','',''),
('1325538430941215','15:32:00','15:32:00','4025324','2','',''),
('1325538430941215','15:34:00','15:34:00','4025325','3','',''),
('1325538430941215','15:35:00','15:35:00','4025326','4','',''),
('1325538430941215','15:37:00','15:37:00','4025327','5','',''),
('1325538430941215','15:40:00','15:40:00','4025328','6','',''),
('1424810220941215','16:00:00','16:00:00','4025323','1','',''),
('1424810220941215','16:02:00','16:02:00','4025324','2','',''),
('1424810220941215','16:04:00','16:04:00','4025325','3','',''),
('1424810220941215','16:05:00','16:05:00','4025326','4','',''),
('1424810220941215','16:07:00','16:07:00','4025327','5','',''),
('1424810220941215','16:10:00','16:10:00','4025328','6','',''),
('1425538430941215','16:00:00','16:00:00','4025323','1','',''),
('1425538430941215','16:02:00','16:02:00','4025324','2','',''),
('1425538430941215','16:04:00','16:04:00','4025325','3','',''),
('1425538430941215','16:05:00','16:05:00','4025326','4','',''),
('1425538430941215','16:07:00','16:07:00','4025327','5','',''),
('1425538430941215','16:10:00','16:10:00','4025328','6','',''),
('1524810220941215','16:30:00','16:30:00','4025323','1','',''),
('1524810220941215','16:32:00','16:32:00','4025324','2','',''),
('1524810220941215','16:34:00','16:34:00','4025325','3','',''),
('1524810220941215','16:35:00','16:35:00','4025326','4','',''),
('1524810220941215','16:37:00','16:37:00','4025327','5','',''),
('1524810220941215','16:40:00','16:40:00','4025328','6','',''),
('1525538430941215','16:30:00','16:30:00','4025323','1','',''),
('1525538430941215','16:32:00','16:32:00','4025324','2','',''),
('1525538430941215','16:34:00','16:34:00','4025325','3','',''),
('1525538430941215','16:35:00','16:35:00','4025326','4','',''),
('1525538430941215','16:37:00','16:37:00','4025327','5','',''),
('1525538430941215','16:40:00','16:40:00','4025328','6','',''),
('1624810220941215','17:15:00','17:15:00','4025323','1','',''),
('1624810220941215','17:18:00','17:18:00','4025324','2','',''),
('1624810220941215','17:21:00','17:21:00','4025325','3','',''),
('1624810220941215','17:23:00','17:23:00','4025326','4','',''),
('1624810220941215','17:25:00','17:25:00','4025327','5','',''),
('1624810220941215','17:29:00','17:29:00','4025328','6','',''),
('1625538430941215','17:15:00','17:15:00','4025323','1','',''),
('1625538430941215','17:18:00','17:18:00','4025324','2','',''),
('1625538430941215','17:21:00','17:21:00','4025325','3','',''),
('1625538430941215','17:23:00','17:23:00','4025326','4','',''),
('1625538430941215','17:25:00','17:25:00','4025327','5','',''),
('1625538430941215','17:29:00','17:29:00','4025328','6','',''),
('1724810220941215','18:15:00','18:15:00','4025323','1','',''),
('1724810220941215','18:18:00','18:18:00','4025324','2','',''),
('1724810220941215','18:21:00','18:21:00','4025325','3','',''),
('1724810220941215','18:23:00','18:23:00','4025326','4','',''),
('1724810220941215','18:25:00','18:25:00','4025327','5','',''),
('1724810220941215','18:29:00','18:29:00','4025328','6','',''),
('1725538430941215','18:15:00','18:15:00','4025323','1','',''),
('1725538430941215','18:18:00','18:18:00','4025324','2','',''),
('1725538430941215','18:21:00','18:21:00','4025325','3','',''),
('1725538430941215','18:23:00','18:23:00','4025326','4','',''),
('1725538430941215','18:25:00','18:25:00','4025327','5','',''),
('1725538430941215','18:29:00','18:29:00','4025328','6','',''),
('1824810220941215','18:55:00','18:55:00','4025323','1','',''),
('1824810220941215','18:58:00','18:58:00','4025324','2','',''),
('1824810220941215','19:01:00','19:01:00','4025325','3','',''),
('1824810220941215','19:03:00','19:03:00','4025326','4','',''),
('1824810220941215','19:05:00','19:05:00','4025327','5','',''),
('1824810220941215','19:09:00','19:09:00','4025328','6','',''),
('1825538430941215','18:55:00','18:55:00','4025323','1','',''),
('1825538430941215','18:58:00','18:58:00','4025324','2','',''),
('1825538430941215','19:01:00','19:01:00','4025325','3','',''),
('1825538430941215','19:03:00','19:03:00','4025326','4','',''),
('1825538430941215','19:05:00','19:05:00','4025327','5','',''),
('1825538430941215','19:09:00','19:09:00','4025328','6','',''),
('1924810220941215','19:35:00','19:35:00','4025323','1','',''),
('1924810220941215','19:38:00','19:38:00','4025324','2','',''),
('1924810220941215','19:41:00','19:41:00','4025325','3','',''),
('1924810220941215','19:43:00','19:43:00','4025326','4','',''),
('1924810220941215','19:45:00','19:45:00','4025327','5','',''),
('1924810220941215','19:49:00','19:49:00','4025328','6','',''),
('1925538430941215','19:35:00','19:35:00','4025323','1','',''),
('1925538430941215','19:38:00','19:38:00','4025324','2','',''),
('1925538430941215','19:41:00','19:41:00','4025325','3','',''),
('1925538430941215','19:43:00','19:43:00','4025326','4','',''),
('1925538430941215','19:45:00','19:45:00','4025327','5','',''),
('1925538430941215','19:49:00','19:49:00','4025328','6','',''),
('224810220941215','08:15:00','08:15:00','4025323','1','',''),
('224810220941215','08:18:00','08:18:00','4025324','2','',''),
('224810220941215','08:21:00','08:21:00','4025325','3','',''),
('224810220941215','08:23:00','08:23:00','4025326','4','',''),
('224810220941215','08:25:00','08:25:00','4025327','5','',''),
('224810220941215','08:29:00','08:29:00','4025328','6','',''),
('224810230941215','08:45:00','08:45:00','4025323','1','',''),
('224810230941215','08:47:00','08:47:00','4025324','2','',''),
('224810230941215','08:49:00','08:49:00','4025325','3','',''),
('224810230941215','08:50:00','08:50:00','4025326','4','',''),
('224810230941215','08:52:00','08:52:00','4025327','5','',''),
('224810230941215','08:55:00','08:55:00','4025328','6','',''),
('225538430941215','08:15:00','08:15:00','4025323','1','',''),
('225538430941215','08:18:00','08:18:00','4025324','2','',''),
('225538430941215','08:21:00','08:21:00','4025325','3','',''),
('225538430941215','08:23:00','08:23:00','4025326','4','',''),
('225538430941215','08:25:00','08:25:00','4025327','5','',''),
('225538430941215','08:29:00','08:29:00','4025328','6','',''),
('225538440941215','08:45:00','08:45:00','4025323','1','',''),
('225538440941215','08:47:00','08:47:00','4025324','2','',''),
('225538440941215','08:49:00','08:49:00','4025325','3','',''),
('225538440941215','08:50:00','08:50:00','4025326','4','',''),
('225538440941215','08:52:00','08:52:00','4025327','5','',''),
('225538440941215','08:55:00','08:55:00','4025328','6','',''),
('324810220941215','08:55:00','08:55:00','4025323','1','',''),
('324810220941215','08:58:00','08:58:00','4025324','2','',''),
('324810220941215','09:01:00','09:01:00','4025325','3','',''),
('324810220941215','09:03:00','09:03:00','4025326','4','',''),
('324810220941215','09:05:00','09:05:00','4025327','5','',''),
('324810220941215','09:09:00','09:09:00','4025328','6','',''),
('324810230941215','09:15:00','09:15:00','4025323','1','',''),
('324810230941215','09:17:00','09:17:00','4025324','2','',''),
('324810230941215','09:19:00','09:19:00','4025325','3','',''),
('324810230941215','09:20:00','09:20:00','4025326','4','',''),
('324810230941215','09:22:00','09:22:00','4025327','5','',''),
('324810230941215','09:25:00','09:25:00','4025328','6','',''),
('325538430941215','08:55:00','08:55:00','4025323','1','',''),
('325538430941215','08:58:00','08:58:00','4025324','2','',''),
('325538430941215','09:01:00','09:01:00','4025325','3','',''),
('325538430941215','09:03:00','09:03:00','4025326','4','',''),
('325538430941215','09:05:00','09:05:00','4025327','5','',''),
('325538430941215','09:09:00','09:09:00','4025328','6','',''),
('325538440941215','09:15:00','09:15:00','4025323','1','',''),
('325538440941215','09:17:00','09:17:00','4025324','2','',''),
('325538440941215','09:19:00','09:19:00','4025325','3','',''),
('325538440941215','09:20:00','09:20:00','4025326','4','',''),
('325538440941215','09:22:00','09:22:00','4025327','5','',''),
('325538440941215','09:25:00','09:25:00','4025328','6','',''),
('424810220941215','09:30:00','09:30:00','4025323','1','',''),
('424810220941215','09:32:00','09:32:00','4025324','2','',''),
('424810220941215','09:34:00','09:34:00','4025325','3','',''),
('424810220941215','09:35:00','09:35:00','4025326','4','',''),
('424810220941215','09:37:00','09:37:00','4025327','5','',''),
('424810220941215','09:40:00','09:40:00','4025328','6','',''),
('424810230941215','09:45:00','09:45:00','4025323','1','',''),
('424810230941215','09:47:00','09:47:00','4025324','2','',''),
('424810230941215','09:49:00','09:49:00','4025325','3','',''),
('424810230941215','09:50:00','09:50:00','4025326','4','',''),
('424810230941215','09:52:00','09:52:00','4025327','5','',''),
('424810230941215','09:55:00','09:55:00','4025328','6','',''),
('425538430941215','09:30:00','09:30:00','4025323','1','',''),
('425538430941215','09:32:00','09:32:00','4025324','2','',''),
('425538430941215','09:34:00','09:34:00','4025325','3','',''),
('425538430941215','09:35:00','09:35:00','4025326','4','',''),
('425538430941215','09:37:00','09:37:00','4025327','5','',''),
('425538430941215','09:40:00','09:40:00','4025328','6','',''),
('425538440941215','09:45:00','09:45:00','4025323','1','',''),
('425538440941215','09:47:00','09:47:00','4025324','2','',''),
('425538440941215','09:49:00','09:49:00','4025325','3','',''),
('425538440941215','09:50:00','09:50:00','4025326','4','',''),
('425538440941215','09:52:00','09:52:00','4025327','5','',''),
('425538440941215','09:55:00','09:55:00','4025328','6','',''),
('524810220941215','10:00:00','10:00:00','4025323','1','',''),
('524810220941215','10:02:00','10:02:00','4025324','2','',''),
('524810220941215','10:04:00','10:04:00','4025325','3','',''),
('524810220941215','10:05:00','10:05:00','4025326','4','',''),
('524810220941215','10:07:00','10:07:00','4025327','5','',''),
('524810220941215','10:10:00','10:10:00','4025328','6','',''),
('524810230941215','10:15:00','10:15:00','4025323','1','',''),
('524810230941215','10:17:00','10:17:00','4025324','2','',''),
('524810230941215','10:19:00','10:19:00','4025325','3','',''),
('524810230941215','10:20:00','10:20:00','4025326','4','',''),
('524810230941215','10:22:00','10:22:00','4025327','5','',''),
('524810230941215','10:25:00','10:25:00','4025328','6','',''),
('525538430941215','10:00:00','10:00:00','4025323','1','',''),
('525538430941215','10:02:00','10:02:00','4025324','2','',''),
('525538430941215','10:04:00','10:04:00','4025325','3','',''),
('525538430941215','10:05:00','10:05:00','4025326','4','',''),
('525538430941215','10:07:00','10:07:00','4025327','5','',''),
('525538430941215','10:10:00','10:10:00','4025328','6','',''),
('525538440941215','10:15:00','10:15:00','4025323','1','',''),
('525538440941215','10:17:00','10:17:00','4025324','2','',''),
('525538440941215','10:19:00','10:19:00','4025325','3','',''),
('525538440941215','10:20:00','10:20:00','4025326','4','',''),
('525538440941215','10:22:00','10:22:00','4025327','5','',''),
('525538440941215','10:25:00','10:25:00','4025328','6','',''),
('624810220941215','10:30:00','10:30:00','4025323','1','',''),
('624810220941215','10:32:00','10:32:00','4025324','2','',''),
('624810220941215','10:34:00','10:34:00','4025325','3','',''),
('624810220941215','10:35:00','10:35:00','4025326','4','',''),
('624810220941215','10:37:00','10:37:00','4025327','5','',''),
('624810220941215','10:40:00','10:40:00','4025328','6','',''),
('624810230941215','10:45:00','10:45:00','4025323','1','',''),
('624810230941215','10:47:00','10:47:00','4025324','2','',''),
('624810230941215','10:49:00','10:49:00','4025325','3','',''),
('624810230941215','10:50:00','10:50:00','4025326','4','',''),
('624810230941215','10:52:00','10:52:00','4025327','5','',''),
('624810230941215','10:55:00','10:55:00','4025328','6','',''),
('625538430941215','10:30:00','10:30:00','4025323','1','',''),
('625538430941215','10:32:00','10:32:00','4025324','2','',''),
('625538430941215','10:34:00','10:34:00','4025325','3','',''),
('625538430941215','10:35:00','10:35:00','4025326','4','',''),
('625538430941215','10:37:00','10:37:00','4025327','5','',''),
('625538430941215','10:40:00','10:40:00','4025328','6','',''),
('625538440941215','10:45:00','10:45:00','4025323','1','',''),
('625538440941215','10:47:00','10:47:00','4025324','2','',''),
('625538440941215','10:49:00','10:49:00','4025325','3','',''),
('625538440941215','10:50:00','10:50:00','4025326','4','',''),
('625538440941215','10:52:00','10:52:00','4025327','5','',''),
('625538440941215','10:55:00','10:55:00','4025328','6','',''),
('724810220941215','11:00:00','11:00:00','4025323','1','',''),
('724810220941215','11:02:00','11:02:00','4025324','2','',''),
('724810220941215','11:04:00','11:04:00','4025325','3','',''),
('724810220941215','11:05:00','11:05:00','4025326','4','',''),
('724810220941215','11:07:00','11:07:00','4025327','5','',''),
('724810220941215','11:10:00','11:10:00','4025328','6','',''),
('724810230941215','11:15:00','11:15:00','4025323','1','',''),
('724810230941215','11:17:00','11:17:00','4025324','2','',''),
('724810230941215','11:19:00','11:19:00','4025325','3','',''),
('724810230941215','11:20:00','11:20:00','4025326','4','',''),
('724810230941215','11:22:00','11:22:00','4025327','5','',''),
('724810230941215','11:25:00','11:25:00','4025328','6','',''),
('725538430941215','11:00:00','11:00:00','4025323','1','',''),
('725538430941215','11:02:00','11:02:00','4025324','2','',''),
('725538430941215','11:04:00','11:04:00','4025325','3','',''),
('725538430941215','11:05:00','11:05:00','4025326','4','',''),
('725538430941215','11:07:00','11:07:00','4025327','5','',''),
('725538430941215','11:10:00','11:10:00','4025328','6','',''),
('725538440941215','11:15:00','11:15:00','4025323','1','',''),
('725538440941215','11:17:00','11:17:00','4025324','2','',''),
('725538440941215','11:19:00','11:19:00','4025325','3','',''),
('725538440941215','11:20:00','11:20:00','4025326','4','',''),
('725538440941215','11:22:00','11:22:00','4025327','5','',''),
('725538440941215','11:25:00','11:25:00','4025328','6','',''),
('824810220941215','11:30:00','11:30:00','4025323','1','',''),
('824810220941215','11:32:00','11:32:00','4025324','2','',''),
('824810220941215','11:34:00','11:34:00','4025325','3','',''),
('824810220941215','11:35:00','11:35:00','4025326','4','',''),
('824810220941215','11:37:00','11:37:00','4025327','5','',''),
('824810220941215','11:40:00','11:40:00','4025328','6','',''),
('824810230941215','11:45:00','11:45:00','4025323','1','',''),
('824810230941215','11:47:00','11:47:00','4025324','2','',''),
('824810230941215','11:49:00','11:49:00','4025325','3','',''),
('824810230941215','11:50:00','11:50:00','4025326','4','',''),
('824810230941215','11:52:00','11:52:00','4025327','5','',''),
('824810230941215','11:55:00','11:55:00','4025328','6','',''),
('825538430941215','11:30:00','11:30:00','4025323','1','',''),
('825538430941215','11:32:00','11:32:00','4025324','2','',''),
('825538430941215','11:34:00','11:34:00','4025325','3','',''),
('825538430941215','11:35:00','11:35:00','4025326','4','',''),
('825538430941215','11:37:00','11:37:00','4025327','5','',''),
('825538430941215','11:40:00','11:40:00','4025328','6','',''),
('825538440941215','11:45:00','11:45:00','4025323','1','',''),
('825538440941215','11:47:00','11:47:00','4025324','2','',''),
('825538440941215','11:49:00','11:49:00','4025325','3','',''),
('825538440941215','11:50:00','11:50:00','4025326','4','',''),
('825538440941215','11:52:00','11:52:00','4025327','5','',''),
('825538440941215','11:55:00','11:55:00','4025328','6','',''),
('924810220941215','12:00:00','12:00:00','4025323','1','',''),
('924810220941215','12:02:00','12:02:00','4025324','2','',''),
('924810220941215','12:04:00','12:04:00','4025325','3','',''),
('924810220941215','12:05:00','12:05:00','4025326','4','',''),
('924810220941215','12:07:00','12:07:00','4025327','5','',''),
('924810220941215','12:10:00','12:10:00','4025328','6','',''),
('924810230941215','12:15:00','12:15:00','4025323','1','',''),
('924810230941215','12:17:00','12:17:00','4025324','2','',''),
('924810230941215','12:19:00','12:19:00','4025325','3','',''),
('924810230941215','12:20:00','12:20:00','4025326','4','',''),
('924810230941215','12:22:00','12:22:00','4025327','5','',''),
('924810230941215','12:25:00','12:25:00','4025328','6','',''),
('925538430941215','12:00:00','12:00:00','4025323','1','',''),
('925538430941215','12:02:00','12:02:00','4025324','2','',''),
('925538430941215','12:04:00','12:04:00','4025325','3','',''),
('925538430941215','12:05:00','12:05:00','4025326','4','',''),
('925538430941215','12:07:00','12:07:00','4025327','5','',''),
('925538430941215','12:10:00','12:10:00','4025328','6','',''),
('925538440941215','12:15:00','12:15:00','4025323','1','',''),
('925538440941215','12:17:00','12:17:00','4025324','2','',''),
('925538440941215','12:19:00','12:19:00','4025325','3','',''),
('925538440941215','12:20:00','12:20:00','4025326','4','',''),
('925538440941215','12:22:00','12:22:00','4025327','5','',''),
('925538440941215','12:25:00','12:25:00','4025328','6','',''),
('1024810220941216','12:45:00','12:45:00','4025313','1','',''),
('1024810220941216','12:46:00','12:46:00','4025314','2','',''),
('1024810220941216','12:48:00','12:48:00','4025315','3','',''),
('1024810220941216','12:49:00','12:49:00','4025316','4','',''),
('1024810220941216','12:50:00','12:50:00','4025317','5','',''),
('1024810220941216','12:52:00','12:52:00','4025318','6','',''),
('1024810220941216','12:53:00','12:53:00','4025319','7','',''),
('1024810220941216','12:54:00','12:54:00','4025320','8','',''),
('1024810220941216','12:55:00','12:55:00','4025321','9','',''),
('1024810220941216','12:57:00','12:57:00','4025322','10','',''),
('1024810220941216','13:00:00','13:00:00','4025323','11','',''),
('1024810230941216','13:00:00','13:00:00','4025313','1','',''),
('1024810230941216','13:01:00','13:01:00','4025314','2','',''),
('1024810230941216','13:03:00','13:03:00','4025315','3','',''),
('1024810230941216','13:04:00','13:04:00','4025316','4','',''),
('1024810230941216','13:05:00','13:05:00','4025317','5','',''),
('1024810230941216','13:07:00','13:07:00','4025318','6','',''),
('1024810230941216','13:08:00','13:08:00','4025319','7','',''),
('1024810230941216','13:09:00','13:09:00','4025320','8','',''),
('1024810230941216','13:10:00','13:10:00','4025321','9','',''),
('1024810230941216','13:12:00','13:12:00','4025322','10','',''),
('1024810230941216','13:15:00','13:15:00','4025323','11','',''),
('1025538430941216','12:45:00','12:45:00','4025313','1','',''),
('1025538430941216','12:46:00','12:46:00','4025314','2','',''),
('1025538430941216','12:48:00','12:48:00','4025315','3','',''),
('1025538430941216','12:49:00','12:49:00','4025316','4','',''),
('1025538430941216','12:50:00','12:50:00','4025317','5','',''),
('1025538430941216','12:51:00','12:51:00','4025318','6','',''),
('1025538430941216','12:53:00','12:53:00','4025319','7','',''),
('1025538430941216','12:54:00','12:54:00','4025320','8','',''),
('1025538430941216','12:55:00','12:55:00','4025321','9','',''),
('1025538430941216','12:57:00','12:57:00','4025322','10','',''),
('1025538430941216','13:00:00','13:00:00','4025323','11','',''),
('1025538440941216','13:00:00','13:00:00','4025313','1','',''),
('1025538440941216','13:01:00','13:01:00','4025314','2','',''),
('1025538440941216','13:03:00','13:03:00','4025315','3','',''),
('1025538440941216','13:04:00','13:04:00','4025316','4','',''),
('1025538440941216','13:05:00','13:05:00','4025317','5','',''),
('1025538440941216','13:06:00','13:06:00','4025318','6','',''),
('1025538440941216','13:08:00','13:08:00','4025319','7','',''),
('1025538440941216','13:09:00','13:09:00','4025320','8','',''),
('1025538440941216','13:10:00','13:10:00','4025321','9','',''),
('1025538440941216','13:12:00','13:12:00','4025322','10','',''),
('1025538440941216','13:15:00','13:15:00','4025323','11','',''),
('1124810220941216','15:15:00','15:15:00','4025313','1','',''),
('1124810220941216','15:16:00','15:16:00','4025314','2','',''),
('1124810220941216','15:18:00','15:18:00','4025315','3','',''),
('1124810220941216','15:19:00','15:19:00','4025316','4','',''),
('1124810220941216','15:20:00','15:20:00','4025317','5','',''),
('1124810220941216','15:22:00','15:22:00','4025318','6','',''),
('1124810220941216','15:23:00','15:23:00','4025319','7','',''),
('1124810220941216','15:24:00','15:24:00','4025320','8','',''),
('1124810220941216','15:25:00','15:25:00','4025321','9','',''),
('1124810220941216','15:27:00','15:27:00','4025322','10','',''),
('1124810220941216','15:30:00','15:30:00','4025323','11','',''),
('1125538430941216','15:15:00','15:15:00','4025313','1','',''),
('1125538430941216','15:16:00','15:16:00','4025314','2','',''),
('1125538430941216','15:18:00','15:18:00','4025315','3','',''),
('1125538430941216','15:19:00','15:19:00','4025316','4','',''),
('1125538430941216','15:20:00','15:20:00','4025317','5','',''),
('1125538430941216','15:21:00','15:21:00','4025318','6','',''),
('1125538430941216','15:23:00','15:23:00','4025319','7','',''),
('1125538430941216','15:24:00','15:24:00','4025320','8','',''),
('1125538430941216','15:25:00','15:25:00','4025321','9','',''),
('1125538430941216','15:27:00','15:27:00','4025322','10','',''),
('1125538430941216','15:30:00','15:30:00','4025323','11','',''),
('1224810220941216','15:45:00','15:45:00','4025313','1','',''),
('1224810220941216','15:46:00','15:46:00','4025314','2','',''),
('1224810220941216','15:48:00','15:48:00','4025315','3','',''),
('1224810220941216','15:49:00','15:49:00','4025316','4','',''),
('1224810220941216','15:50:00','15:50:00','4025317','5','',''),
('1224810220941216','15:52:00','15:52:00','4025318','6','',''),
('1224810220941216','15:53:00','15:53:00','4025319','7','',''),
('1224810220941216','15:54:00','15:54:00','4025320','8','',''),
('1224810220941216','15:55:00','15:55:00','4025321','9','',''),
('1224810220941216','15:57:00','15:57:00','4025322','10','',''),
('1224810220941216','16:00:00','16:00:00','4025323','11','',''),
('1225538430941216','15:45:00','15:45:00','4025313','1','',''),
('1225538430941216','15:46:00','15:46:00','4025314','2','',''),
('1225538430941216','15:48:00','15:48:00','4025315','3','',''),
('1225538430941216','15:49:00','15:49:00','4025316','4','',''),
('1225538430941216','15:50:00','15:50:00','4025317','5','',''),
('1225538430941216','15:51:00','15:51:00','4025318','6','',''),
('1225538430941216','15:53:00','15:53:00','4025319','7','',''),
('1225538430941216','15:54:00','15:54:00','4025320','8','',''),
('1225538430941216','15:55:00','15:55:00','4025321','9','',''),
('1225538430941216','15:57:00','15:57:00','4025322','10','',''),
('1225538430941216','16:00:00','16:00:00','4025323','11','',''),
('124810220941216','07:55:00','07:55:00','4025313','1','',''),
('124810220941216','07:56:00','07:56:00','4025314','2','',''),
('124810220941216','07:58:00','07:58:00','4025315','3','',''),
('124810220941216','07:59:00','07:59:00','4025316','4','',''),
('124810220941216','08:01:00','08:01:00','4025317','5','',''),
('124810220941216','08:03:00','08:03:00','4025318','6','',''),
('124810220941216','08:04:00','08:04:00','4025319','7','',''),
('124810220941216','08:06:00','08:06:00','4025320','8','',''),
('124810220941216','08:07:00','08:07:00','4025321','9','',''),
('124810220941216','08:10:00','08:10:00','4025322','10','',''),
('124810220941216','08:13:00','08:13:00','4025323','11','',''),
('124810230941216','08:30:00','08:30:00','4025313','1','',''),
('124810230941216','08:31:00','08:31:00','4025314','2','',''),
('124810230941216','08:33:00','08:33:00','4025315','3','',''),
('124810230941216','08:34:00','08:34:00','4025316','4','',''),
('124810230941216','08:35:00','08:35:00','4025317','5','',''),
('124810230941216','08:37:00','08:37:00','4025318','6','',''),
('124810230941216','08:38:00','08:38:00','4025319','7','',''),
('124810230941216','08:39:00','08:39:00','4025320','8','',''),
('124810230941216','08:40:00','08:40:00','4025321','9','',''),
('124810230941216','08:42:00','08:42:00','4025322','10','',''),
('124810230941216','08:45:00','08:45:00','4025323','11','',''),
('125538430941216','07:55:00','07:55:00','4025313','1','',''),
('125538430941216','07:56:00','07:56:00','4025314','2','',''),
('125538430941216','07:58:00','07:58:00','4025315','3','',''),
('125538430941216','07:59:00','07:59:00','4025316','4','',''),
('125538430941216','08:01:00','08:01:00','4025317','5','',''),
('125538430941216','08:03:00','08:03:00','4025318','6','',''),
('125538430941216','08:04:00','08:04:00','4025319','7','',''),
('125538430941216','08:06:00','08:06:00','4025320','8','',''),
('125538430941216','08:07:00','08:07:00','4025321','9','',''),
('125538430941216','08:10:00','08:10:00','4025322','10','',''),
('125538430941216','08:13:00','08:13:00','4025323','11','',''),
('125538440941216','08:30:00','08:30:00','4025313','1','',''),
('125538440941216','08:31:00','08:31:00','4025314','2','',''),
('125538440941216','08:33:00','08:33:00','4025315','3','',''),
('125538440941216','08:34:00','08:34:00','4025316','4','',''),
('125538440941216','08:35:00','08:35:00','4025317','5','',''),
('125538440941216','08:36:00','08:36:00','4025318','6','',''),
('125538440941216','08:38:00','08:38:00','4025319','7','',''),
('125538440941216','08:39:00','08:39:00','4025320','8','',''),
('125538440941216','08:40:00','08:40:00','4025321','9','',''),
('125538440941216','08:42:00','08:42:00','4025322','10','',''),
('125538440941216','08:45:00','08:45:00','4025323','11','',''),
('1324810220941216','16:15:00','16:15:00','4025313','1','',''),
('1324810220941216','16:16:00','16:16:00','4025314','2','',''),
('1324810220941216','16:18:00','16:18:00','4025315','3','',''),
('1324810220941216','16:19:00','16:19:00','4025316','4','',''),
('1324810220941216','16:20:00','16:20:00','4025317','5','',''),
('1324810220941216','16:22:00','16:22:00','4025318','6','',''),
('1324810220941216','16:23:00','16:23:00','4025319','7','',''),
('1324810220941216','16:24:00','16:24:00','4025320','8','',''),
('1324810220941216','16:25:00','16:25:00','4025321','9','',''),
('1324810220941216','16:27:00','16:27:00','4025322','10','',''),
('1324810220941216','16:30:00','16:30:00','4025323','11','',''),
('1325538430941216','16:15:00','16:15:00','4025313','1','',''),
('1325538430941216','16:16:00','16:16:00','4025314','2','',''),
('1325538430941216','16:18:00','16:18:00','4025315','3','',''),
('1325538430941216','16:19:00','16:19:00','4025316','4','',''),
('1325538430941216','16:20:00','16:20:00','4025317','5','',''),
('1325538430941216','16:21:00','16:21:00','4025318','6','',''),
('1325538430941216','16:23:00','16:23:00','4025319','7','',''),
('1325538430941216','16:24:00','16:24:00','4025320','8','',''),
('1325538430941216','16:25:00','16:25:00','4025321','9','',''),
('1325538430941216','16:27:00','16:27:00','4025322','10','',''),
('1325538430941216','16:30:00','16:30:00','4025323','11','',''),
('1424810220941216','16:55:00','16:55:00','4025313','1','',''),
('1424810220941216','16:56:00','16:56:00','4025314','2','',''),
('1424810220941216','16:58:00','16:58:00','4025315','3','',''),
('1424810220941216','16:59:00','16:59:00','4025316','4','',''),
('1424810220941216','17:00:00','17:00:00','4025317','5','',''),
('1424810220941216','17:02:00','17:02:00','4025318','6','',''),
('1424810220941216','17:03:00','17:03:00','4025319','7','',''),
('1424810220941216','17:05:00','17:05:00','4025320','8','',''),
('1424810220941216','17:06:00','17:06:00','4025321','9','',''),
('1424810220941216','17:08:00','17:08:00','4025322','10','',''),
('1424810220941216','17:11:00','17:11:00','4025323','11','',''),
('1425538430941216','16:55:00','16:55:00','4025313','1','',''),
('1425538430941216','16:56:00','16:56:00','4025314','2','',''),
('1425538430941216','16:58:00','16:58:00','4025315','3','',''),
('1425538430941216','16:59:00','16:59:00','4025316','4','',''),
('1425538430941216','17:00:00','17:00:00','4025317','5','',''),
('1425538430941216','17:02:00','17:02:00','4025318','6','',''),
('1425538430941216','17:03:00','17:03:00','4025319','7','',''),
('1425538430941216','17:05:00','17:05:00','4025320','8','',''),
('1425538430941216','17:06:00','17:06:00','4025321','9','',''),
('1425538430941216','17:08:00','17:08:00','4025322','10','',''),
('1425538430941216','17:11:00','17:11:00','4025323','11','',''),
('1524810220941216','17:55:00','17:55:00','4025313','1','',''),
('1524810220941216','17:56:00','17:56:00','4025314','2','',''),
('1524810220941216','17:58:00','17:58:00','4025315','3','',''),
('1524810220941216','17:59:00','17:59:00','4025316','4','',''),
('1524810220941216','18:01:00','18:01:00','4025317','5','',''),
('1524810220941216','18:03:00','18:03:00','4025318','6','',''),
('1524810220941216','18:04:00','18:04:00','4025319','7','',''),
('1524810220941216','18:06:00','18:06:00','4025320','8','',''),
('1524810220941216','18:07:00','18:07:00','4025321','9','',''),
('1524810220941216','18:10:00','18:10:00','4025322','10','',''),
('1524810220941216','18:13:00','18:13:00','4025323','11','',''),
('1525538430941216','17:55:00','17:55:00','4025313','1','',''),
('1525538430941216','17:56:00','17:56:00','4025314','2','',''),
('1525538430941216','17:58:00','17:58:00','4025315','3','',''),
('1525538430941216','17:59:00','17:59:00','4025316','4','',''),
('1525538430941216','18:01:00','18:01:00','4025317','5','',''),
('1525538430941216','18:03:00','18:03:00','4025318','6','',''),
('1525538430941216','18:04:00','18:04:00','4025319','7','',''),
('1525538430941216','18:06:00','18:06:00','4025320','8','',''),
('1525538430941216','18:07:00','18:07:00','4025321','9','',''),
('1525538430941216','18:10:00','18:10:00','4025322','10','',''),
('1525538430941216','18:13:00','18:13:00','4025323','11','',''),
('1624810220941216','18:35:00','18:35:00','4025313','1','',''),
('1624810220941216','18:36:00','18:36:00','4025314','2','',''),
('1624810220941216','18:38:00','18:38:00','4025315','3','',''),
('1624810220941216','18:39:00','18:39:00','4025316','4','',''),
('1624810220941216','18:41:00','18:41:00','4025317','5','',''),
('1624810220941216','18:43:00','18:43:00','4025318','6','',''),
('1624810220941216','18:44:00','18:44:00','4025319','7','',''),
('1624810220941216','18:46:00','18:46:00','4025320','8','',''),
('1624810220941216','18:47:00','18:47:00','4025321','9','',''),
('1624810220941216','18:50:00','18:50:00','4025322','10','',''),
('1624810220941216','18:53:00','18:53:00','4025323','11','',''),
('1625538430941216','18:35:00','18:35:00','4025313','1','',''),
('1625538430941216','18:36:00','18:36:00','4025314','2','',''),
('1625538430941216','18:38:00','18:38:00','4025315','3','',''),
('1625538430941216','18:39:00','18:39:00','4025316','4','',''),
('1625538430941216','18:41:00','18:41:00','4025317','5','',''),
('1625538430941216','18:43:00','18:43:00','4025318','6','',''),
('1625538430941216','18:44:00','18:44:00','4025319','7','',''),
('1625538430941216','18:46:00','18:46:00','4025320','8','',''),
('1625538430941216','18:47:00','18:47:00','4025321','9','',''),
('1625538430941216','18:50:00','18:50:00','4025322','10','',''),
('1625538430941216','18:53:00','18:53:00','4025323','11','',''),
('1724810220941216','19:15:00','19:15:00','4025313','1','',''),
('1724810220941216','19:16:00','19:16:00','4025314','2','',''),
('1724810220941216','19:18:00','19:18:00','4025315','3','',''),
('1724810220941216','19:19:00','19:19:00','4025316','4','',''),
('1724810220941216','19:21:00','19:21:00','4025317','5','',''),
('1724810220941216','19:23:00','19:23:00','4025318','6','',''),
('1724810220941216','19:24:00','19:24:00','4025319','7','',''),
('1724810220941216','19:26:00','19:26:00','4025320','8','',''),
('1724810220941216','19:27:00','19:27:00','4025321','9','',''),
('1724810220941216','19:30:00','19:30:00','4025322','10','',''),
('1724810220941216','19:33:00','19:33:00','4025323','11','',''),
('1725538430941216','19:15:00','19:15:00','4025313','1','',''),
('1725538430941216','19:16:00','19:16:00','4025314','2','',''),
('1725538430941216','19:18:00','19:18:00','4025315','3','',''),
('1725538430941216','19:19:00','19:19:00','4025316','4','',''),
('1725538430941216','19:21:00','19:21:00','4025317','5','',''),
('1725538430941216','19:23:00','19:23:00','4025318','6','',''),
('1725538430941216','19:24:00','19:24:00','4025319','7','',''),
('1725538430941216','19:26:00','19:26:00','4025320','8','',''),
('1725538430941216','19:27:00','19:27:00','4025321','9','',''),
('1725538430941216','19:30:00','19:30:00','4025322','10','',''),
('1725538430941216','19:33:00','19:33:00','4025323','11','',''),
('224810220941216','08:35:00','08:35:00','4025313','1','',''),
('224810220941216','08:36:00','08:36:00','4025314','2','',''),
('224810220941216','08:38:00','08:38:00','4025315','3','',''),
('224810220941216','08:39:00','08:39:00','4025316','4','',''),
('224810220941216','08:41:00','08:41:00','4025317','5','',''),
('224810220941216','08:43:00','08:43:00','4025318','6','',''),
('224810220941216','08:44:00','08:44:00','4025319','7','',''),
('224810220941216','08:46:00','08:46:00','4025320','8','',''),
('224810220941216','08:47:00','08:47:00','4025321','9','',''),
('224810220941216','08:50:00','08:50:00','4025322','10','',''),
('224810220941216','08:53:00','08:53:00','4025323','11','',''),
('224810230941216','09:00:00','09:00:00','4025313','1','',''),
('224810230941216','09:01:00','09:01:00','4025314','2','',''),
('224810230941216','09:03:00','09:03:00','4025315','3','',''),
('224810230941216','09:04:00','09:04:00','4025316','4','',''),
('224810230941216','09:05:00','09:05:00','4025317','5','',''),
('224810230941216','09:07:00','09:07:00','4025318','6','',''),
('224810230941216','09:08:00','09:08:00','4025319','7','',''),
('224810230941216','09:09:00','09:09:00','4025320','8','',''),
('224810230941216','09:10:00','09:10:00','4025321','9','',''),
('224810230941216','09:12:00','09:12:00','4025322','10','',''),
('224810230941216','09:15:00','09:15:00','4025323','11','',''),
('225538430941216','08:35:00','08:35:00','4025313','1','',''),
('225538430941216','08:36:00','08:36:00','4025314','2','',''),
('225538430941216','08:38:00','08:38:00','4025315','3','',''),
('225538430941216','08:39:00','08:39:00','4025316','4','',''),
('225538430941216','08:41:00','08:41:00','4025317','5','',''),
('225538430941216','08:43:00','08:43:00','4025318','6','',''),
('225538430941216','08:44:00','08:44:00','4025319','7','',''),
('225538430941216','08:46:00','08:46:00','4025320','8','',''),
('225538430941216','08:47:00','08:47:00','4025321','9','',''),
('225538430941216','08:50:00','08:50:00','4025322','10','',''),
('225538430941216','08:53:00','08:53:00','4025323','11','',''),
('225538440941216','09:00:00','09:00:00','4025313','1','',''),
('225538440941216','09:01:00','09:01:00','4025314','2','',''),
('225538440941216','09:03:00','09:03:00','4025315','3','',''),
('225538440941216','09:04:00','09:04:00','4025316','4','',''),
('225538440941216','09:05:00','09:05:00','4025317','5','',''),
('225538440941216','09:06:00','09:06:00','4025318','6','',''),
('225538440941216','09:08:00','09:08:00','4025319','7','',''),
('225538440941216','09:09:00','09:09:00','4025320','8','',''),
('225538440941216','09:10:00','09:10:00','4025321','9','',''),
('225538440941216','09:12:00','09:12:00','4025322','10','',''),
('225538440941216','09:15:00','09:15:00','4025323','11','',''),
('324810220941216','09:15:00','09:15:00','4025313','1','',''),
('324810220941216','09:16:00','09:16:00','4025314','2','',''),
('324810220941216','09:18:00','09:18:00','4025315','3','',''),
('324810220941216','09:19:00','09:19:00','4025316','4','',''),
('324810220941216','09:20:00','09:20:00','4025317','5','',''),
('324810220941216','09:22:00','09:22:00','4025318','6','',''),
('324810220941216','09:23:00','09:23:00','4025319','7','',''),
('324810220941216','09:24:00','09:24:00','4025320','8','',''),
('324810220941216','09:25:00','09:25:00','4025321','9','',''),
('324810220941216','09:27:00','09:27:00','4025322','10','',''),
('324810220941216','09:30:00','09:30:00','4025323','11','',''),
('324810230941216','09:30:00','09:30:00','4025313','1','',''),
('324810230941216','09:31:00','09:31:00','4025314','2','',''),
('324810230941216','09:33:00','09:33:00','4025315','3','',''),
('324810230941216','09:34:00','09:34:00','4025316','4','',''),
('324810230941216','09:35:00','09:35:00','4025317','5','',''),
('324810230941216','09:37:00','09:37:00','4025318','6','',''),
('324810230941216','09:38:00','09:38:00','4025319','7','',''),
('324810230941216','09:39:00','09:39:00','4025320','8','',''),
('324810230941216','09:40:00','09:40:00','4025321','9','',''),
('324810230941216','09:42:00','09:42:00','4025322','10','',''),
('324810230941216','09:45:00','09:45:00','4025323','11','',''),
('325538430941216','09:15:00','09:15:00','4025313','1','',''),
('325538430941216','09:16:00','09:16:00','4025314','2','',''),
('325538430941216','09:18:00','09:18:00','4025315','3','',''),
('325538430941216','09:19:00','09:19:00','4025316','4','',''),
('325538430941216','09:20:00','09:20:00','4025317','5','',''),
('325538430941216','09:21:00','09:21:00','4025318','6','',''),
('325538430941216','09:23:00','09:23:00','4025319','7','',''),
('325538430941216','09:24:00','09:24:00','4025320','8','',''),
('325538430941216','09:25:00','09:25:00','4025321','9','',''),
('325538430941216','09:27:00','09:27:00','4025322','10','',''),
('325538430941216','09:30:00','09:30:00','4025323','11','',''),
('325538440941216','09:30:00','09:30:00','4025313','1','',''),
('325538440941216','09:31:00','09:31:00','4025314','2','',''),
('325538440941216','09:33:00','09:33:00','4025315','3','',''),
('325538440941216','09:34:00','09:34:00','4025316','4','',''),
('325538440941216','09:35:00','09:35:00','4025317','5','',''),
('325538440941216','09:36:00','09:36:00','4025318','6','',''),
('325538440941216','09:38:00','09:38:00','4025319','7','',''),
('325538440941216','09:39:00','09:39:00','4025320','8','',''),
('325538440941216','09:40:00','09:40:00','4025321','9','',''),
('325538440941216','09:42:00','09:42:00','4025322','10','',''),
('325538440941216','09:45:00','09:45:00','4025323','11','',''),
('424810220941216','09:45:00','09:45:00','4025313','1','',''),
('424810220941216','09:46:00','09:46:00','4025314','2','',''),
('424810220941216','09:48:00','09:48:00','4025315','3','',''),
('424810220941216','09:49:00','09:49:00','4025316','4','',''),
('424810220941216','09:50:00','09:50:00','4025317','5','',''),
('424810220941216','09:52:00','09:52:00','4025318','6','',''),
('424810220941216','09:53:00','09:53:00','4025319','7','',''),
('424810220941216','09:54:00','09:54:00','4025320','8','',''),
('424810220941216','09:55:00','09:55:00','4025321','9','',''),
('424810220941216','09:57:00','09:57:00','4025322','10','',''),
('424810220941216','10:00:00','10:00:00','4025323','11','',''),
('424810230941216','10:00:00','10:00:00','4025313','1','',''),
('424810230941216','10:01:00','10:01:00','4025314','2','',''),
('424810230941216','10:03:00','10:03:00','4025315','3','',''),
('424810230941216','10:04:00','10:04:00','4025316','4','',''),
('424810230941216','10:05:00','10:05:00','4025317','5','',''),
('424810230941216','10:07:00','10:07:00','4025318','6','',''),
('424810230941216','10:08:00','10:08:00','4025319','7','',''),
('424810230941216','10:09:00','10:09:00','4025320','8','',''),
('424810230941216','10:10:00','10:10:00','4025321','9','',''),
('424810230941216','10:12:00','10:12:00','4025322','10','',''),
('424810230941216','10:15:00','10:15:00','4025323','11','',''),
('425538430941216','09:45:00','09:45:00','4025313','1','',''),
('425538430941216','09:46:00','09:46:00','4025314','2','',''),
('425538430941216','09:48:00','09:48:00','4025315','3','',''),
('425538430941216','09:49:00','09:49:00','4025316','4','',''),
('425538430941216','09:50:00','09:50:00','4025317','5','',''),
('425538430941216','09:51:00','09:51:00','4025318','6','',''),
('425538430941216','09:53:00','09:53:00','4025319','7','',''),
('425538430941216','09:54:00','09:54:00','4025320','8','',''),
('425538430941216','09:55:00','09:55:00','4025321','9','',''),
('425538430941216','09:57:00','09:57:00','4025322','10','',''),
('425538430941216','10:00:00','10:00:00','4025323','11','',''),
('425538440941216','10:00:00','10:00:00','4025313','1','',''),
('425538440941216','10:01:00','10:01:00','4025314','2','',''),
('425538440941216','10:03:00','10:03:00','4025315','3','',''),
('425538440941216','10:04:00','10:04:00','4025316','4','',''),
('425538440941216','10:05:00','10:05:00','4025317','5','',''),
('425538440941216','10:06:00','10:06:00','4025318','6','',''),
('425538440941216','10:08:00','10:08:00','4025319','7','',''),
('425538440941216','10:09:00','10:09:00','4025320','8','',''),
('425538440941216','10:10:00','10:10:00','4025321','9','',''),
('425538440941216','10:12:00','10:12:00','4025322','10','',''),
('425538440941216','10:15:00','10:15:00','4025323','11','',''),
('524810220941216','10:15:00','10:15:00','4025313','1','',''),
('524810220941216','10:16:00','10:16:00','4025314','2','',''),
('524810220941216','10:18:00','10:18:00','4025315','3','',''),
('524810220941216','10:19:00','10:19:00','4025316','4','',''),
('524810220941216','10:20:00','10:20:00','4025317','5','',''),
('524810220941216','10:22:00','10:22:00','4025318','6','',''),
('524810220941216','10:23:00','10:23:00','4025319','7','',''),
('524810220941216','10:24:00','10:24:00','4025320','8','',''),
('524810220941216','10:25:00','10:25:00','4025321','9','',''),
('524810220941216','10:27:00','10:27:00','4025322','10','',''),
('524810220941216','10:30:00','10:30:00','4025323','11','',''),
('524810230941216','10:30:00','10:30:00','4025313','1','',''),
('524810230941216','10:31:00','10:31:00','4025314','2','',''),
('524810230941216','10:33:00','10:33:00','4025315','3','',''),
('524810230941216','10:34:00','10:34:00','4025316','4','',''),
('524810230941216','10:35:00','10:35:00','4025317','5','',''),
('524810230941216','10:37:00','10:37:00','4025318','6','',''),
('524810230941216','10:38:00','10:38:00','4025319','7','',''),
('524810230941216','10:39:00','10:39:00','4025320','8','',''),
('524810230941216','10:40:00','10:40:00','4025321','9','',''),
('524810230941216','10:42:00','10:42:00','4025322','10','',''),
('524810230941216','10:45:00','10:45:00','4025323','11','',''),
('525538430941216','10:15:00','10:15:00','4025313','1','',''),
('525538430941216','10:16:00','10:16:00','4025314','2','',''),
('525538430941216','10:18:00','10:18:00','4025315','3','',''),
('525538430941216','10:19:00','10:19:00','4025316','4','',''),
('525538430941216','10:20:00','10:20:00','4025317','5','',''),
('525538430941216','10:21:00','10:21:00','4025318','6','',''),
('525538430941216','10:23:00','10:23:00','4025319','7','',''),
('525538430941216','10:24:00','10:24:00','4025320','8','',''),
('525538430941216','10:25:00','10:25:00','4025321','9','',''),
('525538430941216','10:27:00','10:27:00','4025322','10','',''),
('525538430941216','10:30:00','10:30:00','4025323','11','',''),
('525538440941216','10:30:00','10:30:00','4025313','1','',''),
('525538440941216','10:31:00','10:31:00','4025314','2','',''),
('525538440941216','10:33:00','10:33:00','4025315','3','',''),
('525538440941216','10:34:00','10:34:00','4025316','4','',''),
('525538440941216','10:35:00','10:35:00','4025317','5','',''),
('525538440941216','10:36:00','10:36:00','4025318','6','',''),
('525538440941216','10:38:00','10:38:00','4025319','7','',''),
('525538440941216','10:39:00','10:39:00','4025320','8','',''),
('525538440941216','10:40:00','10:40:00','4025321','9','',''),
('525538440941216','10:42:00','10:42:00','4025322','10','',''),
('525538440941216','10:45:00','10:45:00','4025323','11','',''),
('624810220941216','10:45:00','10:45:00','4025313','1','',''),
('624810220941216','10:46:00','10:46:00','4025314','2','',''),
('624810220941216','10:48:00','10:48:00','4025315','3','',''),
('624810220941216','10:49:00','10:49:00','4025316','4','',''),
('624810220941216','10:50:00','10:50:00','4025317','5','',''),
('624810220941216','10:52:00','10:52:00','4025318','6','',''),
('624810220941216','10:53:00','10:53:00','4025319','7','',''),
('624810220941216','10:54:00','10:54:00','4025320','8','',''),
('624810220941216','10:55:00','10:55:00','4025321','9','',''),
('624810220941216','10:57:00','10:57:00','4025322','10','',''),
('624810220941216','11:00:00','11:00:00','4025323','11','',''),
('624810230941216','11:00:00','11:00:00','4025313','1','',''),
('624810230941216','11:01:00','11:01:00','4025314','2','',''),
('624810230941216','11:03:00','11:03:00','4025315','3','',''),
('624810230941216','11:04:00','11:04:00','4025316','4','',''),
('624810230941216','11:05:00','11:05:00','4025317','5','',''),
('624810230941216','11:07:00','11:07:00','4025318','6','',''),
('624810230941216','11:08:00','11:08:00','4025319','7','',''),
('624810230941216','11:09:00','11:09:00','4025320','8','',''),
('624810230941216','11:10:00','11:10:00','4025321','9','',''),
('624810230941216','11:12:00','11:12:00','4025322','10','',''),
('624810230941216','11:15:00','11:15:00','4025323','11','',''),
('625538430941216','10:45:00','10:45:00','4025313','1','',''),
('625538430941216','10:46:00','10:46:00','4025314','2','',''),
('625538430941216','10:48:00','10:48:00','4025315','3','',''),
('625538430941216','10:49:00','10:49:00','4025316','4','',''),
('625538430941216','10:50:00','10:50:00','4025317','5','',''),
('625538430941216','10:51:00','10:51:00','4025318','6','',''),
('625538430941216','10:53:00','10:53:00','4025319','7','',''),
('625538430941216','10:54:00','10:54:00','4025320','8','',''),
('625538430941216','10:55:00','10:55:00','4025321','9','',''),
('625538430941216','10:57:00','10:57:00','4025322','10','',''),
('625538430941216','11:00:00','11:00:00','4025323','11','',''),
('625538440941216','11:00:00','11:00:00','4025313','1','',''),
('625538440941216','11:01:00','11:01:00','4025314','2','',''),
('625538440941216','11:03:00','11:03:00','4025315','3','',''),
('625538440941216','11:04:00','11:04:00','4025316','4','',''),
('625538440941216','11:05:00','11:05:00','4025317','5','',''),
('625538440941216','11:06:00','11:06:00','4025318','6','',''),
('625538440941216','11:08:00','11:08:00','4025319','7','',''),
('625538440941216','11:09:00','11:09:00','4025320','8','',''),
('625538440941216','11:10:00','11:10:00','4025321','9','',''),
('625538440941216','11:12:00','11:12:00','4025322','10','',''),
('625538440941216','11:15:00','11:15:00','4025323','11','',''),
('724810220941216','11:15:00','11:15:00','4025313','1','',''),
('724810220941216','11:16:00','11:16:00','4025314','2','',''),
('724810220941216','11:18:00','11:18:00','4025315','3','',''),
('724810220941216','11:19:00','11:19:00','4025316','4','',''),
('724810220941216','11:20:00','11:20:00','4025317','5','',''),
('724810220941216','11:22:00','11:22:00','4025318','6','',''),
('724810220941216','11:23:00','11:23:00','4025319','7','',''),
('724810220941216','11:24:00','11:24:00','4025320','8','',''),
('724810220941216','11:25:00','11:25:00','4025321','9','',''),
('724810220941216','11:27:00','11:27:00','4025322','10','',''),
('724810220941216','11:30:00','11:30:00','4025323','11','',''),
('724810230941216','11:30:00','11:30:00','4025313','1','',''),
('724810230941216','11:31:00','11:31:00','4025314','2','',''),
('724810230941216','11:33:00','11:33:00','4025315','3','',''),
('724810230941216','11:34:00','11:34:00','4025316','4','',''),
('724810230941216','11:35:00','11:35:00','4025317','5','',''),
('724810230941216','11:37:00','11:37:00','4025318','6','',''),
('724810230941216','11:38:00','11:38:00','4025319','7','',''),
('724810230941216','11:39:00','11:39:00','4025320','8','',''),
('724810230941216','11:40:00','11:40:00','4025321','9','',''),
('724810230941216','11:42:00','11:42:00','4025322','10','',''),
('724810230941216','11:45:00','11:45:00','4025323','11','',''),
('725538430941216','11:15:00','11:15:00','4025313','1','',''),
('725538430941216','11:16:00','11:16:00','4025314','2','',''),
('725538430941216','11:18:00','11:18:00','4025315','3','',''),
('725538430941216','11:19:00','11:19:00','4025316','4','',''),
('725538430941216','11:20:00','11:20:00','4025317','5','',''),
('725538430941216','11:21:00','11:21:00','4025318','6','',''),
('725538430941216','11:23:00','11:23:00','4025319','7','',''),
('725538430941216','11:24:00','11:24:00','4025320','8','',''),
('725538430941216','11:25:00','11:25:00','4025321','9','',''),
('725538430941216','11:27:00','11:27:00','4025322','10','',''),
('725538430941216','11:30:00','11:30:00','4025323','11','',''),
('725538440941216','11:30:00','11:30:00','4025313','1','',''),
('725538440941216','11:31:00','11:31:00','4025314','2','',''),
('725538440941216','11:33:00','11:33:00','4025315','3','',''),
('725538440941216','11:34:00','11:34:00','4025316','4','',''),
('725538440941216','11:35:00','11:35:00','4025317','5','',''),
('725538440941216','11:36:00','11:36:00','4025318','6','',''),
('725538440941216','11:38:00','11:38:00','4025319','7','',''),
('725538440941216','11:39:00','11:39:00','4025320','8','',''),
('725538440941216','11:40:00','11:40:00','4025321','9','',''),
('725538440941216','11:42:00','11:42:00','4025322','10','',''),
('725538440941216','11:45:00','11:45:00','4025323','11','',''),
('824810220941216','11:45:00','11:45:00','4025313','1','',''),
('824810220941216','11:46:00','11:46:00','4025314','2','',''),
('824810220941216','11:48:00','11:48:00','4025315','3','',''),
('824810220941216','11:49:00','11:49:00','4025316','4','',''),
('824810220941216','11:50:00','11:50:00','4025317','5','',''),
('824810220941216','11:52:00','11:52:00','4025318','6','',''),
('824810220941216','11:53:00','11:53:00','4025319','7','',''),
('824810220941216','11:54:00','11:54:00','4025320','8','',''),
('824810220941216','11:55:00','11:55:00','4025321','9','',''),
('824810220941216','11:57:00','11:57:00','4025322','10','',''),
('824810220941216','12:00:00','12:00:00','4025323','11','',''),
('824810230941216','12:00:00','12:00:00','4025313','1','',''),
('824810230941216','12:01:00','12:01:00','4025314','2','',''),
('824810230941216','12:03:00','12:03:00','4025315','3','',''),
('824810230941216','12:04:00','12:04:00','4025316','4','',''),
('824810230941216','12:05:00','12:05:00','4025317','5','',''),
('824810230941216','12:07:00','12:07:00','4025318','6','',''),
('824810230941216','12:08:00','12:08:00','4025319','7','',''),
('824810230941216','12:09:00','12:09:00','4025320','8','',''),
('824810230941216','12:10:00','12:10:00','4025321','9','',''),
('824810230941216','12:12:00','12:12:00','4025322','10','',''),
('824810230941216','12:15:00','12:15:00','4025323','11','',''),
('825538430941216','11:45:00','11:45:00','4025313','1','',''),
('825538430941216','11:46:00','11:46:00','4025314','2','',''),
('825538430941216','11:48:00','11:48:00','4025315','3','',''),
('825538430941216','11:49:00','11:49:00','4025316','4','',''),
('825538430941216','11:50:00','11:50:00','4025317','5','',''),
('825538430941216','11:51:00','11:51:00','4025318','6','',''),
('825538430941216','11:53:00','11:53:00','4025319','7','',''),
('825538430941216','11:54:00','11:54:00','4025320','8','',''),
('825538430941216','11:55:00','11:55:00','4025321','9','',''),
('825538430941216','11:57:00','11:57:00','4025322','10','',''),
('825538430941216','12:00:00','12:00:00','4025323','11','',''),
('825538440941216','12:00:00','12:00:00','4025313','1','',''),
('825538440941216','12:01:00','12:01:00','4025314','2','',''),
('825538440941216','12:03:00','12:03:00','4025315','3','',''),
('825538440941216','12:04:00','12:04:00','4025316','4','',''),
('825538440941216','12:05:00','12:05:00','4025317','5','',''),
('825538440941216','12:06:00','12:06:00','4025318','6','',''),
('825538440941216','12:08:00','12:08:00','4025319','7','',''),
('825538440941216','12:09:00','12:09:00','4025320','8','',''),
('825538440941216','12:10:00','12:10:00','4025321','9','',''),
('825538440941216','12:12:00','12:12:00','4025322','10','',''),
('825538440941216','12:15:00','12:15:00','4025323','11','',''),
('924810220941216','12:15:00','12:15:00','4025313','1','',''),
('924810220941216','12:16:00','12:16:00','4025314','2','',''),
('924810220941216','12:18:00','12:18:00','4025315','3','',''),
('924810220941216','12:19:00','12:19:00','4025316','4','',''),
('924810220941216','12:20:00','12:20:00','4025317','5','',''),
('924810220941216','12:22:00','12:22:00','4025318','6','',''),
('924810220941216','12:23:00','12:23:00','4025319','7','',''),
('924810220941216','12:24:00','12:24:00','4025320','8','',''),
('924810220941216','12:25:00','12:25:00','4025321','9','',''),
('924810220941216','12:27:00','12:27:00','4025322','10','',''),
('924810220941216','12:30:00','12:30:00','4025323','11','',''),
('924810230941216','12:30:00','12:30:00','4025313','1','',''),
('924810230941216','12:31:00','12:31:00','4025314','2','',''),
('924810230941216','12:33:00','12:33:00','4025315','3','',''),
('924810230941216','12:34:00','12:34:00','4025316','4','',''),
('924810230941216','12:35:00','12:35:00','4025317','5','',''),
('924810230941216','12:37:00','12:37:00','4025318','6','',''),
('924810230941216','12:38:00','12:38:00','4025319','7','',''),
('924810230941216','12:39:00','12:39:00','4025320','8','',''),
('924810230941216','12:40:00','12:40:00','4025321','9','',''),
('924810230941216','12:42:00','12:42:00','4025322','10','',''),
('924810230941216','12:45:00','12:45:00','4025323','11','',''),
('925538430941216','12:15:00','12:15:00','4025313','1','',''),
('925538430941216','12:16:00','12:16:00','4025314','2','',''),
('925538430941216','12:18:00','12:18:00','4025315','3','',''),
('925538430941216','12:19:00','12:19:00','4025316','4','',''),
('925538430941216','12:20:00','12:20:00','4025317','5','',''),
('925538430941216','12:21:00','12:21:00','4025318','6','',''),
('925538430941216','12:23:00','12:23:00','4025319','7','',''),
('925538430941216','12:24:00','12:24:00','4025320','8','',''),
('925538430941216','12:25:00','12:25:00','4025321','9','',''),
('925538430941216','12:27:00','12:27:00','4025322','10','',''),
('925538430941216','12:30:00','12:30:00','4025323','11','',''),
('925538440941216','12:30:00','12:30:00','4025313','1','',''),
('925538440941216','12:31:00','12:31:00','4025314','2','',''),
('925538440941216','12:33:00','12:33:00','4025315','3','',''),
('925538440941216','12:34:00','12:34:00','4025316','4','',''),
('925538440941216','12:35:00','12:35:00','4025317','5','',''),
('925538440941216','12:36:00','12:36:00','4025318','6','',''),
('925538440941216','12:38:00','12:38:00','4025319','7','',''),
('925538440941216','12:39:00','12:39:00','4025320','8','',''),
('925538440941216','12:40:00','12:40:00','4025321','9','',''),
('925538440941216','12:42:00','12:42:00','4025322','10','',''),
('925538440941216','12:45:00','12:45:00','4025323','11','',''),
('124810220941214','07:16:00','07:16:00','4025314','1','',''),
('124810220941214','07:18:00','07:18:00','4025315','2','',''),
('124810220941214','07:19:00','07:19:00','4025316','3','',''),
('124810220941214','07:21:00','07:21:00','4025317','4','',''),
('124810220941214','07:23:00','07:23:00','4025318','5','',''),
('124810220941214','07:24:00','07:24:00','4025319','6','',''),
('124810220941214','07:26:00','07:26:00','4025320','7','',''),
('124810220941214','07:27:00','07:27:00','4025321','8','',''),
('124810220941214','07:30:00','07:30:00','4025322','9','',''),
('124810220941214','07:33:00','07:33:00','4025323','10','',''),
('124810230941214','08:01:00','08:01:00','4025314','1','',''),
('124810230941214','08:03:00','08:03:00','4025315','2','',''),
('124810230941214','08:04:00','08:04:00','4025316','3','',''),
('124810230941214','08:05:00','08:05:00','4025317','4','',''),
('124810230941214','08:07:00','08:07:00','4025318','5','',''),
('124810230941214','08:08:00','08:08:00','4025319','6','',''),
('124810230941214','08:09:00','08:09:00','4025320','7','',''),
('124810230941214','08:10:00','08:10:00','4025321','8','',''),
('124810230941214','08:12:00','08:12:00','4025322','9','',''),
('124810230941214','08:15:00','08:15:00','4025323','10','',''),
('125538430941214','07:16:00','07:16:00','4025314','1','',''),
('125538430941214','07:18:00','07:18:00','4025315','2','',''),
('125538430941214','07:19:00','07:19:00','4025316','3','',''),
('125538430941214','07:21:00','07:21:00','4025317','4','',''),
('125538430941214','07:23:00','07:23:00','4025318','5','',''),
('125538430941214','07:24:00','07:24:00','4025319','6','',''),
('125538430941214','07:26:00','07:26:00','4025320','7','',''),
('125538430941214','07:27:00','07:27:00','4025321','8','',''),
('125538430941214','07:30:00','07:30:00','4025322','9','',''),
('125538430941214','07:33:00','07:33:00','4025323','10','',''),
('125538440941214','08:01:00','08:01:00','4025314','1','',''),
('125538440941214','08:03:00','08:03:00','4025315','2','',''),
('125538440941214','08:04:00','08:04:00','4025316','3','',''),
('125538440941214','08:05:00','08:05:00','4025317','4','',''),
('125538440941214','08:06:00','08:06:00','4025318','5','',''),
('125538440941214','08:08:00','08:08:00','4025319','6','',''),
('125538440941214','08:09:00','08:09:00','4025320','7','',''),
('125538440941214','08:10:00','08:10:00','4025321','8','',''),
('125538440941214','08:12:00','08:12:00','4025322','9','',''),
('125538440941214','08:15:00','08:15:00','4025323','10','',''),
('224810220941214','14:46:00','14:46:00','4025314','1','',''),
('224810220941214','14:48:00','14:48:00','4025315','2','',''),
('224810220941214','14:49:00','14:49:00','4025316','3','',''),
('224810220941214','14:50:00','14:50:00','4025317','4','',''),
('224810220941214','14:52:00','14:52:00','4025318','5','',''),
('224810220941214','14:53:00','14:53:00','4025319','6','',''),
('224810220941214','14:54:00','14:54:00','4025320','7','',''),
('224810220941214','14:55:00','14:55:00','4025321','8','',''),
('224810220941214','14:57:00','14:57:00','4025322','9','',''),
('224810220941214','15:00:00','15:00:00','4025323','10','',''),
('225538430941214','14:46:00','14:46:00','4025314','1','',''),
('225538430941214','14:48:00','14:48:00','4025315','2','',''),
('225538430941214','14:49:00','14:49:00','4025316','3','',''),
('225538430941214','14:50:00','14:50:00','4025317','4','',''),
('225538430941214','14:51:00','14:51:00','4025318','5','',''),
('225538430941214','14:53:00','14:53:00','4025319','6','',''),
('225538430941214','14:54:00','14:54:00','4025320','7','',''),
('225538430941214','14:55:00','14:55:00','4025321','8','',''),
('225538430941214','14:57:00','14:57:00','4025322','9','',''),
('225538430941214','15:00:00','15:00:00','4025323','10','','');
INSERT INTO calendar (service_id,monday,tuesday,wednesday,thursday,friday,saturday,sunday,start_date,end_date) VALUES
('2553844','0','0','0','0','0','0','0','20180106','20180127'),
('2553843','0','0','0','0','0','0','0','20180102','20180131'),
('2481023','0','0','0','0','0','0','0','20171223','20171230'),
('2481022','0','0','0','0','0','0','0','20171221','20171229');
INSERT INTO calendar_dates (service_id,date,exception_type) VALUES
('2553844','20180106','1'),
('2553844','20180113','1'),
('2553844','20180120','1'),
('2553844','20180127','1'),
('2553843','20180102','1'),
('2553843','20180103','1'),
('2553843','20180104','1'),
('2553843','20180105','1'),
('2553843','20180108','1'),
('2553843','20180109','1'),
('2553843','20180110','1'),
('2553843','20180111','1'),
('2553843','20180112','1'),
('2553843','20180115','1'),
('2553843','20180116','1'),
('2553843','20180117','1'),
('2553843','20180118','1'),
('2553843','20180119','1'),
('2553843','20180122','1'),
('2553843','20180123','1'),
('2553843','20180124','1'),
('2553843','20180125','1'),
('2553843','20180126','1'),
('2553843','20180129','1'),
('2553843','20180130','1'),
('2553843','20180131','1'),
('2481023','20171223','1'),
('2481023','20171230','1'),
('2481022','20171221','1'),
('2481022','20171222','1'),
('2481022','20171226','1'),
('2481022','20171227','1'),
('2481022','20171228','1'),
('2481022','20171229','1');
INSERT INTO routes (route_id,agency_id,route_short_name,route_long_name,route_desc,route_type,route_url,route_color,route_text_color) VALUES
('942284','100','564','(COLLEGE LA MALMAISON <-> COLLEGE LA MALMAISON.) - Aller','','3','','FFFFFF','000000');
INSERT INTO agency (agency_id,agency_name,agency_url,agency_timezone,agency_lang,agency_phone) VALUES
('100','RATP (100)','http://www.ratp.fr/','CET','','');
INSERT INTO trips (route_id,service_id,trip_id,trip_headsign,trip_short_name,direction_id,shape_id) VALUES
('942284','2481022','1024810220941215','','10','0',''),
('942284','2481023','1024810230941215','','10','0',''),
('942284','2553843','1025538430941215','','10','0',''),
('942284','2553844','1025538440941215','','10','0',''),
('942284','2481022','1124810220941215','','11','0',''),
('942284','2481023','1124810230941215','','11','0',''),
('942284','2553843','1125538430941215','','11','0',''),
('942284','2553844','1125538440941215','','11','0',''),
('942284','2481022','1224810220941215','','12','0',''),
('942284','2553843','1225538430941215','','12','0',''),
('942284','2481022','124810220941215','','1','0',''),
('942284','2481023','124810230941215','','1','0',''),
('942284','2553843','125538430941215','','1','0',''),
('942284','2553844','125538440941215','','1','0',''),
('942284','2481022','1324810220941215','','13','0',''),
('942284','2553843','1325538430941215','','13','0',''),
('942284','2481022','1424810220941215','','14','0',''),
('942284','2553843','1425538430941215','','14','0',''),
('942284','2481022','1524810220941215','','15','0',''),
('942284','2553843','1525538430941215','','15','0',''),
('942284','2481022','1624810220941215','','16','0',''),
('942284','2553843','1625538430941215','','16','0',''),
('942284','2481022','1724810220941215','','17','0',''),
('942284','2553843','1725538430941215','','17','0',''),
('942284','2481022','1824810220941215','','18','0',''),
('942284','2553843','1825538430941215','','18','0',''),
('942284','2481022','1924810220941215','','19','0',''),
('942284','2553843','1925538430941215','','19','0',''),
('942284','2481022','224810220941215','','2','0',''),
('942284','2481023','224810230941215','','2','0',''),
('942284','2553843','225538430941215','','2','0',''),
('942284','2553844','225538440941215','','2','0',''),
('942284','2481022','324810220941215','','3','0',''),
('942284','2481023','324810230941215','','3','0',''),
('942284','2553843','325538430941215','','3','0',''),
('942284','2553844','325538440941215','','3','0',''),
('942284','2481022','424810220941215','','4','0',''),
('942284','2481023','424810230941215','','4','0',''),
('942284','2553843','425538430941215','','4','0',''),
('942284','2553844','425538440941215','','4','0',''),
('942284','2481022','524810220941215','','5','0',''),
('942284','2481023','524810230941215','','5','0',''),
('942284','2553843','525538430941215','','5','0',''),
('942284','2553844','525538440941215','','5','0',''),
('942284','2481022','624810220941215','','6','0',''),
('942284','2481023','624810230941215','','6','0',''),
('942284','2553843','625538430941215','','6','0',''),
('942284','2553844','625538440941215','','6','0',''),
('942284','2481022','724810220941215','','7','0',''),
('942284','2481023','724810230941215','','7','0',''),
('942284','2553843','725538430941215','','7','0',''),
('942284','2553844','725538440941215','','7','0',''),
('942284','2481022','824810220941215','','8','0',''),
('942284','2481023','824810230941215','','8','0',''),
('942284','2553843','825538430941215','','8','0',''),
('942284','2553844','825538440941215','','8','0',''),
('942284','2481022','924810220941215','','9','0',''),
('942284','2481023','924810230941215','','9','0',''),
('942284','2553843','925538430941215','','9','0',''),
('942284','2553844','925538440941215','','9','0',''),
('942284','2481022','1024810220941216','','10','0',''),
('942284','2481023','1024810230941216','','10','0',''),
('942284','2553843','1025538430941216','','10','0',''),
('942284','2553844','1025538440941216','','10','0',''),
('942284','2481022','1124810220941216','','11','0',''),
('942284','2553843','1125538430941216','','11','0',''),
('942284','2481022','1224810220941216','','12','0',''),
('942284','2553843','1225538430941216','','12','0',''),
('942284','2481022','124810220941216','','1','0',''),
('942284','2481023','124810230941216','','1','0',''),
('942284','2553843','125538430941216','','1','0',''),
('942284','2553844','125538440941216','','1','0',''),
('942284','2481022','1324810220941216','','13','0',''),
('942284','2553843','1325538430941216','','13','0',''),
('942284','2481022','1424810220941216','','14','0',''),
('942284','2553843','1425538430941216','','14','0',''),
('942284','2481022','1524810220941216','','15','0',''),
('942284','2553843','1525538430941216','','15','0',''),
('942284','2481022','1624810220941216','','16','0',''),
('942284','2553843','1625538430941216','','16','0',''),
('942284','2481022','1724810220941216','','17','0',''),
('942284','2553843','1725538430941216','','17','0',''),
('942284','2481022','224810220941216','','2','0',''),
('942284','2481023','224810230941216','','2','0',''),
('942284','2553843','225538430941216','','2','0',''),
('942284','2553844','225538440941216','','2','0',''),
('942284','2481022','324810220941216','','3','0',''),
('942284','2481023','324810230941216','','3','0',''),
('942284','2553843','325538430941216','','3','0',''),
('942284','2553844','325538440941216','','3','0',''),
('942284','2481022','424810220941216','','4','0',''),
('942284','2481023','424810230941216','','4','0',''),
('942284','2553843','425538430941216','','4','0',''),
('942284','2553844','425538440941216','','4','0',''),
('942284','2481022','524810220941216','','5','0',''),
('942284','2481023','524810230941216','','5','0',''),
('942284','2553843','525538430941216','','5','0',''),
('942284','2553844','525538440941216','','5','0',''),
('942284','2481022','624810220941216','','6','0',''),
('942284','2481023','624810230941216','','6','0',''),
('942284','2553843','625538430941216','','6','0',''),
('942284','2553844','625538440941216','','6','0',''),
('942284','2481022','724810220941216','','7','0',''),
('942284','2481023','724810230941216','','7','0',''),
('942284','2553843','725538430941216','','7','0',''),
('942284','2553844','725538440941216','','7','0',''),
('942284','2481022','824810220941216','','8','0',''),
('942284','2481023','824810230941216','','8','0',''),
('942284','2553843','825538430941216','','8','0',''),
('942284','2553844','825538440941216','','8','0',''),
('942284','2481022','924810220941216','','9','0',''),
('942284','2481023','924810230941216','','9','0',''),
('942284','2553843','925538430941216','','9','0',''),
('942284','2553844','925538440941216','','9','0',''),
('942284','2481022','124810220941214','','1','0',''),
('942284','2481023','124810230941214','','1','0',''),
('942284','2553843','125538430941214','','1','0',''),
('942284','2553844','125538440941214','','1','0',''),
('942284','2481022','224810220941214','','2','0',''),
('942284','2553843','225538430941214','','2','0','');
INSERT INTO transfers (from_stop_id,to_stop_id,transfer_type,min_transfer_time) VALUES
('4025065','4025317','2','63'),
('6217366','4025317','2','115'),
('6217367','4025317','2','130'),
('4025064','4025316','2','48'),
('4025313','6187542','2','134'),
('4025317','4025333','2','130'),
('4025317','4025332','2','63'),
('4025316','4025331','2','48'),
('4025317','4024281','2','130'),
('4025035','4025317','2','63'),
('4025047','4025316','2','48'),
('4025317','4024234','2','63'),
('4025317','4024233','2','130'),
('6195716','4025313','2','134'),
('6195716','4025314','2','85'),
('4025316','4024246','2','48'),
('4025034','4025317','2','130'),
('4025314','6187542','2','85');
INSERT INTO stops (stop_id,stop_code,stop_name,stop_desc,stop_lat,stop_lon,location_type,parent_station) VALUES
('4025317','','PLACE RICHELIEU','4 R MASSENA - 92063','48.8735575998732','2.1810899280979856','0',''),
('4025318','','GEORGE SAND','FACE 27 R CHARLES FLOQUET - 92063','48.87181646716275','2.1761496147937804','0',''),
('4025328','','COLLEGE LA MALMAISON.','FACE 2 AV DU CHATEAU DE MALMAISON - 92063','48.873406281292276','2.168964539448772','0',''),
('4025319','','TUCK STELL','FACE 3 AV DE VERSAILLES - 92063','48.86907011801131','2.1723435943572422','0',''),
('4025326','','BRETAGNE.','FACE 22 AV DE VERSAILLES - 92063','48.866592894513516','2.1682782686519344','0',''),
('4025313','','COLLEGE LA MALMAISON','FACE 2 AV DU CHATEAU DE MALMAISON - 92063','48.87355000092686','2.168909574612184','0',''),
('4025327','','TUCK STELL.','AV DE VERSAILLES - 92063','48.86905248253413','2.1725888716671746','0',''),
('4025314','','PLACE OSIRIS','AV DE L''IMPERATRICE JOSEPHINE - 92063','48.87464666124075','2.1690558873195704','0',''),
('4025315','','BOIS PREAU','FACE 4 AV DE L''IMPERATRICE JOSEPHINE - 92063','48.87480794188909','2.1751865752441937','0',''),
('4025324','','BERGERIE.','FACE 15-17 R DE LA BERGERIE - 92063','48.863214844858305','2.1628813934563875','0',''),
('4025316','','EGLISE DE RUEIL','FACE 4 R JEAN LE COZ - 92063','48.87584788739596','2.179965764284838','0',''),
('4025325','','BOIS SAINT-PERE.','FACE 38 AV DE VERSAILLES - 92063','48.8641002095578','2.1660523663679174','0',''),
('4025323','','LES PINCE-VINS','R DES PERVENCHES - 92063','48.8619959473294','2.1590987005596496','0',''),
('4025322','','BERGERIE','3 R DE LA BERGERIE - 92063','48.8634126465571','2.1629352160322277','0',''),
('4025321','','BOIS SAINT-PERE','38 AV DE VERSAILLES - 92063','48.8639739947258','2.1657803416691546','0',''),
('4025320','','BRETAGNE','14-16 AV DE VERSAILLES - 92063','48.866880605229554','2.1683590680822364','0','');
