INSERT INTO stop_times (trip_id,arrival_time,departure_time,stop_id,stop_sequence,stop_headsign,shape_dist_traveled) VALUES
('122893900881846','08:00:00','08:00:00','3755000','1','',''),
('122893900881846','08:01:00','08:01:00','3755001','2','',''),
('122893900881846','08:03:00','08:03:00','3755002','3','',''),
('122893900881846','08:07:00','08:07:00','3755003','4','',''),
('122893900881846','08:08:00','08:08:00','3755004','5','',''),
('122893900881846','08:10:00','08:10:00','3755005','6','',''),
('122893900881846','08:12:00','08:12:00','3755006','7','',''),
('122893900881846','08:16:00','08:16:00','3755007','8','',''),
('122893900881846','08:18:00','08:18:00','3755008','9','',''),
('122893900881846','08:19:00','08:19:00','3755009','10','',''),
('122893900881846','08:23:00','08:23:00','3755010','11','',''),
('122893900881846','08:26:00','08:26:00','3755011','12','',''),
('125338370881846','08:00:00','08:00:00','3755000','1','',''),
('125338370881846','08:01:00','08:01:00','3755001','2','',''),
('125338370881846','08:03:00','08:03:00','3755002','3','',''),
('125338370881846','08:07:00','08:07:00','3755003','4','',''),
('125338370881846','08:08:00','08:08:00','3755004','5','',''),
('125338370881846','08:10:00','08:10:00','3755005','6','',''),
('125338370881846','08:12:00','08:12:00','3755006','7','',''),
('125338370881846','08:16:00','08:16:00','3755007','8','',''),
('125338370881846','08:18:00','08:18:00','3755008','9','',''),
('125338370881846','08:19:00','08:19:00','3755009','10','',''),
('125338370881846','08:23:00','08:23:00','3755010','11','',''),
('125338370881846','08:26:00','08:26:00','3755011','12','',''),
('222893900881846','09:00:00','09:00:00','3755000','1','',''),
('222893900881846','09:01:00','09:01:00','3755001','2','',''),
('222893900881846','09:03:00','09:03:00','3755002','3','',''),
('222893900881846','09:07:00','09:07:00','3755003','4','',''),
('222893900881846','09:08:00','09:08:00','3755004','5','',''),
('222893900881846','09:10:00','09:10:00','3755005','6','',''),
('222893900881846','09:12:00','09:12:00','3755006','7','',''),
('222893900881846','09:16:00','09:16:00','3755007','8','',''),
('222893900881846','09:18:00','09:18:00','3755008','9','',''),
('222893900881846','09:19:00','09:19:00','3755009','10','',''),
('222893900881846','09:23:00','09:23:00','3755010','11','',''),
('222893900881846','09:26:00','09:26:00','3755011','12','',''),
('225338370881846','09:00:00','09:00:00','3755000','1','',''),
('225338370881846','09:01:00','09:01:00','3755001','2','',''),
('225338370881846','09:03:00','09:03:00','3755002','3','',''),
('225338370881846','09:07:00','09:07:00','3755003','4','',''),
('225338370881846','09:08:00','09:08:00','3755004','5','',''),
('225338370881846','09:10:00','09:10:00','3755005','6','',''),
('225338370881846','09:12:00','09:12:00','3755006','7','',''),
('225338370881846','09:16:00','09:16:00','3755007','8','',''),
('225338370881846','09:18:00','09:18:00','3755008','9','',''),
('225338370881846','09:19:00','09:19:00','3755009','10','',''),
('225338370881846','09:23:00','09:23:00','3755010','11','',''),
('225338370881846','09:26:00','09:26:00','3755011','12','',''),
('322893900881846','10:00:00','10:00:00','3755000','1','',''),
('322893900881846','10:01:00','10:01:00','3755001','2','',''),
('322893900881846','10:03:00','10:03:00','3755002','3','',''),
('322893900881846','10:07:00','10:07:00','3755003','4','',''),
('322893900881846','10:08:00','10:08:00','3755004','5','',''),
('322893900881846','10:10:00','10:10:00','3755005','6','',''),
('322893900881846','10:12:00','10:12:00','3755006','7','',''),
('322893900881846','10:16:00','10:16:00','3755007','8','',''),
('322893900881846','10:18:00','10:18:00','3755008','9','',''),
('322893900881846','10:19:00','10:19:00','3755009','10','',''),
('322893900881846','10:23:00','10:23:00','3755010','11','',''),
('322893900881846','10:26:00','10:26:00','3755011','12','',''),
('325338370881846','10:00:00','10:00:00','3755000','1','',''),
('325338370881846','10:01:00','10:01:00','3755001','2','',''),
('325338370881846','10:03:00','10:03:00','3755002','3','',''),
('325338370881846','10:07:00','10:07:00','3755003','4','',''),
('325338370881846','10:08:00','10:08:00','3755004','5','',''),
('325338370881846','10:10:00','10:10:00','3755005','6','',''),
('325338370881846','10:12:00','10:12:00','3755006','7','',''),
('325338370881846','10:16:00','10:16:00','3755007','8','',''),
('325338370881846','10:18:00','10:18:00','3755008','9','',''),
('325338370881846','10:19:00','10:19:00','3755009','10','',''),
('325338370881846','10:23:00','10:23:00','3755010','11','',''),
('325338370881846','10:26:00','10:26:00','3755011','12','',''),
('422893900881846','11:00:00','11:00:00','3755000','1','',''),
('422893900881846','11:01:00','11:01:00','3755001','2','',''),
('422893900881846','11:03:00','11:03:00','3755002','3','',''),
('422893900881846','11:07:00','11:07:00','3755003','4','',''),
('422893900881846','11:08:00','11:08:00','3755004','5','',''),
('422893900881846','11:10:00','11:10:00','3755005','6','',''),
('422893900881846','11:12:00','11:12:00','3755006','7','',''),
('422893900881846','11:16:00','11:16:00','3755007','8','',''),
('422893900881846','11:18:00','11:18:00','3755008','9','',''),
('422893900881846','11:19:00','11:19:00','3755009','10','',''),
('422893900881846','11:23:00','11:23:00','3755010','11','',''),
('422893900881846','11:26:00','11:26:00','3755011','12','',''),
('425338370881846','11:00:00','11:00:00','3755000','1','',''),
('425338370881846','11:01:00','11:01:00','3755001','2','',''),
('425338370881846','11:03:00','11:03:00','3755002','3','',''),
('425338370881846','11:07:00','11:07:00','3755003','4','',''),
('425338370881846','11:08:00','11:08:00','3755004','5','',''),
('425338370881846','11:10:00','11:10:00','3755005','6','',''),
('425338370881846','11:12:00','11:12:00','3755006','7','',''),
('425338370881846','11:16:00','11:16:00','3755007','8','',''),
('425338370881846','11:18:00','11:18:00','3755008','9','',''),
('425338370881846','11:19:00','11:19:00','3755009','10','',''),
('425338370881846','11:23:00','11:23:00','3755010','11','',''),
('425338370881846','11:26:00','11:26:00','3755011','12','',''),
('522893900881846','15:00:00','15:00:00','3755000','1','',''),
('522893900881846','15:01:00','15:01:00','3755001','2','',''),
('522893900881846','15:03:00','15:03:00','3755002','3','',''),
('522893900881846','15:07:00','15:07:00','3755003','4','',''),
('522893900881846','15:08:00','15:08:00','3755004','5','',''),
('522893900881846','15:10:00','15:10:00','3755005','6','',''),
('522893900881846','15:12:00','15:12:00','3755006','7','',''),
('522893900881846','15:16:00','15:16:00','3755007','8','',''),
('522893900881846','15:18:00','15:18:00','3755008','9','',''),
('522893900881846','15:19:00','15:19:00','3755009','10','',''),
('522893900881846','15:23:00','15:23:00','3755010','11','',''),
('522893900881846','15:26:00','15:26:00','3755011','12','',''),
('525338370881846','15:00:00','15:00:00','3755000','1','',''),
('525338370881846','15:01:00','15:01:00','3755001','2','',''),
('525338370881846','15:03:00','15:03:00','3755002','3','',''),
('525338370881846','15:07:00','15:07:00','3755003','4','',''),
('525338370881846','15:08:00','15:08:00','3755004','5','',''),
('525338370881846','15:10:00','15:10:00','3755005','6','',''),
('525338370881846','15:12:00','15:12:00','3755006','7','',''),
('525338370881846','15:16:00','15:16:00','3755007','8','',''),
('525338370881846','15:18:00','15:18:00','3755008','9','',''),
('525338370881846','15:19:00','15:19:00','3755009','10','',''),
('525338370881846','15:23:00','15:23:00','3755010','11','',''),
('525338370881846','15:26:00','15:26:00','3755011','12','',''),
('622893900881846','16:00:00','16:00:00','3755000','1','',''),
('622893900881846','16:01:00','16:01:00','3755001','2','',''),
('622893900881846','16:03:00','16:03:00','3755002','3','',''),
('622893900881846','16:07:00','16:07:00','3755003','4','',''),
('622893900881846','16:08:00','16:08:00','3755004','5','',''),
('622893900881846','16:10:00','16:10:00','3755005','6','',''),
('622893900881846','16:12:00','16:12:00','3755006','7','',''),
('622893900881846','16:16:00','16:16:00','3755007','8','',''),
('622893900881846','16:18:00','16:18:00','3755008','9','',''),
('622893900881846','16:19:00','16:19:00','3755009','10','',''),
('622893900881846','16:23:00','16:23:00','3755010','11','',''),
('622893900881846','16:26:00','16:26:00','3755011','12','',''),
('625338370881846','16:00:00','16:00:00','3755000','1','',''),
('625338370881846','16:01:00','16:01:00','3755001','2','',''),
('625338370881846','16:03:00','16:03:00','3755002','3','',''),
('625338370881846','16:07:00','16:07:00','3755003','4','',''),
('625338370881846','16:08:00','16:08:00','3755004','5','',''),
('625338370881846','16:10:00','16:10:00','3755005','6','',''),
('625338370881846','16:12:00','16:12:00','3755006','7','',''),
('625338370881846','16:16:00','16:16:00','3755007','8','',''),
('625338370881846','16:18:00','16:18:00','3755008','9','',''),
('625338370881846','16:19:00','16:19:00','3755009','10','',''),
('625338370881846','16:23:00','16:23:00','3755010','11','',''),
('625338370881846','16:26:00','16:26:00','3755011','12','',''),
('722893900881846','17:00:00','17:00:00','3755000','1','',''),
('722893900881846','17:01:00','17:01:00','3755001','2','',''),
('722893900881846','17:03:00','17:03:00','3755002','3','',''),
('722893900881846','17:07:00','17:07:00','3755003','4','',''),
('722893900881846','17:08:00','17:08:00','3755004','5','',''),
('722893900881846','17:10:00','17:10:00','3755005','6','',''),
('722893900881846','17:12:00','17:12:00','3755006','7','',''),
('722893900881846','17:16:00','17:16:00','3755007','8','',''),
('722893900881846','17:18:00','17:18:00','3755008','9','',''),
('722893900881846','17:19:00','17:19:00','3755009','10','',''),
('722893900881846','17:23:00','17:23:00','3755010','11','',''),
('722893900881846','17:26:00','17:26:00','3755011','12','',''),
('725338370881846','17:00:00','17:00:00','3755000','1','',''),
('725338370881846','17:01:00','17:01:00','3755001','2','',''),
('725338370881846','17:03:00','17:03:00','3755002','3','',''),
('725338370881846','17:07:00','17:07:00','3755003','4','',''),
('725338370881846','17:08:00','17:08:00','3755004','5','',''),
('725338370881846','17:10:00','17:10:00','3755005','6','',''),
('725338370881846','17:12:00','17:12:00','3755006','7','',''),
('725338370881846','17:16:00','17:16:00','3755007','8','',''),
('725338370881846','17:18:00','17:18:00','3755008','9','',''),
('725338370881846','17:19:00','17:19:00','3755009','10','',''),
('725338370881846','17:23:00','17:23:00','3755010','11','',''),
('725338370881846','17:26:00','17:26:00','3755011','12','',''),
('822893900881846','18:00:00','18:00:00','3755000','1','',''),
('822893900881846','18:01:00','18:01:00','3755001','2','',''),
('822893900881846','18:03:00','18:03:00','3755002','3','',''),
('822893900881846','18:07:00','18:07:00','3755003','4','',''),
('822893900881846','18:08:00','18:08:00','3755004','5','',''),
('822893900881846','18:10:00','18:10:00','3755005','6','',''),
('822893900881846','18:12:00','18:12:00','3755006','7','',''),
('822893900881846','18:16:00','18:16:00','3755007','8','',''),
('822893900881846','18:18:00','18:18:00','3755008','9','',''),
('822893900881846','18:19:00','18:19:00','3755009','10','',''),
('822893900881846','18:23:00','18:23:00','3755010','11','',''),
('822893900881846','18:26:00','18:26:00','3755011','12','',''),
('825338370881846','18:00:00','18:00:00','3755000','1','',''),
('825338370881846','18:01:00','18:01:00','3755001','2','',''),
('825338370881846','18:03:00','18:03:00','3755002','3','',''),
('825338370881846','18:07:00','18:07:00','3755003','4','',''),
('825338370881846','18:08:00','18:08:00','3755004','5','',''),
('825338370881846','18:10:00','18:10:00','3755005','6','',''),
('825338370881846','18:12:00','18:12:00','3755006','7','',''),
('825338370881846','18:16:00','18:16:00','3755007','8','',''),
('825338370881846','18:18:00','18:18:00','3755008','9','',''),
('825338370881846','18:19:00','18:19:00','3755009','10','',''),
('825338370881846','18:23:00','18:23:00','3755010','11','',''),
('825338370881846','18:26:00','18:26:00','3755011','12','',''),
('122893910881847','08:26:00','08:26:00','3755012','1','',''),
('122893910881847','08:31:00','08:31:00','3755013','2','',''),
('122893910881847','08:33:00','08:33:00','3755014','3','',''),
('122893910881847','08:34:00','08:34:00','3755015','4','',''),
('122893910881847','08:36:00','08:36:00','3755016','5','',''),
('122893910881847','08:38:00','08:38:00','3755017','6','',''),
('122893910881847','08:39:00','08:39:00','3755018','7','',''),
('122893910881847','08:41:00','08:41:00','3755019','8','',''),
('122893910881847','08:45:00','08:45:00','3755020','9','',''),
('122893910881847','08:46:00','08:46:00','3755021','10','',''),
('122893910881847','08:47:00','08:47:00','3755022','11','',''),
('122893910881847','08:48:00','08:48:00','3755023','12','',''),
('122893910881847','08:49:00','08:49:00','3755024','13','',''),
('122893910881847','08:52:00','08:52:00','3755025','14','',''),
('125338380881847','08:26:00','08:26:00','3755012','1','',''),
('125338380881847','08:31:00','08:31:00','3755013','2','',''),
('125338380881847','08:33:00','08:33:00','3755014','3','',''),
('125338380881847','08:34:00','08:34:00','3755015','4','',''),
('125338380881847','08:36:00','08:36:00','3755016','5','',''),
('125338380881847','08:38:00','08:38:00','3755017','6','',''),
('125338380881847','08:39:00','08:39:00','3755018','7','',''),
('125338380881847','08:41:00','08:41:00','3755019','8','',''),
('125338380881847','08:45:00','08:45:00','3755020','9','',''),
('125338380881847','08:46:00','08:46:00','3755021','10','',''),
('125338380881847','08:47:00','08:47:00','3755022','11','',''),
('125338380881847','08:48:00','08:48:00','3755023','12','',''),
('125338380881847','08:49:00','08:49:00','3755024','13','',''),
('125338380881847','08:52:00','08:52:00','3755025','14','',''),
('222893910881847','09:26:00','09:26:00','3755012','1','',''),
('222893910881847','09:31:00','09:31:00','3755013','2','',''),
('222893910881847','09:33:00','09:33:00','3755014','3','',''),
('222893910881847','09:34:00','09:34:00','3755015','4','',''),
('222893910881847','09:36:00','09:36:00','3755016','5','',''),
('222893910881847','09:38:00','09:38:00','3755017','6','',''),
('222893910881847','09:39:00','09:39:00','3755018','7','',''),
('222893910881847','09:41:00','09:41:00','3755019','8','',''),
('222893910881847','09:45:00','09:45:00','3755020','9','',''),
('222893910881847','09:46:00','09:46:00','3755021','10','',''),
('222893910881847','09:47:00','09:47:00','3755022','11','',''),
('222893910881847','09:48:00','09:48:00','3755023','12','',''),
('222893910881847','09:49:00','09:49:00','3755024','13','',''),
('222893910881847','09:52:00','09:52:00','3755025','14','',''),
('225338380881847','09:26:00','09:26:00','3755012','1','',''),
('225338380881847','09:31:00','09:31:00','3755013','2','',''),
('225338380881847','09:33:00','09:33:00','3755014','3','',''),
('225338380881847','09:34:00','09:34:00','3755015','4','',''),
('225338380881847','09:36:00','09:36:00','3755016','5','',''),
('225338380881847','09:38:00','09:38:00','3755017','6','',''),
('225338380881847','09:39:00','09:39:00','3755018','7','',''),
('225338380881847','09:41:00','09:41:00','3755019','8','',''),
('225338380881847','09:45:00','09:45:00','3755020','9','',''),
('225338380881847','09:46:00','09:46:00','3755021','10','',''),
('225338380881847','09:47:00','09:47:00','3755022','11','',''),
('225338380881847','09:48:00','09:48:00','3755023','12','',''),
('225338380881847','09:49:00','09:49:00','3755024','13','',''),
('225338380881847','09:52:00','09:52:00','3755025','14','',''),
('322893910881847','10:26:00','10:26:00','3755012','1','',''),
('322893910881847','10:31:00','10:31:00','3755013','2','',''),
('322893910881847','10:33:00','10:33:00','3755014','3','',''),
('322893910881847','10:34:00','10:34:00','3755015','4','',''),
('322893910881847','10:36:00','10:36:00','3755016','5','',''),
('322893910881847','10:38:00','10:38:00','3755017','6','',''),
('322893910881847','10:39:00','10:39:00','3755018','7','',''),
('322893910881847','10:41:00','10:41:00','3755019','8','',''),
('322893910881847','10:45:00','10:45:00','3755020','9','',''),
('322893910881847','10:46:00','10:46:00','3755021','10','',''),
('322893910881847','10:47:00','10:47:00','3755022','11','',''),
('322893910881847','10:48:00','10:48:00','3755023','12','',''),
('322893910881847','10:49:00','10:49:00','3755024','13','',''),
('322893910881847','10:52:00','10:52:00','3755025','14','',''),
('325338380881847','10:26:00','10:26:00','3755012','1','',''),
('325338380881847','10:31:00','10:31:00','3755013','2','',''),
('325338380881847','10:33:00','10:33:00','3755014','3','',''),
('325338380881847','10:34:00','10:34:00','3755015','4','',''),
('325338380881847','10:36:00','10:36:00','3755016','5','',''),
('325338380881847','10:38:00','10:38:00','3755017','6','',''),
('325338380881847','10:39:00','10:39:00','3755018','7','',''),
('325338380881847','10:41:00','10:41:00','3755019','8','',''),
('325338380881847','10:45:00','10:45:00','3755020','9','',''),
('325338380881847','10:46:00','10:46:00','3755021','10','',''),
('325338380881847','10:47:00','10:47:00','3755022','11','',''),
('325338380881847','10:48:00','10:48:00','3755023','12','',''),
('325338380881847','10:49:00','10:49:00','3755024','13','',''),
('325338380881847','10:52:00','10:52:00','3755025','14','',''),
('422893910881847','11:26:00','11:26:00','3755012','1','',''),
('422893910881847','11:31:00','11:31:00','3755013','2','',''),
('422893910881847','11:33:00','11:33:00','3755014','3','',''),
('422893910881847','11:34:00','11:34:00','3755015','4','',''),
('422893910881847','11:36:00','11:36:00','3755016','5','',''),
('422893910881847','11:38:00','11:38:00','3755017','6','',''),
('422893910881847','11:39:00','11:39:00','3755018','7','',''),
('422893910881847','11:41:00','11:41:00','3755019','8','',''),
('422893910881847','11:45:00','11:45:00','3755020','9','',''),
('422893910881847','11:46:00','11:46:00','3755021','10','',''),
('422893910881847','11:47:00','11:47:00','3755022','11','',''),
('422893910881847','11:48:00','11:48:00','3755023','12','',''),
('422893910881847','11:49:00','11:49:00','3755024','13','',''),
('422893910881847','11:52:00','11:52:00','3755025','14','',''),
('425338380881847','11:26:00','11:26:00','3755012','1','',''),
('425338380881847','11:31:00','11:31:00','3755013','2','',''),
('425338380881847','11:33:00','11:33:00','3755014','3','',''),
('425338380881847','11:34:00','11:34:00','3755015','4','',''),
('425338380881847','11:36:00','11:36:00','3755016','5','',''),
('425338380881847','11:38:00','11:38:00','3755017','6','',''),
('425338380881847','11:39:00','11:39:00','3755018','7','',''),
('425338380881847','11:41:00','11:41:00','3755019','8','',''),
('425338380881847','11:45:00','11:45:00','3755020','9','',''),
('425338380881847','11:46:00','11:46:00','3755021','10','',''),
('425338380881847','11:47:00','11:47:00','3755022','11','',''),
('425338380881847','11:48:00','11:48:00','3755023','12','',''),
('425338380881847','11:49:00','11:49:00','3755024','13','',''),
('425338380881847','11:52:00','11:52:00','3755025','14','',''),
('522893910881847','15:26:00','15:26:00','3755012','1','',''),
('522893910881847','15:31:00','15:31:00','3755013','2','',''),
('522893910881847','15:33:00','15:33:00','3755014','3','',''),
('522893910881847','15:34:00','15:34:00','3755015','4','',''),
('522893910881847','15:36:00','15:36:00','3755016','5','',''),
('522893910881847','15:38:00','15:38:00','3755017','6','',''),
('522893910881847','15:39:00','15:39:00','3755018','7','',''),
('522893910881847','15:41:00','15:41:00','3755019','8','',''),
('522893910881847','15:45:00','15:45:00','3755020','9','',''),
('522893910881847','15:46:00','15:46:00','3755021','10','',''),
('522893910881847','15:47:00','15:47:00','3755022','11','',''),
('522893910881847','15:48:00','15:48:00','3755023','12','',''),
('522893910881847','15:49:00','15:49:00','3755024','13','',''),
('522893910881847','15:52:00','15:52:00','3755025','14','',''),
('525338380881847','15:26:00','15:26:00','3755012','1','',''),
('525338380881847','15:31:00','15:31:00','3755013','2','',''),
('525338380881847','15:33:00','15:33:00','3755014','3','',''),
('525338380881847','15:34:00','15:34:00','3755015','4','',''),
('525338380881847','15:36:00','15:36:00','3755016','5','',''),
('525338380881847','15:38:00','15:38:00','3755017','6','',''),
('525338380881847','15:39:00','15:39:00','3755018','7','',''),
('525338380881847','15:41:00','15:41:00','3755019','8','',''),
('525338380881847','15:45:00','15:45:00','3755020','9','',''),
('525338380881847','15:46:00','15:46:00','3755021','10','',''),
('525338380881847','15:47:00','15:47:00','3755022','11','',''),
('525338380881847','15:48:00','15:48:00','3755023','12','',''),
('525338380881847','15:49:00','15:49:00','3755024','13','',''),
('525338380881847','15:52:00','15:52:00','3755025','14','',''),
('622893910881847','16:26:00','16:26:00','3755012','1','',''),
('622893910881847','16:31:00','16:31:00','3755013','2','',''),
('622893910881847','16:33:00','16:33:00','3755014','3','',''),
('622893910881847','16:34:00','16:34:00','3755015','4','',''),
('622893910881847','16:36:00','16:36:00','3755016','5','',''),
('622893910881847','16:38:00','16:38:00','3755017','6','',''),
('622893910881847','16:39:00','16:39:00','3755018','7','',''),
('622893910881847','16:41:00','16:41:00','3755019','8','',''),
('622893910881847','16:45:00','16:45:00','3755020','9','',''),
('622893910881847','16:46:00','16:46:00','3755021','10','',''),
('622893910881847','16:47:00','16:47:00','3755022','11','',''),
('622893910881847','16:48:00','16:48:00','3755023','12','',''),
('622893910881847','16:49:00','16:49:00','3755024','13','',''),
('622893910881847','16:52:00','16:52:00','3755025','14','',''),
('625338380881847','16:26:00','16:26:00','3755012','1','',''),
('625338380881847','16:31:00','16:31:00','3755013','2','',''),
('625338380881847','16:33:00','16:33:00','3755014','3','',''),
('625338380881847','16:34:00','16:34:00','3755015','4','',''),
('625338380881847','16:36:00','16:36:00','3755016','5','',''),
('625338380881847','16:38:00','16:38:00','3755017','6','',''),
('625338380881847','16:39:00','16:39:00','3755018','7','',''),
('625338380881847','16:41:00','16:41:00','3755019','8','',''),
('625338380881847','16:45:00','16:45:00','3755020','9','',''),
('625338380881847','16:46:00','16:46:00','3755021','10','',''),
('625338380881847','16:47:00','16:47:00','3755022','11','',''),
('625338380881847','16:48:00','16:48:00','3755023','12','',''),
('625338380881847','16:49:00','16:49:00','3755024','13','',''),
('625338380881847','16:52:00','16:52:00','3755025','14','',''),
('722893910881847','17:26:00','17:26:00','3755012','1','',''),
('722893910881847','17:31:00','17:31:00','3755013','2','',''),
('722893910881847','17:33:00','17:33:00','3755014','3','',''),
('722893910881847','17:34:00','17:34:00','3755015','4','',''),
('722893910881847','17:36:00','17:36:00','3755016','5','',''),
('722893910881847','17:38:00','17:38:00','3755017','6','',''),
('722893910881847','17:39:00','17:39:00','3755018','7','',''),
('722893910881847','17:41:00','17:41:00','3755019','8','',''),
('722893910881847','17:45:00','17:45:00','3755020','9','',''),
('722893910881847','17:46:00','17:46:00','3755021','10','',''),
('722893910881847','17:47:00','17:47:00','3755022','11','',''),
('722893910881847','17:48:00','17:48:00','3755023','12','',''),
('722893910881847','17:49:00','17:49:00','3755024','13','',''),
('722893910881847','17:52:00','17:52:00','3755025','14','',''),
('725338380881847','17:26:00','17:26:00','3755012','1','',''),
('725338380881847','17:31:00','17:31:00','3755013','2','',''),
('725338380881847','17:33:00','17:33:00','3755014','3','',''),
('725338380881847','17:34:00','17:34:00','3755015','4','',''),
('725338380881847','17:36:00','17:36:00','3755016','5','',''),
('725338380881847','17:38:00','17:38:00','3755017','6','',''),
('725338380881847','17:39:00','17:39:00','3755018','7','',''),
('725338380881847','17:41:00','17:41:00','3755019','8','',''),
('725338380881847','17:45:00','17:45:00','3755020','9','',''),
('725338380881847','17:46:00','17:46:00','3755021','10','',''),
('725338380881847','17:47:00','17:47:00','3755022','11','',''),
('725338380881847','17:48:00','17:48:00','3755023','12','',''),
('725338380881847','17:49:00','17:49:00','3755024','13','',''),
('725338380881847','17:52:00','17:52:00','3755025','14','',''),
('822893910881847','18:26:00','18:26:00','3755012','1','',''),
('822893910881847','18:31:00','18:31:00','3755013','2','',''),
('822893910881847','18:33:00','18:33:00','3755014','3','',''),
('822893910881847','18:34:00','18:34:00','3755015','4','',''),
('822893910881847','18:36:00','18:36:00','3755016','5','',''),
('822893910881847','18:38:00','18:38:00','3755017','6','',''),
('822893910881847','18:39:00','18:39:00','3755018','7','',''),
('822893910881847','18:41:00','18:41:00','3755019','8','',''),
('822893910881847','18:45:00','18:45:00','3755020','9','',''),
('822893910881847','18:46:00','18:46:00','3755021','10','',''),
('822893910881847','18:47:00','18:47:00','3755022','11','',''),
('822893910881847','18:48:00','18:48:00','3755023','12','',''),
('822893910881847','18:49:00','18:49:00','3755024','13','',''),
('822893910881847','18:52:00','18:52:00','3755025','14','',''),
('825338380881847','18:26:00','18:26:00','3755012','1','',''),
('825338380881847','18:31:00','18:31:00','3755013','2','',''),
('825338380881847','18:33:00','18:33:00','3755014','3','',''),
('825338380881847','18:34:00','18:34:00','3755015','4','',''),
('825338380881847','18:36:00','18:36:00','3755016','5','',''),
('825338380881847','18:38:00','18:38:00','3755017','6','',''),
('825338380881847','18:39:00','18:39:00','3755018','7','',''),
('825338380881847','18:41:00','18:41:00','3755019','8','',''),
('825338380881847','18:45:00','18:45:00','3755020','9','',''),
('825338380881847','18:46:00','18:46:00','3755021','10','',''),
('825338380881847','18:47:00','18:47:00','3755022','11','',''),
('825338380881847','18:48:00','18:48:00','3755023','12','',''),
('825338380881847','18:49:00','18:49:00','3755024','13','',''),
('825338380881847','18:52:00','18:52:00','3755025','14','','');
INSERT INTO calendar (service_id,monday,tuesday,wednesday,thursday,friday,saturday,sunday,start_date,end_date) VALUES
('2533838','0','0','0','0','0','0','0','20180102','20180228'),
('2533837','0','0','0','0','0','0','0','20180102','20180228'),
('2289390','0','0','0','0','0','0','0','20171221','20171229'),
('2289391','0','0','0','0','0','0','0','20171221','20171229');
INSERT INTO calendar_dates (service_id,date,exception_type) VALUES
('2533838','20180102','1'),
('2533838','20180103','1'),
('2533838','20180104','1'),
('2533838','20180105','1'),
('2533838','20180108','1'),
('2533838','20180109','1'),
('2533838','20180110','1'),
('2533838','20180111','1'),
('2533838','20180112','1'),
('2533838','20180115','1'),
('2533838','20180116','1'),
('2533838','20180117','1'),
('2533838','20180118','1'),
('2533838','20180119','1'),
('2533838','20180122','1'),
('2533838','20180123','1'),
('2533838','20180124','1'),
('2533838','20180125','1'),
('2533838','20180126','1'),
('2533838','20180129','1'),
('2533838','20180130','1'),
('2533838','20180131','1'),
('2533838','20180201','1'),
('2533838','20180202','1'),
('2533838','20180205','1'),
('2533838','20180206','1'),
('2533838','20180207','1'),
('2533838','20180208','1'),
('2533838','20180209','1'),
('2533838','20180212','1'),
('2533838','20180213','1'),
('2533838','20180214','1'),
('2533838','20180215','1'),
('2533838','20180216','1'),
('2533838','20180219','1'),
('2533838','20180220','1'),
('2533838','20180221','1'),
('2533838','20180222','1'),
('2533838','20180223','1'),
('2533838','20180226','1'),
('2533838','20180227','1'),
('2533838','20180228','1'),
('2533837','20180102','1'),
('2533837','20180103','1'),
('2533837','20180104','1'),
('2533837','20180105','1'),
('2533837','20180108','1'),
('2533837','20180109','1'),
('2533837','20180110','1'),
('2533837','20180111','1'),
('2533837','20180112','1'),
('2533837','20180115','1'),
('2533837','20180116','1'),
('2533837','20180117','1'),
('2533837','20180118','1'),
('2533837','20180119','1'),
('2533837','20180122','1'),
('2533837','20180123','1'),
('2533837','20180124','1'),
('2533837','20180125','1'),
('2533837','20180126','1'),
('2533837','20180129','1'),
('2533837','20180130','1'),
('2533837','20180131','1'),
('2533837','20180201','1'),
('2533837','20180202','1'),
('2533837','20180205','1'),
('2533837','20180206','1'),
('2533837','20180207','1'),
('2533837','20180208','1'),
('2533837','20180209','1'),
('2533837','20180212','1'),
('2533837','20180213','1'),
('2533837','20180214','1'),
('2533837','20180215','1'),
('2533837','20180216','1'),
('2533837','20180219','1'),
('2533837','20180220','1'),
('2533837','20180221','1'),
('2533837','20180222','1'),
('2533837','20180223','1'),
('2533837','20180226','1'),
('2533837','20180227','1'),
('2533837','20180228','1'),
('2289390','20171221','1'),
('2289390','20171222','1'),
('2289390','20171226','1'),
('2289390','20171227','1'),
('2289390','20171228','1'),
('2289390','20171229','1'),
('2289391','20171221','1'),
('2289391','20171222','1'),
('2289391','20171226','1'),
('2289391','20171227','1'),
('2289391','20171228','1'),
('2289391','20171229','1');
INSERT INTO routes (route_id,agency_id,route_short_name,route_long_name,route_desc,route_type,route_url,route_color,route_text_color) VALUES
('1773655','100','562','V4 (CIRCULAIRE <-> HOTEL DE VILLE - CENTRE) - Aller','','3','','FFFFFF','000000'),
('884827','100','562','V4 (CIRCULAIRE <-> HOTEL DE VILLE - CENTRE) - Aller','','3','','FFFFFF','000000');
INSERT INTO agency (agency_id,agency_name,agency_url,agency_timezone,agency_lang,agency_phone) VALUES
('100','RATP (100)','http://www.ratp.fr/','CET','','');
INSERT INTO trips (route_id,service_id,trip_id,trip_headsign,trip_short_name,direction_id,shape_id) VALUES
('1773655','2289390','122893900881846','','1','0',''),
('1773655','2533837','125338370881846','','1','0',''),
('1773655','2289390','222893900881846','','2','0',''),
('1773655','2533837','225338370881846','','2','0',''),
('1773655','2289390','322893900881846','','3','0',''),
('1773655','2533837','325338370881846','','3','0',''),
('1773655','2289390','422893900881846','','4','0',''),
('1773655','2533837','425338370881846','','4','0',''),
('1773655','2289390','522893900881846','','5','0',''),
('1773655','2533837','525338370881846','','5','0',''),
('1773655','2289390','622893900881846','','6','0',''),
('1773655','2533837','625338370881846','','6','0',''),
('1773655','2289390','722893900881846','','7','0',''),
('1773655','2533837','725338370881846','','7','0',''),
('1773655','2289390','822893900881846','','8','0',''),
('1773655','2533837','825338370881846','','8','0',''),
('884827','2289391','122893910881847','','1','0',''),
('884827','2533838','125338380881847','','1','0',''),
('884827','2289391','222893910881847','','2','0',''),
('884827','2533838','225338380881847','','2','0',''),
('884827','2289391','322893910881847','','3','0',''),
('884827','2533838','325338380881847','','3','0',''),
('884827','2289391','422893910881847','','4','0',''),
('884827','2533838','425338380881847','','4','0',''),
('884827','2289391','522893910881847','','5','0',''),
('884827','2533838','525338380881847','','5','0',''),
('884827','2289391','622893910881847','','6','0',''),
('884827','2533838','625338380881847','','6','0',''),
('884827','2289391','722893910881847','','7','0',''),
('884827','2533838','725338380881847','','7','0',''),
('884827','2289391','822893910881847','','8','0',''),
('884827','2533838','825338380881847','','8','0','');
INSERT INTO transfers (from_stop_id,to_stop_id,transfer_type,min_transfer_time) VALUES
('3755012','4770154','2','50'),
('3755012','6446088','2','113'),
('3755020','4890502','2','87'),
('3755012','6446087','2','99'),
('3755023','3926325','2','72'),
('3755022','3926326','2','92'),
('3755022','3926327','2','44'),
('3755016','4472964','2','120'),
('3755020','4890501','2','140'),
('3755020','4890603','2','140'),
('3755021','4293196','2','142'),
('3755023','3926328','2','92'),
('3755025','4770154','2','40'),
('3755025','4770155','2','36'),
('3755021','4293197','2','84'),
('3755023','3926327','2','136'),
('3730334','3755020','2','87'),
('3755001','4458783','2','126'),
('3755011','4472969','2','40'),
('3755013','6446071','2','119'),
('4473591','3755008','2','108'),
('4473581','3755020','2','119'),
('3755000','4293189','2','50'),
('3755025','4124827','2','122'),
('3755012','4124827','2','113'),
('2097','3755017','2','268'),
('4473653','3755008','2','42'),
('3755012','4770155','2','45'),
('4473583','3755020','2','20'),
('3755008','5161529','2','14'),
('3755000','4293190','2','45'),
('3755008','5161528','2','42'),
('4473587','3755000','2','45'),
('3755005','3786106','2','42'),
('3755000','6446087','2','99'),
('3755000','6446088','2','113'),
('4473654','3755008','2','108'),
('4473592','3755001','2','134'),
('3755025','4293190','2','36'),
('3755014','6446090','2','134'),
('4473652','3755009','2','13'),
('3755008','4472968','2','78'),
('3755000','4770155','2','45'),
('3755009','4472970','2','13'),
('3755000','4770154','2','50'),
('3755008','4472967','2','87'),
('3755008','4770153','2','78'),
('4473592','3755008','2','99'),
('3755016','4770149','2','120'),
('3755008','4770152','2','87'),
('4473652','3755012','2','45'),
('3755004','3786070','2','42'),
('3755004','3786115','2','42'),
('4473652','3755011','2','36'),
('3755011','4472970','2','36'),
('3755012','4293190','2','45'),
('3755012','6446069','2','99'),
('4473588','3755000','2','50'),
('3755011','6446088','2','122'),
('3755012','4472970','2','45'),
('3755014','6446089','2','116'),
('4473648','3755020','2','119'),
('3755011','6446087','2','109'),
('3755020','4472973','2','87'),
('3755000','5161527','2','50'),
('3755013','4472966','2','101'),
('3755000','5161526','2','45'),
('3755025','5161527','2','40'),
('3755021','4770156','2','126'),
('3755025','5161526','2','36'),
('4473652','3755000','2','45'),
('3755013','6446091','2','119'),
('3755001','4472968','2','117'),
('3755013','6446092','2','96'),
('3755001','4472967','2','126'),
('3755022','4293192','2','92'),
('3755022','4293193','2','44'),
('3755013','4124825','2','96'),
('3755013','4472965','2','119'),
('3755008','4293187','2','14'),
('3755008','4293188','2','42'),
('3755008','4458783','2','87'),
('3755021','3926330','2','126'),
('3755014','6446070','2','116'),
('3755009','5161526','2','13'),
('4473588','3755012','2','50'),
('4473588','3755011','2','40'),
('3755003','4458800','2','52'),
('3755012','5161526','2','45'),
('3755012','5161527','2','50'),
('3755000','4124827','2','113'),
('3755025','6446087','2','109'),
('4473590','3755008','2','14'),
('3755025','6446088','2','122'),
('3755023','3754319','2','72'),
('4473590','3755001','2','28'),
('3755003','4458784','2','103'),
('3755012','4293189','2','50'),
('3755011','4293190','2','36'),
('3755014','4124826','2','134'),
('3755006','4293185','2','100'),
('3755023','4293191','2','72'),
('3755023','4293193','2','136'),
('3755023','4293194','2','92'),
('3755020','5161522','2','20'),
('3755006','4458800','2','100'),
('3755003','4293186','2','103'),
('3755003','3786071','2','107'),
('3755011','4770154','2','40'),
('3755011','4293189','2','40'),
('3755011','4770155','2','36'),
('3755006','5161531','2','100'),
('4473588','3755025','2','40'),
('3755020','3763981','2','87'),
('3755020','3763980','2','140'),
('3755013','4770151','2','101'),
('3755011','6446069','2','109'),
('3755013','4770150','2','119'),
('3755023','3970613','2','92'),
('3755003','4293185','2','52'),
('3755001','4293187','2','28'),
('3755013','4458802','2','119'),
('3755025','4472969','2','40'),
('3755000','4472970','2','45'),
('3755022','3970594','2','44'),
('3755012','4472969','2','50'),
('3755011','5161527','2','40'),
('3755011','5161526','2','36'),
('3755006','3786062','2','107'),
('3755003','5161531','2','52'),
('3730333','3755020','2','140'),
('3755003','5161530','2','103'),
('4473586','3755021','2','126'),
('3755025','4472970','2','36'),
('3755025','6446069','2','109'),
('3755022','3970598','2','26'),
('3755021','4472971','2','126'),
('3755016','4458781','2','120'),
('3755009','4293190','2','13'),
('3755005','3786061','2','42'),
('3755000','4472969','2','50'),
('3755020','4036898','2','140'),
('3755020','4036899','2','87'),
('3755020','4889625','2','140'),
('3755001','4770153','2','117'),
('3755020','4889626','2','87'),
('3755001','4770152','2','126'),
('4473587','3755011','2','36'),
('4473587','3755012','2','45'),
('3755006','3786107','2','107'),
('4473587','3755009','2','13'),
('4473589','3755008','2','42'),
('3755001','5161529','2','28'),
('3755003','3786116','2','107'),
('4473652','3755025','2','36'),
('3755025','4293189','2','40'),
('3755001','4458801','2','117'),
('3755020','4770158','2','87'),
('2047','3755017','2','268'),
('3755023','3970598','2','118'),
('4473587','3755025','2','36'),
('3755009','4770155','2','13'),
('3755013','4458782','2','101'),
('3755011','4124827','2','122'),
('3755023','3970594','2','136'),
('3755021','5161525','2','126'),
('3755023','3970593','2','72'),
('3755008','4458801','2','78'),
('3755000','6446069','2','99'),
('4473621','3755020','2','117');
INSERT INTO stops (stop_id,stop_code,stop_name,stop_desc,stop_lat,stop_lon,location_type,parent_station) VALUES
('3755010','','HENRI BARBUSSE','FACE 54 R HENRI BARBUSSE - 94003','48.808895686141355','2.3385337926160976','0',''),
('3755012','','HOTEL DE VILLE - CENTRE','10 AV PAUL DOUMER - 94003','48.80624429579577','2.3373091071086356','0',''),
('3755011','','HOTEL DE VILLE - CENTRE.','10 AV PAUL DOUMER - 94003','48.80632518597072','2.3372138588206237','0',''),
('3755018','','CENTRE DE SANTE','3 R DU 8 MAI 1945 - 94003','48.80322418145762','2.3301659022563097','0',''),
('3755017','','CACHAN RER','33 R DU 8 MAI 1945 - 94003','48.80046482066427','2.328683292966661','0',''),
('3755019','','CROIX D''ARCUEIL','FACE 49 R BERTHOLLET - 94003','48.80460821685429','2.3288186737090397','0',''),
('3755014','','BIBLIOTHEQUE','99 R MARIUS SIDOBRE - 94003','48.80494103002888','2.3343836978404418','0',''),
('3755013','','MAISON DES GARDES','60 R DE LA CONVENTION - 94003','48.802703062005584','2.334288579763723','0',''),
('3755016','','EMILE RASPAIL','FACE 18 R EMILE RASPAIL - 94003','48.800779567729215','2.3315675980405737','0',''),
('3755015','','LA POSTE','75 R MARIUS SIDOBRE - 94003','48.804266904296085','2.333036704314496','0',''),
('3755001','','MAISON DU GRAND CEDRE','10 AV PAUL VAILLANT COUTURIER - 94003','48.80320641374882','2.3381118633136007','0',''),
('3755000','','HOTEL DE VILLE - CENTRE','10 AV PAUL DOUMER - 94003','48.80624429579577','2.3373091071086356','0',''),
('3755023','','BENOIT MALON','FACE 111 AVENUE JEAN JAURES - 94003','48.810864014533315','2.3375132336532727','0',''),
('3755022','','CHAPERON VERT','88 AVENUE JEAN JAURES - 94003','48.81092692369328','2.3361115979106186','0',''),
('3755021','','LENINE','FACE 50 AVENUE LAPLACE - 94003','48.808562977830384','2.3309408008390324','0',''),
('3755020','','VACHE NOIRE - CENTRE COMMERCIAL','AV LAPLACE - 94003','48.80980304722781','2.3273617927425523','0',''),
('3755009','','HOTEL DE VILLE D''ARCUEIL','9-11 AVENUE PAUL DOUMER - 94003','48.80669368515831','2.336941718396992','0',''),
('3755008','','MAISON DU GRAND CEDRE.','AVENUE PAUL VAILLANT COUTURIER - 94003','48.802810947528144','2.3383703705758205','0',''),
('3755025','','HOTEL DE VILLE - CENTRE.','10 AV PAUL DOUMER - 94003','48.80632518597072','2.3372138588206237','0',''),
('3755007','','COLONEL FABIEN.','17 R DU COLONEL FABIEN - 94003','48.800015729149955','2.3386424155420005','0',''),
('3755006','','QUATRE CHEMINS','78 AVENUE GABRIEL PERI - 94003','48.80095032441843','2.3431866783482422','0',''),
('3755024','','HENRI BARBUSSE','FACE 54 R HENRI BARBUSSE - 94003','48.808895686141355','2.3385337926160976','0',''),
('3755005','','RICARDO','FACE AU 13 AVENUE GABRIEL PERI - 94003','48.80251420048116','2.343309310300123','0',''),
('3755004','','RICARDO - LE PLATEAU','FACE AU 197 AVENUE GABRIEL PERI - 94003','48.80261303302782','2.3439351949817233','0',''),
('3755003','','QUATRE CHEMINS - PAULINE KERGOMARD','AVENUE GABRIEL PERI - 94003','48.8000245336086','2.344002888128499','0',''),
('3755002','','COLONEL FABIEN','R DU COLONEL FABIEN - 94003','48.799916863516266','2.3385879919691916','0','');
