INSERT INTO stop_times (trip_id,arrival_time,departure_time,stop_id,stop_sequence,stop_headsign,shape_dist_traveled) VALUES
('125454811367680','07:10:00','07:10:00','4274389','1','',''),
('125454811367680','07:11:00','07:11:00','4274390','2','',''),
('125454811367680','07:12:00','07:12:00','4274391','3','',''),
('125454811367680','07:13:00','07:13:00','4274392','4','',''),
('125454811367680','07:14:00','07:14:00','4274393','5','',''),
('125454811367680','07:15:00','07:15:00','4274394','6','',''),
('125454811367680','07:17:00','07:17:00','4274395','7','',''),
('125454811367680','07:18:00','07:18:00','4274396','8','',''),
('125454811367680','07:20:00','07:20:00','4274397','9','',''),
('125454811367680','07:22:00','07:22:00','4274398','10','',''),
('125454811367680','07:24:00','07:24:00','4274399','11','',''),
('125454811367680','07:27:00','07:27:00','4274400','12','',''),
('125454811367680','07:30:00','07:30:00','4274401','13','',''),
('125454811367680','07:31:00','07:31:00','4274402','14','',''),
('125454811367680','07:33:00','07:33:00','4274403','15','',''),
('125454811367680','07:34:00','07:34:00','4274404','16','',''),
('125454811367680','07:35:00','07:35:00','4274405','17','',''),
('125454811367680','07:37:00','07:37:00','4274406','18','',''),
('125454811367680','07:38:00','07:38:00','4274407','19','',''),
('125454811367680','07:41:00','07:41:00','4274408','20','',''),
('125454811367680','07:44:00','07:44:00','4274409','21','',''),
('125454811367680','07:48:00','07:48:00','4274410','22','',''),
('125454811367680','07:49:00','07:49:00','4274411','23','',''),
('125454811367680','07:52:00','07:52:00','4274412','24','',''),
('125454811367680','07:55:00','07:55:00','4274413','25','',''),
('125454811367680','07:57:00','07:57:00','4274414','26','',''),
('125454811367680','08:03:00','08:03:00','4274415','27','',''),
('125454811367680','08:06:00','08:06:00','4274416','28','',''),
('125454811367680','08:06:00','08:06:00','4274417','29','',''),
('125454811367680','08:08:00','08:08:00','4274418','30','',''),
('125454811367680','08:10:00','08:10:00','4274419','31','',''),
('125454811367680','08:11:00','08:11:00','4274420','32','',''),
('125454811367680','08:12:00','08:12:00','4274421','33','',''),
('125454811367680','08:13:00','08:13:00','4274422','34','',''),
('125454811367680','08:15:00','08:15:00','4274423','35','',''),
('125454811367680','08:18:00','08:18:00','4274424','36','',''),
('125454821367680','08:30:00','08:30:00','4274389','1','',''),
('125454821367680','08:31:00','08:31:00','4274390','2','',''),
('125454821367680','08:32:00','08:32:00','4274391','3','',''),
('125454821367680','08:33:00','08:33:00','4274392','4','',''),
('125454821367680','08:34:00','08:34:00','4274393','5','',''),
('125454821367680','08:35:00','08:35:00','4274394','6','',''),
('125454821367680','08:37:00','08:37:00','4274395','7','',''),
('125454821367680','08:38:00','08:38:00','4274396','8','',''),
('125454821367680','08:40:00','08:40:00','4274397','9','',''),
('125454821367680','08:42:00','08:42:00','4274398','10','',''),
('125454821367680','08:44:00','08:44:00','4274399','11','',''),
('125454821367680','08:47:00','08:47:00','4274400','12','',''),
('125454821367680','08:50:00','08:50:00','4274401','13','',''),
('125454821367680','08:51:00','08:51:00','4274402','14','',''),
('125454821367680','08:53:00','08:53:00','4274403','15','',''),
('125454821367680','08:54:00','08:54:00','4274404','16','',''),
('125454821367680','08:55:00','08:55:00','4274405','17','',''),
('125454821367680','08:57:00','08:57:00','4274406','18','',''),
('125454821367680','08:58:00','08:58:00','4274407','19','',''),
('125454821367680','09:01:00','09:01:00','4274408','20','',''),
('125454821367680','09:04:00','09:04:00','4274409','21','',''),
('125454821367680','09:08:00','09:08:00','4274410','22','',''),
('125454821367680','09:09:00','09:09:00','4274411','23','',''),
('125454821367680','09:13:00','09:13:00','4274412','24','',''),
('125454821367680','09:16:00','09:16:00','4274413','25','',''),
('125454821367680','09:20:00','09:20:00','4274414','26','',''),
('125454821367680','09:27:00','09:27:00','4274415','27','',''),
('125454821367680','09:30:00','09:30:00','4274416','28','',''),
('125454821367680','09:30:00','09:30:00','4274417','29','',''),
('125454821367680','09:32:00','09:32:00','4274418','30','',''),
('125454821367680','09:34:00','09:34:00','4274419','31','',''),
('125454821367680','09:35:00','09:35:00','4274420','32','',''),
('125454821367680','09:36:00','09:36:00','4274421','33','',''),
('125454821367680','09:37:00','09:37:00','4274422','34','',''),
('125454821367680','09:39:00','09:39:00','4274423','35','',''),
('125454821367680','09:42:00','09:42:00','4274424','36','',''),
('225454811367680','08:20:00','08:20:00','4274389','1','',''),
('225454811367680','08:21:00','08:21:00','4274390','2','',''),
('225454811367680','08:22:00','08:22:00','4274391','3','',''),
('225454811367680','08:23:00','08:23:00','4274392','4','',''),
('225454811367680','08:24:00','08:24:00','4274393','5','',''),
('225454811367680','08:25:00','08:25:00','4274394','6','',''),
('225454811367680','08:27:00','08:27:00','4274395','7','',''),
('225454811367680','08:28:00','08:28:00','4274396','8','',''),
('225454811367680','08:30:00','08:30:00','4274397','9','',''),
('225454811367680','08:32:00','08:32:00','4274398','10','',''),
('225454811367680','08:34:00','08:34:00','4274399','11','',''),
('225454811367680','08:37:00','08:37:00','4274400','12','',''),
('225454811367680','08:40:00','08:40:00','4274401','13','',''),
('225454811367680','08:41:00','08:41:00','4274402','14','',''),
('225454811367680','08:43:00','08:43:00','4274403','15','',''),
('225454811367680','08:44:00','08:44:00','4274404','16','',''),
('225454811367680','08:45:00','08:45:00','4274405','17','',''),
('225454811367680','08:47:00','08:47:00','4274406','18','',''),
('225454811367680','08:48:00','08:48:00','4274407','19','',''),
('225454811367680','08:51:00','08:51:00','4274408','20','',''),
('225454811367680','08:54:00','08:54:00','4274409','21','',''),
('225454811367680','08:58:00','08:58:00','4274410','22','',''),
('225454811367680','08:59:00','08:59:00','4274411','23','',''),
('225454811367680','09:02:00','09:02:00','4274412','24','',''),
('225454811367680','09:05:00','09:05:00','4274413','25','',''),
('225454811367680','09:09:00','09:09:00','4274414','26','',''),
('225454811367680','09:15:00','09:15:00','4274415','27','',''),
('225454811367680','09:18:00','09:18:00','4274416','28','',''),
('225454811367680','09:18:00','09:18:00','4274417','29','',''),
('225454811367680','09:20:00','09:20:00','4274418','30','',''),
('225454811367680','09:22:00','09:22:00','4274419','31','',''),
('225454811367680','09:23:00','09:23:00','4274420','32','',''),
('225454811367680','09:24:00','09:24:00','4274421','33','',''),
('225454811367680','09:25:00','09:25:00','4274422','34','',''),
('225454811367680','09:27:00','09:27:00','4274423','35','',''),
('225454811367680','09:30:00','09:30:00','4274424','36','',''),
('225454821367680','09:45:00','09:45:00','4274389','1','',''),
('225454821367680','09:46:00','09:46:00','4274390','2','',''),
('225454821367680','09:47:00','09:47:00','4274391','3','',''),
('225454821367680','09:48:00','09:48:00','4274392','4','',''),
('225454821367680','09:49:00','09:49:00','4274393','5','',''),
('225454821367680','09:50:00','09:50:00','4274394','6','',''),
('225454821367680','09:52:00','09:52:00','4274395','7','',''),
('225454821367680','09:53:00','09:53:00','4274396','8','',''),
('225454821367680','09:55:00','09:55:00','4274397','9','',''),
('225454821367680','09:57:00','09:57:00','4274398','10','',''),
('225454821367680','09:59:00','09:59:00','4274399','11','',''),
('225454821367680','10:02:00','10:02:00','4274400','12','',''),
('225454821367680','10:05:00','10:05:00','4274401','13','',''),
('225454821367680','10:06:00','10:06:00','4274402','14','',''),
('225454821367680','10:08:00','10:08:00','4274403','15','',''),
('225454821367680','10:09:00','10:09:00','4274404','16','',''),
('225454821367680','10:10:00','10:10:00','4274405','17','',''),
('225454821367680','10:12:00','10:12:00','4274406','18','',''),
('225454821367680','10:13:00','10:13:00','4274407','19','',''),
('225454821367680','10:16:00','10:16:00','4274408','20','',''),
('225454821367680','10:19:00','10:19:00','4274409','21','',''),
('225454821367680','10:23:00','10:23:00','4274410','22','',''),
('225454821367680','10:24:00','10:24:00','4274411','23','',''),
('225454821367680','10:28:00','10:28:00','4274412','24','',''),
('225454821367680','10:31:00','10:31:00','4274413','25','',''),
('225454821367680','10:35:00','10:35:00','4274414','26','',''),
('225454821367680','10:42:00','10:42:00','4274415','27','',''),
('225454821367680','10:45:00','10:45:00','4274416','28','',''),
('225454821367680','10:45:00','10:45:00','4274417','29','',''),
('225454821367680','10:47:00','10:47:00','4274418','30','',''),
('225454821367680','10:49:00','10:49:00','4274419','31','',''),
('225454821367680','10:50:00','10:50:00','4274420','32','',''),
('225454821367680','10:51:00','10:51:00','4274421','33','',''),
('225454821367680','10:52:00','10:52:00','4274422','34','',''),
('225454821367680','10:54:00','10:54:00','4274423','35','',''),
('225454821367680','10:57:00','10:57:00','4274424','36','',''),
('325454811367680','09:35:00','09:35:00','4274389','1','',''),
('325454811367680','09:36:00','09:36:00','4274390','2','',''),
('325454811367680','09:37:00','09:37:00','4274391','3','',''),
('325454811367680','09:38:00','09:38:00','4274392','4','',''),
('325454811367680','09:39:00','09:39:00','4274393','5','',''),
('325454811367680','09:40:00','09:40:00','4274394','6','',''),
('325454811367680','09:42:00','09:42:00','4274395','7','',''),
('325454811367680','09:43:00','09:43:00','4274396','8','',''),
('325454811367680','09:45:00','09:45:00','4274397','9','',''),
('325454811367680','09:47:00','09:47:00','4274398','10','',''),
('325454811367680','09:49:00','09:49:00','4274399','11','',''),
('325454811367680','09:52:00','09:52:00','4274400','12','',''),
('325454811367680','09:55:00','09:55:00','4274401','13','',''),
('325454811367680','09:56:00','09:56:00','4274402','14','',''),
('325454811367680','09:58:00','09:58:00','4274403','15','',''),
('325454811367680','09:59:00','09:59:00','4274404','16','',''),
('325454811367680','10:00:00','10:00:00','4274405','17','',''),
('325454811367680','10:02:00','10:02:00','4274406','18','',''),
('325454811367680','10:03:00','10:03:00','4274407','19','',''),
('325454811367680','10:06:00','10:06:00','4274408','20','',''),
('325454811367680','10:09:00','10:09:00','4274409','21','',''),
('325454811367680','10:13:00','10:13:00','4274410','22','',''),
('325454811367680','10:14:00','10:14:00','4274411','23','',''),
('325454811367680','10:17:00','10:17:00','4274412','24','',''),
('325454811367680','10:21:00','10:21:00','4274413','25','',''),
('325454811367680','10:24:00','10:24:00','4274414','26','',''),
('325454811367680','10:31:00','10:31:00','4274415','27','',''),
('325454811367680','10:34:00','10:34:00','4274416','28','',''),
('325454811367680','10:34:00','10:34:00','4274417','29','',''),
('325454811367680','10:36:00','10:36:00','4274418','30','',''),
('325454811367680','10:38:00','10:38:00','4274419','31','',''),
('325454811367680','10:39:00','10:39:00','4274420','32','',''),
('325454811367680','10:40:00','10:40:00','4274421','33','',''),
('325454811367680','10:41:00','10:41:00','4274422','34','',''),
('325454811367680','10:43:00','10:43:00','4274423','35','',''),
('325454811367680','10:46:00','10:46:00','4274424','36','',''),
('325454821367680','11:00:00','11:00:00','4274389','1','',''),
('325454821367680','11:01:00','11:01:00','4274390','2','',''),
('325454821367680','11:02:00','11:02:00','4274391','3','',''),
('325454821367680','11:03:00','11:03:00','4274392','4','',''),
('325454821367680','11:04:00','11:04:00','4274393','5','',''),
('325454821367680','11:05:00','11:05:00','4274394','6','',''),
('325454821367680','11:07:00','11:07:00','4274395','7','',''),
('325454821367680','11:08:00','11:08:00','4274396','8','',''),
('325454821367680','11:10:00','11:10:00','4274397','9','',''),
('325454821367680','11:12:00','11:12:00','4274398','10','',''),
('325454821367680','11:14:00','11:14:00','4274399','11','',''),
('325454821367680','11:17:00','11:17:00','4274400','12','',''),
('325454821367680','11:20:00','11:20:00','4274401','13','',''),
('325454821367680','11:21:00','11:21:00','4274402','14','',''),
('325454821367680','11:23:00','11:23:00','4274403','15','',''),
('325454821367680','11:24:00','11:24:00','4274404','16','',''),
('325454821367680','11:25:00','11:25:00','4274405','17','',''),
('325454821367680','11:27:00','11:27:00','4274406','18','',''),
('325454821367680','11:28:00','11:28:00','4274407','19','',''),
('325454821367680','11:31:00','11:31:00','4274408','20','',''),
('325454821367680','11:34:00','11:34:00','4274409','21','',''),
('325454821367680','11:38:00','11:38:00','4274410','22','',''),
('325454821367680','11:39:00','11:39:00','4274411','23','',''),
('325454821367680','11:43:00','11:43:00','4274412','24','',''),
('325454821367680','11:46:00','11:46:00','4274413','25','',''),
('325454821367680','11:50:00','11:50:00','4274414','26','',''),
('325454821367680','11:57:00','11:57:00','4274415','27','',''),
('325454821367680','12:00:00','12:00:00','4274416','28','',''),
('325454821367680','12:00:00','12:00:00','4274417','29','',''),
('325454821367680','12:02:00','12:02:00','4274418','30','',''),
('325454821367680','12:04:00','12:04:00','4274419','31','',''),
('325454821367680','12:05:00','12:05:00','4274420','32','',''),
('325454821367680','12:06:00','12:06:00','4274421','33','',''),
('325454821367680','12:07:00','12:07:00','4274422','34','',''),
('325454821367680','12:09:00','12:09:00','4274423','35','',''),
('325454821367680','12:12:00','12:12:00','4274424','36','',''),
('425454811367680','10:50:00','10:50:00','4274389','1','',''),
('425454811367680','10:51:00','10:51:00','4274390','2','',''),
('425454811367680','10:52:00','10:52:00','4274391','3','',''),
('425454811367680','10:53:00','10:53:00','4274392','4','',''),
('425454811367680','10:54:00','10:54:00','4274393','5','',''),
('425454811367680','10:55:00','10:55:00','4274394','6','',''),
('425454811367680','10:57:00','10:57:00','4274395','7','',''),
('425454811367680','10:58:00','10:58:00','4274396','8','',''),
('425454811367680','11:00:00','11:00:00','4274397','9','',''),
('425454811367680','11:02:00','11:02:00','4274398','10','',''),
('425454811367680','11:04:00','11:04:00','4274399','11','',''),
('425454811367680','11:07:00','11:07:00','4274400','12','',''),
('425454811367680','11:10:00','11:10:00','4274401','13','',''),
('425454811367680','11:11:00','11:11:00','4274402','14','',''),
('425454811367680','11:13:00','11:13:00','4274403','15','',''),
('425454811367680','11:14:00','11:14:00','4274404','16','',''),
('425454811367680','11:15:00','11:15:00','4274405','17','',''),
('425454811367680','11:17:00','11:17:00','4274406','18','',''),
('425454811367680','11:18:00','11:18:00','4274407','19','',''),
('425454811367680','11:21:00','11:21:00','4274408','20','',''),
('425454811367680','11:24:00','11:24:00','4274409','21','',''),
('425454811367680','11:28:00','11:28:00','4274410','22','',''),
('425454811367680','11:29:00','11:29:00','4274411','23','',''),
('425454811367680','11:32:00','11:32:00','4274412','24','',''),
('425454811367680','11:36:00','11:36:00','4274413','25','',''),
('425454811367680','11:39:00','11:39:00','4274414','26','',''),
('425454811367680','11:46:00','11:46:00','4274415','27','',''),
('425454811367680','11:49:00','11:49:00','4274416','28','',''),
('425454811367680','11:49:00','11:49:00','4274417','29','',''),
('425454811367680','11:51:00','11:51:00','4274418','30','',''),
('425454811367680','11:53:00','11:53:00','4274419','31','',''),
('425454811367680','11:54:00','11:54:00','4274420','32','',''),
('425454811367680','11:55:00','11:55:00','4274421','33','',''),
('425454811367680','11:56:00','11:56:00','4274422','34','',''),
('425454811367680','11:58:00','11:58:00','4274423','35','',''),
('425454811367680','12:01:00','12:01:00','4274424','36','',''),
('425454821367680','12:15:00','12:15:00','4274389','1','',''),
('425454821367680','12:16:00','12:16:00','4274390','2','',''),
('425454821367680','12:17:00','12:17:00','4274391','3','',''),
('425454821367680','12:18:00','12:18:00','4274392','4','',''),
('425454821367680','12:19:00','12:19:00','4274393','5','',''),
('425454821367680','12:20:00','12:20:00','4274394','6','',''),
('425454821367680','12:22:00','12:22:00','4274395','7','',''),
('425454821367680','12:23:00','12:23:00','4274396','8','',''),
('425454821367680','12:25:00','12:25:00','4274397','9','',''),
('425454821367680','12:27:00','12:27:00','4274398','10','',''),
('425454821367680','12:29:00','12:29:00','4274399','11','',''),
('425454821367680','12:32:00','12:32:00','4274400','12','',''),
('425454821367680','12:35:00','12:35:00','4274401','13','',''),
('425454821367680','12:36:00','12:36:00','4274402','14','',''),
('425454821367680','12:38:00','12:38:00','4274403','15','',''),
('425454821367680','12:39:00','12:39:00','4274404','16','',''),
('425454821367680','12:40:00','12:40:00','4274405','17','',''),
('425454821367680','12:42:00','12:42:00','4274406','18','',''),
('425454821367680','12:43:00','12:43:00','4274407','19','',''),
('425454821367680','12:46:00','12:46:00','4274408','20','',''),
('425454821367680','12:49:00','12:49:00','4274409','21','',''),
('425454821367680','12:53:00','12:53:00','4274410','22','',''),
('425454821367680','12:54:00','12:54:00','4274411','23','',''),
('425454821367680','12:57:00','12:57:00','4274412','24','',''),
('425454821367680','12:59:00','12:59:00','4274413','25','',''),
('425454821367680','13:02:00','13:02:00','4274414','26','',''),
('425454821367680','13:07:00','13:07:00','4274415','27','',''),
('425454821367680','13:10:00','13:10:00','4274416','28','',''),
('425454821367680','13:10:00','13:10:00','4274417','29','',''),
('425454821367680','13:12:00','13:12:00','4274418','30','',''),
('425454821367680','13:14:00','13:14:00','4274419','31','',''),
('425454821367680','13:15:00','13:15:00','4274420','32','',''),
('425454821367680','13:16:00','13:16:00','4274421','33','',''),
('425454821367680','13:17:00','13:17:00','4274422','34','',''),
('425454821367680','13:19:00','13:19:00','4274423','35','',''),
('425454821367680','13:22:00','13:22:00','4274424','36','',''),
('525454811367680','13:40:00','13:40:00','4274389','1','',''),
('525454811367680','13:41:00','13:41:00','4274390','2','',''),
('525454811367680','13:42:00','13:42:00','4274391','3','',''),
('525454811367680','13:43:00','13:43:00','4274392','4','',''),
('525454811367680','13:44:00','13:44:00','4274393','5','',''),
('525454811367680','13:45:00','13:45:00','4274394','6','',''),
('525454811367680','13:47:00','13:47:00','4274395','7','',''),
('525454811367680','13:48:00','13:48:00','4274396','8','',''),
('525454811367680','13:50:00','13:50:00','4274397','9','',''),
('525454811367680','13:52:00','13:52:00','4274398','10','',''),
('525454811367680','13:54:00','13:54:00','4274399','11','',''),
('525454811367680','13:57:00','13:57:00','4274400','12','',''),
('525454811367680','14:00:00','14:00:00','4274401','13','',''),
('525454811367680','14:01:00','14:01:00','4274402','14','',''),
('525454811367680','14:03:00','14:03:00','4274403','15','',''),
('525454811367680','14:04:00','14:04:00','4274404','16','',''),
('525454811367680','14:05:00','14:05:00','4274405','17','',''),
('525454811367680','14:07:00','14:07:00','4274406','18','',''),
('525454811367680','14:08:00','14:08:00','4274407','19','',''),
('525454811367680','14:11:00','14:11:00','4274408','20','',''),
('525454811367680','14:14:00','14:14:00','4274409','21','',''),
('525454811367680','14:18:00','14:18:00','4274410','22','',''),
('525454811367680','14:19:00','14:19:00','4274411','23','',''),
('525454811367680','14:23:00','14:23:00','4274412','24','',''),
('525454811367680','14:26:00','14:26:00','4274413','25','',''),
('525454811367680','14:30:00','14:30:00','4274414','26','',''),
('525454811367680','14:37:00','14:37:00','4274415','27','',''),
('525454811367680','14:40:00','14:40:00','4274416','28','',''),
('525454811367680','14:40:00','14:40:00','4274417','29','',''),
('525454811367680','14:42:00','14:42:00','4274418','30','',''),
('525454811367680','14:44:00','14:44:00','4274419','31','',''),
('525454811367680','14:45:00','14:45:00','4274420','32','',''),
('525454811367680','14:46:00','14:46:00','4274421','33','',''),
('525454811367680','14:47:00','14:47:00','4274422','34','',''),
('525454811367680','14:49:00','14:49:00','4274423','35','',''),
('525454811367680','14:52:00','14:52:00','4274424','36','',''),
('625454811367680','14:55:00','14:55:00','4274389','1','',''),
('625454811367680','14:56:00','14:56:00','4274390','2','',''),
('625454811367680','14:57:00','14:57:00','4274391','3','',''),
('625454811367680','14:58:00','14:58:00','4274392','4','',''),
('625454811367680','14:59:00','14:59:00','4274393','5','',''),
('625454811367680','15:00:00','15:00:00','4274394','6','',''),
('625454811367680','15:02:00','15:02:00','4274395','7','',''),
('625454811367680','15:03:00','15:03:00','4274396','8','',''),
('625454811367680','15:05:00','15:05:00','4274397','9','',''),
('625454811367680','15:07:00','15:07:00','4274398','10','',''),
('625454811367680','15:09:00','15:09:00','4274399','11','',''),
('625454811367680','15:12:00','15:12:00','4274400','12','',''),
('625454811367680','15:15:00','15:15:00','4274401','13','',''),
('625454811367680','15:16:00','15:16:00','4274402','14','',''),
('625454811367680','15:18:00','15:18:00','4274403','15','',''),
('625454811367680','15:19:00','15:19:00','4274404','16','',''),
('625454811367680','15:20:00','15:20:00','4274405','17','',''),
('625454811367680','15:22:00','15:22:00','4274406','18','',''),
('625454811367680','15:23:00','15:23:00','4274407','19','',''),
('625454811367680','15:26:00','15:26:00','4274408','20','',''),
('625454811367680','15:29:00','15:29:00','4274409','21','',''),
('625454811367680','15:33:00','15:33:00','4274410','22','',''),
('625454811367680','15:34:00','15:34:00','4274411','23','',''),
('625454811367680','15:38:00','15:38:00','4274412','24','',''),
('625454811367680','15:41:00','15:41:00','4274413','25','',''),
('625454811367680','15:45:00','15:45:00','4274414','26','',''),
('625454811367680','15:52:00','15:52:00','4274415','27','',''),
('625454811367680','15:55:00','15:55:00','4274416','28','',''),
('625454811367680','15:55:00','15:55:00','4274417','29','',''),
('625454811367680','15:57:00','15:57:00','4274418','30','',''),
('625454811367680','15:59:00','15:59:00','4274419','31','',''),
('625454811367680','16:00:00','16:00:00','4274420','32','',''),
('625454811367680','16:01:00','16:01:00','4274421','33','',''),
('625454811367680','16:02:00','16:02:00','4274422','34','',''),
('625454811367680','16:04:00','16:04:00','4274423','35','',''),
('625454811367680','16:07:00','16:07:00','4274424','36','',''),
('725454811367680','16:10:00','16:10:00','4274389','1','',''),
('725454811367680','16:11:00','16:11:00','4274390','2','',''),
('725454811367680','16:12:00','16:12:00','4274391','3','',''),
('725454811367680','16:13:00','16:13:00','4274392','4','',''),
('725454811367680','16:14:00','16:14:00','4274393','5','',''),
('725454811367680','16:15:00','16:15:00','4274394','6','',''),
('725454811367680','16:17:00','16:17:00','4274395','7','',''),
('725454811367680','16:18:00','16:18:00','4274396','8','',''),
('725454811367680','16:20:00','16:20:00','4274397','9','',''),
('725454811367680','16:22:00','16:22:00','4274398','10','',''),
('725454811367680','16:24:00','16:24:00','4274399','11','',''),
('725454811367680','16:27:00','16:27:00','4274400','12','',''),
('725454811367680','16:30:00','16:30:00','4274401','13','',''),
('725454811367680','16:31:00','16:31:00','4274402','14','',''),
('725454811367680','16:33:00','16:33:00','4274403','15','',''),
('725454811367680','16:34:00','16:34:00','4274404','16','',''),
('725454811367680','16:35:00','16:35:00','4274405','17','',''),
('725454811367680','16:37:00','16:37:00','4274406','18','',''),
('725454811367680','16:38:00','16:38:00','4274407','19','',''),
('725454811367680','16:41:00','16:41:00','4274408','20','',''),
('725454811367680','16:44:00','16:44:00','4274409','21','',''),
('725454811367680','16:48:00','16:48:00','4274410','22','',''),
('725454811367680','16:49:00','16:49:00','4274411','23','',''),
('725454811367680','16:53:00','16:53:00','4274412','24','',''),
('725454811367680','16:56:00','16:56:00','4274413','25','',''),
('725454811367680','17:00:00','17:00:00','4274414','26','',''),
('725454811367680','17:07:00','17:07:00','4274415','27','',''),
('725454811367680','17:10:00','17:10:00','4274416','28','',''),
('725454811367680','17:10:00','17:10:00','4274417','29','',''),
('725454811367680','17:12:00','17:12:00','4274418','30','',''),
('725454811367680','17:14:00','17:14:00','4274419','31','',''),
('725454811367680','17:15:00','17:15:00','4274420','32','',''),
('725454811367680','17:16:00','17:16:00','4274421','33','',''),
('725454811367680','17:17:00','17:17:00','4274422','34','',''),
('725454811367680','17:19:00','17:19:00','4274423','35','',''),
('725454811367680','17:22:00','17:22:00','4274424','36','',''),
('825454811367680','17:25:00','17:25:00','4274389','1','',''),
('825454811367680','17:26:00','17:26:00','4274390','2','',''),
('825454811367680','17:27:00','17:27:00','4274391','3','',''),
('825454811367680','17:28:00','17:28:00','4274392','4','',''),
('825454811367680','17:29:00','17:29:00','4274393','5','',''),
('825454811367680','17:30:00','17:30:00','4274394','6','',''),
('825454811367680','17:32:00','17:32:00','4274395','7','',''),
('825454811367680','17:33:00','17:33:00','4274396','8','',''),
('825454811367680','17:35:00','17:35:00','4274397','9','',''),
('825454811367680','17:37:00','17:37:00','4274398','10','',''),
('825454811367680','17:39:00','17:39:00','4274399','11','',''),
('825454811367680','17:42:00','17:42:00','4274400','12','',''),
('825454811367680','17:45:00','17:45:00','4274401','13','',''),
('825454811367680','17:46:00','17:46:00','4274402','14','',''),
('825454811367680','17:48:00','17:48:00','4274403','15','',''),
('825454811367680','17:49:00','17:49:00','4274404','16','',''),
('825454811367680','17:50:00','17:50:00','4274405','17','',''),
('825454811367680','17:52:00','17:52:00','4274406','18','',''),
('825454811367680','17:53:00','17:53:00','4274407','19','',''),
('825454811367680','17:56:00','17:56:00','4274408','20','',''),
('825454811367680','17:59:00','17:59:00','4274409','21','',''),
('825454811367680','18:03:00','18:03:00','4274410','22','',''),
('825454811367680','18:04:00','18:04:00','4274411','23','',''),
('825454811367680','18:08:00','18:08:00','4274412','24','',''),
('825454811367680','18:11:00','18:11:00','4274413','25','',''),
('825454811367680','18:15:00','18:15:00','4274414','26','',''),
('825454811367680','18:22:00','18:22:00','4274415','27','',''),
('825454811367680','18:25:00','18:25:00','4274416','28','',''),
('825454811367680','18:25:00','18:25:00','4274417','29','',''),
('825454811367680','18:27:00','18:27:00','4274418','30','',''),
('825454811367680','18:29:00','18:29:00','4274419','31','',''),
('825454811367680','18:30:00','18:30:00','4274420','32','',''),
('825454811367680','18:31:00','18:31:00','4274421','33','',''),
('825454811367680','18:32:00','18:32:00','4274422','34','',''),
('825454811367680','18:34:00','18:34:00','4274423','35','',''),
('825454811367680','18:37:00','18:37:00','4274424','36','',''),
('125454791367679','12:05:00','12:05:00','4377974','1','',''),
('125454791367679','12:06:00','12:06:00','4377976','2','',''),
('125454791367679','12:07:00','12:07:00','4377978','3','',''),
('125454791367679','12:08:00','12:08:00','4377980','4','',''),
('125454791367679','12:09:00','12:09:00','4377981','5','',''),
('125454791367679','12:10:00','12:10:00','4377983','6','',''),
('125454791367679','12:12:00','12:12:00','4377985','7','',''),
('125454791367679','12:13:00','12:13:00','4377987','8','',''),
('125454791367679','12:15:00','12:15:00','4377989','9','',''),
('125454791367679','12:17:00','12:17:00','4377991','10','',''),
('125454791367679','12:19:00','12:19:00','4377992','11','',''),
('125454791367679','12:22:00','12:22:00','4377994','12','',''),
('125454791367679','12:25:00','12:25:00','4377996','13','',''),
('125454791367679','12:26:00','12:26:00','4377997','14','',''),
('125454791367679','12:28:00','12:28:00','4377999','15','',''),
('125454791367679','12:29:00','12:29:00','4378001','16','',''),
('125454791367679','12:30:00','12:30:00','4378003','17','',''),
('125454791367679','12:32:00','12:32:00','4378005','18','',''),
('125454791367679','12:33:00','12:33:00','4378007','19','',''),
('125454791367679','12:36:00','12:36:00','4378009','20','',''),
('125454791367679','12:39:00','12:39:00','4378011','21','',''),
('125454791367679','12:42:00','12:42:00','4378013','22','',''),
('125454791367679','12:44:00','12:44:00','4378014','23','',''),
('125454791367679','12:47:00','12:47:00','4378016','24','',''),
('125454791367679','12:49:00','12:49:00','4378018','25','',''),
('125454791367679','12:52:00','12:52:00','4378020','26','',''),
('125454791367679','12:57:00','12:57:00','4378022','27','',''),
('125454791367679','13:00:00','13:00:00','4378024','28','',''),
('125454791367679','13:00:00','13:00:00','4378026','29','',''),
('125454791367679','13:02:00','13:02:00','4378028','30','',''),
('125454791367679','13:04:00','13:04:00','4378030','31','',''),
('125454791367679','13:05:00','13:05:00','4378032','32','',''),
('125454791367679','13:06:00','13:06:00','4378034','33','',''),
('125454791367679','13:07:00','13:07:00','4378036','34','',''),
('125454791367679','13:09:00','13:09:00','4378037','35','',''),
('125454791367679','13:11:00','13:11:00','4378038','36','',''),
('225454791367679','18:40:00','18:40:00','4377974','1','',''),
('225454791367679','18:41:00','18:41:00','4377976','2','',''),
('225454791367679','18:42:00','18:42:00','4377978','3','',''),
('225454791367679','18:43:00','18:43:00','4377980','4','',''),
('225454791367679','18:44:00','18:44:00','4377981','5','',''),
('225454791367679','18:45:00','18:45:00','4377983','6','',''),
('225454791367679','18:47:00','18:47:00','4377985','7','',''),
('225454791367679','18:48:00','18:48:00','4377987','8','',''),
('225454791367679','18:50:00','18:50:00','4377989','9','',''),
('225454791367679','18:52:00','18:52:00','4377991','10','',''),
('225454791367679','18:54:00','18:54:00','4377992','11','',''),
('225454791367679','18:57:00','18:57:00','4377994','12','',''),
('225454791367679','19:00:00','19:00:00','4377996','13','',''),
('225454791367679','19:01:00','19:01:00','4377997','14','',''),
('225454791367679','19:03:00','19:03:00','4377999','15','',''),
('225454791367679','19:04:00','19:04:00','4378001','16','',''),
('225454791367679','19:05:00','19:05:00','4378003','17','',''),
('225454791367679','19:07:00','19:07:00','4378005','18','',''),
('225454791367679','19:08:00','19:08:00','4378007','19','',''),
('225454791367679','19:11:00','19:11:00','4378009','20','',''),
('225454791367679','19:14:00','19:14:00','4378011','21','',''),
('225454791367679','19:17:00','19:17:00','4378013','22','',''),
('225454791367679','19:19:00','19:19:00','4378014','23','',''),
('225454791367679','19:21:00','19:21:00','4378016','24','',''),
('225454791367679','19:23:00','19:23:00','4378018','25','',''),
('225454791367679','19:25:00','19:25:00','4378020','26','',''),
('225454791367679','19:29:00','19:29:00','4378022','27','',''),
('225454791367679','19:32:00','19:32:00','4378024','28','',''),
('225454791367679','19:32:00','19:32:00','4378026','29','',''),
('225454791367679','19:34:00','19:34:00','4378028','30','',''),
('225454791367679','19:36:00','19:36:00','4378030','31','',''),
('225454791367679','19:37:00','19:37:00','4378032','32','',''),
('225454791367679','19:38:00','19:38:00','4378034','33','',''),
('225454791367679','19:39:00','19:39:00','4378036','34','',''),
('225454791367679','19:41:00','19:41:00','4378037','35','',''),
('225454791367679','19:43:00','19:43:00','4378038','36','',''),
('125454791367677','07:25:00','07:25:00','4378023','1','',''),
('125454791367677','07:28:00','07:28:00','4378019','2','',''),
('125454791367677','07:29:00','07:29:00','4378017','3','',''),
('125454791367677','07:31:00','07:31:00','4378015','4','',''),
('125454791367677','07:34:00','07:34:00','4378042','5','',''),
('125454791367677','07:37:00','07:37:00','4378012','6','',''),
('125454791367677','07:39:00','07:39:00','4378010','7','',''),
('125454791367677','07:43:00','07:43:00','4378008','8','',''),
('125454791367677','07:44:00','07:44:00','4378006','9','',''),
('125454791367677','07:46:00','07:46:00','4378004','10','',''),
('125454791367677','07:48:00','07:48:00','4378002','11','',''),
('125454791367677','07:49:00','07:49:00','4378000','12','',''),
('125454791367677','07:50:00','07:50:00','4377998','13','',''),
('125454791367677','07:52:00','07:52:00','4378043','14','',''),
('125454791367677','07:54:00','07:54:00','4377995','15','',''),
('125454791367677','07:57:00','07:57:00','4377993','16','',''),
('125454791367677','07:57:00','07:57:00','4378044','17','',''),
('125454791367677','08:00:00','08:00:00','4377990','18','',''),
('125454791367677','08:01:00','08:01:00','4377988','19','',''),
('125454791367677','08:02:00','08:02:00','4377986','20','',''),
('125454791367677','08:03:00','08:03:00','4377984','21','',''),
('125454791367677','08:04:00','08:04:00','4377982','22','',''),
('125454791367677','08:04:00','08:04:00','4378045','23','',''),
('125454791367677','08:05:00','08:05:00','4377979','24','',''),
('125454791367677','08:06:00','08:06:00','4377977','25','',''),
('125454791367677','08:07:00','08:07:00','4377975','26','',''),
('125454801367677','07:25:00','07:25:00','4378023','1','',''),
('125454801367677','07:28:00','07:28:00','4378019','2','',''),
('125454801367677','07:29:00','07:29:00','4378017','3','',''),
('125454801367677','07:31:00','07:31:00','4378015','4','',''),
('125454801367677','07:34:00','07:34:00','4378042','5','',''),
('125454801367677','07:37:00','07:37:00','4378012','6','',''),
('125454801367677','07:39:00','07:39:00','4378010','7','',''),
('125454801367677','07:43:00','07:43:00','4378008','8','',''),
('125454801367677','07:44:00','07:44:00','4378006','9','',''),
('125454801367677','07:46:00','07:46:00','4378004','10','',''),
('125454801367677','07:48:00','07:48:00','4378002','11','',''),
('125454801367677','07:49:00','07:49:00','4378000','12','',''),
('125454801367677','07:50:00','07:50:00','4377998','13','',''),
('125454801367677','07:52:00','07:52:00','4378043','14','',''),
('125454801367677','07:54:00','07:54:00','4377995','15','',''),
('125454801367677','07:57:00','07:57:00','4377993','16','',''),
('125454801367677','07:57:00','07:57:00','4378044','17','',''),
('125454801367677','08:00:00','08:00:00','4377990','18','',''),
('125454801367677','08:01:00','08:01:00','4377988','19','',''),
('125454801367677','08:02:00','08:02:00','4377986','20','',''),
('125454801367677','08:03:00','08:03:00','4377984','21','',''),
('125454801367677','08:04:00','08:04:00','4377982','22','',''),
('125454801367677','08:04:00','08:04:00','4378045','23','',''),
('125454801367677','08:05:00','08:05:00','4377979','24','',''),
('125454801367677','08:06:00','08:06:00','4377977','25','',''),
('125454801367677','08:07:00','08:07:00','4377975','26','',''),
('225454791367677','13:55:00','13:55:00','4378023','1','',''),
('225454791367677','13:58:00','13:58:00','4378019','2','',''),
('225454791367677','13:59:00','13:59:00','4378017','3','',''),
('225454791367677','14:01:00','14:01:00','4378015','4','',''),
('225454791367677','14:04:00','14:04:00','4378042','5','',''),
('225454791367677','14:07:00','14:07:00','4378012','6','',''),
('225454791367677','14:09:00','14:09:00','4378010','7','',''),
('225454791367677','14:13:00','14:13:00','4378008','8','',''),
('225454791367677','14:14:00','14:14:00','4378006','9','',''),
('225454791367677','14:16:00','14:16:00','4378004','10','',''),
('225454791367677','14:18:00','14:18:00','4378002','11','',''),
('225454791367677','14:19:00','14:19:00','4378000','12','',''),
('225454791367677','14:20:00','14:20:00','4377998','13','',''),
('225454791367677','14:22:00','14:22:00','4378043','14','',''),
('225454791367677','14:24:00','14:24:00','4377995','15','',''),
('225454791367677','14:27:00','14:27:00','4377993','16','',''),
('225454791367677','14:27:00','14:27:00','4378044','17','',''),
('225454791367677','14:30:00','14:30:00','4377990','18','',''),
('225454791367677','14:31:00','14:31:00','4377988','19','',''),
('225454791367677','14:32:00','14:32:00','4377986','20','',''),
('225454791367677','14:33:00','14:33:00','4377984','21','',''),
('225454791367677','14:34:00','14:34:00','4377982','22','',''),
('225454791367677','14:34:00','14:34:00','4378045','23','',''),
('225454791367677','14:35:00','14:35:00','4377979','24','',''),
('225454791367677','14:36:00','14:36:00','4377977','25','',''),
('225454791367677','14:37:00','14:37:00','4377975','26','',''),
('125454791367678','08:19:00','08:19:00','4378039','1','',''),
('125454791367678','08:21:00','08:21:00','4378040','2','',''),
('125454791367678','08:22:00','08:22:00','4378041','3','',''),
('125454791367678','08:24:00','08:24:00','4378035','4','',''),
('125454791367678','08:25:00','08:25:00','4378033','5','',''),
('125454791367678','08:27:00','08:27:00','4378031','6','',''),
('125454791367678','08:29:00','08:29:00','4378029','7','',''),
('125454791367678','08:31:00','08:31:00','4378027','8','',''),
('125454791367678','08:32:00','08:32:00','4378025','9','',''),
('125454791367678','08:33:00','08:33:00','4378021','10','',''),
('125454791367678','08:36:00','08:36:00','4378023','11','',''),
('125454791367678','08:39:00','08:39:00','4378019','12','',''),
('125454791367678','08:40:00','08:40:00','4378017','13','',''),
('125454791367678','08:42:00','08:42:00','4378015','14','',''),
('125454791367678','08:45:00','08:45:00','4378042','15','',''),
('125454791367678','08:48:00','08:48:00','4378012','16','',''),
('125454791367678','08:50:00','08:50:00','4378010','17','',''),
('125454791367678','08:54:00','08:54:00','4378008','18','',''),
('125454791367678','08:55:00','08:55:00','4378006','19','',''),
('125454791367678','08:57:00','08:57:00','4378004','20','',''),
('125454791367678','08:59:00','08:59:00','4378002','21','',''),
('125454791367678','09:00:00','09:00:00','4378000','22','',''),
('125454791367678','09:01:00','09:01:00','4377998','23','',''),
('125454791367678','09:03:00','09:03:00','4378043','24','',''),
('125454791367678','09:05:00','09:05:00','4377995','25','',''),
('125454791367678','09:08:00','09:08:00','4377993','26','',''),
('125454791367678','09:08:00','09:08:00','4378044','27','',''),
('125454791367678','09:11:00','09:11:00','4377990','28','',''),
('125454791367678','09:12:00','09:12:00','4377988','29','',''),
('125454791367678','09:13:00','09:13:00','4377986','30','',''),
('125454791367678','09:14:00','09:14:00','4377984','31','',''),
('125454791367678','09:15:00','09:15:00','4377982','32','',''),
('125454791367678','09:16:00','09:16:00','4378045','33','',''),
('125454791367678','09:17:00','09:17:00','4377979','34','',''),
('125454791367678','09:18:00','09:18:00','4377977','35','',''),
('125454791367678','09:19:00','09:19:00','4377975','36','',''),
('125454801367678','08:23:00','08:23:00','4378039','1','',''),
('125454801367678','08:25:00','08:25:00','4378040','2','',''),
('125454801367678','08:26:00','08:26:00','4378041','3','',''),
('125454801367678','08:28:00','08:28:00','4378035','4','',''),
('125454801367678','08:29:00','08:29:00','4378033','5','',''),
('125454801367678','08:31:00','08:31:00','4378031','6','',''),
('125454801367678','08:33:00','08:33:00','4378029','7','',''),
('125454801367678','08:35:00','08:35:00','4378027','8','',''),
('125454801367678','08:36:00','08:36:00','4378025','9','',''),
('125454801367678','08:37:00','08:37:00','4378021','10','',''),
('125454801367678','08:40:00','08:40:00','4378023','11','',''),
('125454801367678','08:43:00','08:43:00','4378019','12','',''),
('125454801367678','08:44:00','08:44:00','4378017','13','',''),
('125454801367678','08:46:00','08:46:00','4378015','14','',''),
('125454801367678','08:49:00','08:49:00','4378042','15','',''),
('125454801367678','08:52:00','08:52:00','4378012','16','',''),
('125454801367678','08:54:00','08:54:00','4378010','17','',''),
('125454801367678','08:58:00','08:58:00','4378008','18','',''),
('125454801367678','08:59:00','08:59:00','4378006','19','',''),
('125454801367678','09:01:00','09:01:00','4378004','20','',''),
('125454801367678','09:03:00','09:03:00','4378002','21','',''),
('125454801367678','09:04:00','09:04:00','4378000','22','',''),
('125454801367678','09:05:00','09:05:00','4377998','23','',''),
('125454801367678','09:07:00','09:07:00','4378043','24','',''),
('125454801367678','09:09:00','09:09:00','4377995','25','',''),
('125454801367678','09:12:00','09:12:00','4377993','26','',''),
('125454801367678','09:12:00','09:12:00','4378044','27','',''),
('125454801367678','09:15:00','09:15:00','4377990','28','',''),
('125454801367678','09:16:00','09:16:00','4377988','29','',''),
('125454801367678','09:17:00','09:17:00','4377986','30','',''),
('125454801367678','09:18:00','09:18:00','4377984','31','',''),
('125454801367678','09:19:00','09:19:00','4377982','32','',''),
('125454801367678','09:20:00','09:20:00','4378045','33','',''),
('125454801367678','09:21:00','09:21:00','4377979','34','',''),
('125454801367678','09:22:00','09:22:00','4377977','35','',''),
('125454801367678','09:23:00','09:23:00','4377975','36','',''),
('225454791367678','09:32:00','09:32:00','4378039','1','',''),
('225454791367678','09:34:00','09:34:00','4378040','2','',''),
('225454791367678','09:35:00','09:35:00','4378041','3','',''),
('225454791367678','09:37:00','09:37:00','4378035','4','',''),
('225454791367678','09:38:00','09:38:00','4378033','5','',''),
('225454791367678','09:40:00','09:40:00','4378031','6','',''),
('225454791367678','09:42:00','09:42:00','4378029','7','',''),
('225454791367678','09:44:00','09:44:00','4378027','8','',''),
('225454791367678','09:45:00','09:45:00','4378025','9','',''),
('225454791367678','09:46:00','09:46:00','4378021','10','',''),
('225454791367678','09:48:00','09:48:00','4378023','11','',''),
('225454791367678','09:51:00','09:51:00','4378019','12','',''),
('225454791367678','09:52:00','09:52:00','4378017','13','',''),
('225454791367678','09:54:00','09:54:00','4378015','14','',''),
('225454791367678','09:57:00','09:57:00','4378042','15','',''),
('225454791367678','10:00:00','10:00:00','4378012','16','',''),
('225454791367678','10:02:00','10:02:00','4378010','17','',''),
('225454791367678','10:06:00','10:06:00','4378008','18','',''),
('225454791367678','10:07:00','10:07:00','4378006','19','',''),
('225454791367678','10:09:00','10:09:00','4378004','20','',''),
('225454791367678','10:11:00','10:11:00','4378002','21','',''),
('225454791367678','10:12:00','10:12:00','4378000','22','',''),
('225454791367678','10:13:00','10:13:00','4377998','23','',''),
('225454791367678','10:15:00','10:15:00','4378043','24','',''),
('225454791367678','10:17:00','10:17:00','4377995','25','',''),
('225454791367678','10:20:00','10:20:00','4377993','26','',''),
('225454791367678','10:20:00','10:20:00','4378044','27','',''),
('225454791367678','10:23:00','10:23:00','4377990','28','',''),
('225454791367678','10:24:00','10:24:00','4377988','29','',''),
('225454791367678','10:25:00','10:25:00','4377986','30','',''),
('225454791367678','10:26:00','10:26:00','4377984','31','',''),
('225454791367678','10:27:00','10:27:00','4377982','32','',''),
('225454791367678','10:28:00','10:28:00','4378045','33','',''),
('225454791367678','10:29:00','10:29:00','4377979','34','',''),
('225454791367678','10:30:00','10:30:00','4377977','35','',''),
('225454791367678','10:31:00','10:31:00','4377975','36','',''),
('225454801367678','09:43:00','09:43:00','4378039','1','',''),
('225454801367678','09:45:00','09:45:00','4378040','2','',''),
('225454801367678','09:46:00','09:46:00','4378041','3','',''),
('225454801367678','09:48:00','09:48:00','4378035','4','',''),
('225454801367678','09:49:00','09:49:00','4378033','5','',''),
('225454801367678','09:51:00','09:51:00','4378031','6','',''),
('225454801367678','09:53:00','09:53:00','4378029','7','',''),
('225454801367678','09:55:00','09:55:00','4378027','8','',''),
('225454801367678','09:56:00','09:56:00','4378025','9','',''),
('225454801367678','09:57:00','09:57:00','4378021','10','',''),
('225454801367678','10:00:00','10:00:00','4378023','11','',''),
('225454801367678','10:03:00','10:03:00','4378019','12','',''),
('225454801367678','10:04:00','10:04:00','4378017','13','',''),
('225454801367678','10:06:00','10:06:00','4378015','14','',''),
('225454801367678','10:09:00','10:09:00','4378042','15','',''),
('225454801367678','10:12:00','10:12:00','4378012','16','',''),
('225454801367678','10:14:00','10:14:00','4378010','17','',''),
('225454801367678','10:18:00','10:18:00','4378008','18','',''),
('225454801367678','10:19:00','10:19:00','4378006','19','',''),
('225454801367678','10:21:00','10:21:00','4378004','20','',''),
('225454801367678','10:23:00','10:23:00','4378002','21','',''),
('225454801367678','10:24:00','10:24:00','4378000','22','',''),
('225454801367678','10:25:00','10:25:00','4377998','23','',''),
('225454801367678','10:27:00','10:27:00','4378043','24','',''),
('225454801367678','10:29:00','10:29:00','4377995','25','',''),
('225454801367678','10:32:00','10:32:00','4377993','26','',''),
('225454801367678','10:32:00','10:32:00','4378044','27','',''),
('225454801367678','10:35:00','10:35:00','4377990','28','',''),
('225454801367678','10:36:00','10:36:00','4377988','29','',''),
('225454801367678','10:37:00','10:37:00','4377986','30','',''),
('225454801367678','10:38:00','10:38:00','4377984','31','',''),
('225454801367678','10:39:00','10:39:00','4377982','32','',''),
('225454801367678','10:40:00','10:40:00','4378045','33','',''),
('225454801367678','10:41:00','10:41:00','4377979','34','',''),
('225454801367678','10:42:00','10:42:00','4377977','35','',''),
('225454801367678','10:43:00','10:43:00','4377975','36','',''),
('325454791367678','10:47:00','10:47:00','4378039','1','',''),
('325454791367678','10:49:00','10:49:00','4378040','2','',''),
('325454791367678','10:50:00','10:50:00','4378041','3','',''),
('325454791367678','10:52:00','10:52:00','4378035','4','',''),
('325454791367678','10:53:00','10:53:00','4378033','5','',''),
('325454791367678','10:55:00','10:55:00','4378031','6','',''),
('325454791367678','10:57:00','10:57:00','4378029','7','',''),
('325454791367678','10:59:00','10:59:00','4378027','8','',''),
('325454791367678','11:00:00','11:00:00','4378025','9','',''),
('325454791367678','11:01:00','11:01:00','4378021','10','',''),
('325454791367678','11:04:00','11:04:00','4378023','11','',''),
('325454791367678','11:07:00','11:07:00','4378019','12','',''),
('325454791367678','11:08:00','11:08:00','4378017','13','',''),
('325454791367678','11:10:00','11:10:00','4378015','14','',''),
('325454791367678','11:13:00','11:13:00','4378042','15','',''),
('325454791367678','11:16:00','11:16:00','4378012','16','',''),
('325454791367678','11:18:00','11:18:00','4378010','17','',''),
('325454791367678','11:22:00','11:22:00','4378008','18','',''),
('325454791367678','11:23:00','11:23:00','4378006','19','',''),
('325454791367678','11:25:00','11:25:00','4378004','20','',''),
('325454791367678','11:27:00','11:27:00','4378002','21','',''),
('325454791367678','11:28:00','11:28:00','4378000','22','',''),
('325454791367678','11:29:00','11:29:00','4377998','23','',''),
('325454791367678','11:31:00','11:31:00','4378043','24','',''),
('325454791367678','11:33:00','11:33:00','4377995','25','',''),
('325454791367678','11:36:00','11:36:00','4377993','26','',''),
('325454791367678','11:36:00','11:36:00','4378044','27','',''),
('325454791367678','11:39:00','11:39:00','4377990','28','',''),
('325454791367678','11:40:00','11:40:00','4377988','29','',''),
('325454791367678','11:41:00','11:41:00','4377986','30','',''),
('325454791367678','11:42:00','11:42:00','4377984','31','',''),
('325454791367678','11:43:00','11:43:00','4377982','32','',''),
('325454791367678','11:44:00','11:44:00','4378045','33','',''),
('325454791367678','11:45:00','11:45:00','4377979','34','',''),
('325454791367678','11:46:00','11:46:00','4377977','35','',''),
('325454791367678','11:47:00','11:47:00','4377975','36','',''),
('325454801367678','10:58:00','10:58:00','4378039','1','',''),
('325454801367678','11:00:00','11:00:00','4378040','2','',''),
('325454801367678','11:01:00','11:01:00','4378041','3','',''),
('325454801367678','11:03:00','11:03:00','4378035','4','',''),
('325454801367678','11:04:00','11:04:00','4378033','5','',''),
('325454801367678','11:06:00','11:06:00','4378031','6','',''),
('325454801367678','11:08:00','11:08:00','4378029','7','',''),
('325454801367678','11:10:00','11:10:00','4378027','8','',''),
('325454801367678','11:11:00','11:11:00','4378025','9','',''),
('325454801367678','11:12:00','11:12:00','4378021','10','',''),
('325454801367678','11:15:00','11:15:00','4378023','11','',''),
('325454801367678','11:18:00','11:18:00','4378019','12','',''),
('325454801367678','11:19:00','11:19:00','4378017','13','',''),
('325454801367678','11:21:00','11:21:00','4378015','14','',''),
('325454801367678','11:24:00','11:24:00','4378042','15','',''),
('325454801367678','11:27:00','11:27:00','4378012','16','',''),
('325454801367678','11:29:00','11:29:00','4378010','17','',''),
('325454801367678','11:33:00','11:33:00','4378008','18','',''),
('325454801367678','11:34:00','11:34:00','4378006','19','',''),
('325454801367678','11:36:00','11:36:00','4378004','20','',''),
('325454801367678','11:38:00','11:38:00','4378002','21','',''),
('325454801367678','11:39:00','11:39:00','4378000','22','',''),
('325454801367678','11:40:00','11:40:00','4377998','23','',''),
('325454801367678','11:42:00','11:42:00','4378043','24','',''),
('325454801367678','11:44:00','11:44:00','4377995','25','',''),
('325454801367678','11:47:00','11:47:00','4377993','26','',''),
('325454801367678','11:47:00','11:47:00','4378044','27','',''),
('325454801367678','11:50:00','11:50:00','4377990','28','',''),
('325454801367678','11:51:00','11:51:00','4377988','29','',''),
('325454801367678','11:52:00','11:52:00','4377986','30','',''),
('325454801367678','11:53:00','11:53:00','4377984','31','',''),
('325454801367678','11:54:00','11:54:00','4377982','32','',''),
('325454801367678','11:55:00','11:55:00','4378045','33','',''),
('325454801367678','11:56:00','11:56:00','4377979','34','',''),
('325454801367678','11:57:00','11:57:00','4377977','35','',''),
('325454801367678','11:58:00','11:58:00','4377975','36','',''),
('425454791367678','12:02:00','12:02:00','4378039','1','',''),
('425454791367678','12:04:00','12:04:00','4378040','2','',''),
('425454791367678','12:05:00','12:05:00','4378041','3','',''),
('425454791367678','12:07:00','12:07:00','4378035','4','',''),
('425454791367678','12:08:00','12:08:00','4378033','5','',''),
('425454791367678','12:10:00','12:10:00','4378031','6','',''),
('425454791367678','12:11:00','12:11:00','4378029','7','',''),
('425454791367678','12:13:00','12:13:00','4378027','8','',''),
('425454791367678','12:13:00','12:13:00','4378025','9','',''),
('425454791367678','12:14:00','12:14:00','4378021','10','',''),
('425454791367678','12:16:00','12:16:00','4378023','11','',''),
('425454791367678','12:19:00','12:19:00','4378019','12','',''),
('425454791367678','12:20:00','12:20:00','4378017','13','',''),
('425454791367678','12:22:00','12:22:00','4378015','14','',''),
('425454791367678','12:25:00','12:25:00','4378042','15','',''),
('425454791367678','12:28:00','12:28:00','4378012','16','',''),
('425454791367678','12:30:00','12:30:00','4378010','17','',''),
('425454791367678','12:34:00','12:34:00','4378008','18','',''),
('425454791367678','12:35:00','12:35:00','4378006','19','',''),
('425454791367678','12:37:00','12:37:00','4378004','20','',''),
('425454791367678','12:39:00','12:39:00','4378002','21','',''),
('425454791367678','12:40:00','12:40:00','4378000','22','',''),
('425454791367678','12:41:00','12:41:00','4377998','23','',''),
('425454791367678','12:43:00','12:43:00','4378043','24','',''),
('425454791367678','12:45:00','12:45:00','4377995','25','',''),
('425454791367678','12:48:00','12:48:00','4377993','26','',''),
('425454791367678','12:48:00','12:48:00','4378044','27','',''),
('425454791367678','12:51:00','12:51:00','4377990','28','',''),
('425454791367678','12:52:00','12:52:00','4377988','29','',''),
('425454791367678','12:53:00','12:53:00','4377986','30','',''),
('425454791367678','12:54:00','12:54:00','4377984','31','',''),
('425454791367678','12:55:00','12:55:00','4377982','32','',''),
('425454791367678','12:56:00','12:56:00','4378045','33','',''),
('425454791367678','12:57:00','12:57:00','4377979','34','',''),
('425454791367678','12:58:00','12:58:00','4377977','35','',''),
('425454791367678','12:59:00','12:59:00','4377975','36','',''),
('425454801367678','12:13:00','12:13:00','4378039','1','',''),
('425454801367678','12:15:00','12:15:00','4378040','2','',''),
('425454801367678','12:16:00','12:16:00','4378041','3','',''),
('425454801367678','12:18:00','12:18:00','4378035','4','',''),
('425454801367678','12:19:00','12:19:00','4378033','5','',''),
('425454801367678','12:21:00','12:21:00','4378031','6','',''),
('425454801367678','12:23:00','12:23:00','4378029','7','',''),
('425454801367678','12:25:00','12:25:00','4378027','8','',''),
('425454801367678','12:26:00','12:26:00','4378025','9','',''),
('425454801367678','12:27:00','12:27:00','4378021','10','',''),
('425454801367678','12:30:00','12:30:00','4378023','11','',''),
('425454801367678','12:33:00','12:33:00','4378019','12','',''),
('425454801367678','12:34:00','12:34:00','4378017','13','',''),
('425454801367678','12:36:00','12:36:00','4378015','14','',''),
('425454801367678','12:39:00','12:39:00','4378042','15','',''),
('425454801367678','12:42:00','12:42:00','4378012','16','',''),
('425454801367678','12:44:00','12:44:00','4378010','17','',''),
('425454801367678','12:48:00','12:48:00','4378008','18','',''),
('425454801367678','12:49:00','12:49:00','4378006','19','',''),
('425454801367678','12:51:00','12:51:00','4378004','20','',''),
('425454801367678','12:53:00','12:53:00','4378002','21','',''),
('425454801367678','12:54:00','12:54:00','4378000','22','',''),
('425454801367678','12:55:00','12:55:00','4377998','23','',''),
('425454801367678','12:57:00','12:57:00','4378043','24','',''),
('425454801367678','12:59:00','12:59:00','4377995','25','',''),
('425454801367678','13:02:00','13:02:00','4377993','26','',''),
('425454801367678','13:02:00','13:02:00','4378044','27','',''),
('425454801367678','13:05:00','13:05:00','4377990','28','',''),
('425454801367678','13:06:00','13:06:00','4377988','29','',''),
('425454801367678','13:07:00','13:07:00','4377986','30','',''),
('425454801367678','13:08:00','13:08:00','4377984','31','',''),
('425454801367678','13:09:00','13:09:00','4377982','32','',''),
('425454801367678','13:10:00','13:10:00','4378045','33','',''),
('425454801367678','13:11:00','13:11:00','4377979','34','',''),
('425454801367678','13:12:00','13:12:00','4377977','35','',''),
('425454801367678','13:13:00','13:13:00','4377975','36','',''),
('525454791367678','14:53:00','14:53:00','4378039','1','',''),
('525454791367678','14:55:00','14:55:00','4378040','2','',''),
('525454791367678','14:56:00','14:56:00','4378041','3','',''),
('525454791367678','14:58:00','14:58:00','4378035','4','',''),
('525454791367678','14:59:00','14:59:00','4378033','5','',''),
('525454791367678','15:01:00','15:01:00','4378031','6','',''),
('525454791367678','15:03:00','15:03:00','4378029','7','',''),
('525454791367678','15:05:00','15:05:00','4378027','8','',''),
('525454791367678','15:06:00','15:06:00','4378025','9','',''),
('525454791367678','15:07:00','15:07:00','4378021','10','',''),
('525454791367678','15:10:00','15:10:00','4378023','11','',''),
('525454791367678','15:13:00','15:13:00','4378019','12','',''),
('525454791367678','15:14:00','15:14:00','4378017','13','',''),
('525454791367678','15:16:00','15:16:00','4378015','14','',''),
('525454791367678','15:19:00','15:19:00','4378042','15','',''),
('525454791367678','15:22:00','15:22:00','4378012','16','',''),
('525454791367678','15:24:00','15:24:00','4378010','17','',''),
('525454791367678','15:28:00','15:28:00','4378008','18','',''),
('525454791367678','15:29:00','15:29:00','4378006','19','',''),
('525454791367678','15:31:00','15:31:00','4378004','20','',''),
('525454791367678','15:33:00','15:33:00','4378002','21','',''),
('525454791367678','15:34:00','15:34:00','4378000','22','',''),
('525454791367678','15:35:00','15:35:00','4377998','23','',''),
('525454791367678','15:37:00','15:37:00','4378043','24','',''),
('525454791367678','15:39:00','15:39:00','4377995','25','',''),
('525454791367678','15:42:00','15:42:00','4377993','26','',''),
('525454791367678','15:42:00','15:42:00','4378044','27','',''),
('525454791367678','15:45:00','15:45:00','4377990','28','',''),
('525454791367678','15:46:00','15:46:00','4377988','29','',''),
('525454791367678','15:47:00','15:47:00','4377986','30','',''),
('525454791367678','15:48:00','15:48:00','4377984','31','',''),
('525454791367678','15:49:00','15:49:00','4377982','32','',''),
('525454791367678','15:50:00','15:50:00','4378045','33','',''),
('525454791367678','15:51:00','15:51:00','4377979','34','',''),
('525454791367678','15:52:00','15:52:00','4377977','35','',''),
('525454791367678','15:53:00','15:53:00','4377975','36','',''),
('625454791367678','16:08:00','16:08:00','4378039','1','',''),
('625454791367678','16:10:00','16:10:00','4378040','2','',''),
('625454791367678','16:11:00','16:11:00','4378041','3','',''),
('625454791367678','16:13:00','16:13:00','4378035','4','',''),
('625454791367678','16:14:00','16:14:00','4378033','5','',''),
('625454791367678','16:16:00','16:16:00','4378031','6','',''),
('625454791367678','16:18:00','16:18:00','4378029','7','',''),
('625454791367678','16:20:00','16:20:00','4378027','8','',''),
('625454791367678','16:21:00','16:21:00','4378025','9','',''),
('625454791367678','16:22:00','16:22:00','4378021','10','',''),
('625454791367678','16:25:00','16:25:00','4378023','11','',''),
('625454791367678','16:28:00','16:28:00','4378019','12','',''),
('625454791367678','16:29:00','16:29:00','4378017','13','',''),
('625454791367678','16:31:00','16:31:00','4378015','14','',''),
('625454791367678','16:34:00','16:34:00','4378042','15','',''),
('625454791367678','16:37:00','16:37:00','4378012','16','',''),
('625454791367678','16:39:00','16:39:00','4378010','17','',''),
('625454791367678','16:43:00','16:43:00','4378008','18','',''),
('625454791367678','16:44:00','16:44:00','4378006','19','',''),
('625454791367678','16:46:00','16:46:00','4378004','20','',''),
('625454791367678','16:48:00','16:48:00','4378002','21','',''),
('625454791367678','16:49:00','16:49:00','4378000','22','',''),
('625454791367678','16:50:00','16:50:00','4377998','23','',''),
('625454791367678','16:52:00','16:52:00','4378043','24','',''),
('625454791367678','16:54:00','16:54:00','4377995','25','',''),
('625454791367678','16:57:00','16:57:00','4377993','26','',''),
('625454791367678','16:57:00','16:57:00','4378044','27','',''),
('625454791367678','17:00:00','17:00:00','4377990','28','',''),
('625454791367678','17:01:00','17:01:00','4377988','29','',''),
('625454791367678','17:02:00','17:02:00','4377986','30','',''),
('625454791367678','17:03:00','17:03:00','4377984','31','',''),
('625454791367678','17:04:00','17:04:00','4377982','32','',''),
('625454791367678','17:05:00','17:05:00','4378045','33','',''),
('625454791367678','17:06:00','17:06:00','4377979','34','',''),
('625454791367678','17:07:00','17:07:00','4377977','35','',''),
('625454791367678','17:08:00','17:08:00','4377975','36','',''),
('725454791367678','17:23:00','17:23:00','4378039','1','',''),
('725454791367678','17:25:00','17:25:00','4378040','2','',''),
('725454791367678','17:26:00','17:26:00','4378041','3','',''),
('725454791367678','17:28:00','17:28:00','4378035','4','',''),
('725454791367678','17:29:00','17:29:00','4378033','5','',''),
('725454791367678','17:31:00','17:31:00','4378031','6','',''),
('725454791367678','17:33:00','17:33:00','4378029','7','',''),
('725454791367678','17:35:00','17:35:00','4378027','8','',''),
('725454791367678','17:36:00','17:36:00','4378025','9','',''),
('725454791367678','17:37:00','17:37:00','4378021','10','',''),
('725454791367678','17:40:00','17:40:00','4378023','11','',''),
('725454791367678','17:43:00','17:43:00','4378019','12','',''),
('725454791367678','17:44:00','17:44:00','4378017','13','',''),
('725454791367678','17:46:00','17:46:00','4378015','14','',''),
('725454791367678','17:49:00','17:49:00','4378042','15','',''),
('725454791367678','17:52:00','17:52:00','4378012','16','',''),
('725454791367678','17:54:00','17:54:00','4378010','17','',''),
('725454791367678','17:58:00','17:58:00','4378008','18','',''),
('725454791367678','17:59:00','17:59:00','4378006','19','',''),
('725454791367678','18:01:00','18:01:00','4378004','20','',''),
('725454791367678','18:03:00','18:03:00','4378002','21','',''),
('725454791367678','18:04:00','18:04:00','4378000','22','',''),
('725454791367678','18:05:00','18:05:00','4377998','23','',''),
('725454791367678','18:07:00','18:07:00','4378043','24','',''),
('725454791367678','18:09:00','18:09:00','4377995','25','',''),
('725454791367678','18:12:00','18:12:00','4377993','26','',''),
('725454791367678','18:12:00','18:12:00','4378044','27','',''),
('725454791367678','18:15:00','18:15:00','4377990','28','',''),
('725454791367678','18:16:00','18:16:00','4377988','29','',''),
('725454791367678','18:17:00','18:17:00','4377986','30','',''),
('725454791367678','18:18:00','18:18:00','4377984','31','',''),
('725454791367678','18:19:00','18:19:00','4377982','32','',''),
('725454791367678','18:20:00','18:20:00','4378045','33','',''),
('725454791367678','18:21:00','18:21:00','4377979','34','',''),
('725454791367678','18:22:00','18:22:00','4377977','35','',''),
('725454791367678','18:23:00','18:23:00','4377975','36','',''),
('825454791367678','18:38:00','18:38:00','4378039','1','',''),
('825454791367678','18:40:00','18:40:00','4378040','2','',''),
('825454791367678','18:41:00','18:41:00','4378041','3','',''),
('825454791367678','18:43:00','18:43:00','4378035','4','',''),
('825454791367678','18:44:00','18:44:00','4378033','5','',''),
('825454791367678','18:46:00','18:46:00','4378031','6','',''),
('825454791367678','18:47:00','18:47:00','4378029','7','',''),
('825454791367678','18:49:00','18:49:00','4378027','8','',''),
('825454791367678','18:50:00','18:50:00','4378025','9','',''),
('825454791367678','18:51:00','18:51:00','4378021','10','',''),
('825454791367678','18:53:00','18:53:00','4378023','11','',''),
('825454791367678','18:56:00','18:56:00','4378019','12','',''),
('825454791367678','18:57:00','18:57:00','4378017','13','',''),
('825454791367678','18:59:00','18:59:00','4378015','14','',''),
('825454791367678','19:02:00','19:02:00','4378042','15','',''),
('825454791367678','19:05:00','19:05:00','4378012','16','',''),
('825454791367678','19:07:00','19:07:00','4378010','17','',''),
('825454791367678','19:11:00','19:11:00','4378008','18','',''),
('825454791367678','19:12:00','19:12:00','4378006','19','',''),
('825454791367678','19:14:00','19:14:00','4378004','20','',''),
('825454791367678','19:16:00','19:16:00','4378002','21','',''),
('825454791367678','19:17:00','19:17:00','4378000','22','',''),
('825454791367678','19:18:00','19:18:00','4377998','23','',''),
('825454791367678','19:20:00','19:20:00','4378043','24','',''),
('825454791367678','19:22:00','19:22:00','4377995','25','',''),
('825454791367678','19:25:00','19:25:00','4377993','26','',''),
('825454791367678','19:25:00','19:25:00','4378044','27','',''),
('825454791367678','19:28:00','19:28:00','4377990','28','',''),
('825454791367678','19:29:00','19:29:00','4377988','29','',''),
('825454791367678','19:30:00','19:30:00','4377986','30','',''),
('825454791367678','19:31:00','19:31:00','4377984','31','',''),
('825454791367678','19:32:00','19:32:00','4377982','32','',''),
('825454791367678','19:33:00','19:33:00','4378045','33','',''),
('825454791367678','19:34:00','19:34:00','4377979','34','',''),
('825454791367678','19:35:00','19:35:00','4377977','35','',''),
('825454791367678','19:36:00','19:36:00','4377975','36','',''),
('125454801016394','13:23:00','13:23:00','4378039','1','',''),
('125454801016394','13:25:00','13:25:00','4378040','2','',''),
('125454801016394','13:26:00','13:26:00','4378041','3','',''),
('125454801016394','13:28:00','13:28:00','4378035','4','',''),
('125454801016394','13:29:00','13:29:00','4378033','5','',''),
('125454801016394','13:31:00','13:31:00','4378031','6','',''),
('125454801016394','13:32:00','13:32:00','4378029','7','',''),
('125454801016394','13:34:00','13:34:00','4378027','8','',''),
('125454801016394','13:34:00','13:34:00','4378025','9','',''),
('125454801016394','13:35:00','13:35:00','4378021','10','',''),
('125454801016394','13:37:00','13:37:00','4378023','11','','');
INSERT INTO calendar (service_id,monday,tuesday,wednesday,thursday,friday,saturday,sunday,start_date,end_date) VALUES
('2545480','0','0','0','0','0','0','0','20171223','20180224'),
('2545481','0','0','0','0','0','0','0','20171221','20180228'),
('2545482','0','0','0','0','0','0','0','20171223','20180224'),
('2545479','0','0','0','0','0','0','0','20171221','20180228');
INSERT INTO calendar_dates (service_id,date,exception_type) VALUES
('2545480','20171223','1'),
('2545480','20171230','1'),
('2545480','20180106','1'),
('2545480','20180113','1'),
('2545480','20180120','1'),
('2545480','20180127','1'),
('2545480','20180203','1'),
('2545480','20180210','1'),
('2545480','20180217','1'),
('2545480','20180224','1'),
('2545481','20171221','1'),
('2545481','20171222','1'),
('2545481','20171226','1'),
('2545481','20171227','1'),
('2545481','20171228','1'),
('2545481','20171229','1'),
('2545481','20180102','1'),
('2545481','20180103','1'),
('2545481','20180104','1'),
('2545481','20180105','1'),
('2545481','20180108','1'),
('2545481','20180109','1'),
('2545481','20180110','1'),
('2545481','20180111','1'),
('2545481','20180112','1'),
('2545481','20180115','1'),
('2545481','20180116','1'),
('2545481','20180117','1'),
('2545481','20180118','1'),
('2545481','20180119','1'),
('2545481','20180122','1'),
('2545481','20180123','1'),
('2545481','20180124','1'),
('2545481','20180125','1'),
('2545481','20180126','1'),
('2545481','20180129','1'),
('2545481','20180130','1'),
('2545481','20180131','1'),
('2545481','20180201','1'),
('2545481','20180202','1'),
('2545481','20180205','1'),
('2545481','20180206','1'),
('2545481','20180207','1'),
('2545481','20180208','1'),
('2545481','20180209','1'),
('2545481','20180212','1'),
('2545481','20180213','1'),
('2545481','20180214','1'),
('2545481','20180215','1'),
('2545481','20180216','1'),
('2545481','20180219','1'),
('2545481','20180220','1'),
('2545481','20180221','1'),
('2545481','20180222','1'),
('2545481','20180223','1'),
('2545481','20180226','1'),
('2545481','20180227','1'),
('2545481','20180228','1'),
('2545482','20171223','1'),
('2545482','20171230','1'),
('2545482','20180106','1'),
('2545482','20180113','1'),
('2545482','20180120','1'),
('2545482','20180127','1'),
('2545482','20180203','1'),
('2545482','20180210','1'),
('2545482','20180217','1'),
('2545482','20180224','1'),
('2545479','20171221','1'),
('2545479','20171222','1'),
('2545479','20171226','1'),
('2545479','20171227','1'),
('2545479','20171228','1'),
('2545479','20171229','1'),
('2545479','20180102','1'),
('2545479','20180103','1'),
('2545479','20180104','1'),
('2545479','20180105','1'),
('2545479','20180108','1'),
('2545479','20180109','1'),
('2545479','20180110','1'),
('2545479','20180111','1'),
('2545479','20180112','1'),
('2545479','20180115','1'),
('2545479','20180116','1'),
('2545479','20180117','1'),
('2545479','20180118','1'),
('2545479','20180119','1'),
('2545479','20180122','1'),
('2545479','20180123','1'),
('2545479','20180124','1'),
('2545479','20180125','1'),
('2545479','20180126','1'),
('2545479','20180129','1'),
('2545479','20180130','1'),
('2545479','20180131','1'),
('2545479','20180201','1'),
('2545479','20180202','1'),
('2545479','20180205','1'),
('2545479','20180206','1'),
('2545479','20180207','1'),
('2545479','20180208','1'),
('2545479','20180209','1'),
('2545479','20180212','1'),
('2545479','20180213','1'),
('2545479','20180214','1'),
('2545479','20180215','1'),
('2545479','20180216','1'),
('2545479','20180219','1'),
('2545479','20180220','1'),
('2545479','20180221','1'),
('2545479','20180222','1'),
('2545479','20180223','1'),
('2545479','20180226','1'),
('2545479','20180227','1'),
('2545479','20180228','1');
INSERT INTO routes (route_id,agency_id,route_short_name,route_long_name,route_desc,route_type,route_url,route_color,route_text_color) VALUES
('1096571','100','583','V2 (DOMAINE CHERIOUX <-> PASTEUR) - Aller','','3','','FFFFFF','000000'),
('1788176','100','583','V2 (PASTEUR <-> DOMAINE CHERIOUX) - Aller','','3','','FFFFFF','000000'),
('1788177','100','583','V2 (PASTEUR <-> DOMAINE CHERIOUX) - Retour','','3','','FFFFFF','000000');
INSERT INTO agency (agency_id,agency_name,agency_url,agency_timezone,agency_lang,agency_phone) VALUES
('100','RATP (100)','http://www.ratp.fr/','CET','','');
INSERT INTO trips (route_id,service_id,trip_id,trip_headsign,trip_short_name,direction_id,shape_id) VALUES
('1096571','2545481','125454811367680','','1','0',''),
('1096571','2545482','125454821367680','','1','0',''),
('1096571','2545481','225454811367680','','2','0',''),
('1096571','2545482','225454821367680','','2','0',''),
('1096571','2545481','325454811367680','','3','0',''),
('1096571','2545482','325454821367680','','3','0',''),
('1096571','2545481','425454811367680','','4','0',''),
('1096571','2545482','425454821367680','','4','0',''),
('1096571','2545481','525454811367680','','5','0',''),
('1096571','2545481','625454811367680','','6','0',''),
('1096571','2545481','725454811367680','','7','0',''),
('1096571','2545481','825454811367680','','8','0',''),
('1788176','2545479','125454791367679','','1','0',''),
('1788176','2545479','225454791367679','','2','0',''),
('1788177','2545479','125454791367677','','1','1',''),
('1788177','2545480','125454801367677','','1','1',''),
('1788177','2545479','225454791367677','','2','1',''),
('1788177','2545479','125454791367678','','1','1',''),
('1788177','2545480','125454801367678','','1','1',''),
('1788177','2545479','225454791367678','','2','1',''),
('1788177','2545480','225454801367678','','2','1',''),
('1788177','2545479','325454791367678','','3','1',''),
('1788177','2545480','325454801367678','','3','1',''),
('1788177','2545479','425454791367678','','4','1',''),
('1788177','2545480','425454801367678','','4','1',''),
('1788177','2545479','525454791367678','','5','1',''),
('1788177','2545479','625454791367678','','6','1',''),
('1788177','2545479','725454791367678','','7','1',''),
('1788177','2545479','825454791367678','','8','1',''),
('1788177','2545480','125454801016394','','1','1','');
INSERT INTO transfers (from_stop_id,to_stop_id,transfer_type,min_transfer_time) VALUES
('4378045','4377727','2','55'),
('4378008','4834578','2','49'),
('4378045','4377726','2','44'),
('4378008','4834579','2','51'),
('4377989','4423359','2','47'),
('4378042','4124818','2','123'),
('4378027','3730685','2','38'),
('4378011','6446106','2','97'),
('4378011','6446105','2','90'),
('4274417','3730685','2','59'),
('4377990','4377730','2','38'),
('4377990','4377731','2','47'),
('5688803','4378013','2','14'),
('4378012','4834581','2','110'),
('4377980','4124809','2','128'),
('4378043','3730654','2','125'),
('4378043','3730653','2','125'),
('4377989','3730693','2','47'),
('4274410','6446103','2','14'),
('4378016','3786078','2','131'),
('4378016','3786079','2','23'),
('4274409','4472951','2','90'),
('5688802','4378042','2','123'),
('4274397','6446117','2','38'),
('4274397','6446116','2','40'),
('5688800','4378011','2','97'),
('5688800','4378012','2','109'),
('4378279','4378044','2','71'),
('4378011','4834580','2','97'),
('4378011','4834581','2','90'),
('4377990','3730659','2','40'),
('4274417','4834619','2','59'),
('4274411','4834585','2','102'),
('4377993','3730051','2','134'),
('4378008','4834643','2','51'),
('4378041','3730638','2','143'),
('5688803','4378042','2','118'),
('4378039','6251796','2','5'),
('4377989','4377731','2','47'),
('4377989','4377730','2','38'),
('4274422','3730639','2','69'),
('4274422','3730637','2','139'),
('4377990','3730660','2','38'),
('4378013','4834583','2','14'),
('4274418','3730647','2','117'),
('4377989','3730659','2','40'),
('4274418','3730646','2','134'),
('4377989','3730660','2','38'),
('4377982','4377727','2','118'),
('4377982','4377726','2','105'),
('4378026','3786078','2','129'),
('4378032','3730639','2','72'),
('4378026','3786079','2','5'),
('4378027','3786080','2','8'),
('4274417','4834676','2','59'),
('4378027','3786078','2','139'),
('4378027','3786079','2','26'),
('4378027','3730644','2','38'),
('4378027','3730645','2','61'),
('4274396','4377732','2','143'),
('4377975','3730045','2','74'),
('4377975','3730046','2','122'),
('4274409','4124817','2','97'),
('4378026','3786080','2','25'),
('4274417','3730644','2','59'),
('4274417','3730645','2','83'),
('5688801','4274409','2','90'),
('4378279','4377993','2','134'),
('4378027','3786125','2','8'),
('4378027','3786124','2','26'),
('4377998','4124814','2','141'),
('4378027','3786123','2','139'),
('4378012','6446105','2','110'),
('4378024','3786125','2','117'),
('4378012','6446106','2','109'),
('4377992','3730052','2','114'),
('4378024','3786122','2','123'),
('4377992','3730051','2','93'),
('4378024','3786124','2','108'),
('4378024','3786123','2','14'),
('4378279','4377991','2','120'),
('4378279','4377992','2','93'),
('4378012','4472951','2','110'),
('4378012','4472950','2','109'),
('4378008','4834642','2','49'),
('4377981','6446121','2','119'),
('4378017','4423351','2','62'),
('4378007','4834578','2','45'),
('4378032','3730640','2','60'),
('4378007','4834579','2','22'),
('4378032','3730641','2','61'),
('4377997','6446111','2','130'),
('4378042','4834646','2','123'),
('4378042','4834647','2','118'),
('4377982','6446121','2','105'),
('4377981','4124809','2','119'),
('4378042','4472953','2','118'),
('4378038','7153155','2','87'),
('4378038','7153156','2','122'),
('4274424','7153091','2','45'),
('4377990','3730370','2','47'),
('4378042','4472952','2','123'),
('4378038','6251860','2','87'),
('4377990','4423359','2','47'),
('4378038','6251861','2','122'),
('5688799','4378011','2','30'),
('4378017','4834676','2','64'),
('5688856','4378019','2','62'),
('4274409','4472950','2','97'),
('5688808','4378022','2','142'),
('5688808','4378023','2','142'),
('4274393','3730665','2','132'),
('4274391','6446122','2','16'),
('4377990','3730369','2','38'),
('4274394','3730663','2','9'),
('4274418','3730686','2','134'),
('5688856','4378024','2','68'),
('5688856','4378025','2','75'),
('4377980','3730665','2','135'),
('4378006','3730358','2','105'),
('5688798','4378012','2','30'),
('4378006','3730356','2','108'),
('4378032','3730675','2','142'),
('4274401','6446112','2','10'),
('4378012','4834645','2','110'),
('4378012','4834644','2','109'),
('4378016','4834619','2','79'),
('4274412','3730685','2','45'),
('5688805','4378014','2','102'),
('4378027','4834619','2','73'),
('4378032','3730683','2','60'),
('4378039','6251860','2','82'),
('4378032','3730682','2','72'),
('4378039','6251861','2','127'),
('4378013','4770138','2','14'),
('4378045','4124809','2','44'),
('4378042','4770137','2','123'),
('4274422','4423348','2','69'),
('4274422','4423347','2','139'),
('4378042','4770138','2','118'),
('4378032','6075108','2','14'),
('4378032','6075109','2','51'),
('4378044','3730052','2','101'),
('4274409','6446105','2','90'),
('4274409','6446106','2','97'),
('4378044','3730051','2','71'),
('4378007','3730353','2','64'),
('4274393','4124809','2','119'),
('4378035','6075106','2','31'),
('4274420','3730641','2','61'),
('4274418','3786127','2','117'),
('4274420','3730640','2','60'),
('4274409','4834644','2','97'),
('4274418','3786126','2','134'),
('4274410','4472953','2','14'),
('4274409','4834645','2','90'),
('4378039','7153091','2','5'),
('4378013','4472953','2','14'),
('4378016','3730685','2','45'),
('4377980','6446121','2','128'),
('4377980','6446120','2','85'),
('4378008','4472948','2','49'),
('4378008','4472949','2','51'),
('4378013','6446103','2','14'),
('4274420','3730639','2','72'),
('4274417','4423351','2','59'),
('4378274','4274389','2','129'),
('5688799','4274409','2','30'),
('4378033','4423348','2','84'),
('4378017','4834619','2','64'),
('4378033','4423349','2','69'),
('4274410','4834647','2','14'),
('4378042','4834583','2','118'),
('4378043','3730690','2','125'),
('4378042','4834582','2','123'),
('4378011','4124817','2','97'),
('4378033','6075109','2','45'),
('4378007','4472949','2','22'),
('5688808','4274415','2','142'),
('4378033','3730641','2','62'),
('4378007','4472948','2','45'),
('4378033','3730640','2','69'),
('4378019','3786122','2','108'),
('5688801','4378011','2','90'),
('5688856','4274416','2','68'),
('5688801','4378012','2','110'),
('4274392','6446121','2','128'),
('4377990','3730693','2','47'),
('4274392','6446120','2','85'),
('4378026','4423351','2','59'),
('4274402','6446111','2','130'),
('4274411','4293219','2','102'),
('4274422','3730681','2','139'),
('4274422','3730682','2','69'),
('4378041','3730675','2','139'),
('4378024','3786080','2','117'),
('4274420','3730682','2','72'),
('4274420','3730683','2','60'),
('4274392','4377727','2','135'),
('4274392','4377726','2','128'),
('4378034','6075106','2','31'),
('4378024','3786078','2','14'),
('4378280','4274399','2','114'),
('4378028','3786127','2','117'),
('4378024','3786077','2','123'),
('4378280','4274398','2','117'),
('4378028','3786126','2','134'),
('4378024','3786079','2','108'),
('4378008','3730354','2','64'),
('4378019','3786125','2','131'),
('4377979','4124808','2','16'),
('4378016','3730644','2','45'),
('4378019','3786124','2','123'),
('4378016','3730645','2','66'),
('4274413','3786123','2','138'),
('4274413','3786122','2','55'),
('4274418','4423352','2','134'),
('4274422','3864904','2','143'),
('5688797','4378009','2','13'),
('4274408','3730352','2','39'),
('4274408','3730351','2','52'),
('4378033','3730639','2','84'),
('4274420','3730675','2','142'),
('4274409','4770136','2','90'),
('4274409','4770135','2','97'),
('4274409','4834580','2','97'),
('4274409','4834581','2','90'),
('4274411','4834649','2','102'),
('5688803','4274410','2','14'),
('4378026','3786125','2','25'),
('4378043','4423356','2','125'),
('4378012','4834580','2','109'),
('4378026','3786123','2','129'),
('4378026','3786124','2','5'),
('4378017','3786123','2','123'),
('5688804','4378015','2','102'),
('4274397','3730659','2','40'),
('4378026','4834676','2','59'),
('4274412','4834676','2','79'),
('4378017','3786125','2','23'),
('4378038','4284925','2','38'),
('4378038','4284926','2','8'),
('4377990','6446117','2','38'),
('4377990','6446116','2','40'),
('4378033','3730682','2','84'),
('4378011','4770136','2','90'),
('4378033','3730683','2','69'),
('4274397','3730660','2','38'),
('4378027','4834676','2','73'),
('4377974','6446124','2','18'),
('4377990','4124811','2','38'),
('4377989','6446117','2','38'),
('4378011','4770135','2','97'),
('4377989','6446116','2','40'),
('4378280','4377992','2','114'),
('4274410','4834583','2','14'),
('5688797','4274408','2','13'),
('4378280','4377991','2','117'),
('4274412','3786124','2','23'),
('4274412','3786123','2','131'),
('4274407','3730353','2','64'),
('4274398','3730052','2','117'),
('4274420','6075108','2','14'),
('4274398','3730051','2','120'),
('4378026','3730685','2','59'),
('4274420','6075109','2','51'),
('4274398','4377733','2','24'),
('4274392','3730665','2','135'),
('4378017','3730644','2','62'),
('4378027','4423351','2','38'),
('4378015','4834584','2','102'),
('4378007','4770133','2','45'),
('4378007','4770134','2','22'),
('4378017','3730645','2','86'),
('4274418','3786081','2','134'),
('4274417','3786125','2','25'),
('4274417','3786124','2','5'),
('4274417','3786123','2','129'),
('4274399','3730051','2','93'),
('5688806','4378019','2','138'),
('4274393','6446121','2','119'),
('5688806','4274414','2','121'),
('4274399','3730052','2','114'),
('4274397','3730370','2','47'),
('5688806','4378020','2','121'),
('5688806','4378021','2','121'),
('4274397','3730369','2','38'),
('4274421','6075106','2','31'),
('4378032','3864904','2','51'),
('5688806','4378025','2','102'),
('4378032','3864903','2','14'),
('4274418','3786082','2','117'),
('4274397','3730693','2','47'),
('4378032','4423348','2','72'),
('4274420','3864903','2','14'),
('4274420','3864904','2','51'),
('4377983','3730663','2','9'),
('4378280','4378044','2','101'),
('4274407','4834578','2','45'),
('4274397','4124811','2','38'),
('4378032','4423349','2','60'),
('4274421','3864901','2','31'),
('4274407','4834579','2','22'),
('4377982','3730671','2','14'),
('4377975','4124807','2','18'),
('5688800','4274409','2','97'),
('4378017','3786078','2','123'),
('4378016','4834676','2','79'),
('4274412','3730644','2','45'),
('4274407','4472949','2','22'),
('4274407','4472948','2','45'),
('4274412','3730645','2','66'),
('4377982','3730665','2','118'),
('5688796','4378010','2','13'),
('4378017','3786080','2','23'),
('4377989','4124811','2','38'),
('4378019','3786079','2','123'),
('4378273','4274389','2','73'),
('4378034','3864901','2','31'),
('4274413','3786078','2','138'),
('4274424','6251796','2','45'),
('4378026','3730644','2','59'),
('4377989','3730370','2','47'),
('4274413','3786077','2','55'),
('4378026','3730645','2','83'),
('4274416','3786078','2','14'),
('4378045','3730665','2','55'),
('4274416','3786077','2','123'),
('4274416','3786079','2','108'),
('4378019','3786080','2','131'),
('4274389','3730045','2','73'),
('4377989','3730369','2','38'),
('4378028','3786082','2','117'),
('4377987','4377732','2','143'),
('4378017','3730685','2','62'),
('4378028','3786081','2','134'),
('4274418','4834650','2','134'),
('4274418','4834651','2','117'),
('4378039','7153156','2','127'),
('4274389','3730046','2','129'),
('4377991','4377733','2','24'),
('4378018','3786122','2','55'),
('4378039','7153155','2','82'),
('4378036','3864904','2','143'),
('4378018','3786123','2','138'),
('4377998','4651119','2','43'),
('4274406','3730355','2','108'),
('4378019','3786077','2','108'),
('4274422','6075109','2','143'),
('4378018','3786078','2','138'),
('4378273','4377975','2','74'),
('4378025','3786078','2','35'),
('4378273','4377974','2','73'),
('4378025','3786077','2','75'),
('4274418','4834587','2','117'),
('4274418','4834586','2','134'),
('4274392','4124809','2','128'),
('4274417','3786079','2','5'),
('4274417','3786078','2','129'),
('4378028','3730686','2','134'),
('4378012','4124817','2','109'),
('4274410','4770138','2','14'),
('4274416','3786080','2','117'),
('4377996','6446112','2','10'),
('4274417','3786080','2','25'),
('4378013','4834647','2','14'),
('4378007','4834643','2','22'),
('4377981','4377726','2','119'),
('4378036','3730637','2','139'),
('4378007','4834642','2','45'),
('4378036','6075109','2','143'),
('4377981','4377727','2','132'),
('4377974','3730046','2','129'),
('4378036','3730639','2','69'),
('4378016','3786123','2','131'),
('4377974','3730045','2','73'),
('4378016','3786124','2','23'),
('4378033','3864904','2','45'),
('4378011','4834644','2','97'),
('4378011','4834645','2','90'),
('4377981','3730665','2','132'),
('4378015','4293218','2','102'),
('4378039','4284926','2','13'),
('4378039','4284925','2','42'),
('4377975','6446125','2','18'),
('4378026','4834619','2','59'),
('4274389','3730367','2','66'),
('4274412','4423351','2','45'),
('4274389','3730368','2','80'),
('4378009','3730352','2','39'),
('4378009','3730351','2','52'),
('4378016','4423351','2','45'),
('4378014','4834585','2','102'),
('4377974','3730368','2','80'),
('5688805','4274411','2','102'),
('4377974','3730367','2','66'),
('4274412','4834619','2','79'),
('4274424','4284925','2','53'),
('4378005','3730355','2','108'),
('4274424','4284926','2','38'),
('4378018','3786077','2','55'),
('4274393','4377727','2','132'),
('4377984','3730664','2','9'),
('4274393','4377726','2','119'),
('4378028','4834651','2','117'),
('4378028','4834650','2','134'),
('4378036','3730681','2','139'),
('4378036','3730682','2','69'),
('4378028','3730647','2','117'),
('4378008','4770134','2','51'),
('4378028','3730646','2','134'),
('4378008','4770133','2','49'),
('4274397','4377731','2','47'),
('4378036','4423348','2','69'),
('4377978','6446122','2','16'),
('4378036','4423347','2','139'),
('4274397','4377730','2','38'),
('4378011','4472951','2','90'),
('4377982','4124809','2','105'),
('4378011','4472950','2','97'),
('4378279','4274399','2','93'),
('4378279','4274398','2','120'),
('4274420','4423349','2','60'),
('4378028','4834586','2','134'),
('4378028','4834587','2','117'),
('4378010','3730351','2','66'),
('4378042','6446103','2','118'),
('4378042','6446104','2','123'),
('4378010','3730352','2','40'),
('4274407','4770133','2','45'),
('4377975','3730367','2','47'),
('4274407','4770134','2','22'),
('4274420','4423348','2','72'),
('4377975','3730368','2','61'),
('4274416','3786125','2','117'),
('4274424','7153155','2','132'),
('4274416','3786124','2','108'),
('4274424','7153156','2','96'),
('4274416','3786123','2','14'),
('4274416','3786122','2','123'),
('4377998','6446126','2','43'),
('4377998','6446127','2','141'),
('4378015','4834648','2','102'),
('4274389','6446124','2','18'),
('4377980','4377726','2','128'),
('4378025','3786122','2','75'),
('4377980','4377727','2','135'),
('4378025','3786123','2','35'),
('4378014','4293219','2','102'),
('4377991','3730051','2','120'),
('4377991','3730052','2','117'),
('4378028','4423352','2','134'),
('4378014','4834649','2','102'),
('4377998','6446111','2','141'),
('4378274','4377975','2','122'),
('4377979','6446123','2','16'),
('4378274','4377974','2','129'),
('4274424','6251861','2','96'),
('4378012','4770136','2','110'),
('4274397','4423359','2','47'),
('4378012','4770135','2','109'),
('4274407','4834642','2','45'),
('4378045','6446121','2','44'),
('4274407','4834643','2','22'),
('4378035','3864901','2','31'),
('4274424','6251860','2','132'),
('4274412','3786079','2','23'),
('4274412','3786078','2','131');
INSERT INTO stops (stop_id,stop_code,stop_name,stop_desc,stop_lat,stop_lon,location_type,parent_station) VALUES
('4378002','','A.R.E.P.A.','2 R LEON BLUM - 94038','48.76834145416728','2.3240384295926004','0',''),
('4378003','','BLONDEAUX - ECOLES','RUE DE CHALAIS - 94038','48.77068778511185','2.3290009485512337','0',''),
('4378004','','BLONDEAUX - ECOLES','RUE DE CHALAIS - 94038','48.77068778511185','2.3290009485512337','0',''),
('4378005','','COLLEGE RONSARD','49 AVENUE CHARLES FLOUQUET - 94038','48.773617476536444','2.324390644589767','0',''),
('4378000','','AVARA - GYMNASE VALLEE AUX RENARDS','22 R JEAN MOULIN - 94034','48.76514164025628','2.3235225905373227','0',''),
('4274389','','PASTEUR','FACE 7-9 BOULEVARD PASTEUR - 94034','48.75972109850383','2.318330844280497','0',''),
('4378001','','A.R.E.P.A.','FACE 72 R DE LA VALLEE AUX RENARDS - 94038','48.769150449119266','2.324677291068708','0',''),
('4274409','','COMMISSARIAT DE L''HAY-LES-ROSES','FACE 16-18 AVENUE JULES GRAVEREAUX - 94038','48.77720420688661','2.330645426735226','0',''),
('4274405','','BLONDEAUX - ECOLES','RUE DE CHALAIS - 94038','48.77068778511185','2.3290009485512337','0',''),
('4378007','','BARBUSSE - LARROUMES','4 AVENUE HENRI BARBUSSE - 94038','48.77572986087126','2.326389159474474','0',''),
('4274406','','COLLEGE RONSARD','49 AVENUE CHARLES FLOUQUET - 94038','48.773617476536444','2.324390644589767','0',''),
('4378006','','COLLEGE RONSARD','FACE 59 AVENUE CHARLES FLOUQUET - 94038','48.77266465724943','2.3236021909786224','0',''),
('4274407','','BARBUSSE - LARROUMES','4 AVENUE HENRI BARBUSSE - 94038','48.77572986087126','2.326389159474474','0',''),
('4378009','','PETIT ROBINSON','59 RUE DE LA COSARDE - 94038','48.77927130313195','2.3284419923184068','0',''),
('4274408','','PETIT ROBINSON','59 RUE DE LA COSARDE - 94038','48.77927130313195','2.3284419923184068','0',''),
('4378008','','BARBUSSE - LARROUMES','FACE 3 AVENUE CHARLES FLOUQUET - 94038','48.77510965880391','2.3260765182652072','0',''),
('4274401','','CHARCOT - ZOLA','FACE 39 RUE EMILE ZOLA - 94034','48.76106133960879','2.326405820962682','0',''),
('4274402','','POSTE ANNEXE','FACE 43 RUE EMILE ZOLA - 94034','48.76456680792492','2.3276559189748434','0',''),
('4274403','','AVARA - GYMNASE VALLEE AUX RENARDS','1 R JEAN MOULIN - 94034','48.76603144806215','2.3234135845464023','0',''),
('4274404','','A.R.E.P.A.','FACE 72 R DE LA VALLEE AUX RENARDS - 94038','48.769150449119266','2.324677291068708','0',''),
('4274400','','CIMETIERE DE FRESNES','5 R DE LA BUTTE - 94034','48.75881476525839','2.3342502993285827','0',''),
('4274399','','CLOS LA GARENNE','AV EDOUARD HERRIOT - 94034','48.75524612449099','2.3276848270817165','0',''),
('4274397','','CENTRE ADMINISTRATIF','17-19 R ROGER SALENGRO - 94034','48.75604539891785','2.3214043692119475','0',''),
('4274398','','ALBERT ROPER','14 RUE ALBERT ROPER - 94034','48.75386172672599','2.325251903610218','0',''),
('4274396','','MAISON DE RETRAITE','27-29 R JULIEN CHAILLIOUX - 94034','48.75280995344707','2.3237841132649644','0',''),
('4274395','','THIBAUDES','FACE 47-49 AV DU PARC DES SPORTS - 94034','48.74987972944154','2.3231324501238246','0',''),
('4274394','','PARC DES SPORTS','FACE 15 AVENUE DU PARC DES SPORTS - 94034','48.75198192285552','2.3161044616529747','0',''),
('4274393','','8 MAI 1945','AVENUE DU PARC DES SPORTS - 94034','48.75273637115016','2.3131680923667566','0',''),
('4274418','','STADE L''HAYETTE','FACE 27 R DE CHEVILLY - 94038','48.77607181309093','2.341837536613974','0',''),
('4274392','','YVON - PASTEUR','72 BD PASTEUR - 94034','48.75521709399899','2.313112568636334','0',''),
('4274419','','CHEVILLY - DAHLIAS','FACE 83 R DE CHEVILLY - 94038','48.77467824735916','2.3482831603132195','0',''),
('4274391','','LA PEUPLERAIE','FACE 65 BOULEVARD PASTEUR - 94034','48.756961219677066','2.315300390249999','0',''),
('4274416','','DE GAULLE - GOUNOD - TABANOU.','58 BOULEVARD PAUL VAILLANT COUTURIER - 94038','48.7800355543998','2.3408314847242293','0',''),
('4274390','','FOYER EMILE ROUX','2 R DU DOCTEUR EMILE ROUX - 94034','48.75687180698333','2.3180056265785707','0',''),
('4274417','','HENRI THIRARD - LEON JOUHAUX.','BOULEVARD PAUL VAILLANT COUTURIER - 94038','48.778903076266886','2.340545812408918','0',''),
('4274414','','TENNIS','42 AV DU GENERAL DE GAULLE - 94038','48.782039755746986','2.3436333359184234','0',''),
('4274415','','CENTRE COMMERCIAL DE L''HAY-LES-ROSES','0 NR - 94038','48.78478099183424','2.3451570145813214','0',''),
('4274412','','HENRI THIRARD - LEON JOUHAUX','BOULEVARD PAUL VAILLANT COUTURIER - 94038','48.77886711314606','2.340926602240112','0',''),
('4274413','','DE GAULLE - GOUNOD - TABANOU','32 AVENUE DU GENERAL DE GAULLE - 94038','48.78124888113994','2.3422324035454314','0',''),
('4274410','','SOUS-PREFECTURE - EGLISE DE L''HAY-LES-ROSES','FACE 13 RUE JEAN JAURES - 94038','48.77827394172297','2.3350379495207525','0',''),
('4274411','','MAIRIE DE L''HAY-LES-ROSES','40 RUE JEAN JAURES - 94038','48.77882222928945','2.3376490697971875','0',''),
('4378017','','HENRI THIRARD - LEON JOUHAUX','BOULEVARD PAUL VAILLANT COUTURIER - 94038','48.77895700307597','2.340586615053609','0',''),
('4378018','','DE GAULLE - GOUNOD - TABANOU','32 AVENUE DU GENERAL DE GAULLE - 94038','48.78124888113994','2.3422324035454314','0',''),
('4378019','','DE GAULLE - GOUNOD - TABANOU','58 BOULEVARD PAUL VAILLANT COUTURIER - 94038','48.78017936047285','2.340885894880827','0',''),
('4378014','','MAIRIE DE L''HAY-LES-ROSES','40 RUE JEAN JAURES - 94038','48.77882222928945','2.3376490697971875','0',''),
('4378013','','SOUS-PREFECTURE - EGLISE DE L''HAY-LES-ROSES','FACE 13 RUE JEAN JAURES - 94038','48.77827394172297','2.3350379495207525','0',''),
('4378016','','HENRI THIRARD - LEON JOUHAUX','BOULEVARD PAUL VAILLANT COUTURIER - 94038','48.77886711314606','2.340926602240112','0',''),
('4378015','','MAIRIE DE L''HAY-LES-ROSES','11 RUE DES JARDINS - 94038','48.779846859794795','2.337689877550507','0',''),
('4378010','','PETIT ROBINSON','46 RUE DE LA COSARDE - 94038','48.77936119499181','2.3286051752442676','0',''),
('4378012','','COMMISSARIAT DE L''HAY-LES-ROSES','24 AVENUE JULES GRAVEREAUX - 94038','48.7774019620586','2.330998984286633','0',''),
('4378011','','COMMISSARIAT DE L''HAY-LES-ROSES','FACE 16-18 AVENUE JULES GRAVEREAUX - 94038','48.77720420688661','2.330645426735226','0',''),
('4378028','','STADE L''HAYETTE','FACE 27 R DE CHEVILLY - 94038','48.77607181309093','2.341837536613974','0',''),
('4378029','','STADE L''HAYETTE','R DE CHEVILLY - 94038','48.77590097447368','2.3433198061874574','0',''),
('4377974','','PASTEUR','FACE 7-9 BOULEVARD PASTEUR - 94034','48.75972109850383','2.318330844280497','0',''),
('4377975','','PASTEUR','3 BOULEVARD PASTEUR - 94034','48.75969417922064','2.3186163428002002','0',''),
('4377976','','FOYER EMILE ROUX','2 R DU DOCTEUR EMILE ROUX - 94034','48.75687180698333','2.3180056265785707','0',''),
('4377977','','FOYER EMILE ROUX','2 R DU DOCTEUR EMILE ROUX - 94034','48.75687180698333','2.3180056265785707','0',''),
('4377978','','LA PEUPLERAIE','FACE 65 BOULEVARD PASTEUR - 94034','48.756961219677066','2.315300390249999','0',''),
('4377979','','LA PEUPLERAIE','FACE 38 BOULEVARD PASTEUR - 94034','48.756889356962006','2.3155315180484903','0',''),
('4378027','','HENRI THIRARD - LEON JOUHAUX.','BOULEVARD PAUL VAILLANT COUTURIER - 94038','48.77878622247403','2.3408857974269104','0',''),
('4378026','','HENRI THIRARD - LEON JOUHAUX.','BOULEVARD PAUL VAILLANT COUTURIER - 94038','48.778903076266886','2.340545812408918','0',''),
('4378025','','DE GAULLE - GOUNOD - TABANOU.','32 AVENUE DU GENERAL DE GAULLE - 94038','48.78045797701497','2.3412259177410433','0',''),
('4378024','','DE GAULLE - GOUNOD - TABANOU.','58 BOULEVARD PAUL VAILLANT COUTURIER - 94038','48.7800355543998','2.3408314847242293','0',''),
('4378023','','CENTRE COMMERCIAL DE L''HAY-LES-ROSES','0 NR - 94038','48.78478099183424','2.3451570145813214','0',''),
('4378022','','CENTRE COMMERCIAL DE L''HAY-LES-ROSES','0 NR - 94038','48.78478099183424','2.3451570145813214','0',''),
('4378021','','TENNIS','42 AV DU GENERAL DE GAULLE - 94038','48.782039755746986','2.3436333359184234','0',''),
('4378020','','TENNIS','42 AV DU GENERAL DE GAULLE - 94038','48.782039755746986','2.3436333359184234','0',''),
('4274422','','RUE DE LALLIER','FACE 25 RUE PAUL HOCHART - 94021','48.774695416585395','2.3549600895228378','0',''),
('4378039','','DOMAINE CHERIOUX','RUE PAUL HOCHART - 94038','48.77872858930467','2.3671603797493193','0',''),
('4274421','','LES DAHLIAS','FACE 141 RUE DE BICETRE - 94038','48.7773468779113','2.354974592688749','0',''),
('4274420','','LES COQUELICOTS','96 R DE BICETRE - 94038','48.775585469471835','2.3532741343435917','0',''),
('4274424','','DOMAINE CHERIOUX','RUE PAUL HOCHART - 94038','48.779160107992375','2.3667798339164943','0',''),
('4274423','','RUE PAUL HOCHART','FACE 103 R PAUL HOCHART - 94038','48.777112161125245','2.3608901904096506','0',''),
('4377983','','PARC DES SPORTS','FACE 15 AVENUE DU PARC DES SPORTS - 94034','48.75198192285552','2.3161044616529747','0',''),
('4377982','','8 MAI 1945','3 BIS AV DU PARC DES SPORTS - 94034','48.752880176429336','2.313140839890511','0',''),
('4377981','','8 MAI 1945','AVENUE DU PARC DES SPORTS - 94034','48.75273637115016','2.3131680923667566','0',''),
('4377980','','YVON - PASTEUR','72 BD PASTEUR - 94034','48.75521709399899','2.313112568636334','0',''),
('4377988','','MAISON DE RETRAITE','FACE 27-29 R JULIEN CHAILLIOUX - 94034','48.75285487728444','2.3236345795952063','0',''),
('4377989','','CENTRE ADMINISTRATIF','17-19 R ROGER SALENGRO - 94034','48.75604539891785','2.3214043692119475','0',''),
('4377986','','THIBAUDES','AV DU PARC DES SPORTS - 94034','48.749879812834166','2.3238528331836896','0',''),
('4377987','','MAISON DE RETRAITE','27-29 R JULIEN CHAILLIOUX - 94034','48.75280995344707','2.3237841132649644','0',''),
('4377984','','PARC DES SPORTS','11-13 AVENUE DU PARC DES SPORTS - 94034','48.752071816727536','2.3161723886118133','0',''),
('4378030','','CHEVILLY - DAHLIAS','FACE 83 R DE CHEVILLY - 94038','48.77467824735916','2.3482831603132195','0',''),
('4377985','','THIBAUDES','FACE 47-49 AV DU PARC DES SPORTS - 94034','48.74987972944154','2.3231324501238246','0',''),
('4378032','','LES COQUELICOTS','96 R DE BICETRE - 94038','48.775585469471835','2.3532741343435917','0',''),
('4378031','','CHEVILLY - DAHLIAS','85 R DE CHEVILLY - 94038','48.774705170259466','2.3487183221535797','0',''),
('4378034','','LES DAHLIAS','FACE 141 RUE DE BICETRE - 94038','48.7773468779113','2.354974592688749','0',''),
('4378033','','LES COQUELICOTS','105 RUE DE BICETRE - 94038','48.7755765105731','2.3530565498669422','0',''),
('4378036','','RUE DE LALLIER','FACE 25 RUE PAUL HOCHART - 94021','48.774695416585395','2.3549600895228378','0',''),
('4378035','','LES DAHLIAS','FACE 141 RUE DE BICETRE - 94038','48.7773468779113','2.354974592688749','0',''),
('4378038','','DOMAINE CHERIOUX','AVENUE STALINGRAD - 94021','48.77878251725438','2.3671604107990403','0',''),
('4378037','','RUE PAUL HOCHART','FACE 103 R PAUL HOCHART - 94038','48.777112161125245','2.3608901904096506','0',''),
('4377992','','CLOS LA GARENNE','AV EDOUARD HERRIOT - 94034','48.75524612449099','2.3276848270817165','0',''),
('4377991','','ALBERT ROPER','14 RUE ALBERT ROPER - 94034','48.75386172672599','2.325251903610218','0',''),
('4377994','','CIMETIERE DE FRESNES','5 R DE LA BUTTE - 94034','48.75881476525839','2.3342502993285827','0',''),
('4377993','','CLOS LA GARENNE','AV EDOUARD HERRIOT - 94034','48.755722497853945','2.327698333047571','0',''),
('4377990','','CENTRE ADMINISTRATIF','17-19 R ROGER SALENGRO - 94034','48.75604539891785','2.3214043692119475','0',''),
('4377999','','AVARA - GYMNASE VALLEE AUX RENARDS','1 R JEAN MOULIN - 94034','48.76603144806215','2.3234135845464023','0',''),
('4378041','','POITOU','39 RUE PAUL HOCHART - 94038','48.775575985902144','2.3566058513906185','0',''),
('4377995','','CIMETIERE DE FRESNES','5 R DE LA BUTTE - 94034','48.75881476525839','2.3342502993285827','0',''),
('4377996','','CHARCOT - ZOLA','FACE 39 RUE EMILE ZOLA - 94034','48.76106133960879','2.326405820962682','0',''),
('4378040','','RUE PAUL HOCHART','FACE 146 RUE PAUL HOCHART - 94021','48.77756135693098','2.3618967487172866','0',''),
('4377997','','POSTE ANNEXE','FACE 43 RUE EMILE ZOLA - 94034','48.76456680792492','2.3276559189748434','0',''),
('4377998','','POSTE ANNEXE','FACE 2 R DU GENERAL LOUIS WARABIOT - 94034','48.764962261664856','2.327383924362789','0',''),
('4378045','','PASTEUR-JAURES','95-97 BOULEVARD PASTEUR - 94034','48.7543631910671','2.3129770321900693','0',''),
('4378044','','FERME DE COTTINVILLE','35 R MAURICE TENINE - 94034','48.75522808683047','2.3269507796571895','0',''),
('4378043','','MARCHE NORD','AV DE LA PAIX - 94034','48.762841302824974','2.3307560170898136','0',''),
('4378042','','SOUS-PREFECTURE','2 AV LARROUMES - 94038','48.7777256309631','2.3333652443047037','0','');
