INSERT INTO stop_times (trip_id,arrival_time,departure_time,stop_id,stop_sequence,stop_headsign,shape_dist_traveled) VALUES
('124694270962626','04:55:00','04:55:00','4118150','1','',''),
('124694270962626','04:56:00','04:56:00','4118151','2','',''),
('124694270962626','04:56:00','04:56:00','4118152','3','',''),
('124694270962626','04:57:00','04:57:00','4118153','4','',''),
('124694270962626','04:57:00','04:57:00','4118154','5','',''),
('124694270962626','04:59:00','04:59:00','4118155','6','',''),
('124694270962626','05:01:00','05:01:00','4118156','7','',''),
('124694270962626','05:02:00','05:02:00','4118157','8','',''),
('124694270962626','05:03:00','05:03:00','4118158','9','',''),
('124694270962626','05:05:00','05:05:00','4118159','10','',''),
('124694270962626','05:06:00','05:06:00','4118160','11','',''),
('124694270962626','05:06:00','05:06:00','4118161','12','',''),
('124694270962626','05:10:00','05:10:00','4118162','13','',''),
('124694270962626','05:11:00','05:11:00','4118163','14','',''),
('124694270962626','05:12:00','05:12:00','4118164','15','',''),
('124694270962626','05:13:00','05:13:00','4118165','16','',''),
('124694270962626','05:14:00','05:14:00','4118166','17','',''),
('124694270962626','05:15:00','05:15:00','4118167','18','',''),
('124694270962626','05:16:00','05:16:00','4118168','19','',''),
('124694270962626','05:17:00','05:17:00','4118169','20','',''),
('124985870962626','04:55:00','04:55:00','4118150','1','',''),
('124985870962626','04:56:00','04:56:00','4118151','2','',''),
('124985870962626','04:56:00','04:56:00','4118152','3','',''),
('124985870962626','04:57:00','04:57:00','4118153','4','',''),
('124985870962626','04:57:00','04:57:00','4118154','5','',''),
('124985870962626','04:59:00','04:59:00','4118155','6','',''),
('124985870962626','05:01:00','05:01:00','4118156','7','',''),
('124985870962626','05:02:00','05:02:00','4118157','8','',''),
('124985870962626','05:03:00','05:03:00','4118158','9','',''),
('124985870962626','05:05:00','05:05:00','4118159','10','',''),
('124985870962626','05:06:00','05:06:00','4118160','11','',''),
('124985870962626','05:06:00','05:06:00','4118161','12','',''),
('124985870962626','05:10:00','05:10:00','4118162','13','',''),
('124985870962626','05:11:00','05:11:00','4118163','14','',''),
('124985870962626','05:12:00','05:12:00','4118164','15','',''),
('124985870962626','05:13:00','05:13:00','4118165','16','',''),
('124985870962626','05:14:00','05:14:00','4118166','17','',''),
('124985870962626','05:15:00','05:15:00','4118167','18','',''),
('124985870962626','05:16:00','05:16:00','4118168','19','',''),
('124985870962626','05:17:00','05:17:00','4118169','20','',''),
('124985880962626','04:55:00','04:55:00','4118150','1','',''),
('124985880962626','04:56:00','04:56:00','4118151','2','',''),
('124985880962626','04:56:00','04:56:00','4118152','3','',''),
('124985880962626','04:57:00','04:57:00','4118153','4','',''),
('124985880962626','04:57:00','04:57:00','4118154','5','',''),
('124985880962626','04:59:00','04:59:00','4118155','6','',''),
('124985880962626','05:01:00','05:01:00','4118156','7','',''),
('124985880962626','05:02:00','05:02:00','4118157','8','',''),
('124985880962626','05:03:00','05:03:00','4118158','9','',''),
('124985880962626','05:05:00','05:05:00','4118159','10','',''),
('124985880962626','05:06:00','05:06:00','4118160','11','',''),
('124985880962626','05:06:00','05:06:00','4118161','12','',''),
('124985880962626','05:10:00','05:10:00','4118162','13','',''),
('124985880962626','05:11:00','05:11:00','4118163','14','',''),
('124985880962626','05:12:00','05:12:00','4118164','15','',''),
('124985880962626','05:13:00','05:13:00','4118165','16','',''),
('124985880962626','05:14:00','05:14:00','4118166','17','',''),
('124985880962626','05:15:00','05:15:00','4118167','18','',''),
('124985880962626','05:16:00','05:16:00','4118168','19','',''),
('124985880962626','05:17:00','05:17:00','4118169','20','',''),
('124985890962626','04:55:00','04:55:00','4118150','1','',''),
('124985890962626','04:56:00','04:56:00','4118151','2','',''),
('124985890962626','04:56:00','04:56:00','4118152','3','',''),
('124985890962626','04:57:00','04:57:00','4118153','4','',''),
('124985890962626','04:57:00','04:57:00','4118154','5','',''),
('124985890962626','04:59:00','04:59:00','4118155','6','',''),
('124985890962626','05:01:00','05:01:00','4118156','7','',''),
('124985890962626','05:02:00','05:02:00','4118157','8','',''),
('124985890962626','05:03:00','05:03:00','4118158','9','',''),
('124985890962626','05:05:00','05:05:00','4118159','10','',''),
('124985890962626','05:06:00','05:06:00','4118160','11','',''),
('124985890962626','05:06:00','05:06:00','4118161','12','',''),
('124985890962626','05:10:00','05:10:00','4118162','13','',''),
('124985890962626','05:11:00','05:11:00','4118163','14','',''),
('124985890962626','05:12:00','05:12:00','4118164','15','',''),
('124985890962626','05:13:00','05:13:00','4118165','16','',''),
('124985890962626','05:14:00','05:14:00','4118166','17','',''),
('124985890962626','05:15:00','05:15:00','4118167','18','',''),
('124985890962626','05:16:00','05:16:00','4118168','19','',''),
('124985890962626','05:17:00','05:17:00','4118169','20','',''),
('125346030962626','04:55:00','04:55:00','4118150','1','',''),
('125346030962626','04:56:00','04:56:00','4118151','2','',''),
('125346030962626','04:56:00','04:56:00','4118152','3','',''),
('125346030962626','04:57:00','04:57:00','4118153','4','',''),
('125346030962626','04:57:00','04:57:00','4118154','5','',''),
('125346030962626','04:59:00','04:59:00','4118155','6','',''),
('125346030962626','05:01:00','05:01:00','4118156','7','',''),
('125346030962626','05:02:00','05:02:00','4118157','8','',''),
('125346030962626','05:03:00','05:03:00','4118158','9','',''),
('125346030962626','05:05:00','05:05:00','4118159','10','',''),
('125346030962626','05:06:00','05:06:00','4118160','11','',''),
('125346030962626','05:06:00','05:06:00','4118161','12','',''),
('125346030962626','05:10:00','05:10:00','4118162','13','',''),
('125346030962626','05:11:00','05:11:00','4118163','14','',''),
('125346030962626','05:12:00','05:12:00','4118164','15','',''),
('125346030962626','05:13:00','05:13:00','4118165','16','',''),
('125346030962626','05:14:00','05:14:00','4118166','17','',''),
('125346030962626','05:15:00','05:15:00','4118167','18','',''),
('125346030962626','05:16:00','05:16:00','4118168','19','',''),
('125346030962626','05:17:00','05:17:00','4118169','20','',''),
('125346040962626','04:55:00','04:55:00','4118150','1','',''),
('125346040962626','04:56:00','04:56:00','4118151','2','',''),
('125346040962626','04:56:00','04:56:00','4118152','3','',''),
('125346040962626','04:57:00','04:57:00','4118153','4','',''),
('125346040962626','04:57:00','04:57:00','4118154','5','',''),
('125346040962626','04:59:00','04:59:00','4118155','6','',''),
('125346040962626','05:01:00','05:01:00','4118156','7','',''),
('125346040962626','05:02:00','05:02:00','4118157','8','',''),
('125346040962626','05:03:00','05:03:00','4118158','9','',''),
('125346040962626','05:05:00','05:05:00','4118159','10','',''),
('125346040962626','05:06:00','05:06:00','4118160','11','',''),
('125346040962626','05:06:00','05:06:00','4118161','12','',''),
('125346040962626','05:10:00','05:10:00','4118162','13','',''),
('125346040962626','05:11:00','05:11:00','4118163','14','',''),
('125346040962626','05:12:00','05:12:00','4118164','15','',''),
('125346040962626','05:13:00','05:13:00','4118165','16','',''),
('125346040962626','05:14:00','05:14:00','4118166','17','',''),
('125346040962626','05:15:00','05:15:00','4118167','18','',''),
('125346040962626','05:16:00','05:16:00','4118168','19','',''),
('125346040962626','05:17:00','05:17:00','4118169','20','',''),
('125346050962626','04:55:00','04:55:00','4118150','1','',''),
('125346050962626','04:56:00','04:56:00','4118151','2','',''),
('125346050962626','04:56:00','04:56:00','4118152','3','',''),
('125346050962626','04:57:00','04:57:00','4118153','4','',''),
('125346050962626','04:57:00','04:57:00','4118154','5','',''),
('125346050962626','04:59:00','04:59:00','4118155','6','',''),
('125346050962626','05:01:00','05:01:00','4118156','7','',''),
('125346050962626','05:02:00','05:02:00','4118157','8','',''),
('125346050962626','05:03:00','05:03:00','4118158','9','',''),
('125346050962626','05:05:00','05:05:00','4118159','10','',''),
('125346050962626','05:06:00','05:06:00','4118160','11','',''),
('125346050962626','05:06:00','05:06:00','4118161','12','',''),
('125346050962626','05:10:00','05:10:00','4118162','13','',''),
('125346050962626','05:11:00','05:11:00','4118163','14','',''),
('125346050962626','05:12:00','05:12:00','4118164','15','',''),
('125346050962626','05:13:00','05:13:00','4118165','16','',''),
('125346050962626','05:14:00','05:14:00','4118166','17','',''),
('125346050962626','05:15:00','05:15:00','4118167','18','',''),
('125346050962626','05:16:00','05:16:00','4118168','19','',''),
('125346050962626','05:17:00','05:17:00','4118169','20','',''),
('125346060962626','04:55:00','04:55:00','4118150','1','',''),
('125346060962626','04:56:00','04:56:00','4118151','2','',''),
('125346060962626','04:56:00','04:56:00','4118152','3','',''),
('125346060962626','04:57:00','04:57:00','4118153','4','',''),
('125346060962626','04:57:00','04:57:00','4118154','5','',''),
('125346060962626','04:59:00','04:59:00','4118155','6','',''),
('125346060962626','05:01:00','05:01:00','4118156','7','',''),
('125346060962626','05:02:00','05:02:00','4118157','8','',''),
('125346060962626','05:03:00','05:03:00','4118158','9','',''),
('125346060962626','05:05:00','05:05:00','4118159','10','',''),
('125346060962626','05:06:00','05:06:00','4118160','11','',''),
('125346060962626','05:06:00','05:06:00','4118161','12','',''),
('125346060962626','05:10:00','05:10:00','4118162','13','',''),
('125346060962626','05:11:00','05:11:00','4118163','14','',''),
('125346060962626','05:12:00','05:12:00','4118164','15','',''),
('125346060962626','05:13:00','05:13:00','4118165','16','',''),
('125346060962626','05:14:00','05:14:00','4118166','17','',''),
('125346060962626','05:15:00','05:15:00','4118167','18','',''),
('125346060962626','05:16:00','05:16:00','4118168','19','',''),
('125346060962626','05:17:00','05:17:00','4118169','20','',''),
('224694270962626','05:24:00','05:24:00','4118150','1','',''),
('224694270962626','05:25:00','05:25:00','4118151','2','',''),
('224694270962626','05:25:00','05:25:00','4118152','3','',''),
('224694270962626','05:26:00','05:26:00','4118153','4','',''),
('224694270962626','05:26:00','05:26:00','4118154','5','',''),
('224694270962626','05:28:00','05:28:00','4118155','6','',''),
('224694270962626','05:30:00','05:30:00','4118156','7','',''),
('224694270962626','05:31:00','05:31:00','4118157','8','',''),
('224694270962626','05:32:00','05:32:00','4118158','9','',''),
('224694270962626','05:34:00','05:34:00','4118159','10','',''),
('224694270962626','05:35:00','05:35:00','4118160','11','',''),
('224694270962626','05:35:00','05:35:00','4118161','12','',''),
('224694270962626','05:39:00','05:39:00','4118162','13','',''),
('224694270962626','05:40:00','05:40:00','4118163','14','',''),
('224694270962626','05:41:00','05:41:00','4118164','15','',''),
('224694270962626','05:42:00','05:42:00','4118165','16','',''),
('224694270962626','05:43:00','05:43:00','4118166','17','',''),
('224694270962626','05:44:00','05:44:00','4118167','18','',''),
('224694270962626','05:45:00','05:45:00','4118168','19','',''),
('224694270962626','05:46:00','05:46:00','4118169','20','',''),
('224985870962626','05:25:00','05:25:00','4118150','1','',''),
('224985870962626','05:26:00','05:26:00','4118151','2','',''),
('224985870962626','05:26:00','05:26:00','4118152','3','',''),
('224985870962626','05:27:00','05:27:00','4118153','4','',''),
('224985870962626','05:27:00','05:27:00','4118154','5','',''),
('224985870962626','05:29:00','05:29:00','4118155','6','',''),
('224985870962626','05:31:00','05:31:00','4118156','7','',''),
('224985870962626','05:32:00','05:32:00','4118157','8','',''),
('224985870962626','05:33:00','05:33:00','4118158','9','',''),
('224985870962626','05:35:00','05:35:00','4118159','10','',''),
('224985870962626','05:36:00','05:36:00','4118160','11','',''),
('224985870962626','05:36:00','05:36:00','4118161','12','',''),
('224985870962626','05:40:00','05:40:00','4118162','13','',''),
('224985870962626','05:41:00','05:41:00','4118163','14','',''),
('224985870962626','05:42:00','05:42:00','4118164','15','',''),
('224985870962626','05:43:00','05:43:00','4118165','16','',''),
('224985870962626','05:44:00','05:44:00','4118166','17','',''),
('224985870962626','05:45:00','05:45:00','4118167','18','',''),
('224985870962626','05:46:00','05:46:00','4118168','19','',''),
('224985870962626','05:47:00','05:47:00','4118169','20','',''),
('224985880962626','05:25:00','05:25:00','4118150','1','',''),
('224985880962626','05:26:00','05:26:00','4118151','2','',''),
('224985880962626','05:26:00','05:26:00','4118152','3','',''),
('224985880962626','05:27:00','05:27:00','4118153','4','',''),
('224985880962626','05:27:00','05:27:00','4118154','5','',''),
('224985880962626','05:29:00','05:29:00','4118155','6','',''),
('224985880962626','05:31:00','05:31:00','4118156','7','',''),
('224985880962626','05:32:00','05:32:00','4118157','8','',''),
('224985880962626','05:33:00','05:33:00','4118158','9','',''),
('224985880962626','05:35:00','05:35:00','4118159','10','',''),
('224985880962626','05:36:00','05:36:00','4118160','11','',''),
('224985880962626','05:36:00','05:36:00','4118161','12','',''),
('224985880962626','05:40:00','05:40:00','4118162','13','',''),
('224985880962626','05:41:00','05:41:00','4118163','14','',''),
('224985880962626','05:42:00','05:42:00','4118164','15','',''),
('224985880962626','05:43:00','05:43:00','4118165','16','',''),
('224985880962626','05:44:00','05:44:00','4118166','17','',''),
('224985880962626','05:45:00','05:45:00','4118167','18','',''),
('224985880962626','05:46:00','05:46:00','4118168','19','',''),
('224985880962626','05:47:00','05:47:00','4118169','20','',''),
('224985890962626','05:24:00','05:24:00','4118150','1','',''),
('224985890962626','05:25:00','05:25:00','4118151','2','',''),
('224985890962626','05:25:00','05:25:00','4118152','3','',''),
('224985890962626','05:26:00','05:26:00','4118153','4','',''),
('224985890962626','05:26:00','05:26:00','4118154','5','',''),
('224985890962626','05:28:00','05:28:00','4118155','6','',''),
('224985890962626','05:30:00','05:30:00','4118156','7','',''),
('224985890962626','05:31:00','05:31:00','4118157','8','',''),
('224985890962626','05:32:00','05:32:00','4118158','9','',''),
('224985890962626','05:34:00','05:34:00','4118159','10','',''),
('224985890962626','05:35:00','05:35:00','4118160','11','',''),
('224985890962626','05:35:00','05:35:00','4118161','12','',''),
('224985890962626','05:39:00','05:39:00','4118162','13','',''),
('224985890962626','05:40:00','05:40:00','4118163','14','',''),
('224985890962626','05:41:00','05:41:00','4118164','15','',''),
('224985890962626','05:42:00','05:42:00','4118165','16','',''),
('224985890962626','05:43:00','05:43:00','4118166','17','',''),
('224985890962626','05:44:00','05:44:00','4118167','18','',''),
('224985890962626','05:45:00','05:45:00','4118168','19','',''),
('224985890962626','05:46:00','05:46:00','4118169','20','',''),
('225346030962626','05:25:00','05:25:00','4118150','1','',''),
('225346030962626','05:26:00','05:26:00','4118151','2','',''),
('225346030962626','05:26:00','05:26:00','4118152','3','',''),
('225346030962626','05:27:00','05:27:00','4118153','4','',''),
('225346030962626','05:27:00','05:27:00','4118154','5','',''),
('225346030962626','05:29:00','05:29:00','4118155','6','',''),
('225346030962626','05:31:00','05:31:00','4118156','7','',''),
('225346030962626','05:32:00','05:32:00','4118157','8','',''),
('225346030962626','05:33:00','05:33:00','4118158','9','',''),
('225346030962626','05:35:00','05:35:00','4118159','10','',''),
('225346030962626','05:36:00','05:36:00','4118160','11','',''),
('225346030962626','05:36:00','05:36:00','4118161','12','',''),
('225346030962626','05:40:00','05:40:00','4118162','13','',''),
('225346030962626','05:41:00','05:41:00','4118163','14','',''),
('225346030962626','05:42:00','05:42:00','4118164','15','',''),
('225346030962626','05:43:00','05:43:00','4118165','16','',''),
('225346030962626','05:44:00','05:44:00','4118166','17','',''),
('225346030962626','05:45:00','05:45:00','4118167','18','',''),
('225346030962626','05:46:00','05:46:00','4118168','19','',''),
('225346030962626','05:47:00','05:47:00','4118169','20','',''),
('225346040962626','05:24:00','05:24:00','4118150','1','',''),
('225346040962626','05:25:00','05:25:00','4118151','2','',''),
('225346040962626','05:25:00','05:25:00','4118152','3','',''),
('225346040962626','05:26:00','05:26:00','4118153','4','',''),
('225346040962626','05:26:00','05:26:00','4118154','5','',''),
('225346040962626','05:28:00','05:28:00','4118155','6','',''),
('225346040962626','05:30:00','05:30:00','4118156','7','',''),
('225346040962626','05:31:00','05:31:00','4118157','8','',''),
('225346040962626','05:32:00','05:32:00','4118158','9','',''),
('225346040962626','05:34:00','05:34:00','4118159','10','',''),
('225346040962626','05:35:00','05:35:00','4118160','11','',''),
('225346040962626','05:35:00','05:35:00','4118161','12','',''),
('225346040962626','05:39:00','05:39:00','4118162','13','',''),
('225346040962626','05:40:00','05:40:00','4118163','14','',''),
('225346040962626','05:41:00','05:41:00','4118164','15','',''),
('225346040962626','05:42:00','05:42:00','4118165','16','',''),
('225346040962626','05:43:00','05:43:00','4118166','17','',''),
('225346040962626','05:44:00','05:44:00','4118167','18','',''),
('225346040962626','05:45:00','05:45:00','4118168','19','',''),
('225346040962626','05:46:00','05:46:00','4118169','20','',''),
('225346050962626','05:25:00','05:25:00','4118150','1','',''),
('225346050962626','05:26:00','05:26:00','4118151','2','',''),
('225346050962626','05:26:00','05:26:00','4118152','3','',''),
('225346050962626','05:27:00','05:27:00','4118153','4','',''),
('225346050962626','05:27:00','05:27:00','4118154','5','',''),
('225346050962626','05:29:00','05:29:00','4118155','6','',''),
('225346050962626','05:31:00','05:31:00','4118156','7','',''),
('225346050962626','05:32:00','05:32:00','4118157','8','',''),
('225346050962626','05:33:00','05:33:00','4118158','9','',''),
('225346050962626','05:35:00','05:35:00','4118159','10','',''),
('225346050962626','05:36:00','05:36:00','4118160','11','',''),
('225346050962626','05:36:00','05:36:00','4118161','12','',''),
('225346050962626','05:40:00','05:40:00','4118162','13','',''),
('225346050962626','05:41:00','05:41:00','4118163','14','',''),
('225346050962626','05:42:00','05:42:00','4118164','15','',''),
('225346050962626','05:43:00','05:43:00','4118165','16','',''),
('225346050962626','05:44:00','05:44:00','4118166','17','',''),
('225346050962626','05:45:00','05:45:00','4118167','18','',''),
('225346050962626','05:46:00','05:46:00','4118168','19','',''),
('225346050962626','05:47:00','05:47:00','4118169','20','',''),
('225346060962626','05:24:00','05:24:00','4118150','1','',''),
('225346060962626','05:25:00','05:25:00','4118151','2','',''),
('225346060962626','05:25:00','05:25:00','4118152','3','',''),
('225346060962626','05:26:00','05:26:00','4118153','4','',''),
('225346060962626','05:26:00','05:26:00','4118154','5','',''),
('225346060962626','05:28:00','05:28:00','4118155','6','',''),
('225346060962626','05:30:00','05:30:00','4118156','7','',''),
('225346060962626','05:31:00','05:31:00','4118157','8','',''),
('225346060962626','05:32:00','05:32:00','4118158','9','',''),
('225346060962626','05:34:00','05:34:00','4118159','10','',''),
('225346060962626','05:35:00','05:35:00','4118160','11','',''),
('225346060962626','05:35:00','05:35:00','4118161','12','',''),
('225346060962626','05:39:00','05:39:00','4118162','13','',''),
('225346060962626','05:40:00','05:40:00','4118163','14','',''),
('225346060962626','05:41:00','05:41:00','4118164','15','',''),
('225346060962626','05:42:00','05:42:00','4118165','16','',''),
('225346060962626','05:43:00','05:43:00','4118166','17','',''),
('225346060962626','05:44:00','05:44:00','4118167','18','',''),
('225346060962626','05:45:00','05:45:00','4118168','19','',''),
('225346060962626','05:46:00','05:46:00','4118169','20','',''),
('324694270962626','05:55:00','05:55:00','4118150','1','',''),
('324694270962626','05:56:00','05:56:00','4118151','2','',''),
('324694270962626','05:56:00','05:56:00','4118152','3','',''),
('324694270962626','05:57:00','05:57:00','4118153','4','',''),
('324694270962626','05:57:00','05:57:00','4118154','5','',''),
('324694270962626','05:59:00','05:59:00','4118155','6','',''),
('324694270962626','06:01:00','06:01:00','4118156','7','',''),
('324694270962626','06:02:00','06:02:00','4118157','8','',''),
('324694270962626','06:03:00','06:03:00','4118158','9','',''),
('324694270962626','06:05:00','06:05:00','4118159','10','',''),
('324694270962626','06:06:00','06:06:00','4118160','11','',''),
('324694270962626','06:06:00','06:06:00','4118161','12','',''),
('324694270962626','06:10:00','06:10:00','4118162','13','',''),
('324694270962626','06:11:00','06:11:00','4118163','14','',''),
('324694270962626','06:12:00','06:12:00','4118164','15','',''),
('324694270962626','06:13:00','06:13:00','4118165','16','',''),
('324694270962626','06:14:00','06:14:00','4118166','17','',''),
('324694270962626','06:15:00','06:15:00','4118167','18','',''),
('324694270962626','06:16:00','06:16:00','4118168','19','',''),
('324694270962626','06:17:00','06:17:00','4118169','20','',''),
('324985870962626','05:55:00','05:55:00','4118150','1','',''),
('324985870962626','05:56:00','05:56:00','4118151','2','',''),
('324985870962626','05:56:00','05:56:00','4118152','3','',''),
('324985870962626','05:57:00','05:57:00','4118153','4','',''),
('324985870962626','05:57:00','05:57:00','4118154','5','',''),
('324985870962626','05:59:00','05:59:00','4118155','6','',''),
('324985870962626','06:01:00','06:01:00','4118156','7','',''),
('324985870962626','06:02:00','06:02:00','4118157','8','',''),
('324985870962626','06:03:00','06:03:00','4118158','9','',''),
('324985870962626','06:05:00','06:05:00','4118159','10','',''),
('324985870962626','06:06:00','06:06:00','4118160','11','',''),
('324985870962626','06:06:00','06:06:00','4118161','12','',''),
('324985870962626','06:10:00','06:10:00','4118162','13','',''),
('324985870962626','06:11:00','06:11:00','4118163','14','',''),
('324985870962626','06:12:00','06:12:00','4118164','15','',''),
('324985870962626','06:13:00','06:13:00','4118165','16','',''),
('324985870962626','06:14:00','06:14:00','4118166','17','',''),
('324985870962626','06:15:00','06:15:00','4118167','18','',''),
('324985870962626','06:16:00','06:16:00','4118168','19','',''),
('324985870962626','06:17:00','06:17:00','4118169','20','',''),
('324985880962626','05:55:00','05:55:00','4118150','1','',''),
('324985880962626','05:56:00','05:56:00','4118151','2','',''),
('324985880962626','05:56:00','05:56:00','4118152','3','',''),
('324985880962626','05:57:00','05:57:00','4118153','4','',''),
('324985880962626','05:57:00','05:57:00','4118154','5','',''),
('324985880962626','05:59:00','05:59:00','4118155','6','',''),
('324985880962626','06:01:00','06:01:00','4118156','7','',''),
('324985880962626','06:02:00','06:02:00','4118157','8','',''),
('324985880962626','06:03:00','06:03:00','4118158','9','',''),
('324985880962626','06:05:00','06:05:00','4118159','10','',''),
('324985880962626','06:06:00','06:06:00','4118160','11','',''),
('324985880962626','06:06:00','06:06:00','4118161','12','',''),
('324985880962626','06:10:00','06:10:00','4118162','13','',''),
('324985880962626','06:11:00','06:11:00','4118163','14','',''),
('324985880962626','06:12:00','06:12:00','4118164','15','',''),
('324985880962626','06:13:00','06:13:00','4118165','16','',''),
('324985880962626','06:14:00','06:14:00','4118166','17','',''),
('324985880962626','06:15:00','06:15:00','4118167','18','',''),
('324985880962626','06:16:00','06:16:00','4118168','19','',''),
('324985880962626','06:17:00','06:17:00','4118169','20','',''),
('324985890962626','05:55:00','05:55:00','4118150','1','',''),
('324985890962626','05:56:00','05:56:00','4118151','2','',''),
('324985890962626','05:56:00','05:56:00','4118152','3','',''),
('324985890962626','05:57:00','05:57:00','4118153','4','',''),
('324985890962626','05:57:00','05:57:00','4118154','5','',''),
('324985890962626','05:59:00','05:59:00','4118155','6','',''),
('324985890962626','06:01:00','06:01:00','4118156','7','',''),
('324985890962626','06:02:00','06:02:00','4118157','8','',''),
('324985890962626','06:03:00','06:03:00','4118158','9','',''),
('324985890962626','06:05:00','06:05:00','4118159','10','',''),
('324985890962626','06:06:00','06:06:00','4118160','11','',''),
('324985890962626','06:06:00','06:06:00','4118161','12','',''),
('324985890962626','06:10:00','06:10:00','4118162','13','',''),
('324985890962626','06:11:00','06:11:00','4118163','14','',''),
('324985890962626','06:12:00','06:12:00','4118164','15','',''),
('324985890962626','06:13:00','06:13:00','4118165','16','',''),
('324985890962626','06:14:00','06:14:00','4118166','17','',''),
('324985890962626','06:15:00','06:15:00','4118167','18','',''),
('324985890962626','06:16:00','06:16:00','4118168','19','',''),
('324985890962626','06:17:00','06:17:00','4118169','20','',''),
('325346030962626','05:55:00','05:55:00','4118150','1','',''),
('325346030962626','05:56:00','05:56:00','4118151','2','',''),
('325346030962626','05:56:00','05:56:00','4118152','3','',''),
('325346030962626','05:57:00','05:57:00','4118153','4','',''),
('325346030962626','05:57:00','05:57:00','4118154','5','',''),
('325346030962626','05:59:00','05:59:00','4118155','6','',''),
('325346030962626','06:01:00','06:01:00','4118156','7','',''),
('325346030962626','06:02:00','06:02:00','4118157','8','',''),
('325346030962626','06:03:00','06:03:00','4118158','9','',''),
('325346030962626','06:05:00','06:05:00','4118159','10','',''),
('325346030962626','06:06:00','06:06:00','4118160','11','',''),
('325346030962626','06:06:00','06:06:00','4118161','12','',''),
('325346030962626','06:10:00','06:10:00','4118162','13','',''),
('325346030962626','06:11:00','06:11:00','4118163','14','',''),
('325346030962626','06:12:00','06:12:00','4118164','15','',''),
('325346030962626','06:13:00','06:13:00','4118165','16','',''),
('325346030962626','06:14:00','06:14:00','4118166','17','',''),
('325346030962626','06:15:00','06:15:00','4118167','18','',''),
('325346030962626','06:16:00','06:16:00','4118168','19','',''),
('325346030962626','06:17:00','06:17:00','4118169','20','',''),
('325346040962626','05:55:00','05:55:00','4118150','1','',''),
('325346040962626','05:56:00','05:56:00','4118151','2','',''),
('325346040962626','05:56:00','05:56:00','4118152','3','',''),
('325346040962626','05:57:00','05:57:00','4118153','4','',''),
('325346040962626','05:57:00','05:57:00','4118154','5','',''),
('325346040962626','05:59:00','05:59:00','4118155','6','',''),
('325346040962626','06:01:00','06:01:00','4118156','7','',''),
('325346040962626','06:02:00','06:02:00','4118157','8','',''),
('325346040962626','06:03:00','06:03:00','4118158','9','',''),
('325346040962626','06:05:00','06:05:00','4118159','10','',''),
('325346040962626','06:06:00','06:06:00','4118160','11','',''),
('325346040962626','06:06:00','06:06:00','4118161','12','',''),
('325346040962626','06:10:00','06:10:00','4118162','13','',''),
('325346040962626','06:11:00','06:11:00','4118163','14','',''),
('325346040962626','06:12:00','06:12:00','4118164','15','',''),
('325346040962626','06:13:00','06:13:00','4118165','16','',''),
('325346040962626','06:14:00','06:14:00','4118166','17','',''),
('325346040962626','06:15:00','06:15:00','4118167','18','',''),
('325346040962626','06:16:00','06:16:00','4118168','19','',''),
('325346040962626','06:17:00','06:17:00','4118169','20','',''),
('325346050962626','05:55:00','05:55:00','4118150','1','',''),
('325346050962626','05:56:00','05:56:00','4118151','2','',''),
('325346050962626','05:56:00','05:56:00','4118152','3','',''),
('325346050962626','05:57:00','05:57:00','4118153','4','',''),
('325346050962626','05:57:00','05:57:00','4118154','5','',''),
('325346050962626','05:59:00','05:59:00','4118155','6','',''),
('325346050962626','06:01:00','06:01:00','4118156','7','',''),
('325346050962626','06:02:00','06:02:00','4118157','8','',''),
('325346050962626','06:03:00','06:03:00','4118158','9','',''),
('325346050962626','06:05:00','06:05:00','4118159','10','',''),
('325346050962626','06:06:00','06:06:00','4118160','11','',''),
('325346050962626','06:06:00','06:06:00','4118161','12','',''),
('325346050962626','06:10:00','06:10:00','4118162','13','',''),
('325346050962626','06:11:00','06:11:00','4118163','14','',''),
('325346050962626','06:12:00','06:12:00','4118164','15','',''),
('325346050962626','06:13:00','06:13:00','4118165','16','',''),
('325346050962626','06:14:00','06:14:00','4118166','17','',''),
('325346050962626','06:15:00','06:15:00','4118167','18','',''),
('325346050962626','06:16:00','06:16:00','4118168','19','',''),
('325346050962626','06:17:00','06:17:00','4118169','20','',''),
('325346060962626','05:55:00','05:55:00','4118150','1','',''),
('325346060962626','05:56:00','05:56:00','4118151','2','',''),
('325346060962626','05:56:00','05:56:00','4118152','3','',''),
('325346060962626','05:57:00','05:57:00','4118153','4','',''),
('325346060962626','05:57:00','05:57:00','4118154','5','',''),
('325346060962626','05:59:00','05:59:00','4118155','6','',''),
('325346060962626','06:01:00','06:01:00','4118156','7','',''),
('325346060962626','06:02:00','06:02:00','4118157','8','',''),
('325346060962626','06:03:00','06:03:00','4118158','9','',''),
('325346060962626','06:05:00','06:05:00','4118159','10','',''),
('325346060962626','06:06:00','06:06:00','4118160','11','',''),
('325346060962626','06:06:00','06:06:00','4118161','12','',''),
('325346060962626','06:10:00','06:10:00','4118162','13','',''),
('325346060962626','06:11:00','06:11:00','4118163','14','',''),
('325346060962626','06:12:00','06:12:00','4118164','15','',''),
('325346060962626','06:13:00','06:13:00','4118165','16','',''),
('325346060962626','06:14:00','06:14:00','4118166','17','',''),
('325346060962626','06:15:00','06:15:00','4118167','18','',''),
('325346060962626','06:16:00','06:16:00','4118168','19','',''),
('325346060962626','06:17:00','06:17:00','4118169','20','',''),
('424694270962626','21:23:00','21:23:00','4118150','1','',''),
('424694270962626','21:24:00','21:24:00','4118151','2','',''),
('424694270962626','21:25:00','21:25:00','4118152','3','',''),
('424694270962626','21:26:00','21:26:00','4118153','4','',''),
('424694270962626','21:26:00','21:26:00','4118154','5','',''),
('424694270962626','21:28:00','21:28:00','4118155','6','',''),
('424694270962626','21:30:00','21:30:00','4118156','7','',''),
('424694270962626','21:31:00','21:31:00','4118157','8','',''),
('424694270962626','21:32:00','21:32:00','4118158','9','',''),
('424694270962626','21:34:00','21:34:00','4118159','10','',''),
('424694270962626','21:35:00','21:35:00','4118160','11','',''),
('424694270962626','21:35:00','21:35:00','4118161','12','',''),
('424694270962626','21:39:00','21:39:00','4118162','13','',''),
('424694270962626','21:40:00','21:40:00','4118163','14','',''),
('424694270962626','21:41:00','21:41:00','4118164','15','',''),
('424694270962626','21:42:00','21:42:00','4118165','16','',''),
('424694270962626','21:43:00','21:43:00','4118166','17','',''),
('424694270962626','21:44:00','21:44:00','4118167','18','',''),
('424694270962626','21:45:00','21:45:00','4118168','19','',''),
('424694270962626','21:46:00','21:46:00','4118169','20','',''),
('424985870962626','21:23:00','21:23:00','4118150','1','',''),
('424985870962626','21:24:00','21:24:00','4118151','2','',''),
('424985870962626','21:25:00','21:25:00','4118152','3','',''),
('424985870962626','21:26:00','21:26:00','4118153','4','',''),
('424985870962626','21:26:00','21:26:00','4118154','5','',''),
('424985870962626','21:28:00','21:28:00','4118155','6','',''),
('424985870962626','21:30:00','21:30:00','4118156','7','',''),
('424985870962626','21:31:00','21:31:00','4118157','8','',''),
('424985870962626','21:32:00','21:32:00','4118158','9','',''),
('424985870962626','21:34:00','21:34:00','4118159','10','',''),
('424985870962626','21:35:00','21:35:00','4118160','11','',''),
('424985870962626','21:35:00','21:35:00','4118161','12','',''),
('424985870962626','21:39:00','21:39:00','4118162','13','',''),
('424985870962626','21:40:00','21:40:00','4118163','14','',''),
('424985870962626','21:41:00','21:41:00','4118164','15','',''),
('424985870962626','21:42:00','21:42:00','4118165','16','',''),
('424985870962626','21:43:00','21:43:00','4118166','17','',''),
('424985870962626','21:44:00','21:44:00','4118167','18','',''),
('424985870962626','21:45:00','21:45:00','4118168','19','',''),
('424985870962626','21:46:00','21:46:00','4118169','20','',''),
('424985880962626','21:23:00','21:23:00','4118150','1','',''),
('424985880962626','21:24:00','21:24:00','4118151','2','',''),
('424985880962626','21:25:00','21:25:00','4118152','3','',''),
('424985880962626','21:26:00','21:26:00','4118153','4','',''),
('424985880962626','21:26:00','21:26:00','4118154','5','',''),
('424985880962626','21:28:00','21:28:00','4118155','6','',''),
('424985880962626','21:30:00','21:30:00','4118156','7','',''),
('424985880962626','21:31:00','21:31:00','4118157','8','',''),
('424985880962626','21:32:00','21:32:00','4118158','9','',''),
('424985880962626','21:34:00','21:34:00','4118159','10','',''),
('424985880962626','21:35:00','21:35:00','4118160','11','',''),
('424985880962626','21:35:00','21:35:00','4118161','12','',''),
('424985880962626','21:39:00','21:39:00','4118162','13','',''),
('424985880962626','21:40:00','21:40:00','4118163','14','',''),
('424985880962626','21:41:00','21:41:00','4118164','15','',''),
('424985880962626','21:42:00','21:42:00','4118165','16','',''),
('424985880962626','21:43:00','21:43:00','4118166','17','',''),
('424985880962626','21:44:00','21:44:00','4118167','18','',''),
('424985880962626','21:45:00','21:45:00','4118168','19','',''),
('424985880962626','21:46:00','21:46:00','4118169','20','',''),
('424985890962626','21:23:00','21:23:00','4118150','1','',''),
('424985890962626','21:24:00','21:24:00','4118151','2','',''),
('424985890962626','21:25:00','21:25:00','4118152','3','',''),
('424985890962626','21:26:00','21:26:00','4118153','4','',''),
('424985890962626','21:26:00','21:26:00','4118154','5','',''),
('424985890962626','21:28:00','21:28:00','4118155','6','',''),
('424985890962626','21:30:00','21:30:00','4118156','7','',''),
('424985890962626','21:31:00','21:31:00','4118157','8','',''),
('424985890962626','21:32:00','21:32:00','4118158','9','',''),
('424985890962626','21:34:00','21:34:00','4118159','10','',''),
('424985890962626','21:35:00','21:35:00','4118160','11','',''),
('424985890962626','21:35:00','21:35:00','4118161','12','',''),
('424985890962626','21:39:00','21:39:00','4118162','13','',''),
('424985890962626','21:40:00','21:40:00','4118163','14','',''),
('424985890962626','21:41:00','21:41:00','4118164','15','',''),
('424985890962626','21:42:00','21:42:00','4118165','16','',''),
('424985890962626','21:43:00','21:43:00','4118166','17','',''),
('424985890962626','21:44:00','21:44:00','4118167','18','',''),
('424985890962626','21:45:00','21:45:00','4118168','19','',''),
('424985890962626','21:46:00','21:46:00','4118169','20','',''),
('425346030962626','21:23:00','21:23:00','4118150','1','',''),
('425346030962626','21:24:00','21:24:00','4118151','2','',''),
('425346030962626','21:25:00','21:25:00','4118152','3','',''),
('425346030962626','21:26:00','21:26:00','4118153','4','',''),
('425346030962626','21:26:00','21:26:00','4118154','5','',''),
('425346030962626','21:28:00','21:28:00','4118155','6','',''),
('425346030962626','21:30:00','21:30:00','4118156','7','',''),
('425346030962626','21:31:00','21:31:00','4118157','8','',''),
('425346030962626','21:32:00','21:32:00','4118158','9','',''),
('425346030962626','21:34:00','21:34:00','4118159','10','',''),
('425346030962626','21:35:00','21:35:00','4118160','11','',''),
('425346030962626','21:35:00','21:35:00','4118161','12','',''),
('425346030962626','21:39:00','21:39:00','4118162','13','',''),
('425346030962626','21:40:00','21:40:00','4118163','14','',''),
('425346030962626','21:41:00','21:41:00','4118164','15','',''),
('425346030962626','21:42:00','21:42:00','4118165','16','',''),
('425346030962626','21:43:00','21:43:00','4118166','17','',''),
('425346030962626','21:44:00','21:44:00','4118167','18','',''),
('425346030962626','21:45:00','21:45:00','4118168','19','',''),
('425346030962626','21:46:00','21:46:00','4118169','20','',''),
('425346040962626','21:23:00','21:23:00','4118150','1','',''),
('425346040962626','21:24:00','21:24:00','4118151','2','',''),
('425346040962626','21:25:00','21:25:00','4118152','3','',''),
('425346040962626','21:26:00','21:26:00','4118153','4','',''),
('425346040962626','21:26:00','21:26:00','4118154','5','',''),
('425346040962626','21:28:00','21:28:00','4118155','6','',''),
('425346040962626','21:30:00','21:30:00','4118156','7','',''),
('425346040962626','21:31:00','21:31:00','4118157','8','',''),
('425346040962626','21:32:00','21:32:00','4118158','9','',''),
('425346040962626','21:34:00','21:34:00','4118159','10','',''),
('425346040962626','21:35:00','21:35:00','4118160','11','',''),
('425346040962626','21:35:00','21:35:00','4118161','12','',''),
('425346040962626','21:39:00','21:39:00','4118162','13','',''),
('425346040962626','21:40:00','21:40:00','4118163','14','',''),
('425346040962626','21:41:00','21:41:00','4118164','15','',''),
('425346040962626','21:42:00','21:42:00','4118165','16','',''),
('425346040962626','21:43:00','21:43:00','4118166','17','',''),
('425346040962626','21:44:00','21:44:00','4118167','18','',''),
('425346040962626','21:45:00','21:45:00','4118168','19','',''),
('425346040962626','21:46:00','21:46:00','4118169','20','',''),
('425346050962626','21:23:00','21:23:00','4118150','1','',''),
('425346050962626','21:24:00','21:24:00','4118151','2','',''),
('425346050962626','21:25:00','21:25:00','4118152','3','',''),
('425346050962626','21:26:00','21:26:00','4118153','4','',''),
('425346050962626','21:26:00','21:26:00','4118154','5','',''),
('425346050962626','21:28:00','21:28:00','4118155','6','',''),
('425346050962626','21:30:00','21:30:00','4118156','7','',''),
('425346050962626','21:31:00','21:31:00','4118157','8','',''),
('425346050962626','21:32:00','21:32:00','4118158','9','',''),
('425346050962626','21:34:00','21:34:00','4118159','10','',''),
('425346050962626','21:35:00','21:35:00','4118160','11','',''),
('425346050962626','21:35:00','21:35:00','4118161','12','',''),
('425346050962626','21:39:00','21:39:00','4118162','13','',''),
('425346050962626','21:40:00','21:40:00','4118163','14','',''),
('425346050962626','21:41:00','21:41:00','4118164','15','',''),
('425346050962626','21:42:00','21:42:00','4118165','16','',''),
('425346050962626','21:43:00','21:43:00','4118166','17','',''),
('425346050962626','21:44:00','21:44:00','4118167','18','',''),
('425346050962626','21:45:00','21:45:00','4118168','19','',''),
('425346050962626','21:46:00','21:46:00','4118169','20','',''),
('425346060962626','21:23:00','21:23:00','4118150','1','',''),
('425346060962626','21:24:00','21:24:00','4118151','2','',''),
('425346060962626','21:25:00','21:25:00','4118152','3','',''),
('425346060962626','21:26:00','21:26:00','4118153','4','',''),
('425346060962626','21:26:00','21:26:00','4118154','5','',''),
('425346060962626','21:28:00','21:28:00','4118155','6','',''),
('425346060962626','21:30:00','21:30:00','4118156','7','',''),
('425346060962626','21:31:00','21:31:00','4118157','8','',''),
('425346060962626','21:32:00','21:32:00','4118158','9','',''),
('425346060962626','21:34:00','21:34:00','4118159','10','',''),
('425346060962626','21:35:00','21:35:00','4118160','11','',''),
('425346060962626','21:35:00','21:35:00','4118161','12','',''),
('425346060962626','21:39:00','21:39:00','4118162','13','',''),
('425346060962626','21:40:00','21:40:00','4118163','14','',''),
('425346060962626','21:41:00','21:41:00','4118164','15','',''),
('425346060962626','21:42:00','21:42:00','4118165','16','',''),
('425346060962626','21:43:00','21:43:00','4118166','17','',''),
('425346060962626','21:44:00','21:44:00','4118167','18','',''),
('425346060962626','21:45:00','21:45:00','4118168','19','',''),
('425346060962626','21:46:00','21:46:00','4118169','20','',''),
('524694270962626','21:49:00','21:49:00','4118150','1','',''),
('524694270962626','21:50:00','21:50:00','4118151','2','',''),
('524694270962626','21:50:00','21:50:00','4118152','3','',''),
('524694270962626','21:51:00','21:51:00','4118153','4','',''),
('524694270962626','21:51:00','21:51:00','4118154','5','',''),
('524694270962626','21:53:00','21:53:00','4118155','6','',''),
('524694270962626','21:55:00','21:55:00','4118156','7','',''),
('524694270962626','21:56:00','21:56:00','4118157','8','',''),
('524694270962626','21:57:00','21:57:00','4118158','9','',''),
('524694270962626','21:59:00','21:59:00','4118159','10','',''),
('524694270962626','22:00:00','22:00:00','4118160','11','',''),
('524694270962626','22:00:00','22:00:00','4118161','12','',''),
('524694270962626','22:04:00','22:04:00','4118162','13','',''),
('524694270962626','22:05:00','22:05:00','4118163','14','',''),
('524694270962626','22:06:00','22:06:00','4118164','15','',''),
('524694270962626','22:07:00','22:07:00','4118165','16','',''),
('524694270962626','22:08:00','22:08:00','4118166','17','',''),
('524694270962626','22:09:00','22:09:00','4118167','18','',''),
('524694270962626','22:10:00','22:10:00','4118168','19','',''),
('524694270962626','22:11:00','22:11:00','4118169','20','',''),
('524985870962626','21:49:00','21:49:00','4118150','1','',''),
('524985870962626','21:50:00','21:50:00','4118151','2','',''),
('524985870962626','21:51:00','21:51:00','4118152','3','',''),
('524985870962626','21:52:00','21:52:00','4118153','4','',''),
('524985870962626','21:52:00','21:52:00','4118154','5','',''),
('524985870962626','21:54:00','21:54:00','4118155','6','',''),
('524985870962626','21:56:00','21:56:00','4118156','7','',''),
('524985870962626','21:57:00','21:57:00','4118157','8','',''),
('524985870962626','21:58:00','21:58:00','4118158','9','',''),
('524985870962626','22:00:00','22:00:00','4118159','10','',''),
('524985870962626','22:01:00','22:01:00','4118160','11','',''),
('524985870962626','22:01:00','22:01:00','4118161','12','',''),
('524985870962626','22:05:00','22:05:00','4118162','13','',''),
('524985870962626','22:06:00','22:06:00','4118163','14','',''),
('524985870962626','22:07:00','22:07:00','4118164','15','',''),
('524985870962626','22:08:00','22:08:00','4118165','16','',''),
('524985870962626','22:09:00','22:09:00','4118166','17','',''),
('524985870962626','22:10:00','22:10:00','4118167','18','',''),
('524985870962626','22:11:00','22:11:00','4118168','19','',''),
('524985870962626','22:12:00','22:12:00','4118169','20','',''),
('524985880962626','21:49:00','21:49:00','4118150','1','',''),
('524985880962626','21:50:00','21:50:00','4118151','2','',''),
('524985880962626','21:51:00','21:51:00','4118152','3','',''),
('524985880962626','21:52:00','21:52:00','4118153','4','',''),
('524985880962626','21:52:00','21:52:00','4118154','5','',''),
('524985880962626','21:54:00','21:54:00','4118155','6','',''),
('524985880962626','21:56:00','21:56:00','4118156','7','',''),
('524985880962626','21:57:00','21:57:00','4118157','8','',''),
('524985880962626','21:58:00','21:58:00','4118158','9','',''),
('524985880962626','22:00:00','22:00:00','4118159','10','',''),
('524985880962626','22:01:00','22:01:00','4118160','11','',''),
('524985880962626','22:01:00','22:01:00','4118161','12','',''),
('524985880962626','22:05:00','22:05:00','4118162','13','',''),
('524985880962626','22:06:00','22:06:00','4118163','14','',''),
('524985880962626','22:07:00','22:07:00','4118164','15','',''),
('524985880962626','22:08:00','22:08:00','4118165','16','',''),
('524985880962626','22:09:00','22:09:00','4118166','17','',''),
('524985880962626','22:10:00','22:10:00','4118167','18','',''),
('524985880962626','22:11:00','22:11:00','4118168','19','',''),
('524985880962626','22:12:00','22:12:00','4118169','20','',''),
('524985890962626','21:49:00','21:49:00','4118150','1','',''),
('524985890962626','21:50:00','21:50:00','4118151','2','',''),
('524985890962626','21:50:00','21:50:00','4118152','3','',''),
('524985890962626','21:51:00','21:51:00','4118153','4','',''),
('524985890962626','21:51:00','21:51:00','4118154','5','',''),
('524985890962626','21:53:00','21:53:00','4118155','6','',''),
('524985890962626','21:55:00','21:55:00','4118156','7','',''),
('524985890962626','21:56:00','21:56:00','4118157','8','',''),
('524985890962626','21:57:00','21:57:00','4118158','9','',''),
('524985890962626','21:59:00','21:59:00','4118159','10','',''),
('524985890962626','22:00:00','22:00:00','4118160','11','',''),
('524985890962626','22:00:00','22:00:00','4118161','12','',''),
('524985890962626','22:04:00','22:04:00','4118162','13','',''),
('524985890962626','22:05:00','22:05:00','4118163','14','',''),
('524985890962626','22:06:00','22:06:00','4118164','15','',''),
('524985890962626','22:07:00','22:07:00','4118165','16','',''),
('524985890962626','22:08:00','22:08:00','4118166','17','',''),
('524985890962626','22:09:00','22:09:00','4118167','18','',''),
('524985890962626','22:10:00','22:10:00','4118168','19','',''),
('524985890962626','22:11:00','22:11:00','4118169','20','',''),
('525346030962626','21:49:00','21:49:00','4118150','1','',''),
('525346030962626','21:50:00','21:50:00','4118151','2','',''),
('525346030962626','21:51:00','21:51:00','4118152','3','',''),
('525346030962626','21:52:00','21:52:00','4118153','4','',''),
('525346030962626','21:52:00','21:52:00','4118154','5','',''),
('525346030962626','21:54:00','21:54:00','4118155','6','',''),
('525346030962626','21:56:00','21:56:00','4118156','7','',''),
('525346030962626','21:57:00','21:57:00','4118157','8','',''),
('525346030962626','21:58:00','21:58:00','4118158','9','',''),
('525346030962626','22:00:00','22:00:00','4118159','10','',''),
('525346030962626','22:01:00','22:01:00','4118160','11','',''),
('525346030962626','22:01:00','22:01:00','4118161','12','',''),
('525346030962626','22:05:00','22:05:00','4118162','13','',''),
('525346030962626','22:06:00','22:06:00','4118163','14','',''),
('525346030962626','22:07:00','22:07:00','4118164','15','',''),
('525346030962626','22:08:00','22:08:00','4118165','16','',''),
('525346030962626','22:09:00','22:09:00','4118166','17','',''),
('525346030962626','22:10:00','22:10:00','4118167','18','',''),
('525346030962626','22:11:00','22:11:00','4118168','19','',''),
('525346030962626','22:12:00','22:12:00','4118169','20','',''),
('525346040962626','21:49:00','21:49:00','4118150','1','',''),
('525346040962626','21:50:00','21:50:00','4118151','2','',''),
('525346040962626','21:50:00','21:50:00','4118152','3','',''),
('525346040962626','21:51:00','21:51:00','4118153','4','',''),
('525346040962626','21:51:00','21:51:00','4118154','5','',''),
('525346040962626','21:53:00','21:53:00','4118155','6','',''),
('525346040962626','21:55:00','21:55:00','4118156','7','',''),
('525346040962626','21:56:00','21:56:00','4118157','8','',''),
('525346040962626','21:57:00','21:57:00','4118158','9','',''),
('525346040962626','21:59:00','21:59:00','4118159','10','',''),
('525346040962626','22:00:00','22:00:00','4118160','11','',''),
('525346040962626','22:00:00','22:00:00','4118161','12','',''),
('525346040962626','22:04:00','22:04:00','4118162','13','',''),
('525346040962626','22:05:00','22:05:00','4118163','14','',''),
('525346040962626','22:06:00','22:06:00','4118164','15','',''),
('525346040962626','22:07:00','22:07:00','4118165','16','',''),
('525346040962626','22:08:00','22:08:00','4118166','17','',''),
('525346040962626','22:09:00','22:09:00','4118167','18','',''),
('525346040962626','22:10:00','22:10:00','4118168','19','',''),
('525346040962626','22:11:00','22:11:00','4118169','20','',''),
('525346050962626','21:49:00','21:49:00','4118150','1','',''),
('525346050962626','21:50:00','21:50:00','4118151','2','',''),
('525346050962626','21:51:00','21:51:00','4118152','3','',''),
('525346050962626','21:52:00','21:52:00','4118153','4','',''),
('525346050962626','21:52:00','21:52:00','4118154','5','',''),
('525346050962626','21:54:00','21:54:00','4118155','6','',''),
('525346050962626','21:56:00','21:56:00','4118156','7','',''),
('525346050962626','21:57:00','21:57:00','4118157','8','',''),
('525346050962626','21:58:00','21:58:00','4118158','9','',''),
('525346050962626','22:00:00','22:00:00','4118159','10','',''),
('525346050962626','22:01:00','22:01:00','4118160','11','',''),
('525346050962626','22:01:00','22:01:00','4118161','12','',''),
('525346050962626','22:05:00','22:05:00','4118162','13','',''),
('525346050962626','22:06:00','22:06:00','4118163','14','',''),
('525346050962626','22:07:00','22:07:00','4118164','15','',''),
('525346050962626','22:08:00','22:08:00','4118165','16','',''),
('525346050962626','22:09:00','22:09:00','4118166','17','',''),
('525346050962626','22:10:00','22:10:00','4118167','18','',''),
('525346050962626','22:11:00','22:11:00','4118168','19','',''),
('525346050962626','22:12:00','22:12:00','4118169','20','',''),
('525346060962626','21:49:00','21:49:00','4118150','1','',''),
('525346060962626','21:50:00','21:50:00','4118151','2','',''),
('525346060962626','21:50:00','21:50:00','4118152','3','',''),
('525346060962626','21:51:00','21:51:00','4118153','4','',''),
('525346060962626','21:51:00','21:51:00','4118154','5','',''),
('525346060962626','21:53:00','21:53:00','4118155','6','',''),
('525346060962626','21:55:00','21:55:00','4118156','7','',''),
('525346060962626','21:56:00','21:56:00','4118157','8','',''),
('525346060962626','21:57:00','21:57:00','4118158','9','',''),
('525346060962626','21:59:00','21:59:00','4118159','10','',''),
('525346060962626','22:00:00','22:00:00','4118160','11','',''),
('525346060962626','22:00:00','22:00:00','4118161','12','',''),
('525346060962626','22:04:00','22:04:00','4118162','13','',''),
('525346060962626','22:05:00','22:05:00','4118163','14','',''),
('525346060962626','22:06:00','22:06:00','4118164','15','',''),
('525346060962626','22:07:00','22:07:00','4118165','16','',''),
('525346060962626','22:08:00','22:08:00','4118166','17','',''),
('525346060962626','22:09:00','22:09:00','4118167','18','',''),
('525346060962626','22:10:00','22:10:00','4118168','19','',''),
('525346060962626','22:11:00','22:11:00','4118169','20','',''),
('624694270962626','22:15:00','22:15:00','4118150','1','',''),
('624694270962626','22:16:00','22:16:00','4118151','2','',''),
('624694270962626','22:16:00','22:16:00','4118152','3','',''),
('624694270962626','22:17:00','22:17:00','4118153','4','',''),
('624694270962626','22:17:00','22:17:00','4118154','5','',''),
('624694270962626','22:19:00','22:19:00','4118155','6','',''),
('624694270962626','22:21:00','22:21:00','4118156','7','',''),
('624694270962626','22:22:00','22:22:00','4118157','8','',''),
('624694270962626','22:23:00','22:23:00','4118158','9','',''),
('624694270962626','22:25:00','22:25:00','4118159','10','',''),
('624694270962626','22:26:00','22:26:00','4118160','11','',''),
('624694270962626','22:26:00','22:26:00','4118161','12','',''),
('624694270962626','22:30:00','22:30:00','4118162','13','',''),
('624694270962626','22:31:00','22:31:00','4118163','14','',''),
('624694270962626','22:32:00','22:32:00','4118164','15','',''),
('624694270962626','22:33:00','22:33:00','4118165','16','',''),
('624694270962626','22:34:00','22:34:00','4118166','17','',''),
('624694270962626','22:35:00','22:35:00','4118167','18','',''),
('624694270962626','22:36:00','22:36:00','4118168','19','',''),
('624694270962626','22:37:00','22:37:00','4118169','20','',''),
('624985870962626','22:15:00','22:15:00','4118150','1','',''),
('624985870962626','22:16:00','22:16:00','4118151','2','',''),
('624985870962626','22:17:00','22:17:00','4118152','3','',''),
('624985870962626','22:18:00','22:18:00','4118153','4','',''),
('624985870962626','22:18:00','22:18:00','4118154','5','',''),
('624985870962626','22:20:00','22:20:00','4118155','6','',''),
('624985870962626','22:22:00','22:22:00','4118156','7','',''),
('624985870962626','22:23:00','22:23:00','4118157','8','',''),
('624985870962626','22:24:00','22:24:00','4118158','9','',''),
('624985870962626','22:26:00','22:26:00','4118159','10','',''),
('624985870962626','22:27:00','22:27:00','4118160','11','',''),
('624985870962626','22:27:00','22:27:00','4118161','12','',''),
('624985870962626','22:31:00','22:31:00','4118162','13','',''),
('624985870962626','22:32:00','22:32:00','4118163','14','',''),
('624985870962626','22:33:00','22:33:00','4118164','15','',''),
('624985870962626','22:34:00','22:34:00','4118165','16','',''),
('624985870962626','22:35:00','22:35:00','4118166','17','',''),
('624985870962626','22:36:00','22:36:00','4118167','18','',''),
('624985870962626','22:37:00','22:37:00','4118168','19','',''),
('624985870962626','22:38:00','22:38:00','4118169','20','',''),
('624985880962626','22:15:00','22:15:00','4118150','1','',''),
('624985880962626','22:16:00','22:16:00','4118151','2','',''),
('624985880962626','22:17:00','22:17:00','4118152','3','',''),
('624985880962626','22:18:00','22:18:00','4118153','4','',''),
('624985880962626','22:18:00','22:18:00','4118154','5','',''),
('624985880962626','22:20:00','22:20:00','4118155','6','',''),
('624985880962626','22:22:00','22:22:00','4118156','7','',''),
('624985880962626','22:23:00','22:23:00','4118157','8','',''),
('624985880962626','22:24:00','22:24:00','4118158','9','',''),
('624985880962626','22:26:00','22:26:00','4118159','10','',''),
('624985880962626','22:27:00','22:27:00','4118160','11','',''),
('624985880962626','22:27:00','22:27:00','4118161','12','',''),
('624985880962626','22:31:00','22:31:00','4118162','13','',''),
('624985880962626','22:32:00','22:32:00','4118163','14','',''),
('624985880962626','22:33:00','22:33:00','4118164','15','',''),
('624985880962626','22:34:00','22:34:00','4118165','16','',''),
('624985880962626','22:35:00','22:35:00','4118166','17','',''),
('624985880962626','22:36:00','22:36:00','4118167','18','',''),
('624985880962626','22:37:00','22:37:00','4118168','19','',''),
('624985880962626','22:38:00','22:38:00','4118169','20','',''),
('624985890962626','22:15:00','22:15:00','4118150','1','',''),
('624985890962626','22:16:00','22:16:00','4118151','2','',''),
('624985890962626','22:16:00','22:16:00','4118152','3','',''),
('624985890962626','22:17:00','22:17:00','4118153','4','',''),
('624985890962626','22:17:00','22:17:00','4118154','5','',''),
('624985890962626','22:19:00','22:19:00','4118155','6','',''),
('624985890962626','22:21:00','22:21:00','4118156','7','',''),
('624985890962626','22:22:00','22:22:00','4118157','8','',''),
('624985890962626','22:23:00','22:23:00','4118158','9','',''),
('624985890962626','22:25:00','22:25:00','4118159','10','',''),
('624985890962626','22:26:00','22:26:00','4118160','11','',''),
('624985890962626','22:26:00','22:26:00','4118161','12','',''),
('624985890962626','22:30:00','22:30:00','4118162','13','',''),
('624985890962626','22:31:00','22:31:00','4118163','14','',''),
('624985890962626','22:32:00','22:32:00','4118164','15','',''),
('624985890962626','22:33:00','22:33:00','4118165','16','',''),
('624985890962626','22:34:00','22:34:00','4118166','17','',''),
('624985890962626','22:35:00','22:35:00','4118167','18','',''),
('624985890962626','22:36:00','22:36:00','4118168','19','',''),
('624985890962626','22:37:00','22:37:00','4118169','20','',''),
('625346030962626','22:15:00','22:15:00','4118150','1','',''),
('625346030962626','22:16:00','22:16:00','4118151','2','',''),
('625346030962626','22:17:00','22:17:00','4118152','3','',''),
('625346030962626','22:18:00','22:18:00','4118153','4','',''),
('625346030962626','22:18:00','22:18:00','4118154','5','',''),
('625346030962626','22:20:00','22:20:00','4118155','6','',''),
('625346030962626','22:22:00','22:22:00','4118156','7','',''),
('625346030962626','22:23:00','22:23:00','4118157','8','',''),
('625346030962626','22:24:00','22:24:00','4118158','9','',''),
('625346030962626','22:26:00','22:26:00','4118159','10','',''),
('625346030962626','22:27:00','22:27:00','4118160','11','',''),
('625346030962626','22:27:00','22:27:00','4118161','12','',''),
('625346030962626','22:31:00','22:31:00','4118162','13','',''),
('625346030962626','22:32:00','22:32:00','4118163','14','',''),
('625346030962626','22:33:00','22:33:00','4118164','15','',''),
('625346030962626','22:34:00','22:34:00','4118165','16','',''),
('625346030962626','22:35:00','22:35:00','4118166','17','',''),
('625346030962626','22:36:00','22:36:00','4118167','18','',''),
('625346030962626','22:37:00','22:37:00','4118168','19','',''),
('625346030962626','22:38:00','22:38:00','4118169','20','',''),
('625346040962626','22:15:00','22:15:00','4118150','1','',''),
('625346040962626','22:16:00','22:16:00','4118151','2','',''),
('625346040962626','22:16:00','22:16:00','4118152','3','',''),
('625346040962626','22:17:00','22:17:00','4118153','4','',''),
('625346040962626','22:17:00','22:17:00','4118154','5','',''),
('625346040962626','22:19:00','22:19:00','4118155','6','',''),
('625346040962626','22:21:00','22:21:00','4118156','7','',''),
('625346040962626','22:22:00','22:22:00','4118157','8','',''),
('625346040962626','22:23:00','22:23:00','4118158','9','',''),
('625346040962626','22:25:00','22:25:00','4118159','10','',''),
('625346040962626','22:26:00','22:26:00','4118160','11','',''),
('625346040962626','22:26:00','22:26:00','4118161','12','',''),
('625346040962626','22:30:00','22:30:00','4118162','13','',''),
('625346040962626','22:31:00','22:31:00','4118163','14','',''),
('625346040962626','22:32:00','22:32:00','4118164','15','',''),
('625346040962626','22:33:00','22:33:00','4118165','16','',''),
('625346040962626','22:34:00','22:34:00','4118166','17','',''),
('625346040962626','22:35:00','22:35:00','4118167','18','',''),
('625346040962626','22:36:00','22:36:00','4118168','19','',''),
('625346040962626','22:37:00','22:37:00','4118169','20','',''),
('625346050962626','22:15:00','22:15:00','4118150','1','',''),
('625346050962626','22:16:00','22:16:00','4118151','2','',''),
('625346050962626','22:17:00','22:17:00','4118152','3','',''),
('625346050962626','22:18:00','22:18:00','4118153','4','',''),
('625346050962626','22:18:00','22:18:00','4118154','5','',''),
('625346050962626','22:20:00','22:20:00','4118155','6','',''),
('625346050962626','22:22:00','22:22:00','4118156','7','',''),
('625346050962626','22:23:00','22:23:00','4118157','8','',''),
('625346050962626','22:24:00','22:24:00','4118158','9','',''),
('625346050962626','22:26:00','22:26:00','4118159','10','',''),
('625346050962626','22:27:00','22:27:00','4118160','11','',''),
('625346050962626','22:27:00','22:27:00','4118161','12','',''),
('625346050962626','22:31:00','22:31:00','4118162','13','',''),
('625346050962626','22:32:00','22:32:00','4118163','14','',''),
('625346050962626','22:33:00','22:33:00','4118164','15','',''),
('625346050962626','22:34:00','22:34:00','4118165','16','',''),
('625346050962626','22:35:00','22:35:00','4118166','17','',''),
('625346050962626','22:36:00','22:36:00','4118167','18','',''),
('625346050962626','22:37:00','22:37:00','4118168','19','',''),
('625346050962626','22:38:00','22:38:00','4118169','20','',''),
('625346060962626','22:15:00','22:15:00','4118150','1','',''),
('625346060962626','22:16:00','22:16:00','4118151','2','',''),
('625346060962626','22:16:00','22:16:00','4118152','3','',''),
('625346060962626','22:17:00','22:17:00','4118153','4','',''),
('625346060962626','22:17:00','22:17:00','4118154','5','',''),
('625346060962626','22:19:00','22:19:00','4118155','6','',''),
('625346060962626','22:21:00','22:21:00','4118156','7','',''),
('625346060962626','22:22:00','22:22:00','4118157','8','',''),
('625346060962626','22:23:00','22:23:00','4118158','9','',''),
('625346060962626','22:25:00','22:25:00','4118159','10','',''),
('625346060962626','22:26:00','22:26:00','4118160','11','',''),
('625346060962626','22:26:00','22:26:00','4118161','12','',''),
('625346060962626','22:30:00','22:30:00','4118162','13','',''),
('625346060962626','22:31:00','22:31:00','4118163','14','',''),
('625346060962626','22:32:00','22:32:00','4118164','15','',''),
('625346060962626','22:33:00','22:33:00','4118165','16','',''),
('625346060962626','22:34:00','22:34:00','4118166','17','',''),
('625346060962626','22:35:00','22:35:00','4118167','18','',''),
('625346060962626','22:36:00','22:36:00','4118168','19','',''),
('625346060962626','22:37:00','22:37:00','4118169','20','','');
INSERT INTO calendar (service_id,monday,tuesday,wednesday,thursday,friday,saturday,sunday,start_date,end_date) VALUES
('2534603','0','0','0','0','0','0','0','20180108','20180201'),
('2534604','0','0','0','0','0','0','0','20180102','20180104'),
('2534605','0','0','0','0','0','0','0','20180112','20180202'),
('2534606','0','0','0','0','0','0','0','20180105','20180105'),
('2498589','0','0','0','0','0','0','0','20171229','20171229'),
('2498588','0','0','0','0','0','0','0','20171222','20171222'),
('2498587','0','0','0','0','0','0','0','20171221','20171221'),
('2469427','0','0','0','0','0','0','0','20171226','20171228');
INSERT INTO calendar_dates (service_id,date,exception_type) VALUES
('2534603','20180108','1'),
('2534603','20180109','1'),
('2534603','20180110','1'),
('2534603','20180111','1'),
('2534603','20180115','1'),
('2534603','20180116','1'),
('2534603','20180117','1'),
('2534603','20180118','1'),
('2534603','20180122','1'),
('2534603','20180123','1'),
('2534603','20180124','1'),
('2534603','20180125','1'),
('2534603','20180129','1'),
('2534603','20180130','1'),
('2534603','20180131','1'),
('2534603','20180201','1'),
('2534604','20180102','1'),
('2534604','20180103','1'),
('2534604','20180104','1'),
('2534605','20180112','1'),
('2534605','20180119','1'),
('2534605','20180126','1'),
('2534605','20180202','1'),
('2534606','20180105','1'),
('2498589','20171229','1'),
('2498588','20171222','1'),
('2498587','20171221','1'),
('2469427','20171226','1'),
('2469427','20171227','1'),
('2469427','20171228','1');
INSERT INTO routes (route_id,agency_id,route_short_name,route_long_name,route_desc,route_type,route_url,route_color,route_text_color) VALUES
('1073414','100','334','(ROBERT SCHUMAN <-> ROBERT SCHUMAN.) - Aller','','3','','FFFFFF','000000');
INSERT INTO agency (agency_id,agency_name,agency_url,agency_timezone,agency_lang,agency_phone) VALUES
('100','RATP (100)','http://www.ratp.fr/','CET','','');
INSERT INTO trips (route_id,service_id,trip_id,trip_headsign,trip_short_name,direction_id,shape_id) VALUES
('1073414','2469427','124694270962626','','1','0',''),
('1073414','2498587','124985870962626','','1','0',''),
('1073414','2498588','124985880962626','','1','0',''),
('1073414','2498589','124985890962626','','1','0',''),
('1073414','2534603','125346030962626','','1','0',''),
('1073414','2534604','125346040962626','','1','0',''),
('1073414','2534605','125346050962626','','1','0',''),
('1073414','2534606','125346060962626','','1','0',''),
('1073414','2469427','224694270962626','','2','0',''),
('1073414','2498587','224985870962626','','2','0',''),
('1073414','2498588','224985880962626','','2','0',''),
('1073414','2498589','224985890962626','','2','0',''),
('1073414','2534603','225346030962626','','2','0',''),
('1073414','2534604','225346040962626','','2','0',''),
('1073414','2534605','225346050962626','','2','0',''),
('1073414','2534606','225346060962626','','2','0',''),
('1073414','2469427','324694270962626','','3','0',''),
('1073414','2498587','324985870962626','','3','0',''),
('1073414','2498588','324985880962626','','3','0',''),
('1073414','2498589','324985890962626','','3','0',''),
('1073414','2534603','325346030962626','','3','0',''),
('1073414','2534604','325346040962626','','3','0',''),
('1073414','2534605','325346050962626','','3','0',''),
('1073414','2534606','325346060962626','','3','0',''),
('1073414','2469427','424694270962626','','4','0',''),
('1073414','2498587','424985870962626','','4','0',''),
('1073414','2498588','424985880962626','','4','0',''),
('1073414','2498589','424985890962626','','4','0',''),
('1073414','2534603','425346030962626','','4','0',''),
('1073414','2534604','425346040962626','','4','0',''),
('1073414','2534605','425346050962626','','4','0',''),
('1073414','2534606','425346060962626','','4','0',''),
('1073414','2469427','524694270962626','','5','0',''),
('1073414','2498587','524985870962626','','5','0',''),
('1073414','2498588','524985880962626','','5','0',''),
('1073414','2498589','524985890962626','','5','0',''),
('1073414','2534603','525346030962626','','5','0',''),
('1073414','2534604','525346040962626','','5','0',''),
('1073414','2534605','525346050962626','','5','0',''),
('1073414','2534606','525346060962626','','5','0',''),
('1073414','2469427','624694270962626','','6','0',''),
('1073414','2498587','624985870962626','','6','0',''),
('1073414','2498588','624985880962626','','6','0',''),
('1073414','2498589','624985890962626','','6','0',''),
('1073414','2534603','625346030962626','','6','0',''),
('1073414','2534604','625346040962626','','6','0',''),
('1073414','2534605','625346050962626','','6','0',''),
('1073414','2534606','625346060962626','','6','0','');
INSERT INTO transfers (from_stop_id,to_stop_id,transfer_type,min_transfer_time) VALUES
('6869579','4118160','2','104'),
('6869686','4118169','2','11'),
('4118158','3682334','2','76'),
('4118162','3682338','2','54'),
('5747162','4118154','2','20'),
('6869730','4118160','2','133'),
('3731675','4118162','2','54'),
('4035521','4118157','2','48'),
('3682079','4118153','2','20'),
('6682674','4118162','2','63'),
('4035525','4118159','2','51'),
('5747180','4118159','2','21'),
('4614760','4118160','2','133'),
('5747167','4118169','2','128'),
('5991360','4118159','2','111'),
('3682105','4118154','2','43'),
('3682105','4118153','2','29'),
('3672248','4118164','2','114'),
('3682031','4118159','2','53'),
('4614619','4118160','2','133'),
('3682034','4118158','2','37'),
('4035524','4118159','2','21'),
('4118154','3682220','2','127'),
('3672245','4118158','2','76'),
('6869738','4118169','2','66'),
('5150546','4118151','2','143'),
('4118153','3682252','2','20'),
('5150546','4118150','2','141'),
('3682042','4118154','2','127'),
('3682042','4118153','2','120'),
('5747161','4118153','2','29'),
('5747161','4118154','2','43'),
('6575249','4118159','2','49'),
('3672121','4118164','2','115'),
('5794627','4118157','2','48'),
('6869689','4118151','2','13'),
('6869691','4118152','2','60'),
('5991385','4118159','2','86'),
('6682667','4118164','2','115'),
('5747168','4118150','2','62'),
('3672275','4118162','2','64'),
('5747169','4118169','2','11'),
('5747167','4118151','2','143'),
('5747183','4118160','2','133'),
('6682671','4118163','2','54'),
('3672190','4118163','2','54'),
('5150458','4118160','2','133'),
('3682036','4118157','2','48'),
('5150544','4118152','2','60'),
('5747167','4118150','2','141'),
('3672272','4118164','2','115'),
('3672192','4118162','2','64'),
('6869790','4118160','2','133'),
('4614708','4118160','2','133'),
('4118153','3682178','2','120'),
('5150546','4118169','2','128'),
('4118167','3682343','2','80'),
('4118158','3682212','2','37'),
('5794685','4118159','2','35'),
('6869692','4118154','2','20'),
('6869749','4118150','2','62'),
('3672125','4118163','2','54'),
('5794624','4118159','2','51'),
('3672249','4118163','2','54'),
('6682673','4118162','2','64'),
('6869708','4118167','2','20'),
('3682032','4118159','2','21'),
('6869592','4118162','2','44'),
('6869707','4118151','2','143'),
('4146133','4118162','2','63'),
('6869707','4118150','2','141'),
('6682664','4118158','2','76'),
('4118153','3682220','2','120'),
('3672119','4118158','2','71'),
('5150543','4118154','2','43'),
('5747179','4118158','2','37'),
('5150543','4118153','2','29'),
('5150459','4118160','2','104'),
('3672184','4118158','2','71'),
('6869746','4118152','2','60'),
('6869707','4118169','2','128'),
('6575270','4118159','2','135'),
('6869749','4118169','2','72'),
('4118154','3682178','2','127'),
('6869578','4118160','2','133'),
('6869745','4118153','2','29'),
('6869745','4118154','2','43'),
('4614761','4118159','2','49'),
('6869748','4118151','2','143'),
('3672188','4118164','2','114'),
('6869748','4118150','2','141'),
('4118157','3682214','2','48'),
('3672186','4118164','2','115'),
('5747165','4118151','2','13'),
('6869694','4118153','2','120'),
('6869694','4118154','2','127'),
('5794626','4118158','2','37'),
('6869791','4118160','2','104'),
('4118159','3682167','2','53'),
('4118159','3682168','2','21'),
('4118165','3682341','2','113'),
('6869800','4118150','2','55'),
('4118155','3682176','2','46'),
('6869747','4118151','2','13'),
('3682040','4118155','2','46'),
('3672118','4118158','2','76'),
('4118154','3682268','2','43'),
('3672123','4118164','2','114'),
('5747163','4118152','2','60'),
('4118159','3682210','2','21'),
('6869580','4118160','2','98'),
('4118159','3682209','2','53'),
('5150545','4118151','2','13'),
('6869693','4118154','2','43'),
('6869693','4118153','2','29'),
('4035523','4118158','2','37'),
('3672247','4118164','2','115'),
('4614617','4118159','2','49'),
('5991358','4118160','2','98'),
('4118158','3682170','2','37'),
('4146109','4118158','2','71'),
('4118153','3682206','2','20'),
('3798443','4118159','2','90'),
('6869738','4118150','2','55'),
('4118157','3682345','2','137'),
('3672183','4118158','2','76'),
('6869748','4118169','2','128'),
('5747181','4118159','2','51'),
('4118155','3682218','2','46'),
('3682080','4118159','2','135'),
('6869750','4118168','2','16'),
('3672128','4118162','2','63'),
('6869588','4118164','2','114'),
('6869682','4118166','2','82'),
('4118164','3682340','2','6'),
('5150468','4118150','2','62'),
('5150547','4118169','2','66'),
('4035527','4118160','2','133'),
('6869800','4118169','2','66'),
('6869687','4118150','2','62'),
('4118153','3682268','2','29'),
('6869685','4118168','2','16'),
('4614705','4118159','2','35'),
('5747170','4118168','2','16'),
('5747177','4118157','2','48'),
('6869590','4118163','2','54'),
('4614616','4118159','2','35'),
('3672127','4118162','2','64'),
('5747240','4118153','2','120'),
('5747240','4118154','2','127'),
('3672250','4118162','2','64'),
('4146104','4118162','2','63'),
('6869687','4118169','2','72'),
('6869680','4118165','2','21'),
('6869751','4118167','2','20'),
('6869671','4118160','2','98'),
('4118157','3682172','2','48'),
('5747168','4118169','2','72'),
('4614706','4118159','2','49'),
('3672273','4118164','2','114'),
('6869753','4118165','2','21'),
('5150468','4118169','2','72'),
('5991359','4118160','2','104'),
('6869669','4118160','2','133'),
('5747172','4118167','2','28'),
('5150547','4118150','2','55'),
('5794623','4118160','2','133'),
('6869752','4118166','2','82'),
('3798444','4118159','2','95'),
('3672270','4118158','2','76'),
('4146138','4118158','2','71'),
('3672193','4118162','2','63'),
('3672274','4118163','2','54'),
('6869670','4118160','2','104'),
('3731674','4118162','2','54'),
('6682669','4118164','2','114'),
('6682665','4118158','2','71');
INSERT INTO stops (stop_id,stop_code,stop_name,stop_desc,stop_lat,stop_lon,location_type,parent_station) VALUES
('4118168','','LOUISE MICHEL','FACE 50 BOULEVARD DE PARIS - 93057','48.91477031606463','2.4952890088316666','0',''),
('4118159','','AVENUE DE ROSNY','AVENUE GALLIENI - 93010','48.9044195781789','2.4713593259826454','0',''),
('4118167','','LYCEE CLAUDE-NICOLAS LEDOUX','BOULEVARD DE PARIS - 93057','48.91398334545437','2.492327766588215','0',''),
('4118158','','AUGUSTE POLISSARD','111 AVENUE GALLIENI - 93010','48.906169876941505','2.4809479623042554','0',''),
('4118157','','PASTEUR - HOPITAL JEAN VERDIER','177 AVENUE GALLIENI - 93010','48.90695328855752','2.487003347246266','0',''),
('4118169','','ROBERT SCHUMAN.','AVENUE DE ROME - 93057','48.916213905282326','2.497775128888499','0',''),
('4118156','','LA FOURCHE','11 AVENUE ARISTIDE BRIAND - 93057','48.907969430629855','2.4935367931702235','0',''),
('4118151','','Z.I. DE LA POUDRETTE','91 AVENUE DE ROME - 93057','48.91483409151402','2.5013024323364252','0',''),
('4118160','','PONT DE BONDY - ANATOLE FRANCE','16-18 CHEMIN DE GROSLAY - 93010','48.906307579968086','2.470723452889686','0',''),
('4118150','','ROBERT SCHUMAN','AVENUE DE ROME - 93057','48.9162860028772','2.497625358261496','0',''),
('4118162','','JOUHAUX-BLUM','AV LEON JOUHAUX - 93010','48.9178455076262','2.4797258174982626','0',''),
('4118161','','LILLE','48 CHEMIN DE GROSLAY - 93010','48.90772624619888','2.4718723265699305','0',''),
('4118164','','SUZANNE BUISSON','AVENUE HENRI VARAGNAT - 93010','48.913501721797104','2.4822636319225277','0',''),
('4118155','','EGLISE DES PAVILLONS-SOUS-BOIS','91 AVENUE ARISTIDE BRIAND - 93057','48.90939395213068','2.5034530141423437','0',''),
('4118163','','RABELAIS','AVENUE HENRI VARAGNAT - 93010','48.91695910540304','2.484400525396555','0',''),
('4118154','','VICTOR HUGO - JEAN MOULIN','13 AVENUE ARISTIDE BRIAND - 93046','48.910559907505146','2.5114055620277695','0',''),
('4118166','','RONSARD - VILLON','VOIE PROMENADE - 93010','48.91320811924115','2.4871305076505736','0',''),
('4118153','','VICTOR HUGO - JULES GUESDE','FACE 10 AVENUE JULES GUESDE - 93046','48.910757442503375','2.5115289353873873','0',''),
('4118165','','MAISON DE RETRAITE','6 AVENUE MARX DORMOY - 93010','48.91127967872346','2.484098069741226','0',''),
('4118152','','COLONEL FABIEN','FACE 42 ALLEE DE MONTHYON - 93057','48.91329163826983','2.5053744235784774','0','');
