INSERT INTO stop_times (trip_id,arrival_time,departure_time,stop_id,stop_sequence,stop_headsign,shape_dist_traveled) VALUES
('125291170914186','09:00:00','09:00:00','3909002','1','',''),
('125291170914186','09:01:00','09:01:00','3909003','2','',''),
('125291170914186','09:02:00','09:02:00','3909004','3','',''),
('125291170914186','09:03:00','09:03:00','3909005','4','',''),
('125291170914186','09:05:00','09:05:00','3909006','5','',''),
('125291170914186','09:06:00','09:06:00','3909007','6','',''),
('125291170914186','09:07:00','09:07:00','3909008','7','',''),
('125291170914186','09:08:00','09:08:00','3909009','8','',''),
('125291170914186','09:12:00','09:12:00','3909010','9','',''),
('125291170914186','09:14:00','09:14:00','3909011','10','',''),
('125291170914186','09:15:00','09:15:00','3909012','11','',''),
('125291170914186','09:16:00','09:16:00','3909013','12','',''),
('125291170914186','09:18:00','09:18:00','5747352','13','',''),
('125291170914186','09:18:00','09:18:00','3909015','14','',''),
('125291170914186','09:20:00','09:20:00','5747354','15','',''),
('125291170914186','09:20:00','09:20:00','5747242','16','',''),
('125291170914186','09:21:00','09:21:00','3909017','17','',''),
('125291170914186','09:22:00','09:22:00','3909018','18','',''),
('125291170914186','09:23:00','09:23:00','3909019','19','',''),
('125291170914186','09:25:00','09:25:00','3909020','20','',''),
('125291170914186','09:27:00','09:27:00','3909021','21','',''),
('125291170914186','09:28:00','09:28:00','3909022','22','',''),
('125291170914186','09:29:00','09:29:00','3909023','23','',''),
('125291170914186','09:30:00','09:30:00','3909024','24','',''),
('125291170914186','09:32:00','09:32:00','3909025','25','',''),
('125291170914186','09:34:00','09:34:00','3909026','26','',''),
('125291170914186','09:35:00','09:35:00','3909027','27','',''),
('125291170914186','09:39:00','09:39:00','3909028','28','',''),
('125291170914186','09:40:00','09:40:00','3909029','29','',''),
('125291180914186','09:00:00','09:00:00','3909002','1','',''),
('125291180914186','09:01:00','09:01:00','3909003','2','',''),
('125291180914186','09:02:00','09:02:00','3909004','3','',''),
('125291180914186','09:03:00','09:03:00','3909005','4','',''),
('125291180914186','09:05:00','09:05:00','3909006','5','',''),
('125291180914186','09:06:00','09:06:00','3909007','6','',''),
('125291180914186','09:07:00','09:07:00','3909008','7','',''),
('125291180914186','09:08:00','09:08:00','3909009','8','',''),
('125291180914186','09:12:00','09:12:00','3909010','9','',''),
('125291180914186','09:14:00','09:14:00','3909011','10','',''),
('125291180914186','09:15:00','09:15:00','3909012','11','',''),
('125291180914186','09:16:00','09:16:00','3909013','12','',''),
('125291180914186','09:18:00','09:18:00','5747352','13','',''),
('125291180914186','09:18:00','09:18:00','3909015','14','',''),
('125291180914186','09:20:00','09:20:00','5747354','15','',''),
('125291180914186','09:20:00','09:20:00','5747242','16','',''),
('125291180914186','09:21:00','09:21:00','3909017','17','',''),
('125291180914186','09:22:00','09:22:00','3909018','18','',''),
('125291180914186','09:23:00','09:23:00','3909019','19','',''),
('125291180914186','09:25:00','09:25:00','3909020','20','',''),
('125291180914186','09:27:00','09:27:00','3909021','21','',''),
('125291180914186','09:28:00','09:28:00','3909022','22','',''),
('125291180914186','09:29:00','09:29:00','3909023','23','',''),
('125291180914186','09:30:00','09:30:00','3909024','24','',''),
('125291180914186','09:32:00','09:32:00','3909025','25','',''),
('125291180914186','09:34:00','09:34:00','3909026','26','',''),
('125291180914186','09:35:00','09:35:00','3909027','27','',''),
('125291180914186','09:39:00','09:39:00','3909028','28','',''),
('125291180914186','09:40:00','09:40:00','3909029','29','',''),
('225291170914186','09:50:00','09:50:00','3909002','1','',''),
('225291170914186','09:51:00','09:51:00','3909003','2','',''),
('225291170914186','09:52:00','09:52:00','3909004','3','',''),
('225291170914186','09:53:00','09:53:00','3909005','4','',''),
('225291170914186','09:55:00','09:55:00','3909006','5','',''),
('225291170914186','09:56:00','09:56:00','3909007','6','',''),
('225291170914186','09:57:00','09:57:00','3909008','7','',''),
('225291170914186','09:58:00','09:58:00','3909009','8','',''),
('225291170914186','10:02:00','10:02:00','3909010','9','',''),
('225291170914186','10:04:00','10:04:00','3909011','10','',''),
('225291170914186','10:05:00','10:05:00','3909012','11','',''),
('225291170914186','10:06:00','10:06:00','3909013','12','',''),
('225291170914186','10:08:00','10:08:00','5747352','13','',''),
('225291170914186','10:08:00','10:08:00','3909015','14','',''),
('225291170914186','10:10:00','10:10:00','5747354','15','',''),
('225291170914186','10:10:00','10:10:00','5747242','16','',''),
('225291170914186','10:11:00','10:11:00','3909017','17','',''),
('225291170914186','10:12:00','10:12:00','3909018','18','',''),
('225291170914186','10:13:00','10:13:00','3909019','19','',''),
('225291170914186','10:15:00','10:15:00','3909020','20','',''),
('225291170914186','10:17:00','10:17:00','3909021','21','',''),
('225291170914186','10:18:00','10:18:00','3909022','22','',''),
('225291170914186','10:19:00','10:19:00','3909023','23','',''),
('225291170914186','10:20:00','10:20:00','3909024','24','',''),
('225291170914186','10:22:00','10:22:00','3909025','25','',''),
('225291170914186','10:24:00','10:24:00','3909026','26','',''),
('225291170914186','10:25:00','10:25:00','3909027','27','',''),
('225291170914186','10:29:00','10:29:00','3909028','28','',''),
('225291170914186','10:30:00','10:30:00','3909029','29','',''),
('225291180914186','09:50:00','09:50:00','3909002','1','',''),
('225291180914186','09:51:00','09:51:00','3909003','2','',''),
('225291180914186','09:52:00','09:52:00','3909004','3','',''),
('225291180914186','09:53:00','09:53:00','3909005','4','',''),
('225291180914186','09:55:00','09:55:00','3909006','5','',''),
('225291180914186','09:56:00','09:56:00','3909007','6','',''),
('225291180914186','09:57:00','09:57:00','3909008','7','',''),
('225291180914186','09:58:00','09:58:00','3909009','8','',''),
('225291180914186','10:02:00','10:02:00','3909010','9','',''),
('225291180914186','10:04:00','10:04:00','3909011','10','',''),
('225291180914186','10:05:00','10:05:00','3909012','11','',''),
('225291180914186','10:06:00','10:06:00','3909013','12','',''),
('225291180914186','10:08:00','10:08:00','5747352','13','',''),
('225291180914186','10:08:00','10:08:00','3909015','14','',''),
('225291180914186','10:10:00','10:10:00','5747354','15','',''),
('225291180914186','10:10:00','10:10:00','5747242','16','',''),
('225291180914186','10:11:00','10:11:00','3909017','17','',''),
('225291180914186','10:12:00','10:12:00','3909018','18','',''),
('225291180914186','10:13:00','10:13:00','3909019','19','',''),
('225291180914186','10:15:00','10:15:00','3909020','20','',''),
('225291180914186','10:17:00','10:17:00','3909021','21','',''),
('225291180914186','10:18:00','10:18:00','3909022','22','',''),
('225291180914186','10:19:00','10:19:00','3909023','23','',''),
('225291180914186','10:20:00','10:20:00','3909024','24','',''),
('225291180914186','10:22:00','10:22:00','3909025','25','',''),
('225291180914186','10:24:00','10:24:00','3909026','26','',''),
('225291180914186','10:25:00','10:25:00','3909027','27','',''),
('225291180914186','10:29:00','10:29:00','3909028','28','',''),
('225291180914186','10:30:00','10:30:00','3909029','29','',''),
('325291170914186','10:40:00','10:40:00','3909002','1','',''),
('325291170914186','10:41:00','10:41:00','3909003','2','',''),
('325291170914186','10:42:00','10:42:00','3909004','3','',''),
('325291170914186','10:43:00','10:43:00','3909005','4','',''),
('325291170914186','10:45:00','10:45:00','3909006','5','',''),
('325291170914186','10:46:00','10:46:00','3909007','6','',''),
('325291170914186','10:47:00','10:47:00','3909008','7','',''),
('325291170914186','10:48:00','10:48:00','3909009','8','',''),
('325291170914186','10:52:00','10:52:00','3909010','9','',''),
('325291170914186','10:54:00','10:54:00','3909011','10','',''),
('325291170914186','10:55:00','10:55:00','3909012','11','',''),
('325291170914186','10:56:00','10:56:00','3909013','12','',''),
('325291170914186','10:58:00','10:58:00','5747352','13','',''),
('325291170914186','10:58:00','10:58:00','3909015','14','',''),
('325291170914186','11:00:00','11:00:00','5747354','15','',''),
('325291170914186','11:00:00','11:00:00','5747242','16','',''),
('325291170914186','11:01:00','11:01:00','3909017','17','',''),
('325291170914186','11:02:00','11:02:00','3909018','18','',''),
('325291170914186','11:03:00','11:03:00','3909019','19','',''),
('325291170914186','11:05:00','11:05:00','3909020','20','',''),
('325291170914186','11:07:00','11:07:00','3909021','21','',''),
('325291170914186','11:08:00','11:08:00','3909022','22','',''),
('325291170914186','11:09:00','11:09:00','3909023','23','',''),
('325291170914186','11:10:00','11:10:00','3909024','24','',''),
('325291170914186','11:12:00','11:12:00','3909025','25','',''),
('325291170914186','11:14:00','11:14:00','3909026','26','',''),
('325291170914186','11:15:00','11:15:00','3909027','27','',''),
('325291170914186','11:19:00','11:19:00','3909028','28','',''),
('325291170914186','11:20:00','11:20:00','3909029','29','',''),
('325291180914186','10:40:00','10:40:00','3909002','1','',''),
('325291180914186','10:41:00','10:41:00','3909003','2','',''),
('325291180914186','10:42:00','10:42:00','3909004','3','',''),
('325291180914186','10:43:00','10:43:00','3909005','4','',''),
('325291180914186','10:45:00','10:45:00','3909006','5','',''),
('325291180914186','10:46:00','10:46:00','3909007','6','',''),
('325291180914186','10:47:00','10:47:00','3909008','7','',''),
('325291180914186','10:48:00','10:48:00','3909009','8','',''),
('325291180914186','10:52:00','10:52:00','3909010','9','',''),
('325291180914186','10:54:00','10:54:00','3909011','10','',''),
('325291180914186','10:55:00','10:55:00','3909012','11','',''),
('325291180914186','10:56:00','10:56:00','3909013','12','',''),
('325291180914186','10:58:00','10:58:00','5747352','13','',''),
('325291180914186','10:58:00','10:58:00','3909015','14','',''),
('325291180914186','11:00:00','11:00:00','5747354','15','',''),
('325291180914186','11:00:00','11:00:00','5747242','16','',''),
('325291180914186','11:01:00','11:01:00','3909017','17','',''),
('325291180914186','11:02:00','11:02:00','3909018','18','',''),
('325291180914186','11:03:00','11:03:00','3909019','19','',''),
('325291180914186','11:05:00','11:05:00','3909020','20','',''),
('325291180914186','11:07:00','11:07:00','3909021','21','',''),
('325291180914186','11:08:00','11:08:00','3909022','22','',''),
('325291180914186','11:09:00','11:09:00','3909023','23','',''),
('325291180914186','11:10:00','11:10:00','3909024','24','',''),
('325291180914186','11:12:00','11:12:00','3909025','25','',''),
('325291180914186','11:14:00','11:14:00','3909026','26','',''),
('325291180914186','11:15:00','11:15:00','3909027','27','',''),
('325291180914186','11:19:00','11:19:00','3909028','28','',''),
('325291180914186','11:20:00','11:20:00','3909029','29','',''),
('425291170914186','13:50:00','13:50:00','3909002','1','',''),
('425291170914186','13:51:00','13:51:00','3909003','2','',''),
('425291170914186','13:52:00','13:52:00','3909004','3','',''),
('425291170914186','13:53:00','13:53:00','3909005','4','',''),
('425291170914186','13:55:00','13:55:00','3909006','5','',''),
('425291170914186','13:56:00','13:56:00','3909007','6','',''),
('425291170914186','13:57:00','13:57:00','3909008','7','',''),
('425291170914186','13:58:00','13:58:00','3909009','8','',''),
('425291170914186','14:02:00','14:02:00','3909010','9','',''),
('425291170914186','14:04:00','14:04:00','3909011','10','',''),
('425291170914186','14:05:00','14:05:00','3909012','11','',''),
('425291170914186','14:06:00','14:06:00','3909013','12','',''),
('425291170914186','14:08:00','14:08:00','5747352','13','',''),
('425291170914186','14:08:00','14:08:00','3909015','14','',''),
('425291170914186','14:10:00','14:10:00','5747354','15','',''),
('425291170914186','14:10:00','14:10:00','5747242','16','',''),
('425291170914186','14:11:00','14:11:00','3909017','17','',''),
('425291170914186','14:12:00','14:12:00','3909018','18','',''),
('425291170914186','14:13:00','14:13:00','3909019','19','',''),
('425291170914186','14:15:00','14:15:00','3909020','20','',''),
('425291170914186','14:17:00','14:17:00','3909021','21','',''),
('425291170914186','14:18:00','14:18:00','3909022','22','',''),
('425291170914186','14:19:00','14:19:00','3909023','23','',''),
('425291170914186','14:20:00','14:20:00','3909024','24','',''),
('425291170914186','14:22:00','14:22:00','3909025','25','',''),
('425291170914186','14:24:00','14:24:00','3909026','26','',''),
('425291170914186','14:25:00','14:25:00','3909027','27','',''),
('425291170914186','14:29:00','14:29:00','3909028','28','',''),
('425291170914186','14:30:00','14:30:00','3909029','29','',''),
('425291180914186','11:29:00','11:29:00','3909002','1','',''),
('425291180914186','11:30:00','11:30:00','3909003','2','',''),
('425291180914186','11:31:00','11:31:00','3909004','3','',''),
('425291180914186','11:32:00','11:32:00','3909005','4','',''),
('425291180914186','11:34:00','11:34:00','3909006','5','',''),
('425291180914186','11:35:00','11:35:00','3909007','6','',''),
('425291180914186','11:36:00','11:36:00','3909008','7','',''),
('425291180914186','11:37:00','11:37:00','3909009','8','',''),
('425291180914186','11:41:00','11:41:00','3909010','9','',''),
('425291180914186','11:43:00','11:43:00','3909011','10','',''),
('425291180914186','11:44:00','11:44:00','3909012','11','',''),
('425291180914186','11:45:00','11:45:00','3909013','12','',''),
('425291180914186','11:47:00','11:47:00','5747352','13','',''),
('425291180914186','11:47:00','11:47:00','3909015','14','',''),
('425291180914186','11:49:00','11:49:00','5747354','15','',''),
('425291180914186','11:49:00','11:49:00','5747242','16','',''),
('425291180914186','11:50:00','11:50:00','3909017','17','',''),
('425291180914186','11:51:00','11:51:00','3909018','18','',''),
('425291180914186','11:52:00','11:52:00','3909019','19','',''),
('425291180914186','11:54:00','11:54:00','3909020','20','',''),
('425291180914186','11:56:00','11:56:00','3909021','21','',''),
('425291180914186','11:57:00','11:57:00','3909022','22','',''),
('425291180914186','11:58:00','11:58:00','3909023','23','',''),
('425291180914186','11:59:00','11:59:00','3909024','24','',''),
('425291180914186','12:01:00','12:01:00','3909025','25','',''),
('425291180914186','12:03:00','12:03:00','3909026','26','',''),
('425291180914186','12:04:00','12:04:00','3909027','27','',''),
('425291180914186','12:08:00','12:08:00','3909028','28','',''),
('425291180914186','12:09:00','12:09:00','3909029','29','',''),
('525291170914186','14:45:00','14:45:00','3909002','1','',''),
('525291170914186','14:46:00','14:46:00','3909003','2','',''),
('525291170914186','14:47:00','14:47:00','3909004','3','',''),
('525291170914186','14:48:00','14:48:00','3909005','4','',''),
('525291170914186','14:50:00','14:50:00','3909006','5','',''),
('525291170914186','14:51:00','14:51:00','3909007','6','',''),
('525291170914186','14:52:00','14:52:00','3909008','7','',''),
('525291170914186','14:53:00','14:53:00','3909009','8','',''),
('525291170914186','14:57:00','14:57:00','3909010','9','',''),
('525291170914186','14:59:00','14:59:00','3909011','10','',''),
('525291170914186','15:00:00','15:00:00','3909012','11','',''),
('525291170914186','15:01:00','15:01:00','3909013','12','',''),
('525291170914186','15:03:00','15:03:00','5747352','13','',''),
('525291170914186','15:03:00','15:03:00','3909015','14','',''),
('525291170914186','15:05:00','15:05:00','5747354','15','',''),
('525291170914186','15:05:00','15:05:00','5747242','16','',''),
('525291170914186','15:06:00','15:06:00','3909017','17','',''),
('525291170914186','15:07:00','15:07:00','3909018','18','',''),
('525291170914186','15:08:00','15:08:00','3909019','19','',''),
('525291170914186','15:10:00','15:10:00','3909020','20','',''),
('525291170914186','15:12:00','15:12:00','3909021','21','',''),
('525291170914186','15:13:00','15:13:00','3909022','22','',''),
('525291170914186','15:14:00','15:14:00','3909023','23','',''),
('525291170914186','15:15:00','15:15:00','3909024','24','',''),
('525291170914186','15:17:00','15:17:00','3909025','25','',''),
('525291170914186','15:19:00','15:19:00','3909026','26','',''),
('525291170914186','15:20:00','15:20:00','3909027','27','',''),
('525291170914186','15:24:00','15:24:00','3909028','28','',''),
('525291170914186','15:25:00','15:25:00','3909029','29','',''),
('525291180914186','14:45:00','14:45:00','3909002','1','',''),
('525291180914186','14:46:00','14:46:00','3909003','2','',''),
('525291180914186','14:47:00','14:47:00','3909004','3','',''),
('525291180914186','14:48:00','14:48:00','3909005','4','',''),
('525291180914186','14:50:00','14:50:00','3909006','5','',''),
('525291180914186','14:51:00','14:51:00','3909007','6','',''),
('525291180914186','14:52:00','14:52:00','3909008','7','',''),
('525291180914186','14:53:00','14:53:00','3909009','8','',''),
('525291180914186','14:57:00','14:57:00','3909010','9','',''),
('525291180914186','14:59:00','14:59:00','3909011','10','',''),
('525291180914186','15:00:00','15:00:00','3909012','11','',''),
('525291180914186','15:01:00','15:01:00','3909013','12','',''),
('525291180914186','15:03:00','15:03:00','5747352','13','',''),
('525291180914186','15:03:00','15:03:00','3909015','14','',''),
('525291180914186','15:05:00','15:05:00','5747354','15','',''),
('525291180914186','15:05:00','15:05:00','5747242','16','',''),
('525291180914186','15:06:00','15:06:00','3909017','17','',''),
('525291180914186','15:07:00','15:07:00','3909018','18','',''),
('525291180914186','15:08:00','15:08:00','3909019','19','',''),
('525291180914186','15:10:00','15:10:00','3909020','20','',''),
('525291180914186','15:12:00','15:12:00','3909021','21','',''),
('525291180914186','15:13:00','15:13:00','3909022','22','',''),
('525291180914186','15:14:00','15:14:00','3909023','23','',''),
('525291180914186','15:15:00','15:15:00','3909024','24','',''),
('525291180914186','15:17:00','15:17:00','3909025','25','',''),
('525291180914186','15:19:00','15:19:00','3909026','26','',''),
('525291180914186','15:20:00','15:20:00','3909027','27','',''),
('525291180914186','15:24:00','15:24:00','3909028','28','',''),
('525291180914186','15:25:00','15:25:00','3909029','29','',''),
('625291170914186','15:40:00','15:40:00','3909002','1','',''),
('625291170914186','15:41:00','15:41:00','3909003','2','',''),
('625291170914186','15:42:00','15:42:00','3909004','3','',''),
('625291170914186','15:43:00','15:43:00','3909005','4','',''),
('625291170914186','15:45:00','15:45:00','3909006','5','',''),
('625291170914186','15:46:00','15:46:00','3909007','6','',''),
('625291170914186','15:47:00','15:47:00','3909008','7','',''),
('625291170914186','15:48:00','15:48:00','3909009','8','',''),
('625291170914186','15:52:00','15:52:00','3909010','9','',''),
('625291170914186','15:54:00','15:54:00','3909011','10','',''),
('625291170914186','15:55:00','15:55:00','3909012','11','',''),
('625291170914186','15:56:00','15:56:00','3909013','12','',''),
('625291170914186','15:58:00','15:58:00','5747352','13','',''),
('625291170914186','15:58:00','15:58:00','3909015','14','',''),
('625291170914186','16:00:00','16:00:00','5747354','15','',''),
('625291170914186','16:00:00','16:00:00','5747242','16','',''),
('625291170914186','16:01:00','16:01:00','3909017','17','',''),
('625291170914186','16:02:00','16:02:00','3909018','18','',''),
('625291170914186','16:03:00','16:03:00','3909019','19','',''),
('625291170914186','16:05:00','16:05:00','3909020','20','',''),
('625291170914186','16:07:00','16:07:00','3909021','21','',''),
('625291170914186','16:08:00','16:08:00','3909022','22','',''),
('625291170914186','16:09:00','16:09:00','3909023','23','',''),
('625291170914186','16:10:00','16:10:00','3909024','24','',''),
('625291170914186','16:12:00','16:12:00','3909025','25','',''),
('625291170914186','16:14:00','16:14:00','3909026','26','',''),
('625291170914186','16:15:00','16:15:00','3909027','27','',''),
('625291170914186','16:19:00','16:19:00','3909028','28','',''),
('625291170914186','16:20:00','16:20:00','3909029','29','',''),
('625291180914186','15:40:00','15:40:00','3909002','1','',''),
('625291180914186','15:41:00','15:41:00','3909003','2','',''),
('625291180914186','15:42:00','15:42:00','3909004','3','',''),
('625291180914186','15:43:00','15:43:00','3909005','4','',''),
('625291180914186','15:45:00','15:45:00','3909006','5','',''),
('625291180914186','15:46:00','15:46:00','3909007','6','',''),
('625291180914186','15:47:00','15:47:00','3909008','7','',''),
('625291180914186','15:48:00','15:48:00','3909009','8','',''),
('625291180914186','15:52:00','15:52:00','3909010','9','',''),
('625291180914186','15:54:00','15:54:00','3909011','10','',''),
('625291180914186','15:55:00','15:55:00','3909012','11','',''),
('625291180914186','15:56:00','15:56:00','3909013','12','',''),
('625291180914186','15:58:00','15:58:00','5747352','13','',''),
('625291180914186','15:58:00','15:58:00','3909015','14','',''),
('625291180914186','16:00:00','16:00:00','5747354','15','',''),
('625291180914186','16:00:00','16:00:00','5747242','16','',''),
('625291180914186','16:01:00','16:01:00','3909017','17','',''),
('625291180914186','16:02:00','16:02:00','3909018','18','',''),
('625291180914186','16:03:00','16:03:00','3909019','19','',''),
('625291180914186','16:05:00','16:05:00','3909020','20','',''),
('625291180914186','16:07:00','16:07:00','3909021','21','',''),
('625291180914186','16:08:00','16:08:00','3909022','22','',''),
('625291180914186','16:09:00','16:09:00','3909023','23','',''),
('625291180914186','16:10:00','16:10:00','3909024','24','',''),
('625291180914186','16:12:00','16:12:00','3909025','25','',''),
('625291180914186','16:14:00','16:14:00','3909026','26','',''),
('625291180914186','16:15:00','16:15:00','3909027','27','',''),
('625291180914186','16:19:00','16:19:00','3909028','28','',''),
('625291180914186','16:20:00','16:20:00','3909029','29','',''),
('725291170914186','16:35:00','16:35:00','3909002','1','',''),
('725291170914186','16:36:00','16:36:00','3909003','2','',''),
('725291170914186','16:37:00','16:37:00','3909004','3','',''),
('725291170914186','16:38:00','16:38:00','3909005','4','',''),
('725291170914186','16:40:00','16:40:00','3909006','5','',''),
('725291170914186','16:41:00','16:41:00','3909007','6','',''),
('725291170914186','16:42:00','16:42:00','3909008','7','',''),
('725291170914186','16:43:00','16:43:00','3909009','8','',''),
('725291170914186','16:47:00','16:47:00','3909010','9','',''),
('725291170914186','16:49:00','16:49:00','3909011','10','',''),
('725291170914186','16:50:00','16:50:00','3909012','11','',''),
('725291170914186','16:51:00','16:51:00','3909013','12','',''),
('725291170914186','16:53:00','16:53:00','5747352','13','',''),
('725291170914186','16:53:00','16:53:00','3909015','14','',''),
('725291170914186','16:55:00','16:55:00','5747354','15','',''),
('725291170914186','16:55:00','16:55:00','5747242','16','',''),
('725291170914186','16:56:00','16:56:00','3909017','17','',''),
('725291170914186','16:57:00','16:57:00','3909018','18','',''),
('725291170914186','16:58:00','16:58:00','3909019','19','',''),
('725291170914186','17:00:00','17:00:00','3909020','20','',''),
('725291170914186','17:02:00','17:02:00','3909021','21','',''),
('725291170914186','17:03:00','17:03:00','3909022','22','',''),
('725291170914186','17:04:00','17:04:00','3909023','23','',''),
('725291170914186','17:05:00','17:05:00','3909024','24','',''),
('725291170914186','17:07:00','17:07:00','3909025','25','',''),
('725291170914186','17:09:00','17:09:00','3909026','26','',''),
('725291170914186','17:10:00','17:10:00','3909027','27','',''),
('725291170914186','17:14:00','17:14:00','3909028','28','',''),
('725291170914186','17:15:00','17:15:00','3909029','29','',''),
('725291180914186','16:30:00','16:30:00','3909002','1','',''),
('725291180914186','16:31:00','16:31:00','3909003','2','',''),
('725291180914186','16:32:00','16:32:00','3909004','3','',''),
('725291180914186','16:33:00','16:33:00','3909005','4','',''),
('725291180914186','16:35:00','16:35:00','3909006','5','',''),
('725291180914186','16:36:00','16:36:00','3909007','6','',''),
('725291180914186','16:37:00','16:37:00','3909008','7','',''),
('725291180914186','16:38:00','16:38:00','3909009','8','',''),
('725291180914186','16:42:00','16:42:00','3909010','9','',''),
('725291180914186','16:44:00','16:44:00','3909011','10','',''),
('725291180914186','16:45:00','16:45:00','3909012','11','',''),
('725291180914186','16:46:00','16:46:00','3909013','12','',''),
('725291180914186','16:48:00','16:48:00','5747352','13','',''),
('725291180914186','16:48:00','16:48:00','3909015','14','',''),
('725291180914186','16:50:00','16:50:00','5747354','15','',''),
('725291180914186','16:50:00','16:50:00','5747242','16','',''),
('725291180914186','16:51:00','16:51:00','3909017','17','',''),
('725291180914186','16:52:00','16:52:00','3909018','18','',''),
('725291180914186','16:53:00','16:53:00','3909019','19','',''),
('725291180914186','16:55:00','16:55:00','3909020','20','',''),
('725291180914186','16:57:00','16:57:00','3909021','21','',''),
('725291180914186','16:58:00','16:58:00','3909022','22','',''),
('725291180914186','16:59:00','16:59:00','3909023','23','',''),
('725291180914186','17:00:00','17:00:00','3909024','24','',''),
('725291180914186','17:02:00','17:02:00','3909025','25','',''),
('725291180914186','17:04:00','17:04:00','3909026','26','',''),
('725291180914186','17:05:00','17:05:00','3909027','27','',''),
('725291180914186','17:09:00','17:09:00','3909028','28','',''),
('725291180914186','17:10:00','17:10:00','3909029','29','',''),
('125291191039564','11:25:00','11:25:00','3909098','1','',''),
('125291191039564','11:26:00','11:26:00','3909099','2','',''),
('125291191039564','11:27:00','11:27:00','3909100','3','',''),
('125291191039564','11:28:00','11:28:00','3909101','4','',''),
('125291191039564','11:30:00','11:30:00','3909102','5','',''),
('125291191039564','11:31:00','11:31:00','3909103','6','',''),
('125291191039564','11:32:00','11:32:00','3909104','7','',''),
('125291191039564','11:33:00','11:33:00','3909105','8','',''),
('125291191039564','11:37:00','11:37:00','3909106','9','',''),
('125291191039564','11:39:00','11:39:00','3909107','10','',''),
('125291191039564','11:40:00','11:40:00','3909108','11','',''),
('125291191039564','11:41:00','11:41:00','3909109','12','',''),
('125291191039564','11:43:00','11:43:00','5747351','13','',''),
('125291191039564','11:43:00','11:43:00','3909111','14','',''),
('125291191039564','11:45:00','11:45:00','5747353','15','',''),
('125291191039564','11:45:00','11:45:00','5747243','16','',''),
('125291191039564','11:46:00','11:46:00','3909113','17','',''),
('125291191039564','11:47:00','11:47:00','3909114','18','',''),
('125291191039564','11:48:00','11:48:00','3909115','19','',''),
('125291191039564','11:50:00','11:50:00','3909116','20','',''),
('125291191039564','11:52:00','11:52:00','3909117','21','',''),
('125291191039564','11:53:00','11:53:00','3909118','22','',''),
('125291191039564','11:54:00','11:54:00','3909119','23','',''),
('125291191039564','11:55:00','11:55:00','3909120','24','',''),
('125291191039564','11:57:00','11:57:00','3909121','25','',''),
('125291191039564','11:59:00','11:59:00','3909122','26','',''),
('125291191039564','12:00:00','12:00:00','3909123','27','',''),
('125291191039564','12:04:00','12:04:00','3909124','28','',''),
('125291191039564','12:05:00','12:05:00','3909125','29','',''),
('125291201039564','12:15:00','12:15:00','3909098','1','',''),
('125291201039564','12:16:00','12:16:00','3909099','2','',''),
('125291201039564','12:17:00','12:17:00','3909100','3','',''),
('125291201039564','12:18:00','12:18:00','3909101','4','',''),
('125291201039564','12:20:00','12:20:00','3909102','5','',''),
('125291201039564','12:21:00','12:21:00','3909103','6','',''),
('125291201039564','12:22:00','12:22:00','3909104','7','',''),
('125291201039564','12:23:00','12:23:00','3909105','8','',''),
('125291201039564','12:27:00','12:27:00','3909106','9','',''),
('125291201039564','12:29:00','12:29:00','3909107','10','',''),
('125291201039564','12:30:00','12:30:00','3909108','11','',''),
('125291201039564','12:31:00','12:31:00','3909109','12','',''),
('125291201039564','12:33:00','12:33:00','5747351','13','',''),
('125291201039564','12:33:00','12:33:00','3909111','14','',''),
('125291201039564','12:35:00','12:35:00','5747353','15','',''),
('125291201039564','12:35:00','12:35:00','5747243','16','',''),
('125291201039564','12:36:00','12:36:00','3909113','17','',''),
('125291201039564','12:37:00','12:37:00','3909114','18','',''),
('125291201039564','12:38:00','12:38:00','3909115','19','',''),
('125291201039564','12:40:00','12:40:00','3909116','20','',''),
('125291201039564','12:42:00','12:42:00','3909117','21','',''),
('125291201039564','12:43:00','12:43:00','3909118','22','',''),
('125291201039564','12:44:00','12:44:00','3909119','23','',''),
('125291201039564','12:45:00','12:45:00','3909120','24','',''),
('125291201039564','12:47:00','12:47:00','3909121','25','',''),
('125291201039564','12:49:00','12:49:00','3909122','26','',''),
('125291201039564','12:50:00','12:50:00','3909123','27','',''),
('125291201039564','12:54:00','12:54:00','3909124','28','',''),
('125291201039564','12:55:00','12:55:00','3909125','29','',''),
('225291191039564','17:30:00','17:30:00','3909098','1','',''),
('225291191039564','17:31:00','17:31:00','3909099','2','',''),
('225291191039564','17:32:00','17:32:00','3909100','3','',''),
('225291191039564','17:33:00','17:33:00','3909101','4','',''),
('225291191039564','17:35:00','17:35:00','3909102','5','',''),
('225291191039564','17:36:00','17:36:00','3909103','6','',''),
('225291191039564','17:37:00','17:37:00','3909104','7','',''),
('225291191039564','17:38:00','17:38:00','3909105','8','',''),
('225291191039564','17:42:00','17:42:00','3909106','9','',''),
('225291191039564','17:44:00','17:44:00','3909107','10','',''),
('225291191039564','17:45:00','17:45:00','3909108','11','',''),
('225291191039564','17:46:00','17:46:00','3909109','12','',''),
('225291191039564','17:48:00','17:48:00','5747351','13','',''),
('225291191039564','17:48:00','17:48:00','3909111','14','',''),
('225291191039564','17:50:00','17:50:00','5747353','15','',''),
('225291191039564','17:50:00','17:50:00','5747243','16','',''),
('225291191039564','17:51:00','17:51:00','3909113','17','',''),
('225291191039564','17:52:00','17:52:00','3909114','18','',''),
('225291191039564','17:53:00','17:53:00','3909115','19','',''),
('225291191039564','17:55:00','17:55:00','3909116','20','',''),
('225291191039564','17:57:00','17:57:00','3909117','21','',''),
('225291191039564','17:58:00','17:58:00','3909118','22','',''),
('225291191039564','17:59:00','17:59:00','3909119','23','',''),
('225291191039564','18:00:00','18:00:00','3909120','24','',''),
('225291191039564','18:02:00','18:02:00','3909121','25','',''),
('225291191039564','18:04:00','18:04:00','3909122','26','',''),
('225291191039564','18:05:00','18:05:00','3909123','27','',''),
('225291191039564','18:09:00','18:09:00','3909124','28','',''),
('225291191039564','18:10:00','18:10:00','3909125','29','',''),
('225291201039564','17:20:00','17:20:00','3909098','1','',''),
('225291201039564','17:21:00','17:21:00','3909099','2','',''),
('225291201039564','17:22:00','17:22:00','3909100','3','',''),
('225291201039564','17:23:00','17:23:00','3909101','4','',''),
('225291201039564','17:25:00','17:25:00','3909102','5','',''),
('225291201039564','17:26:00','17:26:00','3909103','6','',''),
('225291201039564','17:27:00','17:27:00','3909104','7','',''),
('225291201039564','17:28:00','17:28:00','3909105','8','',''),
('225291201039564','17:32:00','17:32:00','3909106','9','',''),
('225291201039564','17:34:00','17:34:00','3909107','10','',''),
('225291201039564','17:35:00','17:35:00','3909108','11','',''),
('225291201039564','17:36:00','17:36:00','3909109','12','',''),
('225291201039564','17:38:00','17:38:00','5747351','13','',''),
('225291201039564','17:38:00','17:38:00','3909111','14','',''),
('225291201039564','17:40:00','17:40:00','5747353','15','',''),
('225291201039564','17:40:00','17:40:00','5747243','16','',''),
('225291201039564','17:41:00','17:41:00','3909113','17','',''),
('225291201039564','17:42:00','17:42:00','3909114','18','',''),
('225291201039564','17:43:00','17:43:00','3909115','19','',''),
('225291201039564','17:45:00','17:45:00','3909116','20','',''),
('225291201039564','17:47:00','17:47:00','3909117','21','',''),
('225291201039564','17:48:00','17:48:00','3909118','22','',''),
('225291201039564','17:49:00','17:49:00','3909119','23','',''),
('225291201039564','17:50:00','17:50:00','3909120','24','',''),
('225291201039564','17:52:00','17:52:00','3909121','25','',''),
('225291201039564','17:54:00','17:54:00','3909122','26','',''),
('225291201039564','17:55:00','17:55:00','3909123','27','',''),
('225291201039564','17:59:00','17:59:00','3909124','28','',''),
('225291201039564','18:00:00','18:00:00','3909125','29','','');
INSERT INTO calendar (service_id,monday,tuesday,wednesday,thursday,friday,saturday,sunday,start_date,end_date) VALUES
('2529117','0','0','0','0','0','0','0','20171221','20180619'),
('2529118','0','0','0','0','0','0','0','20171223','20180616'),
('2529119','0','0','0','0','0','0','0','20171221','20180619'),
('2529120','0','0','0','0','0','0','0','20171223','20180616');
INSERT INTO calendar_dates (service_id,date,exception_type) VALUES
('2529117','20171221','1'),
('2529117','20171222','1'),
('2529117','20171226','1'),
('2529117','20171227','1'),
('2529117','20171228','1'),
('2529117','20171229','1'),
('2529117','20180102','1'),
('2529117','20180103','1'),
('2529117','20180104','1'),
('2529117','20180105','1'),
('2529117','20180108','1'),
('2529117','20180109','1'),
('2529117','20180110','1'),
('2529117','20180111','1'),
('2529117','20180112','1'),
('2529117','20180115','1'),
('2529117','20180116','1'),
('2529117','20180117','1'),
('2529117','20180118','1'),
('2529117','20180119','1'),
('2529117','20180122','1'),
('2529117','20180123','1'),
('2529117','20180124','1'),
('2529117','20180125','1'),
('2529117','20180126','1'),
('2529117','20180129','1'),
('2529117','20180130','1'),
('2529117','20180131','1'),
('2529117','20180201','1'),
('2529117','20180202','1'),
('2529117','20180205','1'),
('2529117','20180206','1'),
('2529117','20180207','1'),
('2529117','20180208','1'),
('2529117','20180209','1'),
('2529117','20180212','1'),
('2529117','20180213','1'),
('2529117','20180214','1'),
('2529117','20180215','1'),
('2529117','20180216','1'),
('2529117','20180219','1'),
('2529117','20180220','1'),
('2529117','20180221','1'),
('2529117','20180222','1'),
('2529117','20180223','1'),
('2529117','20180226','1'),
('2529117','20180227','1'),
('2529117','20180228','1'),
('2529117','20180301','1'),
('2529117','20180302','1'),
('2529117','20180305','1'),
('2529117','20180306','1'),
('2529117','20180307','1'),
('2529117','20180308','1'),
('2529117','20180309','1'),
('2529117','20180312','1'),
('2529117','20180313','1'),
('2529117','20180314','1'),
('2529117','20180315','1'),
('2529117','20180316','1'),
('2529117','20180319','1'),
('2529117','20180320','1'),
('2529117','20180321','1'),
('2529117','20180322','1'),
('2529117','20180323','1'),
('2529117','20180326','1'),
('2529117','20180327','1'),
('2529117','20180328','1'),
('2529117','20180329','1'),
('2529117','20180330','1'),
('2529117','20180403','1'),
('2529117','20180404','1'),
('2529117','20180405','1'),
('2529117','20180406','1'),
('2529117','20180409','1'),
('2529117','20180410','1'),
('2529117','20180411','1'),
('2529117','20180412','1'),
('2529117','20180413','1'),
('2529117','20180416','1'),
('2529117','20180417','1'),
('2529117','20180418','1'),
('2529117','20180419','1'),
('2529117','20180420','1'),
('2529117','20180423','1'),
('2529117','20180424','1'),
('2529117','20180425','1'),
('2529117','20180426','1'),
('2529117','20180427','1'),
('2529117','20180430','1'),
('2529117','20180502','1'),
('2529117','20180503','1'),
('2529117','20180504','1'),
('2529117','20180507','1'),
('2529117','20180509','1'),
('2529117','20180511','1'),
('2529117','20180514','1'),
('2529117','20180515','1'),
('2529117','20180516','1'),
('2529117','20180517','1'),
('2529117','20180518','1'),
('2529117','20180522','1'),
('2529117','20180523','1'),
('2529117','20180524','1'),
('2529117','20180525','1'),
('2529117','20180528','1'),
('2529117','20180529','1'),
('2529117','20180530','1'),
('2529117','20180531','1'),
('2529117','20180601','1'),
('2529117','20180604','1'),
('2529117','20180605','1'),
('2529117','20180606','1'),
('2529117','20180607','1'),
('2529117','20180608','1'),
('2529117','20180611','1'),
('2529117','20180612','1'),
('2529117','20180613','1'),
('2529117','20180614','1'),
('2529117','20180615','1'),
('2529117','20180618','1'),
('2529117','20180619','1'),
('2529118','20171223','1'),
('2529118','20171230','1'),
('2529118','20180106','1'),
('2529118','20180113','1'),
('2529118','20180120','1'),
('2529118','20180127','1'),
('2529118','20180203','1'),
('2529118','20180210','1'),
('2529118','20180217','1'),
('2529118','20180224','1'),
('2529118','20180303','1'),
('2529118','20180310','1'),
('2529118','20180317','1'),
('2529118','20180324','1'),
('2529118','20180331','1'),
('2529118','20180407','1'),
('2529118','20180414','1'),
('2529118','20180421','1'),
('2529118','20180428','1'),
('2529118','20180505','1'),
('2529118','20180512','1'),
('2529118','20180519','1'),
('2529118','20180526','1'),
('2529118','20180602','1'),
('2529118','20180609','1'),
('2529118','20180616','1'),
('2529119','20171221','1'),
('2529119','20171222','1'),
('2529119','20171226','1'),
('2529119','20171227','1'),
('2529119','20171228','1'),
('2529119','20171229','1'),
('2529119','20180102','1'),
('2529119','20180103','1'),
('2529119','20180104','1'),
('2529119','20180105','1'),
('2529119','20180108','1'),
('2529119','20180109','1'),
('2529119','20180110','1'),
('2529119','20180111','1'),
('2529119','20180112','1'),
('2529119','20180115','1'),
('2529119','20180116','1'),
('2529119','20180117','1'),
('2529119','20180118','1'),
('2529119','20180119','1'),
('2529119','20180122','1'),
('2529119','20180123','1'),
('2529119','20180124','1'),
('2529119','20180125','1'),
('2529119','20180126','1'),
('2529119','20180129','1'),
('2529119','20180130','1'),
('2529119','20180131','1'),
('2529119','20180201','1'),
('2529119','20180202','1'),
('2529119','20180205','1'),
('2529119','20180206','1'),
('2529119','20180207','1'),
('2529119','20180208','1'),
('2529119','20180209','1'),
('2529119','20180212','1'),
('2529119','20180213','1'),
('2529119','20180214','1'),
('2529119','20180215','1'),
('2529119','20180216','1'),
('2529119','20180219','1'),
('2529119','20180220','1'),
('2529119','20180221','1'),
('2529119','20180222','1'),
('2529119','20180223','1'),
('2529119','20180226','1'),
('2529119','20180227','1'),
('2529119','20180228','1'),
('2529119','20180301','1'),
('2529119','20180302','1'),
('2529119','20180305','1'),
('2529119','20180306','1'),
('2529119','20180307','1'),
('2529119','20180308','1'),
('2529119','20180309','1'),
('2529119','20180312','1'),
('2529119','20180313','1'),
('2529119','20180314','1'),
('2529119','20180315','1'),
('2529119','20180316','1'),
('2529119','20180319','1'),
('2529119','20180320','1'),
('2529119','20180321','1'),
('2529119','20180322','1'),
('2529119','20180323','1'),
('2529119','20180326','1'),
('2529119','20180327','1'),
('2529119','20180328','1'),
('2529119','20180329','1'),
('2529119','20180330','1'),
('2529119','20180403','1'),
('2529119','20180404','1'),
('2529119','20180405','1'),
('2529119','20180406','1'),
('2529119','20180409','1'),
('2529119','20180410','1'),
('2529119','20180411','1'),
('2529119','20180412','1'),
('2529119','20180413','1'),
('2529119','20180416','1'),
('2529119','20180417','1'),
('2529119','20180418','1'),
('2529119','20180419','1'),
('2529119','20180420','1'),
('2529119','20180423','1'),
('2529119','20180424','1'),
('2529119','20180425','1'),
('2529119','20180426','1'),
('2529119','20180427','1'),
('2529119','20180430','1'),
('2529119','20180502','1'),
('2529119','20180503','1'),
('2529119','20180504','1'),
('2529119','20180507','1'),
('2529119','20180509','1'),
('2529119','20180511','1'),
('2529119','20180514','1'),
('2529119','20180515','1'),
('2529119','20180516','1'),
('2529119','20180517','1'),
('2529119','20180518','1'),
('2529119','20180522','1'),
('2529119','20180523','1'),
('2529119','20180524','1'),
('2529119','20180525','1'),
('2529119','20180528','1'),
('2529119','20180529','1'),
('2529119','20180530','1'),
('2529119','20180531','1'),
('2529119','20180601','1'),
('2529119','20180604','1'),
('2529119','20180605','1'),
('2529119','20180606','1'),
('2529119','20180607','1'),
('2529119','20180608','1'),
('2529119','20180611','1'),
('2529119','20180612','1'),
('2529119','20180613','1'),
('2529119','20180614','1'),
('2529119','20180615','1'),
('2529119','20180618','1'),
('2529119','20180619','1'),
('2529120','20171223','1'),
('2529120','20171230','1'),
('2529120','20180106','1'),
('2529120','20180113','1'),
('2529120','20180120','1'),
('2529120','20180127','1'),
('2529120','20180203','1'),
('2529120','20180210','1'),
('2529120','20180217','1'),
('2529120','20180224','1'),
('2529120','20180303','1'),
('2529120','20180310','1'),
('2529120','20180317','1'),
('2529120','20180324','1'),
('2529120','20180331','1'),
('2529120','20180407','1'),
('2529120','20180414','1'),
('2529120','20180421','1'),
('2529120','20180428','1'),
('2529120','20180505','1'),
('2529120','20180512','1'),
('2529120','20180519','1'),
('2529120','20180526','1'),
('2529120','20180602','1'),
('2529120','20180609','1'),
('2529120','20180616','1');
INSERT INTO routes (route_id,agency_id,route_short_name,route_long_name,route_desc,route_type,route_url,route_color,route_text_color) VALUES
('914412','100','594','PETIT-F (DIVISION LECLERC. <-> SU CIRCULAIRE FONTENAY) - Aller','','3','','FFFFFF','000000'),
('914413','100','594','PETIT-F (DIVISION LECLERC. <-> SU CIRCULAIRE) - Aller','','3','','FFFFFF','000000');
INSERT INTO agency (agency_id,agency_name,agency_url,agency_timezone,agency_lang,agency_phone) VALUES
('100','RATP (100)','http://www.ratp.fr/','CET','','');
INSERT INTO trips (route_id,service_id,trip_id,trip_headsign,trip_short_name,direction_id,shape_id) VALUES
('914412','2529117','125291170914186','','1','0',''),
('914412','2529118','125291180914186','','1','0',''),
('914412','2529117','225291170914186','','2','0',''),
('914412','2529118','225291180914186','','2','0',''),
('914412','2529117','325291170914186','','3','0',''),
('914412','2529118','325291180914186','','3','0',''),
('914412','2529117','425291170914186','','4','0',''),
('914412','2529118','425291180914186','','4','0',''),
('914412','2529117','525291170914186','','5','0',''),
('914412','2529118','525291180914186','','5','0',''),
('914412','2529117','625291170914186','','6','0',''),
('914412','2529118','625291180914186','','6','0',''),
('914412','2529117','725291170914186','','7','0',''),
('914412','2529118','725291180914186','','7','0',''),
('914413','2529119','125291191039564','','1','0',''),
('914413','2529120','125291201039564','','1','0',''),
('914413','2529119','225291191039564','','2','0',''),
('914413','2529120','225291201039564','','2','0','');
INSERT INTO transfers (from_stop_id,to_stop_id,transfer_type,min_transfer_time) VALUES
('5067602','3909024','2','133'),
('5067602','3909023','2','42'),
('5067604','3909107','2','126'),
('6046784','3909002','2','81'),
('5067615','3909119','2','135'),
('5067610','3909111','2','91'),
('5976634','3909116','2','33'),
('5151528','3909098','2','110'),
('5067603','3909108','2','121'),
('5161469','3909118','2','39'),
('5976754','3909029','2','47'),
('3909111','5121790','2','91'),
('5067470','3909009','2','94'),
('5747354','5370692','2','57'),
('5067470','3909008','2','57'),
('3909102','5370701','2','61'),
('5976754','3909125','2','22'),
('3909102','5370700','2','118'),
('5976707','3909098','2','110'),
('3909023','5370701','2','42'),
('3909023','5370700','2','128'),
('5067605','3909011','2','121'),
('5067592','3909099','2','133'),
('5976636','3909021','2','36'),
('3909025','5122042','2','48'),
('3909025','5122041','2','82'),
('3909023','5370702','2','135'),
('3909121','5122042','2','48'),
('3909121','5122041','2','82'),
('5423677','3909098','2','110'),
('5067591','3909098','2','76'),
('1942','3909012','2','213'),
('6046783','3909029','2','95'),
('5423678','3909002','2','76'),
('3909115','5161429','2','95'),
('3909009','5221775','2','94'),
('5067616','3909002','2','54'),
('3909009','5221774','2','91'),
('5067597','3909004','2','46'),
('3909008','5122051','2','57'),
('3909008','5122050','2','109'),
('5161465','3909020','2','33'),
('3909007','5370699','2','94'),
('6046784','3909029','2','74'),
('5151464','3909029','2','47'),
('3909116','4458767','2','102'),
('5161468','3909022','2','59'),
('4889654','3909015','2','91'),
('5122174','3909105','2','94'),
('5122174','3909104','2','57'),
('5976754','3909002','2','54'),
('5067595','3909099','2','16'),
('3909023','5122075','2','135'),
('3909118','5121976','2','39'),
('3909118','5121977','2','59'),
('5976637','3909022','2','59'),
('5161472','3909009','2','91'),
('5161472','3909008','2','109'),
('5067602','3909006','2','61'),
('5423678','3909098','2','76'),
('3909024','5221768','2','133'),
('5121449','3909098','2','54'),
('3909121','5221766','2','48'),
('3909121','5221765','2','82'),
('5067615','3909023','2','135'),
('5161468','3909118','2','59'),
('5976638','3909022','2','39'),
('5067616','3909029','2','47'),
('3909109','5161436','2','111'),
('3909109','5161435','2','123'),
('5478233','3909098','2','76'),
('5067599','3909100','2','130'),
('3909103','5370699','2','94'),
('4889654','3909111','2','91'),
('3909013','5161435','2','123'),
('3909013','5161436','2','111'),
('5161468','3909010','2','54'),
('5067616','3909125','2','22'),
('5976637','3909010','2','54'),
('3909012','5161431','2','121'),
('3909010','5121977','2','54'),
('5976637','3909118','2','59'),
('5161469','3909022','2','39'),
('3909012','5161434','2','49'),
('4889652','3909114','2','109'),
('5067607','3909013','2','123'),
('5067599','3909004','2','130'),
('5067605','3909107','2','121'),
('5067606','3909012','2','49'),
('5161468','3909106','2','54'),
('5067590','3909125','2','72'),
('4889646','3909018','2','133'),
('5976708','3909002','2','76'),
('3909119','5370700','2','128'),
('3909019','5161429','2','95'),
('3909119','5370701','2','42'),
('3909025','5370703','2','48'),
('1942','3909108','2','213'),
('5067600','3909025','2','82'),
('5423727','3909116','2','102'),
('4889644','3909111','2','32'),
('4889646','3909114','2','133'),
('4889643','3909111','2','81'),
('5423724','3909125','2','22'),
('3909022','5121977','2','59'),
('3909022','5121976','2','39'),
('4889643','3909015','2','81'),
('5423727','3909020','2','102'),
('5423724','3909029','2','47'),
('3909105','5121973','2','91'),
('5122173','3909008','2','109'),
('5122173','3909009','2','91'),
('5976641','3909008','2','109'),
('5976641','3909009','2','91'),
('5976636','3909117','2','36'),
('3909009','5121973','2','91'),
('3909009','5370696','2','94'),
('5151464','3909098','2','54'),
('2197','3909012','2','213'),
('3909009','5122051','2','94'),
('5067590','3909002','2','110'),
('5976708','3909125','2','93'),
('5976708','3909124','2','131'),
('5747351','5370692','2','22'),
('3909009','5122050','2','91'),
('5067598','3909004','2','134'),
('3909119','5221793','2','135'),
('3909104','5122050','2','109'),
('3909104','5122051','2','57'),
('4889653','3909017','2','141'),
('5161473','3909104','2','74'),
('5976707','3909125','2','72'),
('5161473','3909008','2','74'),
('5976708','3909029','2','77'),
('5067475','3909015','2','91'),
('5976708','3909028','2','131'),
('5067601','3909121','2','38'),
('5067598','3909100','2','134'),
('5067603','3909012','2','121'),
('3909121','5370703','2','48'),
('5067597','3909100','2','46'),
('6046783','3909098','2','102'),
('3909107','5370693','2','121'),
('5423724','3909002','2','54'),
('4889652','3909018','2','109'),
('5747352','5370692','2','22'),
('4889653','3909113','2','141'),
('3909104','5370696','2','57'),
('3909006','5370701','2','61'),
('3909006','5370700','2','118'),
('5976634','3909020','2','33'),
('5423678','3909029','2','77'),
('5423678','3909028','2','131'),
('5067604','3909011','2','126'),
('5121419','3909098','2','110'),
('5067591','3909124','2','131'),
('5423677','3909002','2','110'),
('5067591','3909125','2','93'),
('5067591','3909029','2','77'),
('3909104','5221774','2','109'),
('5067591','3909028','2','131'),
('3909104','5221775','2','57'),
('5067610','3909015','2','91'),
('5067469','3909008','2','111'),
('5976638','3909118','2','39'),
('5067469','3909009','2','39'),
('5976757','3909020','2','102'),
('3909103','5221770','2','94'),
('3909103','5122046','2','94'),
('5067470','3909105','2','94'),
('3909025','5221765','2','82'),
('3909025','5221766','2','48'),
('3909006','5122044','2','61'),
('5067470','3909104','2','57'),
('5067595','3909003','2','16'),
('3909008','5221774','2','109'),
('3909120','5370701','2','133'),
('5151528','3909029','2','102'),
('3909104','5121972','2','74'),
('5747353','5370692','2','57'),
('3909007','5221770','2','94'),
('3909015','5121805','2','81'),
('3909008','5221775','2','57'),
('3909008','5121972','2','74'),
('5976754','3909098','2','54'),
('3909104','5121973','2','109'),
('3909008','5121973','2','109'),
('5121449','3909029','2','47'),
('5976707','3909002','2','110'),
('5478233','3909125','2','93'),
('5976641','3909105','2','91'),
('5478233','3909124','2','131'),
('5976641','3909104','2','109'),
('5067613','3909111','2','35'),
('5067592','3909003','2','133'),
('5747242','5370692','2','111'),
('5121419','3909002','2','110'),
('5122173','3909105','2','91'),
('5067607','3909109','2','123'),
('5122173','3909104','2','109'),
('5067601','3909025','2','38'),
('5067590','3909029','2','102'),
('5976642','3909008','2','74'),
('3909102','5122044','2','61'),
('5067591','3909002','2','76'),
('5067616','3909098','2','54'),
('5423677','3909029','2','102'),
('5423677','3909125','2','72'),
('3909119','5370702','2','135'),
('3909119','5122075','2','135'),
('3909006','5221768','2','61'),
('2197','3909108','2','213'),
('5067606','3909108','2','49'),
('4889644','3909015','2','32'),
('5067483','3909015','2','35'),
('5067483','3909111','2','35'),
('3909020','5121980','2','33'),
('3909011','5370693','2','121'),
('5121449','3909002','2','54'),
('5067602','3909102','2','61'),
('5161467','3909021','2','36'),
('3909119','5221767','2','61'),
('3909105','5221775','2','94'),
('6046784','3909098','2','81'),
('3909119','5221768','2','42'),
('3909105','5221774','2','91'),
('5976642','3909104','2','74'),
('5067592','3909028','2','108'),
('5121419','3909029','2','102'),
('3909117','5121978','2','36'),
('3909120','5221768','2','133'),
('6046783','3909125','2','67'),
('5067602','3909119','2','42'),
('5423678','3909125','2','93'),
('5423678','3909124','2','131'),
('5067469','3909105','2','39'),
('3909021','5121978','2','36'),
('3909105','5122050','2','91'),
('3909105','5122051','2','94'),
('5067469','3909104','2','111'),
('5976708','3909098','2','76'),
('3909116','5121980','2','33'),
('5122174','3909009','2','94'),
('3909102','5221768','2','61'),
('5067590','3909098','2','110'),
('3909111','5121805','2','81'),
('3909120','5122044','2','133'),
('5067613','3909015','2','35'),
('3909011','5161432','2','136'),
('5067600','3909121','2','82'),
('3909023','5221768','2','42'),
('3909011','5161433','2','121'),
('5976637','3909106','2','54'),
('3909023','5221767','2','61'),
('3909024','5370701','2','133'),
('3909023','5122044','2','42'),
('5478233','3909028','2','131'),
('5151528','3909125','2','72'),
('5122174','3909008','2','57'),
('3909023','5122043','2','61'),
('5478233','3909029','2','77'),
('3909008','5370696','2','57'),
('5151464','3909002','2','54'),
('5121449','3909125','2','22'),
('3909007','5122046','2','94'),
('6046784','3909125','2','49'),
('5067602','3909120','2','133'),
('5423724','3909098','2','54'),
('5161465','3909116','2','33'),
('3909107','5161432','2','136'),
('3909106','5121977','2','54'),
('3909107','5161433','2','121'),
('6046783','3909002','2','102'),
('3909108','5161431','2','121'),
('3909105','5370696','2','94'),
('5161467','3909117','2','36'),
('3909108','5161434','2','49'),
('3909024','5122044','2','133'),
('3909015','5121790','2','91'),
('5067475','3909111','2','91'),
('5121419','3909125','2','72'),
('5151528','3909002','2','110'),
('3909020','4458767','2','102'),
('5067608','3909109','2','111'),
('5976757','3909116','2','102'),
('5067592','3909124','2','108'),
('5161472','3909104','2','109'),
('5478233','3909002','2','76'),
('5161472','3909105','2','91'),
('5747243','5370692','2','111'),
('3909119','5122044','2','42'),
('5067608','3909013','2','111'),
('3909023','5221793','2','135'),
('5151464','3909125','2','22'),
('5976707','3909029','2','102'),
('3909119','5122043','2','61');
INSERT INTO stops (stop_id,stop_code,stop_name,stop_desc,stop_lat,stop_lon,location_type,parent_station) VALUES
('3909108','','FONTENAY-AUX-ROSES RER','25 AVENUE LOMBART - 92032','48.78824246516923','2.2932652482672524','0',''),
('3909109','','POTIERS','14 RUE DES POTIERS - 92032','48.785879085451896','2.294491389917602','0',''),
('3909011','','CHATEAU SAINTE-BARBE','FACE 44 AVENUE LOMBART - 92032','48.78940168904218','2.292679359839008','0',''),
('3909010','','BOULEVARD DE LA REPUBLIQUE','3 AVENUE JEAN MOULIN - 92032','48.788959603982086','2.2884085971458927','0',''),
('3909013','','POTIERS','14 RUE DES POTIERS - 92032','48.785879085451896','2.294491389917602','0',''),
('5747352','','RUE DES PARADIS','84-86 AVENUE GABRIEL PERI - 92032','48.786653883884824','2.2999450573371436','0',''),
('3909104','','PIERRE BONNARD','76 R D''ESTIENNE D''ORVES - 92032','48.784157072461696','2.281639762480135','0',''),
('3909012','','FONTENAY-AUX-ROSES RER','25 AVENUE LOMBART - 92032','48.78824246516923','2.2932652482672524','0',''),
('3909105','','CARREFOUR DES MOUILLEBOEUFS','FACE 84 AVENUE JEAN MOULIN - 92032','48.78378902648166','2.282633030295862','0',''),
('5747351','','RUE DES PARADIS','84-86 AVENUE GABRIEL PERI - 92032','48.786653883884824','2.2999450573371436','0',''),
('5747354','','RUE DES PARADIS.','RUE DES PARADIS - 92032','48.786312380632396','2.3000677176653634','0',''),
('3909015','','LES BLAGIS','FACE 119 AVENUE GABRIEL PERI - 92032','48.78570194090637','2.3025164263735864','0',''),
('3909106','','BOULEVARD DE LA REPUBLIQUE','3 AVENUE JEAN MOULIN - 92032','48.788959603982086','2.2884085971458927','0',''),
('3909107','','CHATEAU SAINTE-BARBE','FACE 44 AVENUE LOMBART - 92032','48.78940168904218','2.292679359839008','0',''),
('5747353','','RUE DES PARADIS.','RUE DES PARADIS - 92032','48.786312380632396','2.3000677176653634','0',''),
('3909099','','LEONIE LAPORTE','AVENUE GENERAL LECLERC - 92032','48.79198246383179','2.275373930429335','0',''),
('3909098','','DIVISION LECLERC','0 AV DU GENERAL LECLERC - 92032','48.793715930411494','2.2731136654079984','0',''),
('3909005','','BELLEVUE - VILDE','1-3 R DE BELLEVUE - 92032','48.78901890772784','2.280287920737367','0',''),
('3909100','','TENNIS - GENERAL LECLERC','27 BIS AVENUE DU GENERAL LECLERC - 92032','48.79174189622364','2.2795639699284296','0',''),
('3909006','','CARNOT - JEAN JAURES','4 RUE D''ESTIENNE D''ORVES - 92032','48.79054868854144','2.2842582546709322','0',''),
('3909101','','BELLEVUE - VILDE','1-3 R DE BELLEVUE - 92032','48.78901890772784','2.280287920737367','0',''),
('3909111','','LES BLAGIS','FACE 119 AVENUE GABRIEL PERI - 92032','48.78570194090637','2.3025164263735864','0',''),
('3909007','','ABBE GRANDJEAN','4 AVENUE RAYMOND CROLAND - 92032','48.7867192580975','2.28298359496056','0',''),
('3909102','','CARNOT - JEAN JAURES','4 RUE D''ESTIENNE D''ORVES - 92032','48.79054868854144','2.2842582546709322','0',''),
('3909114','','CENTRE COMMERCIAL SCARRON','R DES BENARDS - 92032','48.79178512750472','2.297302369184098','0',''),
('3909008','','PIERRE BONNARD','76 R D''ESTIENNE D''ORVES - 92032','48.784157072461696','2.281639762480135','0',''),
('3909103','','ABBE GRANDJEAN','4 AVENUE RAYMOND CROLAND - 92032','48.7867192580975','2.28298359496056','0',''),
('3909113','','ECOLE DE LA ROUE','43 TER AVENUE GABRIEL PERI - 92032','48.78886457651323','2.2988824869540996','0',''),
('3909009','','CARREFOUR DES MOUILLEBOEUFS','FACE 84 AVENUE JEAN MOULIN - 92032','48.78378902648166','2.282633030295862','0',''),
('3909022','','CMS CENTRE MUNICIPAL DE SANTE','FACE 5 BD DE LA REPUBLIQUE - 92032','48.78912115618851','2.287850746563457','0',''),
('3909021','','THEATRE DES SOURCES','AVENUE JEANNE ET MAURICE DOLIVET - 92032','48.791260868710474','2.2892906255623','0',''),
('3909119','','CARNOT - JEAN JAURES.','FACE 32 RUE JEAN JAURES - 92032','48.79064796399364','2.2851831441927226','0',''),
('3909020','','CIMETIERE DE FONTENAY-AUX-ROSES','FACE 22 AVENUE JEANNE ET MAURICE DOLIVET - 92032','48.79473999766578','2.2913552016110916','0',''),
('3909117','','THEATRE DES SOURCES','AVENUE JEANNE ET MAURICE DOLIVET - 92032','48.791260868710474','2.2892906255623','0',''),
('3909026','','PERVENCHES','R ANDRE SALEL - 92032','48.79487014521604','2.2805263725178766','0',''),
('3909118','','CMS CENTRE MUNICIPAL DE SANTE','FACE 5 BD DE LA REPUBLIQUE - 92032','48.78912115618851','2.287850746563457','0',''),
('3909025','','ANDRE SALEL','FACE 1-1BIS R ANDRE SALEL - 92032','48.793990857323564','2.283819424118415','0',''),
('3909024','','MAIRIE DE FONTENAY-AUX-ROSES','FACE 75 RUE BOUCICAUT - 92032','48.79153843504976','2.2867329978586195','0',''),
('3909115','','GEORGES BAILLY','10 RUE GEORGES BAILLY - 92032','48.792584095668204','2.294553885468792','0',''),
('3909023','','CARNOT - JEAN JAURES.','FACE 32 RUE JEAN JAURES - 92032','48.79064796399364','2.2851831441927226','0',''),
('3909116','','CIMETIERE DE FONTENAY-AUX-ROSES','FACE 22 AVENUE JEANNE ET MAURICE DOLIVET - 92032','48.79473999766578','2.2913552016110916','0',''),
('3909125','','DIVISION LECLERC.','PLACE DE LA DIVISION LECLERC - 92032','48.794048305565546','2.272786766124354','0',''),
('3909018','','CENTRE COMMERCIAL SCARRON','R DES BENARDS - 92032','48.79178512750472','2.297302369184098','0',''),
('3909124','','STADE DU PANORAMA','VOIE VERTE - 92032','48.79189122710944','2.2728166500893576','0',''),
('3909019','','GEORGES BAILLY','10 RUE GEORGES BAILLY - 92032','48.792584095668204','2.294553885468792','0',''),
('5747243','','MAISON DE QUARTIER','7 RUE PAUL VERLAINE - 92032','48.78614112380999','2.298544458337044','0',''),
('3909123','','JEAN MONNET','R DURAND BENECH - 92032','48.79323298839284','2.2777394466318053','0',''),
('5747242','','MAISON DE QUARTIER','7 RUE PAUL VERLAINE - 92032','48.78614112380999','2.298544458337044','0',''),
('3909122','','PERVENCHES','R ANDRE SALEL - 92032','48.79487014521604','2.2805263725178766','0',''),
('3909017','','ECOLE DE LA ROUE','43 TER AVENUE GABRIEL PERI - 92032','48.78886457651323','2.2988824869540996','0',''),
('3909121','','ANDRE SALEL','FACE 1-1BIS R ANDRE SALEL - 92032','48.793990857323564','2.283819424118415','0',''),
('3909120','','MAIRIE DE FONTENAY-AUX-ROSES','FACE 75 RUE BOUCICAUT - 92032','48.79153843504976','2.2867329978586195','0',''),
('3909028','','STADE DU PANORAMA','VOIE VERTE - 92032','48.79189122710944','2.2728166500893576','0',''),
('3909027','','JEAN MONNET','R DURAND BENECH - 92032','48.79323298839284','2.2777394466318053','0',''),
('3909029','','DIVISION LECLERC.','AV DU GENERAL LECLERC - 92032','48.79377880155676','2.2730319659884284','0',''),
('3909004','','TENNIS - GENERAL LECLERC','27 BIS AVENUE DU GENERAL LECLERC - 92032','48.79174189622364','2.2795639699284296','0',''),
('3909003','','LEONIE LAPORTE','AVENUE GENERAL LECLERC - 92032','48.79198246383179','2.275373930429335','0',''),
('3909002','','DIVISION LECLERC','0 AV DU GENERAL LECLERC - 92032','48.793715930411494','2.2731136654079984','0','');
