INSERT INTO stop_times (trip_id,arrival_time,departure_time,stop_id,stop_sequence,stop_headsign,shape_dist_traveled) VALUES
('1024810240941217','14:20:00','14:20:00','4025329','1','',''),
('1024810240941217','14:21:00','14:21:00','4025331','2','',''),
('1024810240941217','14:23:00','14:23:00','4025332','3','',''),
('1024810240941217','14:24:00','14:24:00','4025334','4','',''),
('1024810240941217','14:26:00','14:26:00','4025336','5','',''),
('1024810240941217','14:27:00','14:27:00','4025338','6','',''),
('1024810240941217','14:28:00','14:28:00','4025339','7','',''),
('1024810240941217','14:29:00','14:29:00','4025341','8','',''),
('1024810240941217','14:30:00','14:30:00','4025343','9','',''),
('1024810240941217','14:31:00','14:31:00','4025345','10','',''),
('1024810240941217','14:33:00','14:33:00','4025347','11','',''),
('1024810240941217','14:34:00','14:34:00','4025348','12','',''),
('1024810240941217','14:35:00','14:35:00','4025349','13','',''),
('1024810250941217','12:58:00','12:58:00','4025329','1','',''),
('1024810250941217','12:59:00','12:59:00','4025331','2','',''),
('1024810250941217','13:01:00','13:01:00','4025332','3','',''),
('1024810250941217','13:02:00','13:02:00','4025334','4','',''),
('1024810250941217','13:04:00','13:04:00','4025336','5','',''),
('1024810250941217','13:05:00','13:05:00','4025338','6','',''),
('1024810250941217','13:06:00','13:06:00','4025339','7','',''),
('1024810250941217','13:07:00','13:07:00','4025341','8','',''),
('1024810250941217','13:08:00','13:08:00','4025343','9','',''),
('1024810250941217','13:09:00','13:09:00','4025345','10','',''),
('1024810250941217','13:11:00','13:11:00','4025347','11','',''),
('1024810250941217','13:12:00','13:12:00','4025348','12','',''),
('1024810250941217','13:13:00','13:13:00','4025349','13','',''),
('1025538450941217','14:20:00','14:20:00','4025329','1','',''),
('1025538450941217','14:21:00','14:21:00','4025331','2','',''),
('1025538450941217','14:23:00','14:23:00','4025332','3','',''),
('1025538450941217','14:25:00','14:25:00','4025334','4','',''),
('1025538450941217','14:26:00','14:26:00','4025336','5','',''),
('1025538450941217','14:27:00','14:27:00','4025338','6','',''),
('1025538450941217','14:28:00','14:28:00','4025339','7','',''),
('1025538450941217','14:29:00','14:29:00','4025341','8','',''),
('1025538450941217','14:30:00','14:30:00','4025343','9','',''),
('1025538450941217','14:31:00','14:31:00','4025345','10','',''),
('1025538450941217','14:33:00','14:33:00','4025347','11','',''),
('1025538450941217','14:34:00','14:34:00','4025348','12','',''),
('1025538450941217','14:35:00','14:35:00','4025349','13','',''),
('1025538460941217','12:58:00','12:58:00','4025329','1','',''),
('1025538460941217','12:59:00','12:59:00','4025331','2','',''),
('1025538460941217','13:01:00','13:01:00','4025332','3','',''),
('1025538460941217','13:03:00','13:03:00','4025334','4','',''),
('1025538460941217','13:04:00','13:04:00','4025336','5','',''),
('1025538460941217','13:05:00','13:05:00','4025338','6','',''),
('1025538460941217','13:06:00','13:06:00','4025339','7','',''),
('1025538460941217','13:07:00','13:07:00','4025341','8','',''),
('1025538460941217','13:08:00','13:08:00','4025343','9','',''),
('1025538460941217','13:09:00','13:09:00','4025345','10','',''),
('1025538460941217','13:11:00','13:11:00','4025347','11','',''),
('1025538460941217','13:12:00','13:12:00','4025348','12','',''),
('1025538460941217','13:13:00','13:13:00','4025349','13','',''),
('1124810240941217','14:50:00','14:50:00','4025329','1','',''),
('1124810240941217','14:51:00','14:51:00','4025331','2','',''),
('1124810240941217','14:53:00','14:53:00','4025332','3','',''),
('1124810240941217','14:54:00','14:54:00','4025334','4','',''),
('1124810240941217','14:56:00','14:56:00','4025336','5','',''),
('1124810240941217','14:57:00','14:57:00','4025338','6','',''),
('1124810240941217','14:58:00','14:58:00','4025339','7','',''),
('1124810240941217','14:59:00','14:59:00','4025341','8','',''),
('1124810240941217','15:00:00','15:00:00','4025343','9','',''),
('1124810240941217','15:01:00','15:01:00','4025345','10','',''),
('1124810240941217','15:03:00','15:03:00','4025347','11','',''),
('1124810240941217','15:04:00','15:04:00','4025348','12','',''),
('1124810240941217','15:05:00','15:05:00','4025349','13','',''),
('1124810250941217','14:50:00','14:50:00','4025329','1','',''),
('1124810250941217','14:51:00','14:51:00','4025331','2','',''),
('1124810250941217','14:53:00','14:53:00','4025332','3','',''),
('1124810250941217','14:54:00','14:54:00','4025334','4','',''),
('1124810250941217','14:56:00','14:56:00','4025336','5','',''),
('1124810250941217','14:57:00','14:57:00','4025338','6','',''),
('1124810250941217','14:58:00','14:58:00','4025339','7','',''),
('1124810250941217','14:59:00','14:59:00','4025341','8','',''),
('1124810250941217','15:00:00','15:00:00','4025343','9','',''),
('1124810250941217','15:01:00','15:01:00','4025345','10','',''),
('1124810250941217','15:03:00','15:03:00','4025347','11','',''),
('1124810250941217','15:04:00','15:04:00','4025348','12','',''),
('1124810250941217','15:05:00','15:05:00','4025349','13','',''),
('1125538450941217','14:50:00','14:50:00','4025329','1','',''),
('1125538450941217','14:51:00','14:51:00','4025331','2','',''),
('1125538450941217','14:53:00','14:53:00','4025332','3','',''),
('1125538450941217','14:55:00','14:55:00','4025334','4','',''),
('1125538450941217','14:56:00','14:56:00','4025336','5','',''),
('1125538450941217','14:57:00','14:57:00','4025338','6','',''),
('1125538450941217','14:58:00','14:58:00','4025339','7','',''),
('1125538450941217','14:59:00','14:59:00','4025341','8','',''),
('1125538450941217','15:00:00','15:00:00','4025343','9','',''),
('1125538450941217','15:01:00','15:01:00','4025345','10','',''),
('1125538450941217','15:03:00','15:03:00','4025347','11','',''),
('1125538450941217','15:04:00','15:04:00','4025348','12','',''),
('1125538450941217','15:05:00','15:05:00','4025349','13','',''),
('1125538460941217','14:50:00','14:50:00','4025329','1','',''),
('1125538460941217','14:51:00','14:51:00','4025331','2','',''),
('1125538460941217','14:53:00','14:53:00','4025332','3','',''),
('1125538460941217','14:55:00','14:55:00','4025334','4','',''),
('1125538460941217','14:56:00','14:56:00','4025336','5','',''),
('1125538460941217','14:57:00','14:57:00','4025338','6','',''),
('1125538460941217','14:58:00','14:58:00','4025339','7','',''),
('1125538460941217','14:59:00','14:59:00','4025341','8','',''),
('1125538460941217','15:00:00','15:00:00','4025343','9','',''),
('1125538460941217','15:01:00','15:01:00','4025345','10','',''),
('1125538460941217','15:03:00','15:03:00','4025347','11','',''),
('1125538460941217','15:04:00','15:04:00','4025348','12','',''),
('1125538460941217','15:05:00','15:05:00','4025349','13','',''),
('1224810240941217','15:26:00','15:26:00','4025329','1','',''),
('1224810240941217','15:27:00','15:27:00','4025331','2','',''),
('1224810240941217','15:29:00','15:29:00','4025332','3','',''),
('1224810240941217','15:30:00','15:30:00','4025334','4','',''),
('1224810240941217','15:32:00','15:32:00','4025336','5','',''),
('1224810240941217','15:33:00','15:33:00','4025338','6','',''),
('1224810240941217','15:34:00','15:34:00','4025339','7','',''),
('1224810240941217','15:35:00','15:35:00','4025341','8','',''),
('1224810240941217','15:36:00','15:36:00','4025343','9','',''),
('1224810240941217','15:37:00','15:37:00','4025345','10','',''),
('1224810240941217','15:39:00','15:39:00','4025347','11','',''),
('1224810240941217','15:40:00','15:40:00','4025348','12','',''),
('1224810240941217','15:41:00','15:41:00','4025349','13','',''),
('1224810250941217','15:20:00','15:20:00','4025329','1','',''),
('1224810250941217','15:21:00','15:21:00','4025331','2','',''),
('1224810250941217','15:23:00','15:23:00','4025332','3','',''),
('1224810250941217','15:24:00','15:24:00','4025334','4','',''),
('1224810250941217','15:26:00','15:26:00','4025336','5','',''),
('1224810250941217','15:27:00','15:27:00','4025338','6','',''),
('1224810250941217','15:28:00','15:28:00','4025339','7','',''),
('1224810250941217','15:29:00','15:29:00','4025341','8','',''),
('1224810250941217','15:30:00','15:30:00','4025343','9','',''),
('1224810250941217','15:31:00','15:31:00','4025345','10','',''),
('1224810250941217','15:33:00','15:33:00','4025347','11','',''),
('1224810250941217','15:34:00','15:34:00','4025348','12','',''),
('1224810250941217','15:35:00','15:35:00','4025349','13','',''),
('1225538450941217','15:26:00','15:26:00','4025329','1','',''),
('1225538450941217','15:27:00','15:27:00','4025331','2','',''),
('1225538450941217','15:29:00','15:29:00','4025332','3','',''),
('1225538450941217','15:31:00','15:31:00','4025334','4','',''),
('1225538450941217','15:32:00','15:32:00','4025336','5','',''),
('1225538450941217','15:33:00','15:33:00','4025338','6','',''),
('1225538450941217','15:34:00','15:34:00','4025339','7','',''),
('1225538450941217','15:35:00','15:35:00','4025341','8','',''),
('1225538450941217','15:36:00','15:36:00','4025343','9','',''),
('1225538450941217','15:37:00','15:37:00','4025345','10','',''),
('1225538450941217','15:39:00','15:39:00','4025347','11','',''),
('1225538450941217','15:40:00','15:40:00','4025348','12','',''),
('1225538450941217','15:41:00','15:41:00','4025349','13','',''),
('1225538460941217','15:20:00','15:20:00','4025329','1','',''),
('1225538460941217','15:21:00','15:21:00','4025331','2','',''),
('1225538460941217','15:23:00','15:23:00','4025332','3','',''),
('1225538460941217','15:25:00','15:25:00','4025334','4','',''),
('1225538460941217','15:26:00','15:26:00','4025336','5','',''),
('1225538460941217','15:27:00','15:27:00','4025338','6','',''),
('1225538460941217','15:28:00','15:28:00','4025339','7','',''),
('1225538460941217','15:29:00','15:29:00','4025341','8','',''),
('1225538460941217','15:30:00','15:30:00','4025343','9','',''),
('1225538460941217','15:31:00','15:31:00','4025345','10','',''),
('1225538460941217','15:33:00','15:33:00','4025347','11','',''),
('1225538460941217','15:34:00','15:34:00','4025348','12','',''),
('1225538460941217','15:35:00','15:35:00','4025349','13','',''),
('124810240941217','07:15:00','07:15:00','4025329','1','',''),
('124810240941217','07:16:00','07:16:00','4025331','2','',''),
('124810240941217','07:18:00','07:18:00','4025332','3','',''),
('124810240941217','07:19:00','07:19:00','4025334','4','',''),
('124810240941217','07:21:00','07:21:00','4025336','5','',''),
('124810240941217','07:22:00','07:22:00','4025338','6','',''),
('124810240941217','07:23:00','07:23:00','4025339','7','',''),
('124810240941217','07:23:00','07:23:00','4025341','8','',''),
('124810240941217','07:24:00','07:24:00','4025343','9','',''),
('124810240941217','07:25:00','07:25:00','4025345','10','',''),
('124810240941217','07:27:00','07:27:00','4025347','11','',''),
('124810240941217','07:28:00','07:28:00','4025348','12','',''),
('124810240941217','07:29:00','07:29:00','4025349','13','',''),
('124810250941217','07:40:00','07:40:00','4025329','1','',''),
('124810250941217','07:41:00','07:41:00','4025331','2','',''),
('124810250941217','07:43:00','07:43:00','4025332','3','',''),
('124810250941217','07:44:00','07:44:00','4025334','4','',''),
('124810250941217','07:46:00','07:46:00','4025336','5','',''),
('124810250941217','07:47:00','07:47:00','4025338','6','',''),
('124810250941217','07:48:00','07:48:00','4025339','7','',''),
('124810250941217','07:49:00','07:49:00','4025341','8','',''),
('124810250941217','07:50:00','07:50:00','4025343','9','',''),
('124810250941217','07:51:00','07:51:00','4025345','10','',''),
('124810250941217','07:53:00','07:53:00','4025347','11','',''),
('124810250941217','07:54:00','07:54:00','4025348','12','',''),
('124810250941217','07:55:00','07:55:00','4025349','13','',''),
('125538450941217','07:15:00','07:15:00','4025329','1','',''),
('125538450941217','07:16:00','07:16:00','4025331','2','',''),
('125538450941217','07:18:00','07:18:00','4025332','3','',''),
('125538450941217','07:20:00','07:20:00','4025334','4','',''),
('125538450941217','07:21:00','07:21:00','4025336','5','',''),
('125538450941217','07:22:00','07:22:00','4025338','6','',''),
('125538450941217','07:23:00','07:23:00','4025339','7','',''),
('125538450941217','07:23:00','07:23:00','4025341','8','',''),
('125538450941217','07:24:00','07:24:00','4025343','9','',''),
('125538450941217','07:25:00','07:25:00','4025345','10','',''),
('125538450941217','07:27:00','07:27:00','4025347','11','',''),
('125538450941217','07:28:00','07:28:00','4025348','12','',''),
('125538450941217','07:29:00','07:29:00','4025349','13','',''),
('125538460941217','07:40:00','07:40:00','4025329','1','',''),
('125538460941217','07:41:00','07:41:00','4025331','2','',''),
('125538460941217','07:43:00','07:43:00','4025332','3','',''),
('125538460941217','07:45:00','07:45:00','4025334','4','',''),
('125538460941217','07:46:00','07:46:00','4025336','5','',''),
('125538460941217','07:47:00','07:47:00','4025338','6','',''),
('125538460941217','07:48:00','07:48:00','4025339','7','',''),
('125538460941217','07:49:00','07:49:00','4025341','8','',''),
('125538460941217','07:50:00','07:50:00','4025343','9','',''),
('125538460941217','07:51:00','07:51:00','4025345','10','',''),
('125538460941217','07:53:00','07:53:00','4025347','11','',''),
('125538460941217','07:54:00','07:54:00','4025348','12','',''),
('125538460941217','07:55:00','07:55:00','4025349','13','',''),
('1324810240941217','16:02:00','16:02:00','4025329','1','',''),
('1324810240941217','16:03:00','16:03:00','4025331','2','',''),
('1324810240941217','16:05:00','16:05:00','4025332','3','',''),
('1324810240941217','16:06:00','16:06:00','4025334','4','',''),
('1324810240941217','16:08:00','16:08:00','4025336','5','',''),
('1324810240941217','16:09:00','16:09:00','4025338','6','',''),
('1324810240941217','16:10:00','16:10:00','4025339','7','',''),
('1324810240941217','16:11:00','16:11:00','4025341','8','',''),
('1324810240941217','16:12:00','16:12:00','4025343','9','',''),
('1324810240941217','16:13:00','16:13:00','4025345','10','',''),
('1324810240941217','16:15:00','16:15:00','4025347','11','',''),
('1324810240941217','16:16:00','16:16:00','4025348','12','',''),
('1324810240941217','16:17:00','16:17:00','4025349','13','',''),
('1324810250941217','15:56:00','15:56:00','4025329','1','',''),
('1324810250941217','15:57:00','15:57:00','4025331','2','',''),
('1324810250941217','15:59:00','15:59:00','4025332','3','',''),
('1324810250941217','16:00:00','16:00:00','4025334','4','',''),
('1324810250941217','16:02:00','16:02:00','4025336','5','',''),
('1324810250941217','16:03:00','16:03:00','4025338','6','',''),
('1324810250941217','16:04:00','16:04:00','4025339','7','',''),
('1324810250941217','16:05:00','16:05:00','4025341','8','',''),
('1324810250941217','16:06:00','16:06:00','4025343','9','',''),
('1324810250941217','16:07:00','16:07:00','4025345','10','',''),
('1324810250941217','16:09:00','16:09:00','4025347','11','',''),
('1324810250941217','16:10:00','16:10:00','4025348','12','',''),
('1324810250941217','16:11:00','16:11:00','4025349','13','',''),
('1325538450941217','16:02:00','16:02:00','4025329','1','',''),
('1325538450941217','16:03:00','16:03:00','4025331','2','',''),
('1325538450941217','16:05:00','16:05:00','4025332','3','',''),
('1325538450941217','16:07:00','16:07:00','4025334','4','',''),
('1325538450941217','16:08:00','16:08:00','4025336','5','',''),
('1325538450941217','16:09:00','16:09:00','4025338','6','',''),
('1325538450941217','16:10:00','16:10:00','4025339','7','',''),
('1325538450941217','16:11:00','16:11:00','4025341','8','',''),
('1325538450941217','16:12:00','16:12:00','4025343','9','',''),
('1325538450941217','16:13:00','16:13:00','4025345','10','',''),
('1325538450941217','16:15:00','16:15:00','4025347','11','',''),
('1325538450941217','16:16:00','16:16:00','4025348','12','',''),
('1325538450941217','16:17:00','16:17:00','4025349','13','',''),
('1325538460941217','15:56:00','15:56:00','4025329','1','',''),
('1325538460941217','15:57:00','15:57:00','4025331','2','',''),
('1325538460941217','15:59:00','15:59:00','4025332','3','',''),
('1325538460941217','16:01:00','16:01:00','4025334','4','',''),
('1325538460941217','16:02:00','16:02:00','4025336','5','',''),
('1325538460941217','16:03:00','16:03:00','4025338','6','',''),
('1325538460941217','16:04:00','16:04:00','4025339','7','',''),
('1325538460941217','16:05:00','16:05:00','4025341','8','',''),
('1325538460941217','16:06:00','16:06:00','4025343','9','',''),
('1325538460941217','16:07:00','16:07:00','4025345','10','',''),
('1325538460941217','16:09:00','16:09:00','4025347','11','',''),
('1325538460941217','16:10:00','16:10:00','4025348','12','',''),
('1325538460941217','16:11:00','16:11:00','4025349','13','',''),
('1424810240941217','16:38:00','16:38:00','4025329','1','',''),
('1424810240941217','16:40:00','16:40:00','4025331','2','',''),
('1424810240941217','16:42:00','16:42:00','4025332','3','',''),
('1424810240941217','16:44:00','16:44:00','4025334','4','',''),
('1424810240941217','16:46:00','16:46:00','4025336','5','',''),
('1424810240941217','16:48:00','16:48:00','4025338','6','',''),
('1424810240941217','16:49:00','16:49:00','4025339','7','',''),
('1424810240941217','16:50:00','16:50:00','4025341','8','',''),
('1424810240941217','16:52:00','16:52:00','4025343','9','',''),
('1424810240941217','16:53:00','16:53:00','4025345','10','',''),
('1424810240941217','16:55:00','16:55:00','4025347','11','',''),
('1424810240941217','16:56:00','16:56:00','4025348','12','',''),
('1424810240941217','16:57:00','16:57:00','4025349','13','',''),
('1424810250941217','16:32:00','16:32:00','4025329','1','',''),
('1424810250941217','16:33:00','16:33:00','4025331','2','',''),
('1424810250941217','16:35:00','16:35:00','4025332','3','',''),
('1424810250941217','16:36:00','16:36:00','4025334','4','',''),
('1424810250941217','16:38:00','16:38:00','4025336','5','',''),
('1424810250941217','16:39:00','16:39:00','4025338','6','',''),
('1424810250941217','16:40:00','16:40:00','4025339','7','',''),
('1424810250941217','16:41:00','16:41:00','4025341','8','',''),
('1424810250941217','16:42:00','16:42:00','4025343','9','',''),
('1424810250941217','16:43:00','16:43:00','4025345','10','',''),
('1424810250941217','16:45:00','16:45:00','4025347','11','',''),
('1424810250941217','16:46:00','16:46:00','4025348','12','',''),
('1424810250941217','16:47:00','16:47:00','4025349','13','',''),
('1425538450941217','16:38:00','16:38:00','4025329','1','',''),
('1425538450941217','16:40:00','16:40:00','4025331','2','',''),
('1425538450941217','16:42:00','16:42:00','4025332','3','',''),
('1425538450941217','16:44:00','16:44:00','4025334','4','',''),
('1425538450941217','16:46:00','16:46:00','4025336','5','',''),
('1425538450941217','16:48:00','16:48:00','4025338','6','',''),
('1425538450941217','16:49:00','16:49:00','4025339','7','',''),
('1425538450941217','16:50:00','16:50:00','4025341','8','',''),
('1425538450941217','16:52:00','16:52:00','4025343','9','',''),
('1425538450941217','16:53:00','16:53:00','4025345','10','',''),
('1425538450941217','16:55:00','16:55:00','4025347','11','',''),
('1425538450941217','16:56:00','16:56:00','4025348','12','',''),
('1425538450941217','16:57:00','16:57:00','4025349','13','',''),
('1425538460941217','16:32:00','16:32:00','4025329','1','',''),
('1425538460941217','16:33:00','16:33:00','4025331','2','',''),
('1425538460941217','16:35:00','16:35:00','4025332','3','',''),
('1425538460941217','16:37:00','16:37:00','4025334','4','',''),
('1425538460941217','16:38:00','16:38:00','4025336','5','',''),
('1425538460941217','16:39:00','16:39:00','4025338','6','',''),
('1425538460941217','16:40:00','16:40:00','4025339','7','',''),
('1425538460941217','16:41:00','16:41:00','4025341','8','',''),
('1425538460941217','16:42:00','16:42:00','4025343','9','',''),
('1425538460941217','16:43:00','16:43:00','4025345','10','',''),
('1425538460941217','16:45:00','16:45:00','4025347','11','',''),
('1425538460941217','16:46:00','16:46:00','4025348','12','',''),
('1425538460941217','16:47:00','16:47:00','4025349','13','',''),
('1524810240941217','17:22:00','17:22:00','4025329','1','',''),
('1524810240941217','17:24:00','17:24:00','4025331','2','',''),
('1524810240941217','17:26:00','17:26:00','4025332','3','',''),
('1524810240941217','17:28:00','17:28:00','4025334','4','',''),
('1524810240941217','17:30:00','17:30:00','4025336','5','',''),
('1524810240941217','17:32:00','17:32:00','4025338','6','',''),
('1524810240941217','17:33:00','17:33:00','4025339','7','',''),
('1524810240941217','17:34:00','17:34:00','4025341','8','',''),
('1524810240941217','17:36:00','17:36:00','4025343','9','',''),
('1524810240941217','17:37:00','17:37:00','4025345','10','',''),
('1524810240941217','17:39:00','17:39:00','4025347','11','',''),
('1524810240941217','17:40:00','17:40:00','4025348','12','',''),
('1524810240941217','17:41:00','17:41:00','4025349','13','',''),
('1524810250941217','17:08:00','17:08:00','4025329','1','',''),
('1524810250941217','17:09:00','17:09:00','4025331','2','',''),
('1524810250941217','17:11:00','17:11:00','4025332','3','',''),
('1524810250941217','17:12:00','17:12:00','4025334','4','',''),
('1524810250941217','17:14:00','17:14:00','4025336','5','',''),
('1524810250941217','17:15:00','17:15:00','4025338','6','',''),
('1524810250941217','17:16:00','17:16:00','4025339','7','',''),
('1524810250941217','17:17:00','17:17:00','4025341','8','',''),
('1524810250941217','17:18:00','17:18:00','4025343','9','',''),
('1524810250941217','17:19:00','17:19:00','4025345','10','',''),
('1524810250941217','17:21:00','17:21:00','4025347','11','',''),
('1524810250941217','17:22:00','17:22:00','4025348','12','',''),
('1524810250941217','17:23:00','17:23:00','4025349','13','',''),
('1525538450941217','17:22:00','17:22:00','4025329','1','',''),
('1525538450941217','17:24:00','17:24:00','4025331','2','',''),
('1525538450941217','17:26:00','17:26:00','4025332','3','',''),
('1525538450941217','17:28:00','17:28:00','4025334','4','',''),
('1525538450941217','17:30:00','17:30:00','4025336','5','',''),
('1525538450941217','17:32:00','17:32:00','4025338','6','',''),
('1525538450941217','17:33:00','17:33:00','4025339','7','',''),
('1525538450941217','17:34:00','17:34:00','4025341','8','',''),
('1525538450941217','17:36:00','17:36:00','4025343','9','',''),
('1525538450941217','17:37:00','17:37:00','4025345','10','',''),
('1525538450941217','17:39:00','17:39:00','4025347','11','',''),
('1525538450941217','17:40:00','17:40:00','4025348','12','',''),
('1525538450941217','17:41:00','17:41:00','4025349','13','',''),
('1525538460941217','17:08:00','17:08:00','4025329','1','',''),
('1525538460941217','17:09:00','17:09:00','4025331','2','',''),
('1525538460941217','17:11:00','17:11:00','4025332','3','',''),
('1525538460941217','17:13:00','17:13:00','4025334','4','',''),
('1525538460941217','17:14:00','17:14:00','4025336','5','',''),
('1525538460941217','17:15:00','17:15:00','4025338','6','',''),
('1525538460941217','17:16:00','17:16:00','4025339','7','',''),
('1525538460941217','17:17:00','17:17:00','4025341','8','',''),
('1525538460941217','17:18:00','17:18:00','4025343','9','',''),
('1525538460941217','17:19:00','17:19:00','4025345','10','',''),
('1525538460941217','17:21:00','17:21:00','4025347','11','',''),
('1525538460941217','17:22:00','17:22:00','4025348','12','',''),
('1525538460941217','17:23:00','17:23:00','4025349','13','',''),
('1624810240941217','18:06:00','18:06:00','4025329','1','',''),
('1624810240941217','18:08:00','18:08:00','4025331','2','',''),
('1624810240941217','18:10:00','18:10:00','4025332','3','',''),
('1624810240941217','18:12:00','18:12:00','4025334','4','',''),
('1624810240941217','18:14:00','18:14:00','4025336','5','',''),
('1624810240941217','18:16:00','18:16:00','4025338','6','',''),
('1624810240941217','18:17:00','18:17:00','4025339','7','',''),
('1624810240941217','18:18:00','18:18:00','4025341','8','',''),
('1624810240941217','18:20:00','18:20:00','4025343','9','',''),
('1624810240941217','18:21:00','18:21:00','4025345','10','',''),
('1624810240941217','18:23:00','18:23:00','4025347','11','',''),
('1624810240941217','18:24:00','18:24:00','4025348','12','',''),
('1624810240941217','18:25:00','18:25:00','4025349','13','',''),
('1624810250941217','17:44:00','17:44:00','4025329','1','',''),
('1624810250941217','17:45:00','17:45:00','4025331','2','',''),
('1624810250941217','17:47:00','17:47:00','4025332','3','',''),
('1624810250941217','17:48:00','17:48:00','4025334','4','',''),
('1624810250941217','17:50:00','17:50:00','4025336','5','',''),
('1624810250941217','17:51:00','17:51:00','4025338','6','',''),
('1624810250941217','17:52:00','17:52:00','4025339','7','',''),
('1624810250941217','17:53:00','17:53:00','4025341','8','',''),
('1624810250941217','17:54:00','17:54:00','4025343','9','',''),
('1624810250941217','17:55:00','17:55:00','4025345','10','',''),
('1624810250941217','17:57:00','17:57:00','4025347','11','',''),
('1624810250941217','17:58:00','17:58:00','4025348','12','',''),
('1624810250941217','17:59:00','17:59:00','4025349','13','',''),
('1625538450941217','18:06:00','18:06:00','4025329','1','',''),
('1625538450941217','18:08:00','18:08:00','4025331','2','',''),
('1625538450941217','18:10:00','18:10:00','4025332','3','',''),
('1625538450941217','18:12:00','18:12:00','4025334','4','',''),
('1625538450941217','18:14:00','18:14:00','4025336','5','',''),
('1625538450941217','18:16:00','18:16:00','4025338','6','',''),
('1625538450941217','18:17:00','18:17:00','4025339','7','',''),
('1625538450941217','18:18:00','18:18:00','4025341','8','',''),
('1625538450941217','18:20:00','18:20:00','4025343','9','',''),
('1625538450941217','18:21:00','18:21:00','4025345','10','',''),
('1625538450941217','18:23:00','18:23:00','4025347','11','',''),
('1625538450941217','18:24:00','18:24:00','4025348','12','',''),
('1625538450941217','18:25:00','18:25:00','4025349','13','',''),
('1625538460941217','17:44:00','17:44:00','4025329','1','',''),
('1625538460941217','17:45:00','17:45:00','4025331','2','',''),
('1625538460941217','17:47:00','17:47:00','4025332','3','',''),
('1625538460941217','17:49:00','17:49:00','4025334','4','',''),
('1625538460941217','17:50:00','17:50:00','4025336','5','',''),
('1625538460941217','17:51:00','17:51:00','4025338','6','',''),
('1625538460941217','17:52:00','17:52:00','4025339','7','',''),
('1625538460941217','17:53:00','17:53:00','4025341','8','',''),
('1625538460941217','17:54:00','17:54:00','4025343','9','',''),
('1625538460941217','17:55:00','17:55:00','4025345','10','',''),
('1625538460941217','17:57:00','17:57:00','4025347','11','',''),
('1625538460941217','17:58:00','17:58:00','4025348','12','',''),
('1625538460941217','17:59:00','17:59:00','4025349','13','',''),
('1724810240941217','18:50:00','18:50:00','4025329','1','',''),
('1724810240941217','18:52:00','18:52:00','4025331','2','',''),
('1724810240941217','18:54:00','18:54:00','4025332','3','',''),
('1724810240941217','18:56:00','18:56:00','4025334','4','',''),
('1724810240941217','18:58:00','18:58:00','4025336','5','',''),
('1724810240941217','19:00:00','19:00:00','4025338','6','',''),
('1724810240941217','19:01:00','19:01:00','4025339','7','',''),
('1724810240941217','19:02:00','19:02:00','4025341','8','',''),
('1724810240941217','19:04:00','19:04:00','4025343','9','',''),
('1724810240941217','19:05:00','19:05:00','4025345','10','',''),
('1724810240941217','19:07:00','19:07:00','4025347','11','',''),
('1724810240941217','19:08:00','19:08:00','4025348','12','',''),
('1724810240941217','19:09:00','19:09:00','4025349','13','',''),
('1724810250941217','18:20:00','18:20:00','4025329','1','',''),
('1724810250941217','18:21:00','18:21:00','4025331','2','',''),
('1724810250941217','18:23:00','18:23:00','4025332','3','',''),
('1724810250941217','18:24:00','18:24:00','4025334','4','',''),
('1724810250941217','18:26:00','18:26:00','4025336','5','',''),
('1724810250941217','18:27:00','18:27:00','4025338','6','',''),
('1724810250941217','18:28:00','18:28:00','4025339','7','',''),
('1724810250941217','18:29:00','18:29:00','4025341','8','',''),
('1724810250941217','18:30:00','18:30:00','4025343','9','',''),
('1724810250941217','18:31:00','18:31:00','4025345','10','',''),
('1724810250941217','18:33:00','18:33:00','4025347','11','',''),
('1724810250941217','18:34:00','18:34:00','4025348','12','',''),
('1724810250941217','18:35:00','18:35:00','4025349','13','',''),
('1725538450941217','18:50:00','18:50:00','4025329','1','',''),
('1725538450941217','18:52:00','18:52:00','4025331','2','',''),
('1725538450941217','18:54:00','18:54:00','4025332','3','',''),
('1725538450941217','18:56:00','18:56:00','4025334','4','',''),
('1725538450941217','18:58:00','18:58:00','4025336','5','',''),
('1725538450941217','19:00:00','19:00:00','4025338','6','',''),
('1725538450941217','19:01:00','19:01:00','4025339','7','',''),
('1725538450941217','19:02:00','19:02:00','4025341','8','',''),
('1725538450941217','19:04:00','19:04:00','4025343','9','',''),
('1725538450941217','19:05:00','19:05:00','4025345','10','',''),
('1725538450941217','19:07:00','19:07:00','4025347','11','',''),
('1725538450941217','19:08:00','19:08:00','4025348','12','',''),
('1725538450941217','19:09:00','19:09:00','4025349','13','',''),
('1725538460941217','18:20:00','18:20:00','4025329','1','',''),
('1725538460941217','18:21:00','18:21:00','4025331','2','',''),
('1725538460941217','18:23:00','18:23:00','4025332','3','',''),
('1725538460941217','18:25:00','18:25:00','4025334','4','',''),
('1725538460941217','18:26:00','18:26:00','4025336','5','',''),
('1725538460941217','18:27:00','18:27:00','4025338','6','',''),
('1725538460941217','18:28:00','18:28:00','4025339','7','',''),
('1725538460941217','18:29:00','18:29:00','4025341','8','',''),
('1725538460941217','18:30:00','18:30:00','4025343','9','',''),
('1725538460941217','18:31:00','18:31:00','4025345','10','',''),
('1725538460941217','18:33:00','18:33:00','4025347','11','',''),
('1725538460941217','18:34:00','18:34:00','4025348','12','',''),
('1725538460941217','18:35:00','18:35:00','4025349','13','',''),
('1824810240941217','19:34:00','19:34:00','4025329','1','',''),
('1824810240941217','19:35:00','19:35:00','4025331','2','',''),
('1824810240941217','19:37:00','19:37:00','4025332','3','',''),
('1824810240941217','19:38:00','19:38:00','4025334','4','',''),
('1824810240941217','19:40:00','19:40:00','4025336','5','',''),
('1824810240941217','19:41:00','19:41:00','4025338','6','',''),
('1824810240941217','19:42:00','19:42:00','4025339','7','',''),
('1824810240941217','19:43:00','19:43:00','4025341','8','',''),
('1824810240941217','19:44:00','19:44:00','4025343','9','',''),
('1824810240941217','19:45:00','19:45:00','4025345','10','',''),
('1824810240941217','19:47:00','19:47:00','4025347','11','',''),
('1824810240941217','19:48:00','19:48:00','4025348','12','',''),
('1824810240941217','19:49:00','19:49:00','4025349','13','',''),
('1824810250941217','18:56:00','18:56:00','4025329','1','',''),
('1824810250941217','18:57:00','18:57:00','4025331','2','',''),
('1824810250941217','18:59:00','18:59:00','4025332','3','',''),
('1824810250941217','19:00:00','19:00:00','4025334','4','',''),
('1824810250941217','19:02:00','19:02:00','4025336','5','',''),
('1824810250941217','19:03:00','19:03:00','4025338','6','',''),
('1824810250941217','19:04:00','19:04:00','4025339','7','',''),
('1824810250941217','19:05:00','19:05:00','4025341','8','',''),
('1824810250941217','19:06:00','19:06:00','4025343','9','',''),
('1824810250941217','19:07:00','19:07:00','4025345','10','',''),
('1824810250941217','19:09:00','19:09:00','4025347','11','',''),
('1824810250941217','19:10:00','19:10:00','4025348','12','',''),
('1824810250941217','19:11:00','19:11:00','4025349','13','',''),
('1825538450941217','19:34:00','19:34:00','4025329','1','',''),
('1825538450941217','19:35:00','19:35:00','4025331','2','',''),
('1825538450941217','19:37:00','19:37:00','4025332','3','',''),
('1825538450941217','19:39:00','19:39:00','4025334','4','',''),
('1825538450941217','19:40:00','19:40:00','4025336','5','',''),
('1825538450941217','19:41:00','19:41:00','4025338','6','',''),
('1825538450941217','19:42:00','19:42:00','4025339','7','',''),
('1825538450941217','19:43:00','19:43:00','4025341','8','',''),
('1825538450941217','19:44:00','19:44:00','4025343','9','',''),
('1825538450941217','19:45:00','19:45:00','4025345','10','',''),
('1825538450941217','19:47:00','19:47:00','4025347','11','',''),
('1825538450941217','19:48:00','19:48:00','4025348','12','',''),
('1825538450941217','19:49:00','19:49:00','4025349','13','',''),
('1825538460941217','18:56:00','18:56:00','4025329','1','',''),
('1825538460941217','18:57:00','18:57:00','4025331','2','',''),
('1825538460941217','18:59:00','18:59:00','4025332','3','',''),
('1825538460941217','19:01:00','19:01:00','4025334','4','',''),
('1825538460941217','19:02:00','19:02:00','4025336','5','',''),
('1825538460941217','19:03:00','19:03:00','4025338','6','',''),
('1825538460941217','19:04:00','19:04:00','4025339','7','',''),
('1825538460941217','19:05:00','19:05:00','4025341','8','',''),
('1825538460941217','19:06:00','19:06:00','4025343','9','',''),
('1825538460941217','19:07:00','19:07:00','4025345','10','',''),
('1825538460941217','19:09:00','19:09:00','4025347','11','',''),
('1825538460941217','19:10:00','19:10:00','4025348','12','',''),
('1825538460941217','19:11:00','19:11:00','4025349','13','',''),
('1924810250941217','19:32:00','19:32:00','4025329','1','',''),
('1924810250941217','19:33:00','19:33:00','4025331','2','',''),
('1924810250941217','19:35:00','19:35:00','4025332','3','',''),
('1924810250941217','19:36:00','19:36:00','4025334','4','',''),
('1924810250941217','19:38:00','19:38:00','4025336','5','',''),
('1924810250941217','19:39:00','19:39:00','4025338','6','',''),
('1924810250941217','19:40:00','19:40:00','4025339','7','',''),
('1924810250941217','19:41:00','19:41:00','4025341','8','',''),
('1924810250941217','19:42:00','19:42:00','4025343','9','',''),
('1924810250941217','19:43:00','19:43:00','4025345','10','',''),
('1924810250941217','19:45:00','19:45:00','4025347','11','',''),
('1924810250941217','19:46:00','19:46:00','4025348','12','',''),
('1924810250941217','19:47:00','19:47:00','4025349','13','',''),
('1925538460941217','19:32:00','19:32:00','4025329','1','',''),
('1925538460941217','19:33:00','19:33:00','4025331','2','',''),
('1925538460941217','19:35:00','19:35:00','4025332','3','',''),
('1925538460941217','19:37:00','19:37:00','4025334','4','',''),
('1925538460941217','19:38:00','19:38:00','4025336','5','',''),
('1925538460941217','19:39:00','19:39:00','4025338','6','',''),
('1925538460941217','19:40:00','19:40:00','4025339','7','',''),
('1925538460941217','19:41:00','19:41:00','4025341','8','',''),
('1925538460941217','19:42:00','19:42:00','4025343','9','',''),
('1925538460941217','19:43:00','19:43:00','4025345','10','',''),
('1925538460941217','19:45:00','19:45:00','4025347','11','',''),
('1925538460941217','19:46:00','19:46:00','4025348','12','',''),
('1925538460941217','19:47:00','19:47:00','4025349','13','',''),
('2024810250941217','20:08:00','20:08:00','4025329','1','',''),
('2024810250941217','20:09:00','20:09:00','4025331','2','',''),
('2024810250941217','20:11:00','20:11:00','4025332','3','',''),
('2024810250941217','20:12:00','20:12:00','4025334','4','',''),
('2024810250941217','20:14:00','20:14:00','4025336','5','',''),
('2024810250941217','20:15:00','20:15:00','4025338','6','',''),
('2024810250941217','20:16:00','20:16:00','4025339','7','',''),
('2024810250941217','20:17:00','20:17:00','4025341','8','',''),
('2024810250941217','20:18:00','20:18:00','4025343','9','',''),
('2024810250941217','20:19:00','20:19:00','4025345','10','',''),
('2024810250941217','20:21:00','20:21:00','4025347','11','',''),
('2024810250941217','20:22:00','20:22:00','4025348','12','',''),
('2024810250941217','20:23:00','20:23:00','4025349','13','',''),
('2025538460941217','20:08:00','20:08:00','4025329','1','',''),
('2025538460941217','20:09:00','20:09:00','4025331','2','',''),
('2025538460941217','20:11:00','20:11:00','4025332','3','',''),
('2025538460941217','20:13:00','20:13:00','4025334','4','',''),
('2025538460941217','20:14:00','20:14:00','4025336','5','',''),
('2025538460941217','20:15:00','20:15:00','4025338','6','',''),
('2025538460941217','20:16:00','20:16:00','4025339','7','',''),
('2025538460941217','20:17:00','20:17:00','4025341','8','',''),
('2025538460941217','20:18:00','20:18:00','4025343','9','',''),
('2025538460941217','20:19:00','20:19:00','4025345','10','',''),
('2025538460941217','20:21:00','20:21:00','4025347','11','',''),
('2025538460941217','20:22:00','20:22:00','4025348','12','',''),
('2025538460941217','20:23:00','20:23:00','4025349','13','',''),
('224810240941217','07:49:00','07:49:00','4025329','1','',''),
('224810240941217','07:51:00','07:51:00','4025331','2','',''),
('224810240941217','07:53:00','07:53:00','4025332','3','',''),
('224810240941217','07:55:00','07:55:00','4025334','4','',''),
('224810240941217','07:57:00','07:57:00','4025336','5','',''),
('224810240941217','07:59:00','07:59:00','4025338','6','',''),
('224810240941217','08:00:00','08:00:00','4025339','7','',''),
('224810240941217','08:01:00','08:01:00','4025341','8','',''),
('224810240941217','08:03:00','08:03:00','4025343','9','',''),
('224810240941217','08:04:00','08:04:00','4025345','10','',''),
('224810240941217','08:06:00','08:06:00','4025347','11','',''),
('224810240941217','08:07:00','08:07:00','4025348','12','',''),
('224810240941217','08:08:00','08:08:00','4025349','13','',''),
('224810250941217','08:10:00','08:10:00','4025329','1','',''),
('224810250941217','08:11:00','08:11:00','4025331','2','',''),
('224810250941217','08:13:00','08:13:00','4025332','3','',''),
('224810250941217','08:14:00','08:14:00','4025334','4','',''),
('224810250941217','08:16:00','08:16:00','4025336','5','',''),
('224810250941217','08:17:00','08:17:00','4025338','6','',''),
('224810250941217','08:18:00','08:18:00','4025339','7','',''),
('224810250941217','08:19:00','08:19:00','4025341','8','',''),
('224810250941217','08:20:00','08:20:00','4025343','9','',''),
('224810250941217','08:21:00','08:21:00','4025345','10','',''),
('224810250941217','08:23:00','08:23:00','4025347','11','',''),
('224810250941217','08:24:00','08:24:00','4025348','12','',''),
('224810250941217','08:25:00','08:25:00','4025349','13','',''),
('225538450941217','07:49:00','07:49:00','4025329','1','',''),
('225538450941217','07:51:00','07:51:00','4025331','2','',''),
('225538450941217','07:53:00','07:53:00','4025332','3','',''),
('225538450941217','07:55:00','07:55:00','4025334','4','',''),
('225538450941217','07:57:00','07:57:00','4025336','5','',''),
('225538450941217','07:59:00','07:59:00','4025338','6','',''),
('225538450941217','08:00:00','08:00:00','4025339','7','',''),
('225538450941217','08:01:00','08:01:00','4025341','8','',''),
('225538450941217','08:03:00','08:03:00','4025343','9','',''),
('225538450941217','08:04:00','08:04:00','4025345','10','',''),
('225538450941217','08:06:00','08:06:00','4025347','11','',''),
('225538450941217','08:07:00','08:07:00','4025348','12','',''),
('225538450941217','08:08:00','08:08:00','4025349','13','',''),
('225538460941217','08:10:00','08:10:00','4025329','1','',''),
('225538460941217','08:11:00','08:11:00','4025331','2','',''),
('225538460941217','08:13:00','08:13:00','4025332','3','',''),
('225538460941217','08:15:00','08:15:00','4025334','4','',''),
('225538460941217','08:16:00','08:16:00','4025336','5','',''),
('225538460941217','08:17:00','08:17:00','4025338','6','',''),
('225538460941217','08:18:00','08:18:00','4025339','7','',''),
('225538460941217','08:19:00','08:19:00','4025341','8','',''),
('225538460941217','08:20:00','08:20:00','4025343','9','',''),
('225538460941217','08:21:00','08:21:00','4025345','10','',''),
('225538460941217','08:23:00','08:23:00','4025347','11','',''),
('225538460941217','08:24:00','08:24:00','4025348','12','',''),
('225538460941217','08:25:00','08:25:00','4025349','13','',''),
('324810240941217','08:33:00','08:33:00','4025329','1','',''),
('324810240941217','08:35:00','08:35:00','4025331','2','',''),
('324810240941217','08:37:00','08:37:00','4025332','3','',''),
('324810240941217','08:39:00','08:39:00','4025334','4','',''),
('324810240941217','08:41:00','08:41:00','4025336','5','',''),
('324810240941217','08:43:00','08:43:00','4025338','6','',''),
('324810240941217','08:44:00','08:44:00','4025339','7','',''),
('324810240941217','08:45:00','08:45:00','4025341','8','',''),
('324810240941217','08:47:00','08:47:00','4025343','9','',''),
('324810240941217','08:48:00','08:48:00','4025345','10','',''),
('324810240941217','08:50:00','08:50:00','4025347','11','',''),
('324810240941217','08:51:00','08:51:00','4025348','12','',''),
('324810240941217','08:52:00','08:52:00','4025349','13','',''),
('324810250941217','08:46:00','08:46:00','4025329','1','',''),
('324810250941217','08:47:00','08:47:00','4025331','2','',''),
('324810250941217','08:49:00','08:49:00','4025332','3','',''),
('324810250941217','08:50:00','08:50:00','4025334','4','',''),
('324810250941217','08:52:00','08:52:00','4025336','5','',''),
('324810250941217','08:53:00','08:53:00','4025338','6','',''),
('324810250941217','08:54:00','08:54:00','4025339','7','',''),
('324810250941217','08:55:00','08:55:00','4025341','8','',''),
('324810250941217','08:56:00','08:56:00','4025343','9','',''),
('324810250941217','08:57:00','08:57:00','4025345','10','',''),
('324810250941217','08:59:00','08:59:00','4025347','11','',''),
('324810250941217','09:00:00','09:00:00','4025348','12','',''),
('324810250941217','09:01:00','09:01:00','4025349','13','',''),
('325538450941217','08:33:00','08:33:00','4025329','1','',''),
('325538450941217','08:35:00','08:35:00','4025331','2','',''),
('325538450941217','08:37:00','08:37:00','4025332','3','',''),
('325538450941217','08:39:00','08:39:00','4025334','4','',''),
('325538450941217','08:41:00','08:41:00','4025336','5','',''),
('325538450941217','08:43:00','08:43:00','4025338','6','',''),
('325538450941217','08:44:00','08:44:00','4025339','7','',''),
('325538450941217','08:45:00','08:45:00','4025341','8','',''),
('325538450941217','08:47:00','08:47:00','4025343','9','',''),
('325538450941217','08:48:00','08:48:00','4025345','10','',''),
('325538450941217','08:50:00','08:50:00','4025347','11','',''),
('325538450941217','08:51:00','08:51:00','4025348','12','',''),
('325538450941217','08:52:00','08:52:00','4025349','13','',''),
('325538460941217','08:46:00','08:46:00','4025329','1','',''),
('325538460941217','08:47:00','08:47:00','4025331','2','',''),
('325538460941217','08:49:00','08:49:00','4025332','3','',''),
('325538460941217','08:51:00','08:51:00','4025334','4','',''),
('325538460941217','08:52:00','08:52:00','4025336','5','',''),
('325538460941217','08:53:00','08:53:00','4025338','6','',''),
('325538460941217','08:54:00','08:54:00','4025339','7','',''),
('325538460941217','08:55:00','08:55:00','4025341','8','',''),
('325538460941217','08:56:00','08:56:00','4025343','9','',''),
('325538460941217','08:57:00','08:57:00','4025345','10','',''),
('325538460941217','08:59:00','08:59:00','4025347','11','',''),
('325538460941217','09:00:00','09:00:00','4025348','12','',''),
('325538460941217','09:01:00','09:01:00','4025349','13','',''),
('424810240941217','09:17:00','09:17:00','4025329','1','',''),
('424810240941217','09:18:00','09:18:00','4025331','2','',''),
('424810240941217','09:20:00','09:20:00','4025332','3','',''),
('424810240941217','09:22:00','09:22:00','4025334','4','',''),
('424810240941217','09:24:00','09:24:00','4025336','5','',''),
('424810240941217','09:25:00','09:25:00','4025338','6','',''),
('424810240941217','09:27:00','09:27:00','4025339','7','',''),
('424810240941217','09:28:00','09:28:00','4025341','8','',''),
('424810240941217','09:29:00','09:29:00','4025343','9','',''),
('424810240941217','09:30:00','09:30:00','4025345','10','',''),
('424810240941217','09:32:00','09:32:00','4025347','11','',''),
('424810240941217','09:33:00','09:33:00','4025348','12','',''),
('424810240941217','09:34:00','09:34:00','4025349','13','',''),
('424810250941217','09:22:00','09:22:00','4025329','1','',''),
('424810250941217','09:23:00','09:23:00','4025331','2','',''),
('424810250941217','09:25:00','09:25:00','4025332','3','',''),
('424810250941217','09:26:00','09:26:00','4025334','4','',''),
('424810250941217','09:28:00','09:28:00','4025336','5','',''),
('424810250941217','09:29:00','09:29:00','4025338','6','',''),
('424810250941217','09:30:00','09:30:00','4025339','7','',''),
('424810250941217','09:31:00','09:31:00','4025341','8','',''),
('424810250941217','09:32:00','09:32:00','4025343','9','',''),
('424810250941217','09:33:00','09:33:00','4025345','10','',''),
('424810250941217','09:35:00','09:35:00','4025347','11','',''),
('424810250941217','09:36:00','09:36:00','4025348','12','',''),
('424810250941217','09:37:00','09:37:00','4025349','13','',''),
('425538450941217','09:17:00','09:17:00','4025329','1','',''),
('425538450941217','09:18:00','09:18:00','4025331','2','',''),
('425538450941217','09:20:00','09:20:00','4025332','3','',''),
('425538450941217','09:22:00','09:22:00','4025334','4','',''),
('425538450941217','09:24:00','09:24:00','4025336','5','',''),
('425538450941217','09:25:00','09:25:00','4025338','6','',''),
('425538450941217','09:27:00','09:27:00','4025339','7','',''),
('425538450941217','09:28:00','09:28:00','4025341','8','',''),
('425538450941217','09:29:00','09:29:00','4025343','9','',''),
('425538450941217','09:30:00','09:30:00','4025345','10','',''),
('425538450941217','09:32:00','09:32:00','4025347','11','',''),
('425538450941217','09:33:00','09:33:00','4025348','12','',''),
('425538450941217','09:34:00','09:34:00','4025349','13','',''),
('425538460941217','09:22:00','09:22:00','4025329','1','',''),
('425538460941217','09:23:00','09:23:00','4025331','2','',''),
('425538460941217','09:25:00','09:25:00','4025332','3','',''),
('425538460941217','09:27:00','09:27:00','4025334','4','',''),
('425538460941217','09:28:00','09:28:00','4025336','5','',''),
('425538460941217','09:29:00','09:29:00','4025338','6','',''),
('425538460941217','09:30:00','09:30:00','4025339','7','',''),
('425538460941217','09:31:00','09:31:00','4025341','8','',''),
('425538460941217','09:32:00','09:32:00','4025343','9','',''),
('425538460941217','09:33:00','09:33:00','4025345','10','',''),
('425538460941217','09:35:00','09:35:00','4025347','11','',''),
('425538460941217','09:36:00','09:36:00','4025348','12','',''),
('425538460941217','09:37:00','09:37:00','4025349','13','',''),
('524810240941217','09:53:00','09:53:00','4025329','1','',''),
('524810240941217','09:54:00','09:54:00','4025331','2','',''),
('524810240941217','09:56:00','09:56:00','4025332','3','',''),
('524810240941217','09:57:00','09:57:00','4025334','4','',''),
('524810240941217','09:59:00','09:59:00','4025336','5','',''),
('524810240941217','10:00:00','10:00:00','4025338','6','',''),
('524810240941217','10:01:00','10:01:00','4025339','7','',''),
('524810240941217','10:02:00','10:02:00','4025341','8','',''),
('524810240941217','10:03:00','10:03:00','4025343','9','',''),
('524810240941217','10:04:00','10:04:00','4025345','10','',''),
('524810240941217','10:06:00','10:06:00','4025347','11','',''),
('524810240941217','10:07:00','10:07:00','4025348','12','',''),
('524810240941217','10:08:00','10:08:00','4025349','13','',''),
('524810250941217','09:58:00','09:58:00','4025329','1','',''),
('524810250941217','09:59:00','09:59:00','4025331','2','',''),
('524810250941217','10:01:00','10:01:00','4025332','3','',''),
('524810250941217','10:02:00','10:02:00','4025334','4','',''),
('524810250941217','10:04:00','10:04:00','4025336','5','',''),
('524810250941217','10:05:00','10:05:00','4025338','6','',''),
('524810250941217','10:06:00','10:06:00','4025339','7','',''),
('524810250941217','10:07:00','10:07:00','4025341','8','',''),
('524810250941217','10:08:00','10:08:00','4025343','9','',''),
('524810250941217','10:09:00','10:09:00','4025345','10','',''),
('524810250941217','10:11:00','10:11:00','4025347','11','',''),
('524810250941217','10:12:00','10:12:00','4025348','12','',''),
('524810250941217','10:13:00','10:13:00','4025349','13','',''),
('525538450941217','09:53:00','09:53:00','4025329','1','',''),
('525538450941217','09:54:00','09:54:00','4025331','2','',''),
('525538450941217','09:56:00','09:56:00','4025332','3','',''),
('525538450941217','09:58:00','09:58:00','4025334','4','',''),
('525538450941217','09:59:00','09:59:00','4025336','5','',''),
('525538450941217','10:00:00','10:00:00','4025338','6','',''),
('525538450941217','10:01:00','10:01:00','4025339','7','',''),
('525538450941217','10:02:00','10:02:00','4025341','8','',''),
('525538450941217','10:03:00','10:03:00','4025343','9','',''),
('525538450941217','10:04:00','10:04:00','4025345','10','',''),
('525538450941217','10:06:00','10:06:00','4025347','11','',''),
('525538450941217','10:07:00','10:07:00','4025348','12','',''),
('525538450941217','10:08:00','10:08:00','4025349','13','',''),
('525538460941217','09:58:00','09:58:00','4025329','1','',''),
('525538460941217','09:59:00','09:59:00','4025331','2','',''),
('525538460941217','10:01:00','10:01:00','4025332','3','',''),
('525538460941217','10:03:00','10:03:00','4025334','4','',''),
('525538460941217','10:04:00','10:04:00','4025336','5','',''),
('525538460941217','10:05:00','10:05:00','4025338','6','',''),
('525538460941217','10:06:00','10:06:00','4025339','7','',''),
('525538460941217','10:07:00','10:07:00','4025341','8','',''),
('525538460941217','10:08:00','10:08:00','4025343','9','',''),
('525538460941217','10:09:00','10:09:00','4025345','10','',''),
('525538460941217','10:11:00','10:11:00','4025347','11','',''),
('525538460941217','10:12:00','10:12:00','4025348','12','',''),
('525538460941217','10:13:00','10:13:00','4025349','13','',''),
('624810240941217','10:29:00','10:29:00','4025329','1','',''),
('624810240941217','10:30:00','10:30:00','4025331','2','',''),
('624810240941217','10:32:00','10:32:00','4025332','3','',''),
('624810240941217','10:33:00','10:33:00','4025334','4','',''),
('624810240941217','10:35:00','10:35:00','4025336','5','',''),
('624810240941217','10:36:00','10:36:00','4025338','6','',''),
('624810240941217','10:37:00','10:37:00','4025339','7','',''),
('624810240941217','10:38:00','10:38:00','4025341','8','',''),
('624810240941217','10:39:00','10:39:00','4025343','9','',''),
('624810240941217','10:40:00','10:40:00','4025345','10','',''),
('624810240941217','10:42:00','10:42:00','4025347','11','',''),
('624810240941217','10:43:00','10:43:00','4025348','12','',''),
('624810240941217','10:44:00','10:44:00','4025349','13','',''),
('624810250941217','10:34:00','10:34:00','4025329','1','',''),
('624810250941217','10:35:00','10:35:00','4025331','2','',''),
('624810250941217','10:37:00','10:37:00','4025332','3','',''),
('624810250941217','10:38:00','10:38:00','4025334','4','',''),
('624810250941217','10:40:00','10:40:00','4025336','5','',''),
('624810250941217','10:41:00','10:41:00','4025338','6','',''),
('624810250941217','10:42:00','10:42:00','4025339','7','',''),
('624810250941217','10:43:00','10:43:00','4025341','8','',''),
('624810250941217','10:44:00','10:44:00','4025343','9','',''),
('624810250941217','10:45:00','10:45:00','4025345','10','',''),
('624810250941217','10:47:00','10:47:00','4025347','11','',''),
('624810250941217','10:48:00','10:48:00','4025348','12','',''),
('624810250941217','10:49:00','10:49:00','4025349','13','',''),
('625538450941217','10:29:00','10:29:00','4025329','1','',''),
('625538450941217','10:30:00','10:30:00','4025331','2','',''),
('625538450941217','10:32:00','10:32:00','4025332','3','',''),
('625538450941217','10:34:00','10:34:00','4025334','4','',''),
('625538450941217','10:35:00','10:35:00','4025336','5','',''),
('625538450941217','10:36:00','10:36:00','4025338','6','',''),
('625538450941217','10:37:00','10:37:00','4025339','7','',''),
('625538450941217','10:38:00','10:38:00','4025341','8','',''),
('625538450941217','10:39:00','10:39:00','4025343','9','',''),
('625538450941217','10:40:00','10:40:00','4025345','10','',''),
('625538450941217','10:42:00','10:42:00','4025347','11','',''),
('625538450941217','10:43:00','10:43:00','4025348','12','',''),
('625538450941217','10:44:00','10:44:00','4025349','13','',''),
('625538460941217','10:34:00','10:34:00','4025329','1','',''),
('625538460941217','10:35:00','10:35:00','4025331','2','',''),
('625538460941217','10:37:00','10:37:00','4025332','3','',''),
('625538460941217','10:39:00','10:39:00','4025334','4','',''),
('625538460941217','10:40:00','10:40:00','4025336','5','',''),
('625538460941217','10:41:00','10:41:00','4025338','6','',''),
('625538460941217','10:42:00','10:42:00','4025339','7','',''),
('625538460941217','10:43:00','10:43:00','4025341','8','',''),
('625538460941217','10:44:00','10:44:00','4025343','9','',''),
('625538460941217','10:45:00','10:45:00','4025345','10','',''),
('625538460941217','10:47:00','10:47:00','4025347','11','',''),
('625538460941217','10:48:00','10:48:00','4025348','12','',''),
('625538460941217','10:49:00','10:49:00','4025349','13','',''),
('724810240941217','11:05:00','11:05:00','4025329','1','',''),
('724810240941217','11:06:00','11:06:00','4025331','2','',''),
('724810240941217','11:08:00','11:08:00','4025332','3','',''),
('724810240941217','11:09:00','11:09:00','4025334','4','',''),
('724810240941217','11:11:00','11:11:00','4025336','5','',''),
('724810240941217','11:12:00','11:12:00','4025338','6','',''),
('724810240941217','11:13:00','11:13:00','4025339','7','',''),
('724810240941217','11:14:00','11:14:00','4025341','8','',''),
('724810240941217','11:15:00','11:15:00','4025343','9','',''),
('724810240941217','11:16:00','11:16:00','4025345','10','',''),
('724810240941217','11:18:00','11:18:00','4025347','11','',''),
('724810240941217','11:19:00','11:19:00','4025348','12','',''),
('724810240941217','11:20:00','11:20:00','4025349','13','',''),
('724810250941217','11:10:00','11:10:00','4025329','1','',''),
('724810250941217','11:11:00','11:11:00','4025331','2','',''),
('724810250941217','11:13:00','11:13:00','4025332','3','',''),
('724810250941217','11:14:00','11:14:00','4025334','4','',''),
('724810250941217','11:16:00','11:16:00','4025336','5','',''),
('724810250941217','11:17:00','11:17:00','4025338','6','',''),
('724810250941217','11:18:00','11:18:00','4025339','7','',''),
('724810250941217','11:19:00','11:19:00','4025341','8','',''),
('724810250941217','11:20:00','11:20:00','4025343','9','',''),
('724810250941217','11:21:00','11:21:00','4025345','10','',''),
('724810250941217','11:23:00','11:23:00','4025347','11','',''),
('724810250941217','11:24:00','11:24:00','4025348','12','',''),
('724810250941217','11:25:00','11:25:00','4025349','13','',''),
('725538450941217','11:05:00','11:05:00','4025329','1','',''),
('725538450941217','11:06:00','11:06:00','4025331','2','',''),
('725538450941217','11:08:00','11:08:00','4025332','3','',''),
('725538450941217','11:10:00','11:10:00','4025334','4','',''),
('725538450941217','11:11:00','11:11:00','4025336','5','',''),
('725538450941217','11:12:00','11:12:00','4025338','6','',''),
('725538450941217','11:13:00','11:13:00','4025339','7','',''),
('725538450941217','11:14:00','11:14:00','4025341','8','',''),
('725538450941217','11:15:00','11:15:00','4025343','9','',''),
('725538450941217','11:16:00','11:16:00','4025345','10','',''),
('725538450941217','11:18:00','11:18:00','4025347','11','',''),
('725538450941217','11:19:00','11:19:00','4025348','12','',''),
('725538450941217','11:20:00','11:20:00','4025349','13','',''),
('725538460941217','11:10:00','11:10:00','4025329','1','',''),
('725538460941217','11:11:00','11:11:00','4025331','2','',''),
('725538460941217','11:13:00','11:13:00','4025332','3','',''),
('725538460941217','11:15:00','11:15:00','4025334','4','',''),
('725538460941217','11:16:00','11:16:00','4025336','5','',''),
('725538460941217','11:17:00','11:17:00','4025338','6','',''),
('725538460941217','11:18:00','11:18:00','4025339','7','',''),
('725538460941217','11:19:00','11:19:00','4025341','8','',''),
('725538460941217','11:20:00','11:20:00','4025343','9','',''),
('725538460941217','11:21:00','11:21:00','4025345','10','',''),
('725538460941217','11:23:00','11:23:00','4025347','11','',''),
('725538460941217','11:24:00','11:24:00','4025348','12','',''),
('725538460941217','11:25:00','11:25:00','4025349','13','',''),
('824810240941217','11:41:00','11:41:00','4025329','1','',''),
('824810240941217','11:42:00','11:42:00','4025331','2','',''),
('824810240941217','11:44:00','11:44:00','4025332','3','',''),
('824810240941217','11:45:00','11:45:00','4025334','4','',''),
('824810240941217','11:47:00','11:47:00','4025336','5','',''),
('824810240941217','11:48:00','11:48:00','4025338','6','',''),
('824810240941217','11:49:00','11:49:00','4025339','7','',''),
('824810240941217','11:50:00','11:50:00','4025341','8','',''),
('824810240941217','11:51:00','11:51:00','4025343','9','',''),
('824810240941217','11:52:00','11:52:00','4025345','10','',''),
('824810240941217','11:54:00','11:54:00','4025347','11','',''),
('824810240941217','11:55:00','11:55:00','4025348','12','',''),
('824810240941217','11:56:00','11:56:00','4025349','13','',''),
('824810250941217','11:46:00','11:46:00','4025329','1','',''),
('824810250941217','11:47:00','11:47:00','4025331','2','',''),
('824810250941217','11:49:00','11:49:00','4025332','3','',''),
('824810250941217','11:50:00','11:50:00','4025334','4','',''),
('824810250941217','11:52:00','11:52:00','4025336','5','',''),
('824810250941217','11:53:00','11:53:00','4025338','6','',''),
('824810250941217','11:54:00','11:54:00','4025339','7','',''),
('824810250941217','11:55:00','11:55:00','4025341','8','',''),
('824810250941217','11:56:00','11:56:00','4025343','9','',''),
('824810250941217','11:57:00','11:57:00','4025345','10','',''),
('824810250941217','11:59:00','11:59:00','4025347','11','',''),
('824810250941217','12:00:00','12:00:00','4025348','12','',''),
('824810250941217','12:01:00','12:01:00','4025349','13','',''),
('825538450941217','11:41:00','11:41:00','4025329','1','',''),
('825538450941217','11:42:00','11:42:00','4025331','2','',''),
('825538450941217','11:44:00','11:44:00','4025332','3','',''),
('825538450941217','11:46:00','11:46:00','4025334','4','',''),
('825538450941217','11:47:00','11:47:00','4025336','5','',''),
('825538450941217','11:48:00','11:48:00','4025338','6','',''),
('825538450941217','11:49:00','11:49:00','4025339','7','',''),
('825538450941217','11:50:00','11:50:00','4025341','8','',''),
('825538450941217','11:51:00','11:51:00','4025343','9','',''),
('825538450941217','11:52:00','11:52:00','4025345','10','',''),
('825538450941217','11:54:00','11:54:00','4025347','11','',''),
('825538450941217','11:55:00','11:55:00','4025348','12','',''),
('825538450941217','11:56:00','11:56:00','4025349','13','',''),
('825538460941217','11:46:00','11:46:00','4025329','1','',''),
('825538460941217','11:47:00','11:47:00','4025331','2','',''),
('825538460941217','11:49:00','11:49:00','4025332','3','',''),
('825538460941217','11:51:00','11:51:00','4025334','4','',''),
('825538460941217','11:52:00','11:52:00','4025336','5','',''),
('825538460941217','11:53:00','11:53:00','4025338','6','',''),
('825538460941217','11:54:00','11:54:00','4025339','7','',''),
('825538460941217','11:55:00','11:55:00','4025341','8','',''),
('825538460941217','11:56:00','11:56:00','4025343','9','',''),
('825538460941217','11:57:00','11:57:00','4025345','10','',''),
('825538460941217','11:59:00','11:59:00','4025347','11','',''),
('825538460941217','12:00:00','12:00:00','4025348','12','',''),
('825538460941217','12:01:00','12:01:00','4025349','13','',''),
('924810240941217','12:17:00','12:17:00','4025329','1','',''),
('924810240941217','12:18:00','12:18:00','4025331','2','',''),
('924810240941217','12:20:00','12:20:00','4025332','3','',''),
('924810240941217','12:21:00','12:21:00','4025334','4','',''),
('924810240941217','12:23:00','12:23:00','4025336','5','',''),
('924810240941217','12:24:00','12:24:00','4025338','6','',''),
('924810240941217','12:25:00','12:25:00','4025339','7','',''),
('924810240941217','12:26:00','12:26:00','4025341','8','',''),
('924810240941217','12:27:00','12:27:00','4025343','9','',''),
('924810240941217','12:28:00','12:28:00','4025345','10','',''),
('924810240941217','12:30:00','12:30:00','4025347','11','',''),
('924810240941217','12:31:00','12:31:00','4025348','12','',''),
('924810240941217','12:32:00','12:32:00','4025349','13','',''),
('924810250941217','12:22:00','12:22:00','4025329','1','',''),
('924810250941217','12:23:00','12:23:00','4025331','2','',''),
('924810250941217','12:25:00','12:25:00','4025332','3','',''),
('924810250941217','12:26:00','12:26:00','4025334','4','',''),
('924810250941217','12:28:00','12:28:00','4025336','5','',''),
('924810250941217','12:29:00','12:29:00','4025338','6','',''),
('924810250941217','12:30:00','12:30:00','4025339','7','',''),
('924810250941217','12:31:00','12:31:00','4025341','8','',''),
('924810250941217','12:32:00','12:32:00','4025343','9','',''),
('924810250941217','12:33:00','12:33:00','4025345','10','',''),
('924810250941217','12:35:00','12:35:00','4025347','11','',''),
('924810250941217','12:36:00','12:36:00','4025348','12','',''),
('924810250941217','12:37:00','12:37:00','4025349','13','',''),
('925538450941217','12:17:00','12:17:00','4025329','1','',''),
('925538450941217','12:18:00','12:18:00','4025331','2','',''),
('925538450941217','12:20:00','12:20:00','4025332','3','',''),
('925538450941217','12:22:00','12:22:00','4025334','4','',''),
('925538450941217','12:23:00','12:23:00','4025336','5','',''),
('925538450941217','12:24:00','12:24:00','4025338','6','',''),
('925538450941217','12:25:00','12:25:00','4025339','7','',''),
('925538450941217','12:26:00','12:26:00','4025341','8','',''),
('925538450941217','12:27:00','12:27:00','4025343','9','',''),
('925538450941217','12:28:00','12:28:00','4025345','10','',''),
('925538450941217','12:30:00','12:30:00','4025347','11','',''),
('925538450941217','12:31:00','12:31:00','4025348','12','',''),
('925538450941217','12:32:00','12:32:00','4025349','13','',''),
('925538460941217','12:22:00','12:22:00','4025329','1','',''),
('925538460941217','12:23:00','12:23:00','4025331','2','',''),
('925538460941217','12:25:00','12:25:00','4025332','3','',''),
('925538460941217','12:27:00','12:27:00','4025334','4','',''),
('925538460941217','12:28:00','12:28:00','4025336','5','',''),
('925538460941217','12:29:00','12:29:00','4025338','6','',''),
('925538460941217','12:30:00','12:30:00','4025339','7','',''),
('925538460941217','12:31:00','12:31:00','4025341','8','',''),
('925538460941217','12:32:00','12:32:00','4025343','9','',''),
('925538460941217','12:33:00','12:33:00','4025345','10','',''),
('925538460941217','12:35:00','12:35:00','4025347','11','',''),
('925538460941217','12:36:00','12:36:00','4025348','12','',''),
('925538460941217','12:37:00','12:37:00','4025349','13','',''),
('1024810241078688','14:36:00','14:36:00','4025350','1','',''),
('1024810241078688','14:37:00','14:37:00','4025346','2','',''),
('1024810241078688','14:39:00','14:39:00','4025344','3','',''),
('1024810241078688','14:40:00','14:40:00','4025342','4','',''),
('1024810241078688','14:41:00','14:41:00','4025340','5','',''),
('1024810241078688','14:43:00','14:43:00','4025337','6','',''),
('1024810241078688','14:44:00','14:44:00','4025335','7','',''),
('1024810241078688','14:44:00','14:44:00','4025333','8','',''),
('1024810241078688','14:46:00','14:46:00','4025351','9','',''),
('1024810241078688','14:48:00','14:48:00','4025352','10','',''),
('1024810241078688','14:49:00','14:49:00','4025330','11','',''),
('1024810251078688','13:20:00','13:20:00','4025350','1','',''),
('1024810251078688','13:21:00','13:21:00','4025346','2','',''),
('1024810251078688','13:23:00','13:23:00','4025344','3','',''),
('1024810251078688','13:24:00','13:24:00','4025342','4','',''),
('1024810251078688','13:25:00','13:25:00','4025340','5','',''),
('1024810251078688','13:27:00','13:27:00','4025337','6','',''),
('1024810251078688','13:28:00','13:28:00','4025335','7','',''),
('1024810251078688','13:29:00','13:29:00','4025333','8','',''),
('1024810251078688','13:31:00','13:31:00','4025351','9','',''),
('1024810251078688','13:33:00','13:33:00','4025352','10','',''),
('1024810251078688','13:34:00','13:34:00','4025330','11','',''),
('1025538451078688','14:36:00','14:36:00','4025350','1','',''),
('1025538451078688','14:37:00','14:37:00','4025346','2','',''),
('1025538451078688','14:39:00','14:39:00','4025344','3','',''),
('1025538451078688','14:40:00','14:40:00','4025342','4','',''),
('1025538451078688','14:41:00','14:41:00','4025340','5','',''),
('1025538451078688','14:43:00','14:43:00','4025337','6','',''),
('1025538451078688','14:44:00','14:44:00','4025335','7','',''),
('1025538451078688','14:44:00','14:44:00','4025333','8','',''),
('1025538451078688','14:46:00','14:46:00','4025351','9','',''),
('1025538451078688','14:48:00','14:48:00','4025352','10','',''),
('1025538451078688','14:49:00','14:49:00','4025330','11','',''),
('1025538461078688','13:20:00','13:20:00','4025350','1','',''),
('1025538461078688','13:21:00','13:21:00','4025346','2','',''),
('1025538461078688','13:23:00','13:23:00','4025344','3','',''),
('1025538461078688','13:24:00','13:24:00','4025342','4','',''),
('1025538461078688','13:25:00','13:25:00','4025340','5','',''),
('1025538461078688','13:27:00','13:27:00','4025337','6','',''),
('1025538461078688','13:28:00','13:28:00','4025335','7','',''),
('1025538461078688','13:29:00','13:29:00','4025333','8','',''),
('1025538461078688','13:31:00','13:31:00','4025351','9','',''),
('1025538461078688','13:33:00','13:33:00','4025352','10','',''),
('1025538461078688','13:34:00','13:34:00','4025330','11','',''),
('1124810241078688','15:12:00','15:12:00','4025350','1','',''),
('1124810241078688','15:13:00','15:13:00','4025346','2','',''),
('1124810241078688','15:15:00','15:15:00','4025344','3','',''),
('1124810241078688','15:16:00','15:16:00','4025342','4','',''),
('1124810241078688','15:17:00','15:17:00','4025340','5','',''),
('1124810241078688','15:19:00','15:19:00','4025337','6','',''),
('1124810241078688','15:20:00','15:20:00','4025335','7','',''),
('1124810241078688','15:20:00','15:20:00','4025333','8','',''),
('1124810241078688','15:22:00','15:22:00','4025351','9','',''),
('1124810241078688','15:24:00','15:24:00','4025352','10','',''),
('1124810241078688','15:25:00','15:25:00','4025330','11','',''),
('1124810251078688','15:06:00','15:06:00','4025350','1','',''),
('1124810251078688','15:07:00','15:07:00','4025346','2','',''),
('1124810251078688','15:09:00','15:09:00','4025344','3','',''),
('1124810251078688','15:10:00','15:10:00','4025342','4','',''),
('1124810251078688','15:11:00','15:11:00','4025340','5','',''),
('1124810251078688','15:13:00','15:13:00','4025337','6','',''),
('1124810251078688','15:14:00','15:14:00','4025335','7','',''),
('1124810251078688','15:15:00','15:15:00','4025333','8','',''),
('1124810251078688','15:17:00','15:17:00','4025351','9','',''),
('1124810251078688','15:19:00','15:19:00','4025352','10','',''),
('1124810251078688','15:20:00','15:20:00','4025330','11','',''),
('1125538451078688','15:12:00','15:12:00','4025350','1','',''),
('1125538451078688','15:13:00','15:13:00','4025346','2','',''),
('1125538451078688','15:15:00','15:15:00','4025344','3','',''),
('1125538451078688','15:16:00','15:16:00','4025342','4','',''),
('1125538451078688','15:17:00','15:17:00','4025340','5','',''),
('1125538451078688','15:19:00','15:19:00','4025337','6','',''),
('1125538451078688','15:20:00','15:20:00','4025335','7','',''),
('1125538451078688','15:20:00','15:20:00','4025333','8','',''),
('1125538451078688','15:22:00','15:22:00','4025351','9','',''),
('1125538451078688','15:24:00','15:24:00','4025352','10','',''),
('1125538451078688','15:25:00','15:25:00','4025330','11','',''),
('1125538461078688','15:06:00','15:06:00','4025350','1','',''),
('1125538461078688','15:07:00','15:07:00','4025346','2','',''),
('1125538461078688','15:09:00','15:09:00','4025344','3','',''),
('1125538461078688','15:10:00','15:10:00','4025342','4','',''),
('1125538461078688','15:11:00','15:11:00','4025340','5','',''),
('1125538461078688','15:13:00','15:13:00','4025337','6','',''),
('1125538461078688','15:14:00','15:14:00','4025335','7','',''),
('1125538461078688','15:15:00','15:15:00','4025333','8','',''),
('1125538461078688','15:17:00','15:17:00','4025351','9','',''),
('1125538461078688','15:19:00','15:19:00','4025352','10','',''),
('1125538461078688','15:20:00','15:20:00','4025330','11','',''),
('1224810241078688','15:48:00','15:48:00','4025350','1','',''),
('1224810241078688','15:49:00','15:49:00','4025346','2','',''),
('1224810241078688','15:51:00','15:51:00','4025344','3','',''),
('1224810241078688','15:52:00','15:52:00','4025342','4','',''),
('1224810241078688','15:53:00','15:53:00','4025340','5','',''),
('1224810241078688','15:55:00','15:55:00','4025337','6','',''),
('1224810241078688','15:56:00','15:56:00','4025335','7','',''),
('1224810241078688','15:56:00','15:56:00','4025333','8','',''),
('1224810241078688','15:58:00','15:58:00','4025351','9','',''),
('1224810241078688','16:00:00','16:00:00','4025352','10','',''),
('1224810241078688','16:01:00','16:01:00','4025330','11','',''),
('1224810251078688','15:42:00','15:42:00','4025350','1','',''),
('1224810251078688','15:43:00','15:43:00','4025346','2','',''),
('1224810251078688','15:45:00','15:45:00','4025344','3','',''),
('1224810251078688','15:46:00','15:46:00','4025342','4','',''),
('1224810251078688','15:47:00','15:47:00','4025340','5','',''),
('1224810251078688','15:49:00','15:49:00','4025337','6','',''),
('1224810251078688','15:50:00','15:50:00','4025335','7','',''),
('1224810251078688','15:51:00','15:51:00','4025333','8','',''),
('1224810251078688','15:53:00','15:53:00','4025351','9','',''),
('1224810251078688','15:55:00','15:55:00','4025352','10','',''),
('1224810251078688','15:56:00','15:56:00','4025330','11','',''),
('1225538451078688','15:48:00','15:48:00','4025350','1','',''),
('1225538451078688','15:49:00','15:49:00','4025346','2','',''),
('1225538451078688','15:51:00','15:51:00','4025344','3','',''),
('1225538451078688','15:52:00','15:52:00','4025342','4','',''),
('1225538451078688','15:53:00','15:53:00','4025340','5','',''),
('1225538451078688','15:55:00','15:55:00','4025337','6','',''),
('1225538451078688','15:56:00','15:56:00','4025335','7','',''),
('1225538451078688','15:56:00','15:56:00','4025333','8','',''),
('1225538451078688','15:58:00','15:58:00','4025351','9','',''),
('1225538451078688','16:00:00','16:00:00','4025352','10','',''),
('1225538451078688','16:01:00','16:01:00','4025330','11','',''),
('1225538461078688','15:42:00','15:42:00','4025350','1','',''),
('1225538461078688','15:43:00','15:43:00','4025346','2','',''),
('1225538461078688','15:45:00','15:45:00','4025344','3','',''),
('1225538461078688','15:46:00','15:46:00','4025342','4','',''),
('1225538461078688','15:47:00','15:47:00','4025340','5','',''),
('1225538461078688','15:49:00','15:49:00','4025337','6','',''),
('1225538461078688','15:50:00','15:50:00','4025335','7','',''),
('1225538461078688','15:51:00','15:51:00','4025333','8','',''),
('1225538461078688','15:53:00','15:53:00','4025351','9','',''),
('1225538461078688','15:55:00','15:55:00','4025352','10','',''),
('1225538461078688','15:56:00','15:56:00','4025330','11','',''),
('124810241078688','07:30:00','07:30:00','4025350','1','',''),
('124810241078688','07:32:00','07:32:00','4025346','2','',''),
('124810241078688','07:34:00','07:34:00','4025344','3','',''),
('124810241078688','07:36:00','07:36:00','4025342','4','',''),
('124810241078688','07:37:00','07:37:00','4025340','5','',''),
('124810241078688','07:39:00','07:39:00','4025337','6','',''),
('124810241078688','07:40:00','07:40:00','4025335','7','',''),
('124810241078688','07:41:00','07:41:00','4025333','8','',''),
('124810241078688','07:44:00','07:44:00','4025351','9','',''),
('124810241078688','07:46:00','07:46:00','4025352','10','',''),
('124810241078688','07:48:00','07:48:00','4025330','11','',''),
('124810251078688','07:56:00','07:56:00','4025350','1','',''),
('124810251078688','07:57:00','07:57:00','4025346','2','',''),
('124810251078688','07:59:00','07:59:00','4025344','3','',''),
('124810251078688','08:00:00','08:00:00','4025342','4','',''),
('124810251078688','08:01:00','08:01:00','4025340','5','',''),
('124810251078688','08:03:00','08:03:00','4025337','6','',''),
('124810251078688','08:04:00','08:04:00','4025335','7','',''),
('124810251078688','08:05:00','08:05:00','4025333','8','',''),
('124810251078688','08:07:00','08:07:00','4025351','9','',''),
('124810251078688','08:09:00','08:09:00','4025352','10','',''),
('124810251078688','08:10:00','08:10:00','4025330','11','',''),
('125538451078688','07:30:00','07:30:00','4025350','1','',''),
('125538451078688','07:32:00','07:32:00','4025346','2','',''),
('125538451078688','07:34:00','07:34:00','4025344','3','',''),
('125538451078688','07:36:00','07:36:00','4025342','4','',''),
('125538451078688','07:37:00','07:37:00','4025340','5','',''),
('125538451078688','07:39:00','07:39:00','4025337','6','',''),
('125538451078688','07:40:00','07:40:00','4025335','7','',''),
('125538451078688','07:41:00','07:41:00','4025333','8','',''),
('125538451078688','07:44:00','07:44:00','4025351','9','',''),
('125538451078688','07:46:00','07:46:00','4025352','10','',''),
('125538451078688','07:48:00','07:48:00','4025330','11','',''),
('125538461078688','07:56:00','07:56:00','4025350','1','',''),
('125538461078688','07:57:00','07:57:00','4025346','2','',''),
('125538461078688','07:59:00','07:59:00','4025344','3','',''),
('125538461078688','08:00:00','08:00:00','4025342','4','',''),
('125538461078688','08:01:00','08:01:00','4025340','5','',''),
('125538461078688','08:03:00','08:03:00','4025337','6','',''),
('125538461078688','08:04:00','08:04:00','4025335','7','',''),
('125538461078688','08:05:00','08:05:00','4025333','8','',''),
('125538461078688','08:07:00','08:07:00','4025351','9','',''),
('125538461078688','08:09:00','08:09:00','4025352','10','',''),
('125538461078688','08:10:00','08:10:00','4025330','11','',''),
('1324810241078688','16:24:00','16:24:00','4025350','1','',''),
('1324810241078688','16:25:00','16:25:00','4025346','2','',''),
('1324810241078688','16:27:00','16:27:00','4025344','3','',''),
('1324810241078688','16:28:00','16:28:00','4025342','4','',''),
('1324810241078688','16:29:00','16:29:00','4025340','5','',''),
('1324810241078688','16:31:00','16:31:00','4025337','6','',''),
('1324810241078688','16:32:00','16:32:00','4025335','7','',''),
('1324810241078688','16:32:00','16:32:00','4025333','8','',''),
('1324810241078688','16:35:00','16:35:00','4025351','9','',''),
('1324810241078688','16:36:00','16:36:00','4025352','10','',''),
('1324810241078688','16:38:00','16:38:00','4025330','11','',''),
('1324810251078688','16:18:00','16:18:00','4025350','1','',''),
('1324810251078688','16:19:00','16:19:00','4025346','2','',''),
('1324810251078688','16:21:00','16:21:00','4025344','3','',''),
('1324810251078688','16:22:00','16:22:00','4025342','4','',''),
('1324810251078688','16:23:00','16:23:00','4025340','5','',''),
('1324810251078688','16:25:00','16:25:00','4025337','6','',''),
('1324810251078688','16:26:00','16:26:00','4025335','7','',''),
('1324810251078688','16:27:00','16:27:00','4025333','8','',''),
('1324810251078688','16:29:00','16:29:00','4025351','9','',''),
('1324810251078688','16:31:00','16:31:00','4025352','10','',''),
('1324810251078688','16:32:00','16:32:00','4025330','11','',''),
('1325538451078688','16:24:00','16:24:00','4025350','1','',''),
('1325538451078688','16:25:00','16:25:00','4025346','2','',''),
('1325538451078688','16:27:00','16:27:00','4025344','3','',''),
('1325538451078688','16:28:00','16:28:00','4025342','4','',''),
('1325538451078688','16:29:00','16:29:00','4025340','5','',''),
('1325538451078688','16:31:00','16:31:00','4025337','6','',''),
('1325538451078688','16:32:00','16:32:00','4025335','7','',''),
('1325538451078688','16:32:00','16:32:00','4025333','8','',''),
('1325538451078688','16:35:00','16:35:00','4025351','9','',''),
('1325538451078688','16:36:00','16:36:00','4025352','10','',''),
('1325538451078688','16:38:00','16:38:00','4025330','11','',''),
('1325538461078688','16:18:00','16:18:00','4025350','1','',''),
('1325538461078688','16:19:00','16:19:00','4025346','2','',''),
('1325538461078688','16:21:00','16:21:00','4025344','3','',''),
('1325538461078688','16:22:00','16:22:00','4025342','4','',''),
('1325538461078688','16:23:00','16:23:00','4025340','5','',''),
('1325538461078688','16:25:00','16:25:00','4025337','6','',''),
('1325538461078688','16:26:00','16:26:00','4025335','7','',''),
('1325538461078688','16:27:00','16:27:00','4025333','8','',''),
('1325538461078688','16:29:00','16:29:00','4025351','9','',''),
('1325538461078688','16:31:00','16:31:00','4025352','10','',''),
('1325538461078688','16:32:00','16:32:00','4025330','11','',''),
('1424810241078688','17:04:00','17:04:00','4025350','1','',''),
('1424810241078688','17:06:00','17:06:00','4025346','2','',''),
('1424810241078688','17:08:00','17:08:00','4025344','3','',''),
('1424810241078688','17:10:00','17:10:00','4025342','4','',''),
('1424810241078688','17:11:00','17:11:00','4025340','5','',''),
('1424810241078688','17:13:00','17:13:00','4025337','6','',''),
('1424810241078688','17:15:00','17:15:00','4025335','7','',''),
('1424810241078688','17:16:00','17:16:00','4025333','8','',''),
('1424810241078688','17:19:00','17:19:00','4025351','9','',''),
('1424810241078688','17:20:00','17:20:00','4025352','10','',''),
('1424810241078688','17:22:00','17:22:00','4025330','11','',''),
('1424810251078688','16:54:00','16:54:00','4025350','1','',''),
('1424810251078688','16:55:00','16:55:00','4025346','2','',''),
('1424810251078688','16:57:00','16:57:00','4025344','3','',''),
('1424810251078688','16:58:00','16:58:00','4025342','4','',''),
('1424810251078688','16:59:00','16:59:00','4025340','5','',''),
('1424810251078688','17:01:00','17:01:00','4025337','6','',''),
('1424810251078688','17:02:00','17:02:00','4025335','7','',''),
('1424810251078688','17:03:00','17:03:00','4025333','8','',''),
('1424810251078688','17:05:00','17:05:00','4025351','9','',''),
('1424810251078688','17:07:00','17:07:00','4025352','10','',''),
('1424810251078688','17:08:00','17:08:00','4025330','11','',''),
('1425538451078688','17:04:00','17:04:00','4025350','1','',''),
('1425538451078688','17:06:00','17:06:00','4025346','2','',''),
('1425538451078688','17:08:00','17:08:00','4025344','3','',''),
('1425538451078688','17:10:00','17:10:00','4025342','4','',''),
('1425538451078688','17:11:00','17:11:00','4025340','5','',''),
('1425538451078688','17:13:00','17:13:00','4025337','6','',''),
('1425538451078688','17:15:00','17:15:00','4025335','7','',''),
('1425538451078688','17:16:00','17:16:00','4025333','8','',''),
('1425538451078688','17:19:00','17:19:00','4025351','9','',''),
('1425538451078688','17:20:00','17:20:00','4025352','10','',''),
('1425538451078688','17:22:00','17:22:00','4025330','11','',''),
('1425538461078688','16:54:00','16:54:00','4025350','1','',''),
('1425538461078688','16:55:00','16:55:00','4025346','2','',''),
('1425538461078688','16:57:00','16:57:00','4025344','3','',''),
('1425538461078688','16:58:00','16:58:00','4025342','4','',''),
('1425538461078688','16:59:00','16:59:00','4025340','5','',''),
('1425538461078688','17:01:00','17:01:00','4025337','6','',''),
('1425538461078688','17:02:00','17:02:00','4025335','7','',''),
('1425538461078688','17:03:00','17:03:00','4025333','8','',''),
('1425538461078688','17:05:00','17:05:00','4025351','9','',''),
('1425538461078688','17:07:00','17:07:00','4025352','10','',''),
('1425538461078688','17:08:00','17:08:00','4025330','11','',''),
('1524810241078688','17:48:00','17:48:00','4025350','1','',''),
('1524810241078688','17:50:00','17:50:00','4025346','2','',''),
('1524810241078688','17:52:00','17:52:00','4025344','3','',''),
('1524810241078688','17:54:00','17:54:00','4025342','4','',''),
('1524810241078688','17:55:00','17:55:00','4025340','5','',''),
('1524810241078688','17:57:00','17:57:00','4025337','6','',''),
('1524810241078688','17:59:00','17:59:00','4025335','7','',''),
('1524810241078688','18:00:00','18:00:00','4025333','8','',''),
('1524810241078688','18:03:00','18:03:00','4025351','9','',''),
('1524810241078688','18:04:00','18:04:00','4025352','10','',''),
('1524810241078688','18:06:00','18:06:00','4025330','11','',''),
('1524810251078688','17:30:00','17:30:00','4025350','1','',''),
('1524810251078688','17:31:00','17:31:00','4025346','2','',''),
('1524810251078688','17:33:00','17:33:00','4025344','3','',''),
('1524810251078688','17:34:00','17:34:00','4025342','4','',''),
('1524810251078688','17:35:00','17:35:00','4025340','5','',''),
('1524810251078688','17:37:00','17:37:00','4025337','6','',''),
('1524810251078688','17:38:00','17:38:00','4025335','7','',''),
('1524810251078688','17:39:00','17:39:00','4025333','8','',''),
('1524810251078688','17:41:00','17:41:00','4025351','9','',''),
('1524810251078688','17:43:00','17:43:00','4025352','10','',''),
('1524810251078688','17:44:00','17:44:00','4025330','11','',''),
('1525538451078688','17:48:00','17:48:00','4025350','1','',''),
('1525538451078688','17:50:00','17:50:00','4025346','2','',''),
('1525538451078688','17:52:00','17:52:00','4025344','3','',''),
('1525538451078688','17:54:00','17:54:00','4025342','4','',''),
('1525538451078688','17:55:00','17:55:00','4025340','5','',''),
('1525538451078688','17:57:00','17:57:00','4025337','6','',''),
('1525538451078688','17:59:00','17:59:00','4025335','7','',''),
('1525538451078688','18:00:00','18:00:00','4025333','8','',''),
('1525538451078688','18:03:00','18:03:00','4025351','9','',''),
('1525538451078688','18:04:00','18:04:00','4025352','10','',''),
('1525538451078688','18:06:00','18:06:00','4025330','11','',''),
('1525538461078688','17:30:00','17:30:00','4025350','1','',''),
('1525538461078688','17:31:00','17:31:00','4025346','2','',''),
('1525538461078688','17:33:00','17:33:00','4025344','3','',''),
('1525538461078688','17:34:00','17:34:00','4025342','4','',''),
('1525538461078688','17:35:00','17:35:00','4025340','5','',''),
('1525538461078688','17:37:00','17:37:00','4025337','6','',''),
('1525538461078688','17:38:00','17:38:00','4025335','7','',''),
('1525538461078688','17:39:00','17:39:00','4025333','8','',''),
('1525538461078688','17:41:00','17:41:00','4025351','9','',''),
('1525538461078688','17:43:00','17:43:00','4025352','10','',''),
('1525538461078688','17:44:00','17:44:00','4025330','11','',''),
('1624810241078688','18:32:00','18:32:00','4025350','1','',''),
('1624810241078688','18:34:00','18:34:00','4025346','2','',''),
('1624810241078688','18:36:00','18:36:00','4025344','3','',''),
('1624810241078688','18:38:00','18:38:00','4025342','4','',''),
('1624810241078688','18:39:00','18:39:00','4025340','5','',''),
('1624810241078688','18:41:00','18:41:00','4025337','6','',''),
('1624810241078688','18:43:00','18:43:00','4025335','7','',''),
('1624810241078688','18:44:00','18:44:00','4025333','8','',''),
('1624810241078688','18:47:00','18:47:00','4025351','9','',''),
('1624810241078688','18:48:00','18:48:00','4025352','10','',''),
('1624810241078688','18:50:00','18:50:00','4025330','11','',''),
('1624810251078688','18:06:00','18:06:00','4025350','1','',''),
('1624810251078688','18:07:00','18:07:00','4025346','2','',''),
('1624810251078688','18:09:00','18:09:00','4025344','3','',''),
('1624810251078688','18:10:00','18:10:00','4025342','4','',''),
('1624810251078688','18:11:00','18:11:00','4025340','5','',''),
('1624810251078688','18:13:00','18:13:00','4025337','6','',''),
('1624810251078688','18:14:00','18:14:00','4025335','7','',''),
('1624810251078688','18:15:00','18:15:00','4025333','8','',''),
('1624810251078688','18:17:00','18:17:00','4025351','9','',''),
('1624810251078688','18:19:00','18:19:00','4025352','10','',''),
('1624810251078688','18:20:00','18:20:00','4025330','11','',''),
('1625538451078688','18:32:00','18:32:00','4025350','1','',''),
('1625538451078688','18:34:00','18:34:00','4025346','2','',''),
('1625538451078688','18:36:00','18:36:00','4025344','3','',''),
('1625538451078688','18:38:00','18:38:00','4025342','4','',''),
('1625538451078688','18:39:00','18:39:00','4025340','5','',''),
('1625538451078688','18:41:00','18:41:00','4025337','6','',''),
('1625538451078688','18:43:00','18:43:00','4025335','7','',''),
('1625538451078688','18:44:00','18:44:00','4025333','8','',''),
('1625538451078688','18:47:00','18:47:00','4025351','9','',''),
('1625538451078688','18:48:00','18:48:00','4025352','10','',''),
('1625538451078688','18:50:00','18:50:00','4025330','11','',''),
('1625538461078688','18:06:00','18:06:00','4025350','1','',''),
('1625538461078688','18:07:00','18:07:00','4025346','2','',''),
('1625538461078688','18:09:00','18:09:00','4025344','3','',''),
('1625538461078688','18:10:00','18:10:00','4025342','4','',''),
('1625538461078688','18:11:00','18:11:00','4025340','5','',''),
('1625538461078688','18:13:00','18:13:00','4025337','6','',''),
('1625538461078688','18:14:00','18:14:00','4025335','7','',''),
('1625538461078688','18:15:00','18:15:00','4025333','8','',''),
('1625538461078688','18:17:00','18:17:00','4025351','9','',''),
('1625538461078688','18:19:00','18:19:00','4025352','10','',''),
('1625538461078688','18:20:00','18:20:00','4025330','11','',''),
('1724810241078688','19:16:00','19:16:00','4025350','1','',''),
('1724810241078688','19:18:00','19:18:00','4025346','2','',''),
('1724810241078688','19:20:00','19:20:00','4025344','3','',''),
('1724810241078688','19:22:00','19:22:00','4025342','4','',''),
('1724810241078688','19:23:00','19:23:00','4025340','5','',''),
('1724810241078688','19:25:00','19:25:00','4025337','6','',''),
('1724810241078688','19:27:00','19:27:00','4025335','7','',''),
('1724810241078688','19:28:00','19:28:00','4025333','8','',''),
('1724810241078688','19:31:00','19:31:00','4025351','9','',''),
('1724810241078688','19:32:00','19:32:00','4025352','10','',''),
('1724810241078688','19:34:00','19:34:00','4025330','11','',''),
('1724810251078688','18:42:00','18:42:00','4025350','1','',''),
('1724810251078688','18:43:00','18:43:00','4025346','2','',''),
('1724810251078688','18:45:00','18:45:00','4025344','3','',''),
('1724810251078688','18:46:00','18:46:00','4025342','4','',''),
('1724810251078688','18:47:00','18:47:00','4025340','5','',''),
('1724810251078688','18:49:00','18:49:00','4025337','6','',''),
('1724810251078688','18:50:00','18:50:00','4025335','7','',''),
('1724810251078688','18:51:00','18:51:00','4025333','8','',''),
('1724810251078688','18:53:00','18:53:00','4025351','9','',''),
('1724810251078688','18:55:00','18:55:00','4025352','10','',''),
('1724810251078688','18:56:00','18:56:00','4025330','11','',''),
('1725538451078688','19:16:00','19:16:00','4025350','1','',''),
('1725538451078688','19:18:00','19:18:00','4025346','2','',''),
('1725538451078688','19:20:00','19:20:00','4025344','3','',''),
('1725538451078688','19:22:00','19:22:00','4025342','4','',''),
('1725538451078688','19:23:00','19:23:00','4025340','5','',''),
('1725538451078688','19:25:00','19:25:00','4025337','6','',''),
('1725538451078688','19:27:00','19:27:00','4025335','7','',''),
('1725538451078688','19:28:00','19:28:00','4025333','8','',''),
('1725538451078688','19:31:00','19:31:00','4025351','9','',''),
('1725538451078688','19:32:00','19:32:00','4025352','10','',''),
('1725538451078688','19:34:00','19:34:00','4025330','11','',''),
('1725538461078688','18:42:00','18:42:00','4025350','1','',''),
('1725538461078688','18:43:00','18:43:00','4025346','2','',''),
('1725538461078688','18:45:00','18:45:00','4025344','3','',''),
('1725538461078688','18:46:00','18:46:00','4025342','4','',''),
('1725538461078688','18:47:00','18:47:00','4025340','5','',''),
('1725538461078688','18:49:00','18:49:00','4025337','6','',''),
('1725538461078688','18:50:00','18:50:00','4025335','7','',''),
('1725538461078688','18:51:00','18:51:00','4025333','8','',''),
('1725538461078688','18:53:00','18:53:00','4025351','9','',''),
('1725538461078688','18:55:00','18:55:00','4025352','10','',''),
('1725538461078688','18:56:00','18:56:00','4025330','11','',''),
('1824810241078688','19:56:00','19:56:00','4025350','1','',''),
('1824810241078688','19:57:00','19:57:00','4025346','2','',''),
('1824810241078688','19:59:00','19:59:00','4025344','3','',''),
('1824810241078688','20:00:00','20:00:00','4025342','4','',''),
('1824810241078688','20:01:00','20:01:00','4025340','5','',''),
('1824810241078688','20:03:00','20:03:00','4025337','6','',''),
('1824810241078688','20:04:00','20:04:00','4025335','7','',''),
('1824810241078688','20:04:00','20:04:00','4025333','8','',''),
('1824810241078688','20:06:00','20:06:00','4025351','9','',''),
('1824810241078688','20:08:00','20:08:00','4025352','10','',''),
('1824810241078688','20:09:00','20:09:00','4025330','11','',''),
('1824810251078688','19:18:00','19:18:00','4025350','1','',''),
('1824810251078688','19:19:00','19:19:00','4025346','2','',''),
('1824810251078688','19:21:00','19:21:00','4025344','3','',''),
('1824810251078688','19:22:00','19:22:00','4025342','4','',''),
('1824810251078688','19:23:00','19:23:00','4025340','5','',''),
('1824810251078688','19:25:00','19:25:00','4025337','6','',''),
('1824810251078688','19:26:00','19:26:00','4025335','7','',''),
('1824810251078688','19:27:00','19:27:00','4025333','8','',''),
('1824810251078688','19:29:00','19:29:00','4025351','9','',''),
('1824810251078688','19:31:00','19:31:00','4025352','10','',''),
('1824810251078688','19:32:00','19:32:00','4025330','11','',''),
('1825538451078688','19:56:00','19:56:00','4025350','1','',''),
('1825538451078688','19:57:00','19:57:00','4025346','2','',''),
('1825538451078688','19:59:00','19:59:00','4025344','3','',''),
('1825538451078688','20:00:00','20:00:00','4025342','4','',''),
('1825538451078688','20:01:00','20:01:00','4025340','5','',''),
('1825538451078688','20:03:00','20:03:00','4025337','6','',''),
('1825538451078688','20:04:00','20:04:00','4025335','7','',''),
('1825538451078688','20:04:00','20:04:00','4025333','8','',''),
('1825538451078688','20:06:00','20:06:00','4025351','9','',''),
('1825538451078688','20:08:00','20:08:00','4025352','10','',''),
('1825538451078688','20:09:00','20:09:00','4025330','11','',''),
('1825538461078688','19:18:00','19:18:00','4025350','1','',''),
('1825538461078688','19:19:00','19:19:00','4025346','2','',''),
('1825538461078688','19:21:00','19:21:00','4025344','3','',''),
('1825538461078688','19:22:00','19:22:00','4025342','4','',''),
('1825538461078688','19:23:00','19:23:00','4025340','5','',''),
('1825538461078688','19:25:00','19:25:00','4025337','6','',''),
('1825538461078688','19:26:00','19:26:00','4025335','7','',''),
('1825538461078688','19:27:00','19:27:00','4025333','8','',''),
('1825538461078688','19:29:00','19:29:00','4025351','9','',''),
('1825538461078688','19:31:00','19:31:00','4025352','10','',''),
('1825538461078688','19:32:00','19:32:00','4025330','11','',''),
('1924810251078688','19:54:00','19:54:00','4025350','1','',''),
('1924810251078688','19:55:00','19:55:00','4025346','2','',''),
('1924810251078688','19:57:00','19:57:00','4025344','3','',''),
('1924810251078688','19:58:00','19:58:00','4025342','4','',''),
('1924810251078688','19:59:00','19:59:00','4025340','5','',''),
('1924810251078688','20:01:00','20:01:00','4025337','6','',''),
('1924810251078688','20:02:00','20:02:00','4025335','7','',''),
('1924810251078688','20:03:00','20:03:00','4025333','8','',''),
('1924810251078688','20:05:00','20:05:00','4025351','9','',''),
('1924810251078688','20:07:00','20:07:00','4025352','10','',''),
('1924810251078688','20:08:00','20:08:00','4025330','11','',''),
('1925538461078688','19:54:00','19:54:00','4025350','1','',''),
('1925538461078688','19:55:00','19:55:00','4025346','2','',''),
('1925538461078688','19:57:00','19:57:00','4025344','3','',''),
('1925538461078688','19:58:00','19:58:00','4025342','4','',''),
('1925538461078688','19:59:00','19:59:00','4025340','5','',''),
('1925538461078688','20:01:00','20:01:00','4025337','6','',''),
('1925538461078688','20:02:00','20:02:00','4025335','7','',''),
('1925538461078688','20:03:00','20:03:00','4025333','8','',''),
('1925538461078688','20:05:00','20:05:00','4025351','9','',''),
('1925538461078688','20:07:00','20:07:00','4025352','10','',''),
('1925538461078688','20:08:00','20:08:00','4025330','11','',''),
('2024810251078688','20:30:00','20:30:00','4025350','1','',''),
('2024810251078688','20:31:00','20:31:00','4025346','2','',''),
('2024810251078688','20:33:00','20:33:00','4025344','3','',''),
('2024810251078688','20:34:00','20:34:00','4025342','4','',''),
('2024810251078688','20:35:00','20:35:00','4025340','5','',''),
('2024810251078688','20:37:00','20:37:00','4025337','6','',''),
('2024810251078688','20:38:00','20:38:00','4025335','7','',''),
('2024810251078688','20:39:00','20:39:00','4025333','8','',''),
('2024810251078688','20:41:00','20:41:00','4025351','9','',''),
('2024810251078688','20:43:00','20:43:00','4025352','10','',''),
('2024810251078688','20:44:00','20:44:00','4025330','11','',''),
('2025538461078688','20:30:00','20:30:00','4025350','1','',''),
('2025538461078688','20:31:00','20:31:00','4025346','2','',''),
('2025538461078688','20:33:00','20:33:00','4025344','3','',''),
('2025538461078688','20:34:00','20:34:00','4025342','4','',''),
('2025538461078688','20:35:00','20:35:00','4025340','5','',''),
('2025538461078688','20:37:00','20:37:00','4025337','6','',''),
('2025538461078688','20:38:00','20:38:00','4025335','7','',''),
('2025538461078688','20:39:00','20:39:00','4025333','8','',''),
('2025538461078688','20:41:00','20:41:00','4025351','9','',''),
('2025538461078688','20:43:00','20:43:00','4025352','10','',''),
('2025538461078688','20:44:00','20:44:00','4025330','11','',''),
('224810241078688','08:15:00','08:15:00','4025350','1','',''),
('224810241078688','08:17:00','08:17:00','4025346','2','',''),
('224810241078688','08:19:00','08:19:00','4025344','3','',''),
('224810241078688','08:21:00','08:21:00','4025342','4','',''),
('224810241078688','08:22:00','08:22:00','4025340','5','',''),
('224810241078688','08:24:00','08:24:00','4025337','6','',''),
('224810241078688','08:25:00','08:25:00','4025335','7','',''),
('224810241078688','08:26:00','08:26:00','4025333','8','',''),
('224810241078688','08:29:00','08:29:00','4025351','9','',''),
('224810241078688','08:31:00','08:31:00','4025352','10','',''),
('224810241078688','08:33:00','08:33:00','4025330','11','',''),
('224810251078688','08:32:00','08:32:00','4025350','1','',''),
('224810251078688','08:33:00','08:33:00','4025346','2','',''),
('224810251078688','08:35:00','08:35:00','4025344','3','',''),
('224810251078688','08:36:00','08:36:00','4025342','4','',''),
('224810251078688','08:37:00','08:37:00','4025340','5','',''),
('224810251078688','08:39:00','08:39:00','4025337','6','',''),
('224810251078688','08:40:00','08:40:00','4025335','7','',''),
('224810251078688','08:41:00','08:41:00','4025333','8','',''),
('224810251078688','08:43:00','08:43:00','4025351','9','',''),
('224810251078688','08:45:00','08:45:00','4025352','10','',''),
('224810251078688','08:46:00','08:46:00','4025330','11','',''),
('225538451078688','08:15:00','08:15:00','4025350','1','',''),
('225538451078688','08:17:00','08:17:00','4025346','2','',''),
('225538451078688','08:19:00','08:19:00','4025344','3','',''),
('225538451078688','08:21:00','08:21:00','4025342','4','',''),
('225538451078688','08:22:00','08:22:00','4025340','5','',''),
('225538451078688','08:24:00','08:24:00','4025337','6','',''),
('225538451078688','08:25:00','08:25:00','4025335','7','',''),
('225538451078688','08:26:00','08:26:00','4025333','8','',''),
('225538451078688','08:29:00','08:29:00','4025351','9','',''),
('225538451078688','08:31:00','08:31:00','4025352','10','',''),
('225538451078688','08:33:00','08:33:00','4025330','11','',''),
('225538461078688','08:32:00','08:32:00','4025350','1','',''),
('225538461078688','08:33:00','08:33:00','4025346','2','',''),
('225538461078688','08:35:00','08:35:00','4025344','3','',''),
('225538461078688','08:36:00','08:36:00','4025342','4','',''),
('225538461078688','08:37:00','08:37:00','4025340','5','',''),
('225538461078688','08:39:00','08:39:00','4025337','6','',''),
('225538461078688','08:40:00','08:40:00','4025335','7','',''),
('225538461078688','08:41:00','08:41:00','4025333','8','',''),
('225538461078688','08:43:00','08:43:00','4025351','9','',''),
('225538461078688','08:45:00','08:45:00','4025352','10','',''),
('225538461078688','08:46:00','08:46:00','4025330','11','',''),
('324810241078688','08:59:00','08:59:00','4025350','1','',''),
('324810241078688','09:01:00','09:01:00','4025346','2','',''),
('324810241078688','09:03:00','09:03:00','4025344','3','',''),
('324810241078688','09:05:00','09:05:00','4025342','4','',''),
('324810241078688','09:06:00','09:06:00','4025340','5','',''),
('324810241078688','09:08:00','09:08:00','4025337','6','',''),
('324810241078688','09:09:00','09:09:00','4025335','7','',''),
('324810241078688','09:10:00','09:10:00','4025333','8','',''),
('324810241078688','09:13:00','09:13:00','4025351','9','',''),
('324810241078688','09:15:00','09:15:00','4025352','10','',''),
('324810241078688','09:17:00','09:17:00','4025330','11','',''),
('324810251078688','09:08:00','09:08:00','4025350','1','',''),
('324810251078688','09:09:00','09:09:00','4025346','2','',''),
('324810251078688','09:11:00','09:11:00','4025344','3','',''),
('324810251078688','09:12:00','09:12:00','4025342','4','',''),
('324810251078688','09:13:00','09:13:00','4025340','5','',''),
('324810251078688','09:15:00','09:15:00','4025337','6','',''),
('324810251078688','09:16:00','09:16:00','4025335','7','',''),
('324810251078688','09:17:00','09:17:00','4025333','8','',''),
('324810251078688','09:19:00','09:19:00','4025351','9','',''),
('324810251078688','09:21:00','09:21:00','4025352','10','',''),
('324810251078688','09:22:00','09:22:00','4025330','11','',''),
('325538451078688','08:59:00','08:59:00','4025350','1','',''),
('325538451078688','09:01:00','09:01:00','4025346','2','',''),
('325538451078688','09:03:00','09:03:00','4025344','3','',''),
('325538451078688','09:05:00','09:05:00','4025342','4','',''),
('325538451078688','09:06:00','09:06:00','4025340','5','',''),
('325538451078688','09:08:00','09:08:00','4025337','6','',''),
('325538451078688','09:09:00','09:09:00','4025335','7','',''),
('325538451078688','09:10:00','09:10:00','4025333','8','',''),
('325538451078688','09:13:00','09:13:00','4025351','9','',''),
('325538451078688','09:15:00','09:15:00','4025352','10','',''),
('325538451078688','09:17:00','09:17:00','4025330','11','',''),
('325538461078688','09:08:00','09:08:00','4025350','1','',''),
('325538461078688','09:09:00','09:09:00','4025346','2','',''),
('325538461078688','09:11:00','09:11:00','4025344','3','',''),
('325538461078688','09:12:00','09:12:00','4025342','4','',''),
('325538461078688','09:13:00','09:13:00','4025340','5','',''),
('325538461078688','09:15:00','09:15:00','4025337','6','',''),
('325538461078688','09:16:00','09:16:00','4025335','7','',''),
('325538461078688','09:17:00','09:17:00','4025333','8','',''),
('325538461078688','09:19:00','09:19:00','4025351','9','',''),
('325538461078688','09:21:00','09:21:00','4025352','10','',''),
('325538461078688','09:22:00','09:22:00','4025330','11','',''),
('424810241078688','09:39:00','09:39:00','4025350','1','',''),
('424810241078688','09:40:00','09:40:00','4025346','2','',''),
('424810241078688','09:42:00','09:42:00','4025344','3','',''),
('424810241078688','09:43:00','09:43:00','4025342','4','',''),
('424810241078688','09:44:00','09:44:00','4025340','5','',''),
('424810241078688','09:46:00','09:46:00','4025337','6','',''),
('424810241078688','09:47:00','09:47:00','4025335','7','',''),
('424810241078688','09:47:00','09:47:00','4025333','8','',''),
('424810241078688','09:49:00','09:49:00','4025351','9','',''),
('424810241078688','09:51:00','09:51:00','4025352','10','',''),
('424810241078688','09:52:00','09:52:00','4025330','11','',''),
('424810251078688','09:44:00','09:44:00','4025350','1','',''),
('424810251078688','09:45:00','09:45:00','4025346','2','',''),
('424810251078688','09:47:00','09:47:00','4025344','3','',''),
('424810251078688','09:48:00','09:48:00','4025342','4','',''),
('424810251078688','09:49:00','09:49:00','4025340','5','',''),
('424810251078688','09:51:00','09:51:00','4025337','6','',''),
('424810251078688','09:52:00','09:52:00','4025335','7','',''),
('424810251078688','09:53:00','09:53:00','4025333','8','',''),
('424810251078688','09:55:00','09:55:00','4025351','9','',''),
('424810251078688','09:57:00','09:57:00','4025352','10','',''),
('424810251078688','09:58:00','09:58:00','4025330','11','',''),
('425538451078688','09:39:00','09:39:00','4025350','1','',''),
('425538451078688','09:40:00','09:40:00','4025346','2','',''),
('425538451078688','09:42:00','09:42:00','4025344','3','',''),
('425538451078688','09:43:00','09:43:00','4025342','4','',''),
('425538451078688','09:44:00','09:44:00','4025340','5','',''),
('425538451078688','09:46:00','09:46:00','4025337','6','',''),
('425538451078688','09:47:00','09:47:00','4025335','7','',''),
('425538451078688','09:47:00','09:47:00','4025333','8','',''),
('425538451078688','09:49:00','09:49:00','4025351','9','',''),
('425538451078688','09:51:00','09:51:00','4025352','10','',''),
('425538451078688','09:52:00','09:52:00','4025330','11','',''),
('425538461078688','09:44:00','09:44:00','4025350','1','',''),
('425538461078688','09:45:00','09:45:00','4025346','2','',''),
('425538461078688','09:47:00','09:47:00','4025344','3','',''),
('425538461078688','09:48:00','09:48:00','4025342','4','',''),
('425538461078688','09:49:00','09:49:00','4025340','5','',''),
('425538461078688','09:51:00','09:51:00','4025337','6','',''),
('425538461078688','09:52:00','09:52:00','4025335','7','',''),
('425538461078688','09:53:00','09:53:00','4025333','8','',''),
('425538461078688','09:55:00','09:55:00','4025351','9','',''),
('425538461078688','09:57:00','09:57:00','4025352','10','',''),
('425538461078688','09:58:00','09:58:00','4025330','11','',''),
('524810241078688','10:15:00','10:15:00','4025350','1','',''),
('524810241078688','10:16:00','10:16:00','4025346','2','',''),
('524810241078688','10:18:00','10:18:00','4025344','3','',''),
('524810241078688','10:19:00','10:19:00','4025342','4','',''),
('524810241078688','10:20:00','10:20:00','4025340','5','',''),
('524810241078688','10:22:00','10:22:00','4025337','6','',''),
('524810241078688','10:23:00','10:23:00','4025335','7','',''),
('524810241078688','10:23:00','10:23:00','4025333','8','',''),
('524810241078688','10:25:00','10:25:00','4025351','9','',''),
('524810241078688','10:27:00','10:27:00','4025352','10','',''),
('524810241078688','10:28:00','10:28:00','4025330','11','',''),
('524810251078688','10:20:00','10:20:00','4025350','1','',''),
('524810251078688','10:21:00','10:21:00','4025346','2','',''),
('524810251078688','10:23:00','10:23:00','4025344','3','',''),
('524810251078688','10:24:00','10:24:00','4025342','4','',''),
('524810251078688','10:25:00','10:25:00','4025340','5','',''),
('524810251078688','10:27:00','10:27:00','4025337','6','',''),
('524810251078688','10:28:00','10:28:00','4025335','7','',''),
('524810251078688','10:29:00','10:29:00','4025333','8','',''),
('524810251078688','10:31:00','10:31:00','4025351','9','',''),
('524810251078688','10:33:00','10:33:00','4025352','10','',''),
('524810251078688','10:34:00','10:34:00','4025330','11','',''),
('525538451078688','10:15:00','10:15:00','4025350','1','',''),
('525538451078688','10:16:00','10:16:00','4025346','2','',''),
('525538451078688','10:18:00','10:18:00','4025344','3','',''),
('525538451078688','10:19:00','10:19:00','4025342','4','',''),
('525538451078688','10:20:00','10:20:00','4025340','5','',''),
('525538451078688','10:22:00','10:22:00','4025337','6','',''),
('525538451078688','10:23:00','10:23:00','4025335','7','',''),
('525538451078688','10:23:00','10:23:00','4025333','8','',''),
('525538451078688','10:25:00','10:25:00','4025351','9','',''),
('525538451078688','10:27:00','10:27:00','4025352','10','',''),
('525538451078688','10:28:00','10:28:00','4025330','11','',''),
('525538461078688','10:20:00','10:20:00','4025350','1','',''),
('525538461078688','10:21:00','10:21:00','4025346','2','',''),
('525538461078688','10:23:00','10:23:00','4025344','3','',''),
('525538461078688','10:24:00','10:24:00','4025342','4','',''),
('525538461078688','10:25:00','10:25:00','4025340','5','',''),
('525538461078688','10:27:00','10:27:00','4025337','6','',''),
('525538461078688','10:28:00','10:28:00','4025335','7','',''),
('525538461078688','10:29:00','10:29:00','4025333','8','',''),
('525538461078688','10:31:00','10:31:00','4025351','9','',''),
('525538461078688','10:33:00','10:33:00','4025352','10','',''),
('525538461078688','10:34:00','10:34:00','4025330','11','',''),
('624810241078688','10:51:00','10:51:00','4025350','1','',''),
('624810241078688','10:52:00','10:52:00','4025346','2','',''),
('624810241078688','10:54:00','10:54:00','4025344','3','',''),
('624810241078688','10:55:00','10:55:00','4025342','4','',''),
('624810241078688','10:56:00','10:56:00','4025340','5','',''),
('624810241078688','10:58:00','10:58:00','4025337','6','',''),
('624810241078688','10:59:00','10:59:00','4025335','7','',''),
('624810241078688','10:59:00','10:59:00','4025333','8','',''),
('624810241078688','11:01:00','11:01:00','4025351','9','',''),
('624810241078688','11:03:00','11:03:00','4025352','10','',''),
('624810241078688','11:04:00','11:04:00','4025330','11','',''),
('624810251078688','10:56:00','10:56:00','4025350','1','',''),
('624810251078688','10:57:00','10:57:00','4025346','2','',''),
('624810251078688','10:59:00','10:59:00','4025344','3','',''),
('624810251078688','11:00:00','11:00:00','4025342','4','',''),
('624810251078688','11:01:00','11:01:00','4025340','5','',''),
('624810251078688','11:03:00','11:03:00','4025337','6','',''),
('624810251078688','11:04:00','11:04:00','4025335','7','',''),
('624810251078688','11:05:00','11:05:00','4025333','8','',''),
('624810251078688','11:07:00','11:07:00','4025351','9','',''),
('624810251078688','11:09:00','11:09:00','4025352','10','',''),
('624810251078688','11:10:00','11:10:00','4025330','11','',''),
('625538451078688','10:51:00','10:51:00','4025350','1','',''),
('625538451078688','10:52:00','10:52:00','4025346','2','',''),
('625538451078688','10:54:00','10:54:00','4025344','3','',''),
('625538451078688','10:55:00','10:55:00','4025342','4','',''),
('625538451078688','10:56:00','10:56:00','4025340','5','',''),
('625538451078688','10:58:00','10:58:00','4025337','6','',''),
('625538451078688','10:59:00','10:59:00','4025335','7','',''),
('625538451078688','10:59:00','10:59:00','4025333','8','',''),
('625538451078688','11:01:00','11:01:00','4025351','9','',''),
('625538451078688','11:03:00','11:03:00','4025352','10','',''),
('625538451078688','11:04:00','11:04:00','4025330','11','',''),
('625538461078688','10:56:00','10:56:00','4025350','1','',''),
('625538461078688','10:57:00','10:57:00','4025346','2','',''),
('625538461078688','10:59:00','10:59:00','4025344','3','',''),
('625538461078688','11:00:00','11:00:00','4025342','4','',''),
('625538461078688','11:01:00','11:01:00','4025340','5','',''),
('625538461078688','11:03:00','11:03:00','4025337','6','',''),
('625538461078688','11:04:00','11:04:00','4025335','7','',''),
('625538461078688','11:05:00','11:05:00','4025333','8','',''),
('625538461078688','11:07:00','11:07:00','4025351','9','',''),
('625538461078688','11:09:00','11:09:00','4025352','10','',''),
('625538461078688','11:10:00','11:10:00','4025330','11','',''),
('724810241078688','11:27:00','11:27:00','4025350','1','',''),
('724810241078688','11:28:00','11:28:00','4025346','2','',''),
('724810241078688','11:30:00','11:30:00','4025344','3','',''),
('724810241078688','11:31:00','11:31:00','4025342','4','',''),
('724810241078688','11:32:00','11:32:00','4025340','5','',''),
('724810241078688','11:34:00','11:34:00','4025337','6','',''),
('724810241078688','11:35:00','11:35:00','4025335','7','',''),
('724810241078688','11:35:00','11:35:00','4025333','8','',''),
('724810241078688','11:37:00','11:37:00','4025351','9','',''),
('724810241078688','11:39:00','11:39:00','4025352','10','',''),
('724810241078688','11:40:00','11:40:00','4025330','11','',''),
('724810251078688','11:32:00','11:32:00','4025350','1','',''),
('724810251078688','11:33:00','11:33:00','4025346','2','',''),
('724810251078688','11:35:00','11:35:00','4025344','3','',''),
('724810251078688','11:36:00','11:36:00','4025342','4','',''),
('724810251078688','11:37:00','11:37:00','4025340','5','',''),
('724810251078688','11:39:00','11:39:00','4025337','6','',''),
('724810251078688','11:40:00','11:40:00','4025335','7','',''),
('724810251078688','11:41:00','11:41:00','4025333','8','',''),
('724810251078688','11:43:00','11:43:00','4025351','9','',''),
('724810251078688','11:45:00','11:45:00','4025352','10','',''),
('724810251078688','11:46:00','11:46:00','4025330','11','',''),
('725538451078688','11:27:00','11:27:00','4025350','1','',''),
('725538451078688','11:28:00','11:28:00','4025346','2','',''),
('725538451078688','11:30:00','11:30:00','4025344','3','',''),
('725538451078688','11:31:00','11:31:00','4025342','4','',''),
('725538451078688','11:32:00','11:32:00','4025340','5','',''),
('725538451078688','11:34:00','11:34:00','4025337','6','',''),
('725538451078688','11:35:00','11:35:00','4025335','7','',''),
('725538451078688','11:35:00','11:35:00','4025333','8','',''),
('725538451078688','11:37:00','11:37:00','4025351','9','',''),
('725538451078688','11:39:00','11:39:00','4025352','10','',''),
('725538451078688','11:40:00','11:40:00','4025330','11','',''),
('725538461078688','11:32:00','11:32:00','4025350','1','',''),
('725538461078688','11:33:00','11:33:00','4025346','2','',''),
('725538461078688','11:35:00','11:35:00','4025344','3','',''),
('725538461078688','11:36:00','11:36:00','4025342','4','',''),
('725538461078688','11:37:00','11:37:00','4025340','5','',''),
('725538461078688','11:39:00','11:39:00','4025337','6','',''),
('725538461078688','11:40:00','11:40:00','4025335','7','',''),
('725538461078688','11:41:00','11:41:00','4025333','8','',''),
('725538461078688','11:43:00','11:43:00','4025351','9','',''),
('725538461078688','11:45:00','11:45:00','4025352','10','',''),
('725538461078688','11:46:00','11:46:00','4025330','11','',''),
('824810241078688','12:03:00','12:03:00','4025350','1','',''),
('824810241078688','12:04:00','12:04:00','4025346','2','',''),
('824810241078688','12:06:00','12:06:00','4025344','3','',''),
('824810241078688','12:07:00','12:07:00','4025342','4','',''),
('824810241078688','12:08:00','12:08:00','4025340','5','',''),
('824810241078688','12:10:00','12:10:00','4025337','6','',''),
('824810241078688','12:11:00','12:11:00','4025335','7','',''),
('824810241078688','12:11:00','12:11:00','4025333','8','',''),
('824810241078688','12:13:00','12:13:00','4025351','9','',''),
('824810241078688','12:15:00','12:15:00','4025352','10','',''),
('824810241078688','12:16:00','12:16:00','4025330','11','',''),
('824810251078688','12:08:00','12:08:00','4025350','1','',''),
('824810251078688','12:09:00','12:09:00','4025346','2','',''),
('824810251078688','12:11:00','12:11:00','4025344','3','',''),
('824810251078688','12:12:00','12:12:00','4025342','4','',''),
('824810251078688','12:13:00','12:13:00','4025340','5','',''),
('824810251078688','12:15:00','12:15:00','4025337','6','',''),
('824810251078688','12:16:00','12:16:00','4025335','7','',''),
('824810251078688','12:17:00','12:17:00','4025333','8','',''),
('824810251078688','12:19:00','12:19:00','4025351','9','',''),
('824810251078688','12:21:00','12:21:00','4025352','10','',''),
('824810251078688','12:22:00','12:22:00','4025330','11','',''),
('825538451078688','12:03:00','12:03:00','4025350','1','',''),
('825538451078688','12:04:00','12:04:00','4025346','2','',''),
('825538451078688','12:06:00','12:06:00','4025344','3','',''),
('825538451078688','12:07:00','12:07:00','4025342','4','',''),
('825538451078688','12:08:00','12:08:00','4025340','5','',''),
('825538451078688','12:10:00','12:10:00','4025337','6','',''),
('825538451078688','12:11:00','12:11:00','4025335','7','',''),
('825538451078688','12:11:00','12:11:00','4025333','8','',''),
('825538451078688','12:13:00','12:13:00','4025351','9','',''),
('825538451078688','12:15:00','12:15:00','4025352','10','',''),
('825538451078688','12:16:00','12:16:00','4025330','11','',''),
('825538461078688','12:08:00','12:08:00','4025350','1','',''),
('825538461078688','12:09:00','12:09:00','4025346','2','',''),
('825538461078688','12:11:00','12:11:00','4025344','3','',''),
('825538461078688','12:12:00','12:12:00','4025342','4','',''),
('825538461078688','12:13:00','12:13:00','4025340','5','',''),
('825538461078688','12:15:00','12:15:00','4025337','6','',''),
('825538461078688','12:16:00','12:16:00','4025335','7','',''),
('825538461078688','12:17:00','12:17:00','4025333','8','',''),
('825538461078688','12:19:00','12:19:00','4025351','9','',''),
('825538461078688','12:21:00','12:21:00','4025352','10','',''),
('825538461078688','12:22:00','12:22:00','4025330','11','',''),
('924810241078688','12:39:00','12:39:00','4025350','1','',''),
('924810241078688','12:40:00','12:40:00','4025346','2','',''),
('924810241078688','12:42:00','12:42:00','4025344','3','',''),
('924810241078688','12:43:00','12:43:00','4025342','4','',''),
('924810241078688','12:44:00','12:44:00','4025340','5','',''),
('924810241078688','12:46:00','12:46:00','4025337','6','',''),
('924810241078688','12:47:00','12:47:00','4025335','7','',''),
('924810241078688','12:47:00','12:47:00','4025333','8','',''),
('924810241078688','12:49:00','12:49:00','4025351','9','',''),
('924810241078688','12:51:00','12:51:00','4025352','10','',''),
('924810241078688','12:52:00','12:52:00','4025330','11','',''),
('924810251078688','12:44:00','12:44:00','4025350','1','',''),
('924810251078688','12:45:00','12:45:00','4025346','2','',''),
('924810251078688','12:47:00','12:47:00','4025344','3','',''),
('924810251078688','12:48:00','12:48:00','4025342','4','',''),
('924810251078688','12:49:00','12:49:00','4025340','5','',''),
('924810251078688','12:51:00','12:51:00','4025337','6','',''),
('924810251078688','12:52:00','12:52:00','4025335','7','',''),
('924810251078688','12:53:00','12:53:00','4025333','8','',''),
('924810251078688','12:55:00','12:55:00','4025351','9','',''),
('924810251078688','12:57:00','12:57:00','4025352','10','',''),
('924810251078688','12:58:00','12:58:00','4025330','11','',''),
('925538451078688','12:39:00','12:39:00','4025350','1','',''),
('925538451078688','12:40:00','12:40:00','4025346','2','',''),
('925538451078688','12:42:00','12:42:00','4025344','3','',''),
('925538451078688','12:43:00','12:43:00','4025342','4','',''),
('925538451078688','12:44:00','12:44:00','4025340','5','',''),
('925538451078688','12:46:00','12:46:00','4025337','6','',''),
('925538451078688','12:47:00','12:47:00','4025335','7','',''),
('925538451078688','12:47:00','12:47:00','4025333','8','',''),
('925538451078688','12:49:00','12:49:00','4025351','9','',''),
('925538451078688','12:51:00','12:51:00','4025352','10','',''),
('925538451078688','12:52:00','12:52:00','4025330','11','',''),
('925538461078688','12:44:00','12:44:00','4025350','1','',''),
('925538461078688','12:45:00','12:45:00','4025346','2','',''),
('925538461078688','12:47:00','12:47:00','4025344','3','',''),
('925538461078688','12:48:00','12:48:00','4025342','4','',''),
('925538461078688','12:49:00','12:49:00','4025340','5','',''),
('925538461078688','12:51:00','12:51:00','4025337','6','',''),
('925538461078688','12:52:00','12:52:00','4025335','7','',''),
('925538461078688','12:53:00','12:53:00','4025333','8','',''),
('925538461078688','12:55:00','12:55:00','4025351','9','',''),
('925538461078688','12:57:00','12:57:00','4025352','10','',''),
('925538461078688','12:58:00','12:58:00','4025330','11','','');
INSERT INTO calendar (service_id,monday,tuesday,wednesday,thursday,friday,saturday,sunday,start_date,end_date) VALUES
('2553846','0','0','0','0','0','0','0','20180106','20180127'),
('2553845','0','0','0','0','0','0','0','20180102','20180131'),
('2481025','0','0','0','0','0','0','0','20171223','20171230'),
('2481024','0','0','0','0','0','0','0','20171221','20171229');
INSERT INTO calendar_dates (service_id,date,exception_type) VALUES
('2553846','20180106','1'),
('2553846','20180113','1'),
('2553846','20180120','1'),
('2553846','20180127','1'),
('2553845','20180102','1'),
('2553845','20180103','1'),
('2553845','20180104','1'),
('2553845','20180105','1'),
('2553845','20180108','1'),
('2553845','20180109','1'),
('2553845','20180110','1'),
('2553845','20180111','1'),
('2553845','20180112','1'),
('2553845','20180115','1'),
('2553845','20180116','1'),
('2553845','20180117','1'),
('2553845','20180118','1'),
('2553845','20180119','1'),
('2553845','20180122','1'),
('2553845','20180123','1'),
('2553845','20180124','1'),
('2553845','20180125','1'),
('2553845','20180126','1'),
('2553845','20180129','1'),
('2553845','20180130','1'),
('2553845','20180131','1'),
('2481025','20171223','1'),
('2481025','20171230','1'),
('2481024','20171221','1'),
('2481024','20171222','1'),
('2481024','20171226','1'),
('2481024','20171227','1'),
('2481024','20171228','1'),
('2481024','20171229','1');
INSERT INTO routes (route_id,agency_id,route_short_name,route_long_name,route_desc,route_type,route_url,route_color,route_text_color) VALUES
('1788108','100','565','(MAIRIE DE RUEIL <-> EGLISE DE BUZENVAL) - Aller','','3','','FFFFFF','000000'),
('1788109','100','565','(MAIRIE DE RUEIL <-> EGLISE DE BUZENVAL) - Retour','','3','','FFFFFF','000000');
INSERT INTO agency (agency_id,agency_name,agency_url,agency_timezone,agency_lang,agency_phone) VALUES
('100','RATP (100)','http://www.ratp.fr/','CET','','');
INSERT INTO trips (route_id,service_id,trip_id,trip_headsign,trip_short_name,direction_id,shape_id) VALUES
('1788108','2481024','1024810240941217','','10','0',''),
('1788108','2481025','1024810250941217','','10','0',''),
('1788108','2553845','1025538450941217','','10','0',''),
('1788108','2553846','1025538460941217','','10','0',''),
('1788108','2481024','1124810240941217','','11','0',''),
('1788108','2481025','1124810250941217','','11','0',''),
('1788108','2553845','1125538450941217','','11','0',''),
('1788108','2553846','1125538460941217','','11','0',''),
('1788108','2481024','1224810240941217','','12','0',''),
('1788108','2481025','1224810250941217','','12','0',''),
('1788108','2553845','1225538450941217','','12','0',''),
('1788108','2553846','1225538460941217','','12','0',''),
('1788108','2481024','124810240941217','','1','0',''),
('1788108','2481025','124810250941217','','1','0',''),
('1788108','2553845','125538450941217','','1','0',''),
('1788108','2553846','125538460941217','','1','0',''),
('1788108','2481024','1324810240941217','','13','0',''),
('1788108','2481025','1324810250941217','','13','0',''),
('1788108','2553845','1325538450941217','','13','0',''),
('1788108','2553846','1325538460941217','','13','0',''),
('1788108','2481024','1424810240941217','','14','0',''),
('1788108','2481025','1424810250941217','','14','0',''),
('1788108','2553845','1425538450941217','','14','0',''),
('1788108','2553846','1425538460941217','','14','0',''),
('1788108','2481024','1524810240941217','','15','0',''),
('1788108','2481025','1524810250941217','','15','0',''),
('1788108','2553845','1525538450941217','','15','0',''),
('1788108','2553846','1525538460941217','','15','0',''),
('1788108','2481024','1624810240941217','','16','0',''),
('1788108','2481025','1624810250941217','','16','0',''),
('1788108','2553845','1625538450941217','','16','0',''),
('1788108','2553846','1625538460941217','','16','0',''),
('1788108','2481024','1724810240941217','','17','0',''),
('1788108','2481025','1724810250941217','','17','0',''),
('1788108','2553845','1725538450941217','','17','0',''),
('1788108','2553846','1725538460941217','','17','0',''),
('1788108','2481024','1824810240941217','','18','0',''),
('1788108','2481025','1824810250941217','','18','0',''),
('1788108','2553845','1825538450941217','','18','0',''),
('1788108','2553846','1825538460941217','','18','0',''),
('1788108','2481025','1924810250941217','','19','0',''),
('1788108','2553846','1925538460941217','','19','0',''),
('1788108','2481025','2024810250941217','','20','0',''),
('1788108','2553846','2025538460941217','','20','0',''),
('1788108','2481024','224810240941217','','2','0',''),
('1788108','2481025','224810250941217','','2','0',''),
('1788108','2553845','225538450941217','','2','0',''),
('1788108','2553846','225538460941217','','2','0',''),
('1788108','2481024','324810240941217','','3','0',''),
('1788108','2481025','324810250941217','','3','0',''),
('1788108','2553845','325538450941217','','3','0',''),
('1788108','2553846','325538460941217','','3','0',''),
('1788108','2481024','424810240941217','','4','0',''),
('1788108','2481025','424810250941217','','4','0',''),
('1788108','2553845','425538450941217','','4','0',''),
('1788108','2553846','425538460941217','','4','0',''),
('1788108','2481024','524810240941217','','5','0',''),
('1788108','2481025','524810250941217','','5','0',''),
('1788108','2553845','525538450941217','','5','0',''),
('1788108','2553846','525538460941217','','5','0',''),
('1788108','2481024','624810240941217','','6','0',''),
('1788108','2481025','624810250941217','','6','0',''),
('1788108','2553845','625538450941217','','6','0',''),
('1788108','2553846','625538460941217','','6','0',''),
('1788108','2481024','724810240941217','','7','0',''),
('1788108','2481025','724810250941217','','7','0',''),
('1788108','2553845','725538450941217','','7','0',''),
('1788108','2553846','725538460941217','','7','0',''),
('1788108','2481024','824810240941217','','8','0',''),
('1788108','2481025','824810250941217','','8','0',''),
('1788108','2553845','825538450941217','','8','0',''),
('1788108','2553846','825538460941217','','8','0',''),
('1788108','2481024','924810240941217','','9','0',''),
('1788108','2481025','924810250941217','','9','0',''),
('1788108','2553845','925538450941217','','9','0',''),
('1788108','2553846','925538460941217','','9','0',''),
('1788109','2481024','1024810241078688','','10','1',''),
('1788109','2481025','1024810251078688','','10','1',''),
('1788109','2553845','1025538451078688','','10','1',''),
('1788109','2553846','1025538461078688','','10','1',''),
('1788109','2481024','1124810241078688','','11','1',''),
('1788109','2481025','1124810251078688','','11','1',''),
('1788109','2553845','1125538451078688','','11','1',''),
('1788109','2553846','1125538461078688','','11','1',''),
('1788109','2481024','1224810241078688','','12','1',''),
('1788109','2481025','1224810251078688','','12','1',''),
('1788109','2553845','1225538451078688','','12','1',''),
('1788109','2553846','1225538461078688','','12','1',''),
('1788109','2481024','124810241078688','','1','1',''),
('1788109','2481025','124810251078688','','1','1',''),
('1788109','2553845','125538451078688','','1','1',''),
('1788109','2553846','125538461078688','','1','1',''),
('1788109','2481024','1324810241078688','','13','1',''),
('1788109','2481025','1324810251078688','','13','1',''),
('1788109','2553845','1325538451078688','','13','1',''),
('1788109','2553846','1325538461078688','','13','1',''),
('1788109','2481024','1424810241078688','','14','1',''),
('1788109','2481025','1424810251078688','','14','1',''),
('1788109','2553845','1425538451078688','','14','1',''),
('1788109','2553846','1425538461078688','','14','1',''),
('1788109','2481024','1524810241078688','','15','1',''),
('1788109','2481025','1524810251078688','','15','1',''),
('1788109','2553845','1525538451078688','','15','1',''),
('1788109','2553846','1525538461078688','','15','1',''),
('1788109','2481024','1624810241078688','','16','1',''),
('1788109','2481025','1624810251078688','','16','1',''),
('1788109','2553845','1625538451078688','','16','1',''),
('1788109','2553846','1625538461078688','','16','1',''),
('1788109','2481024','1724810241078688','','17','1',''),
('1788109','2481025','1724810251078688','','17','1',''),
('1788109','2553845','1725538451078688','','17','1',''),
('1788109','2553846','1725538461078688','','17','1',''),
('1788109','2481024','1824810241078688','','18','1',''),
('1788109','2481025','1824810251078688','','18','1',''),
('1788109','2553845','1825538451078688','','18','1',''),
('1788109','2553846','1825538461078688','','18','1',''),
('1788109','2481025','1924810251078688','','19','1',''),
('1788109','2553846','1925538461078688','','19','1',''),
('1788109','2481025','2024810251078688','','20','1',''),
('1788109','2553846','2025538461078688','','20','1',''),
('1788109','2481024','224810241078688','','2','1',''),
('1788109','2481025','224810251078688','','2','1',''),
('1788109','2553845','225538451078688','','2','1',''),
('1788109','2553846','225538461078688','','2','1',''),
('1788109','2481024','324810241078688','','3','1',''),
('1788109','2481025','324810251078688','','3','1',''),
('1788109','2553845','325538451078688','','3','1',''),
('1788109','2553846','325538461078688','','3','1',''),
('1788109','2481024','424810241078688','','4','1',''),
('1788109','2481025','424810251078688','','4','1',''),
('1788109','2553845','425538451078688','','4','1',''),
('1788109','2553846','425538461078688','','4','1',''),
('1788109','2481024','524810241078688','','5','1',''),
('1788109','2481025','524810251078688','','5','1',''),
('1788109','2553845','525538451078688','','5','1',''),
('1788109','2553846','525538461078688','','5','1',''),
('1788109','2481024','624810241078688','','6','1',''),
('1788109','2481025','624810251078688','','6','1',''),
('1788109','2553845','625538451078688','','6','1',''),
('1788109','2553846','625538461078688','','6','1',''),
('1788109','2481024','724810241078688','','7','1',''),
('1788109','2481025','724810251078688','','7','1',''),
('1788109','2553845','725538451078688','','7','1',''),
('1788109','2553846','725538461078688','','7','1',''),
('1788109','2481024','824810241078688','','8','1',''),
('1788109','2481025','824810251078688','','8','1',''),
('1788109','2553845','825538451078688','','8','1',''),
('1788109','2553846','825538461078688','','8','1',''),
('1788109','2481024','924810241078688','','9','1',''),
('1788109','2481025','924810251078688','','9','1',''),
('1788109','2553845','925538451078688','','9','1',''),
('1788109','2553846','925538461078688','','9','1','');
INSERT INTO transfers (from_stop_id,to_stop_id,transfer_type,min_transfer_time) VALUES
('4025034','4025332','2','90'),
('4025031','4025336','2','36'),
('4025031','4025337','2','55'),
('4025344','4024059','2','102'),
('4025344','4024058','2','132'),
('4025012','4025350','2','9'),
('4025015','4025348','2','26'),
('4025063','4025352','2','141'),
('4025334','4024231','2','95'),
('4025343','4024150','2','43'),
('4025343','4024564','2','143'),
('6217367','4025332','2','90'),
('4025067','4025337','2','55'),
('4025067','4025336','2','36'),
('4025013','4025350','2','97'),
('4025012','4025349','2','9'),
('5251788','4025351','2','79'),
('4025347','4024010','2','39'),
('4025330','4024283','2','141'),
('4025033','4025335','2','95'),
('4025347','4024156','2','27'),
('4025347','4024157','2','39'),
('4025336','4024279','2','32'),
('4025316','4025331','2','48'),
('4025078','4025347','2','11'),
('6217366','4025332','2','53'),
('4025341','4024062','2','83'),
('4025329','4024283','2','141'),
('6217366','4025333','2','102'),
('4025341','4024063','2','95'),
('4025337','4024230','2','65'),
('4025066','4025335','2','95'),
('6217366','4025335','2','120'),
('5251787','4025351','2','62'),
('4025342','4024005','2','111'),
('4025342','4024006','2','122'),
('4025013','4025349','2','97'),
('6217368','4025335','2','95'),
('4025335','4024232','2','95'),
('6217364','4025351','2','47'),
('4025038','4025352','2','141'),
('4025342','4024152','2','111'),
('4025342','4024153','2','122'),
('4025343','4024149','2','143'),
('4025037','4025329','2','141'),
('4025332','4024233','2','90'),
('4025344','4024564','2','102'),
('4025344','4024565','2','132'),
('6217369','4025334','2','95'),
('4025343','4024003','2','43'),
('4025343','4024002','2','143'),
('4025332','4024281','2','90'),
('5761364','4025351','2','62'),
('4025336','4024229','2','32'),
('4025077','4025349','2','9'),
('4025350','4532997','2','97'),
('4025347','4024067','2','39'),
('4025317','4025333','2','130'),
('4025347','4024066','2','27'),
('4025037','4025330','2','141'),
('4025333','4024234','2','90'),
('4025317','4025332','2','63'),
('4025344','4024151','2','43'),
('4025348','4532999','2','117'),
('4025348','4532998','2','117'),
('4025350','4532996','2','9'),
('4025342','4024063','2','122'),
('4025342','4024062','2','111'),
('4025334','4024280','2','95'),
('4025344','4024613','2','132'),
('4025352','4024237','2','141'),
('4025352','4024236','2','0'),
('4025344','4024001','2','132'),
('4025032','4025334','2','95'),
('4025341','4024152','2','83'),
('4025349','4532997','2','97'),
('4025349','4532996','2','9'),
('5761365','4025351','2','79'),
('4025341','4024153','2','95'),
('4025344','4024002','2','102'),
('4025336','4024230','2','67'),
('4025344','4024004','2','43'),
('4025035','4025333','2','90'),
('4025344','4024148','2','132'),
('4025329','4024236','2','141'),
('4025344','4024149','2','102'),
('4025347','4532999','2','54'),
('4025347','4532998','2','54'),
('4025341','4024006','2','95'),
('4025341','4024005','2','83'),
('4025037','4025352','2','0'),
('4025343','4024060','2','43'),
('4025347','4024009','2','27'),
('4025076','4025348','2','26'),
('4025030','4025336','2','32'),
('6217371','4025336','2','32'),
('6217365','4025351','2','62'),
('4025344','4024061','2','43'),
('4025077','4025350','2','9'),
('4025330','4024236','2','141'),
('4025065','4025333','2','90'),
('4025352','4024283','2','0'),
('4025343','4024059','2','143'),
('6217370','4025337','2','65'),
('6217370','4025336','2','67');
INSERT INTO stops (stop_id,stop_code,stop_name,stop_desc,stop_lat,stop_lon,location_type,parent_station) VALUES
('4025330','','MAIRIE DE RUEIL','8 BOULEVARD DU MARECHAL FOCH - 92063','48.87818488190759','2.1801903124346387','0',''),
('4025340','','PRIMEVERES','37 R DU GENERAL CARREY DE BELLEMARE - 92063','48.865360326450805','2.18746266554247','0',''),
('4025329','','MAIRIE DE RUEIL','8 BOULEVARD DU MARECHAL FOCH - 92063','48.87818488190759','2.1801903124346387','0',''),
('4025341','','19 JANVIER','78 R DU GENERAL CARREY DE BELLEMARE - 92063','48.863431808013424','2.190492302113868','0',''),
('4025351','','HOPITAL STELL','FACE 32 RUE DE LA LIBERATION - 92063','48.876609766047764','2.185318228544712','0',''),
('4025333','','PLACE RICHELIEU','FACE 42 BOULEVARD SOLFERINO - 92063','48.873757875445776','2.183051272187696','0',''),
('4025342','','19 JANVIER','FACE 74 R DU GENERAL CARREY DE BELLEMARE - 92063','48.863701378650006','2.190450673230167','0',''),
('4025352','','MAIRIE DE RUEIL.','27 RUE MAUREPAS - 92063','48.877927016390224','2.1823030818566864','0',''),
('4025334','','ZURICH','FACE 27-29 BOULEVARD DE RICHELIEU - 92063','48.870873954422954','2.183836410018613','0',''),
('4025343','','FOUILLEUSE','54 AV DE FOUILLEUSE - 92063','48.86236706288304','2.194404725521763','0',''),
('4025344','','FOUILLEUSE','FACE 58 AVENUE DE FOUILLEUSE - 92063','48.86256548606598','2.1949899115932214','0',''),
('4025331','','EGLISE DE RUEIL','26 RUE HERVET - 92063','48.876279725607716','2.1803050865812237','0',''),
('4025350','','EGLISE DE BUZENVAL','153 BIS R DU LIEUTENANT COLONEL DE MONTBRISON - 92063','48.85697321518505','2.193248242798469','0',''),
('4025332','','PLACE RICHELIEU','FACE 1 PLACE RICHELIEU - 92063','48.873226156400705','2.181922020584739','0',''),
('4025345','','DUMOURIEZ','134 R DU LIEUTENANT COLONEL DE MONTBRISON - 92063','48.859931905749995','2.19476557901378','0',''),
('4025338','','FOND LOUVET','30 AV DE BUZENVAL - 92063','48.86613852478309','2.1845451745589246','0',''),
('4025347','','HENRI REGNAULT','AV DU MARECHAL LECLERC DE HAUTECLOQUE - 92063','48.85899141863995','2.1900008999297196','0',''),
('4025337','','PLACE BESCHE','77 BOULEVARD DE RICHELIEU - 92063','48.86922348937091','2.1863480066905185','0',''),
('4025346','','DUMOURIEZ','FACE 130 R DU LIEUTENANT COLONEL DE MONTBRISON - 92063','48.859419591611264','2.1947397448568964','0',''),
('4025336','','PLACE BESCHE','PLACE LOUIS FRANCOIS BESCHE - 92063','48.8689356014074','2.186117247325879','0',''),
('4025349','','EGLISE DE BUZENVAL','153 BIS R DU LIEUTENANT COLONEL DE MONTBRISON - 92063','48.85697321518505','2.193248242798469','0',''),
('4025335','','ZURICH','17 BOULEVARD DE RICHELIEU - 92063','48.871790097666214','2.183397727465957','0',''),
('4025348','','PLACE DE BUZENVAL','FACE 353 RTE DE L''EMPEREUR - 92063','48.85739179511866','2.1901144042898584','0',''),
('4025339','','PRIMEVERES','FACE 2 R PAUL BOURGET - 92063','48.864829952607025','2.187368841576411','0','');
