INSERT INTO stop_times (trip_id,arrival_time,departure_time,stop_id,stop_sequence,stop_headsign,shape_dist_traveled) VALUES
('1025395070918024','16:45:00','16:45:00','3926256','1','',''),
('1025395070918024','16:45:00','16:45:00','3926258','2','',''),
('1025395070918024','16:46:00','16:46:00','3926259','3','',''),
('1025395070918024','16:48:00','16:48:00','3926261','4','',''),
('1025395070918024','16:49:00','16:49:00','3926263','5','',''),
('1025395070918024','16:50:00','16:50:00','3926264','6','',''),
('1025395070918024','16:51:00','16:51:00','3926265','7','',''),
('1025395070918024','16:52:00','16:52:00','3926266','8','',''),
('1025395070918024','16:54:00','16:54:00','3926268','9','',''),
('1125395070918024','17:01:00','17:01:00','3926256','1','',''),
('1125395070918024','17:01:00','17:01:00','3926258','2','',''),
('1125395070918024','17:02:00','17:02:00','3926259','3','',''),
('1125395070918024','17:04:00','17:04:00','3926261','4','',''),
('1125395070918024','17:05:00','17:05:00','3926263','5','',''),
('1125395070918024','17:06:00','17:06:00','3926264','6','',''),
('1125395070918024','17:07:00','17:07:00','3926265','7','',''),
('1125395070918024','17:08:00','17:08:00','3926266','8','',''),
('1125395070918024','17:10:00','17:10:00','3926268','9','',''),
('1225395070918024','17:17:00','17:17:00','3926256','1','',''),
('1225395070918024','17:17:00','17:17:00','3926258','2','',''),
('1225395070918024','17:18:00','17:18:00','3926259','3','',''),
('1225395070918024','17:20:00','17:20:00','3926261','4','',''),
('1225395070918024','17:21:00','17:21:00','3926263','5','',''),
('1225395070918024','17:22:00','17:22:00','3926264','6','',''),
('1225395070918024','17:23:00','17:23:00','3926265','7','',''),
('1225395070918024','17:24:00','17:24:00','3926266','8','',''),
('1225395070918024','17:26:00','17:26:00','3926268','9','',''),
('125395070918024','07:22:00','07:22:00','3926256','1','',''),
('125395070918024','07:22:00','07:22:00','3926258','2','',''),
('125395070918024','07:23:00','07:23:00','3926259','3','',''),
('125395070918024','07:25:00','07:25:00','3926261','4','',''),
('125395070918024','07:26:00','07:26:00','3926263','5','',''),
('125395070918024','07:27:00','07:27:00','3926264','6','',''),
('125395070918024','07:28:00','07:28:00','3926265','7','',''),
('125395070918024','07:29:00','07:29:00','3926266','8','',''),
('125395070918024','07:31:00','07:31:00','3926268','9','',''),
('1325395070918024','17:33:00','17:33:00','3926256','1','',''),
('1325395070918024','17:33:00','17:33:00','3926258','2','',''),
('1325395070918024','17:34:00','17:34:00','3926259','3','',''),
('1325395070918024','17:36:00','17:36:00','3926261','4','',''),
('1325395070918024','17:37:00','17:37:00','3926263','5','',''),
('1325395070918024','17:38:00','17:38:00','3926264','6','',''),
('1325395070918024','17:39:00','17:39:00','3926265','7','',''),
('1325395070918024','17:40:00','17:40:00','3926266','8','',''),
('1325395070918024','17:42:00','17:42:00','3926268','9','',''),
('1425395070918024','17:49:00','17:49:00','3926256','1','',''),
('1425395070918024','17:49:00','17:49:00','3926258','2','',''),
('1425395070918024','17:50:00','17:50:00','3926259','3','',''),
('1425395070918024','17:52:00','17:52:00','3926261','4','',''),
('1425395070918024','17:53:00','17:53:00','3926263','5','',''),
('1425395070918024','17:54:00','17:54:00','3926264','6','',''),
('1425395070918024','17:55:00','17:55:00','3926265','7','',''),
('1425395070918024','17:56:00','17:56:00','3926266','8','',''),
('1425395070918024','17:58:00','17:58:00','3926268','9','',''),
('1525395070918024','18:05:00','18:05:00','3926256','1','',''),
('1525395070918024','18:05:00','18:05:00','3926258','2','',''),
('1525395070918024','18:06:00','18:06:00','3926259','3','',''),
('1525395070918024','18:08:00','18:08:00','3926261','4','',''),
('1525395070918024','18:09:00','18:09:00','3926263','5','',''),
('1525395070918024','18:10:00','18:10:00','3926264','6','',''),
('1525395070918024','18:11:00','18:11:00','3926265','7','',''),
('1525395070918024','18:12:00','18:12:00','3926266','8','',''),
('1525395070918024','18:14:00','18:14:00','3926268','9','',''),
('1625395070918024','18:21:00','18:21:00','3926256','1','',''),
('1625395070918024','18:21:00','18:21:00','3926258','2','',''),
('1625395070918024','18:22:00','18:22:00','3926259','3','',''),
('1625395070918024','18:24:00','18:24:00','3926261','4','',''),
('1625395070918024','18:25:00','18:25:00','3926263','5','',''),
('1625395070918024','18:26:00','18:26:00','3926264','6','',''),
('1625395070918024','18:27:00','18:27:00','3926265','7','',''),
('1625395070918024','18:28:00','18:28:00','3926266','8','',''),
('1625395070918024','18:30:00','18:30:00','3926268','9','',''),
('1725395070918024','18:40:00','18:40:00','3926256','1','',''),
('1725395070918024','18:40:00','18:40:00','3926258','2','',''),
('1725395070918024','18:41:00','18:41:00','3926259','3','',''),
('1725395070918024','18:43:00','18:43:00','3926261','4','',''),
('1725395070918024','18:44:00','18:44:00','3926263','5','',''),
('1725395070918024','18:45:00','18:45:00','3926264','6','',''),
('1725395070918024','18:46:00','18:46:00','3926265','7','',''),
('1725395070918024','18:47:00','18:47:00','3926266','8','',''),
('1725395070918024','18:49:00','18:49:00','3926268','9','',''),
('1825395070918024','19:00:00','19:00:00','3926256','1','',''),
('1825395070918024','19:00:00','19:00:00','3926258','2','',''),
('1825395070918024','19:01:00','19:01:00','3926259','3','',''),
('1825395070918024','19:03:00','19:03:00','3926261','4','',''),
('1825395070918024','19:04:00','19:04:00','3926263','5','',''),
('1825395070918024','19:05:00','19:05:00','3926264','6','',''),
('1825395070918024','19:06:00','19:06:00','3926265','7','',''),
('1825395070918024','19:07:00','19:07:00','3926266','8','',''),
('1825395070918024','19:09:00','19:09:00','3926268','9','',''),
('225395070918024','07:40:00','07:40:00','3926256','1','',''),
('225395070918024','07:40:00','07:40:00','3926258','2','',''),
('225395070918024','07:41:00','07:41:00','3926259','3','',''),
('225395070918024','07:43:00','07:43:00','3926261','4','',''),
('225395070918024','07:44:00','07:44:00','3926263','5','',''),
('225395070918024','07:45:00','07:45:00','3926264','6','',''),
('225395070918024','07:46:00','07:46:00','3926265','7','',''),
('225395070918024','07:47:00','07:47:00','3926266','8','',''),
('225395070918024','07:49:00','07:49:00','3926268','9','',''),
('325395070918024','07:56:00','07:56:00','3926256','1','',''),
('325395070918024','07:56:00','07:56:00','3926258','2','',''),
('325395070918024','07:57:00','07:57:00','3926259','3','',''),
('325395070918024','07:59:00','07:59:00','3926261','4','',''),
('325395070918024','08:00:00','08:00:00','3926263','5','',''),
('325395070918024','08:01:00','08:01:00','3926264','6','',''),
('325395070918024','08:02:00','08:02:00','3926265','7','',''),
('325395070918024','08:03:00','08:03:00','3926266','8','',''),
('325395070918024','08:05:00','08:05:00','3926268','9','',''),
('425395070918024','08:12:00','08:12:00','3926256','1','',''),
('425395070918024','08:12:00','08:12:00','3926258','2','',''),
('425395070918024','08:13:00','08:13:00','3926259','3','',''),
('425395070918024','08:15:00','08:15:00','3926261','4','',''),
('425395070918024','08:16:00','08:16:00','3926263','5','',''),
('425395070918024','08:17:00','08:17:00','3926264','6','',''),
('425395070918024','08:18:00','08:18:00','3926265','7','',''),
('425395070918024','08:19:00','08:19:00','3926266','8','',''),
('425395070918024','08:21:00','08:21:00','3926268','9','',''),
('525395070918024','08:28:00','08:28:00','3926256','1','',''),
('525395070918024','08:28:00','08:28:00','3926258','2','',''),
('525395070918024','08:29:00','08:29:00','3926259','3','',''),
('525395070918024','08:31:00','08:31:00','3926261','4','',''),
('525395070918024','08:32:00','08:32:00','3926263','5','',''),
('525395070918024','08:33:00','08:33:00','3926264','6','',''),
('525395070918024','08:34:00','08:34:00','3926265','7','',''),
('525395070918024','08:35:00','08:35:00','3926266','8','',''),
('525395070918024','08:37:00','08:37:00','3926268','9','',''),
('625395070918024','08:44:00','08:44:00','3926256','1','',''),
('625395070918024','08:44:00','08:44:00','3926258','2','',''),
('625395070918024','08:45:00','08:45:00','3926259','3','',''),
('625395070918024','08:47:00','08:47:00','3926261','4','',''),
('625395070918024','08:48:00','08:48:00','3926263','5','',''),
('625395070918024','08:49:00','08:49:00','3926264','6','',''),
('625395070918024','08:50:00','08:50:00','3926265','7','',''),
('625395070918024','08:51:00','08:51:00','3926266','8','',''),
('625395070918024','08:53:00','08:53:00','3926268','9','',''),
('725395070918024','09:02:00','09:02:00','3926256','1','',''),
('725395070918024','09:02:00','09:02:00','3926258','2','',''),
('725395070918024','09:03:00','09:03:00','3926259','3','',''),
('725395070918024','09:05:00','09:05:00','3926261','4','',''),
('725395070918024','09:06:00','09:06:00','3926263','5','',''),
('725395070918024','09:07:00','09:07:00','3926264','6','',''),
('725395070918024','09:08:00','09:08:00','3926265','7','',''),
('725395070918024','09:09:00','09:09:00','3926266','8','',''),
('725395070918024','09:11:00','09:11:00','3926268','9','',''),
('825395070918024','09:21:00','09:21:00','3926256','1','',''),
('825395070918024','09:21:00','09:21:00','3926258','2','',''),
('825395070918024','09:22:00','09:22:00','3926259','3','',''),
('825395070918024','09:24:00','09:24:00','3926261','4','',''),
('825395070918024','09:25:00','09:25:00','3926263','5','',''),
('825395070918024','09:26:00','09:26:00','3926264','6','',''),
('825395070918024','09:27:00','09:27:00','3926265','7','',''),
('825395070918024','09:28:00','09:28:00','3926266','8','',''),
('825395070918024','09:30:00','09:30:00','3926268','9','',''),
('925395070918024','09:40:00','09:40:00','3926256','1','',''),
('925395070918024','09:40:00','09:40:00','3926258','2','',''),
('925395070918024','09:41:00','09:41:00','3926259','3','',''),
('925395070918024','09:43:00','09:43:00','3926261','4','',''),
('925395070918024','09:44:00','09:44:00','3926263','5','',''),
('925395070918024','09:45:00','09:45:00','3926264','6','',''),
('925395070918024','09:46:00','09:46:00','3926265','7','',''),
('925395070918024','09:47:00','09:47:00','3926266','8','',''),
('925395070918024','09:49:00','09:49:00','3926268','9','',''),
('1025395070918023','16:54:00','16:54:00','3926269','1','',''),
('1025395070918023','16:59:00','16:59:00','3926267','2','',''),
('1025395070918023','17:01:00','17:01:00','3926270','3','',''),
('1025395070918023','17:02:00','17:02:00','3926271','4','',''),
('1025395070918023','17:03:00','17:03:00','3926262','5','',''),
('1025395070918023','17:07:00','17:07:00','3926260','6','',''),
('1025395070918023','17:10:00','17:10:00','3926257','7','',''),
('1125395070918023','17:11:00','17:11:00','3926269','1','',''),
('1125395070918023','17:16:00','17:16:00','3926267','2','',''),
('1125395070918023','17:18:00','17:18:00','3926270','3','',''),
('1125395070918023','17:19:00','17:19:00','3926271','4','',''),
('1125395070918023','17:20:00','17:20:00','3926262','5','',''),
('1125395070918023','17:24:00','17:24:00','3926260','6','',''),
('1125395070918023','17:27:00','17:27:00','3926257','7','',''),
('1225395070918023','17:27:00','17:27:00','3926269','1','',''),
('1225395070918023','17:32:00','17:32:00','3926267','2','',''),
('1225395070918023','17:34:00','17:34:00','3926270','3','',''),
('1225395070918023','17:35:00','17:35:00','3926271','4','',''),
('1225395070918023','17:36:00','17:36:00','3926262','5','',''),
('1225395070918023','17:40:00','17:40:00','3926260','6','',''),
('1225395070918023','17:43:00','17:43:00','3926257','7','',''),
('125395070918023','07:15:00','07:15:00','3926269','1','',''),
('125395070918023','07:20:00','07:20:00','3926267','2','',''),
('125395070918023','07:22:00','07:22:00','3926270','3','',''),
('125395070918023','07:23:00','07:23:00','3926271','4','',''),
('125395070918023','07:24:00','07:24:00','3926262','5','',''),
('125395070918023','07:28:00','07:28:00','3926260','6','',''),
('125395070918023','07:31:00','07:31:00','3926257','7','',''),
('1325395070918023','17:43:00','17:43:00','3926269','1','',''),
('1325395070918023','17:48:00','17:48:00','3926267','2','',''),
('1325395070918023','17:50:00','17:50:00','3926270','3','',''),
('1325395070918023','17:51:00','17:51:00','3926271','4','',''),
('1325395070918023','17:52:00','17:52:00','3926262','5','',''),
('1325395070918023','17:56:00','17:56:00','3926260','6','',''),
('1325395070918023','17:59:00','17:59:00','3926257','7','',''),
('1425395070918023','17:59:00','17:59:00','3926269','1','',''),
('1425395070918023','18:04:00','18:04:00','3926267','2','',''),
('1425395070918023','18:06:00','18:06:00','3926270','3','',''),
('1425395070918023','18:07:00','18:07:00','3926271','4','',''),
('1425395070918023','18:08:00','18:08:00','3926262','5','',''),
('1425395070918023','18:12:00','18:12:00','3926260','6','',''),
('1425395070918023','18:15:00','18:15:00','3926257','7','',''),
('1525395070918023','18:15:00','18:15:00','3926269','1','',''),
('1525395070918023','18:20:00','18:20:00','3926267','2','',''),
('1525395070918023','18:22:00','18:22:00','3926270','3','',''),
('1525395070918023','18:23:00','18:23:00','3926271','4','',''),
('1525395070918023','18:24:00','18:24:00','3926262','5','',''),
('1525395070918023','18:28:00','18:28:00','3926260','6','',''),
('1525395070918023','18:31:00','18:31:00','3926257','7','',''),
('1625395070918023','18:32:00','18:32:00','3926269','1','',''),
('1625395070918023','18:37:00','18:37:00','3926267','2','',''),
('1625395070918023','18:39:00','18:39:00','3926270','3','',''),
('1625395070918023','18:40:00','18:40:00','3926271','4','',''),
('1625395070918023','18:41:00','18:41:00','3926262','5','',''),
('1625395070918023','18:45:00','18:45:00','3926260','6','',''),
('1625395070918023','18:48:00','18:48:00','3926257','7','',''),
('1725395070918023','18:51:00','18:51:00','3926269','1','',''),
('1725395070918023','18:56:00','18:56:00','3926267','2','',''),
('1725395070918023','18:58:00','18:58:00','3926270','3','',''),
('1725395070918023','18:59:00','18:59:00','3926271','4','',''),
('1725395070918023','19:00:00','19:00:00','3926262','5','',''),
('1725395070918023','19:04:00','19:04:00','3926260','6','',''),
('1725395070918023','19:07:00','19:07:00','3926257','7','',''),
('1825395070918023','19:10:00','19:10:00','3926269','1','',''),
('1825395070918023','19:15:00','19:15:00','3926267','2','',''),
('1825395070918023','19:17:00','19:17:00','3926270','3','',''),
('1825395070918023','19:18:00','19:18:00','3926271','4','',''),
('1825395070918023','19:19:00','19:19:00','3926262','5','',''),
('1825395070918023','19:23:00','19:23:00','3926260','6','',''),
('1825395070918023','19:26:00','19:26:00','3926257','7','',''),
('225395070918023','07:33:00','07:33:00','3926269','1','',''),
('225395070918023','07:38:00','07:38:00','3926267','2','',''),
('225395070918023','07:40:00','07:40:00','3926270','3','',''),
('225395070918023','07:41:00','07:41:00','3926271','4','',''),
('225395070918023','07:42:00','07:42:00','3926262','5','',''),
('225395070918023','07:46:00','07:46:00','3926260','6','',''),
('225395070918023','07:49:00','07:49:00','3926257','7','',''),
('325395070918023','07:51:00','07:51:00','3926269','1','',''),
('325395070918023','07:56:00','07:56:00','3926267','2','',''),
('325395070918023','07:58:00','07:58:00','3926270','3','',''),
('325395070918023','07:59:00','07:59:00','3926271','4','',''),
('325395070918023','08:00:00','08:00:00','3926262','5','',''),
('325395070918023','08:04:00','08:04:00','3926260','6','',''),
('325395070918023','08:07:00','08:07:00','3926257','7','',''),
('425395070918023','08:07:00','08:07:00','3926269','1','',''),
('425395070918023','08:12:00','08:12:00','3926267','2','',''),
('425395070918023','08:14:00','08:14:00','3926270','3','',''),
('425395070918023','08:15:00','08:15:00','3926271','4','',''),
('425395070918023','08:16:00','08:16:00','3926262','5','',''),
('425395070918023','08:20:00','08:20:00','3926260','6','',''),
('425395070918023','08:23:00','08:23:00','3926257','7','',''),
('525395070918023','08:23:00','08:23:00','3926269','1','',''),
('525395070918023','08:28:00','08:28:00','3926267','2','',''),
('525395070918023','08:30:00','08:30:00','3926270','3','',''),
('525395070918023','08:31:00','08:31:00','3926271','4','',''),
('525395070918023','08:32:00','08:32:00','3926262','5','',''),
('525395070918023','08:36:00','08:36:00','3926260','6','',''),
('525395070918023','08:39:00','08:39:00','3926257','7','',''),
('625395070918023','08:39:00','08:39:00','3926269','1','',''),
('625395070918023','08:44:00','08:44:00','3926267','2','',''),
('625395070918023','08:46:00','08:46:00','3926270','3','',''),
('625395070918023','08:47:00','08:47:00','3926271','4','',''),
('625395070918023','08:48:00','08:48:00','3926262','5','',''),
('625395070918023','08:52:00','08:52:00','3926260','6','',''),
('625395070918023','08:55:00','08:55:00','3926257','7','',''),
('725395070918023','08:55:00','08:55:00','3926269','1','',''),
('725395070918023','09:00:00','09:00:00','3926267','2','',''),
('725395070918023','09:02:00','09:02:00','3926270','3','',''),
('725395070918023','09:03:00','09:03:00','3926271','4','',''),
('725395070918023','09:04:00','09:04:00','3926262','5','',''),
('725395070918023','09:08:00','09:08:00','3926260','6','',''),
('725395070918023','09:11:00','09:11:00','3926257','7','',''),
('825395070918023','09:12:00','09:12:00','3926269','1','',''),
('825395070918023','09:17:00','09:17:00','3926267','2','',''),
('825395070918023','09:19:00','09:19:00','3926270','3','',''),
('825395070918023','09:20:00','09:20:00','3926271','4','',''),
('825395070918023','09:21:00','09:21:00','3926262','5','',''),
('825395070918023','09:25:00','09:25:00','3926260','6','',''),
('825395070918023','09:28:00','09:28:00','3926257','7','',''),
('925395070918023','09:32:00','09:32:00','3926269','1','',''),
('925395070918023','09:37:00','09:37:00','3926267','2','',''),
('925395070918023','09:39:00','09:39:00','3926270','3','',''),
('925395070918023','09:40:00','09:40:00','3926271','4','',''),
('925395070918023','09:41:00','09:41:00','3926262','5','',''),
('925395070918023','09:45:00','09:45:00','3926260','6','',''),
('925395070918023','09:48:00','09:48:00','3926257','7','','');
INSERT INTO calendar (service_id,monday,tuesday,wednesday,thursday,friday,saturday,sunday,start_date,end_date) VALUES
('2539507','0','0','0','0','0','0','0','20171221','20180228');
INSERT INTO calendar_dates (service_id,date,exception_type) VALUES
('2539507','20171221','1'),
('2539507','20171222','1'),
('2539507','20171226','1'),
('2539507','20171227','1'),
('2539507','20171228','1'),
('2539507','20171229','1'),
('2539507','20180102','1'),
('2539507','20180103','1'),
('2539507','20180104','1'),
('2539507','20180105','1'),
('2539507','20180108','1'),
('2539507','20180109','1'),
('2539507','20180110','1'),
('2539507','20180111','1'),
('2539507','20180112','1'),
('2539507','20180115','1'),
('2539507','20180116','1'),
('2539507','20180117','1'),
('2539507','20180118','1'),
('2539507','20180119','1'),
('2539507','20180122','1'),
('2539507','20180123','1'),
('2539507','20180124','1'),
('2539507','20180125','1'),
('2539507','20180126','1'),
('2539507','20180129','1'),
('2539507','20180130','1'),
('2539507','20180131','1'),
('2539507','20180201','1'),
('2539507','20180202','1'),
('2539507','20180205','1'),
('2539507','20180206','1'),
('2539507','20180207','1'),
('2539507','20180208','1'),
('2539507','20180209','1'),
('2539507','20180212','1'),
('2539507','20180213','1'),
('2539507','20180214','1'),
('2539507','20180215','1'),
('2539507','20180216','1'),
('2539507','20180219','1'),
('2539507','20180220','1'),
('2539507','20180221','1'),
('2539507','20180222','1'),
('2539507','20180223','1'),
('2539507','20180226','1'),
('2539507','20180227','1'),
('2539507','20180228','1');
INSERT INTO routes (route_id,agency_id,route_short_name,route_long_name,route_desc,route_type,route_url,route_color,route_text_color) VALUES
('1788010','100','215','(PORTE DE MONTREUIL <-> VINCENNES RER-REPUBLIQUE) - Aller','','3','','FFFFFF','000000'),
('1788011','100','215','(PORTE DE MONTREUIL <-> VINCENNES RER-REPUBLIQUE) - Retour','','3','','FFFFFF','000000');
INSERT INTO agency (agency_id,agency_name,agency_url,agency_timezone,agency_lang,agency_phone) VALUES
('100','RATP (100)','http://www.ratp.fr/','CET','','');
INSERT INTO trips (route_id,service_id,trip_id,trip_headsign,trip_short_name,direction_id,shape_id) VALUES
('1788010','2539507','1025395070918024','','10','0',''),
('1788010','2539507','1125395070918024','','11','0',''),
('1788010','2539507','1225395070918024','','12','0',''),
('1788010','2539507','125395070918024','','1','0',''),
('1788010','2539507','1325395070918024','','13','0',''),
('1788010','2539507','1425395070918024','','14','0',''),
('1788010','2539507','1525395070918024','','15','0',''),
('1788010','2539507','1625395070918024','','16','0',''),
('1788010','2539507','1725395070918024','','17','0',''),
('1788010','2539507','1825395070918024','','18','0',''),
('1788010','2539507','225395070918024','','2','0',''),
('1788010','2539507','325395070918024','','3','0',''),
('1788010','2539507','425395070918024','','4','0',''),
('1788010','2539507','525395070918024','','5','0',''),
('1788010','2539507','625395070918024','','6','0',''),
('1788010','2539507','725395070918024','','7','0',''),
('1788010','2539507','825395070918024','','8','0',''),
('1788010','2539507','925395070918024','','9','0',''),
('1788011','2539507','1025395070918023','','10','1',''),
('1788011','2539507','1125395070918023','','11','1',''),
('1788011','2539507','1225395070918023','','12','1',''),
('1788011','2539507','125395070918023','','1','1',''),
('1788011','2539507','1325395070918023','','13','1',''),
('1788011','2539507','1425395070918023','','14','1',''),
('1788011','2539507','1525395070918023','','15','1',''),
('1788011','2539507','1625395070918023','','16','1',''),
('1788011','2539507','1725395070918023','','17','1',''),
('1788011','2539507','1825395070918023','','18','1',''),
('1788011','2539507','225395070918023','','2','1',''),
('1788011','2539507','325395070918023','','3','1',''),
('1788011','2539507','425395070918023','','4','1',''),
('1788011','2539507','525395070918023','','5','1',''),
('1788011','2539507','625395070918023','','6','1',''),
('1788011','2539507','725395070918023','','7','1',''),
('1788011','2539507','825395070918023','','8','1',''),
('1788011','2539507','925395070918023','','9','1','');
INSERT INTO transfers (from_stop_id,to_stop_id,transfer_type,min_transfer_time) VALUES
('3672175','3926259','2','18'),
('3926266','5922220','2','126'),
('1631','3926269','2','215'),
('3672240','3926271','2','111'),
('3813312','3926257','2','63'),
('3813312','3926256','2','63'),
('3926257','2423','2','237'),
('3813312','3926258','2','84'),
('3690063','3926257','2','20'),
('3690063','3926256','2','20'),
('3672173','3926261','2','53'),
('3926268','5922162','2','27'),
('3672173','3926262','2','33'),
('3672110','3926257','2','78'),
('3672176','3926260','2','18'),
('3672174','3926262','2','66'),
('3926266','5922164','2','19'),
('3672174','3926261','2','54'),
('3926267','5922221','2','19'),
('3672265','3926258','2','89'),
('3926268','5922222','2','126'),
('3926256','1745','2','237'),
('3926269','5922162','2','27'),
('4146142','3926260','2','18'),
('3926258','2423','2','226'),
('3926269','5922222','2','126'),
('4146113','3926257','2','78'),
('4146113','3926256','2','78'),
('3926265','5922165','2','118'),
('3672109','3926258','2','89'),
('2511','3926268','2','215'),
('3926257','1745','2','237'),
('3926277','3926258','2','34'),
('3926277','3926257','2','78'),
('3926277','3926256','2','78'),
('3672241','3926259','2','18'),
('3690063','3926258','2','45'),
('3813313','3926256','2','81'),
('3813313','3926257','2','81'),
('3813313','3926258','2','102'),
('4146143','3926262','2','66'),
('4146143','3926261','2','54'),
('3926265','5922221','2','126'),
('2511','3926269','2','215'),
('3672110','3926256','2','78'),
('3926258','1745','2','226'),
('1631','3926268','2','215'),
('3926256','2423','2','237'),
('3672173','3926271','2','111'),
('3926270','5922165','2','122'),
('3672240','3926261','2','53'),
('3672240','3926262','2','33');
INSERT INTO stops (stop_id,stop_code,stop_name,stop_desc,stop_lat,stop_lon,location_type,parent_station) VALUES
('3926261','','ELSA TRIOLET - ERIGNAC','RUE ELSA TRIOLET - 93048','48.85126420779466','2.416120583177573','0',''),
('3926260','','RUE DE PARIS','20 AVENUE BENOIT FRACHON - 75120','48.85392494426368','2.415443658762252','0',''),
('3926263','','PROGRES - ARMAND CARREL','37 RUE DU PROGRES - 93048','48.85165796125804','2.4186406617304943','0',''),
('3926262','','ELSA TRIOLET - ERIGNAC','RUE CLAUDE ERIGNAC - 93048','48.85106655559217','2.4160113334147124','0',''),
('3926271','','VALMY - ARMAND CARREL','RUE DE VALMY - 93048','48.85076882200282','2.4177268219797488','0',''),
('3926270','','CUVIER - EMILE ZOLA','38-42 R CUVIER - 93048','48.85104402970679','2.4226163440553647','0',''),
('3926257','','PORTE DE MONTREUIL','R CHARLES ET ROBERT - 75120','48.85299263208113','2.4117242226892044','0',''),
('3926258','','PLACE DE LA PORTE DE MONTREUIL','8 AVENUE DE LA PORTE DE MONTREUIL - 75120','48.853621634419675','2.411915796355209','0',''),
('3926259','','RUE DE PARIS','AVENUE BENOIT FRACHON - 75120','48.853934110216926','2.415171284434349','0',''),
('3926268','','VINCENNES RER - REPUBLIQUE','2 AVENUE ANTOINE QUINSON - 94080','48.847156087985','2.4297728193534036','0',''),
('3926269','','VINCENNES RER - REPUBLIQUE','2 AVENUE ANTOINE QUINSON - 94080','48.847156087985','2.4297728193534036','0',''),
('3926266','','LES LAITIERES','100 RUE ROBESPIERRE - 93048','48.849549833034985','2.4257324661373545','0',''),
('3926267','','LES LAITIERES','FACE 94 RUE ROBESPIERRE - 93048','48.849450768106884','2.4260046618007154','0',''),
('3926264','','PROGRES - EMILE ZOLA','R DU PROGRES - 93048','48.85186244290155','2.421841415670256','0',''),
('3926256','','PORTE DE MONTREUIL','R CHARLES ET ROBERT - 75120','48.85299263208113','2.4117242226892044','0',''),
('3926265','','CUVIER','82 RUE ROBESPIERRE - 93048','48.850647019372666','2.4247674209220653','0','');
