INSERT INTO stop_times (trip_id,arrival_time,departure_time,stop_id,stop_sequence,stop_headsign,shape_dist_traveled) VALUES
('124400521678298','05:40:00','05:40:00','6741284','1','',''),
('124400521678298','05:41:00','05:41:00','6741285','2','',''),
('124400521678298','05:43:00','05:43:00','6741286','3','',''),
('124400521678298','05:44:00','05:44:00','6741287','4','',''),
('124400521678298','05:48:00','05:48:00','6741288','5','',''),
('124400521678298','05:49:00','05:49:00','6741289','6','',''),
('124400521678298','05:50:00','05:50:00','6741290','7','',''),
('124400521678298','05:51:00','05:51:00','6741291','8','',''),
('124400521678298','05:52:00','05:52:00','6741292','9','',''),
('124400521678298','05:54:00','05:54:00','6741293','10','',''),
('124986161678298','05:00:00','05:00:00','6741284','1','',''),
('124986161678298','05:01:00','05:01:00','6741285','2','',''),
('124986161678298','05:03:00','05:03:00','6741286','3','',''),
('124986161678298','05:04:00','05:04:00','6741287','4','',''),
('124986161678298','05:08:00','05:08:00','6741288','5','',''),
('124986161678298','05:09:00','05:09:00','6741289','6','',''),
('124986161678298','05:10:00','05:10:00','6741290','7','',''),
('124986161678298','05:11:00','05:11:00','6741291','8','',''),
('124986161678298','05:12:00','05:12:00','6741292','9','',''),
('124986161678298','05:14:00','05:14:00','6741293','10','',''),
('124986171678298','05:00:00','05:00:00','6741284','1','',''),
('124986171678298','05:01:00','05:01:00','6741285','2','',''),
('124986171678298','05:03:00','05:03:00','6741286','3','',''),
('124986171678298','05:04:00','05:04:00','6741287','4','',''),
('124986171678298','05:08:00','05:08:00','6741288','5','',''),
('124986171678298','05:09:00','05:09:00','6741289','6','',''),
('124986171678298','05:10:00','05:10:00','6741290','7','',''),
('124986171678298','05:11:00','05:11:00','6741291','8','',''),
('124986171678298','05:12:00','05:12:00','6741292','9','',''),
('124986171678298','05:14:00','05:14:00','6741293','10','',''),
('224986161678298','05:15:00','05:15:00','6741284','1','',''),
('224986161678298','05:16:00','05:16:00','6741285','2','',''),
('224986161678298','05:18:00','05:18:00','6741286','3','',''),
('224986161678298','05:19:00','05:19:00','6741287','4','',''),
('224986161678298','05:23:00','05:23:00','6741288','5','',''),
('224986161678298','05:24:00','05:24:00','6741289','6','',''),
('224986161678298','05:25:00','05:25:00','6741290','7','',''),
('224986161678298','05:26:00','05:26:00','6741291','8','',''),
('224986161678298','05:27:00','05:27:00','6741292','9','',''),
('224986161678298','05:29:00','05:29:00','6741293','10','',''),
('224986171678298','05:15:00','05:15:00','6741284','1','',''),
('224986171678298','05:16:00','05:16:00','6741285','2','',''),
('224986171678298','05:18:00','05:18:00','6741286','3','',''),
('224986171678298','05:19:00','05:19:00','6741287','4','',''),
('224986171678298','05:23:00','05:23:00','6741288','5','',''),
('224986171678298','05:24:00','05:24:00','6741289','6','',''),
('224986171678298','05:25:00','05:25:00','6741290','7','',''),
('224986171678298','05:26:00','05:26:00','6741291','8','',''),
('224986171678298','05:27:00','05:27:00','6741292','9','',''),
('224986171678298','05:29:00','05:29:00','6741293','10','',''),
('324986161678298','05:33:00','05:33:00','6741284','1','',''),
('324986161678298','05:34:00','05:34:00','6741285','2','',''),
('324986161678298','05:36:00','05:36:00','6741286','3','',''),
('324986161678298','05:37:00','05:37:00','6741287','4','',''),
('324986161678298','05:41:00','05:41:00','6741288','5','',''),
('324986161678298','05:42:00','05:42:00','6741289','6','',''),
('324986161678298','05:43:00','05:43:00','6741290','7','',''),
('324986161678298','05:44:00','05:44:00','6741291','8','',''),
('324986161678298','05:45:00','05:45:00','6741292','9','',''),
('324986161678298','05:47:00','05:47:00','6741293','10','',''),
('324986171678298','05:33:00','05:33:00','6741284','1','',''),
('324986171678298','05:34:00','05:34:00','6741285','2','',''),
('324986171678298','05:36:00','05:36:00','6741286','3','',''),
('324986171678298','05:37:00','05:37:00','6741287','4','',''),
('324986171678298','05:41:00','05:41:00','6741288','5','',''),
('324986171678298','05:42:00','05:42:00','6741289','6','',''),
('324986171678298','05:43:00','05:43:00','6741290','7','',''),
('324986171678298','05:44:00','05:44:00','6741291','8','',''),
('324986171678298','05:45:00','05:45:00','6741292','9','',''),
('324986171678298','05:47:00','05:47:00','6741293','10','',''),
('1024986181678300','09:30:00','09:30:00','6741257','1','',''),
('1024986181678300','09:32:00','09:32:00','6741259','2','',''),
('1024986181678300','09:36:00','09:36:00','6741260','3','',''),
('1024986181678300','09:37:00','09:37:00','6741262','4','',''),
('1024986181678300','09:38:00','09:38:00','6741264','5','',''),
('1024986181678300','09:39:00','09:39:00','6741266','6','',''),
('1024986181678300','09:43:00','09:43:00','6741268','7','',''),
('1024986181678300','09:44:00','09:44:00','6741270','8','',''),
('1024986181678300','09:44:00','09:44:00','6741271','9','',''),
('1024986181678300','09:45:00','09:45:00','6741273','10','',''),
('1024986181678300','09:46:00','09:46:00','6741275','11','',''),
('1024986181678300','09:48:00','09:48:00','6741277','12','',''),
('1024986181678300','09:52:00','09:52:00','6741279','13','',''),
('1024986181678300','09:53:00','09:53:00','6741280','14','',''),
('1024986191678300','08:10:00','08:10:00','6741257','1','',''),
('1024986191678300','08:12:00','08:12:00','6741259','2','',''),
('1024986191678300','08:16:00','08:16:00','6741260','3','',''),
('1024986191678300','08:17:00','08:17:00','6741262','4','',''),
('1024986191678300','08:18:00','08:18:00','6741264','5','',''),
('1024986191678300','08:19:00','08:19:00','6741266','6','',''),
('1024986191678300','08:23:00','08:23:00','6741268','7','',''),
('1024986191678300','08:24:00','08:24:00','6741270','8','',''),
('1024986191678300','08:24:00','08:24:00','6741271','9','',''),
('1024986191678300','08:25:00','08:25:00','6741273','10','',''),
('1024986191678300','08:26:00','08:26:00','6741275','11','',''),
('1024986191678300','08:29:00','08:29:00','6741277','12','',''),
('1024986191678300','08:35:00','08:35:00','6741279','13','',''),
('1024986191678300','08:37:00','08:37:00','6741280','14','',''),
('1024986201678300','08:10:00','08:10:00','6741257','1','',''),
('1024986201678300','08:12:00','08:12:00','6741259','2','',''),
('1024986201678300','08:16:00','08:16:00','6741260','3','',''),
('1024986201678300','08:17:00','08:17:00','6741262','4','',''),
('1024986201678300','08:18:00','08:18:00','6741264','5','',''),
('1024986201678300','08:19:00','08:19:00','6741266','6','',''),
('1024986201678300','08:23:00','08:23:00','6741268','7','',''),
('1024986201678300','08:24:00','08:24:00','6741270','8','',''),
('1024986201678300','08:24:00','08:24:00','6741271','9','',''),
('1024986201678300','08:25:00','08:25:00','6741273','10','',''),
('1024986201678300','08:26:00','08:26:00','6741275','11','',''),
('1024986201678300','08:29:00','08:29:00','6741277','12','',''),
('1024986201678300','08:35:00','08:35:00','6741279','13','',''),
('1024986201678300','08:37:00','08:37:00','6741280','14','',''),
('1124986181678300','09:46:00','09:46:00','6741257','1','',''),
('1124986181678300','09:48:00','09:48:00','6741259','2','',''),
('1124986181678300','09:52:00','09:52:00','6741260','3','',''),
('1124986181678300','09:53:00','09:53:00','6741262','4','',''),
('1124986181678300','09:54:00','09:54:00','6741264','5','',''),
('1124986181678300','09:55:00','09:55:00','6741266','6','',''),
('1124986181678300','09:59:00','09:59:00','6741268','7','',''),
('1124986181678300','10:00:00','10:00:00','6741270','8','',''),
('1124986181678300','10:00:00','10:00:00','6741271','9','',''),
('1124986181678300','10:01:00','10:01:00','6741273','10','',''),
('1124986181678300','10:02:00','10:02:00','6741275','11','',''),
('1124986181678300','10:04:00','10:04:00','6741277','12','',''),
('1124986181678300','10:08:00','10:08:00','6741279','13','',''),
('1124986181678300','10:09:00','10:09:00','6741280','14','',''),
('1124986191678300','08:26:00','08:26:00','6741257','1','',''),
('1124986191678300','08:28:00','08:28:00','6741259','2','',''),
('1124986191678300','08:32:00','08:32:00','6741260','3','',''),
('1124986191678300','08:33:00','08:33:00','6741262','4','',''),
('1124986191678300','08:34:00','08:34:00','6741264','5','',''),
('1124986191678300','08:35:00','08:35:00','6741266','6','',''),
('1124986191678300','08:39:00','08:39:00','6741268','7','',''),
('1124986191678300','08:40:00','08:40:00','6741270','8','',''),
('1124986191678300','08:40:00','08:40:00','6741271','9','',''),
('1124986191678300','08:41:00','08:41:00','6741273','10','',''),
('1124986191678300','08:42:00','08:42:00','6741275','11','',''),
('1124986191678300','08:45:00','08:45:00','6741277','12','',''),
('1124986191678300','08:51:00','08:51:00','6741279','13','',''),
('1124986191678300','08:53:00','08:53:00','6741280','14','',''),
('1124986201678300','08:26:00','08:26:00','6741257','1','',''),
('1124986201678300','08:28:00','08:28:00','6741259','2','',''),
('1124986201678300','08:32:00','08:32:00','6741260','3','',''),
('1124986201678300','08:33:00','08:33:00','6741262','4','',''),
('1124986201678300','08:34:00','08:34:00','6741264','5','',''),
('1124986201678300','08:35:00','08:35:00','6741266','6','',''),
('1124986201678300','08:39:00','08:39:00','6741268','7','',''),
('1124986201678300','08:40:00','08:40:00','6741270','8','',''),
('1124986201678300','08:40:00','08:40:00','6741271','9','',''),
('1124986201678300','08:41:00','08:41:00','6741273','10','',''),
('1124986201678300','08:42:00','08:42:00','6741275','11','',''),
('1124986201678300','08:45:00','08:45:00','6741277','12','',''),
('1124986201678300','08:51:00','08:51:00','6741279','13','',''),
('1124986201678300','08:53:00','08:53:00','6741280','14','',''),
('1224986181678300','10:02:00','10:02:00','6741257','1','',''),
('1224986181678300','10:04:00','10:04:00','6741259','2','',''),
('1224986181678300','10:08:00','10:08:00','6741260','3','',''),
('1224986181678300','10:09:00','10:09:00','6741262','4','',''),
('1224986181678300','10:10:00','10:10:00','6741264','5','',''),
('1224986181678300','10:11:00','10:11:00','6741266','6','',''),
('1224986181678300','10:15:00','10:15:00','6741268','7','',''),
('1224986181678300','10:16:00','10:16:00','6741270','8','',''),
('1224986181678300','10:16:00','10:16:00','6741271','9','',''),
('1224986181678300','10:17:00','10:17:00','6741273','10','',''),
('1224986181678300','10:18:00','10:18:00','6741275','11','',''),
('1224986181678300','10:20:00','10:20:00','6741277','12','',''),
('1224986181678300','10:24:00','10:24:00','6741279','13','',''),
('1224986181678300','10:25:00','10:25:00','6741280','14','',''),
('1224986191678300','08:42:00','08:42:00','6741257','1','',''),
('1224986191678300','08:44:00','08:44:00','6741259','2','',''),
('1224986191678300','08:48:00','08:48:00','6741260','3','',''),
('1224986191678300','08:49:00','08:49:00','6741262','4','',''),
('1224986191678300','08:50:00','08:50:00','6741264','5','',''),
('1224986191678300','08:51:00','08:51:00','6741266','6','',''),
('1224986191678300','08:55:00','08:55:00','6741268','7','',''),
('1224986191678300','08:56:00','08:56:00','6741270','8','',''),
('1224986191678300','08:56:00','08:56:00','6741271','9','',''),
('1224986191678300','08:57:00','08:57:00','6741273','10','',''),
('1224986191678300','08:58:00','08:58:00','6741275','11','',''),
('1224986191678300','09:01:00','09:01:00','6741277','12','',''),
('1224986191678300','09:07:00','09:07:00','6741279','13','',''),
('1224986191678300','09:09:00','09:09:00','6741280','14','',''),
('1224986201678300','08:42:00','08:42:00','6741257','1','',''),
('1224986201678300','08:44:00','08:44:00','6741259','2','',''),
('1224986201678300','08:48:00','08:48:00','6741260','3','',''),
('1224986201678300','08:49:00','08:49:00','6741262','4','',''),
('1224986201678300','08:50:00','08:50:00','6741264','5','',''),
('1224986201678300','08:51:00','08:51:00','6741266','6','',''),
('1224986201678300','08:55:00','08:55:00','6741268','7','',''),
('1224986201678300','08:56:00','08:56:00','6741270','8','',''),
('1224986201678300','08:56:00','08:56:00','6741271','9','',''),
('1224986201678300','08:57:00','08:57:00','6741273','10','',''),
('1224986201678300','08:58:00','08:58:00','6741275','11','',''),
('1224986201678300','09:01:00','09:01:00','6741277','12','',''),
('1224986201678300','09:07:00','09:07:00','6741279','13','',''),
('1224986201678300','09:09:00','09:09:00','6741280','14','',''),
('124986181678300','07:00:00','07:00:00','6741257','1','',''),
('124986181678300','07:02:00','07:02:00','6741259','2','',''),
('124986181678300','07:06:00','07:06:00','6741260','3','',''),
('124986181678300','07:07:00','07:07:00','6741262','4','',''),
('124986181678300','07:08:00','07:08:00','6741264','5','',''),
('124986181678300','07:09:00','07:09:00','6741266','6','',''),
('124986181678300','07:13:00','07:13:00','6741268','7','',''),
('124986181678300','07:14:00','07:14:00','6741270','8','',''),
('124986181678300','07:14:00','07:14:00','6741271','9','',''),
('124986181678300','07:15:00','07:15:00','6741273','10','',''),
('124986181678300','07:16:00','07:16:00','6741275','11','',''),
('124986181678300','07:18:00','07:18:00','6741277','12','',''),
('124986181678300','07:22:00','07:22:00','6741279','13','',''),
('124986181678300','07:23:00','07:23:00','6741280','14','',''),
('124986191678300','05:30:00','05:30:00','6741257','1','',''),
('124986191678300','05:32:00','05:32:00','6741259','2','',''),
('124986191678300','05:36:00','05:36:00','6741260','3','',''),
('124986191678300','05:37:00','05:37:00','6741262','4','',''),
('124986191678300','05:38:00','05:38:00','6741264','5','',''),
('124986191678300','05:39:00','05:39:00','6741266','6','',''),
('124986191678300','05:43:00','05:43:00','6741268','7','',''),
('124986191678300','05:44:00','05:44:00','6741270','8','',''),
('124986191678300','05:44:00','05:44:00','6741271','9','',''),
('124986191678300','05:45:00','05:45:00','6741273','10','',''),
('124986191678300','05:46:00','05:46:00','6741275','11','',''),
('124986191678300','05:48:00','05:48:00','6741277','12','',''),
('124986191678300','05:52:00','05:52:00','6741279','13','',''),
('124986191678300','05:53:00','05:53:00','6741280','14','',''),
('124986201678300','05:30:00','05:30:00','6741257','1','',''),
('124986201678300','05:32:00','05:32:00','6741259','2','',''),
('124986201678300','05:36:00','05:36:00','6741260','3','',''),
('124986201678300','05:37:00','05:37:00','6741262','4','',''),
('124986201678300','05:38:00','05:38:00','6741264','5','',''),
('124986201678300','05:39:00','05:39:00','6741266','6','',''),
('124986201678300','05:43:00','05:43:00','6741268','7','',''),
('124986201678300','05:44:00','05:44:00','6741270','8','',''),
('124986201678300','05:44:00','05:44:00','6741271','9','',''),
('124986201678300','05:45:00','05:45:00','6741273','10','',''),
('124986201678300','05:46:00','05:46:00','6741275','11','',''),
('124986201678300','05:48:00','05:48:00','6741277','12','',''),
('124986201678300','05:52:00','05:52:00','6741279','13','',''),
('124986201678300','05:53:00','05:53:00','6741280','14','',''),
('1324986181678300','10:18:00','10:18:00','6741257','1','',''),
('1324986181678300','10:20:00','10:20:00','6741259','2','',''),
('1324986181678300','10:24:00','10:24:00','6741260','3','',''),
('1324986181678300','10:25:00','10:25:00','6741262','4','',''),
('1324986181678300','10:26:00','10:26:00','6741264','5','',''),
('1324986181678300','10:27:00','10:27:00','6741266','6','',''),
('1324986181678300','10:31:00','10:31:00','6741268','7','',''),
('1324986181678300','10:32:00','10:32:00','6741270','8','',''),
('1324986181678300','10:32:00','10:32:00','6741271','9','',''),
('1324986181678300','10:33:00','10:33:00','6741273','10','',''),
('1324986181678300','10:34:00','10:34:00','6741275','11','',''),
('1324986181678300','10:36:00','10:36:00','6741277','12','',''),
('1324986181678300','10:40:00','10:40:00','6741279','13','',''),
('1324986181678300','10:41:00','10:41:00','6741280','14','',''),
('1324986191678300','08:58:00','08:58:00','6741257','1','',''),
('1324986191678300','09:00:00','09:00:00','6741259','2','',''),
('1324986191678300','09:04:00','09:04:00','6741260','3','',''),
('1324986191678300','09:05:00','09:05:00','6741262','4','',''),
('1324986191678300','09:06:00','09:06:00','6741264','5','',''),
('1324986191678300','09:07:00','09:07:00','6741266','6','',''),
('1324986191678300','09:11:00','09:11:00','6741268','7','',''),
('1324986191678300','09:12:00','09:12:00','6741270','8','',''),
('1324986191678300','09:12:00','09:12:00','6741271','9','',''),
('1324986191678300','09:13:00','09:13:00','6741273','10','',''),
('1324986191678300','09:14:00','09:14:00','6741275','11','',''),
('1324986191678300','09:17:00','09:17:00','6741277','12','',''),
('1324986191678300','09:23:00','09:23:00','6741279','13','',''),
('1324986191678300','09:25:00','09:25:00','6741280','14','',''),
('1324986201678300','08:58:00','08:58:00','6741257','1','',''),
('1324986201678300','09:00:00','09:00:00','6741259','2','',''),
('1324986201678300','09:04:00','09:04:00','6741260','3','',''),
('1324986201678300','09:05:00','09:05:00','6741262','4','',''),
('1324986201678300','09:06:00','09:06:00','6741264','5','',''),
('1324986201678300','09:07:00','09:07:00','6741266','6','',''),
('1324986201678300','09:11:00','09:11:00','6741268','7','',''),
('1324986201678300','09:12:00','09:12:00','6741270','8','',''),
('1324986201678300','09:12:00','09:12:00','6741271','9','',''),
('1324986201678300','09:13:00','09:13:00','6741273','10','',''),
('1324986201678300','09:14:00','09:14:00','6741275','11','',''),
('1324986201678300','09:17:00','09:17:00','6741277','12','',''),
('1324986201678300','09:23:00','09:23:00','6741279','13','',''),
('1324986201678300','09:25:00','09:25:00','6741280','14','',''),
('1424986181678300','10:34:00','10:34:00','6741257','1','',''),
('1424986181678300','10:36:00','10:36:00','6741259','2','',''),
('1424986181678300','10:40:00','10:40:00','6741260','3','',''),
('1424986181678300','10:41:00','10:41:00','6741262','4','',''),
('1424986181678300','10:42:00','10:42:00','6741264','5','',''),
('1424986181678300','10:43:00','10:43:00','6741266','6','',''),
('1424986181678300','10:47:00','10:47:00','6741268','7','',''),
('1424986181678300','10:48:00','10:48:00','6741270','8','',''),
('1424986181678300','10:48:00','10:48:00','6741271','9','',''),
('1424986181678300','10:49:00','10:49:00','6741273','10','',''),
('1424986181678300','10:50:00','10:50:00','6741275','11','',''),
('1424986181678300','10:52:00','10:52:00','6741277','12','',''),
('1424986181678300','10:56:00','10:56:00','6741279','13','',''),
('1424986181678300','10:57:00','10:57:00','6741280','14','',''),
('1424986191678300','09:14:00','09:14:00','6741257','1','',''),
('1424986191678300','09:16:00','09:16:00','6741259','2','',''),
('1424986191678300','09:20:00','09:20:00','6741260','3','',''),
('1424986191678300','09:21:00','09:21:00','6741262','4','',''),
('1424986191678300','09:22:00','09:22:00','6741264','5','',''),
('1424986191678300','09:23:00','09:23:00','6741266','6','',''),
('1424986191678300','09:27:00','09:27:00','6741268','7','',''),
('1424986191678300','09:28:00','09:28:00','6741270','8','',''),
('1424986191678300','09:28:00','09:28:00','6741271','9','',''),
('1424986191678300','09:29:00','09:29:00','6741273','10','',''),
('1424986191678300','09:30:00','09:30:00','6741275','11','',''),
('1424986191678300','09:33:00','09:33:00','6741277','12','',''),
('1424986191678300','09:37:00','09:37:00','6741279','13','',''),
('1424986191678300','09:39:00','09:39:00','6741280','14','',''),
('1424986201678300','09:14:00','09:14:00','6741257','1','',''),
('1424986201678300','09:16:00','09:16:00','6741259','2','',''),
('1424986201678300','09:20:00','09:20:00','6741260','3','',''),
('1424986201678300','09:21:00','09:21:00','6741262','4','',''),
('1424986201678300','09:22:00','09:22:00','6741264','5','',''),
('1424986201678300','09:23:00','09:23:00','6741266','6','',''),
('1424986201678300','09:27:00','09:27:00','6741268','7','',''),
('1424986201678300','09:28:00','09:28:00','6741270','8','',''),
('1424986201678300','09:28:00','09:28:00','6741271','9','',''),
('1424986201678300','09:29:00','09:29:00','6741273','10','',''),
('1424986201678300','09:30:00','09:30:00','6741275','11','',''),
('1424986201678300','09:33:00','09:33:00','6741277','12','',''),
('1424986201678300','09:37:00','09:37:00','6741279','13','',''),
('1424986201678300','09:39:00','09:39:00','6741280','14','',''),
('1524986181678300','10:50:00','10:50:00','6741257','1','',''),
('1524986181678300','10:52:00','10:52:00','6741259','2','',''),
('1524986181678300','10:56:00','10:56:00','6741260','3','',''),
('1524986181678300','10:57:00','10:57:00','6741262','4','',''),
('1524986181678300','10:58:00','10:58:00','6741264','5','',''),
('1524986181678300','10:59:00','10:59:00','6741266','6','',''),
('1524986181678300','11:03:00','11:03:00','6741268','7','',''),
('1524986181678300','11:04:00','11:04:00','6741270','8','',''),
('1524986181678300','11:04:00','11:04:00','6741271','9','',''),
('1524986181678300','11:05:00','11:05:00','6741273','10','',''),
('1524986181678300','11:06:00','11:06:00','6741275','11','',''),
('1524986181678300','11:08:00','11:08:00','6741277','12','',''),
('1524986181678300','11:12:00','11:12:00','6741279','13','',''),
('1524986181678300','11:13:00','11:13:00','6741280','14','',''),
('1524986191678300','09:30:00','09:30:00','6741257','1','',''),
('1524986191678300','09:32:00','09:32:00','6741259','2','',''),
('1524986191678300','09:36:00','09:36:00','6741260','3','',''),
('1524986191678300','09:37:00','09:37:00','6741262','4','',''),
('1524986191678300','09:38:00','09:38:00','6741264','5','',''),
('1524986191678300','09:39:00','09:39:00','6741266','6','',''),
('1524986191678300','09:43:00','09:43:00','6741268','7','',''),
('1524986191678300','09:44:00','09:44:00','6741270','8','',''),
('1524986191678300','09:44:00','09:44:00','6741271','9','',''),
('1524986191678300','09:45:00','09:45:00','6741273','10','',''),
('1524986191678300','09:46:00','09:46:00','6741275','11','',''),
('1524986191678300','09:48:00','09:48:00','6741277','12','',''),
('1524986191678300','09:52:00','09:52:00','6741279','13','',''),
('1524986191678300','09:53:00','09:53:00','6741280','14','',''),
('1524986201678300','09:30:00','09:30:00','6741257','1','',''),
('1524986201678300','09:32:00','09:32:00','6741259','2','',''),
('1524986201678300','09:36:00','09:36:00','6741260','3','',''),
('1524986201678300','09:37:00','09:37:00','6741262','4','',''),
('1524986201678300','09:38:00','09:38:00','6741264','5','',''),
('1524986201678300','09:39:00','09:39:00','6741266','6','',''),
('1524986201678300','09:43:00','09:43:00','6741268','7','',''),
('1524986201678300','09:44:00','09:44:00','6741270','8','',''),
('1524986201678300','09:44:00','09:44:00','6741271','9','',''),
('1524986201678300','09:45:00','09:45:00','6741273','10','',''),
('1524986201678300','09:46:00','09:46:00','6741275','11','',''),
('1524986201678300','09:48:00','09:48:00','6741277','12','',''),
('1524986201678300','09:52:00','09:52:00','6741279','13','',''),
('1524986201678300','09:53:00','09:53:00','6741280','14','',''),
('1624986181678300','11:06:00','11:06:00','6741257','1','',''),
('1624986181678300','11:08:00','11:08:00','6741259','2','',''),
('1624986181678300','11:12:00','11:12:00','6741260','3','',''),
('1624986181678300','11:13:00','11:13:00','6741262','4','',''),
('1624986181678300','11:14:00','11:14:00','6741264','5','',''),
('1624986181678300','11:15:00','11:15:00','6741266','6','',''),
('1624986181678300','11:19:00','11:19:00','6741268','7','',''),
('1624986181678300','11:20:00','11:20:00','6741270','8','',''),
('1624986181678300','11:20:00','11:20:00','6741271','9','',''),
('1624986181678300','11:21:00','11:21:00','6741273','10','',''),
('1624986181678300','11:22:00','11:22:00','6741275','11','',''),
('1624986181678300','11:24:00','11:24:00','6741277','12','',''),
('1624986181678300','11:28:00','11:28:00','6741279','13','',''),
('1624986181678300','11:29:00','11:29:00','6741280','14','',''),
('1624986191678300','09:46:00','09:46:00','6741257','1','',''),
('1624986191678300','09:48:00','09:48:00','6741259','2','',''),
('1624986191678300','09:52:00','09:52:00','6741260','3','',''),
('1624986191678300','09:53:00','09:53:00','6741262','4','',''),
('1624986191678300','09:54:00','09:54:00','6741264','5','',''),
('1624986191678300','09:55:00','09:55:00','6741266','6','',''),
('1624986191678300','09:59:00','09:59:00','6741268','7','',''),
('1624986191678300','10:00:00','10:00:00','6741270','8','',''),
('1624986191678300','10:00:00','10:00:00','6741271','9','',''),
('1624986191678300','10:01:00','10:01:00','6741273','10','',''),
('1624986191678300','10:02:00','10:02:00','6741275','11','',''),
('1624986191678300','10:04:00','10:04:00','6741277','12','',''),
('1624986191678300','10:08:00','10:08:00','6741279','13','',''),
('1624986191678300','10:09:00','10:09:00','6741280','14','',''),
('1624986201678300','09:46:00','09:46:00','6741257','1','',''),
('1624986201678300','09:48:00','09:48:00','6741259','2','',''),
('1624986201678300','09:52:00','09:52:00','6741260','3','',''),
('1624986201678300','09:53:00','09:53:00','6741262','4','',''),
('1624986201678300','09:54:00','09:54:00','6741264','5','',''),
('1624986201678300','09:55:00','09:55:00','6741266','6','',''),
('1624986201678300','09:59:00','09:59:00','6741268','7','',''),
('1624986201678300','10:00:00','10:00:00','6741270','8','',''),
('1624986201678300','10:00:00','10:00:00','6741271','9','',''),
('1624986201678300','10:01:00','10:01:00','6741273','10','',''),
('1624986201678300','10:02:00','10:02:00','6741275','11','',''),
('1624986201678300','10:04:00','10:04:00','6741277','12','',''),
('1624986201678300','10:08:00','10:08:00','6741279','13','',''),
('1624986201678300','10:09:00','10:09:00','6741280','14','',''),
('1724986181678300','11:22:00','11:22:00','6741257','1','',''),
('1724986181678300','11:24:00','11:24:00','6741259','2','',''),
('1724986181678300','11:28:00','11:28:00','6741260','3','',''),
('1724986181678300','11:29:00','11:29:00','6741262','4','',''),
('1724986181678300','11:30:00','11:30:00','6741264','5','',''),
('1724986181678300','11:31:00','11:31:00','6741266','6','',''),
('1724986181678300','11:35:00','11:35:00','6741268','7','',''),
('1724986181678300','11:36:00','11:36:00','6741270','8','',''),
('1724986181678300','11:36:00','11:36:00','6741271','9','',''),
('1724986181678300','11:37:00','11:37:00','6741273','10','',''),
('1724986181678300','11:38:00','11:38:00','6741275','11','',''),
('1724986181678300','11:40:00','11:40:00','6741277','12','',''),
('1724986181678300','11:44:00','11:44:00','6741279','13','',''),
('1724986181678300','11:45:00','11:45:00','6741280','14','',''),
('1724986191678300','10:02:00','10:02:00','6741257','1','',''),
('1724986191678300','10:04:00','10:04:00','6741259','2','',''),
('1724986191678300','10:08:00','10:08:00','6741260','3','',''),
('1724986191678300','10:09:00','10:09:00','6741262','4','',''),
('1724986191678300','10:10:00','10:10:00','6741264','5','',''),
('1724986191678300','10:11:00','10:11:00','6741266','6','',''),
('1724986191678300','10:15:00','10:15:00','6741268','7','',''),
('1724986191678300','10:16:00','10:16:00','6741270','8','',''),
('1724986191678300','10:16:00','10:16:00','6741271','9','',''),
('1724986191678300','10:17:00','10:17:00','6741273','10','',''),
('1724986191678300','10:18:00','10:18:00','6741275','11','',''),
('1724986191678300','10:20:00','10:20:00','6741277','12','',''),
('1724986191678300','10:24:00','10:24:00','6741279','13','',''),
('1724986191678300','10:25:00','10:25:00','6741280','14','',''),
('1724986201678300','10:02:00','10:02:00','6741257','1','',''),
('1724986201678300','10:04:00','10:04:00','6741259','2','',''),
('1724986201678300','10:08:00','10:08:00','6741260','3','',''),
('1724986201678300','10:09:00','10:09:00','6741262','4','',''),
('1724986201678300','10:10:00','10:10:00','6741264','5','',''),
('1724986201678300','10:11:00','10:11:00','6741266','6','',''),
('1724986201678300','10:15:00','10:15:00','6741268','7','',''),
('1724986201678300','10:16:00','10:16:00','6741270','8','',''),
('1724986201678300','10:16:00','10:16:00','6741271','9','',''),
('1724986201678300','10:17:00','10:17:00','6741273','10','',''),
('1724986201678300','10:18:00','10:18:00','6741275','11','',''),
('1724986201678300','10:20:00','10:20:00','6741277','12','',''),
('1724986201678300','10:24:00','10:24:00','6741279','13','',''),
('1724986201678300','10:25:00','10:25:00','6741280','14','',''),
('1824986181678300','11:38:00','11:38:00','6741257','1','',''),
('1824986181678300','11:40:00','11:40:00','6741259','2','',''),
('1824986181678300','11:44:00','11:44:00','6741260','3','',''),
('1824986181678300','11:45:00','11:45:00','6741262','4','',''),
('1824986181678300','11:46:00','11:46:00','6741264','5','',''),
('1824986181678300','11:47:00','11:47:00','6741266','6','',''),
('1824986181678300','11:51:00','11:51:00','6741268','7','',''),
('1824986181678300','11:52:00','11:52:00','6741270','8','',''),
('1824986181678300','11:52:00','11:52:00','6741271','9','',''),
('1824986181678300','11:53:00','11:53:00','6741273','10','',''),
('1824986181678300','11:54:00','11:54:00','6741275','11','',''),
('1824986181678300','11:56:00','11:56:00','6741277','12','',''),
('1824986181678300','12:00:00','12:00:00','6741279','13','',''),
('1824986181678300','12:01:00','12:01:00','6741280','14','',''),
('1824986191678300','10:18:00','10:18:00','6741257','1','',''),
('1824986191678300','10:20:00','10:20:00','6741259','2','',''),
('1824986191678300','10:24:00','10:24:00','6741260','3','',''),
('1824986191678300','10:25:00','10:25:00','6741262','4','',''),
('1824986191678300','10:26:00','10:26:00','6741264','5','',''),
('1824986191678300','10:27:00','10:27:00','6741266','6','',''),
('1824986191678300','10:31:00','10:31:00','6741268','7','',''),
('1824986191678300','10:32:00','10:32:00','6741270','8','',''),
('1824986191678300','10:32:00','10:32:00','6741271','9','',''),
('1824986191678300','10:33:00','10:33:00','6741273','10','',''),
('1824986191678300','10:34:00','10:34:00','6741275','11','',''),
('1824986191678300','10:36:00','10:36:00','6741277','12','',''),
('1824986191678300','10:40:00','10:40:00','6741279','13','',''),
('1824986191678300','10:41:00','10:41:00','6741280','14','',''),
('1824986201678300','10:18:00','10:18:00','6741257','1','',''),
('1824986201678300','10:20:00','10:20:00','6741259','2','',''),
('1824986201678300','10:24:00','10:24:00','6741260','3','',''),
('1824986201678300','10:25:00','10:25:00','6741262','4','',''),
('1824986201678300','10:26:00','10:26:00','6741264','5','',''),
('1824986201678300','10:27:00','10:27:00','6741266','6','',''),
('1824986201678300','10:31:00','10:31:00','6741268','7','',''),
('1824986201678300','10:32:00','10:32:00','6741270','8','',''),
('1824986201678300','10:32:00','10:32:00','6741271','9','',''),
('1824986201678300','10:33:00','10:33:00','6741273','10','',''),
('1824986201678300','10:34:00','10:34:00','6741275','11','',''),
('1824986201678300','10:36:00','10:36:00','6741277','12','',''),
('1824986201678300','10:40:00','10:40:00','6741279','13','',''),
('1824986201678300','10:41:00','10:41:00','6741280','14','',''),
('1924986181678300','11:54:00','11:54:00','6741257','1','',''),
('1924986181678300','11:56:00','11:56:00','6741259','2','',''),
('1924986181678300','12:00:00','12:00:00','6741260','3','',''),
('1924986181678300','12:01:00','12:01:00','6741262','4','',''),
('1924986181678300','12:02:00','12:02:00','6741264','5','',''),
('1924986181678300','12:03:00','12:03:00','6741266','6','',''),
('1924986181678300','12:07:00','12:07:00','6741268','7','',''),
('1924986181678300','12:08:00','12:08:00','6741270','8','',''),
('1924986181678300','12:08:00','12:08:00','6741271','9','',''),
('1924986181678300','12:09:00','12:09:00','6741273','10','',''),
('1924986181678300','12:10:00','12:10:00','6741275','11','',''),
('1924986181678300','12:12:00','12:12:00','6741277','12','',''),
('1924986181678300','12:16:00','12:16:00','6741279','13','',''),
('1924986181678300','12:17:00','12:17:00','6741280','14','',''),
('1924986191678300','10:34:00','10:34:00','6741257','1','',''),
('1924986191678300','10:36:00','10:36:00','6741259','2','',''),
('1924986191678300','10:40:00','10:40:00','6741260','3','',''),
('1924986191678300','10:41:00','10:41:00','6741262','4','',''),
('1924986191678300','10:42:00','10:42:00','6741264','5','',''),
('1924986191678300','10:43:00','10:43:00','6741266','6','',''),
('1924986191678300','10:47:00','10:47:00','6741268','7','',''),
('1924986191678300','10:48:00','10:48:00','6741270','8','',''),
('1924986191678300','10:48:00','10:48:00','6741271','9','',''),
('1924986191678300','10:49:00','10:49:00','6741273','10','',''),
('1924986191678300','10:50:00','10:50:00','6741275','11','',''),
('1924986191678300','10:52:00','10:52:00','6741277','12','',''),
('1924986191678300','10:56:00','10:56:00','6741279','13','',''),
('1924986191678300','10:57:00','10:57:00','6741280','14','',''),
('1924986201678300','10:34:00','10:34:00','6741257','1','',''),
('1924986201678300','10:36:00','10:36:00','6741259','2','',''),
('1924986201678300','10:40:00','10:40:00','6741260','3','',''),
('1924986201678300','10:41:00','10:41:00','6741262','4','',''),
('1924986201678300','10:42:00','10:42:00','6741264','5','',''),
('1924986201678300','10:43:00','10:43:00','6741266','6','',''),
('1924986201678300','10:47:00','10:47:00','6741268','7','',''),
('1924986201678300','10:48:00','10:48:00','6741270','8','',''),
('1924986201678300','10:48:00','10:48:00','6741271','9','',''),
('1924986201678300','10:49:00','10:49:00','6741273','10','',''),
('1924986201678300','10:50:00','10:50:00','6741275','11','',''),
('1924986201678300','10:52:00','10:52:00','6741277','12','',''),
('1924986201678300','10:56:00','10:56:00','6741279','13','',''),
('1924986201678300','10:57:00','10:57:00','6741280','14','',''),
('2024986181678300','12:10:00','12:10:00','6741257','1','',''),
('2024986181678300','12:12:00','12:12:00','6741259','2','',''),
('2024986181678300','12:16:00','12:16:00','6741260','3','',''),
('2024986181678300','12:17:00','12:17:00','6741262','4','',''),
('2024986181678300','12:18:00','12:18:00','6741264','5','',''),
('2024986181678300','12:19:00','12:19:00','6741266','6','',''),
('2024986181678300','12:23:00','12:23:00','6741268','7','',''),
('2024986181678300','12:24:00','12:24:00','6741270','8','',''),
('2024986181678300','12:24:00','12:24:00','6741271','9','',''),
('2024986181678300','12:25:00','12:25:00','6741273','10','',''),
('2024986181678300','12:26:00','12:26:00','6741275','11','',''),
('2024986181678300','12:28:00','12:28:00','6741277','12','',''),
('2024986181678300','12:32:00','12:32:00','6741279','13','',''),
('2024986181678300','12:33:00','12:33:00','6741280','14','',''),
('2024986191678300','10:50:00','10:50:00','6741257','1','',''),
('2024986191678300','10:52:00','10:52:00','6741259','2','',''),
('2024986191678300','10:56:00','10:56:00','6741260','3','',''),
('2024986191678300','10:57:00','10:57:00','6741262','4','',''),
('2024986191678300','10:58:00','10:58:00','6741264','5','',''),
('2024986191678300','10:59:00','10:59:00','6741266','6','',''),
('2024986191678300','11:03:00','11:03:00','6741268','7','',''),
('2024986191678300','11:04:00','11:04:00','6741270','8','',''),
('2024986191678300','11:04:00','11:04:00','6741271','9','',''),
('2024986191678300','11:05:00','11:05:00','6741273','10','',''),
('2024986191678300','11:06:00','11:06:00','6741275','11','',''),
('2024986191678300','11:08:00','11:08:00','6741277','12','',''),
('2024986191678300','11:12:00','11:12:00','6741279','13','',''),
('2024986191678300','11:13:00','11:13:00','6741280','14','',''),
('2024986201678300','10:50:00','10:50:00','6741257','1','',''),
('2024986201678300','10:52:00','10:52:00','6741259','2','',''),
('2024986201678300','10:56:00','10:56:00','6741260','3','',''),
('2024986201678300','10:57:00','10:57:00','6741262','4','',''),
('2024986201678300','10:58:00','10:58:00','6741264','5','',''),
('2024986201678300','10:59:00','10:59:00','6741266','6','',''),
('2024986201678300','11:03:00','11:03:00','6741268','7','',''),
('2024986201678300','11:04:00','11:04:00','6741270','8','',''),
('2024986201678300','11:04:00','11:04:00','6741271','9','',''),
('2024986201678300','11:05:00','11:05:00','6741273','10','',''),
('2024986201678300','11:06:00','11:06:00','6741275','11','',''),
('2024986201678300','11:08:00','11:08:00','6741277','12','',''),
('2024986201678300','11:12:00','11:12:00','6741279','13','',''),
('2024986201678300','11:13:00','11:13:00','6741280','14','',''),
('2124986181678300','12:26:00','12:26:00','6741257','1','',''),
('2124986181678300','12:28:00','12:28:00','6741259','2','',''),
('2124986181678300','12:32:00','12:32:00','6741260','3','',''),
('2124986181678300','12:33:00','12:33:00','6741262','4','',''),
('2124986181678300','12:34:00','12:34:00','6741264','5','',''),
('2124986181678300','12:35:00','12:35:00','6741266','6','',''),
('2124986181678300','12:39:00','12:39:00','6741268','7','',''),
('2124986181678300','12:40:00','12:40:00','6741270','8','',''),
('2124986181678300','12:40:00','12:40:00','6741271','9','',''),
('2124986181678300','12:41:00','12:41:00','6741273','10','',''),
('2124986181678300','12:42:00','12:42:00','6741275','11','',''),
('2124986181678300','12:44:00','12:44:00','6741277','12','',''),
('2124986181678300','12:48:00','12:48:00','6741279','13','',''),
('2124986181678300','12:49:00','12:49:00','6741280','14','',''),
('2124986191678300','11:06:00','11:06:00','6741257','1','',''),
('2124986191678300','11:08:00','11:08:00','6741259','2','',''),
('2124986191678300','11:12:00','11:12:00','6741260','3','',''),
('2124986191678300','11:13:00','11:13:00','6741262','4','',''),
('2124986191678300','11:14:00','11:14:00','6741264','5','',''),
('2124986191678300','11:15:00','11:15:00','6741266','6','',''),
('2124986191678300','11:19:00','11:19:00','6741268','7','',''),
('2124986191678300','11:20:00','11:20:00','6741270','8','',''),
('2124986191678300','11:20:00','11:20:00','6741271','9','',''),
('2124986191678300','11:21:00','11:21:00','6741273','10','',''),
('2124986191678300','11:22:00','11:22:00','6741275','11','',''),
('2124986191678300','11:24:00','11:24:00','6741277','12','',''),
('2124986191678300','11:28:00','11:28:00','6741279','13','',''),
('2124986191678300','11:29:00','11:29:00','6741280','14','',''),
('2124986201678300','11:06:00','11:06:00','6741257','1','',''),
('2124986201678300','11:08:00','11:08:00','6741259','2','',''),
('2124986201678300','11:12:00','11:12:00','6741260','3','',''),
('2124986201678300','11:13:00','11:13:00','6741262','4','',''),
('2124986201678300','11:14:00','11:14:00','6741264','5','',''),
('2124986201678300','11:15:00','11:15:00','6741266','6','',''),
('2124986201678300','11:19:00','11:19:00','6741268','7','',''),
('2124986201678300','11:20:00','11:20:00','6741270','8','',''),
('2124986201678300','11:20:00','11:20:00','6741271','9','',''),
('2124986201678300','11:21:00','11:21:00','6741273','10','',''),
('2124986201678300','11:22:00','11:22:00','6741275','11','',''),
('2124986201678300','11:24:00','11:24:00','6741277','12','',''),
('2124986201678300','11:28:00','11:28:00','6741279','13','',''),
('2124986201678300','11:29:00','11:29:00','6741280','14','',''),
('2224986181678300','12:42:00','12:42:00','6741257','1','',''),
('2224986181678300','12:44:00','12:44:00','6741259','2','',''),
('2224986181678300','12:48:00','12:48:00','6741260','3','',''),
('2224986181678300','12:49:00','12:49:00','6741262','4','',''),
('2224986181678300','12:50:00','12:50:00','6741264','5','',''),
('2224986181678300','12:51:00','12:51:00','6741266','6','',''),
('2224986181678300','12:55:00','12:55:00','6741268','7','',''),
('2224986181678300','12:56:00','12:56:00','6741270','8','',''),
('2224986181678300','12:56:00','12:56:00','6741271','9','',''),
('2224986181678300','12:57:00','12:57:00','6741273','10','',''),
('2224986181678300','12:58:00','12:58:00','6741275','11','',''),
('2224986181678300','13:00:00','13:00:00','6741277','12','',''),
('2224986181678300','13:04:00','13:04:00','6741279','13','',''),
('2224986181678300','13:05:00','13:05:00','6741280','14','',''),
('2224986191678300','11:22:00','11:22:00','6741257','1','',''),
('2224986191678300','11:24:00','11:24:00','6741259','2','',''),
('2224986191678300','11:28:00','11:28:00','6741260','3','',''),
('2224986191678300','11:29:00','11:29:00','6741262','4','',''),
('2224986191678300','11:30:00','11:30:00','6741264','5','',''),
('2224986191678300','11:31:00','11:31:00','6741266','6','',''),
('2224986191678300','11:35:00','11:35:00','6741268','7','',''),
('2224986191678300','11:36:00','11:36:00','6741270','8','',''),
('2224986191678300','11:36:00','11:36:00','6741271','9','',''),
('2224986191678300','11:37:00','11:37:00','6741273','10','',''),
('2224986191678300','11:38:00','11:38:00','6741275','11','',''),
('2224986191678300','11:40:00','11:40:00','6741277','12','',''),
('2224986191678300','11:44:00','11:44:00','6741279','13','',''),
('2224986191678300','11:45:00','11:45:00','6741280','14','',''),
('2224986201678300','11:22:00','11:22:00','6741257','1','',''),
('2224986201678300','11:24:00','11:24:00','6741259','2','',''),
('2224986201678300','11:28:00','11:28:00','6741260','3','',''),
('2224986201678300','11:29:00','11:29:00','6741262','4','',''),
('2224986201678300','11:30:00','11:30:00','6741264','5','',''),
('2224986201678300','11:31:00','11:31:00','6741266','6','',''),
('2224986201678300','11:35:00','11:35:00','6741268','7','',''),
('2224986201678300','11:36:00','11:36:00','6741270','8','',''),
('2224986201678300','11:36:00','11:36:00','6741271','9','',''),
('2224986201678300','11:37:00','11:37:00','6741273','10','',''),
('2224986201678300','11:38:00','11:38:00','6741275','11','',''),
('2224986201678300','11:40:00','11:40:00','6741277','12','',''),
('2224986201678300','11:44:00','11:44:00','6741279','13','',''),
('2224986201678300','11:45:00','11:45:00','6741280','14','',''),
('224986181678300','07:20:00','07:20:00','6741257','1','',''),
('224986181678300','07:22:00','07:22:00','6741259','2','',''),
('224986181678300','07:26:00','07:26:00','6741260','3','',''),
('224986181678300','07:27:00','07:27:00','6741262','4','',''),
('224986181678300','07:28:00','07:28:00','6741264','5','',''),
('224986181678300','07:29:00','07:29:00','6741266','6','',''),
('224986181678300','07:33:00','07:33:00','6741268','7','',''),
('224986181678300','07:34:00','07:34:00','6741270','8','',''),
('224986181678300','07:34:00','07:34:00','6741271','9','',''),
('224986181678300','07:35:00','07:35:00','6741273','10','',''),
('224986181678300','07:36:00','07:36:00','6741275','11','',''),
('224986181678300','07:39:00','07:39:00','6741277','12','',''),
('224986181678300','07:43:00','07:43:00','6741279','13','',''),
('224986181678300','07:45:00','07:45:00','6741280','14','',''),
('224986191678300','06:00:00','06:00:00','6741257','1','',''),
('224986191678300','06:02:00','06:02:00','6741259','2','',''),
('224986191678300','06:06:00','06:06:00','6741260','3','',''),
('224986191678300','06:07:00','06:07:00','6741262','4','',''),
('224986191678300','06:08:00','06:08:00','6741264','5','',''),
('224986191678300','06:09:00','06:09:00','6741266','6','',''),
('224986191678300','06:13:00','06:13:00','6741268','7','',''),
('224986191678300','06:14:00','06:14:00','6741270','8','',''),
('224986191678300','06:14:00','06:14:00','6741271','9','',''),
('224986191678300','06:15:00','06:15:00','6741273','10','',''),
('224986191678300','06:16:00','06:16:00','6741275','11','',''),
('224986191678300','06:18:00','06:18:00','6741277','12','',''),
('224986191678300','06:22:00','06:22:00','6741279','13','',''),
('224986191678300','06:23:00','06:23:00','6741280','14','',''),
('224986201678300','06:00:00','06:00:00','6741257','1','',''),
('224986201678300','06:02:00','06:02:00','6741259','2','',''),
('224986201678300','06:06:00','06:06:00','6741260','3','',''),
('224986201678300','06:07:00','06:07:00','6741262','4','',''),
('224986201678300','06:08:00','06:08:00','6741264','5','',''),
('224986201678300','06:09:00','06:09:00','6741266','6','',''),
('224986201678300','06:13:00','06:13:00','6741268','7','',''),
('224986201678300','06:14:00','06:14:00','6741270','8','',''),
('224986201678300','06:14:00','06:14:00','6741271','9','',''),
('224986201678300','06:15:00','06:15:00','6741273','10','',''),
('224986201678300','06:16:00','06:16:00','6741275','11','',''),
('224986201678300','06:18:00','06:18:00','6741277','12','',''),
('224986201678300','06:22:00','06:22:00','6741279','13','',''),
('224986201678300','06:23:00','06:23:00','6741280','14','',''),
('2324986181678300','12:58:00','12:58:00','6741257','1','',''),
('2324986181678300','13:00:00','13:00:00','6741259','2','',''),
('2324986181678300','13:04:00','13:04:00','6741260','3','',''),
('2324986181678300','13:05:00','13:05:00','6741262','4','',''),
('2324986181678300','13:06:00','13:06:00','6741264','5','',''),
('2324986181678300','13:07:00','13:07:00','6741266','6','',''),
('2324986181678300','13:11:00','13:11:00','6741268','7','',''),
('2324986181678300','13:12:00','13:12:00','6741270','8','',''),
('2324986181678300','13:12:00','13:12:00','6741271','9','',''),
('2324986181678300','13:13:00','13:13:00','6741273','10','',''),
('2324986181678300','13:14:00','13:14:00','6741275','11','',''),
('2324986181678300','13:16:00','13:16:00','6741277','12','',''),
('2324986181678300','13:20:00','13:20:00','6741279','13','',''),
('2324986181678300','13:21:00','13:21:00','6741280','14','',''),
('2324986191678300','11:38:00','11:38:00','6741257','1','',''),
('2324986191678300','11:40:00','11:40:00','6741259','2','',''),
('2324986191678300','11:44:00','11:44:00','6741260','3','',''),
('2324986191678300','11:45:00','11:45:00','6741262','4','',''),
('2324986191678300','11:46:00','11:46:00','6741264','5','',''),
('2324986191678300','11:47:00','11:47:00','6741266','6','',''),
('2324986191678300','11:51:00','11:51:00','6741268','7','',''),
('2324986191678300','11:52:00','11:52:00','6741270','8','',''),
('2324986191678300','11:52:00','11:52:00','6741271','9','',''),
('2324986191678300','11:53:00','11:53:00','6741273','10','',''),
('2324986191678300','11:54:00','11:54:00','6741275','11','',''),
('2324986191678300','11:56:00','11:56:00','6741277','12','',''),
('2324986191678300','12:00:00','12:00:00','6741279','13','',''),
('2324986191678300','12:01:00','12:01:00','6741280','14','',''),
('2324986201678300','11:38:00','11:38:00','6741257','1','',''),
('2324986201678300','11:40:00','11:40:00','6741259','2','',''),
('2324986201678300','11:44:00','11:44:00','6741260','3','',''),
('2324986201678300','11:45:00','11:45:00','6741262','4','',''),
('2324986201678300','11:46:00','11:46:00','6741264','5','',''),
('2324986201678300','11:47:00','11:47:00','6741266','6','',''),
('2324986201678300','11:51:00','11:51:00','6741268','7','',''),
('2324986201678300','11:52:00','11:52:00','6741270','8','',''),
('2324986201678300','11:52:00','11:52:00','6741271','9','',''),
('2324986201678300','11:53:00','11:53:00','6741273','10','',''),
('2324986201678300','11:54:00','11:54:00','6741275','11','',''),
('2324986201678300','11:56:00','11:56:00','6741277','12','',''),
('2324986201678300','12:00:00','12:00:00','6741279','13','',''),
('2324986201678300','12:01:00','12:01:00','6741280','14','',''),
('2424986181678300','13:14:00','13:14:00','6741257','1','',''),
('2424986181678300','13:16:00','13:16:00','6741259','2','',''),
('2424986181678300','13:20:00','13:20:00','6741260','3','',''),
('2424986181678300','13:21:00','13:21:00','6741262','4','',''),
('2424986181678300','13:22:00','13:22:00','6741264','5','',''),
('2424986181678300','13:23:00','13:23:00','6741266','6','',''),
('2424986181678300','13:27:00','13:27:00','6741268','7','',''),
('2424986181678300','13:28:00','13:28:00','6741270','8','',''),
('2424986181678300','13:28:00','13:28:00','6741271','9','',''),
('2424986181678300','13:29:00','13:29:00','6741273','10','',''),
('2424986181678300','13:30:00','13:30:00','6741275','11','',''),
('2424986181678300','13:32:00','13:32:00','6741277','12','',''),
('2424986181678300','13:36:00','13:36:00','6741279','13','',''),
('2424986181678300','13:37:00','13:37:00','6741280','14','',''),
('2424986191678300','11:54:00','11:54:00','6741257','1','',''),
('2424986191678300','11:56:00','11:56:00','6741259','2','',''),
('2424986191678300','12:00:00','12:00:00','6741260','3','',''),
('2424986191678300','12:01:00','12:01:00','6741262','4','',''),
('2424986191678300','12:02:00','12:02:00','6741264','5','',''),
('2424986191678300','12:03:00','12:03:00','6741266','6','',''),
('2424986191678300','12:07:00','12:07:00','6741268','7','',''),
('2424986191678300','12:08:00','12:08:00','6741270','8','',''),
('2424986191678300','12:08:00','12:08:00','6741271','9','',''),
('2424986191678300','12:09:00','12:09:00','6741273','10','',''),
('2424986191678300','12:10:00','12:10:00','6741275','11','',''),
('2424986191678300','12:12:00','12:12:00','6741277','12','',''),
('2424986191678300','12:16:00','12:16:00','6741279','13','',''),
('2424986191678300','12:17:00','12:17:00','6741280','14','',''),
('2424986201678300','11:54:00','11:54:00','6741257','1','',''),
('2424986201678300','11:56:00','11:56:00','6741259','2','',''),
('2424986201678300','12:00:00','12:00:00','6741260','3','',''),
('2424986201678300','12:01:00','12:01:00','6741262','4','',''),
('2424986201678300','12:02:00','12:02:00','6741264','5','',''),
('2424986201678300','12:03:00','12:03:00','6741266','6','',''),
('2424986201678300','12:07:00','12:07:00','6741268','7','',''),
('2424986201678300','12:08:00','12:08:00','6741270','8','',''),
('2424986201678300','12:08:00','12:08:00','6741271','9','',''),
('2424986201678300','12:09:00','12:09:00','6741273','10','',''),
('2424986201678300','12:10:00','12:10:00','6741275','11','',''),
('2424986201678300','12:12:00','12:12:00','6741277','12','',''),
('2424986201678300','12:16:00','12:16:00','6741279','13','',''),
('2424986201678300','12:17:00','12:17:00','6741280','14','',''),
('2524986181678300','13:30:00','13:30:00','6741257','1','',''),
('2524986181678300','13:32:00','13:32:00','6741259','2','',''),
('2524986181678300','13:36:00','13:36:00','6741260','3','',''),
('2524986181678300','13:37:00','13:37:00','6741262','4','',''),
('2524986181678300','13:38:00','13:38:00','6741264','5','',''),
('2524986181678300','13:39:00','13:39:00','6741266','6','',''),
('2524986181678300','13:43:00','13:43:00','6741268','7','',''),
('2524986181678300','13:44:00','13:44:00','6741270','8','',''),
('2524986181678300','13:44:00','13:44:00','6741271','9','',''),
('2524986181678300','13:45:00','13:45:00','6741273','10','',''),
('2524986181678300','13:46:00','13:46:00','6741275','11','',''),
('2524986181678300','13:48:00','13:48:00','6741277','12','',''),
('2524986181678300','13:52:00','13:52:00','6741279','13','',''),
('2524986181678300','13:53:00','13:53:00','6741280','14','',''),
('2524986191678300','12:10:00','12:10:00','6741257','1','',''),
('2524986191678300','12:12:00','12:12:00','6741259','2','',''),
('2524986191678300','12:16:00','12:16:00','6741260','3','',''),
('2524986191678300','12:17:00','12:17:00','6741262','4','',''),
('2524986191678300','12:18:00','12:18:00','6741264','5','',''),
('2524986191678300','12:19:00','12:19:00','6741266','6','',''),
('2524986191678300','12:23:00','12:23:00','6741268','7','',''),
('2524986191678300','12:24:00','12:24:00','6741270','8','',''),
('2524986191678300','12:24:00','12:24:00','6741271','9','',''),
('2524986191678300','12:25:00','12:25:00','6741273','10','',''),
('2524986191678300','12:26:00','12:26:00','6741275','11','',''),
('2524986191678300','12:28:00','12:28:00','6741277','12','',''),
('2524986191678300','12:32:00','12:32:00','6741279','13','',''),
('2524986191678300','12:33:00','12:33:00','6741280','14','',''),
('2524986201678300','12:10:00','12:10:00','6741257','1','',''),
('2524986201678300','12:12:00','12:12:00','6741259','2','',''),
('2524986201678300','12:16:00','12:16:00','6741260','3','',''),
('2524986201678300','12:17:00','12:17:00','6741262','4','',''),
('2524986201678300','12:18:00','12:18:00','6741264','5','',''),
('2524986201678300','12:19:00','12:19:00','6741266','6','',''),
('2524986201678300','12:23:00','12:23:00','6741268','7','',''),
('2524986201678300','12:24:00','12:24:00','6741270','8','',''),
('2524986201678300','12:24:00','12:24:00','6741271','9','',''),
('2524986201678300','12:25:00','12:25:00','6741273','10','',''),
('2524986201678300','12:26:00','12:26:00','6741275','11','',''),
('2524986201678300','12:28:00','12:28:00','6741277','12','',''),
('2524986201678300','12:32:00','12:32:00','6741279','13','',''),
('2524986201678300','12:33:00','12:33:00','6741280','14','',''),
('2624986181678300','13:46:00','13:46:00','6741257','1','',''),
('2624986181678300','13:48:00','13:48:00','6741259','2','',''),
('2624986181678300','13:52:00','13:52:00','6741260','3','',''),
('2624986181678300','13:53:00','13:53:00','6741262','4','',''),
('2624986181678300','13:54:00','13:54:00','6741264','5','',''),
('2624986181678300','13:55:00','13:55:00','6741266','6','',''),
('2624986181678300','13:59:00','13:59:00','6741268','7','',''),
('2624986181678300','14:00:00','14:00:00','6741270','8','',''),
('2624986181678300','14:00:00','14:00:00','6741271','9','',''),
('2624986181678300','14:01:00','14:01:00','6741273','10','',''),
('2624986181678300','14:02:00','14:02:00','6741275','11','',''),
('2624986181678300','14:04:00','14:04:00','6741277','12','',''),
('2624986181678300','14:08:00','14:08:00','6741279','13','',''),
('2624986181678300','14:09:00','14:09:00','6741280','14','',''),
('2624986191678300','12:26:00','12:26:00','6741257','1','',''),
('2624986191678300','12:28:00','12:28:00','6741259','2','',''),
('2624986191678300','12:32:00','12:32:00','6741260','3','',''),
('2624986191678300','12:33:00','12:33:00','6741262','4','',''),
('2624986191678300','12:34:00','12:34:00','6741264','5','',''),
('2624986191678300','12:35:00','12:35:00','6741266','6','',''),
('2624986191678300','12:39:00','12:39:00','6741268','7','',''),
('2624986191678300','12:40:00','12:40:00','6741270','8','',''),
('2624986191678300','12:40:00','12:40:00','6741271','9','',''),
('2624986191678300','12:41:00','12:41:00','6741273','10','',''),
('2624986191678300','12:42:00','12:42:00','6741275','11','',''),
('2624986191678300','12:44:00','12:44:00','6741277','12','',''),
('2624986191678300','12:48:00','12:48:00','6741279','13','',''),
('2624986191678300','12:49:00','12:49:00','6741280','14','',''),
('2624986201678300','12:26:00','12:26:00','6741257','1','',''),
('2624986201678300','12:28:00','12:28:00','6741259','2','',''),
('2624986201678300','12:32:00','12:32:00','6741260','3','',''),
('2624986201678300','12:33:00','12:33:00','6741262','4','',''),
('2624986201678300','12:34:00','12:34:00','6741264','5','',''),
('2624986201678300','12:35:00','12:35:00','6741266','6','',''),
('2624986201678300','12:39:00','12:39:00','6741268','7','',''),
('2624986201678300','12:40:00','12:40:00','6741270','8','',''),
('2624986201678300','12:40:00','12:40:00','6741271','9','',''),
('2624986201678300','12:41:00','12:41:00','6741273','10','',''),
('2624986201678300','12:42:00','12:42:00','6741275','11','',''),
('2624986201678300','12:44:00','12:44:00','6741277','12','',''),
('2624986201678300','12:48:00','12:48:00','6741279','13','',''),
('2624986201678300','12:49:00','12:49:00','6741280','14','',''),
('2724986181678300','14:02:00','14:02:00','6741257','1','',''),
('2724986181678300','14:04:00','14:04:00','6741259','2','',''),
('2724986181678300','14:08:00','14:08:00','6741260','3','',''),
('2724986181678300','14:09:00','14:09:00','6741262','4','',''),
('2724986181678300','14:10:00','14:10:00','6741264','5','',''),
('2724986181678300','14:11:00','14:11:00','6741266','6','',''),
('2724986181678300','14:15:00','14:15:00','6741268','7','',''),
('2724986181678300','14:16:00','14:16:00','6741270','8','',''),
('2724986181678300','14:16:00','14:16:00','6741271','9','',''),
('2724986181678300','14:17:00','14:17:00','6741273','10','',''),
('2724986181678300','14:18:00','14:18:00','6741275','11','',''),
('2724986181678300','14:20:00','14:20:00','6741277','12','',''),
('2724986181678300','14:24:00','14:24:00','6741279','13','',''),
('2724986181678300','14:25:00','14:25:00','6741280','14','',''),
('2724986191678300','12:42:00','12:42:00','6741257','1','',''),
('2724986191678300','12:44:00','12:44:00','6741259','2','',''),
('2724986191678300','12:48:00','12:48:00','6741260','3','',''),
('2724986191678300','12:49:00','12:49:00','6741262','4','',''),
('2724986191678300','12:50:00','12:50:00','6741264','5','',''),
('2724986191678300','12:51:00','12:51:00','6741266','6','',''),
('2724986191678300','12:55:00','12:55:00','6741268','7','',''),
('2724986191678300','12:56:00','12:56:00','6741270','8','',''),
('2724986191678300','12:56:00','12:56:00','6741271','9','',''),
('2724986191678300','12:57:00','12:57:00','6741273','10','',''),
('2724986191678300','12:58:00','12:58:00','6741275','11','',''),
('2724986191678300','13:00:00','13:00:00','6741277','12','',''),
('2724986191678300','13:04:00','13:04:00','6741279','13','',''),
('2724986191678300','13:05:00','13:05:00','6741280','14','',''),
('2724986201678300','12:42:00','12:42:00','6741257','1','',''),
('2724986201678300','12:44:00','12:44:00','6741259','2','',''),
('2724986201678300','12:48:00','12:48:00','6741260','3','',''),
('2724986201678300','12:49:00','12:49:00','6741262','4','',''),
('2724986201678300','12:50:00','12:50:00','6741264','5','',''),
('2724986201678300','12:51:00','12:51:00','6741266','6','',''),
('2724986201678300','12:55:00','12:55:00','6741268','7','',''),
('2724986201678300','12:56:00','12:56:00','6741270','8','',''),
('2724986201678300','12:56:00','12:56:00','6741271','9','',''),
('2724986201678300','12:57:00','12:57:00','6741273','10','',''),
('2724986201678300','12:58:00','12:58:00','6741275','11','',''),
('2724986201678300','13:00:00','13:00:00','6741277','12','',''),
('2724986201678300','13:04:00','13:04:00','6741279','13','',''),
('2724986201678300','13:05:00','13:05:00','6741280','14','',''),
('2824986181678300','14:18:00','14:18:00','6741257','1','',''),
('2824986181678300','14:20:00','14:20:00','6741259','2','',''),
('2824986181678300','14:24:00','14:24:00','6741260','3','',''),
('2824986181678300','14:25:00','14:25:00','6741262','4','',''),
('2824986181678300','14:26:00','14:26:00','6741264','5','',''),
('2824986181678300','14:27:00','14:27:00','6741266','6','',''),
('2824986181678300','14:31:00','14:31:00','6741268','7','',''),
('2824986181678300','14:32:00','14:32:00','6741270','8','',''),
('2824986181678300','14:32:00','14:32:00','6741271','9','',''),
('2824986181678300','14:33:00','14:33:00','6741273','10','',''),
('2824986181678300','14:34:00','14:34:00','6741275','11','',''),
('2824986181678300','14:36:00','14:36:00','6741277','12','',''),
('2824986181678300','14:40:00','14:40:00','6741279','13','',''),
('2824986181678300','14:41:00','14:41:00','6741280','14','',''),
('2824986191678300','12:58:00','12:58:00','6741257','1','',''),
('2824986191678300','13:00:00','13:00:00','6741259','2','',''),
('2824986191678300','13:04:00','13:04:00','6741260','3','',''),
('2824986191678300','13:05:00','13:05:00','6741262','4','',''),
('2824986191678300','13:06:00','13:06:00','6741264','5','',''),
('2824986191678300','13:07:00','13:07:00','6741266','6','',''),
('2824986191678300','13:11:00','13:11:00','6741268','7','',''),
('2824986191678300','13:12:00','13:12:00','6741270','8','',''),
('2824986191678300','13:12:00','13:12:00','6741271','9','',''),
('2824986191678300','13:13:00','13:13:00','6741273','10','',''),
('2824986191678300','13:14:00','13:14:00','6741275','11','',''),
('2824986191678300','13:16:00','13:16:00','6741277','12','',''),
('2824986191678300','13:20:00','13:20:00','6741279','13','',''),
('2824986191678300','13:21:00','13:21:00','6741280','14','',''),
('2824986201678300','12:58:00','12:58:00','6741257','1','',''),
('2824986201678300','13:00:00','13:00:00','6741259','2','',''),
('2824986201678300','13:04:00','13:04:00','6741260','3','',''),
('2824986201678300','13:05:00','13:05:00','6741262','4','',''),
('2824986201678300','13:06:00','13:06:00','6741264','5','',''),
('2824986201678300','13:07:00','13:07:00','6741266','6','',''),
('2824986201678300','13:11:00','13:11:00','6741268','7','',''),
('2824986201678300','13:12:00','13:12:00','6741270','8','',''),
('2824986201678300','13:12:00','13:12:00','6741271','9','',''),
('2824986201678300','13:13:00','13:13:00','6741273','10','',''),
('2824986201678300','13:14:00','13:14:00','6741275','11','',''),
('2824986201678300','13:16:00','13:16:00','6741277','12','',''),
('2824986201678300','13:20:00','13:20:00','6741279','13','',''),
('2824986201678300','13:21:00','13:21:00','6741280','14','',''),
('2924986181678300','14:34:00','14:34:00','6741257','1','',''),
('2924986181678300','14:36:00','14:36:00','6741259','2','',''),
('2924986181678300','14:40:00','14:40:00','6741260','3','',''),
('2924986181678300','14:41:00','14:41:00','6741262','4','',''),
('2924986181678300','14:42:00','14:42:00','6741264','5','',''),
('2924986181678300','14:43:00','14:43:00','6741266','6','',''),
('2924986181678300','14:47:00','14:47:00','6741268','7','',''),
('2924986181678300','14:48:00','14:48:00','6741270','8','',''),
('2924986181678300','14:48:00','14:48:00','6741271','9','',''),
('2924986181678300','14:49:00','14:49:00','6741273','10','',''),
('2924986181678300','14:50:00','14:50:00','6741275','11','',''),
('2924986181678300','14:52:00','14:52:00','6741277','12','',''),
('2924986181678300','14:56:00','14:56:00','6741279','13','',''),
('2924986181678300','14:57:00','14:57:00','6741280','14','',''),
('2924986191678300','13:14:00','13:14:00','6741257','1','',''),
('2924986191678300','13:16:00','13:16:00','6741259','2','',''),
('2924986191678300','13:20:00','13:20:00','6741260','3','',''),
('2924986191678300','13:21:00','13:21:00','6741262','4','',''),
('2924986191678300','13:22:00','13:22:00','6741264','5','',''),
('2924986191678300','13:23:00','13:23:00','6741266','6','',''),
('2924986191678300','13:27:00','13:27:00','6741268','7','',''),
('2924986191678300','13:28:00','13:28:00','6741270','8','',''),
('2924986191678300','13:28:00','13:28:00','6741271','9','',''),
('2924986191678300','13:29:00','13:29:00','6741273','10','',''),
('2924986191678300','13:30:00','13:30:00','6741275','11','',''),
('2924986191678300','13:32:00','13:32:00','6741277','12','',''),
('2924986191678300','13:36:00','13:36:00','6741279','13','',''),
('2924986191678300','13:37:00','13:37:00','6741280','14','',''),
('2924986201678300','13:14:00','13:14:00','6741257','1','',''),
('2924986201678300','13:16:00','13:16:00','6741259','2','',''),
('2924986201678300','13:20:00','13:20:00','6741260','3','',''),
('2924986201678300','13:21:00','13:21:00','6741262','4','',''),
('2924986201678300','13:22:00','13:22:00','6741264','5','',''),
('2924986201678300','13:23:00','13:23:00','6741266','6','',''),
('2924986201678300','13:27:00','13:27:00','6741268','7','',''),
('2924986201678300','13:28:00','13:28:00','6741270','8','',''),
('2924986201678300','13:28:00','13:28:00','6741271','9','',''),
('2924986201678300','13:29:00','13:29:00','6741273','10','',''),
('2924986201678300','13:30:00','13:30:00','6741275','11','',''),
('2924986201678300','13:32:00','13:32:00','6741277','12','',''),
('2924986201678300','13:36:00','13:36:00','6741279','13','',''),
('2924986201678300','13:37:00','13:37:00','6741280','14','',''),
('3024986181678300','14:50:00','14:50:00','6741257','1','',''),
('3024986181678300','14:52:00','14:52:00','6741259','2','',''),
('3024986181678300','14:56:00','14:56:00','6741260','3','',''),
('3024986181678300','14:57:00','14:57:00','6741262','4','',''),
('3024986181678300','14:58:00','14:58:00','6741264','5','',''),
('3024986181678300','14:59:00','14:59:00','6741266','6','',''),
('3024986181678300','15:03:00','15:03:00','6741268','7','',''),
('3024986181678300','15:04:00','15:04:00','6741270','8','',''),
('3024986181678300','15:04:00','15:04:00','6741271','9','',''),
('3024986181678300','15:05:00','15:05:00','6741273','10','',''),
('3024986181678300','15:06:00','15:06:00','6741275','11','',''),
('3024986181678300','15:08:00','15:08:00','6741277','12','',''),
('3024986181678300','15:12:00','15:12:00','6741279','13','',''),
('3024986181678300','15:13:00','15:13:00','6741280','14','',''),
('3024986191678300','13:30:00','13:30:00','6741257','1','',''),
('3024986191678300','13:32:00','13:32:00','6741259','2','',''),
('3024986191678300','13:36:00','13:36:00','6741260','3','',''),
('3024986191678300','13:37:00','13:37:00','6741262','4','',''),
('3024986191678300','13:38:00','13:38:00','6741264','5','',''),
('3024986191678300','13:39:00','13:39:00','6741266','6','',''),
('3024986191678300','13:43:00','13:43:00','6741268','7','',''),
('3024986191678300','13:44:00','13:44:00','6741270','8','',''),
('3024986191678300','13:44:00','13:44:00','6741271','9','',''),
('3024986191678300','13:45:00','13:45:00','6741273','10','',''),
('3024986191678300','13:46:00','13:46:00','6741275','11','',''),
('3024986191678300','13:48:00','13:48:00','6741277','12','',''),
('3024986191678300','13:52:00','13:52:00','6741279','13','',''),
('3024986191678300','13:53:00','13:53:00','6741280','14','',''),
('3024986201678300','13:30:00','13:30:00','6741257','1','',''),
('3024986201678300','13:32:00','13:32:00','6741259','2','',''),
('3024986201678300','13:36:00','13:36:00','6741260','3','',''),
('3024986201678300','13:37:00','13:37:00','6741262','4','',''),
('3024986201678300','13:38:00','13:38:00','6741264','5','',''),
('3024986201678300','13:39:00','13:39:00','6741266','6','',''),
('3024986201678300','13:43:00','13:43:00','6741268','7','',''),
('3024986201678300','13:44:00','13:44:00','6741270','8','',''),
('3024986201678300','13:44:00','13:44:00','6741271','9','',''),
('3024986201678300','13:45:00','13:45:00','6741273','10','',''),
('3024986201678300','13:46:00','13:46:00','6741275','11','',''),
('3024986201678300','13:48:00','13:48:00','6741277','12','',''),
('3024986201678300','13:52:00','13:52:00','6741279','13','',''),
('3024986201678300','13:53:00','13:53:00','6741280','14','',''),
('3124986181678300','15:06:00','15:06:00','6741257','1','',''),
('3124986181678300','15:08:00','15:08:00','6741259','2','',''),
('3124986181678300','15:12:00','15:12:00','6741260','3','',''),
('3124986181678300','15:13:00','15:13:00','6741262','4','',''),
('3124986181678300','15:14:00','15:14:00','6741264','5','',''),
('3124986181678300','15:15:00','15:15:00','6741266','6','',''),
('3124986181678300','15:19:00','15:19:00','6741268','7','',''),
('3124986181678300','15:20:00','15:20:00','6741270','8','',''),
('3124986181678300','15:20:00','15:20:00','6741271','9','',''),
('3124986181678300','15:21:00','15:21:00','6741273','10','',''),
('3124986181678300','15:22:00','15:22:00','6741275','11','',''),
('3124986181678300','15:24:00','15:24:00','6741277','12','',''),
('3124986181678300','15:28:00','15:28:00','6741279','13','',''),
('3124986181678300','15:29:00','15:29:00','6741280','14','',''),
('3124986191678300','13:46:00','13:46:00','6741257','1','',''),
('3124986191678300','13:48:00','13:48:00','6741259','2','',''),
('3124986191678300','13:52:00','13:52:00','6741260','3','',''),
('3124986191678300','13:53:00','13:53:00','6741262','4','',''),
('3124986191678300','13:54:00','13:54:00','6741264','5','',''),
('3124986191678300','13:55:00','13:55:00','6741266','6','',''),
('3124986191678300','13:59:00','13:59:00','6741268','7','',''),
('3124986191678300','14:00:00','14:00:00','6741270','8','',''),
('3124986191678300','14:00:00','14:00:00','6741271','9','',''),
('3124986191678300','14:01:00','14:01:00','6741273','10','',''),
('3124986191678300','14:02:00','14:02:00','6741275','11','',''),
('3124986191678300','14:04:00','14:04:00','6741277','12','',''),
('3124986191678300','14:08:00','14:08:00','6741279','13','',''),
('3124986191678300','14:09:00','14:09:00','6741280','14','',''),
('3124986201678300','13:46:00','13:46:00','6741257','1','',''),
('3124986201678300','13:48:00','13:48:00','6741259','2','',''),
('3124986201678300','13:52:00','13:52:00','6741260','3','',''),
('3124986201678300','13:53:00','13:53:00','6741262','4','',''),
('3124986201678300','13:54:00','13:54:00','6741264','5','',''),
('3124986201678300','13:55:00','13:55:00','6741266','6','',''),
('3124986201678300','13:59:00','13:59:00','6741268','7','',''),
('3124986201678300','14:00:00','14:00:00','6741270','8','',''),
('3124986201678300','14:00:00','14:00:00','6741271','9','',''),
('3124986201678300','14:01:00','14:01:00','6741273','10','',''),
('3124986201678300','14:02:00','14:02:00','6741275','11','',''),
('3124986201678300','14:04:00','14:04:00','6741277','12','',''),
('3124986201678300','14:08:00','14:08:00','6741279','13','',''),
('3124986201678300','14:09:00','14:09:00','6741280','14','',''),
('3224986181678300','15:22:00','15:22:00','6741257','1','',''),
('3224986181678300','15:24:00','15:24:00','6741259','2','',''),
('3224986181678300','15:28:00','15:28:00','6741260','3','',''),
('3224986181678300','15:29:00','15:29:00','6741262','4','',''),
('3224986181678300','15:30:00','15:30:00','6741264','5','',''),
('3224986181678300','15:31:00','15:31:00','6741266','6','',''),
('3224986181678300','15:35:00','15:35:00','6741268','7','',''),
('3224986181678300','15:36:00','15:36:00','6741270','8','',''),
('3224986181678300','15:36:00','15:36:00','6741271','9','',''),
('3224986181678300','15:37:00','15:37:00','6741273','10','',''),
('3224986181678300','15:38:00','15:38:00','6741275','11','',''),
('3224986181678300','15:40:00','15:40:00','6741277','12','',''),
('3224986181678300','15:44:00','15:44:00','6741279','13','',''),
('3224986181678300','15:45:00','15:45:00','6741280','14','',''),
('3224986191678300','14:02:00','14:02:00','6741257','1','',''),
('3224986191678300','14:04:00','14:04:00','6741259','2','',''),
('3224986191678300','14:08:00','14:08:00','6741260','3','',''),
('3224986191678300','14:09:00','14:09:00','6741262','4','',''),
('3224986191678300','14:10:00','14:10:00','6741264','5','',''),
('3224986191678300','14:11:00','14:11:00','6741266','6','',''),
('3224986191678300','14:15:00','14:15:00','6741268','7','',''),
('3224986191678300','14:16:00','14:16:00','6741270','8','',''),
('3224986191678300','14:16:00','14:16:00','6741271','9','',''),
('3224986191678300','14:17:00','14:17:00','6741273','10','',''),
('3224986191678300','14:18:00','14:18:00','6741275','11','',''),
('3224986191678300','14:20:00','14:20:00','6741277','12','',''),
('3224986191678300','14:24:00','14:24:00','6741279','13','',''),
('3224986191678300','14:25:00','14:25:00','6741280','14','',''),
('3224986201678300','14:02:00','14:02:00','6741257','1','',''),
('3224986201678300','14:04:00','14:04:00','6741259','2','',''),
('3224986201678300','14:08:00','14:08:00','6741260','3','',''),
('3224986201678300','14:09:00','14:09:00','6741262','4','',''),
('3224986201678300','14:10:00','14:10:00','6741264','5','',''),
('3224986201678300','14:11:00','14:11:00','6741266','6','',''),
('3224986201678300','14:15:00','14:15:00','6741268','7','',''),
('3224986201678300','14:16:00','14:16:00','6741270','8','',''),
('3224986201678300','14:16:00','14:16:00','6741271','9','',''),
('3224986201678300','14:17:00','14:17:00','6741273','10','',''),
('3224986201678300','14:18:00','14:18:00','6741275','11','',''),
('3224986201678300','14:20:00','14:20:00','6741277','12','',''),
('3224986201678300','14:24:00','14:24:00','6741279','13','',''),
('3224986201678300','14:25:00','14:25:00','6741280','14','',''),
('324986181678300','07:38:00','07:38:00','6741257','1','',''),
('324986181678300','07:40:00','07:40:00','6741259','2','',''),
('324986181678300','07:44:00','07:44:00','6741260','3','',''),
('324986181678300','07:45:00','07:45:00','6741262','4','',''),
('324986181678300','07:46:00','07:46:00','6741264','5','',''),
('324986181678300','07:47:00','07:47:00','6741266','6','',''),
('324986181678300','07:51:00','07:51:00','6741268','7','',''),
('324986181678300','07:52:00','07:52:00','6741270','8','',''),
('324986181678300','07:52:00','07:52:00','6741271','9','',''),
('324986181678300','07:53:00','07:53:00','6741273','10','',''),
('324986181678300','07:54:00','07:54:00','6741275','11','',''),
('324986181678300','07:57:00','07:57:00','6741277','12','',''),
('324986181678300','08:03:00','08:03:00','6741279','13','',''),
('324986181678300','08:05:00','08:05:00','6741280','14','',''),
('324986191678300','06:18:00','06:18:00','6741257','1','',''),
('324986191678300','06:20:00','06:20:00','6741259','2','',''),
('324986191678300','06:24:00','06:24:00','6741260','3','',''),
('324986191678300','06:25:00','06:25:00','6741262','4','',''),
('324986191678300','06:26:00','06:26:00','6741264','5','',''),
('324986191678300','06:27:00','06:27:00','6741266','6','',''),
('324986191678300','06:31:00','06:31:00','6741268','7','',''),
('324986191678300','06:32:00','06:32:00','6741270','8','',''),
('324986191678300','06:32:00','06:32:00','6741271','9','',''),
('324986191678300','06:33:00','06:33:00','6741273','10','',''),
('324986191678300','06:34:00','06:34:00','6741275','11','',''),
('324986191678300','06:36:00','06:36:00','6741277','12','',''),
('324986191678300','06:40:00','06:40:00','6741279','13','',''),
('324986191678300','06:41:00','06:41:00','6741280','14','',''),
('324986201678300','06:18:00','06:18:00','6741257','1','',''),
('324986201678300','06:20:00','06:20:00','6741259','2','',''),
('324986201678300','06:24:00','06:24:00','6741260','3','',''),
('324986201678300','06:25:00','06:25:00','6741262','4','',''),
('324986201678300','06:26:00','06:26:00','6741264','5','',''),
('324986201678300','06:27:00','06:27:00','6741266','6','',''),
('324986201678300','06:31:00','06:31:00','6741268','7','',''),
('324986201678300','06:32:00','06:32:00','6741270','8','',''),
('324986201678300','06:32:00','06:32:00','6741271','9','',''),
('324986201678300','06:33:00','06:33:00','6741273','10','',''),
('324986201678300','06:34:00','06:34:00','6741275','11','',''),
('324986201678300','06:36:00','06:36:00','6741277','12','',''),
('324986201678300','06:40:00','06:40:00','6741279','13','',''),
('324986201678300','06:41:00','06:41:00','6741280','14','',''),
('3324986181678300','15:38:00','15:38:00','6741257','1','',''),
('3324986181678300','15:40:00','15:40:00','6741259','2','',''),
('3324986181678300','15:44:00','15:44:00','6741260','3','',''),
('3324986181678300','15:45:00','15:45:00','6741262','4','',''),
('3324986181678300','15:46:00','15:46:00','6741264','5','',''),
('3324986181678300','15:47:00','15:47:00','6741266','6','',''),
('3324986181678300','15:51:00','15:51:00','6741268','7','',''),
('3324986181678300','15:52:00','15:52:00','6741270','8','',''),
('3324986181678300','15:52:00','15:52:00','6741271','9','',''),
('3324986181678300','15:53:00','15:53:00','6741273','10','',''),
('3324986181678300','15:54:00','15:54:00','6741275','11','',''),
('3324986181678300','15:56:00','15:56:00','6741277','12','',''),
('3324986181678300','16:00:00','16:00:00','6741279','13','',''),
('3324986181678300','16:01:00','16:01:00','6741280','14','',''),
('3324986191678300','14:18:00','14:18:00','6741257','1','',''),
('3324986191678300','14:20:00','14:20:00','6741259','2','',''),
('3324986191678300','14:24:00','14:24:00','6741260','3','',''),
('3324986191678300','14:25:00','14:25:00','6741262','4','',''),
('3324986191678300','14:26:00','14:26:00','6741264','5','',''),
('3324986191678300','14:27:00','14:27:00','6741266','6','',''),
('3324986191678300','14:31:00','14:31:00','6741268','7','',''),
('3324986191678300','14:32:00','14:32:00','6741270','8','',''),
('3324986191678300','14:32:00','14:32:00','6741271','9','',''),
('3324986191678300','14:33:00','14:33:00','6741273','10','',''),
('3324986191678300','14:34:00','14:34:00','6741275','11','',''),
('3324986191678300','14:36:00','14:36:00','6741277','12','',''),
('3324986191678300','14:40:00','14:40:00','6741279','13','',''),
('3324986191678300','14:41:00','14:41:00','6741280','14','',''),
('3324986201678300','14:18:00','14:18:00','6741257','1','',''),
('3324986201678300','14:20:00','14:20:00','6741259','2','',''),
('3324986201678300','14:24:00','14:24:00','6741260','3','',''),
('3324986201678300','14:25:00','14:25:00','6741262','4','',''),
('3324986201678300','14:26:00','14:26:00','6741264','5','',''),
('3324986201678300','14:27:00','14:27:00','6741266','6','',''),
('3324986201678300','14:31:00','14:31:00','6741268','7','',''),
('3324986201678300','14:32:00','14:32:00','6741270','8','',''),
('3324986201678300','14:32:00','14:32:00','6741271','9','',''),
('3324986201678300','14:33:00','14:33:00','6741273','10','',''),
('3324986201678300','14:34:00','14:34:00','6741275','11','',''),
('3324986201678300','14:36:00','14:36:00','6741277','12','',''),
('3324986201678300','14:40:00','14:40:00','6741279','13','',''),
('3324986201678300','14:41:00','14:41:00','6741280','14','',''),
('3424986181678300','15:54:00','15:54:00','6741257','1','',''),
('3424986181678300','15:56:00','15:56:00','6741259','2','',''),
('3424986181678300','16:00:00','16:00:00','6741260','3','',''),
('3424986181678300','16:01:00','16:01:00','6741262','4','',''),
('3424986181678300','16:02:00','16:02:00','6741264','5','',''),
('3424986181678300','16:03:00','16:03:00','6741266','6','',''),
('3424986181678300','16:07:00','16:07:00','6741268','7','',''),
('3424986181678300','16:08:00','16:08:00','6741270','8','',''),
('3424986181678300','16:08:00','16:08:00','6741271','9','',''),
('3424986181678300','16:09:00','16:09:00','6741273','10','',''),
('3424986181678300','16:10:00','16:10:00','6741275','11','',''),
('3424986181678300','16:12:00','16:12:00','6741277','12','',''),
('3424986181678300','16:16:00','16:16:00','6741279','13','',''),
('3424986181678300','16:17:00','16:17:00','6741280','14','',''),
('3424986191678300','14:34:00','14:34:00','6741257','1','',''),
('3424986191678300','14:36:00','14:36:00','6741259','2','',''),
('3424986191678300','14:40:00','14:40:00','6741260','3','',''),
('3424986191678300','14:41:00','14:41:00','6741262','4','',''),
('3424986191678300','14:42:00','14:42:00','6741264','5','',''),
('3424986191678300','14:43:00','14:43:00','6741266','6','',''),
('3424986191678300','14:47:00','14:47:00','6741268','7','',''),
('3424986191678300','14:48:00','14:48:00','6741270','8','',''),
('3424986191678300','14:48:00','14:48:00','6741271','9','',''),
('3424986191678300','14:49:00','14:49:00','6741273','10','',''),
('3424986191678300','14:50:00','14:50:00','6741275','11','',''),
('3424986191678300','14:52:00','14:52:00','6741277','12','',''),
('3424986191678300','14:56:00','14:56:00','6741279','13','',''),
('3424986191678300','14:57:00','14:57:00','6741280','14','',''),
('3424986201678300','14:34:00','14:34:00','6741257','1','',''),
('3424986201678300','14:36:00','14:36:00','6741259','2','',''),
('3424986201678300','14:40:00','14:40:00','6741260','3','',''),
('3424986201678300','14:41:00','14:41:00','6741262','4','',''),
('3424986201678300','14:42:00','14:42:00','6741264','5','',''),
('3424986201678300','14:43:00','14:43:00','6741266','6','',''),
('3424986201678300','14:47:00','14:47:00','6741268','7','',''),
('3424986201678300','14:48:00','14:48:00','6741270','8','',''),
('3424986201678300','14:48:00','14:48:00','6741271','9','',''),
('3424986201678300','14:49:00','14:49:00','6741273','10','',''),
('3424986201678300','14:50:00','14:50:00','6741275','11','',''),
('3424986201678300','14:52:00','14:52:00','6741277','12','',''),
('3424986201678300','14:56:00','14:56:00','6741279','13','',''),
('3424986201678300','14:57:00','14:57:00','6741280','14','',''),
('3524986181678300','16:10:00','16:10:00','6741257','1','',''),
('3524986181678300','16:12:00','16:12:00','6741259','2','',''),
('3524986181678300','16:16:00','16:16:00','6741260','3','',''),
('3524986181678300','16:17:00','16:17:00','6741262','4','',''),
('3524986181678300','16:18:00','16:18:00','6741264','5','',''),
('3524986181678300','16:19:00','16:19:00','6741266','6','',''),
('3524986181678300','16:23:00','16:23:00','6741268','7','',''),
('3524986181678300','16:24:00','16:24:00','6741270','8','',''),
('3524986181678300','16:24:00','16:24:00','6741271','9','',''),
('3524986181678300','16:25:00','16:25:00','6741273','10','',''),
('3524986181678300','16:26:00','16:26:00','6741275','11','',''),
('3524986181678300','16:28:00','16:28:00','6741277','12','',''),
('3524986181678300','16:32:00','16:32:00','6741279','13','',''),
('3524986181678300','16:33:00','16:33:00','6741280','14','',''),
('3524986191678300','14:50:00','14:50:00','6741257','1','',''),
('3524986191678300','14:52:00','14:52:00','6741259','2','',''),
('3524986191678300','14:56:00','14:56:00','6741260','3','',''),
('3524986191678300','14:57:00','14:57:00','6741262','4','',''),
('3524986191678300','14:58:00','14:58:00','6741264','5','',''),
('3524986191678300','14:59:00','14:59:00','6741266','6','',''),
('3524986191678300','15:03:00','15:03:00','6741268','7','',''),
('3524986191678300','15:04:00','15:04:00','6741270','8','',''),
('3524986191678300','15:04:00','15:04:00','6741271','9','',''),
('3524986191678300','15:05:00','15:05:00','6741273','10','',''),
('3524986191678300','15:06:00','15:06:00','6741275','11','',''),
('3524986191678300','15:08:00','15:08:00','6741277','12','',''),
('3524986191678300','15:12:00','15:12:00','6741279','13','',''),
('3524986191678300','15:13:00','15:13:00','6741280','14','',''),
('3524986201678300','14:50:00','14:50:00','6741257','1','',''),
('3524986201678300','14:52:00','14:52:00','6741259','2','',''),
('3524986201678300','14:56:00','14:56:00','6741260','3','',''),
('3524986201678300','14:57:00','14:57:00','6741262','4','',''),
('3524986201678300','14:58:00','14:58:00','6741264','5','',''),
('3524986201678300','14:59:00','14:59:00','6741266','6','',''),
('3524986201678300','15:03:00','15:03:00','6741268','7','',''),
('3524986201678300','15:04:00','15:04:00','6741270','8','',''),
('3524986201678300','15:04:00','15:04:00','6741271','9','',''),
('3524986201678300','15:05:00','15:05:00','6741273','10','',''),
('3524986201678300','15:06:00','15:06:00','6741275','11','',''),
('3524986201678300','15:08:00','15:08:00','6741277','12','',''),
('3524986201678300','15:12:00','15:12:00','6741279','13','',''),
('3524986201678300','15:13:00','15:13:00','6741280','14','',''),
('3624986181678300','16:26:00','16:26:00','6741257','1','',''),
('3624986181678300','16:28:00','16:28:00','6741259','2','',''),
('3624986181678300','16:32:00','16:32:00','6741260','3','',''),
('3624986181678300','16:33:00','16:33:00','6741262','4','',''),
('3624986181678300','16:34:00','16:34:00','6741264','5','',''),
('3624986181678300','16:35:00','16:35:00','6741266','6','',''),
('3624986181678300','16:39:00','16:39:00','6741268','7','',''),
('3624986181678300','16:40:00','16:40:00','6741270','8','',''),
('3624986181678300','16:40:00','16:40:00','6741271','9','',''),
('3624986181678300','16:41:00','16:41:00','6741273','10','',''),
('3624986181678300','16:42:00','16:42:00','6741275','11','',''),
('3624986181678300','16:44:00','16:44:00','6741277','12','',''),
('3624986181678300','16:49:00','16:49:00','6741279','13','',''),
('3624986181678300','16:50:00','16:50:00','6741280','14','',''),
('3624986191678300','15:06:00','15:06:00','6741257','1','',''),
('3624986191678300','15:08:00','15:08:00','6741259','2','',''),
('3624986191678300','15:12:00','15:12:00','6741260','3','',''),
('3624986191678300','15:13:00','15:13:00','6741262','4','',''),
('3624986191678300','15:14:00','15:14:00','6741264','5','',''),
('3624986191678300','15:15:00','15:15:00','6741266','6','',''),
('3624986191678300','15:19:00','15:19:00','6741268','7','',''),
('3624986191678300','15:20:00','15:20:00','6741270','8','',''),
('3624986191678300','15:20:00','15:20:00','6741271','9','',''),
('3624986191678300','15:21:00','15:21:00','6741273','10','',''),
('3624986191678300','15:22:00','15:22:00','6741275','11','',''),
('3624986191678300','15:24:00','15:24:00','6741277','12','',''),
('3624986191678300','15:28:00','15:28:00','6741279','13','',''),
('3624986191678300','15:29:00','15:29:00','6741280','14','',''),
('3624986201678300','15:06:00','15:06:00','6741257','1','',''),
('3624986201678300','15:08:00','15:08:00','6741259','2','',''),
('3624986201678300','15:12:00','15:12:00','6741260','3','',''),
('3624986201678300','15:13:00','15:13:00','6741262','4','',''),
('3624986201678300','15:14:00','15:14:00','6741264','5','',''),
('3624986201678300','15:15:00','15:15:00','6741266','6','',''),
('3624986201678300','15:19:00','15:19:00','6741268','7','',''),
('3624986201678300','15:20:00','15:20:00','6741270','8','',''),
('3624986201678300','15:20:00','15:20:00','6741271','9','',''),
('3624986201678300','15:21:00','15:21:00','6741273','10','',''),
('3624986201678300','15:22:00','15:22:00','6741275','11','',''),
('3624986201678300','15:24:00','15:24:00','6741277','12','',''),
('3624986201678300','15:28:00','15:28:00','6741279','13','',''),
('3624986201678300','15:29:00','15:29:00','6741280','14','',''),
('3724986181678300','16:42:00','16:42:00','6741257','1','',''),
('3724986181678300','16:44:00','16:44:00','6741259','2','',''),
('3724986181678300','16:48:00','16:48:00','6741260','3','',''),
('3724986181678300','16:49:00','16:49:00','6741262','4','',''),
('3724986181678300','16:50:00','16:50:00','6741264','5','',''),
('3724986181678300','16:51:00','16:51:00','6741266','6','',''),
('3724986181678300','16:55:00','16:55:00','6741268','7','',''),
('3724986181678300','16:56:00','16:56:00','6741270','8','',''),
('3724986181678300','16:56:00','16:56:00','6741271','9','',''),
('3724986181678300','16:57:00','16:57:00','6741273','10','',''),
('3724986181678300','16:58:00','16:58:00','6741275','11','',''),
('3724986181678300','17:01:00','17:01:00','6741277','12','',''),
('3724986181678300','17:05:00','17:05:00','6741279','13','',''),
('3724986181678300','17:07:00','17:07:00','6741280','14','',''),
('3724986191678300','15:22:00','15:22:00','6741257','1','',''),
('3724986191678300','15:24:00','15:24:00','6741259','2','',''),
('3724986191678300','15:28:00','15:28:00','6741260','3','',''),
('3724986191678300','15:29:00','15:29:00','6741262','4','',''),
('3724986191678300','15:30:00','15:30:00','6741264','5','',''),
('3724986191678300','15:31:00','15:31:00','6741266','6','',''),
('3724986191678300','15:35:00','15:35:00','6741268','7','',''),
('3724986191678300','15:36:00','15:36:00','6741270','8','',''),
('3724986191678300','15:36:00','15:36:00','6741271','9','',''),
('3724986191678300','15:37:00','15:37:00','6741273','10','',''),
('3724986191678300','15:38:00','15:38:00','6741275','11','',''),
('3724986191678300','15:40:00','15:40:00','6741277','12','',''),
('3724986191678300','15:44:00','15:44:00','6741279','13','',''),
('3724986191678300','15:45:00','15:45:00','6741280','14','',''),
('3724986201678300','15:22:00','15:22:00','6741257','1','',''),
('3724986201678300','15:24:00','15:24:00','6741259','2','',''),
('3724986201678300','15:28:00','15:28:00','6741260','3','',''),
('3724986201678300','15:29:00','15:29:00','6741262','4','',''),
('3724986201678300','15:30:00','15:30:00','6741264','5','',''),
('3724986201678300','15:31:00','15:31:00','6741266','6','',''),
('3724986201678300','15:35:00','15:35:00','6741268','7','',''),
('3724986201678300','15:36:00','15:36:00','6741270','8','',''),
('3724986201678300','15:36:00','15:36:00','6741271','9','',''),
('3724986201678300','15:37:00','15:37:00','6741273','10','',''),
('3724986201678300','15:38:00','15:38:00','6741275','11','',''),
('3724986201678300','15:40:00','15:40:00','6741277','12','',''),
('3724986201678300','15:44:00','15:44:00','6741279','13','',''),
('3724986201678300','15:45:00','15:45:00','6741280','14','',''),
('3824986181678300','16:58:00','16:58:00','6741257','1','',''),
('3824986181678300','17:00:00','17:00:00','6741259','2','',''),
('3824986181678300','17:04:00','17:04:00','6741260','3','',''),
('3824986181678300','17:05:00','17:05:00','6741262','4','',''),
('3824986181678300','17:06:00','17:06:00','6741264','5','',''),
('3824986181678300','17:07:00','17:07:00','6741266','6','',''),
('3824986181678300','17:11:00','17:11:00','6741268','7','',''),
('3824986181678300','17:12:00','17:12:00','6741270','8','',''),
('3824986181678300','17:12:00','17:12:00','6741271','9','',''),
('3824986181678300','17:13:00','17:13:00','6741273','10','',''),
('3824986181678300','17:14:00','17:14:00','6741275','11','',''),
('3824986181678300','17:17:00','17:17:00','6741277','12','',''),
('3824986181678300','17:22:00','17:22:00','6741279','13','',''),
('3824986181678300','17:24:00','17:24:00','6741280','14','',''),
('3824986191678300','15:38:00','15:38:00','6741257','1','',''),
('3824986191678300','15:40:00','15:40:00','6741259','2','',''),
('3824986191678300','15:44:00','15:44:00','6741260','3','',''),
('3824986191678300','15:45:00','15:45:00','6741262','4','',''),
('3824986191678300','15:46:00','15:46:00','6741264','5','',''),
('3824986191678300','15:47:00','15:47:00','6741266','6','',''),
('3824986191678300','15:51:00','15:51:00','6741268','7','',''),
('3824986191678300','15:52:00','15:52:00','6741270','8','',''),
('3824986191678300','15:52:00','15:52:00','6741271','9','',''),
('3824986191678300','15:53:00','15:53:00','6741273','10','',''),
('3824986191678300','15:54:00','15:54:00','6741275','11','',''),
('3824986191678300','15:56:00','15:56:00','6741277','12','',''),
('3824986191678300','16:00:00','16:00:00','6741279','13','',''),
('3824986191678300','16:01:00','16:01:00','6741280','14','',''),
('3824986201678300','15:38:00','15:38:00','6741257','1','',''),
('3824986201678300','15:40:00','15:40:00','6741259','2','',''),
('3824986201678300','15:44:00','15:44:00','6741260','3','',''),
('3824986201678300','15:45:00','15:45:00','6741262','4','',''),
('3824986201678300','15:46:00','15:46:00','6741264','5','',''),
('3824986201678300','15:47:00','15:47:00','6741266','6','',''),
('3824986201678300','15:51:00','15:51:00','6741268','7','',''),
('3824986201678300','15:52:00','15:52:00','6741270','8','',''),
('3824986201678300','15:52:00','15:52:00','6741271','9','',''),
('3824986201678300','15:53:00','15:53:00','6741273','10','',''),
('3824986201678300','15:54:00','15:54:00','6741275','11','',''),
('3824986201678300','15:56:00','15:56:00','6741277','12','',''),
('3824986201678300','16:00:00','16:00:00','6741279','13','',''),
('3824986201678300','16:01:00','16:01:00','6741280','14','',''),
('3924986181678300','17:14:00','17:14:00','6741257','1','',''),
('3924986181678300','17:16:00','17:16:00','6741259','2','',''),
('3924986181678300','17:20:00','17:20:00','6741260','3','',''),
('3924986181678300','17:21:00','17:21:00','6741262','4','',''),
('3924986181678300','17:22:00','17:22:00','6741264','5','',''),
('3924986181678300','17:23:00','17:23:00','6741266','6','',''),
('3924986181678300','17:27:00','17:27:00','6741268','7','',''),
('3924986181678300','17:28:00','17:28:00','6741270','8','',''),
('3924986181678300','17:28:00','17:28:00','6741271','9','',''),
('3924986181678300','17:29:00','17:29:00','6741273','10','',''),
('3924986181678300','17:30:00','17:30:00','6741275','11','',''),
('3924986181678300','17:33:00','17:33:00','6741277','12','',''),
('3924986181678300','17:39:00','17:39:00','6741279','13','',''),
('3924986181678300','17:41:00','17:41:00','6741280','14','',''),
('3924986191678300','15:54:00','15:54:00','6741257','1','',''),
('3924986191678300','15:56:00','15:56:00','6741259','2','',''),
('3924986191678300','16:00:00','16:00:00','6741260','3','',''),
('3924986191678300','16:01:00','16:01:00','6741262','4','',''),
('3924986191678300','16:02:00','16:02:00','6741264','5','',''),
('3924986191678300','16:03:00','16:03:00','6741266','6','',''),
('3924986191678300','16:07:00','16:07:00','6741268','7','',''),
('3924986191678300','16:08:00','16:08:00','6741270','8','',''),
('3924986191678300','16:08:00','16:08:00','6741271','9','',''),
('3924986191678300','16:09:00','16:09:00','6741273','10','',''),
('3924986191678300','16:10:00','16:10:00','6741275','11','',''),
('3924986191678300','16:12:00','16:12:00','6741277','12','',''),
('3924986191678300','16:16:00','16:16:00','6741279','13','',''),
('3924986191678300','16:17:00','16:17:00','6741280','14','',''),
('3924986201678300','15:54:00','15:54:00','6741257','1','',''),
('3924986201678300','15:56:00','15:56:00','6741259','2','',''),
('3924986201678300','16:00:00','16:00:00','6741260','3','',''),
('3924986201678300','16:01:00','16:01:00','6741262','4','',''),
('3924986201678300','16:02:00','16:02:00','6741264','5','',''),
('3924986201678300','16:03:00','16:03:00','6741266','6','',''),
('3924986201678300','16:07:00','16:07:00','6741268','7','',''),
('3924986201678300','16:08:00','16:08:00','6741270','8','',''),
('3924986201678300','16:08:00','16:08:00','6741271','9','',''),
('3924986201678300','16:09:00','16:09:00','6741273','10','',''),
('3924986201678300','16:10:00','16:10:00','6741275','11','',''),
('3924986201678300','16:12:00','16:12:00','6741277','12','',''),
('3924986201678300','16:16:00','16:16:00','6741279','13','',''),
('3924986201678300','16:17:00','16:17:00','6741280','14','',''),
('4024986181678300','17:30:00','17:30:00','6741257','1','',''),
('4024986181678300','17:32:00','17:32:00','6741259','2','',''),
('4024986181678300','17:36:00','17:36:00','6741260','3','',''),
('4024986181678300','17:37:00','17:37:00','6741262','4','',''),
('4024986181678300','17:38:00','17:38:00','6741264','5','',''),
('4024986181678300','17:39:00','17:39:00','6741266','6','',''),
('4024986181678300','17:43:00','17:43:00','6741268','7','',''),
('4024986181678300','17:44:00','17:44:00','6741270','8','',''),
('4024986181678300','17:44:00','17:44:00','6741271','9','',''),
('4024986181678300','17:45:00','17:45:00','6741273','10','',''),
('4024986181678300','17:46:00','17:46:00','6741275','11','',''),
('4024986181678300','17:49:00','17:49:00','6741277','12','',''),
('4024986181678300','17:55:00','17:55:00','6741279','13','',''),
('4024986181678300','17:57:00','17:57:00','6741280','14','',''),
('4024986191678300','16:10:00','16:10:00','6741257','1','',''),
('4024986191678300','16:12:00','16:12:00','6741259','2','',''),
('4024986191678300','16:16:00','16:16:00','6741260','3','',''),
('4024986191678300','16:17:00','16:17:00','6741262','4','',''),
('4024986191678300','16:18:00','16:18:00','6741264','5','',''),
('4024986191678300','16:19:00','16:19:00','6741266','6','',''),
('4024986191678300','16:23:00','16:23:00','6741268','7','',''),
('4024986191678300','16:24:00','16:24:00','6741270','8','',''),
('4024986191678300','16:24:00','16:24:00','6741271','9','',''),
('4024986191678300','16:25:00','16:25:00','6741273','10','',''),
('4024986191678300','16:26:00','16:26:00','6741275','11','',''),
('4024986191678300','16:28:00','16:28:00','6741277','12','',''),
('4024986191678300','16:32:00','16:32:00','6741279','13','',''),
('4024986191678300','16:33:00','16:33:00','6741280','14','',''),
('4024986201678300','16:10:00','16:10:00','6741257','1','',''),
('4024986201678300','16:12:00','16:12:00','6741259','2','',''),
('4024986201678300','16:16:00','16:16:00','6741260','3','',''),
('4024986201678300','16:17:00','16:17:00','6741262','4','',''),
('4024986201678300','16:18:00','16:18:00','6741264','5','',''),
('4024986201678300','16:19:00','16:19:00','6741266','6','',''),
('4024986201678300','16:23:00','16:23:00','6741268','7','',''),
('4024986201678300','16:24:00','16:24:00','6741270','8','',''),
('4024986201678300','16:24:00','16:24:00','6741271','9','',''),
('4024986201678300','16:25:00','16:25:00','6741273','10','',''),
('4024986201678300','16:26:00','16:26:00','6741275','11','',''),
('4024986201678300','16:28:00','16:28:00','6741277','12','',''),
('4024986201678300','16:32:00','16:32:00','6741279','13','',''),
('4024986201678300','16:33:00','16:33:00','6741280','14','',''),
('4124986181678300','17:46:00','17:46:00','6741257','1','',''),
('4124986181678300','17:48:00','17:48:00','6741259','2','',''),
('4124986181678300','17:52:00','17:52:00','6741260','3','',''),
('4124986181678300','17:53:00','17:53:00','6741262','4','',''),
('4124986181678300','17:54:00','17:54:00','6741264','5','',''),
('4124986181678300','17:55:00','17:55:00','6741266','6','',''),
('4124986181678300','17:59:00','17:59:00','6741268','7','',''),
('4124986181678300','18:00:00','18:00:00','6741270','8','',''),
('4124986181678300','18:00:00','18:00:00','6741271','9','',''),
('4124986181678300','18:01:00','18:01:00','6741273','10','',''),
('4124986181678300','18:02:00','18:02:00','6741275','11','',''),
('4124986181678300','18:05:00','18:05:00','6741277','12','',''),
('4124986181678300','18:11:00','18:11:00','6741279','13','',''),
('4124986181678300','18:13:00','18:13:00','6741280','14','',''),
('4124986191678300','16:26:00','16:26:00','6741257','1','',''),
('4124986191678300','16:28:00','16:28:00','6741259','2','',''),
('4124986191678300','16:32:00','16:32:00','6741260','3','',''),
('4124986191678300','16:33:00','16:33:00','6741262','4','',''),
('4124986191678300','16:34:00','16:34:00','6741264','5','',''),
('4124986191678300','16:35:00','16:35:00','6741266','6','',''),
('4124986191678300','16:39:00','16:39:00','6741268','7','',''),
('4124986191678300','16:40:00','16:40:00','6741270','8','',''),
('4124986191678300','16:40:00','16:40:00','6741271','9','',''),
('4124986191678300','16:41:00','16:41:00','6741273','10','',''),
('4124986191678300','16:42:00','16:42:00','6741275','11','',''),
('4124986191678300','16:44:00','16:44:00','6741277','12','',''),
('4124986191678300','16:49:00','16:49:00','6741279','13','',''),
('4124986191678300','16:50:00','16:50:00','6741280','14','',''),
('4124986201678300','16:26:00','16:26:00','6741257','1','',''),
('4124986201678300','16:28:00','16:28:00','6741259','2','',''),
('4124986201678300','16:32:00','16:32:00','6741260','3','',''),
('4124986201678300','16:33:00','16:33:00','6741262','4','',''),
('4124986201678300','16:34:00','16:34:00','6741264','5','',''),
('4124986201678300','16:35:00','16:35:00','6741266','6','',''),
('4124986201678300','16:39:00','16:39:00','6741268','7','',''),
('4124986201678300','16:40:00','16:40:00','6741270','8','',''),
('4124986201678300','16:40:00','16:40:00','6741271','9','',''),
('4124986201678300','16:41:00','16:41:00','6741273','10','',''),
('4124986201678300','16:42:00','16:42:00','6741275','11','',''),
('4124986201678300','16:44:00','16:44:00','6741277','12','',''),
('4124986201678300','16:49:00','16:49:00','6741279','13','',''),
('4124986201678300','16:50:00','16:50:00','6741280','14','',''),
('4224986181678300','18:02:00','18:02:00','6741257','1','',''),
('4224986181678300','18:04:00','18:04:00','6741259','2','',''),
('4224986181678300','18:08:00','18:08:00','6741260','3','',''),
('4224986181678300','18:09:00','18:09:00','6741262','4','',''),
('4224986181678300','18:10:00','18:10:00','6741264','5','',''),
('4224986181678300','18:11:00','18:11:00','6741266','6','',''),
('4224986181678300','18:15:00','18:15:00','6741268','7','',''),
('4224986181678300','18:16:00','18:16:00','6741270','8','',''),
('4224986181678300','18:16:00','18:16:00','6741271','9','',''),
('4224986181678300','18:17:00','18:17:00','6741273','10','',''),
('4224986181678300','18:18:00','18:18:00','6741275','11','',''),
('4224986181678300','18:21:00','18:21:00','6741277','12','',''),
('4224986181678300','18:27:00','18:27:00','6741279','13','',''),
('4224986181678300','18:29:00','18:29:00','6741280','14','',''),
('4224986191678300','16:42:00','16:42:00','6741257','1','',''),
('4224986191678300','16:44:00','16:44:00','6741259','2','',''),
('4224986191678300','16:48:00','16:48:00','6741260','3','',''),
('4224986191678300','16:49:00','16:49:00','6741262','4','',''),
('4224986191678300','16:50:00','16:50:00','6741264','5','',''),
('4224986191678300','16:51:00','16:51:00','6741266','6','',''),
('4224986191678300','16:55:00','16:55:00','6741268','7','',''),
('4224986191678300','16:56:00','16:56:00','6741270','8','',''),
('4224986191678300','16:56:00','16:56:00','6741271','9','',''),
('4224986191678300','16:57:00','16:57:00','6741273','10','',''),
('4224986191678300','16:58:00','16:58:00','6741275','11','',''),
('4224986191678300','17:01:00','17:01:00','6741277','12','',''),
('4224986191678300','17:05:00','17:05:00','6741279','13','',''),
('4224986191678300','17:07:00','17:07:00','6741280','14','',''),
('4224986201678300','16:42:00','16:42:00','6741257','1','',''),
('4224986201678300','16:44:00','16:44:00','6741259','2','',''),
('4224986201678300','16:48:00','16:48:00','6741260','3','',''),
('4224986201678300','16:49:00','16:49:00','6741262','4','',''),
('4224986201678300','16:50:00','16:50:00','6741264','5','',''),
('4224986201678300','16:51:00','16:51:00','6741266','6','',''),
('4224986201678300','16:55:00','16:55:00','6741268','7','',''),
('4224986201678300','16:56:00','16:56:00','6741270','8','',''),
('4224986201678300','16:56:00','16:56:00','6741271','9','',''),
('4224986201678300','16:57:00','16:57:00','6741273','10','',''),
('4224986201678300','16:58:00','16:58:00','6741275','11','',''),
('4224986201678300','17:01:00','17:01:00','6741277','12','',''),
('4224986201678300','17:05:00','17:05:00','6741279','13','',''),
('4224986201678300','17:07:00','17:07:00','6741280','14','',''),
('424986181678300','07:54:00','07:54:00','6741257','1','',''),
('424986181678300','07:56:00','07:56:00','6741259','2','',''),
('424986181678300','08:00:00','08:00:00','6741260','3','',''),
('424986181678300','08:01:00','08:01:00','6741262','4','',''),
('424986181678300','08:02:00','08:02:00','6741264','5','',''),
('424986181678300','08:03:00','08:03:00','6741266','6','',''),
('424986181678300','08:07:00','08:07:00','6741268','7','',''),
('424986181678300','08:08:00','08:08:00','6741270','8','',''),
('424986181678300','08:08:00','08:08:00','6741271','9','',''),
('424986181678300','08:09:00','08:09:00','6741273','10','',''),
('424986181678300','08:10:00','08:10:00','6741275','11','',''),
('424986181678300','08:13:00','08:13:00','6741277','12','',''),
('424986181678300','08:19:00','08:19:00','6741279','13','',''),
('424986181678300','08:21:00','08:21:00','6741280','14','',''),
('424986191678300','06:34:00','06:34:00','6741257','1','',''),
('424986191678300','06:36:00','06:36:00','6741259','2','',''),
('424986191678300','06:40:00','06:40:00','6741260','3','',''),
('424986191678300','06:41:00','06:41:00','6741262','4','',''),
('424986191678300','06:42:00','06:42:00','6741264','5','',''),
('424986191678300','06:43:00','06:43:00','6741266','6','',''),
('424986191678300','06:47:00','06:47:00','6741268','7','',''),
('424986191678300','06:48:00','06:48:00','6741270','8','',''),
('424986191678300','06:48:00','06:48:00','6741271','9','',''),
('424986191678300','06:49:00','06:49:00','6741273','10','',''),
('424986191678300','06:50:00','06:50:00','6741275','11','',''),
('424986191678300','06:52:00','06:52:00','6741277','12','',''),
('424986191678300','06:56:00','06:56:00','6741279','13','',''),
('424986191678300','06:57:00','06:57:00','6741280','14','',''),
('424986201678300','06:34:00','06:34:00','6741257','1','',''),
('424986201678300','06:36:00','06:36:00','6741259','2','',''),
('424986201678300','06:40:00','06:40:00','6741260','3','',''),
('424986201678300','06:41:00','06:41:00','6741262','4','',''),
('424986201678300','06:42:00','06:42:00','6741264','5','',''),
('424986201678300','06:43:00','06:43:00','6741266','6','',''),
('424986201678300','06:47:00','06:47:00','6741268','7','',''),
('424986201678300','06:48:00','06:48:00','6741270','8','',''),
('424986201678300','06:48:00','06:48:00','6741271','9','',''),
('424986201678300','06:49:00','06:49:00','6741273','10','',''),
('424986201678300','06:50:00','06:50:00','6741275','11','',''),
('424986201678300','06:52:00','06:52:00','6741277','12','',''),
('424986201678300','06:56:00','06:56:00','6741279','13','',''),
('424986201678300','06:57:00','06:57:00','6741280','14','',''),
('4324986181678300','18:18:00','18:18:00','6741257','1','',''),
('4324986181678300','18:20:00','18:20:00','6741259','2','',''),
('4324986181678300','18:24:00','18:24:00','6741260','3','',''),
('4324986181678300','18:25:00','18:25:00','6741262','4','',''),
('4324986181678300','18:26:00','18:26:00','6741264','5','',''),
('4324986181678300','18:27:00','18:27:00','6741266','6','',''),
('4324986181678300','18:31:00','18:31:00','6741268','7','',''),
('4324986181678300','18:32:00','18:32:00','6741270','8','',''),
('4324986181678300','18:32:00','18:32:00','6741271','9','',''),
('4324986181678300','18:33:00','18:33:00','6741273','10','',''),
('4324986181678300','18:34:00','18:34:00','6741275','11','',''),
('4324986181678300','18:37:00','18:37:00','6741277','12','',''),
('4324986181678300','18:43:00','18:43:00','6741279','13','',''),
('4324986181678300','18:45:00','18:45:00','6741280','14','',''),
('4324986191678300','16:58:00','16:58:00','6741257','1','',''),
('4324986191678300','17:00:00','17:00:00','6741259','2','',''),
('4324986191678300','17:04:00','17:04:00','6741260','3','',''),
('4324986191678300','17:05:00','17:05:00','6741262','4','',''),
('4324986191678300','17:06:00','17:06:00','6741264','5','',''),
('4324986191678300','17:07:00','17:07:00','6741266','6','',''),
('4324986191678300','17:11:00','17:11:00','6741268','7','',''),
('4324986191678300','17:12:00','17:12:00','6741270','8','',''),
('4324986191678300','17:12:00','17:12:00','6741271','9','',''),
('4324986191678300','17:13:00','17:13:00','6741273','10','',''),
('4324986191678300','17:14:00','17:14:00','6741275','11','',''),
('4324986191678300','17:17:00','17:17:00','6741277','12','',''),
('4324986191678300','17:22:00','17:22:00','6741279','13','',''),
('4324986191678300','17:24:00','17:24:00','6741280','14','',''),
('4324986201678300','16:58:00','16:58:00','6741257','1','',''),
('4324986201678300','17:00:00','17:00:00','6741259','2','',''),
('4324986201678300','17:04:00','17:04:00','6741260','3','',''),
('4324986201678300','17:05:00','17:05:00','6741262','4','',''),
('4324986201678300','17:06:00','17:06:00','6741264','5','',''),
('4324986201678300','17:07:00','17:07:00','6741266','6','',''),
('4324986201678300','17:11:00','17:11:00','6741268','7','',''),
('4324986201678300','17:12:00','17:12:00','6741270','8','',''),
('4324986201678300','17:12:00','17:12:00','6741271','9','',''),
('4324986201678300','17:13:00','17:13:00','6741273','10','',''),
('4324986201678300','17:14:00','17:14:00','6741275','11','',''),
('4324986201678300','17:17:00','17:17:00','6741277','12','',''),
('4324986201678300','17:22:00','17:22:00','6741279','13','',''),
('4324986201678300','17:24:00','17:24:00','6741280','14','',''),
('4424986181678300','18:34:00','18:34:00','6741257','1','',''),
('4424986181678300','18:36:00','18:36:00','6741259','2','',''),
('4424986181678300','18:40:00','18:40:00','6741260','3','',''),
('4424986181678300','18:41:00','18:41:00','6741262','4','',''),
('4424986181678300','18:42:00','18:42:00','6741264','5','',''),
('4424986181678300','18:43:00','18:43:00','6741266','6','',''),
('4424986181678300','18:47:00','18:47:00','6741268','7','',''),
('4424986181678300','18:48:00','18:48:00','6741270','8','',''),
('4424986181678300','18:48:00','18:48:00','6741271','9','',''),
('4424986181678300','18:49:00','18:49:00','6741273','10','',''),
('4424986181678300','18:50:00','18:50:00','6741275','11','',''),
('4424986181678300','18:53:00','18:53:00','6741277','12','',''),
('4424986181678300','18:59:00','18:59:00','6741279','13','',''),
('4424986181678300','19:01:00','19:01:00','6741280','14','',''),
('4424986191678300','17:14:00','17:14:00','6741257','1','',''),
('4424986191678300','17:16:00','17:16:00','6741259','2','',''),
('4424986191678300','17:20:00','17:20:00','6741260','3','',''),
('4424986191678300','17:21:00','17:21:00','6741262','4','',''),
('4424986191678300','17:22:00','17:22:00','6741264','5','',''),
('4424986191678300','17:23:00','17:23:00','6741266','6','',''),
('4424986191678300','17:27:00','17:27:00','6741268','7','',''),
('4424986191678300','17:28:00','17:28:00','6741270','8','',''),
('4424986191678300','17:28:00','17:28:00','6741271','9','',''),
('4424986191678300','17:29:00','17:29:00','6741273','10','',''),
('4424986191678300','17:30:00','17:30:00','6741275','11','',''),
('4424986191678300','17:33:00','17:33:00','6741277','12','',''),
('4424986191678300','17:39:00','17:39:00','6741279','13','',''),
('4424986191678300','17:41:00','17:41:00','6741280','14','',''),
('4424986201678300','17:14:00','17:14:00','6741257','1','',''),
('4424986201678300','17:16:00','17:16:00','6741259','2','',''),
('4424986201678300','17:20:00','17:20:00','6741260','3','',''),
('4424986201678300','17:21:00','17:21:00','6741262','4','',''),
('4424986201678300','17:22:00','17:22:00','6741264','5','',''),
('4424986201678300','17:23:00','17:23:00','6741266','6','',''),
('4424986201678300','17:27:00','17:27:00','6741268','7','',''),
('4424986201678300','17:28:00','17:28:00','6741270','8','',''),
('4424986201678300','17:28:00','17:28:00','6741271','9','',''),
('4424986201678300','17:29:00','17:29:00','6741273','10','',''),
('4424986201678300','17:30:00','17:30:00','6741275','11','',''),
('4424986201678300','17:33:00','17:33:00','6741277','12','',''),
('4424986201678300','17:39:00','17:39:00','6741279','13','',''),
('4424986201678300','17:41:00','17:41:00','6741280','14','',''),
('4524986181678300','18:50:00','18:50:00','6741257','1','',''),
('4524986181678300','18:52:00','18:52:00','6741259','2','',''),
('4524986181678300','18:56:00','18:56:00','6741260','3','',''),
('4524986181678300','18:57:00','18:57:00','6741262','4','',''),
('4524986181678300','18:58:00','18:58:00','6741264','5','',''),
('4524986181678300','18:59:00','18:59:00','6741266','6','',''),
('4524986181678300','19:03:00','19:03:00','6741268','7','',''),
('4524986181678300','19:04:00','19:04:00','6741270','8','',''),
('4524986181678300','19:04:00','19:04:00','6741271','9','',''),
('4524986181678300','19:05:00','19:05:00','6741273','10','',''),
('4524986181678300','19:06:00','19:06:00','6741275','11','',''),
('4524986181678300','19:09:00','19:09:00','6741277','12','',''),
('4524986181678300','19:15:00','19:15:00','6741279','13','',''),
('4524986181678300','19:17:00','19:17:00','6741280','14','',''),
('4524986191678300','17:30:00','17:30:00','6741257','1','',''),
('4524986191678300','17:32:00','17:32:00','6741259','2','',''),
('4524986191678300','17:36:00','17:36:00','6741260','3','',''),
('4524986191678300','17:37:00','17:37:00','6741262','4','',''),
('4524986191678300','17:38:00','17:38:00','6741264','5','',''),
('4524986191678300','17:39:00','17:39:00','6741266','6','',''),
('4524986191678300','17:43:00','17:43:00','6741268','7','',''),
('4524986191678300','17:44:00','17:44:00','6741270','8','',''),
('4524986191678300','17:44:00','17:44:00','6741271','9','',''),
('4524986191678300','17:45:00','17:45:00','6741273','10','',''),
('4524986191678300','17:46:00','17:46:00','6741275','11','',''),
('4524986191678300','17:49:00','17:49:00','6741277','12','',''),
('4524986191678300','17:55:00','17:55:00','6741279','13','',''),
('4524986191678300','17:57:00','17:57:00','6741280','14','',''),
('4524986201678300','17:30:00','17:30:00','6741257','1','',''),
('4524986201678300','17:32:00','17:32:00','6741259','2','',''),
('4524986201678300','17:36:00','17:36:00','6741260','3','',''),
('4524986201678300','17:37:00','17:37:00','6741262','4','',''),
('4524986201678300','17:38:00','17:38:00','6741264','5','',''),
('4524986201678300','17:39:00','17:39:00','6741266','6','',''),
('4524986201678300','17:43:00','17:43:00','6741268','7','',''),
('4524986201678300','17:44:00','17:44:00','6741270','8','',''),
('4524986201678300','17:44:00','17:44:00','6741271','9','',''),
('4524986201678300','17:45:00','17:45:00','6741273','10','',''),
('4524986201678300','17:46:00','17:46:00','6741275','11','',''),
('4524986201678300','17:49:00','17:49:00','6741277','12','',''),
('4524986201678300','17:55:00','17:55:00','6741279','13','',''),
('4524986201678300','17:57:00','17:57:00','6741280','14','',''),
('4624986181678300','19:06:00','19:06:00','6741257','1','',''),
('4624986181678300','19:08:00','19:08:00','6741259','2','',''),
('4624986181678300','19:12:00','19:12:00','6741260','3','',''),
('4624986181678300','19:13:00','19:13:00','6741262','4','',''),
('4624986181678300','19:14:00','19:14:00','6741264','5','',''),
('4624986181678300','19:15:00','19:15:00','6741266','6','',''),
('4624986181678300','19:19:00','19:19:00','6741268','7','',''),
('4624986181678300','19:20:00','19:20:00','6741270','8','',''),
('4624986181678300','19:20:00','19:20:00','6741271','9','',''),
('4624986181678300','19:21:00','19:21:00','6741273','10','',''),
('4624986181678300','19:22:00','19:22:00','6741275','11','',''),
('4624986181678300','19:25:00','19:25:00','6741277','12','',''),
('4624986181678300','19:31:00','19:31:00','6741279','13','',''),
('4624986181678300','19:33:00','19:33:00','6741280','14','',''),
('4624986191678300','17:46:00','17:46:00','6741257','1','',''),
('4624986191678300','17:48:00','17:48:00','6741259','2','',''),
('4624986191678300','17:52:00','17:52:00','6741260','3','',''),
('4624986191678300','17:53:00','17:53:00','6741262','4','',''),
('4624986191678300','17:54:00','17:54:00','6741264','5','',''),
('4624986191678300','17:55:00','17:55:00','6741266','6','',''),
('4624986191678300','17:59:00','17:59:00','6741268','7','',''),
('4624986191678300','18:00:00','18:00:00','6741270','8','',''),
('4624986191678300','18:00:00','18:00:00','6741271','9','',''),
('4624986191678300','18:01:00','18:01:00','6741273','10','',''),
('4624986191678300','18:02:00','18:02:00','6741275','11','',''),
('4624986191678300','18:05:00','18:05:00','6741277','12','',''),
('4624986191678300','18:11:00','18:11:00','6741279','13','',''),
('4624986191678300','18:13:00','18:13:00','6741280','14','',''),
('4624986201678300','17:46:00','17:46:00','6741257','1','',''),
('4624986201678300','17:48:00','17:48:00','6741259','2','',''),
('4624986201678300','17:52:00','17:52:00','6741260','3','',''),
('4624986201678300','17:53:00','17:53:00','6741262','4','',''),
('4624986201678300','17:54:00','17:54:00','6741264','5','',''),
('4624986201678300','17:55:00','17:55:00','6741266','6','',''),
('4624986201678300','17:59:00','17:59:00','6741268','7','',''),
('4624986201678300','18:00:00','18:00:00','6741270','8','',''),
('4624986201678300','18:00:00','18:00:00','6741271','9','',''),
('4624986201678300','18:01:00','18:01:00','6741273','10','',''),
('4624986201678300','18:02:00','18:02:00','6741275','11','',''),
('4624986201678300','18:05:00','18:05:00','6741277','12','',''),
('4624986201678300','18:11:00','18:11:00','6741279','13','',''),
('4624986201678300','18:13:00','18:13:00','6741280','14','',''),
('4724986181678300','19:22:00','19:22:00','6741257','1','',''),
('4724986181678300','19:24:00','19:24:00','6741259','2','',''),
('4724986181678300','19:28:00','19:28:00','6741260','3','',''),
('4724986181678300','19:29:00','19:29:00','6741262','4','',''),
('4724986181678300','19:30:00','19:30:00','6741264','5','',''),
('4724986181678300','19:31:00','19:31:00','6741266','6','',''),
('4724986181678300','19:35:00','19:35:00','6741268','7','',''),
('4724986181678300','19:36:00','19:36:00','6741270','8','',''),
('4724986181678300','19:36:00','19:36:00','6741271','9','',''),
('4724986181678300','19:37:00','19:37:00','6741273','10','',''),
('4724986181678300','19:38:00','19:38:00','6741275','11','',''),
('4724986181678300','19:41:00','19:41:00','6741277','12','',''),
('4724986181678300','19:47:00','19:47:00','6741279','13','',''),
('4724986181678300','19:49:00','19:49:00','6741280','14','',''),
('4724986191678300','18:02:00','18:02:00','6741257','1','',''),
('4724986191678300','18:04:00','18:04:00','6741259','2','',''),
('4724986191678300','18:08:00','18:08:00','6741260','3','',''),
('4724986191678300','18:09:00','18:09:00','6741262','4','',''),
('4724986191678300','18:10:00','18:10:00','6741264','5','',''),
('4724986191678300','18:11:00','18:11:00','6741266','6','',''),
('4724986191678300','18:15:00','18:15:00','6741268','7','',''),
('4724986191678300','18:16:00','18:16:00','6741270','8','',''),
('4724986191678300','18:16:00','18:16:00','6741271','9','',''),
('4724986191678300','18:17:00','18:17:00','6741273','10','',''),
('4724986191678300','18:18:00','18:18:00','6741275','11','',''),
('4724986191678300','18:21:00','18:21:00','6741277','12','',''),
('4724986191678300','18:27:00','18:27:00','6741279','13','',''),
('4724986191678300','18:29:00','18:29:00','6741280','14','',''),
('4724986201678300','18:02:00','18:02:00','6741257','1','',''),
('4724986201678300','18:04:00','18:04:00','6741259','2','',''),
('4724986201678300','18:08:00','18:08:00','6741260','3','',''),
('4724986201678300','18:09:00','18:09:00','6741262','4','',''),
('4724986201678300','18:10:00','18:10:00','6741264','5','',''),
('4724986201678300','18:11:00','18:11:00','6741266','6','',''),
('4724986201678300','18:15:00','18:15:00','6741268','7','',''),
('4724986201678300','18:16:00','18:16:00','6741270','8','',''),
('4724986201678300','18:16:00','18:16:00','6741271','9','',''),
('4724986201678300','18:17:00','18:17:00','6741273','10','',''),
('4724986201678300','18:18:00','18:18:00','6741275','11','',''),
('4724986201678300','18:21:00','18:21:00','6741277','12','',''),
('4724986201678300','18:27:00','18:27:00','6741279','13','',''),
('4724986201678300','18:29:00','18:29:00','6741280','14','',''),
('4824986181678300','19:40:00','19:40:00','6741257','1','',''),
('4824986181678300','19:42:00','19:42:00','6741259','2','',''),
('4824986181678300','19:46:00','19:46:00','6741260','3','',''),
('4824986181678300','19:47:00','19:47:00','6741262','4','',''),
('4824986181678300','19:48:00','19:48:00','6741264','5','',''),
('4824986181678300','19:49:00','19:49:00','6741266','6','',''),
('4824986181678300','19:53:00','19:53:00','6741268','7','',''),
('4824986181678300','19:54:00','19:54:00','6741270','8','',''),
('4824986181678300','19:54:00','19:54:00','6741271','9','',''),
('4824986181678300','19:55:00','19:55:00','6741273','10','',''),
('4824986181678300','19:56:00','19:56:00','6741275','11','',''),
('4824986181678300','19:59:00','19:59:00','6741277','12','',''),
('4824986181678300','20:04:00','20:04:00','6741279','13','',''),
('4824986181678300','20:06:00','20:06:00','6741280','14','',''),
('4824986191678300','18:18:00','18:18:00','6741257','1','',''),
('4824986191678300','18:20:00','18:20:00','6741259','2','',''),
('4824986191678300','18:24:00','18:24:00','6741260','3','',''),
('4824986191678300','18:25:00','18:25:00','6741262','4','',''),
('4824986191678300','18:26:00','18:26:00','6741264','5','',''),
('4824986191678300','18:27:00','18:27:00','6741266','6','',''),
('4824986191678300','18:31:00','18:31:00','6741268','7','',''),
('4824986191678300','18:32:00','18:32:00','6741270','8','',''),
('4824986191678300','18:32:00','18:32:00','6741271','9','',''),
('4824986191678300','18:33:00','18:33:00','6741273','10','',''),
('4824986191678300','18:34:00','18:34:00','6741275','11','',''),
('4824986191678300','18:37:00','18:37:00','6741277','12','',''),
('4824986191678300','18:43:00','18:43:00','6741279','13','',''),
('4824986191678300','18:45:00','18:45:00','6741280','14','',''),
('4824986201678300','18:18:00','18:18:00','6741257','1','',''),
('4824986201678300','18:20:00','18:20:00','6741259','2','',''),
('4824986201678300','18:24:00','18:24:00','6741260','3','',''),
('4824986201678300','18:25:00','18:25:00','6741262','4','',''),
('4824986201678300','18:26:00','18:26:00','6741264','5','',''),
('4824986201678300','18:27:00','18:27:00','6741266','6','',''),
('4824986201678300','18:31:00','18:31:00','6741268','7','',''),
('4824986201678300','18:32:00','18:32:00','6741270','8','',''),
('4824986201678300','18:32:00','18:32:00','6741271','9','',''),
('4824986201678300','18:33:00','18:33:00','6741273','10','',''),
('4824986201678300','18:34:00','18:34:00','6741275','11','',''),
('4824986201678300','18:37:00','18:37:00','6741277','12','',''),
('4824986201678300','18:43:00','18:43:00','6741279','13','',''),
('4824986201678300','18:45:00','18:45:00','6741280','14','',''),
('4924986181678300','20:00:00','20:00:00','6741257','1','',''),
('4924986181678300','20:02:00','20:02:00','6741259','2','',''),
('4924986181678300','20:06:00','20:06:00','6741260','3','',''),
('4924986181678300','20:07:00','20:07:00','6741262','4','',''),
('4924986181678300','20:08:00','20:08:00','6741264','5','',''),
('4924986181678300','20:09:00','20:09:00','6741266','6','',''),
('4924986181678300','20:13:00','20:13:00','6741268','7','',''),
('4924986181678300','20:14:00','20:14:00','6741270','8','',''),
('4924986181678300','20:14:00','20:14:00','6741271','9','',''),
('4924986181678300','20:15:00','20:15:00','6741273','10','',''),
('4924986181678300','20:16:00','20:16:00','6741275','11','',''),
('4924986181678300','20:19:00','20:19:00','6741277','12','',''),
('4924986181678300','20:23:00','20:23:00','6741279','13','',''),
('4924986181678300','20:25:00','20:25:00','6741280','14','',''),
('4924986191678300','18:34:00','18:34:00','6741257','1','',''),
('4924986191678300','18:36:00','18:36:00','6741259','2','',''),
('4924986191678300','18:40:00','18:40:00','6741260','3','',''),
('4924986191678300','18:41:00','18:41:00','6741262','4','',''),
('4924986191678300','18:42:00','18:42:00','6741264','5','',''),
('4924986191678300','18:43:00','18:43:00','6741266','6','',''),
('4924986191678300','18:47:00','18:47:00','6741268','7','',''),
('4924986191678300','18:48:00','18:48:00','6741270','8','',''),
('4924986191678300','18:48:00','18:48:00','6741271','9','',''),
('4924986191678300','18:49:00','18:49:00','6741273','10','',''),
('4924986191678300','18:50:00','18:50:00','6741275','11','',''),
('4924986191678300','18:53:00','18:53:00','6741277','12','',''),
('4924986191678300','18:59:00','18:59:00','6741279','13','',''),
('4924986191678300','19:01:00','19:01:00','6741280','14','',''),
('4924986201678300','18:34:00','18:34:00','6741257','1','',''),
('4924986201678300','18:36:00','18:36:00','6741259','2','',''),
('4924986201678300','18:40:00','18:40:00','6741260','3','',''),
('4924986201678300','18:41:00','18:41:00','6741262','4','',''),
('4924986201678300','18:42:00','18:42:00','6741264','5','',''),
('4924986201678300','18:43:00','18:43:00','6741266','6','',''),
('4924986201678300','18:47:00','18:47:00','6741268','7','',''),
('4924986201678300','18:48:00','18:48:00','6741270','8','',''),
('4924986201678300','18:48:00','18:48:00','6741271','9','',''),
('4924986201678300','18:49:00','18:49:00','6741273','10','',''),
('4924986201678300','18:50:00','18:50:00','6741275','11','',''),
('4924986201678300','18:53:00','18:53:00','6741277','12','',''),
('4924986201678300','18:59:00','18:59:00','6741279','13','',''),
('4924986201678300','19:01:00','19:01:00','6741280','14','',''),
('5024986191678300','18:50:00','18:50:00','6741257','1','',''),
('5024986191678300','18:52:00','18:52:00','6741259','2','',''),
('5024986191678300','18:56:00','18:56:00','6741260','3','',''),
('5024986191678300','18:57:00','18:57:00','6741262','4','',''),
('5024986191678300','18:58:00','18:58:00','6741264','5','',''),
('5024986191678300','18:59:00','18:59:00','6741266','6','',''),
('5024986191678300','19:03:00','19:03:00','6741268','7','',''),
('5024986191678300','19:04:00','19:04:00','6741270','8','',''),
('5024986191678300','19:04:00','19:04:00','6741271','9','',''),
('5024986191678300','19:05:00','19:05:00','6741273','10','',''),
('5024986191678300','19:06:00','19:06:00','6741275','11','',''),
('5024986191678300','19:09:00','19:09:00','6741277','12','',''),
('5024986191678300','19:15:00','19:15:00','6741279','13','',''),
('5024986191678300','19:17:00','19:17:00','6741280','14','',''),
('5024986201678300','18:50:00','18:50:00','6741257','1','',''),
('5024986201678300','18:52:00','18:52:00','6741259','2','',''),
('5024986201678300','18:56:00','18:56:00','6741260','3','',''),
('5024986201678300','18:57:00','18:57:00','6741262','4','',''),
('5024986201678300','18:58:00','18:58:00','6741264','5','',''),
('5024986201678300','18:59:00','18:59:00','6741266','6','',''),
('5024986201678300','19:03:00','19:03:00','6741268','7','',''),
('5024986201678300','19:04:00','19:04:00','6741270','8','',''),
('5024986201678300','19:04:00','19:04:00','6741271','9','',''),
('5024986201678300','19:05:00','19:05:00','6741273','10','',''),
('5024986201678300','19:06:00','19:06:00','6741275','11','',''),
('5024986201678300','19:09:00','19:09:00','6741277','12','',''),
('5024986201678300','19:15:00','19:15:00','6741279','13','',''),
('5024986201678300','19:17:00','19:17:00','6741280','14','',''),
('5124986191678300','19:06:00','19:06:00','6741257','1','',''),
('5124986191678300','19:08:00','19:08:00','6741259','2','',''),
('5124986191678300','19:12:00','19:12:00','6741260','3','',''),
('5124986191678300','19:13:00','19:13:00','6741262','4','',''),
('5124986191678300','19:14:00','19:14:00','6741264','5','',''),
('5124986191678300','19:15:00','19:15:00','6741266','6','',''),
('5124986191678300','19:19:00','19:19:00','6741268','7','',''),
('5124986191678300','19:20:00','19:20:00','6741270','8','',''),
('5124986191678300','19:20:00','19:20:00','6741271','9','',''),
('5124986191678300','19:21:00','19:21:00','6741273','10','',''),
('5124986191678300','19:22:00','19:22:00','6741275','11','',''),
('5124986191678300','19:25:00','19:25:00','6741277','12','',''),
('5124986191678300','19:31:00','19:31:00','6741279','13','',''),
('5124986191678300','19:33:00','19:33:00','6741280','14','',''),
('5124986201678300','19:06:00','19:06:00','6741257','1','',''),
('5124986201678300','19:08:00','19:08:00','6741259','2','',''),
('5124986201678300','19:12:00','19:12:00','6741260','3','',''),
('5124986201678300','19:13:00','19:13:00','6741262','4','',''),
('5124986201678300','19:14:00','19:14:00','6741264','5','',''),
('5124986201678300','19:15:00','19:15:00','6741266','6','',''),
('5124986201678300','19:19:00','19:19:00','6741268','7','',''),
('5124986201678300','19:20:00','19:20:00','6741270','8','',''),
('5124986201678300','19:20:00','19:20:00','6741271','9','',''),
('5124986201678300','19:21:00','19:21:00','6741273','10','',''),
('5124986201678300','19:22:00','19:22:00','6741275','11','',''),
('5124986201678300','19:25:00','19:25:00','6741277','12','',''),
('5124986201678300','19:31:00','19:31:00','6741279','13','',''),
('5124986201678300','19:33:00','19:33:00','6741280','14','',''),
('5224986191678300','19:22:00','19:22:00','6741257','1','',''),
('5224986191678300','19:24:00','19:24:00','6741259','2','',''),
('5224986191678300','19:28:00','19:28:00','6741260','3','',''),
('5224986191678300','19:29:00','19:29:00','6741262','4','',''),
('5224986191678300','19:30:00','19:30:00','6741264','5','',''),
('5224986191678300','19:31:00','19:31:00','6741266','6','',''),
('5224986191678300','19:35:00','19:35:00','6741268','7','',''),
('5224986191678300','19:36:00','19:36:00','6741270','8','',''),
('5224986191678300','19:36:00','19:36:00','6741271','9','',''),
('5224986191678300','19:37:00','19:37:00','6741273','10','',''),
('5224986191678300','19:38:00','19:38:00','6741275','11','',''),
('5224986191678300','19:41:00','19:41:00','6741277','12','',''),
('5224986191678300','19:47:00','19:47:00','6741279','13','',''),
('5224986191678300','19:49:00','19:49:00','6741280','14','',''),
('5224986201678300','19:22:00','19:22:00','6741257','1','',''),
('5224986201678300','19:24:00','19:24:00','6741259','2','',''),
('5224986201678300','19:28:00','19:28:00','6741260','3','',''),
('5224986201678300','19:29:00','19:29:00','6741262','4','',''),
('5224986201678300','19:30:00','19:30:00','6741264','5','',''),
('5224986201678300','19:31:00','19:31:00','6741266','6','',''),
('5224986201678300','19:35:00','19:35:00','6741268','7','',''),
('5224986201678300','19:36:00','19:36:00','6741270','8','',''),
('5224986201678300','19:36:00','19:36:00','6741271','9','',''),
('5224986201678300','19:37:00','19:37:00','6741273','10','',''),
('5224986201678300','19:38:00','19:38:00','6741275','11','',''),
('5224986201678300','19:41:00','19:41:00','6741277','12','',''),
('5224986201678300','19:47:00','19:47:00','6741279','13','',''),
('5224986201678300','19:49:00','19:49:00','6741280','14','',''),
('524986181678300','08:10:00','08:10:00','6741257','1','',''),
('524986181678300','08:12:00','08:12:00','6741259','2','',''),
('524986181678300','08:16:00','08:16:00','6741260','3','',''),
('524986181678300','08:17:00','08:17:00','6741262','4','',''),
('524986181678300','08:18:00','08:18:00','6741264','5','',''),
('524986181678300','08:19:00','08:19:00','6741266','6','',''),
('524986181678300','08:23:00','08:23:00','6741268','7','',''),
('524986181678300','08:24:00','08:24:00','6741270','8','',''),
('524986181678300','08:24:00','08:24:00','6741271','9','',''),
('524986181678300','08:25:00','08:25:00','6741273','10','',''),
('524986181678300','08:26:00','08:26:00','6741275','11','',''),
('524986181678300','08:29:00','08:29:00','6741277','12','',''),
('524986181678300','08:35:00','08:35:00','6741279','13','',''),
('524986181678300','08:37:00','08:37:00','6741280','14','',''),
('524986191678300','06:50:00','06:50:00','6741257','1','',''),
('524986191678300','06:52:00','06:52:00','6741259','2','',''),
('524986191678300','06:56:00','06:56:00','6741260','3','',''),
('524986191678300','06:57:00','06:57:00','6741262','4','',''),
('524986191678300','06:58:00','06:58:00','6741264','5','',''),
('524986191678300','06:59:00','06:59:00','6741266','6','',''),
('524986191678300','07:03:00','07:03:00','6741268','7','',''),
('524986191678300','07:04:00','07:04:00','6741270','8','',''),
('524986191678300','07:04:00','07:04:00','6741271','9','',''),
('524986191678300','07:05:00','07:05:00','6741273','10','',''),
('524986191678300','07:06:00','07:06:00','6741275','11','',''),
('524986191678300','07:08:00','07:08:00','6741277','12','',''),
('524986191678300','07:12:00','07:12:00','6741279','13','',''),
('524986191678300','07:13:00','07:13:00','6741280','14','',''),
('524986201678300','06:50:00','06:50:00','6741257','1','',''),
('524986201678300','06:52:00','06:52:00','6741259','2','',''),
('524986201678300','06:56:00','06:56:00','6741260','3','',''),
('524986201678300','06:57:00','06:57:00','6741262','4','',''),
('524986201678300','06:58:00','06:58:00','6741264','5','',''),
('524986201678300','06:59:00','06:59:00','6741266','6','',''),
('524986201678300','07:03:00','07:03:00','6741268','7','',''),
('524986201678300','07:04:00','07:04:00','6741270','8','',''),
('524986201678300','07:04:00','07:04:00','6741271','9','',''),
('524986201678300','07:05:00','07:05:00','6741273','10','',''),
('524986201678300','07:06:00','07:06:00','6741275','11','',''),
('524986201678300','07:08:00','07:08:00','6741277','12','',''),
('524986201678300','07:12:00','07:12:00','6741279','13','',''),
('524986201678300','07:13:00','07:13:00','6741280','14','',''),
('5324986191678300','19:40:00','19:40:00','6741257','1','',''),
('5324986191678300','19:42:00','19:42:00','6741259','2','',''),
('5324986191678300','19:46:00','19:46:00','6741260','3','',''),
('5324986191678300','19:47:00','19:47:00','6741262','4','',''),
('5324986191678300','19:48:00','19:48:00','6741264','5','',''),
('5324986191678300','19:49:00','19:49:00','6741266','6','',''),
('5324986191678300','19:53:00','19:53:00','6741268','7','',''),
('5324986191678300','19:54:00','19:54:00','6741270','8','',''),
('5324986191678300','19:54:00','19:54:00','6741271','9','',''),
('5324986191678300','19:55:00','19:55:00','6741273','10','',''),
('5324986191678300','19:56:00','19:56:00','6741275','11','',''),
('5324986191678300','19:59:00','19:59:00','6741277','12','',''),
('5324986191678300','20:04:00','20:04:00','6741279','13','',''),
('5324986191678300','20:06:00','20:06:00','6741280','14','',''),
('5324986201678300','19:40:00','19:40:00','6741257','1','',''),
('5324986201678300','19:42:00','19:42:00','6741259','2','',''),
('5324986201678300','19:46:00','19:46:00','6741260','3','',''),
('5324986201678300','19:47:00','19:47:00','6741262','4','',''),
('5324986201678300','19:48:00','19:48:00','6741264','5','',''),
('5324986201678300','19:49:00','19:49:00','6741266','6','',''),
('5324986201678300','19:53:00','19:53:00','6741268','7','',''),
('5324986201678300','19:54:00','19:54:00','6741270','8','',''),
('5324986201678300','19:54:00','19:54:00','6741271','9','',''),
('5324986201678300','19:55:00','19:55:00','6741273','10','',''),
('5324986201678300','19:56:00','19:56:00','6741275','11','',''),
('5324986201678300','19:59:00','19:59:00','6741277','12','',''),
('5324986201678300','20:04:00','20:04:00','6741279','13','',''),
('5324986201678300','20:06:00','20:06:00','6741280','14','',''),
('5424986191678300','20:00:00','20:00:00','6741257','1','',''),
('5424986191678300','20:02:00','20:02:00','6741259','2','',''),
('5424986191678300','20:06:00','20:06:00','6741260','3','',''),
('5424986191678300','20:07:00','20:07:00','6741262','4','',''),
('5424986191678300','20:08:00','20:08:00','6741264','5','',''),
('5424986191678300','20:09:00','20:09:00','6741266','6','',''),
('5424986191678300','20:13:00','20:13:00','6741268','7','',''),
('5424986191678300','20:14:00','20:14:00','6741270','8','',''),
('5424986191678300','20:14:00','20:14:00','6741271','9','',''),
('5424986191678300','20:15:00','20:15:00','6741273','10','',''),
('5424986191678300','20:16:00','20:16:00','6741275','11','',''),
('5424986191678300','20:19:00','20:19:00','6741277','12','',''),
('5424986191678300','20:23:00','20:23:00','6741279','13','',''),
('5424986191678300','20:25:00','20:25:00','6741280','14','',''),
('5424986201678300','20:00:00','20:00:00','6741257','1','',''),
('5424986201678300','20:02:00','20:02:00','6741259','2','',''),
('5424986201678300','20:06:00','20:06:00','6741260','3','',''),
('5424986201678300','20:07:00','20:07:00','6741262','4','',''),
('5424986201678300','20:08:00','20:08:00','6741264','5','',''),
('5424986201678300','20:09:00','20:09:00','6741266','6','',''),
('5424986201678300','20:13:00','20:13:00','6741268','7','',''),
('5424986201678300','20:14:00','20:14:00','6741270','8','',''),
('5424986201678300','20:14:00','20:14:00','6741271','9','',''),
('5424986201678300','20:15:00','20:15:00','6741273','10','',''),
('5424986201678300','20:16:00','20:16:00','6741275','11','',''),
('5424986201678300','20:19:00','20:19:00','6741277','12','',''),
('5424986201678300','20:23:00','20:23:00','6741279','13','',''),
('5424986201678300','20:25:00','20:25:00','6741280','14','',''),
('624986181678300','08:26:00','08:26:00','6741257','1','',''),
('624986181678300','08:28:00','08:28:00','6741259','2','',''),
('624986181678300','08:32:00','08:32:00','6741260','3','',''),
('624986181678300','08:33:00','08:33:00','6741262','4','',''),
('624986181678300','08:34:00','08:34:00','6741264','5','',''),
('624986181678300','08:35:00','08:35:00','6741266','6','',''),
('624986181678300','08:39:00','08:39:00','6741268','7','',''),
('624986181678300','08:40:00','08:40:00','6741270','8','',''),
('624986181678300','08:40:00','08:40:00','6741271','9','',''),
('624986181678300','08:41:00','08:41:00','6741273','10','',''),
('624986181678300','08:42:00','08:42:00','6741275','11','',''),
('624986181678300','08:45:00','08:45:00','6741277','12','',''),
('624986181678300','08:51:00','08:51:00','6741279','13','',''),
('624986181678300','08:53:00','08:53:00','6741280','14','',''),
('624986191678300','07:06:00','07:06:00','6741257','1','',''),
('624986191678300','07:08:00','07:08:00','6741259','2','',''),
('624986191678300','07:12:00','07:12:00','6741260','3','',''),
('624986191678300','07:13:00','07:13:00','6741262','4','',''),
('624986191678300','07:14:00','07:14:00','6741264','5','',''),
('624986191678300','07:15:00','07:15:00','6741266','6','',''),
('624986191678300','07:19:00','07:19:00','6741268','7','',''),
('624986191678300','07:20:00','07:20:00','6741270','8','',''),
('624986191678300','07:20:00','07:20:00','6741271','9','',''),
('624986191678300','07:21:00','07:21:00','6741273','10','',''),
('624986191678300','07:22:00','07:22:00','6741275','11','',''),
('624986191678300','07:24:00','07:24:00','6741277','12','',''),
('624986191678300','07:28:00','07:28:00','6741279','13','',''),
('624986191678300','07:29:00','07:29:00','6741280','14','',''),
('624986201678300','07:06:00','07:06:00','6741257','1','',''),
('624986201678300','07:08:00','07:08:00','6741259','2','',''),
('624986201678300','07:12:00','07:12:00','6741260','3','',''),
('624986201678300','07:13:00','07:13:00','6741262','4','',''),
('624986201678300','07:14:00','07:14:00','6741264','5','',''),
('624986201678300','07:15:00','07:15:00','6741266','6','',''),
('624986201678300','07:19:00','07:19:00','6741268','7','',''),
('624986201678300','07:20:00','07:20:00','6741270','8','',''),
('624986201678300','07:20:00','07:20:00','6741271','9','',''),
('624986201678300','07:21:00','07:21:00','6741273','10','',''),
('624986201678300','07:22:00','07:22:00','6741275','11','',''),
('624986201678300','07:24:00','07:24:00','6741277','12','',''),
('624986201678300','07:28:00','07:28:00','6741279','13','',''),
('624986201678300','07:29:00','07:29:00','6741280','14','',''),
('724986181678300','08:42:00','08:42:00','6741257','1','',''),
('724986181678300','08:44:00','08:44:00','6741259','2','',''),
('724986181678300','08:48:00','08:48:00','6741260','3','',''),
('724986181678300','08:49:00','08:49:00','6741262','4','',''),
('724986181678300','08:50:00','08:50:00','6741264','5','',''),
('724986181678300','08:51:00','08:51:00','6741266','6','',''),
('724986181678300','08:55:00','08:55:00','6741268','7','',''),
('724986181678300','08:56:00','08:56:00','6741270','8','',''),
('724986181678300','08:56:00','08:56:00','6741271','9','',''),
('724986181678300','08:57:00','08:57:00','6741273','10','',''),
('724986181678300','08:58:00','08:58:00','6741275','11','',''),
('724986181678300','09:01:00','09:01:00','6741277','12','',''),
('724986181678300','09:07:00','09:07:00','6741279','13','',''),
('724986181678300','09:09:00','09:09:00','6741280','14','',''),
('724986191678300','07:22:00','07:22:00','6741257','1','',''),
('724986191678300','07:24:00','07:24:00','6741259','2','',''),
('724986191678300','07:28:00','07:28:00','6741260','3','',''),
('724986191678300','07:29:00','07:29:00','6741262','4','',''),
('724986191678300','07:30:00','07:30:00','6741264','5','',''),
('724986191678300','07:31:00','07:31:00','6741266','6','',''),
('724986191678300','07:35:00','07:35:00','6741268','7','',''),
('724986191678300','07:36:00','07:36:00','6741270','8','',''),
('724986191678300','07:36:00','07:36:00','6741271','9','',''),
('724986191678300','07:37:00','07:37:00','6741273','10','',''),
('724986191678300','07:38:00','07:38:00','6741275','11','',''),
('724986191678300','07:41:00','07:41:00','6741277','12','',''),
('724986191678300','07:45:00','07:45:00','6741279','13','',''),
('724986191678300','07:47:00','07:47:00','6741280','14','',''),
('724986201678300','07:22:00','07:22:00','6741257','1','',''),
('724986201678300','07:24:00','07:24:00','6741259','2','',''),
('724986201678300','07:28:00','07:28:00','6741260','3','',''),
('724986201678300','07:29:00','07:29:00','6741262','4','',''),
('724986201678300','07:30:00','07:30:00','6741264','5','',''),
('724986201678300','07:31:00','07:31:00','6741266','6','',''),
('724986201678300','07:35:00','07:35:00','6741268','7','',''),
('724986201678300','07:36:00','07:36:00','6741270','8','',''),
('724986201678300','07:36:00','07:36:00','6741271','9','',''),
('724986201678300','07:37:00','07:37:00','6741273','10','',''),
('724986201678300','07:38:00','07:38:00','6741275','11','',''),
('724986201678300','07:41:00','07:41:00','6741277','12','',''),
('724986201678300','07:45:00','07:45:00','6741279','13','',''),
('724986201678300','07:47:00','07:47:00','6741280','14','',''),
('824986181678300','08:58:00','08:58:00','6741257','1','',''),
('824986181678300','09:00:00','09:00:00','6741259','2','',''),
('824986181678300','09:04:00','09:04:00','6741260','3','',''),
('824986181678300','09:05:00','09:05:00','6741262','4','',''),
('824986181678300','09:06:00','09:06:00','6741264','5','',''),
('824986181678300','09:07:00','09:07:00','6741266','6','',''),
('824986181678300','09:11:00','09:11:00','6741268','7','',''),
('824986181678300','09:12:00','09:12:00','6741270','8','',''),
('824986181678300','09:12:00','09:12:00','6741271','9','',''),
('824986181678300','09:13:00','09:13:00','6741273','10','',''),
('824986181678300','09:14:00','09:14:00','6741275','11','',''),
('824986181678300','09:17:00','09:17:00','6741277','12','',''),
('824986181678300','09:23:00','09:23:00','6741279','13','',''),
('824986181678300','09:25:00','09:25:00','6741280','14','',''),
('824986191678300','07:38:00','07:38:00','6741257','1','',''),
('824986191678300','07:40:00','07:40:00','6741259','2','',''),
('824986191678300','07:44:00','07:44:00','6741260','3','',''),
('824986191678300','07:45:00','07:45:00','6741262','4','',''),
('824986191678300','07:46:00','07:46:00','6741264','5','',''),
('824986191678300','07:47:00','07:47:00','6741266','6','',''),
('824986191678300','07:51:00','07:51:00','6741268','7','',''),
('824986191678300','07:52:00','07:52:00','6741270','8','',''),
('824986191678300','07:52:00','07:52:00','6741271','9','',''),
('824986191678300','07:53:00','07:53:00','6741273','10','',''),
('824986191678300','07:54:00','07:54:00','6741275','11','',''),
('824986191678300','07:57:00','07:57:00','6741277','12','',''),
('824986191678300','08:03:00','08:03:00','6741279','13','',''),
('824986191678300','08:05:00','08:05:00','6741280','14','',''),
('824986201678300','07:38:00','07:38:00','6741257','1','',''),
('824986201678300','07:40:00','07:40:00','6741259','2','',''),
('824986201678300','07:44:00','07:44:00','6741260','3','',''),
('824986201678300','07:45:00','07:45:00','6741262','4','',''),
('824986201678300','07:46:00','07:46:00','6741264','5','',''),
('824986201678300','07:47:00','07:47:00','6741266','6','',''),
('824986201678300','07:51:00','07:51:00','6741268','7','',''),
('824986201678300','07:52:00','07:52:00','6741270','8','',''),
('824986201678300','07:52:00','07:52:00','6741271','9','',''),
('824986201678300','07:53:00','07:53:00','6741273','10','',''),
('824986201678300','07:54:00','07:54:00','6741275','11','',''),
('824986201678300','07:57:00','07:57:00','6741277','12','',''),
('824986201678300','08:03:00','08:03:00','6741279','13','',''),
('824986201678300','08:05:00','08:05:00','6741280','14','',''),
('924986181678300','09:14:00','09:14:00','6741257','1','',''),
('924986181678300','09:16:00','09:16:00','6741259','2','',''),
('924986181678300','09:20:00','09:20:00','6741260','3','',''),
('924986181678300','09:21:00','09:21:00','6741262','4','',''),
('924986181678300','09:22:00','09:22:00','6741264','5','',''),
('924986181678300','09:23:00','09:23:00','6741266','6','',''),
('924986181678300','09:27:00','09:27:00','6741268','7','',''),
('924986181678300','09:28:00','09:28:00','6741270','8','',''),
('924986181678300','09:28:00','09:28:00','6741271','9','',''),
('924986181678300','09:29:00','09:29:00','6741273','10','',''),
('924986181678300','09:30:00','09:30:00','6741275','11','',''),
('924986181678300','09:33:00','09:33:00','6741277','12','',''),
('924986181678300','09:37:00','09:37:00','6741279','13','',''),
('924986181678300','09:39:00','09:39:00','6741280','14','',''),
('924986191678300','07:54:00','07:54:00','6741257','1','',''),
('924986191678300','07:56:00','07:56:00','6741259','2','',''),
('924986191678300','08:00:00','08:00:00','6741260','3','',''),
('924986191678300','08:01:00','08:01:00','6741262','4','',''),
('924986191678300','08:02:00','08:02:00','6741264','5','',''),
('924986191678300','08:03:00','08:03:00','6741266','6','',''),
('924986191678300','08:07:00','08:07:00','6741268','7','',''),
('924986191678300','08:08:00','08:08:00','6741270','8','',''),
('924986191678300','08:08:00','08:08:00','6741271','9','',''),
('924986191678300','08:09:00','08:09:00','6741273','10','',''),
('924986191678300','08:10:00','08:10:00','6741275','11','',''),
('924986191678300','08:13:00','08:13:00','6741277','12','',''),
('924986191678300','08:19:00','08:19:00','6741279','13','',''),
('924986191678300','08:21:00','08:21:00','6741280','14','',''),
('924986201678300','07:54:00','07:54:00','6741257','1','',''),
('924986201678300','07:56:00','07:56:00','6741259','2','',''),
('924986201678300','08:00:00','08:00:00','6741260','3','',''),
('924986201678300','08:01:00','08:01:00','6741262','4','',''),
('924986201678300','08:02:00','08:02:00','6741264','5','',''),
('924986201678300','08:03:00','08:03:00','6741266','6','',''),
('924986201678300','08:07:00','08:07:00','6741268','7','',''),
('924986201678300','08:08:00','08:08:00','6741270','8','',''),
('924986201678300','08:08:00','08:08:00','6741271','9','',''),
('924986201678300','08:09:00','08:09:00','6741273','10','',''),
('924986201678300','08:10:00','08:10:00','6741275','11','',''),
('924986201678300','08:13:00','08:13:00','6741277','12','',''),
('924986201678300','08:19:00','08:19:00','6741279','13','',''),
('924986201678300','08:21:00','08:21:00','6741280','14','',''),
('1024986181678299','09:32:00','09:32:00','6741281','1','',''),
('1024986181678299','09:34:00','09:34:00','6741278','2','',''),
('1024986181678299','09:36:00','09:36:00','6741276','3','',''),
('1024986181678299','09:37:00','09:37:00','6741274','4','',''),
('1024986181678299','09:38:00','09:38:00','6741272','5','',''),
('1024986181678299','09:39:00','09:39:00','6741282','6','',''),
('1024986181678299','09:39:00','09:39:00','6741283','7','',''),
('1024986181678299','09:40:00','09:40:00','6741269','8','',''),
('1024986181678299','09:44:00','09:44:00','6741267','9','',''),
('1024986181678299','09:45:00','09:45:00','6741265','10','',''),
('1024986181678299','09:46:00','09:46:00','6741263','11','',''),
('1024986181678299','09:47:00','09:47:00','6741261','12','',''),
('1024986181678299','09:50:00','09:50:00','6741258','13','',''),
('1024986191678299','08:28:00','08:28:00','6741281','1','',''),
('1024986191678299','08:30:00','08:30:00','6741278','2','',''),
('1024986191678299','08:32:00','08:32:00','6741276','3','',''),
('1024986191678299','08:33:00','08:33:00','6741274','4','',''),
('1024986191678299','08:34:00','08:34:00','6741272','5','',''),
('1024986191678299','08:35:00','08:35:00','6741282','6','',''),
('1024986191678299','08:35:00','08:35:00','6741283','7','',''),
('1024986191678299','08:36:00','08:36:00','6741269','8','',''),
('1024986191678299','08:40:00','08:40:00','6741267','9','',''),
('1024986191678299','08:41:00','08:41:00','6741265','10','',''),
('1024986191678299','08:42:00','08:42:00','6741263','11','',''),
('1024986191678299','08:43:00','08:43:00','6741261','12','',''),
('1024986191678299','08:50:00','08:50:00','6741258','13','',''),
('1024986201678299','08:28:00','08:28:00','6741281','1','',''),
('1024986201678299','08:30:00','08:30:00','6741278','2','',''),
('1024986201678299','08:32:00','08:32:00','6741276','3','',''),
('1024986201678299','08:33:00','08:33:00','6741274','4','',''),
('1024986201678299','08:34:00','08:34:00','6741272','5','',''),
('1024986201678299','08:35:00','08:35:00','6741282','6','',''),
('1024986201678299','08:35:00','08:35:00','6741283','7','',''),
('1024986201678299','08:36:00','08:36:00','6741269','8','',''),
('1024986201678299','08:40:00','08:40:00','6741267','9','',''),
('1024986201678299','08:41:00','08:41:00','6741265','10','',''),
('1024986201678299','08:42:00','08:42:00','6741263','11','',''),
('1024986201678299','08:43:00','08:43:00','6741261','12','',''),
('1024986201678299','08:50:00','08:50:00','6741258','13','',''),
('1124986181678299','09:48:00','09:48:00','6741281','1','',''),
('1124986181678299','09:50:00','09:50:00','6741278','2','',''),
('1124986181678299','09:52:00','09:52:00','6741276','3','',''),
('1124986181678299','09:53:00','09:53:00','6741274','4','',''),
('1124986181678299','09:54:00','09:54:00','6741272','5','',''),
('1124986181678299','09:55:00','09:55:00','6741282','6','',''),
('1124986181678299','09:55:00','09:55:00','6741283','7','',''),
('1124986181678299','09:56:00','09:56:00','6741269','8','',''),
('1124986181678299','10:00:00','10:00:00','6741267','9','',''),
('1124986181678299','10:01:00','10:01:00','6741265','10','',''),
('1124986181678299','10:02:00','10:02:00','6741263','11','',''),
('1124986181678299','10:03:00','10:03:00','6741261','12','',''),
('1124986181678299','10:06:00','10:06:00','6741258','13','',''),
('1124986191678299','08:44:00','08:44:00','6741281','1','',''),
('1124986191678299','08:46:00','08:46:00','6741278','2','',''),
('1124986191678299','08:48:00','08:48:00','6741276','3','',''),
('1124986191678299','08:49:00','08:49:00','6741274','4','',''),
('1124986191678299','08:50:00','08:50:00','6741272','5','',''),
('1124986191678299','08:51:00','08:51:00','6741282','6','',''),
('1124986191678299','08:51:00','08:51:00','6741283','7','',''),
('1124986191678299','08:52:00','08:52:00','6741269','8','',''),
('1124986191678299','08:56:00','08:56:00','6741267','9','',''),
('1124986191678299','08:57:00','08:57:00','6741265','10','',''),
('1124986191678299','08:58:00','08:58:00','6741263','11','',''),
('1124986191678299','08:59:00','08:59:00','6741261','12','',''),
('1124986191678299','09:06:00','09:06:00','6741258','13','',''),
('1124986201678299','08:44:00','08:44:00','6741281','1','',''),
('1124986201678299','08:46:00','08:46:00','6741278','2','',''),
('1124986201678299','08:48:00','08:48:00','6741276','3','',''),
('1124986201678299','08:49:00','08:49:00','6741274','4','',''),
('1124986201678299','08:50:00','08:50:00','6741272','5','',''),
('1124986201678299','08:51:00','08:51:00','6741282','6','',''),
('1124986201678299','08:51:00','08:51:00','6741283','7','',''),
('1124986201678299','08:52:00','08:52:00','6741269','8','',''),
('1124986201678299','08:56:00','08:56:00','6741267','9','',''),
('1124986201678299','08:57:00','08:57:00','6741265','10','',''),
('1124986201678299','08:58:00','08:58:00','6741263','11','',''),
('1124986201678299','08:59:00','08:59:00','6741261','12','',''),
('1124986201678299','09:06:00','09:06:00','6741258','13','',''),
('1224986181678299','10:04:00','10:04:00','6741281','1','',''),
('1224986181678299','10:06:00','10:06:00','6741278','2','',''),
('1224986181678299','10:08:00','10:08:00','6741276','3','',''),
('1224986181678299','10:09:00','10:09:00','6741274','4','',''),
('1224986181678299','10:10:00','10:10:00','6741272','5','',''),
('1224986181678299','10:11:00','10:11:00','6741282','6','',''),
('1224986181678299','10:11:00','10:11:00','6741283','7','',''),
('1224986181678299','10:12:00','10:12:00','6741269','8','',''),
('1224986181678299','10:16:00','10:16:00','6741267','9','',''),
('1224986181678299','10:17:00','10:17:00','6741265','10','',''),
('1224986181678299','10:18:00','10:18:00','6741263','11','',''),
('1224986181678299','10:19:00','10:19:00','6741261','12','',''),
('1224986181678299','10:22:00','10:22:00','6741258','13','',''),
('1224986191678299','09:00:00','09:00:00','6741281','1','',''),
('1224986191678299','09:02:00','09:02:00','6741278','2','',''),
('1224986191678299','09:04:00','09:04:00','6741276','3','',''),
('1224986191678299','09:05:00','09:05:00','6741274','4','',''),
('1224986191678299','09:06:00','09:06:00','6741272','5','',''),
('1224986191678299','09:07:00','09:07:00','6741282','6','',''),
('1224986191678299','09:07:00','09:07:00','6741283','7','',''),
('1224986191678299','09:08:00','09:08:00','6741269','8','',''),
('1224986191678299','09:12:00','09:12:00','6741267','9','',''),
('1224986191678299','09:13:00','09:13:00','6741265','10','',''),
('1224986191678299','09:14:00','09:14:00','6741263','11','',''),
('1224986191678299','09:15:00','09:15:00','6741261','12','',''),
('1224986191678299','09:22:00','09:22:00','6741258','13','',''),
('1224986201678299','09:00:00','09:00:00','6741281','1','',''),
('1224986201678299','09:02:00','09:02:00','6741278','2','',''),
('1224986201678299','09:04:00','09:04:00','6741276','3','',''),
('1224986201678299','09:05:00','09:05:00','6741274','4','',''),
('1224986201678299','09:06:00','09:06:00','6741272','5','',''),
('1224986201678299','09:07:00','09:07:00','6741282','6','',''),
('1224986201678299','09:07:00','09:07:00','6741283','7','',''),
('1224986201678299','09:08:00','09:08:00','6741269','8','',''),
('1224986201678299','09:12:00','09:12:00','6741267','9','',''),
('1224986201678299','09:13:00','09:13:00','6741265','10','',''),
('1224986201678299','09:14:00','09:14:00','6741263','11','',''),
('1224986201678299','09:15:00','09:15:00','6741261','12','',''),
('1224986201678299','09:22:00','09:22:00','6741258','13','',''),
('124986181678299','07:00:00','07:00:00','6741281','1','',''),
('124986181678299','07:02:00','07:02:00','6741278','2','',''),
('124986181678299','07:04:00','07:04:00','6741276','3','',''),
('124986181678299','07:05:00','07:05:00','6741274','4','',''),
('124986181678299','07:06:00','07:06:00','6741272','5','',''),
('124986181678299','07:07:00','07:07:00','6741282','6','',''),
('124986181678299','07:07:00','07:07:00','6741283','7','',''),
('124986181678299','07:08:00','07:08:00','6741269','8','',''),
('124986181678299','07:12:00','07:12:00','6741267','9','',''),
('124986181678299','07:13:00','07:13:00','6741265','10','',''),
('124986181678299','07:14:00','07:14:00','6741263','11','',''),
('124986181678299','07:15:00','07:15:00','6741261','12','',''),
('124986181678299','07:18:00','07:18:00','6741258','13','',''),
('124986191678299','06:00:00','06:00:00','6741281','1','',''),
('124986191678299','06:02:00','06:02:00','6741278','2','',''),
('124986191678299','06:04:00','06:04:00','6741276','3','',''),
('124986191678299','06:05:00','06:05:00','6741274','4','',''),
('124986191678299','06:06:00','06:06:00','6741272','5','',''),
('124986191678299','06:07:00','06:07:00','6741282','6','',''),
('124986191678299','06:07:00','06:07:00','6741283','7','',''),
('124986191678299','06:08:00','06:08:00','6741269','8','',''),
('124986191678299','06:12:00','06:12:00','6741267','9','',''),
('124986191678299','06:13:00','06:13:00','6741265','10','',''),
('124986191678299','06:14:00','06:14:00','6741263','11','',''),
('124986191678299','06:15:00','06:15:00','6741261','12','',''),
('124986191678299','06:18:00','06:18:00','6741258','13','',''),
('124986201678299','06:00:00','06:00:00','6741281','1','',''),
('124986201678299','06:02:00','06:02:00','6741278','2','',''),
('124986201678299','06:04:00','06:04:00','6741276','3','',''),
('124986201678299','06:05:00','06:05:00','6741274','4','',''),
('124986201678299','06:06:00','06:06:00','6741272','5','',''),
('124986201678299','06:07:00','06:07:00','6741282','6','',''),
('124986201678299','06:07:00','06:07:00','6741283','7','',''),
('124986201678299','06:08:00','06:08:00','6741269','8','',''),
('124986201678299','06:12:00','06:12:00','6741267','9','',''),
('124986201678299','06:13:00','06:13:00','6741265','10','',''),
('124986201678299','06:14:00','06:14:00','6741263','11','',''),
('124986201678299','06:15:00','06:15:00','6741261','12','',''),
('124986201678299','06:18:00','06:18:00','6741258','13','',''),
('1324986181678299','10:20:00','10:20:00','6741281','1','',''),
('1324986181678299','10:22:00','10:22:00','6741278','2','',''),
('1324986181678299','10:24:00','10:24:00','6741276','3','',''),
('1324986181678299','10:25:00','10:25:00','6741274','4','',''),
('1324986181678299','10:26:00','10:26:00','6741272','5','',''),
('1324986181678299','10:27:00','10:27:00','6741282','6','',''),
('1324986181678299','10:27:00','10:27:00','6741283','7','',''),
('1324986181678299','10:28:00','10:28:00','6741269','8','',''),
('1324986181678299','10:32:00','10:32:00','6741267','9','',''),
('1324986181678299','10:33:00','10:33:00','6741265','10','',''),
('1324986181678299','10:34:00','10:34:00','6741263','11','',''),
('1324986181678299','10:35:00','10:35:00','6741261','12','',''),
('1324986181678299','10:38:00','10:38:00','6741258','13','',''),
('1324986191678299','09:16:00','09:16:00','6741281','1','',''),
('1324986191678299','09:18:00','09:18:00','6741278','2','',''),
('1324986191678299','09:20:00','09:20:00','6741276','3','',''),
('1324986191678299','09:21:00','09:21:00','6741274','4','',''),
('1324986191678299','09:22:00','09:22:00','6741272','5','',''),
('1324986191678299','09:23:00','09:23:00','6741282','6','',''),
('1324986191678299','09:23:00','09:23:00','6741283','7','',''),
('1324986191678299','09:24:00','09:24:00','6741269','8','',''),
('1324986191678299','09:28:00','09:28:00','6741267','9','',''),
('1324986191678299','09:29:00','09:29:00','6741265','10','',''),
('1324986191678299','09:30:00','09:30:00','6741263','11','',''),
('1324986191678299','09:31:00','09:31:00','6741261','12','',''),
('1324986191678299','09:35:00','09:35:00','6741258','13','',''),
('1324986201678299','09:16:00','09:16:00','6741281','1','',''),
('1324986201678299','09:18:00','09:18:00','6741278','2','',''),
('1324986201678299','09:20:00','09:20:00','6741276','3','',''),
('1324986201678299','09:21:00','09:21:00','6741274','4','',''),
('1324986201678299','09:22:00','09:22:00','6741272','5','',''),
('1324986201678299','09:23:00','09:23:00','6741282','6','',''),
('1324986201678299','09:23:00','09:23:00','6741283','7','',''),
('1324986201678299','09:24:00','09:24:00','6741269','8','',''),
('1324986201678299','09:28:00','09:28:00','6741267','9','',''),
('1324986201678299','09:29:00','09:29:00','6741265','10','',''),
('1324986201678299','09:30:00','09:30:00','6741263','11','',''),
('1324986201678299','09:31:00','09:31:00','6741261','12','',''),
('1324986201678299','09:35:00','09:35:00','6741258','13','',''),
('1424986181678299','10:36:00','10:36:00','6741281','1','',''),
('1424986181678299','10:38:00','10:38:00','6741278','2','',''),
('1424986181678299','10:40:00','10:40:00','6741276','3','',''),
('1424986181678299','10:41:00','10:41:00','6741274','4','',''),
('1424986181678299','10:42:00','10:42:00','6741272','5','',''),
('1424986181678299','10:43:00','10:43:00','6741282','6','',''),
('1424986181678299','10:43:00','10:43:00','6741283','7','',''),
('1424986181678299','10:44:00','10:44:00','6741269','8','',''),
('1424986181678299','10:48:00','10:48:00','6741267','9','',''),
('1424986181678299','10:49:00','10:49:00','6741265','10','',''),
('1424986181678299','10:50:00','10:50:00','6741263','11','',''),
('1424986181678299','10:51:00','10:51:00','6741261','12','',''),
('1424986181678299','10:54:00','10:54:00','6741258','13','',''),
('1424986191678299','09:32:00','09:32:00','6741281','1','',''),
('1424986191678299','09:34:00','09:34:00','6741278','2','',''),
('1424986191678299','09:36:00','09:36:00','6741276','3','',''),
('1424986191678299','09:37:00','09:37:00','6741274','4','',''),
('1424986191678299','09:38:00','09:38:00','6741272','5','',''),
('1424986191678299','09:39:00','09:39:00','6741282','6','',''),
('1424986191678299','09:39:00','09:39:00','6741283','7','',''),
('1424986191678299','09:40:00','09:40:00','6741269','8','',''),
('1424986191678299','09:44:00','09:44:00','6741267','9','',''),
('1424986191678299','09:45:00','09:45:00','6741265','10','',''),
('1424986191678299','09:46:00','09:46:00','6741263','11','',''),
('1424986191678299','09:47:00','09:47:00','6741261','12','',''),
('1424986191678299','09:50:00','09:50:00','6741258','13','',''),
('1424986201678299','09:32:00','09:32:00','6741281','1','',''),
('1424986201678299','09:34:00','09:34:00','6741278','2','',''),
('1424986201678299','09:36:00','09:36:00','6741276','3','',''),
('1424986201678299','09:37:00','09:37:00','6741274','4','',''),
('1424986201678299','09:38:00','09:38:00','6741272','5','',''),
('1424986201678299','09:39:00','09:39:00','6741282','6','',''),
('1424986201678299','09:39:00','09:39:00','6741283','7','',''),
('1424986201678299','09:40:00','09:40:00','6741269','8','',''),
('1424986201678299','09:44:00','09:44:00','6741267','9','',''),
('1424986201678299','09:45:00','09:45:00','6741265','10','',''),
('1424986201678299','09:46:00','09:46:00','6741263','11','',''),
('1424986201678299','09:47:00','09:47:00','6741261','12','',''),
('1424986201678299','09:50:00','09:50:00','6741258','13','',''),
('1524986181678299','10:52:00','10:52:00','6741281','1','',''),
('1524986181678299','10:54:00','10:54:00','6741278','2','',''),
('1524986181678299','10:56:00','10:56:00','6741276','3','',''),
('1524986181678299','10:57:00','10:57:00','6741274','4','',''),
('1524986181678299','10:58:00','10:58:00','6741272','5','',''),
('1524986181678299','10:59:00','10:59:00','6741282','6','',''),
('1524986181678299','10:59:00','10:59:00','6741283','7','',''),
('1524986181678299','11:00:00','11:00:00','6741269','8','',''),
('1524986181678299','11:04:00','11:04:00','6741267','9','',''),
('1524986181678299','11:05:00','11:05:00','6741265','10','',''),
('1524986181678299','11:06:00','11:06:00','6741263','11','',''),
('1524986181678299','11:07:00','11:07:00','6741261','12','',''),
('1524986181678299','11:10:00','11:10:00','6741258','13','',''),
('1524986191678299','09:48:00','09:48:00','6741281','1','',''),
('1524986191678299','09:50:00','09:50:00','6741278','2','',''),
('1524986191678299','09:52:00','09:52:00','6741276','3','',''),
('1524986191678299','09:53:00','09:53:00','6741274','4','',''),
('1524986191678299','09:54:00','09:54:00','6741272','5','',''),
('1524986191678299','09:55:00','09:55:00','6741282','6','',''),
('1524986191678299','09:55:00','09:55:00','6741283','7','',''),
('1524986191678299','09:56:00','09:56:00','6741269','8','',''),
('1524986191678299','10:00:00','10:00:00','6741267','9','',''),
('1524986191678299','10:01:00','10:01:00','6741265','10','',''),
('1524986191678299','10:02:00','10:02:00','6741263','11','',''),
('1524986191678299','10:03:00','10:03:00','6741261','12','',''),
('1524986191678299','10:06:00','10:06:00','6741258','13','',''),
('1524986201678299','09:48:00','09:48:00','6741281','1','',''),
('1524986201678299','09:50:00','09:50:00','6741278','2','',''),
('1524986201678299','09:52:00','09:52:00','6741276','3','',''),
('1524986201678299','09:53:00','09:53:00','6741274','4','',''),
('1524986201678299','09:54:00','09:54:00','6741272','5','',''),
('1524986201678299','09:55:00','09:55:00','6741282','6','',''),
('1524986201678299','09:55:00','09:55:00','6741283','7','',''),
('1524986201678299','09:56:00','09:56:00','6741269','8','',''),
('1524986201678299','10:00:00','10:00:00','6741267','9','',''),
('1524986201678299','10:01:00','10:01:00','6741265','10','',''),
('1524986201678299','10:02:00','10:02:00','6741263','11','',''),
('1524986201678299','10:03:00','10:03:00','6741261','12','',''),
('1524986201678299','10:06:00','10:06:00','6741258','13','',''),
('1624986181678299','11:08:00','11:08:00','6741281','1','',''),
('1624986181678299','11:10:00','11:10:00','6741278','2','',''),
('1624986181678299','11:12:00','11:12:00','6741276','3','',''),
('1624986181678299','11:13:00','11:13:00','6741274','4','',''),
('1624986181678299','11:14:00','11:14:00','6741272','5','',''),
('1624986181678299','11:15:00','11:15:00','6741282','6','',''),
('1624986181678299','11:15:00','11:15:00','6741283','7','',''),
('1624986181678299','11:16:00','11:16:00','6741269','8','',''),
('1624986181678299','11:20:00','11:20:00','6741267','9','',''),
('1624986181678299','11:21:00','11:21:00','6741265','10','',''),
('1624986181678299','11:22:00','11:22:00','6741263','11','',''),
('1624986181678299','11:23:00','11:23:00','6741261','12','',''),
('1624986181678299','11:26:00','11:26:00','6741258','13','',''),
('1624986191678299','10:04:00','10:04:00','6741281','1','',''),
('1624986191678299','10:06:00','10:06:00','6741278','2','',''),
('1624986191678299','10:08:00','10:08:00','6741276','3','',''),
('1624986191678299','10:09:00','10:09:00','6741274','4','',''),
('1624986191678299','10:10:00','10:10:00','6741272','5','',''),
('1624986191678299','10:11:00','10:11:00','6741282','6','',''),
('1624986191678299','10:11:00','10:11:00','6741283','7','',''),
('1624986191678299','10:12:00','10:12:00','6741269','8','',''),
('1624986191678299','10:16:00','10:16:00','6741267','9','',''),
('1624986191678299','10:17:00','10:17:00','6741265','10','',''),
('1624986191678299','10:18:00','10:18:00','6741263','11','',''),
('1624986191678299','10:19:00','10:19:00','6741261','12','',''),
('1624986191678299','10:22:00','10:22:00','6741258','13','',''),
('1624986201678299','10:04:00','10:04:00','6741281','1','',''),
('1624986201678299','10:06:00','10:06:00','6741278','2','',''),
('1624986201678299','10:08:00','10:08:00','6741276','3','',''),
('1624986201678299','10:09:00','10:09:00','6741274','4','',''),
('1624986201678299','10:10:00','10:10:00','6741272','5','',''),
('1624986201678299','10:11:00','10:11:00','6741282','6','',''),
('1624986201678299','10:11:00','10:11:00','6741283','7','',''),
('1624986201678299','10:12:00','10:12:00','6741269','8','',''),
('1624986201678299','10:16:00','10:16:00','6741267','9','',''),
('1624986201678299','10:17:00','10:17:00','6741265','10','',''),
('1624986201678299','10:18:00','10:18:00','6741263','11','',''),
('1624986201678299','10:19:00','10:19:00','6741261','12','',''),
('1624986201678299','10:22:00','10:22:00','6741258','13','',''),
('1724986181678299','11:24:00','11:24:00','6741281','1','',''),
('1724986181678299','11:26:00','11:26:00','6741278','2','',''),
('1724986181678299','11:28:00','11:28:00','6741276','3','',''),
('1724986181678299','11:29:00','11:29:00','6741274','4','',''),
('1724986181678299','11:30:00','11:30:00','6741272','5','',''),
('1724986181678299','11:31:00','11:31:00','6741282','6','',''),
('1724986181678299','11:31:00','11:31:00','6741283','7','',''),
('1724986181678299','11:32:00','11:32:00','6741269','8','',''),
('1724986181678299','11:36:00','11:36:00','6741267','9','',''),
('1724986181678299','11:37:00','11:37:00','6741265','10','',''),
('1724986181678299','11:38:00','11:38:00','6741263','11','',''),
('1724986181678299','11:39:00','11:39:00','6741261','12','',''),
('1724986181678299','11:42:00','11:42:00','6741258','13','',''),
('1724986191678299','10:20:00','10:20:00','6741281','1','',''),
('1724986191678299','10:22:00','10:22:00','6741278','2','',''),
('1724986191678299','10:24:00','10:24:00','6741276','3','',''),
('1724986191678299','10:25:00','10:25:00','6741274','4','',''),
('1724986191678299','10:26:00','10:26:00','6741272','5','',''),
('1724986191678299','10:27:00','10:27:00','6741282','6','',''),
('1724986191678299','10:27:00','10:27:00','6741283','7','',''),
('1724986191678299','10:28:00','10:28:00','6741269','8','',''),
('1724986191678299','10:32:00','10:32:00','6741267','9','',''),
('1724986191678299','10:33:00','10:33:00','6741265','10','',''),
('1724986191678299','10:34:00','10:34:00','6741263','11','',''),
('1724986191678299','10:35:00','10:35:00','6741261','12','',''),
('1724986191678299','10:38:00','10:38:00','6741258','13','',''),
('1724986201678299','10:20:00','10:20:00','6741281','1','',''),
('1724986201678299','10:22:00','10:22:00','6741278','2','',''),
('1724986201678299','10:24:00','10:24:00','6741276','3','',''),
('1724986201678299','10:25:00','10:25:00','6741274','4','',''),
('1724986201678299','10:26:00','10:26:00','6741272','5','',''),
('1724986201678299','10:27:00','10:27:00','6741282','6','',''),
('1724986201678299','10:27:00','10:27:00','6741283','7','',''),
('1724986201678299','10:28:00','10:28:00','6741269','8','',''),
('1724986201678299','10:32:00','10:32:00','6741267','9','',''),
('1724986201678299','10:33:00','10:33:00','6741265','10','',''),
('1724986201678299','10:34:00','10:34:00','6741263','11','',''),
('1724986201678299','10:35:00','10:35:00','6741261','12','',''),
('1724986201678299','10:38:00','10:38:00','6741258','13','',''),
('1824986181678299','11:40:00','11:40:00','6741281','1','',''),
('1824986181678299','11:42:00','11:42:00','6741278','2','',''),
('1824986181678299','11:44:00','11:44:00','6741276','3','',''),
('1824986181678299','11:45:00','11:45:00','6741274','4','',''),
('1824986181678299','11:46:00','11:46:00','6741272','5','',''),
('1824986181678299','11:47:00','11:47:00','6741282','6','',''),
('1824986181678299','11:47:00','11:47:00','6741283','7','',''),
('1824986181678299','11:48:00','11:48:00','6741269','8','',''),
('1824986181678299','11:52:00','11:52:00','6741267','9','',''),
('1824986181678299','11:53:00','11:53:00','6741265','10','',''),
('1824986181678299','11:54:00','11:54:00','6741263','11','',''),
('1824986181678299','11:55:00','11:55:00','6741261','12','',''),
('1824986181678299','11:58:00','11:58:00','6741258','13','',''),
('1824986191678299','10:36:00','10:36:00','6741281','1','',''),
('1824986191678299','10:38:00','10:38:00','6741278','2','',''),
('1824986191678299','10:40:00','10:40:00','6741276','3','',''),
('1824986191678299','10:41:00','10:41:00','6741274','4','',''),
('1824986191678299','10:42:00','10:42:00','6741272','5','',''),
('1824986191678299','10:43:00','10:43:00','6741282','6','',''),
('1824986191678299','10:43:00','10:43:00','6741283','7','',''),
('1824986191678299','10:44:00','10:44:00','6741269','8','',''),
('1824986191678299','10:48:00','10:48:00','6741267','9','',''),
('1824986191678299','10:49:00','10:49:00','6741265','10','',''),
('1824986191678299','10:50:00','10:50:00','6741263','11','',''),
('1824986191678299','10:51:00','10:51:00','6741261','12','',''),
('1824986191678299','10:54:00','10:54:00','6741258','13','',''),
('1824986201678299','10:36:00','10:36:00','6741281','1','',''),
('1824986201678299','10:38:00','10:38:00','6741278','2','',''),
('1824986201678299','10:40:00','10:40:00','6741276','3','',''),
('1824986201678299','10:41:00','10:41:00','6741274','4','',''),
('1824986201678299','10:42:00','10:42:00','6741272','5','',''),
('1824986201678299','10:43:00','10:43:00','6741282','6','',''),
('1824986201678299','10:43:00','10:43:00','6741283','7','',''),
('1824986201678299','10:44:00','10:44:00','6741269','8','',''),
('1824986201678299','10:48:00','10:48:00','6741267','9','',''),
('1824986201678299','10:49:00','10:49:00','6741265','10','',''),
('1824986201678299','10:50:00','10:50:00','6741263','11','',''),
('1824986201678299','10:51:00','10:51:00','6741261','12','',''),
('1824986201678299','10:54:00','10:54:00','6741258','13','',''),
('1924986181678299','11:56:00','11:56:00','6741281','1','',''),
('1924986181678299','11:58:00','11:58:00','6741278','2','',''),
('1924986181678299','12:00:00','12:00:00','6741276','3','',''),
('1924986181678299','12:01:00','12:01:00','6741274','4','',''),
('1924986181678299','12:02:00','12:02:00','6741272','5','',''),
('1924986181678299','12:03:00','12:03:00','6741282','6','',''),
('1924986181678299','12:03:00','12:03:00','6741283','7','',''),
('1924986181678299','12:04:00','12:04:00','6741269','8','',''),
('1924986181678299','12:08:00','12:08:00','6741267','9','',''),
('1924986181678299','12:09:00','12:09:00','6741265','10','',''),
('1924986181678299','12:10:00','12:10:00','6741263','11','',''),
('1924986181678299','12:11:00','12:11:00','6741261','12','',''),
('1924986181678299','12:14:00','12:14:00','6741258','13','',''),
('1924986191678299','10:52:00','10:52:00','6741281','1','',''),
('1924986191678299','10:54:00','10:54:00','6741278','2','',''),
('1924986191678299','10:56:00','10:56:00','6741276','3','',''),
('1924986191678299','10:57:00','10:57:00','6741274','4','',''),
('1924986191678299','10:58:00','10:58:00','6741272','5','',''),
('1924986191678299','10:59:00','10:59:00','6741282','6','',''),
('1924986191678299','10:59:00','10:59:00','6741283','7','',''),
('1924986191678299','11:00:00','11:00:00','6741269','8','',''),
('1924986191678299','11:04:00','11:04:00','6741267','9','',''),
('1924986191678299','11:05:00','11:05:00','6741265','10','',''),
('1924986191678299','11:06:00','11:06:00','6741263','11','',''),
('1924986191678299','11:07:00','11:07:00','6741261','12','',''),
('1924986191678299','11:10:00','11:10:00','6741258','13','',''),
('1924986201678299','10:52:00','10:52:00','6741281','1','',''),
('1924986201678299','10:54:00','10:54:00','6741278','2','',''),
('1924986201678299','10:56:00','10:56:00','6741276','3','',''),
('1924986201678299','10:57:00','10:57:00','6741274','4','',''),
('1924986201678299','10:58:00','10:58:00','6741272','5','',''),
('1924986201678299','10:59:00','10:59:00','6741282','6','',''),
('1924986201678299','10:59:00','10:59:00','6741283','7','',''),
('1924986201678299','11:00:00','11:00:00','6741269','8','',''),
('1924986201678299','11:04:00','11:04:00','6741267','9','',''),
('1924986201678299','11:05:00','11:05:00','6741265','10','',''),
('1924986201678299','11:06:00','11:06:00','6741263','11','',''),
('1924986201678299','11:07:00','11:07:00','6741261','12','',''),
('1924986201678299','11:10:00','11:10:00','6741258','13','',''),
('2024986181678299','12:12:00','12:12:00','6741281','1','',''),
('2024986181678299','12:14:00','12:14:00','6741278','2','',''),
('2024986181678299','12:16:00','12:16:00','6741276','3','',''),
('2024986181678299','12:17:00','12:17:00','6741274','4','',''),
('2024986181678299','12:18:00','12:18:00','6741272','5','',''),
('2024986181678299','12:19:00','12:19:00','6741282','6','',''),
('2024986181678299','12:19:00','12:19:00','6741283','7','',''),
('2024986181678299','12:20:00','12:20:00','6741269','8','',''),
('2024986181678299','12:24:00','12:24:00','6741267','9','',''),
('2024986181678299','12:25:00','12:25:00','6741265','10','',''),
('2024986181678299','12:26:00','12:26:00','6741263','11','',''),
('2024986181678299','12:27:00','12:27:00','6741261','12','',''),
('2024986181678299','12:30:00','12:30:00','6741258','13','',''),
('2024986191678299','11:08:00','11:08:00','6741281','1','',''),
('2024986191678299','11:10:00','11:10:00','6741278','2','',''),
('2024986191678299','11:12:00','11:12:00','6741276','3','',''),
('2024986191678299','11:13:00','11:13:00','6741274','4','',''),
('2024986191678299','11:14:00','11:14:00','6741272','5','',''),
('2024986191678299','11:15:00','11:15:00','6741282','6','',''),
('2024986191678299','11:15:00','11:15:00','6741283','7','',''),
('2024986191678299','11:16:00','11:16:00','6741269','8','',''),
('2024986191678299','11:20:00','11:20:00','6741267','9','',''),
('2024986191678299','11:21:00','11:21:00','6741265','10','',''),
('2024986191678299','11:22:00','11:22:00','6741263','11','',''),
('2024986191678299','11:23:00','11:23:00','6741261','12','',''),
('2024986191678299','11:26:00','11:26:00','6741258','13','',''),
('2024986201678299','11:08:00','11:08:00','6741281','1','',''),
('2024986201678299','11:10:00','11:10:00','6741278','2','',''),
('2024986201678299','11:12:00','11:12:00','6741276','3','',''),
('2024986201678299','11:13:00','11:13:00','6741274','4','',''),
('2024986201678299','11:14:00','11:14:00','6741272','5','',''),
('2024986201678299','11:15:00','11:15:00','6741282','6','',''),
('2024986201678299','11:15:00','11:15:00','6741283','7','',''),
('2024986201678299','11:16:00','11:16:00','6741269','8','',''),
('2024986201678299','11:20:00','11:20:00','6741267','9','',''),
('2024986201678299','11:21:00','11:21:00','6741265','10','',''),
('2024986201678299','11:22:00','11:22:00','6741263','11','',''),
('2024986201678299','11:23:00','11:23:00','6741261','12','',''),
('2024986201678299','11:26:00','11:26:00','6741258','13','',''),
('2124986181678299','12:28:00','12:28:00','6741281','1','',''),
('2124986181678299','12:30:00','12:30:00','6741278','2','',''),
('2124986181678299','12:32:00','12:32:00','6741276','3','',''),
('2124986181678299','12:33:00','12:33:00','6741274','4','',''),
('2124986181678299','12:34:00','12:34:00','6741272','5','',''),
('2124986181678299','12:35:00','12:35:00','6741282','6','',''),
('2124986181678299','12:35:00','12:35:00','6741283','7','',''),
('2124986181678299','12:36:00','12:36:00','6741269','8','',''),
('2124986181678299','12:40:00','12:40:00','6741267','9','',''),
('2124986181678299','12:41:00','12:41:00','6741265','10','',''),
('2124986181678299','12:42:00','12:42:00','6741263','11','',''),
('2124986181678299','12:43:00','12:43:00','6741261','12','',''),
('2124986181678299','12:46:00','12:46:00','6741258','13','',''),
('2124986191678299','11:24:00','11:24:00','6741281','1','',''),
('2124986191678299','11:26:00','11:26:00','6741278','2','',''),
('2124986191678299','11:28:00','11:28:00','6741276','3','',''),
('2124986191678299','11:29:00','11:29:00','6741274','4','',''),
('2124986191678299','11:30:00','11:30:00','6741272','5','',''),
('2124986191678299','11:31:00','11:31:00','6741282','6','',''),
('2124986191678299','11:31:00','11:31:00','6741283','7','',''),
('2124986191678299','11:32:00','11:32:00','6741269','8','',''),
('2124986191678299','11:36:00','11:36:00','6741267','9','',''),
('2124986191678299','11:37:00','11:37:00','6741265','10','',''),
('2124986191678299','11:38:00','11:38:00','6741263','11','',''),
('2124986191678299','11:39:00','11:39:00','6741261','12','',''),
('2124986191678299','11:42:00','11:42:00','6741258','13','',''),
('2124986201678299','11:24:00','11:24:00','6741281','1','',''),
('2124986201678299','11:26:00','11:26:00','6741278','2','',''),
('2124986201678299','11:28:00','11:28:00','6741276','3','',''),
('2124986201678299','11:29:00','11:29:00','6741274','4','',''),
('2124986201678299','11:30:00','11:30:00','6741272','5','',''),
('2124986201678299','11:31:00','11:31:00','6741282','6','',''),
('2124986201678299','11:31:00','11:31:00','6741283','7','',''),
('2124986201678299','11:32:00','11:32:00','6741269','8','',''),
('2124986201678299','11:36:00','11:36:00','6741267','9','',''),
('2124986201678299','11:37:00','11:37:00','6741265','10','',''),
('2124986201678299','11:38:00','11:38:00','6741263','11','',''),
('2124986201678299','11:39:00','11:39:00','6741261','12','',''),
('2124986201678299','11:42:00','11:42:00','6741258','13','',''),
('2224986181678299','12:44:00','12:44:00','6741281','1','',''),
('2224986181678299','12:46:00','12:46:00','6741278','2','',''),
('2224986181678299','12:48:00','12:48:00','6741276','3','',''),
('2224986181678299','12:49:00','12:49:00','6741274','4','',''),
('2224986181678299','12:50:00','12:50:00','6741272','5','',''),
('2224986181678299','12:51:00','12:51:00','6741282','6','',''),
('2224986181678299','12:51:00','12:51:00','6741283','7','',''),
('2224986181678299','12:52:00','12:52:00','6741269','8','',''),
('2224986181678299','12:56:00','12:56:00','6741267','9','',''),
('2224986181678299','12:57:00','12:57:00','6741265','10','',''),
('2224986181678299','12:58:00','12:58:00','6741263','11','',''),
('2224986181678299','12:59:00','12:59:00','6741261','12','',''),
('2224986181678299','13:02:00','13:02:00','6741258','13','',''),
('2224986191678299','11:40:00','11:40:00','6741281','1','',''),
('2224986191678299','11:42:00','11:42:00','6741278','2','',''),
('2224986191678299','11:44:00','11:44:00','6741276','3','',''),
('2224986191678299','11:45:00','11:45:00','6741274','4','',''),
('2224986191678299','11:46:00','11:46:00','6741272','5','',''),
('2224986191678299','11:47:00','11:47:00','6741282','6','',''),
('2224986191678299','11:47:00','11:47:00','6741283','7','',''),
('2224986191678299','11:48:00','11:48:00','6741269','8','',''),
('2224986191678299','11:52:00','11:52:00','6741267','9','',''),
('2224986191678299','11:53:00','11:53:00','6741265','10','',''),
('2224986191678299','11:54:00','11:54:00','6741263','11','',''),
('2224986191678299','11:55:00','11:55:00','6741261','12','',''),
('2224986191678299','11:58:00','11:58:00','6741258','13','',''),
('2224986201678299','11:40:00','11:40:00','6741281','1','',''),
('2224986201678299','11:42:00','11:42:00','6741278','2','',''),
('2224986201678299','11:44:00','11:44:00','6741276','3','',''),
('2224986201678299','11:45:00','11:45:00','6741274','4','',''),
('2224986201678299','11:46:00','11:46:00','6741272','5','',''),
('2224986201678299','11:47:00','11:47:00','6741282','6','',''),
('2224986201678299','11:47:00','11:47:00','6741283','7','',''),
('2224986201678299','11:48:00','11:48:00','6741269','8','',''),
('2224986201678299','11:52:00','11:52:00','6741267','9','',''),
('2224986201678299','11:53:00','11:53:00','6741265','10','',''),
('2224986201678299','11:54:00','11:54:00','6741263','11','',''),
('2224986201678299','11:55:00','11:55:00','6741261','12','',''),
('2224986201678299','11:58:00','11:58:00','6741258','13','',''),
('224986181678299','07:19:00','07:19:00','6741281','1','',''),
('224986181678299','07:21:00','07:21:00','6741278','2','',''),
('224986181678299','07:23:00','07:23:00','6741276','3','',''),
('224986181678299','07:24:00','07:24:00','6741274','4','',''),
('224986181678299','07:25:00','07:25:00','6741272','5','',''),
('224986181678299','07:26:00','07:26:00','6741282','6','',''),
('224986181678299','07:26:00','07:26:00','6741283','7','',''),
('224986181678299','07:27:00','07:27:00','6741269','8','',''),
('224986181678299','07:31:00','07:31:00','6741267','9','',''),
('224986181678299','07:32:00','07:32:00','6741265','10','',''),
('224986181678299','07:33:00','07:33:00','6741263','11','',''),
('224986181678299','07:34:00','07:34:00','6741261','12','',''),
('224986181678299','07:39:00','07:39:00','6741258','13','',''),
('224986191678299','06:20:00','06:20:00','6741281','1','',''),
('224986191678299','06:22:00','06:22:00','6741278','2','',''),
('224986191678299','06:24:00','06:24:00','6741276','3','',''),
('224986191678299','06:25:00','06:25:00','6741274','4','',''),
('224986191678299','06:26:00','06:26:00','6741272','5','',''),
('224986191678299','06:27:00','06:27:00','6741282','6','',''),
('224986191678299','06:27:00','06:27:00','6741283','7','',''),
('224986191678299','06:28:00','06:28:00','6741269','8','',''),
('224986191678299','06:32:00','06:32:00','6741267','9','',''),
('224986191678299','06:33:00','06:33:00','6741265','10','',''),
('224986191678299','06:34:00','06:34:00','6741263','11','',''),
('224986191678299','06:35:00','06:35:00','6741261','12','',''),
('224986191678299','06:38:00','06:38:00','6741258','13','',''),
('224986201678299','06:20:00','06:20:00','6741281','1','',''),
('224986201678299','06:22:00','06:22:00','6741278','2','',''),
('224986201678299','06:24:00','06:24:00','6741276','3','',''),
('224986201678299','06:25:00','06:25:00','6741274','4','',''),
('224986201678299','06:26:00','06:26:00','6741272','5','',''),
('224986201678299','06:27:00','06:27:00','6741282','6','',''),
('224986201678299','06:27:00','06:27:00','6741283','7','',''),
('224986201678299','06:28:00','06:28:00','6741269','8','',''),
('224986201678299','06:32:00','06:32:00','6741267','9','',''),
('224986201678299','06:33:00','06:33:00','6741265','10','',''),
('224986201678299','06:34:00','06:34:00','6741263','11','',''),
('224986201678299','06:35:00','06:35:00','6741261','12','',''),
('224986201678299','06:38:00','06:38:00','6741258','13','',''),
('2324986181678299','13:00:00','13:00:00','6741281','1','',''),
('2324986181678299','13:02:00','13:02:00','6741278','2','',''),
('2324986181678299','13:04:00','13:04:00','6741276','3','',''),
('2324986181678299','13:05:00','13:05:00','6741274','4','',''),
('2324986181678299','13:06:00','13:06:00','6741272','5','',''),
('2324986181678299','13:07:00','13:07:00','6741282','6','',''),
('2324986181678299','13:07:00','13:07:00','6741283','7','',''),
('2324986181678299','13:08:00','13:08:00','6741269','8','',''),
('2324986181678299','13:12:00','13:12:00','6741267','9','',''),
('2324986181678299','13:13:00','13:13:00','6741265','10','',''),
('2324986181678299','13:14:00','13:14:00','6741263','11','',''),
('2324986181678299','13:15:00','13:15:00','6741261','12','',''),
('2324986181678299','13:18:00','13:18:00','6741258','13','',''),
('2324986191678299','11:56:00','11:56:00','6741281','1','',''),
('2324986191678299','11:58:00','11:58:00','6741278','2','',''),
('2324986191678299','12:00:00','12:00:00','6741276','3','',''),
('2324986191678299','12:01:00','12:01:00','6741274','4','',''),
('2324986191678299','12:02:00','12:02:00','6741272','5','',''),
('2324986191678299','12:03:00','12:03:00','6741282','6','',''),
('2324986191678299','12:03:00','12:03:00','6741283','7','',''),
('2324986191678299','12:04:00','12:04:00','6741269','8','',''),
('2324986191678299','12:08:00','12:08:00','6741267','9','',''),
('2324986191678299','12:09:00','12:09:00','6741265','10','',''),
('2324986191678299','12:10:00','12:10:00','6741263','11','',''),
('2324986191678299','12:11:00','12:11:00','6741261','12','',''),
('2324986191678299','12:14:00','12:14:00','6741258','13','',''),
('2324986201678299','11:56:00','11:56:00','6741281','1','',''),
('2324986201678299','11:58:00','11:58:00','6741278','2','',''),
('2324986201678299','12:00:00','12:00:00','6741276','3','',''),
('2324986201678299','12:01:00','12:01:00','6741274','4','',''),
('2324986201678299','12:02:00','12:02:00','6741272','5','',''),
('2324986201678299','12:03:00','12:03:00','6741282','6','',''),
('2324986201678299','12:03:00','12:03:00','6741283','7','',''),
('2324986201678299','12:04:00','12:04:00','6741269','8','',''),
('2324986201678299','12:08:00','12:08:00','6741267','9','',''),
('2324986201678299','12:09:00','12:09:00','6741265','10','',''),
('2324986201678299','12:10:00','12:10:00','6741263','11','',''),
('2324986201678299','12:11:00','12:11:00','6741261','12','',''),
('2324986201678299','12:14:00','12:14:00','6741258','13','',''),
('2424986181678299','13:16:00','13:16:00','6741281','1','',''),
('2424986181678299','13:18:00','13:18:00','6741278','2','',''),
('2424986181678299','13:20:00','13:20:00','6741276','3','',''),
('2424986181678299','13:21:00','13:21:00','6741274','4','',''),
('2424986181678299','13:22:00','13:22:00','6741272','5','',''),
('2424986181678299','13:23:00','13:23:00','6741282','6','',''),
('2424986181678299','13:23:00','13:23:00','6741283','7','',''),
('2424986181678299','13:24:00','13:24:00','6741269','8','',''),
('2424986181678299','13:28:00','13:28:00','6741267','9','',''),
('2424986181678299','13:29:00','13:29:00','6741265','10','',''),
('2424986181678299','13:30:00','13:30:00','6741263','11','',''),
('2424986181678299','13:31:00','13:31:00','6741261','12','',''),
('2424986181678299','13:34:00','13:34:00','6741258','13','',''),
('2424986191678299','12:12:00','12:12:00','6741281','1','',''),
('2424986191678299','12:14:00','12:14:00','6741278','2','',''),
('2424986191678299','12:16:00','12:16:00','6741276','3','',''),
('2424986191678299','12:17:00','12:17:00','6741274','4','',''),
('2424986191678299','12:18:00','12:18:00','6741272','5','',''),
('2424986191678299','12:19:00','12:19:00','6741282','6','',''),
('2424986191678299','12:19:00','12:19:00','6741283','7','',''),
('2424986191678299','12:20:00','12:20:00','6741269','8','',''),
('2424986191678299','12:24:00','12:24:00','6741267','9','',''),
('2424986191678299','12:25:00','12:25:00','6741265','10','',''),
('2424986191678299','12:26:00','12:26:00','6741263','11','',''),
('2424986191678299','12:27:00','12:27:00','6741261','12','',''),
('2424986191678299','12:30:00','12:30:00','6741258','13','',''),
('2424986201678299','12:12:00','12:12:00','6741281','1','',''),
('2424986201678299','12:14:00','12:14:00','6741278','2','',''),
('2424986201678299','12:16:00','12:16:00','6741276','3','',''),
('2424986201678299','12:17:00','12:17:00','6741274','4','',''),
('2424986201678299','12:18:00','12:18:00','6741272','5','',''),
('2424986201678299','12:19:00','12:19:00','6741282','6','',''),
('2424986201678299','12:19:00','12:19:00','6741283','7','',''),
('2424986201678299','12:20:00','12:20:00','6741269','8','',''),
('2424986201678299','12:24:00','12:24:00','6741267','9','',''),
('2424986201678299','12:25:00','12:25:00','6741265','10','',''),
('2424986201678299','12:26:00','12:26:00','6741263','11','',''),
('2424986201678299','12:27:00','12:27:00','6741261','12','',''),
('2424986201678299','12:30:00','12:30:00','6741258','13','',''),
('2524986181678299','13:32:00','13:32:00','6741281','1','',''),
('2524986181678299','13:34:00','13:34:00','6741278','2','',''),
('2524986181678299','13:36:00','13:36:00','6741276','3','',''),
('2524986181678299','13:37:00','13:37:00','6741274','4','',''),
('2524986181678299','13:38:00','13:38:00','6741272','5','',''),
('2524986181678299','13:39:00','13:39:00','6741282','6','',''),
('2524986181678299','13:39:00','13:39:00','6741283','7','',''),
('2524986181678299','13:40:00','13:40:00','6741269','8','',''),
('2524986181678299','13:44:00','13:44:00','6741267','9','',''),
('2524986181678299','13:45:00','13:45:00','6741265','10','',''),
('2524986181678299','13:46:00','13:46:00','6741263','11','',''),
('2524986181678299','13:47:00','13:47:00','6741261','12','',''),
('2524986181678299','13:50:00','13:50:00','6741258','13','',''),
('2524986191678299','12:28:00','12:28:00','6741281','1','',''),
('2524986191678299','12:30:00','12:30:00','6741278','2','',''),
('2524986191678299','12:32:00','12:32:00','6741276','3','',''),
('2524986191678299','12:33:00','12:33:00','6741274','4','',''),
('2524986191678299','12:34:00','12:34:00','6741272','5','',''),
('2524986191678299','12:35:00','12:35:00','6741282','6','',''),
('2524986191678299','12:35:00','12:35:00','6741283','7','',''),
('2524986191678299','12:36:00','12:36:00','6741269','8','',''),
('2524986191678299','12:40:00','12:40:00','6741267','9','',''),
('2524986191678299','12:41:00','12:41:00','6741265','10','',''),
('2524986191678299','12:42:00','12:42:00','6741263','11','',''),
('2524986191678299','12:43:00','12:43:00','6741261','12','',''),
('2524986191678299','12:46:00','12:46:00','6741258','13','',''),
('2524986201678299','12:28:00','12:28:00','6741281','1','',''),
('2524986201678299','12:30:00','12:30:00','6741278','2','',''),
('2524986201678299','12:32:00','12:32:00','6741276','3','',''),
('2524986201678299','12:33:00','12:33:00','6741274','4','',''),
('2524986201678299','12:34:00','12:34:00','6741272','5','',''),
('2524986201678299','12:35:00','12:35:00','6741282','6','',''),
('2524986201678299','12:35:00','12:35:00','6741283','7','',''),
('2524986201678299','12:36:00','12:36:00','6741269','8','',''),
('2524986201678299','12:40:00','12:40:00','6741267','9','',''),
('2524986201678299','12:41:00','12:41:00','6741265','10','',''),
('2524986201678299','12:42:00','12:42:00','6741263','11','',''),
('2524986201678299','12:43:00','12:43:00','6741261','12','',''),
('2524986201678299','12:46:00','12:46:00','6741258','13','',''),
('2624986181678299','13:48:00','13:48:00','6741281','1','',''),
('2624986181678299','13:50:00','13:50:00','6741278','2','',''),
('2624986181678299','13:52:00','13:52:00','6741276','3','',''),
('2624986181678299','13:53:00','13:53:00','6741274','4','',''),
('2624986181678299','13:54:00','13:54:00','6741272','5','',''),
('2624986181678299','13:55:00','13:55:00','6741282','6','',''),
('2624986181678299','13:55:00','13:55:00','6741283','7','',''),
('2624986181678299','13:56:00','13:56:00','6741269','8','',''),
('2624986181678299','14:00:00','14:00:00','6741267','9','',''),
('2624986181678299','14:01:00','14:01:00','6741265','10','',''),
('2624986181678299','14:02:00','14:02:00','6741263','11','',''),
('2624986181678299','14:03:00','14:03:00','6741261','12','',''),
('2624986181678299','14:06:00','14:06:00','6741258','13','',''),
('2624986191678299','12:44:00','12:44:00','6741281','1','',''),
('2624986191678299','12:46:00','12:46:00','6741278','2','',''),
('2624986191678299','12:48:00','12:48:00','6741276','3','',''),
('2624986191678299','12:49:00','12:49:00','6741274','4','',''),
('2624986191678299','12:50:00','12:50:00','6741272','5','',''),
('2624986191678299','12:51:00','12:51:00','6741282','6','',''),
('2624986191678299','12:51:00','12:51:00','6741283','7','',''),
('2624986191678299','12:52:00','12:52:00','6741269','8','',''),
('2624986191678299','12:56:00','12:56:00','6741267','9','',''),
('2624986191678299','12:57:00','12:57:00','6741265','10','',''),
('2624986191678299','12:58:00','12:58:00','6741263','11','',''),
('2624986191678299','12:59:00','12:59:00','6741261','12','',''),
('2624986191678299','13:02:00','13:02:00','6741258','13','',''),
('2624986201678299','12:44:00','12:44:00','6741281','1','',''),
('2624986201678299','12:46:00','12:46:00','6741278','2','',''),
('2624986201678299','12:48:00','12:48:00','6741276','3','',''),
('2624986201678299','12:49:00','12:49:00','6741274','4','',''),
('2624986201678299','12:50:00','12:50:00','6741272','5','',''),
('2624986201678299','12:51:00','12:51:00','6741282','6','',''),
('2624986201678299','12:51:00','12:51:00','6741283','7','',''),
('2624986201678299','12:52:00','12:52:00','6741269','8','',''),
('2624986201678299','12:56:00','12:56:00','6741267','9','',''),
('2624986201678299','12:57:00','12:57:00','6741265','10','',''),
('2624986201678299','12:58:00','12:58:00','6741263','11','',''),
('2624986201678299','12:59:00','12:59:00','6741261','12','',''),
('2624986201678299','13:02:00','13:02:00','6741258','13','',''),
('2724986181678299','14:04:00','14:04:00','6741281','1','',''),
('2724986181678299','14:06:00','14:06:00','6741278','2','',''),
('2724986181678299','14:08:00','14:08:00','6741276','3','',''),
('2724986181678299','14:09:00','14:09:00','6741274','4','',''),
('2724986181678299','14:10:00','14:10:00','6741272','5','',''),
('2724986181678299','14:11:00','14:11:00','6741282','6','',''),
('2724986181678299','14:11:00','14:11:00','6741283','7','',''),
('2724986181678299','14:12:00','14:12:00','6741269','8','',''),
('2724986181678299','14:16:00','14:16:00','6741267','9','',''),
('2724986181678299','14:17:00','14:17:00','6741265','10','',''),
('2724986181678299','14:18:00','14:18:00','6741263','11','',''),
('2724986181678299','14:19:00','14:19:00','6741261','12','',''),
('2724986181678299','14:22:00','14:22:00','6741258','13','',''),
('2724986191678299','13:00:00','13:00:00','6741281','1','',''),
('2724986191678299','13:02:00','13:02:00','6741278','2','',''),
('2724986191678299','13:04:00','13:04:00','6741276','3','',''),
('2724986191678299','13:05:00','13:05:00','6741274','4','',''),
('2724986191678299','13:06:00','13:06:00','6741272','5','',''),
('2724986191678299','13:07:00','13:07:00','6741282','6','',''),
('2724986191678299','13:07:00','13:07:00','6741283','7','',''),
('2724986191678299','13:08:00','13:08:00','6741269','8','',''),
('2724986191678299','13:12:00','13:12:00','6741267','9','',''),
('2724986191678299','13:13:00','13:13:00','6741265','10','',''),
('2724986191678299','13:14:00','13:14:00','6741263','11','',''),
('2724986191678299','13:15:00','13:15:00','6741261','12','',''),
('2724986191678299','13:18:00','13:18:00','6741258','13','',''),
('2724986201678299','13:00:00','13:00:00','6741281','1','',''),
('2724986201678299','13:02:00','13:02:00','6741278','2','',''),
('2724986201678299','13:04:00','13:04:00','6741276','3','',''),
('2724986201678299','13:05:00','13:05:00','6741274','4','',''),
('2724986201678299','13:06:00','13:06:00','6741272','5','',''),
('2724986201678299','13:07:00','13:07:00','6741282','6','',''),
('2724986201678299','13:07:00','13:07:00','6741283','7','',''),
('2724986201678299','13:08:00','13:08:00','6741269','8','',''),
('2724986201678299','13:12:00','13:12:00','6741267','9','',''),
('2724986201678299','13:13:00','13:13:00','6741265','10','',''),
('2724986201678299','13:14:00','13:14:00','6741263','11','',''),
('2724986201678299','13:15:00','13:15:00','6741261','12','',''),
('2724986201678299','13:18:00','13:18:00','6741258','13','',''),
('2824986181678299','14:20:00','14:20:00','6741281','1','',''),
('2824986181678299','14:22:00','14:22:00','6741278','2','',''),
('2824986181678299','14:24:00','14:24:00','6741276','3','',''),
('2824986181678299','14:25:00','14:25:00','6741274','4','',''),
('2824986181678299','14:26:00','14:26:00','6741272','5','',''),
('2824986181678299','14:27:00','14:27:00','6741282','6','',''),
('2824986181678299','14:27:00','14:27:00','6741283','7','',''),
('2824986181678299','14:28:00','14:28:00','6741269','8','',''),
('2824986181678299','14:32:00','14:32:00','6741267','9','',''),
('2824986181678299','14:33:00','14:33:00','6741265','10','',''),
('2824986181678299','14:34:00','14:34:00','6741263','11','',''),
('2824986181678299','14:35:00','14:35:00','6741261','12','',''),
('2824986181678299','14:38:00','14:38:00','6741258','13','',''),
('2824986191678299','13:16:00','13:16:00','6741281','1','',''),
('2824986191678299','13:18:00','13:18:00','6741278','2','',''),
('2824986191678299','13:20:00','13:20:00','6741276','3','',''),
('2824986191678299','13:21:00','13:21:00','6741274','4','',''),
('2824986191678299','13:22:00','13:22:00','6741272','5','',''),
('2824986191678299','13:23:00','13:23:00','6741282','6','',''),
('2824986191678299','13:23:00','13:23:00','6741283','7','',''),
('2824986191678299','13:24:00','13:24:00','6741269','8','',''),
('2824986191678299','13:28:00','13:28:00','6741267','9','',''),
('2824986191678299','13:29:00','13:29:00','6741265','10','',''),
('2824986191678299','13:30:00','13:30:00','6741263','11','',''),
('2824986191678299','13:31:00','13:31:00','6741261','12','',''),
('2824986191678299','13:34:00','13:34:00','6741258','13','',''),
('2824986201678299','13:16:00','13:16:00','6741281','1','',''),
('2824986201678299','13:18:00','13:18:00','6741278','2','',''),
('2824986201678299','13:20:00','13:20:00','6741276','3','',''),
('2824986201678299','13:21:00','13:21:00','6741274','4','',''),
('2824986201678299','13:22:00','13:22:00','6741272','5','',''),
('2824986201678299','13:23:00','13:23:00','6741282','6','',''),
('2824986201678299','13:23:00','13:23:00','6741283','7','',''),
('2824986201678299','13:24:00','13:24:00','6741269','8','',''),
('2824986201678299','13:28:00','13:28:00','6741267','9','',''),
('2824986201678299','13:29:00','13:29:00','6741265','10','',''),
('2824986201678299','13:30:00','13:30:00','6741263','11','',''),
('2824986201678299','13:31:00','13:31:00','6741261','12','',''),
('2824986201678299','13:34:00','13:34:00','6741258','13','',''),
('2924986181678299','14:36:00','14:36:00','6741281','1','',''),
('2924986181678299','14:38:00','14:38:00','6741278','2','',''),
('2924986181678299','14:40:00','14:40:00','6741276','3','',''),
('2924986181678299','14:41:00','14:41:00','6741274','4','',''),
('2924986181678299','14:42:00','14:42:00','6741272','5','',''),
('2924986181678299','14:43:00','14:43:00','6741282','6','',''),
('2924986181678299','14:43:00','14:43:00','6741283','7','',''),
('2924986181678299','14:44:00','14:44:00','6741269','8','',''),
('2924986181678299','14:48:00','14:48:00','6741267','9','',''),
('2924986181678299','14:49:00','14:49:00','6741265','10','',''),
('2924986181678299','14:50:00','14:50:00','6741263','11','',''),
('2924986181678299','14:51:00','14:51:00','6741261','12','',''),
('2924986181678299','14:54:00','14:54:00','6741258','13','',''),
('2924986191678299','13:32:00','13:32:00','6741281','1','',''),
('2924986191678299','13:34:00','13:34:00','6741278','2','',''),
('2924986191678299','13:36:00','13:36:00','6741276','3','',''),
('2924986191678299','13:37:00','13:37:00','6741274','4','',''),
('2924986191678299','13:38:00','13:38:00','6741272','5','',''),
('2924986191678299','13:39:00','13:39:00','6741282','6','',''),
('2924986191678299','13:39:00','13:39:00','6741283','7','',''),
('2924986191678299','13:40:00','13:40:00','6741269','8','',''),
('2924986191678299','13:44:00','13:44:00','6741267','9','',''),
('2924986191678299','13:45:00','13:45:00','6741265','10','',''),
('2924986191678299','13:46:00','13:46:00','6741263','11','',''),
('2924986191678299','13:47:00','13:47:00','6741261','12','',''),
('2924986191678299','13:50:00','13:50:00','6741258','13','',''),
('2924986201678299','13:32:00','13:32:00','6741281','1','',''),
('2924986201678299','13:34:00','13:34:00','6741278','2','',''),
('2924986201678299','13:36:00','13:36:00','6741276','3','',''),
('2924986201678299','13:37:00','13:37:00','6741274','4','',''),
('2924986201678299','13:38:00','13:38:00','6741272','5','',''),
('2924986201678299','13:39:00','13:39:00','6741282','6','',''),
('2924986201678299','13:39:00','13:39:00','6741283','7','',''),
('2924986201678299','13:40:00','13:40:00','6741269','8','',''),
('2924986201678299','13:44:00','13:44:00','6741267','9','',''),
('2924986201678299','13:45:00','13:45:00','6741265','10','',''),
('2924986201678299','13:46:00','13:46:00','6741263','11','',''),
('2924986201678299','13:47:00','13:47:00','6741261','12','',''),
('2924986201678299','13:50:00','13:50:00','6741258','13','',''),
('3024986181678299','14:52:00','14:52:00','6741281','1','',''),
('3024986181678299','14:54:00','14:54:00','6741278','2','',''),
('3024986181678299','14:56:00','14:56:00','6741276','3','',''),
('3024986181678299','14:57:00','14:57:00','6741274','4','',''),
('3024986181678299','14:58:00','14:58:00','6741272','5','',''),
('3024986181678299','14:59:00','14:59:00','6741282','6','',''),
('3024986181678299','14:59:00','14:59:00','6741283','7','',''),
('3024986181678299','15:00:00','15:00:00','6741269','8','',''),
('3024986181678299','15:04:00','15:04:00','6741267','9','',''),
('3024986181678299','15:05:00','15:05:00','6741265','10','',''),
('3024986181678299','15:06:00','15:06:00','6741263','11','',''),
('3024986181678299','15:07:00','15:07:00','6741261','12','',''),
('3024986181678299','15:10:00','15:10:00','6741258','13','',''),
('3024986191678299','13:48:00','13:48:00','6741281','1','',''),
('3024986191678299','13:50:00','13:50:00','6741278','2','',''),
('3024986191678299','13:52:00','13:52:00','6741276','3','',''),
('3024986191678299','13:53:00','13:53:00','6741274','4','',''),
('3024986191678299','13:54:00','13:54:00','6741272','5','',''),
('3024986191678299','13:55:00','13:55:00','6741282','6','',''),
('3024986191678299','13:55:00','13:55:00','6741283','7','',''),
('3024986191678299','13:56:00','13:56:00','6741269','8','',''),
('3024986191678299','14:00:00','14:00:00','6741267','9','',''),
('3024986191678299','14:01:00','14:01:00','6741265','10','',''),
('3024986191678299','14:02:00','14:02:00','6741263','11','',''),
('3024986191678299','14:03:00','14:03:00','6741261','12','',''),
('3024986191678299','14:06:00','14:06:00','6741258','13','',''),
('3024986201678299','13:48:00','13:48:00','6741281','1','',''),
('3024986201678299','13:50:00','13:50:00','6741278','2','',''),
('3024986201678299','13:52:00','13:52:00','6741276','3','',''),
('3024986201678299','13:53:00','13:53:00','6741274','4','',''),
('3024986201678299','13:54:00','13:54:00','6741272','5','',''),
('3024986201678299','13:55:00','13:55:00','6741282','6','',''),
('3024986201678299','13:55:00','13:55:00','6741283','7','',''),
('3024986201678299','13:56:00','13:56:00','6741269','8','',''),
('3024986201678299','14:00:00','14:00:00','6741267','9','',''),
('3024986201678299','14:01:00','14:01:00','6741265','10','',''),
('3024986201678299','14:02:00','14:02:00','6741263','11','',''),
('3024986201678299','14:03:00','14:03:00','6741261','12','',''),
('3024986201678299','14:06:00','14:06:00','6741258','13','',''),
('3124986181678299','15:08:00','15:08:00','6741281','1','',''),
('3124986181678299','15:10:00','15:10:00','6741278','2','',''),
('3124986181678299','15:12:00','15:12:00','6741276','3','',''),
('3124986181678299','15:13:00','15:13:00','6741274','4','',''),
('3124986181678299','15:14:00','15:14:00','6741272','5','',''),
('3124986181678299','15:15:00','15:15:00','6741282','6','',''),
('3124986181678299','15:15:00','15:15:00','6741283','7','',''),
('3124986181678299','15:16:00','15:16:00','6741269','8','',''),
('3124986181678299','15:20:00','15:20:00','6741267','9','',''),
('3124986181678299','15:21:00','15:21:00','6741265','10','',''),
('3124986181678299','15:22:00','15:22:00','6741263','11','',''),
('3124986181678299','15:23:00','15:23:00','6741261','12','',''),
('3124986181678299','15:26:00','15:26:00','6741258','13','',''),
('3124986191678299','14:04:00','14:04:00','6741281','1','',''),
('3124986191678299','14:06:00','14:06:00','6741278','2','',''),
('3124986191678299','14:08:00','14:08:00','6741276','3','',''),
('3124986191678299','14:09:00','14:09:00','6741274','4','',''),
('3124986191678299','14:10:00','14:10:00','6741272','5','',''),
('3124986191678299','14:11:00','14:11:00','6741282','6','',''),
('3124986191678299','14:11:00','14:11:00','6741283','7','',''),
('3124986191678299','14:12:00','14:12:00','6741269','8','',''),
('3124986191678299','14:16:00','14:16:00','6741267','9','',''),
('3124986191678299','14:17:00','14:17:00','6741265','10','',''),
('3124986191678299','14:18:00','14:18:00','6741263','11','',''),
('3124986191678299','14:19:00','14:19:00','6741261','12','',''),
('3124986191678299','14:22:00','14:22:00','6741258','13','',''),
('3124986201678299','14:04:00','14:04:00','6741281','1','',''),
('3124986201678299','14:06:00','14:06:00','6741278','2','',''),
('3124986201678299','14:08:00','14:08:00','6741276','3','',''),
('3124986201678299','14:09:00','14:09:00','6741274','4','',''),
('3124986201678299','14:10:00','14:10:00','6741272','5','',''),
('3124986201678299','14:11:00','14:11:00','6741282','6','',''),
('3124986201678299','14:11:00','14:11:00','6741283','7','',''),
('3124986201678299','14:12:00','14:12:00','6741269','8','',''),
('3124986201678299','14:16:00','14:16:00','6741267','9','',''),
('3124986201678299','14:17:00','14:17:00','6741265','10','',''),
('3124986201678299','14:18:00','14:18:00','6741263','11','',''),
('3124986201678299','14:19:00','14:19:00','6741261','12','',''),
('3124986201678299','14:22:00','14:22:00','6741258','13','',''),
('3224986181678299','15:24:00','15:24:00','6741281','1','',''),
('3224986181678299','15:26:00','15:26:00','6741278','2','',''),
('3224986181678299','15:28:00','15:28:00','6741276','3','',''),
('3224986181678299','15:29:00','15:29:00','6741274','4','',''),
('3224986181678299','15:30:00','15:30:00','6741272','5','',''),
('3224986181678299','15:31:00','15:31:00','6741282','6','',''),
('3224986181678299','15:31:00','15:31:00','6741283','7','',''),
('3224986181678299','15:32:00','15:32:00','6741269','8','',''),
('3224986181678299','15:36:00','15:36:00','6741267','9','',''),
('3224986181678299','15:37:00','15:37:00','6741265','10','',''),
('3224986181678299','15:38:00','15:38:00','6741263','11','',''),
('3224986181678299','15:39:00','15:39:00','6741261','12','',''),
('3224986181678299','15:42:00','15:42:00','6741258','13','',''),
('3224986191678299','14:20:00','14:20:00','6741281','1','',''),
('3224986191678299','14:22:00','14:22:00','6741278','2','',''),
('3224986191678299','14:24:00','14:24:00','6741276','3','',''),
('3224986191678299','14:25:00','14:25:00','6741274','4','',''),
('3224986191678299','14:26:00','14:26:00','6741272','5','',''),
('3224986191678299','14:27:00','14:27:00','6741282','6','',''),
('3224986191678299','14:27:00','14:27:00','6741283','7','',''),
('3224986191678299','14:28:00','14:28:00','6741269','8','',''),
('3224986191678299','14:32:00','14:32:00','6741267','9','',''),
('3224986191678299','14:33:00','14:33:00','6741265','10','',''),
('3224986191678299','14:34:00','14:34:00','6741263','11','',''),
('3224986191678299','14:35:00','14:35:00','6741261','12','',''),
('3224986191678299','14:38:00','14:38:00','6741258','13','',''),
('3224986201678299','14:20:00','14:20:00','6741281','1','',''),
('3224986201678299','14:22:00','14:22:00','6741278','2','',''),
('3224986201678299','14:24:00','14:24:00','6741276','3','',''),
('3224986201678299','14:25:00','14:25:00','6741274','4','',''),
('3224986201678299','14:26:00','14:26:00','6741272','5','',''),
('3224986201678299','14:27:00','14:27:00','6741282','6','',''),
('3224986201678299','14:27:00','14:27:00','6741283','7','',''),
('3224986201678299','14:28:00','14:28:00','6741269','8','',''),
('3224986201678299','14:32:00','14:32:00','6741267','9','',''),
('3224986201678299','14:33:00','14:33:00','6741265','10','',''),
('3224986201678299','14:34:00','14:34:00','6741263','11','',''),
('3224986201678299','14:35:00','14:35:00','6741261','12','',''),
('3224986201678299','14:38:00','14:38:00','6741258','13','',''),
('324986181678299','07:37:00','07:37:00','6741281','1','',''),
('324986181678299','07:39:00','07:39:00','6741278','2','',''),
('324986181678299','07:41:00','07:41:00','6741276','3','',''),
('324986181678299','07:42:00','07:42:00','6741274','4','',''),
('324986181678299','07:43:00','07:43:00','6741272','5','',''),
('324986181678299','07:44:00','07:44:00','6741282','6','',''),
('324986181678299','07:44:00','07:44:00','6741283','7','',''),
('324986181678299','07:45:00','07:45:00','6741269','8','',''),
('324986181678299','07:49:00','07:49:00','6741267','9','',''),
('324986181678299','07:50:00','07:50:00','6741265','10','',''),
('324986181678299','07:51:00','07:51:00','6741263','11','',''),
('324986181678299','07:52:00','07:52:00','6741261','12','',''),
('324986181678299','07:59:00','07:59:00','6741258','13','',''),
('324986191678299','06:36:00','06:36:00','6741281','1','',''),
('324986191678299','06:38:00','06:38:00','6741278','2','',''),
('324986191678299','06:40:00','06:40:00','6741276','3','',''),
('324986191678299','06:41:00','06:41:00','6741274','4','',''),
('324986191678299','06:42:00','06:42:00','6741272','5','',''),
('324986191678299','06:43:00','06:43:00','6741282','6','',''),
('324986191678299','06:43:00','06:43:00','6741283','7','',''),
('324986191678299','06:44:00','06:44:00','6741269','8','',''),
('324986191678299','06:48:00','06:48:00','6741267','9','',''),
('324986191678299','06:49:00','06:49:00','6741265','10','',''),
('324986191678299','06:50:00','06:50:00','6741263','11','',''),
('324986191678299','06:51:00','06:51:00','6741261','12','',''),
('324986191678299','06:54:00','06:54:00','6741258','13','',''),
('324986201678299','06:36:00','06:36:00','6741281','1','',''),
('324986201678299','06:38:00','06:38:00','6741278','2','',''),
('324986201678299','06:40:00','06:40:00','6741276','3','',''),
('324986201678299','06:41:00','06:41:00','6741274','4','',''),
('324986201678299','06:42:00','06:42:00','6741272','5','',''),
('324986201678299','06:43:00','06:43:00','6741282','6','',''),
('324986201678299','06:43:00','06:43:00','6741283','7','',''),
('324986201678299','06:44:00','06:44:00','6741269','8','',''),
('324986201678299','06:48:00','06:48:00','6741267','9','',''),
('324986201678299','06:49:00','06:49:00','6741265','10','',''),
('324986201678299','06:50:00','06:50:00','6741263','11','',''),
('324986201678299','06:51:00','06:51:00','6741261','12','',''),
('324986201678299','06:54:00','06:54:00','6741258','13','',''),
('3324986181678299','15:40:00','15:40:00','6741281','1','',''),
('3324986181678299','15:42:00','15:42:00','6741278','2','',''),
('3324986181678299','15:44:00','15:44:00','6741276','3','',''),
('3324986181678299','15:45:00','15:45:00','6741274','4','',''),
('3324986181678299','15:46:00','15:46:00','6741272','5','',''),
('3324986181678299','15:47:00','15:47:00','6741282','6','',''),
('3324986181678299','15:47:00','15:47:00','6741283','7','',''),
('3324986181678299','15:48:00','15:48:00','6741269','8','',''),
('3324986181678299','15:52:00','15:52:00','6741267','9','',''),
('3324986181678299','15:53:00','15:53:00','6741265','10','',''),
('3324986181678299','15:54:00','15:54:00','6741263','11','',''),
('3324986181678299','15:55:00','15:55:00','6741261','12','',''),
('3324986181678299','15:58:00','15:58:00','6741258','13','',''),
('3324986191678299','14:36:00','14:36:00','6741281','1','',''),
('3324986191678299','14:38:00','14:38:00','6741278','2','',''),
('3324986191678299','14:40:00','14:40:00','6741276','3','',''),
('3324986191678299','14:41:00','14:41:00','6741274','4','',''),
('3324986191678299','14:42:00','14:42:00','6741272','5','',''),
('3324986191678299','14:43:00','14:43:00','6741282','6','',''),
('3324986191678299','14:43:00','14:43:00','6741283','7','',''),
('3324986191678299','14:44:00','14:44:00','6741269','8','',''),
('3324986191678299','14:48:00','14:48:00','6741267','9','',''),
('3324986191678299','14:49:00','14:49:00','6741265','10','',''),
('3324986191678299','14:50:00','14:50:00','6741263','11','',''),
('3324986191678299','14:51:00','14:51:00','6741261','12','',''),
('3324986191678299','14:54:00','14:54:00','6741258','13','',''),
('3324986201678299','14:36:00','14:36:00','6741281','1','',''),
('3324986201678299','14:38:00','14:38:00','6741278','2','',''),
('3324986201678299','14:40:00','14:40:00','6741276','3','',''),
('3324986201678299','14:41:00','14:41:00','6741274','4','',''),
('3324986201678299','14:42:00','14:42:00','6741272','5','',''),
('3324986201678299','14:43:00','14:43:00','6741282','6','',''),
('3324986201678299','14:43:00','14:43:00','6741283','7','',''),
('3324986201678299','14:44:00','14:44:00','6741269','8','',''),
('3324986201678299','14:48:00','14:48:00','6741267','9','',''),
('3324986201678299','14:49:00','14:49:00','6741265','10','',''),
('3324986201678299','14:50:00','14:50:00','6741263','11','',''),
('3324986201678299','14:51:00','14:51:00','6741261','12','',''),
('3324986201678299','14:54:00','14:54:00','6741258','13','',''),
('3424986181678299','15:56:00','15:56:00','6741281','1','',''),
('3424986181678299','15:58:00','15:58:00','6741278','2','',''),
('3424986181678299','16:00:00','16:00:00','6741276','3','',''),
('3424986181678299','16:01:00','16:01:00','6741274','4','',''),
('3424986181678299','16:02:00','16:02:00','6741272','5','',''),
('3424986181678299','16:03:00','16:03:00','6741282','6','',''),
('3424986181678299','16:03:00','16:03:00','6741283','7','',''),
('3424986181678299','16:04:00','16:04:00','6741269','8','',''),
('3424986181678299','16:08:00','16:08:00','6741267','9','',''),
('3424986181678299','16:09:00','16:09:00','6741265','10','',''),
('3424986181678299','16:10:00','16:10:00','6741263','11','',''),
('3424986181678299','16:11:00','16:11:00','6741261','12','',''),
('3424986181678299','16:14:00','16:14:00','6741258','13','',''),
('3424986191678299','14:52:00','14:52:00','6741281','1','',''),
('3424986191678299','14:54:00','14:54:00','6741278','2','',''),
('3424986191678299','14:56:00','14:56:00','6741276','3','',''),
('3424986191678299','14:57:00','14:57:00','6741274','4','',''),
('3424986191678299','14:58:00','14:58:00','6741272','5','',''),
('3424986191678299','14:59:00','14:59:00','6741282','6','',''),
('3424986191678299','14:59:00','14:59:00','6741283','7','',''),
('3424986191678299','15:00:00','15:00:00','6741269','8','',''),
('3424986191678299','15:04:00','15:04:00','6741267','9','',''),
('3424986191678299','15:05:00','15:05:00','6741265','10','',''),
('3424986191678299','15:06:00','15:06:00','6741263','11','',''),
('3424986191678299','15:07:00','15:07:00','6741261','12','',''),
('3424986191678299','15:10:00','15:10:00','6741258','13','',''),
('3424986201678299','14:52:00','14:52:00','6741281','1','',''),
('3424986201678299','14:54:00','14:54:00','6741278','2','',''),
('3424986201678299','14:56:00','14:56:00','6741276','3','',''),
('3424986201678299','14:57:00','14:57:00','6741274','4','',''),
('3424986201678299','14:58:00','14:58:00','6741272','5','',''),
('3424986201678299','14:59:00','14:59:00','6741282','6','',''),
('3424986201678299','14:59:00','14:59:00','6741283','7','',''),
('3424986201678299','15:00:00','15:00:00','6741269','8','',''),
('3424986201678299','15:04:00','15:04:00','6741267','9','',''),
('3424986201678299','15:05:00','15:05:00','6741265','10','',''),
('3424986201678299','15:06:00','15:06:00','6741263','11','',''),
('3424986201678299','15:07:00','15:07:00','6741261','12','',''),
('3424986201678299','15:10:00','15:10:00','6741258','13','',''),
('3524986181678299','16:12:00','16:12:00','6741281','1','',''),
('3524986181678299','16:14:00','16:14:00','6741278','2','',''),
('3524986181678299','16:16:00','16:16:00','6741276','3','',''),
('3524986181678299','16:17:00','16:17:00','6741274','4','',''),
('3524986181678299','16:18:00','16:18:00','6741272','5','',''),
('3524986181678299','16:19:00','16:19:00','6741282','6','',''),
('3524986181678299','16:19:00','16:19:00','6741283','7','',''),
('3524986181678299','16:20:00','16:20:00','6741269','8','',''),
('3524986181678299','16:24:00','16:24:00','6741267','9','',''),
('3524986181678299','16:25:00','16:25:00','6741265','10','',''),
('3524986181678299','16:26:00','16:26:00','6741263','11','',''),
('3524986181678299','16:27:00','16:27:00','6741261','12','',''),
('3524986181678299','16:30:00','16:30:00','6741258','13','',''),
('3524986191678299','15:08:00','15:08:00','6741281','1','',''),
('3524986191678299','15:10:00','15:10:00','6741278','2','',''),
('3524986191678299','15:12:00','15:12:00','6741276','3','',''),
('3524986191678299','15:13:00','15:13:00','6741274','4','',''),
('3524986191678299','15:14:00','15:14:00','6741272','5','',''),
('3524986191678299','15:15:00','15:15:00','6741282','6','',''),
('3524986191678299','15:15:00','15:15:00','6741283','7','',''),
('3524986191678299','15:16:00','15:16:00','6741269','8','',''),
('3524986191678299','15:20:00','15:20:00','6741267','9','',''),
('3524986191678299','15:21:00','15:21:00','6741265','10','',''),
('3524986191678299','15:22:00','15:22:00','6741263','11','',''),
('3524986191678299','15:23:00','15:23:00','6741261','12','',''),
('3524986191678299','15:26:00','15:26:00','6741258','13','',''),
('3524986201678299','15:08:00','15:08:00','6741281','1','',''),
('3524986201678299','15:10:00','15:10:00','6741278','2','',''),
('3524986201678299','15:12:00','15:12:00','6741276','3','',''),
('3524986201678299','15:13:00','15:13:00','6741274','4','',''),
('3524986201678299','15:14:00','15:14:00','6741272','5','',''),
('3524986201678299','15:15:00','15:15:00','6741282','6','',''),
('3524986201678299','15:15:00','15:15:00','6741283','7','',''),
('3524986201678299','15:16:00','15:16:00','6741269','8','',''),
('3524986201678299','15:20:00','15:20:00','6741267','9','',''),
('3524986201678299','15:21:00','15:21:00','6741265','10','',''),
('3524986201678299','15:22:00','15:22:00','6741263','11','',''),
('3524986201678299','15:23:00','15:23:00','6741261','12','',''),
('3524986201678299','15:26:00','15:26:00','6741258','13','',''),
('3624986181678299','16:28:00','16:28:00','6741281','1','',''),
('3624986181678299','16:30:00','16:30:00','6741278','2','',''),
('3624986181678299','16:32:00','16:32:00','6741276','3','',''),
('3624986181678299','16:33:00','16:33:00','6741274','4','',''),
('3624986181678299','16:34:00','16:34:00','6741272','5','',''),
('3624986181678299','16:35:00','16:35:00','6741282','6','',''),
('3624986181678299','16:35:00','16:35:00','6741283','7','',''),
('3624986181678299','16:36:00','16:36:00','6741269','8','',''),
('3624986181678299','16:40:00','16:40:00','6741267','9','',''),
('3624986181678299','16:41:00','16:41:00','6741265','10','',''),
('3624986181678299','16:42:00','16:42:00','6741263','11','',''),
('3624986181678299','16:43:00','16:43:00','6741261','12','',''),
('3624986181678299','16:47:00','16:47:00','6741258','13','',''),
('3624986191678299','15:24:00','15:24:00','6741281','1','',''),
('3624986191678299','15:26:00','15:26:00','6741278','2','',''),
('3624986191678299','15:28:00','15:28:00','6741276','3','',''),
('3624986191678299','15:29:00','15:29:00','6741274','4','',''),
('3624986191678299','15:30:00','15:30:00','6741272','5','',''),
('3624986191678299','15:31:00','15:31:00','6741282','6','',''),
('3624986191678299','15:31:00','15:31:00','6741283','7','',''),
('3624986191678299','15:32:00','15:32:00','6741269','8','',''),
('3624986191678299','15:36:00','15:36:00','6741267','9','',''),
('3624986191678299','15:37:00','15:37:00','6741265','10','',''),
('3624986191678299','15:38:00','15:38:00','6741263','11','',''),
('3624986191678299','15:39:00','15:39:00','6741261','12','',''),
('3624986191678299','15:42:00','15:42:00','6741258','13','',''),
('3624986201678299','15:24:00','15:24:00','6741281','1','',''),
('3624986201678299','15:26:00','15:26:00','6741278','2','',''),
('3624986201678299','15:28:00','15:28:00','6741276','3','',''),
('3624986201678299','15:29:00','15:29:00','6741274','4','',''),
('3624986201678299','15:30:00','15:30:00','6741272','5','',''),
('3624986201678299','15:31:00','15:31:00','6741282','6','',''),
('3624986201678299','15:31:00','15:31:00','6741283','7','',''),
('3624986201678299','15:32:00','15:32:00','6741269','8','',''),
('3624986201678299','15:36:00','15:36:00','6741267','9','',''),
('3624986201678299','15:37:00','15:37:00','6741265','10','',''),
('3624986201678299','15:38:00','15:38:00','6741263','11','',''),
('3624986201678299','15:39:00','15:39:00','6741261','12','',''),
('3624986201678299','15:42:00','15:42:00','6741258','13','',''),
('3724986181678299','16:44:00','16:44:00','6741281','1','',''),
('3724986181678299','16:46:00','16:46:00','6741278','2','',''),
('3724986181678299','16:48:00','16:48:00','6741276','3','',''),
('3724986181678299','16:49:00','16:49:00','6741274','4','',''),
('3724986181678299','16:50:00','16:50:00','6741272','5','',''),
('3724986181678299','16:51:00','16:51:00','6741282','6','',''),
('3724986181678299','16:51:00','16:51:00','6741283','7','',''),
('3724986181678299','16:52:00','16:52:00','6741269','8','',''),
('3724986181678299','16:56:00','16:56:00','6741267','9','',''),
('3724986181678299','16:57:00','16:57:00','6741265','10','',''),
('3724986181678299','16:58:00','16:58:00','6741263','11','',''),
('3724986181678299','16:59:00','16:59:00','6741261','12','',''),
('3724986181678299','17:04:00','17:04:00','6741258','13','',''),
('3724986191678299','15:40:00','15:40:00','6741281','1','',''),
('3724986191678299','15:42:00','15:42:00','6741278','2','',''),
('3724986191678299','15:44:00','15:44:00','6741276','3','',''),
('3724986191678299','15:45:00','15:45:00','6741274','4','',''),
('3724986191678299','15:46:00','15:46:00','6741272','5','',''),
('3724986191678299','15:47:00','15:47:00','6741282','6','',''),
('3724986191678299','15:47:00','15:47:00','6741283','7','',''),
('3724986191678299','15:48:00','15:48:00','6741269','8','',''),
('3724986191678299','15:52:00','15:52:00','6741267','9','',''),
('3724986191678299','15:53:00','15:53:00','6741265','10','',''),
('3724986191678299','15:54:00','15:54:00','6741263','11','',''),
('3724986191678299','15:55:00','15:55:00','6741261','12','',''),
('3724986191678299','15:58:00','15:58:00','6741258','13','',''),
('3724986201678299','15:40:00','15:40:00','6741281','1','',''),
('3724986201678299','15:42:00','15:42:00','6741278','2','',''),
('3724986201678299','15:44:00','15:44:00','6741276','3','',''),
('3724986201678299','15:45:00','15:45:00','6741274','4','',''),
('3724986201678299','15:46:00','15:46:00','6741272','5','',''),
('3724986201678299','15:47:00','15:47:00','6741282','6','',''),
('3724986201678299','15:47:00','15:47:00','6741283','7','',''),
('3724986201678299','15:48:00','15:48:00','6741269','8','',''),
('3724986201678299','15:52:00','15:52:00','6741267','9','',''),
('3724986201678299','15:53:00','15:53:00','6741265','10','',''),
('3724986201678299','15:54:00','15:54:00','6741263','11','',''),
('3724986201678299','15:55:00','15:55:00','6741261','12','',''),
('3724986201678299','15:58:00','15:58:00','6741258','13','',''),
('3824986181678299','17:00:00','17:00:00','6741281','1','',''),
('3824986181678299','17:02:00','17:02:00','6741278','2','',''),
('3824986181678299','17:04:00','17:04:00','6741276','3','',''),
('3824986181678299','17:05:00','17:05:00','6741274','4','',''),
('3824986181678299','17:06:00','17:06:00','6741272','5','',''),
('3824986181678299','17:07:00','17:07:00','6741282','6','',''),
('3824986181678299','17:07:00','17:07:00','6741283','7','',''),
('3824986181678299','17:08:00','17:08:00','6741269','8','',''),
('3824986181678299','17:12:00','17:12:00','6741267','9','',''),
('3824986181678299','17:13:00','17:13:00','6741265','10','',''),
('3824986181678299','17:14:00','17:14:00','6741263','11','',''),
('3824986181678299','17:15:00','17:15:00','6741261','12','',''),
('3824986181678299','17:22:00','17:22:00','6741258','13','',''),
('3824986191678299','15:56:00','15:56:00','6741281','1','',''),
('3824986191678299','15:58:00','15:58:00','6741278','2','',''),
('3824986191678299','16:00:00','16:00:00','6741276','3','',''),
('3824986191678299','16:01:00','16:01:00','6741274','4','',''),
('3824986191678299','16:02:00','16:02:00','6741272','5','',''),
('3824986191678299','16:03:00','16:03:00','6741282','6','',''),
('3824986191678299','16:03:00','16:03:00','6741283','7','',''),
('3824986191678299','16:04:00','16:04:00','6741269','8','',''),
('3824986191678299','16:08:00','16:08:00','6741267','9','',''),
('3824986191678299','16:09:00','16:09:00','6741265','10','',''),
('3824986191678299','16:10:00','16:10:00','6741263','11','',''),
('3824986191678299','16:11:00','16:11:00','6741261','12','',''),
('3824986191678299','16:14:00','16:14:00','6741258','13','',''),
('3824986201678299','15:56:00','15:56:00','6741281','1','',''),
('3824986201678299','15:58:00','15:58:00','6741278','2','',''),
('3824986201678299','16:00:00','16:00:00','6741276','3','',''),
('3824986201678299','16:01:00','16:01:00','6741274','4','',''),
('3824986201678299','16:02:00','16:02:00','6741272','5','',''),
('3824986201678299','16:03:00','16:03:00','6741282','6','',''),
('3824986201678299','16:03:00','16:03:00','6741283','7','',''),
('3824986201678299','16:04:00','16:04:00','6741269','8','',''),
('3824986201678299','16:08:00','16:08:00','6741267','9','',''),
('3824986201678299','16:09:00','16:09:00','6741265','10','',''),
('3824986201678299','16:10:00','16:10:00','6741263','11','',''),
('3824986201678299','16:11:00','16:11:00','6741261','12','',''),
('3824986201678299','16:14:00','16:14:00','6741258','13','',''),
('3924986181678299','17:16:00','17:16:00','6741281','1','',''),
('3924986181678299','17:18:00','17:18:00','6741278','2','',''),
('3924986181678299','17:20:00','17:20:00','6741276','3','',''),
('3924986181678299','17:21:00','17:21:00','6741274','4','',''),
('3924986181678299','17:22:00','17:22:00','6741272','5','',''),
('3924986181678299','17:23:00','17:23:00','6741282','6','',''),
('3924986181678299','17:23:00','17:23:00','6741283','7','',''),
('3924986181678299','17:24:00','17:24:00','6741269','8','',''),
('3924986181678299','17:28:00','17:28:00','6741267','9','',''),
('3924986181678299','17:29:00','17:29:00','6741265','10','',''),
('3924986181678299','17:30:00','17:30:00','6741263','11','',''),
('3924986181678299','17:31:00','17:31:00','6741261','12','',''),
('3924986181678299','17:38:00','17:38:00','6741258','13','',''),
('3924986191678299','16:12:00','16:12:00','6741281','1','',''),
('3924986191678299','16:14:00','16:14:00','6741278','2','',''),
('3924986191678299','16:16:00','16:16:00','6741276','3','',''),
('3924986191678299','16:17:00','16:17:00','6741274','4','',''),
('3924986191678299','16:18:00','16:18:00','6741272','5','',''),
('3924986191678299','16:19:00','16:19:00','6741282','6','',''),
('3924986191678299','16:19:00','16:19:00','6741283','7','',''),
('3924986191678299','16:20:00','16:20:00','6741269','8','',''),
('3924986191678299','16:24:00','16:24:00','6741267','9','',''),
('3924986191678299','16:25:00','16:25:00','6741265','10','',''),
('3924986191678299','16:26:00','16:26:00','6741263','11','',''),
('3924986191678299','16:27:00','16:27:00','6741261','12','',''),
('3924986191678299','16:30:00','16:30:00','6741258','13','',''),
('3924986201678299','16:12:00','16:12:00','6741281','1','',''),
('3924986201678299','16:14:00','16:14:00','6741278','2','',''),
('3924986201678299','16:16:00','16:16:00','6741276','3','',''),
('3924986201678299','16:17:00','16:17:00','6741274','4','',''),
('3924986201678299','16:18:00','16:18:00','6741272','5','',''),
('3924986201678299','16:19:00','16:19:00','6741282','6','',''),
('3924986201678299','16:19:00','16:19:00','6741283','7','',''),
('3924986201678299','16:20:00','16:20:00','6741269','8','',''),
('3924986201678299','16:24:00','16:24:00','6741267','9','',''),
('3924986201678299','16:25:00','16:25:00','6741265','10','',''),
('3924986201678299','16:26:00','16:26:00','6741263','11','',''),
('3924986201678299','16:27:00','16:27:00','6741261','12','',''),
('3924986201678299','16:30:00','16:30:00','6741258','13','',''),
('4024986181678299','17:32:00','17:32:00','6741281','1','',''),
('4024986181678299','17:34:00','17:34:00','6741278','2','',''),
('4024986181678299','17:36:00','17:36:00','6741276','3','',''),
('4024986181678299','17:37:00','17:37:00','6741274','4','',''),
('4024986181678299','17:38:00','17:38:00','6741272','5','',''),
('4024986181678299','17:39:00','17:39:00','6741282','6','',''),
('4024986181678299','17:39:00','17:39:00','6741283','7','',''),
('4024986181678299','17:40:00','17:40:00','6741269','8','',''),
('4024986181678299','17:44:00','17:44:00','6741267','9','',''),
('4024986181678299','17:45:00','17:45:00','6741265','10','',''),
('4024986181678299','17:46:00','17:46:00','6741263','11','',''),
('4024986181678299','17:47:00','17:47:00','6741261','12','',''),
('4024986181678299','17:54:00','17:54:00','6741258','13','',''),
('4024986191678299','16:28:00','16:28:00','6741281','1','',''),
('4024986191678299','16:30:00','16:30:00','6741278','2','',''),
('4024986191678299','16:32:00','16:32:00','6741276','3','',''),
('4024986191678299','16:33:00','16:33:00','6741274','4','',''),
('4024986191678299','16:34:00','16:34:00','6741272','5','',''),
('4024986191678299','16:35:00','16:35:00','6741282','6','',''),
('4024986191678299','16:35:00','16:35:00','6741283','7','',''),
('4024986191678299','16:36:00','16:36:00','6741269','8','',''),
('4024986191678299','16:40:00','16:40:00','6741267','9','',''),
('4024986191678299','16:41:00','16:41:00','6741265','10','',''),
('4024986191678299','16:42:00','16:42:00','6741263','11','',''),
('4024986191678299','16:43:00','16:43:00','6741261','12','',''),
('4024986191678299','16:47:00','16:47:00','6741258','13','',''),
('4024986201678299','16:28:00','16:28:00','6741281','1','',''),
('4024986201678299','16:30:00','16:30:00','6741278','2','',''),
('4024986201678299','16:32:00','16:32:00','6741276','3','',''),
('4024986201678299','16:33:00','16:33:00','6741274','4','',''),
('4024986201678299','16:34:00','16:34:00','6741272','5','',''),
('4024986201678299','16:35:00','16:35:00','6741282','6','',''),
('4024986201678299','16:35:00','16:35:00','6741283','7','',''),
('4024986201678299','16:36:00','16:36:00','6741269','8','',''),
('4024986201678299','16:40:00','16:40:00','6741267','9','',''),
('4024986201678299','16:41:00','16:41:00','6741265','10','',''),
('4024986201678299','16:42:00','16:42:00','6741263','11','',''),
('4024986201678299','16:43:00','16:43:00','6741261','12','',''),
('4024986201678299','16:47:00','16:47:00','6741258','13','',''),
('4124986181678299','17:48:00','17:48:00','6741281','1','',''),
('4124986181678299','17:50:00','17:50:00','6741278','2','',''),
('4124986181678299','17:52:00','17:52:00','6741276','3','',''),
('4124986181678299','17:53:00','17:53:00','6741274','4','',''),
('4124986181678299','17:54:00','17:54:00','6741272','5','',''),
('4124986181678299','17:55:00','17:55:00','6741282','6','',''),
('4124986181678299','17:55:00','17:55:00','6741283','7','',''),
('4124986181678299','17:56:00','17:56:00','6741269','8','',''),
('4124986181678299','18:00:00','18:00:00','6741267','9','',''),
('4124986181678299','18:01:00','18:01:00','6741265','10','',''),
('4124986181678299','18:02:00','18:02:00','6741263','11','',''),
('4124986181678299','18:03:00','18:03:00','6741261','12','',''),
('4124986181678299','18:10:00','18:10:00','6741258','13','',''),
('4124986191678299','16:44:00','16:44:00','6741281','1','',''),
('4124986191678299','16:46:00','16:46:00','6741278','2','',''),
('4124986191678299','16:48:00','16:48:00','6741276','3','',''),
('4124986191678299','16:49:00','16:49:00','6741274','4','',''),
('4124986191678299','16:50:00','16:50:00','6741272','5','',''),
('4124986191678299','16:51:00','16:51:00','6741282','6','',''),
('4124986191678299','16:51:00','16:51:00','6741283','7','',''),
('4124986191678299','16:52:00','16:52:00','6741269','8','',''),
('4124986191678299','16:56:00','16:56:00','6741267','9','',''),
('4124986191678299','16:57:00','16:57:00','6741265','10','',''),
('4124986191678299','16:58:00','16:58:00','6741263','11','',''),
('4124986191678299','16:59:00','16:59:00','6741261','12','',''),
('4124986191678299','17:04:00','17:04:00','6741258','13','',''),
('4124986201678299','16:44:00','16:44:00','6741281','1','',''),
('4124986201678299','16:46:00','16:46:00','6741278','2','',''),
('4124986201678299','16:48:00','16:48:00','6741276','3','',''),
('4124986201678299','16:49:00','16:49:00','6741274','4','',''),
('4124986201678299','16:50:00','16:50:00','6741272','5','',''),
('4124986201678299','16:51:00','16:51:00','6741282','6','',''),
('4124986201678299','16:51:00','16:51:00','6741283','7','',''),
('4124986201678299','16:52:00','16:52:00','6741269','8','',''),
('4124986201678299','16:56:00','16:56:00','6741267','9','',''),
('4124986201678299','16:57:00','16:57:00','6741265','10','',''),
('4124986201678299','16:58:00','16:58:00','6741263','11','',''),
('4124986201678299','16:59:00','16:59:00','6741261','12','',''),
('4124986201678299','17:04:00','17:04:00','6741258','13','',''),
('4224986181678299','18:04:00','18:04:00','6741281','1','',''),
('4224986181678299','18:06:00','18:06:00','6741278','2','',''),
('4224986181678299','18:08:00','18:08:00','6741276','3','',''),
('4224986181678299','18:09:00','18:09:00','6741274','4','',''),
('4224986181678299','18:10:00','18:10:00','6741272','5','',''),
('4224986181678299','18:11:00','18:11:00','6741282','6','',''),
('4224986181678299','18:11:00','18:11:00','6741283','7','',''),
('4224986181678299','18:12:00','18:12:00','6741269','8','',''),
('4224986181678299','18:16:00','18:16:00','6741267','9','',''),
('4224986181678299','18:17:00','18:17:00','6741265','10','',''),
('4224986181678299','18:18:00','18:18:00','6741263','11','',''),
('4224986181678299','18:19:00','18:19:00','6741261','12','',''),
('4224986181678299','18:26:00','18:26:00','6741258','13','',''),
('4224986191678299','17:00:00','17:00:00','6741281','1','',''),
('4224986191678299','17:02:00','17:02:00','6741278','2','',''),
('4224986191678299','17:04:00','17:04:00','6741276','3','',''),
('4224986191678299','17:05:00','17:05:00','6741274','4','',''),
('4224986191678299','17:06:00','17:06:00','6741272','5','',''),
('4224986191678299','17:07:00','17:07:00','6741282','6','',''),
('4224986191678299','17:07:00','17:07:00','6741283','7','',''),
('4224986191678299','17:08:00','17:08:00','6741269','8','',''),
('4224986191678299','17:12:00','17:12:00','6741267','9','',''),
('4224986191678299','17:13:00','17:13:00','6741265','10','',''),
('4224986191678299','17:14:00','17:14:00','6741263','11','',''),
('4224986191678299','17:15:00','17:15:00','6741261','12','',''),
('4224986191678299','17:22:00','17:22:00','6741258','13','',''),
('4224986201678299','17:00:00','17:00:00','6741281','1','',''),
('4224986201678299','17:02:00','17:02:00','6741278','2','',''),
('4224986201678299','17:04:00','17:04:00','6741276','3','',''),
('4224986201678299','17:05:00','17:05:00','6741274','4','',''),
('4224986201678299','17:06:00','17:06:00','6741272','5','',''),
('4224986201678299','17:07:00','17:07:00','6741282','6','',''),
('4224986201678299','17:07:00','17:07:00','6741283','7','',''),
('4224986201678299','17:08:00','17:08:00','6741269','8','',''),
('4224986201678299','17:12:00','17:12:00','6741267','9','',''),
('4224986201678299','17:13:00','17:13:00','6741265','10','',''),
('4224986201678299','17:14:00','17:14:00','6741263','11','',''),
('4224986201678299','17:15:00','17:15:00','6741261','12','',''),
('4224986201678299','17:22:00','17:22:00','6741258','13','',''),
('424986181678299','07:55:00','07:55:00','6741281','1','',''),
('424986181678299','07:57:00','07:57:00','6741278','2','',''),
('424986181678299','07:59:00','07:59:00','6741276','3','',''),
('424986181678299','08:00:00','08:00:00','6741274','4','',''),
('424986181678299','08:01:00','08:01:00','6741272','5','',''),
('424986181678299','08:02:00','08:02:00','6741282','6','',''),
('424986181678299','08:02:00','08:02:00','6741283','7','',''),
('424986181678299','08:03:00','08:03:00','6741269','8','',''),
('424986181678299','08:07:00','08:07:00','6741267','9','',''),
('424986181678299','08:08:00','08:08:00','6741265','10','',''),
('424986181678299','08:09:00','08:09:00','6741263','11','',''),
('424986181678299','08:10:00','08:10:00','6741261','12','',''),
('424986181678299','08:17:00','08:17:00','6741258','13','',''),
('424986191678299','06:52:00','06:52:00','6741281','1','',''),
('424986191678299','06:54:00','06:54:00','6741278','2','',''),
('424986191678299','06:56:00','06:56:00','6741276','3','',''),
('424986191678299','06:57:00','06:57:00','6741274','4','',''),
('424986191678299','06:58:00','06:58:00','6741272','5','',''),
('424986191678299','06:59:00','06:59:00','6741282','6','',''),
('424986191678299','06:59:00','06:59:00','6741283','7','',''),
('424986191678299','07:00:00','07:00:00','6741269','8','',''),
('424986191678299','07:04:00','07:04:00','6741267','9','',''),
('424986191678299','07:05:00','07:05:00','6741265','10','',''),
('424986191678299','07:06:00','07:06:00','6741263','11','',''),
('424986191678299','07:07:00','07:07:00','6741261','12','',''),
('424986191678299','07:10:00','07:10:00','6741258','13','',''),
('424986201678299','06:52:00','06:52:00','6741281','1','',''),
('424986201678299','06:54:00','06:54:00','6741278','2','',''),
('424986201678299','06:56:00','06:56:00','6741276','3','',''),
('424986201678299','06:57:00','06:57:00','6741274','4','',''),
('424986201678299','06:58:00','06:58:00','6741272','5','',''),
('424986201678299','06:59:00','06:59:00','6741282','6','',''),
('424986201678299','06:59:00','06:59:00','6741283','7','',''),
('424986201678299','07:00:00','07:00:00','6741269','8','',''),
('424986201678299','07:04:00','07:04:00','6741267','9','',''),
('424986201678299','07:05:00','07:05:00','6741265','10','',''),
('424986201678299','07:06:00','07:06:00','6741263','11','',''),
('424986201678299','07:07:00','07:07:00','6741261','12','',''),
('424986201678299','07:10:00','07:10:00','6741258','13','',''),
('4324986181678299','18:20:00','18:20:00','6741281','1','',''),
('4324986181678299','18:22:00','18:22:00','6741278','2','',''),
('4324986181678299','18:24:00','18:24:00','6741276','3','',''),
('4324986181678299','18:25:00','18:25:00','6741274','4','',''),
('4324986181678299','18:26:00','18:26:00','6741272','5','',''),
('4324986181678299','18:27:00','18:27:00','6741282','6','',''),
('4324986181678299','18:27:00','18:27:00','6741283','7','',''),
('4324986181678299','18:28:00','18:28:00','6741269','8','',''),
('4324986181678299','18:32:00','18:32:00','6741267','9','',''),
('4324986181678299','18:33:00','18:33:00','6741265','10','',''),
('4324986181678299','18:34:00','18:34:00','6741263','11','',''),
('4324986181678299','18:35:00','18:35:00','6741261','12','',''),
('4324986181678299','18:42:00','18:42:00','6741258','13','',''),
('4324986191678299','17:16:00','17:16:00','6741281','1','',''),
('4324986191678299','17:18:00','17:18:00','6741278','2','',''),
('4324986191678299','17:20:00','17:20:00','6741276','3','',''),
('4324986191678299','17:21:00','17:21:00','6741274','4','',''),
('4324986191678299','17:22:00','17:22:00','6741272','5','',''),
('4324986191678299','17:23:00','17:23:00','6741282','6','',''),
('4324986191678299','17:23:00','17:23:00','6741283','7','',''),
('4324986191678299','17:24:00','17:24:00','6741269','8','',''),
('4324986191678299','17:28:00','17:28:00','6741267','9','',''),
('4324986191678299','17:29:00','17:29:00','6741265','10','',''),
('4324986191678299','17:30:00','17:30:00','6741263','11','',''),
('4324986191678299','17:31:00','17:31:00','6741261','12','',''),
('4324986191678299','17:38:00','17:38:00','6741258','13','',''),
('4324986201678299','17:16:00','17:16:00','6741281','1','',''),
('4324986201678299','17:18:00','17:18:00','6741278','2','',''),
('4324986201678299','17:20:00','17:20:00','6741276','3','',''),
('4324986201678299','17:21:00','17:21:00','6741274','4','',''),
('4324986201678299','17:22:00','17:22:00','6741272','5','',''),
('4324986201678299','17:23:00','17:23:00','6741282','6','',''),
('4324986201678299','17:23:00','17:23:00','6741283','7','',''),
('4324986201678299','17:24:00','17:24:00','6741269','8','',''),
('4324986201678299','17:28:00','17:28:00','6741267','9','',''),
('4324986201678299','17:29:00','17:29:00','6741265','10','',''),
('4324986201678299','17:30:00','17:30:00','6741263','11','',''),
('4324986201678299','17:31:00','17:31:00','6741261','12','',''),
('4324986201678299','17:38:00','17:38:00','6741258','13','',''),
('4424986181678299','18:36:00','18:36:00','6741281','1','',''),
('4424986181678299','18:38:00','18:38:00','6741278','2','',''),
('4424986181678299','18:40:00','18:40:00','6741276','3','',''),
('4424986181678299','18:41:00','18:41:00','6741274','4','',''),
('4424986181678299','18:42:00','18:42:00','6741272','5','',''),
('4424986181678299','18:43:00','18:43:00','6741282','6','',''),
('4424986181678299','18:43:00','18:43:00','6741283','7','',''),
('4424986181678299','18:44:00','18:44:00','6741269','8','',''),
('4424986181678299','18:48:00','18:48:00','6741267','9','',''),
('4424986181678299','18:49:00','18:49:00','6741265','10','',''),
('4424986181678299','18:50:00','18:50:00','6741263','11','',''),
('4424986181678299','18:51:00','18:51:00','6741261','12','',''),
('4424986181678299','18:58:00','18:58:00','6741258','13','',''),
('4424986191678299','17:32:00','17:32:00','6741281','1','',''),
('4424986191678299','17:34:00','17:34:00','6741278','2','',''),
('4424986191678299','17:36:00','17:36:00','6741276','3','',''),
('4424986191678299','17:37:00','17:37:00','6741274','4','',''),
('4424986191678299','17:38:00','17:38:00','6741272','5','',''),
('4424986191678299','17:39:00','17:39:00','6741282','6','',''),
('4424986191678299','17:39:00','17:39:00','6741283','7','',''),
('4424986191678299','17:40:00','17:40:00','6741269','8','',''),
('4424986191678299','17:44:00','17:44:00','6741267','9','',''),
('4424986191678299','17:45:00','17:45:00','6741265','10','',''),
('4424986191678299','17:46:00','17:46:00','6741263','11','',''),
('4424986191678299','17:47:00','17:47:00','6741261','12','',''),
('4424986191678299','17:54:00','17:54:00','6741258','13','',''),
('4424986201678299','17:32:00','17:32:00','6741281','1','',''),
('4424986201678299','17:34:00','17:34:00','6741278','2','',''),
('4424986201678299','17:36:00','17:36:00','6741276','3','',''),
('4424986201678299','17:37:00','17:37:00','6741274','4','',''),
('4424986201678299','17:38:00','17:38:00','6741272','5','',''),
('4424986201678299','17:39:00','17:39:00','6741282','6','',''),
('4424986201678299','17:39:00','17:39:00','6741283','7','',''),
('4424986201678299','17:40:00','17:40:00','6741269','8','',''),
('4424986201678299','17:44:00','17:44:00','6741267','9','',''),
('4424986201678299','17:45:00','17:45:00','6741265','10','',''),
('4424986201678299','17:46:00','17:46:00','6741263','11','',''),
('4424986201678299','17:47:00','17:47:00','6741261','12','',''),
('4424986201678299','17:54:00','17:54:00','6741258','13','',''),
('4524986181678299','18:52:00','18:52:00','6741281','1','',''),
('4524986181678299','18:54:00','18:54:00','6741278','2','',''),
('4524986181678299','18:56:00','18:56:00','6741276','3','',''),
('4524986181678299','18:57:00','18:57:00','6741274','4','',''),
('4524986181678299','18:58:00','18:58:00','6741272','5','',''),
('4524986181678299','18:59:00','18:59:00','6741282','6','',''),
('4524986181678299','18:59:00','18:59:00','6741283','7','',''),
('4524986181678299','19:00:00','19:00:00','6741269','8','',''),
('4524986181678299','19:04:00','19:04:00','6741267','9','',''),
('4524986181678299','19:05:00','19:05:00','6741265','10','',''),
('4524986181678299','19:06:00','19:06:00','6741263','11','',''),
('4524986181678299','19:07:00','19:07:00','6741261','12','',''),
('4524986181678299','19:14:00','19:14:00','6741258','13','',''),
('4524986191678299','17:48:00','17:48:00','6741281','1','',''),
('4524986191678299','17:50:00','17:50:00','6741278','2','',''),
('4524986191678299','17:52:00','17:52:00','6741276','3','',''),
('4524986191678299','17:53:00','17:53:00','6741274','4','',''),
('4524986191678299','17:54:00','17:54:00','6741272','5','',''),
('4524986191678299','17:55:00','17:55:00','6741282','6','',''),
('4524986191678299','17:55:00','17:55:00','6741283','7','',''),
('4524986191678299','17:56:00','17:56:00','6741269','8','',''),
('4524986191678299','18:00:00','18:00:00','6741267','9','',''),
('4524986191678299','18:01:00','18:01:00','6741265','10','',''),
('4524986191678299','18:02:00','18:02:00','6741263','11','',''),
('4524986191678299','18:03:00','18:03:00','6741261','12','',''),
('4524986191678299','18:10:00','18:10:00','6741258','13','',''),
('4524986201678299','17:48:00','17:48:00','6741281','1','',''),
('4524986201678299','17:50:00','17:50:00','6741278','2','',''),
('4524986201678299','17:52:00','17:52:00','6741276','3','',''),
('4524986201678299','17:53:00','17:53:00','6741274','4','',''),
('4524986201678299','17:54:00','17:54:00','6741272','5','',''),
('4524986201678299','17:55:00','17:55:00','6741282','6','',''),
('4524986201678299','17:55:00','17:55:00','6741283','7','',''),
('4524986201678299','17:56:00','17:56:00','6741269','8','',''),
('4524986201678299','18:00:00','18:00:00','6741267','9','',''),
('4524986201678299','18:01:00','18:01:00','6741265','10','',''),
('4524986201678299','18:02:00','18:02:00','6741263','11','',''),
('4524986201678299','18:03:00','18:03:00','6741261','12','',''),
('4524986201678299','18:10:00','18:10:00','6741258','13','',''),
('4624986181678299','19:08:00','19:08:00','6741281','1','',''),
('4624986181678299','19:10:00','19:10:00','6741278','2','',''),
('4624986181678299','19:12:00','19:12:00','6741276','3','',''),
('4624986181678299','19:13:00','19:13:00','6741274','4','',''),
('4624986181678299','19:14:00','19:14:00','6741272','5','',''),
('4624986181678299','19:15:00','19:15:00','6741282','6','',''),
('4624986181678299','19:15:00','19:15:00','6741283','7','',''),
('4624986181678299','19:16:00','19:16:00','6741269','8','',''),
('4624986181678299','19:20:00','19:20:00','6741267','9','',''),
('4624986181678299','19:21:00','19:21:00','6741265','10','',''),
('4624986181678299','19:22:00','19:22:00','6741263','11','',''),
('4624986181678299','19:23:00','19:23:00','6741261','12','',''),
('4624986181678299','19:30:00','19:30:00','6741258','13','',''),
('4624986191678299','18:04:00','18:04:00','6741281','1','',''),
('4624986191678299','18:06:00','18:06:00','6741278','2','',''),
('4624986191678299','18:08:00','18:08:00','6741276','3','',''),
('4624986191678299','18:09:00','18:09:00','6741274','4','',''),
('4624986191678299','18:10:00','18:10:00','6741272','5','',''),
('4624986191678299','18:11:00','18:11:00','6741282','6','',''),
('4624986191678299','18:11:00','18:11:00','6741283','7','',''),
('4624986191678299','18:12:00','18:12:00','6741269','8','',''),
('4624986191678299','18:16:00','18:16:00','6741267','9','',''),
('4624986191678299','18:17:00','18:17:00','6741265','10','',''),
('4624986191678299','18:18:00','18:18:00','6741263','11','',''),
('4624986191678299','18:19:00','18:19:00','6741261','12','',''),
('4624986191678299','18:26:00','18:26:00','6741258','13','',''),
('4624986201678299','18:04:00','18:04:00','6741281','1','',''),
('4624986201678299','18:06:00','18:06:00','6741278','2','',''),
('4624986201678299','18:08:00','18:08:00','6741276','3','',''),
('4624986201678299','18:09:00','18:09:00','6741274','4','',''),
('4624986201678299','18:10:00','18:10:00','6741272','5','',''),
('4624986201678299','18:11:00','18:11:00','6741282','6','',''),
('4624986201678299','18:11:00','18:11:00','6741283','7','',''),
('4624986201678299','18:12:00','18:12:00','6741269','8','',''),
('4624986201678299','18:16:00','18:16:00','6741267','9','',''),
('4624986201678299','18:17:00','18:17:00','6741265','10','',''),
('4624986201678299','18:18:00','18:18:00','6741263','11','',''),
('4624986201678299','18:19:00','18:19:00','6741261','12','',''),
('4624986201678299','18:26:00','18:26:00','6741258','13','',''),
('4724986181678299','19:24:00','19:24:00','6741281','1','',''),
('4724986181678299','19:26:00','19:26:00','6741278','2','',''),
('4724986181678299','19:28:00','19:28:00','6741276','3','',''),
('4724986181678299','19:29:00','19:29:00','6741274','4','',''),
('4724986181678299','19:30:00','19:30:00','6741272','5','',''),
('4724986181678299','19:31:00','19:31:00','6741282','6','',''),
('4724986181678299','19:31:00','19:31:00','6741283','7','',''),
('4724986181678299','19:32:00','19:32:00','6741269','8','',''),
('4724986181678299','19:36:00','19:36:00','6741267','9','',''),
('4724986181678299','19:37:00','19:37:00','6741265','10','',''),
('4724986181678299','19:38:00','19:38:00','6741263','11','',''),
('4724986181678299','19:39:00','19:39:00','6741261','12','',''),
('4724986181678299','19:46:00','19:46:00','6741258','13','',''),
('4724986191678299','18:20:00','18:20:00','6741281','1','',''),
('4724986191678299','18:22:00','18:22:00','6741278','2','',''),
('4724986191678299','18:24:00','18:24:00','6741276','3','',''),
('4724986191678299','18:25:00','18:25:00','6741274','4','',''),
('4724986191678299','18:26:00','18:26:00','6741272','5','',''),
('4724986191678299','18:27:00','18:27:00','6741282','6','',''),
('4724986191678299','18:27:00','18:27:00','6741283','7','',''),
('4724986191678299','18:28:00','18:28:00','6741269','8','',''),
('4724986191678299','18:32:00','18:32:00','6741267','9','',''),
('4724986191678299','18:33:00','18:33:00','6741265','10','',''),
('4724986191678299','18:34:00','18:34:00','6741263','11','',''),
('4724986191678299','18:35:00','18:35:00','6741261','12','',''),
('4724986191678299','18:42:00','18:42:00','6741258','13','',''),
('4724986201678299','18:20:00','18:20:00','6741281','1','',''),
('4724986201678299','18:22:00','18:22:00','6741278','2','',''),
('4724986201678299','18:24:00','18:24:00','6741276','3','',''),
('4724986201678299','18:25:00','18:25:00','6741274','4','',''),
('4724986201678299','18:26:00','18:26:00','6741272','5','',''),
('4724986201678299','18:27:00','18:27:00','6741282','6','',''),
('4724986201678299','18:27:00','18:27:00','6741283','7','',''),
('4724986201678299','18:28:00','18:28:00','6741269','8','',''),
('4724986201678299','18:32:00','18:32:00','6741267','9','',''),
('4724986201678299','18:33:00','18:33:00','6741265','10','',''),
('4724986201678299','18:34:00','18:34:00','6741263','11','',''),
('4724986201678299','18:35:00','18:35:00','6741261','12','',''),
('4724986201678299','18:42:00','18:42:00','6741258','13','',''),
('4824986181678299','19:40:00','19:40:00','6741281','1','',''),
('4824986181678299','19:42:00','19:42:00','6741278','2','',''),
('4824986181678299','19:44:00','19:44:00','6741276','3','',''),
('4824986181678299','19:45:00','19:45:00','6741274','4','',''),
('4824986181678299','19:46:00','19:46:00','6741272','5','',''),
('4824986181678299','19:47:00','19:47:00','6741282','6','',''),
('4824986181678299','19:47:00','19:47:00','6741283','7','',''),
('4824986181678299','19:48:00','19:48:00','6741269','8','',''),
('4824986181678299','19:52:00','19:52:00','6741267','9','',''),
('4824986181678299','19:53:00','19:53:00','6741265','10','',''),
('4824986181678299','19:54:00','19:54:00','6741263','11','',''),
('4824986181678299','19:55:00','19:55:00','6741261','12','',''),
('4824986181678299','20:01:00','20:01:00','6741258','13','',''),
('4824986191678299','18:36:00','18:36:00','6741281','1','',''),
('4824986191678299','18:38:00','18:38:00','6741278','2','',''),
('4824986191678299','18:40:00','18:40:00','6741276','3','',''),
('4824986191678299','18:41:00','18:41:00','6741274','4','',''),
('4824986191678299','18:42:00','18:42:00','6741272','5','',''),
('4824986191678299','18:43:00','18:43:00','6741282','6','',''),
('4824986191678299','18:43:00','18:43:00','6741283','7','',''),
('4824986191678299','18:44:00','18:44:00','6741269','8','',''),
('4824986191678299','18:48:00','18:48:00','6741267','9','',''),
('4824986191678299','18:49:00','18:49:00','6741265','10','',''),
('4824986191678299','18:50:00','18:50:00','6741263','11','',''),
('4824986191678299','18:51:00','18:51:00','6741261','12','',''),
('4824986191678299','18:58:00','18:58:00','6741258','13','',''),
('4824986201678299','18:36:00','18:36:00','6741281','1','',''),
('4824986201678299','18:38:00','18:38:00','6741278','2','',''),
('4824986201678299','18:40:00','18:40:00','6741276','3','',''),
('4824986201678299','18:41:00','18:41:00','6741274','4','',''),
('4824986201678299','18:42:00','18:42:00','6741272','5','',''),
('4824986201678299','18:43:00','18:43:00','6741282','6','',''),
('4824986201678299','18:43:00','18:43:00','6741283','7','',''),
('4824986201678299','18:44:00','18:44:00','6741269','8','',''),
('4824986201678299','18:48:00','18:48:00','6741267','9','',''),
('4824986201678299','18:49:00','18:49:00','6741265','10','',''),
('4824986201678299','18:50:00','18:50:00','6741263','11','',''),
('4824986201678299','18:51:00','18:51:00','6741261','12','',''),
('4824986201678299','18:58:00','18:58:00','6741258','13','',''),
('4924986181678299','20:00:00','20:00:00','6741281','1','',''),
('4924986181678299','20:02:00','20:02:00','6741278','2','',''),
('4924986181678299','20:04:00','20:04:00','6741276','3','',''),
('4924986181678299','20:05:00','20:05:00','6741274','4','',''),
('4924986181678299','20:06:00','20:06:00','6741272','5','',''),
('4924986181678299','20:07:00','20:07:00','6741282','6','',''),
('4924986181678299','20:07:00','20:07:00','6741283','7','',''),
('4924986181678299','20:08:00','20:08:00','6741269','8','',''),
('4924986181678299','20:12:00','20:12:00','6741267','9','',''),
('4924986181678299','20:13:00','20:13:00','6741265','10','',''),
('4924986181678299','20:14:00','20:14:00','6741263','11','',''),
('4924986181678299','20:15:00','20:15:00','6741261','12','',''),
('4924986181678299','20:20:00','20:20:00','6741258','13','',''),
('4924986191678299','18:52:00','18:52:00','6741281','1','',''),
('4924986191678299','18:54:00','18:54:00','6741278','2','',''),
('4924986191678299','18:56:00','18:56:00','6741276','3','',''),
('4924986191678299','18:57:00','18:57:00','6741274','4','',''),
('4924986191678299','18:58:00','18:58:00','6741272','5','',''),
('4924986191678299','18:59:00','18:59:00','6741282','6','',''),
('4924986191678299','18:59:00','18:59:00','6741283','7','',''),
('4924986191678299','19:00:00','19:00:00','6741269','8','',''),
('4924986191678299','19:04:00','19:04:00','6741267','9','',''),
('4924986191678299','19:05:00','19:05:00','6741265','10','',''),
('4924986191678299','19:06:00','19:06:00','6741263','11','',''),
('4924986191678299','19:07:00','19:07:00','6741261','12','',''),
('4924986191678299','19:14:00','19:14:00','6741258','13','',''),
('4924986201678299','18:52:00','18:52:00','6741281','1','',''),
('4924986201678299','18:54:00','18:54:00','6741278','2','',''),
('4924986201678299','18:56:00','18:56:00','6741276','3','',''),
('4924986201678299','18:57:00','18:57:00','6741274','4','',''),
('4924986201678299','18:58:00','18:58:00','6741272','5','',''),
('4924986201678299','18:59:00','18:59:00','6741282','6','',''),
('4924986201678299','18:59:00','18:59:00','6741283','7','',''),
('4924986201678299','19:00:00','19:00:00','6741269','8','',''),
('4924986201678299','19:04:00','19:04:00','6741267','9','',''),
('4924986201678299','19:05:00','19:05:00','6741265','10','',''),
('4924986201678299','19:06:00','19:06:00','6741263','11','',''),
('4924986201678299','19:07:00','19:07:00','6741261','12','',''),
('4924986201678299','19:14:00','19:14:00','6741258','13','',''),
('5024986191678299','19:08:00','19:08:00','6741281','1','',''),
('5024986191678299','19:10:00','19:10:00','6741278','2','',''),
('5024986191678299','19:12:00','19:12:00','6741276','3','',''),
('5024986191678299','19:13:00','19:13:00','6741274','4','',''),
('5024986191678299','19:14:00','19:14:00','6741272','5','',''),
('5024986191678299','19:15:00','19:15:00','6741282','6','',''),
('5024986191678299','19:15:00','19:15:00','6741283','7','',''),
('5024986191678299','19:16:00','19:16:00','6741269','8','',''),
('5024986191678299','19:20:00','19:20:00','6741267','9','',''),
('5024986191678299','19:21:00','19:21:00','6741265','10','',''),
('5024986191678299','19:22:00','19:22:00','6741263','11','',''),
('5024986191678299','19:23:00','19:23:00','6741261','12','',''),
('5024986191678299','19:30:00','19:30:00','6741258','13','',''),
('5024986201678299','19:08:00','19:08:00','6741281','1','',''),
('5024986201678299','19:10:00','19:10:00','6741278','2','',''),
('5024986201678299','19:12:00','19:12:00','6741276','3','',''),
('5024986201678299','19:13:00','19:13:00','6741274','4','',''),
('5024986201678299','19:14:00','19:14:00','6741272','5','',''),
('5024986201678299','19:15:00','19:15:00','6741282','6','',''),
('5024986201678299','19:15:00','19:15:00','6741283','7','',''),
('5024986201678299','19:16:00','19:16:00','6741269','8','',''),
('5024986201678299','19:20:00','19:20:00','6741267','9','',''),
('5024986201678299','19:21:00','19:21:00','6741265','10','',''),
('5024986201678299','19:22:00','19:22:00','6741263','11','',''),
('5024986201678299','19:23:00','19:23:00','6741261','12','',''),
('5024986201678299','19:30:00','19:30:00','6741258','13','',''),
('5124986191678299','19:24:00','19:24:00','6741281','1','',''),
('5124986191678299','19:26:00','19:26:00','6741278','2','',''),
('5124986191678299','19:28:00','19:28:00','6741276','3','',''),
('5124986191678299','19:29:00','19:29:00','6741274','4','',''),
('5124986191678299','19:30:00','19:30:00','6741272','5','',''),
('5124986191678299','19:31:00','19:31:00','6741282','6','',''),
('5124986191678299','19:31:00','19:31:00','6741283','7','',''),
('5124986191678299','19:32:00','19:32:00','6741269','8','',''),
('5124986191678299','19:36:00','19:36:00','6741267','9','',''),
('5124986191678299','19:37:00','19:37:00','6741265','10','',''),
('5124986191678299','19:38:00','19:38:00','6741263','11','',''),
('5124986191678299','19:39:00','19:39:00','6741261','12','',''),
('5124986191678299','19:46:00','19:46:00','6741258','13','',''),
('5124986201678299','19:24:00','19:24:00','6741281','1','',''),
('5124986201678299','19:26:00','19:26:00','6741278','2','',''),
('5124986201678299','19:28:00','19:28:00','6741276','3','',''),
('5124986201678299','19:29:00','19:29:00','6741274','4','',''),
('5124986201678299','19:30:00','19:30:00','6741272','5','',''),
('5124986201678299','19:31:00','19:31:00','6741282','6','',''),
('5124986201678299','19:31:00','19:31:00','6741283','7','',''),
('5124986201678299','19:32:00','19:32:00','6741269','8','',''),
('5124986201678299','19:36:00','19:36:00','6741267','9','',''),
('5124986201678299','19:37:00','19:37:00','6741265','10','',''),
('5124986201678299','19:38:00','19:38:00','6741263','11','',''),
('5124986201678299','19:39:00','19:39:00','6741261','12','',''),
('5124986201678299','19:46:00','19:46:00','6741258','13','',''),
('5224986191678299','19:40:00','19:40:00','6741281','1','',''),
('5224986191678299','19:42:00','19:42:00','6741278','2','',''),
('5224986191678299','19:44:00','19:44:00','6741276','3','',''),
('5224986191678299','19:45:00','19:45:00','6741274','4','',''),
('5224986191678299','19:46:00','19:46:00','6741272','5','',''),
('5224986191678299','19:47:00','19:47:00','6741282','6','',''),
('5224986191678299','19:47:00','19:47:00','6741283','7','',''),
('5224986191678299','19:48:00','19:48:00','6741269','8','',''),
('5224986191678299','19:52:00','19:52:00','6741267','9','',''),
('5224986191678299','19:53:00','19:53:00','6741265','10','',''),
('5224986191678299','19:54:00','19:54:00','6741263','11','',''),
('5224986191678299','19:55:00','19:55:00','6741261','12','',''),
('5224986191678299','20:01:00','20:01:00','6741258','13','',''),
('5224986201678299','19:40:00','19:40:00','6741281','1','',''),
('5224986201678299','19:42:00','19:42:00','6741278','2','',''),
('5224986201678299','19:44:00','19:44:00','6741276','3','',''),
('5224986201678299','19:45:00','19:45:00','6741274','4','',''),
('5224986201678299','19:46:00','19:46:00','6741272','5','',''),
('5224986201678299','19:47:00','19:47:00','6741282','6','',''),
('5224986201678299','19:47:00','19:47:00','6741283','7','',''),
('5224986201678299','19:48:00','19:48:00','6741269','8','',''),
('5224986201678299','19:52:00','19:52:00','6741267','9','',''),
('5224986201678299','19:53:00','19:53:00','6741265','10','',''),
('5224986201678299','19:54:00','19:54:00','6741263','11','',''),
('5224986201678299','19:55:00','19:55:00','6741261','12','',''),
('5224986201678299','20:01:00','20:01:00','6741258','13','',''),
('524986181678299','08:12:00','08:12:00','6741281','1','',''),
('524986181678299','08:14:00','08:14:00','6741278','2','',''),
('524986181678299','08:16:00','08:16:00','6741276','3','',''),
('524986181678299','08:17:00','08:17:00','6741274','4','',''),
('524986181678299','08:18:00','08:18:00','6741272','5','',''),
('524986181678299','08:19:00','08:19:00','6741282','6','',''),
('524986181678299','08:19:00','08:19:00','6741283','7','',''),
('524986181678299','08:20:00','08:20:00','6741269','8','',''),
('524986181678299','08:24:00','08:24:00','6741267','9','',''),
('524986181678299','08:25:00','08:25:00','6741265','10','',''),
('524986181678299','08:26:00','08:26:00','6741263','11','',''),
('524986181678299','08:27:00','08:27:00','6741261','12','',''),
('524986181678299','08:34:00','08:34:00','6741258','13','',''),
('524986191678299','07:08:00','07:08:00','6741281','1','',''),
('524986191678299','07:10:00','07:10:00','6741278','2','',''),
('524986191678299','07:12:00','07:12:00','6741276','3','',''),
('524986191678299','07:13:00','07:13:00','6741274','4','',''),
('524986191678299','07:14:00','07:14:00','6741272','5','',''),
('524986191678299','07:15:00','07:15:00','6741282','6','',''),
('524986191678299','07:15:00','07:15:00','6741283','7','',''),
('524986191678299','07:16:00','07:16:00','6741269','8','',''),
('524986191678299','07:20:00','07:20:00','6741267','9','',''),
('524986191678299','07:21:00','07:21:00','6741265','10','',''),
('524986191678299','07:22:00','07:22:00','6741263','11','',''),
('524986191678299','07:23:00','07:23:00','6741261','12','',''),
('524986191678299','07:27:00','07:27:00','6741258','13','',''),
('524986201678299','07:08:00','07:08:00','6741281','1','',''),
('524986201678299','07:10:00','07:10:00','6741278','2','',''),
('524986201678299','07:12:00','07:12:00','6741276','3','',''),
('524986201678299','07:13:00','07:13:00','6741274','4','',''),
('524986201678299','07:14:00','07:14:00','6741272','5','',''),
('524986201678299','07:15:00','07:15:00','6741282','6','',''),
('524986201678299','07:15:00','07:15:00','6741283','7','',''),
('524986201678299','07:16:00','07:16:00','6741269','8','',''),
('524986201678299','07:20:00','07:20:00','6741267','9','',''),
('524986201678299','07:21:00','07:21:00','6741265','10','',''),
('524986201678299','07:22:00','07:22:00','6741263','11','',''),
('524986201678299','07:23:00','07:23:00','6741261','12','',''),
('524986201678299','07:27:00','07:27:00','6741258','13','',''),
('5324986191678299','20:00:00','20:00:00','6741281','1','',''),
('5324986191678299','20:02:00','20:02:00','6741278','2','',''),
('5324986191678299','20:04:00','20:04:00','6741276','3','',''),
('5324986191678299','20:05:00','20:05:00','6741274','4','',''),
('5324986191678299','20:06:00','20:06:00','6741272','5','',''),
('5324986191678299','20:07:00','20:07:00','6741282','6','',''),
('5324986191678299','20:07:00','20:07:00','6741283','7','',''),
('5324986191678299','20:08:00','20:08:00','6741269','8','',''),
('5324986191678299','20:12:00','20:12:00','6741267','9','',''),
('5324986191678299','20:13:00','20:13:00','6741265','10','',''),
('5324986191678299','20:14:00','20:14:00','6741263','11','',''),
('5324986191678299','20:15:00','20:15:00','6741261','12','',''),
('5324986191678299','20:20:00','20:20:00','6741258','13','',''),
('5324986201678299','20:00:00','20:00:00','6741281','1','',''),
('5324986201678299','20:02:00','20:02:00','6741278','2','',''),
('5324986201678299','20:04:00','20:04:00','6741276','3','',''),
('5324986201678299','20:05:00','20:05:00','6741274','4','',''),
('5324986201678299','20:06:00','20:06:00','6741272','5','',''),
('5324986201678299','20:07:00','20:07:00','6741282','6','',''),
('5324986201678299','20:07:00','20:07:00','6741283','7','',''),
('5324986201678299','20:08:00','20:08:00','6741269','8','',''),
('5324986201678299','20:12:00','20:12:00','6741267','9','',''),
('5324986201678299','20:13:00','20:13:00','6741265','10','',''),
('5324986201678299','20:14:00','20:14:00','6741263','11','',''),
('5324986201678299','20:15:00','20:15:00','6741261','12','',''),
('5324986201678299','20:20:00','20:20:00','6741258','13','',''),
('624986181678299','08:28:00','08:28:00','6741281','1','',''),
('624986181678299','08:30:00','08:30:00','6741278','2','',''),
('624986181678299','08:32:00','08:32:00','6741276','3','',''),
('624986181678299','08:33:00','08:33:00','6741274','4','',''),
('624986181678299','08:34:00','08:34:00','6741272','5','',''),
('624986181678299','08:35:00','08:35:00','6741282','6','',''),
('624986181678299','08:35:00','08:35:00','6741283','7','',''),
('624986181678299','08:36:00','08:36:00','6741269','8','',''),
('624986181678299','08:40:00','08:40:00','6741267','9','',''),
('624986181678299','08:41:00','08:41:00','6741265','10','',''),
('624986181678299','08:42:00','08:42:00','6741263','11','',''),
('624986181678299','08:43:00','08:43:00','6741261','12','',''),
('624986181678299','08:50:00','08:50:00','6741258','13','',''),
('624986191678299','07:24:00','07:24:00','6741281','1','',''),
('624986191678299','07:26:00','07:26:00','6741278','2','',''),
('624986191678299','07:28:00','07:28:00','6741276','3','',''),
('624986191678299','07:29:00','07:29:00','6741274','4','',''),
('624986191678299','07:30:00','07:30:00','6741272','5','',''),
('624986191678299','07:31:00','07:31:00','6741282','6','',''),
('624986191678299','07:31:00','07:31:00','6741283','7','',''),
('624986191678299','07:32:00','07:32:00','6741269','8','',''),
('624986191678299','07:36:00','07:36:00','6741267','9','',''),
('624986191678299','07:37:00','07:37:00','6741265','10','',''),
('624986191678299','07:38:00','07:38:00','6741263','11','',''),
('624986191678299','07:39:00','07:39:00','6741261','12','',''),
('624986191678299','07:45:00','07:45:00','6741258','13','',''),
('624986201678299','07:24:00','07:24:00','6741281','1','',''),
('624986201678299','07:26:00','07:26:00','6741278','2','',''),
('624986201678299','07:28:00','07:28:00','6741276','3','',''),
('624986201678299','07:29:00','07:29:00','6741274','4','',''),
('624986201678299','07:30:00','07:30:00','6741272','5','',''),
('624986201678299','07:31:00','07:31:00','6741282','6','',''),
('624986201678299','07:31:00','07:31:00','6741283','7','',''),
('624986201678299','07:32:00','07:32:00','6741269','8','',''),
('624986201678299','07:36:00','07:36:00','6741267','9','',''),
('624986201678299','07:37:00','07:37:00','6741265','10','',''),
('624986201678299','07:38:00','07:38:00','6741263','11','',''),
('624986201678299','07:39:00','07:39:00','6741261','12','',''),
('624986201678299','07:45:00','07:45:00','6741258','13','',''),
('724986181678299','08:44:00','08:44:00','6741281','1','',''),
('724986181678299','08:46:00','08:46:00','6741278','2','',''),
('724986181678299','08:48:00','08:48:00','6741276','3','',''),
('724986181678299','08:49:00','08:49:00','6741274','4','',''),
('724986181678299','08:50:00','08:50:00','6741272','5','',''),
('724986181678299','08:51:00','08:51:00','6741282','6','',''),
('724986181678299','08:51:00','08:51:00','6741283','7','',''),
('724986181678299','08:52:00','08:52:00','6741269','8','',''),
('724986181678299','08:56:00','08:56:00','6741267','9','',''),
('724986181678299','08:57:00','08:57:00','6741265','10','',''),
('724986181678299','08:58:00','08:58:00','6741263','11','',''),
('724986181678299','08:59:00','08:59:00','6741261','12','',''),
('724986181678299','09:06:00','09:06:00','6741258','13','',''),
('724986191678299','07:40:00','07:40:00','6741281','1','',''),
('724986191678299','07:42:00','07:42:00','6741278','2','',''),
('724986191678299','07:44:00','07:44:00','6741276','3','',''),
('724986191678299','07:45:00','07:45:00','6741274','4','',''),
('724986191678299','07:46:00','07:46:00','6741272','5','',''),
('724986191678299','07:47:00','07:47:00','6741282','6','',''),
('724986191678299','07:47:00','07:47:00','6741283','7','',''),
('724986191678299','07:48:00','07:48:00','6741269','8','',''),
('724986191678299','07:52:00','07:52:00','6741267','9','',''),
('724986191678299','07:53:00','07:53:00','6741265','10','',''),
('724986191678299','07:54:00','07:54:00','6741263','11','',''),
('724986191678299','07:55:00','07:55:00','6741261','12','',''),
('724986191678299','08:02:00','08:02:00','6741258','13','',''),
('724986201678299','07:40:00','07:40:00','6741281','1','',''),
('724986201678299','07:42:00','07:42:00','6741278','2','',''),
('724986201678299','07:44:00','07:44:00','6741276','3','',''),
('724986201678299','07:45:00','07:45:00','6741274','4','',''),
('724986201678299','07:46:00','07:46:00','6741272','5','',''),
('724986201678299','07:47:00','07:47:00','6741282','6','',''),
('724986201678299','07:47:00','07:47:00','6741283','7','',''),
('724986201678299','07:48:00','07:48:00','6741269','8','',''),
('724986201678299','07:52:00','07:52:00','6741267','9','',''),
('724986201678299','07:53:00','07:53:00','6741265','10','',''),
('724986201678299','07:54:00','07:54:00','6741263','11','',''),
('724986201678299','07:55:00','07:55:00','6741261','12','',''),
('724986201678299','08:02:00','08:02:00','6741258','13','',''),
('824986181678299','09:00:00','09:00:00','6741281','1','',''),
('824986181678299','09:02:00','09:02:00','6741278','2','',''),
('824986181678299','09:04:00','09:04:00','6741276','3','',''),
('824986181678299','09:05:00','09:05:00','6741274','4','',''),
('824986181678299','09:06:00','09:06:00','6741272','5','',''),
('824986181678299','09:07:00','09:07:00','6741282','6','',''),
('824986181678299','09:07:00','09:07:00','6741283','7','',''),
('824986181678299','09:08:00','09:08:00','6741269','8','',''),
('824986181678299','09:12:00','09:12:00','6741267','9','',''),
('824986181678299','09:13:00','09:13:00','6741265','10','',''),
('824986181678299','09:14:00','09:14:00','6741263','11','',''),
('824986181678299','09:15:00','09:15:00','6741261','12','',''),
('824986181678299','09:22:00','09:22:00','6741258','13','',''),
('824986191678299','07:56:00','07:56:00','6741281','1','',''),
('824986191678299','07:58:00','07:58:00','6741278','2','',''),
('824986191678299','08:00:00','08:00:00','6741276','3','',''),
('824986191678299','08:01:00','08:01:00','6741274','4','',''),
('824986191678299','08:02:00','08:02:00','6741272','5','',''),
('824986191678299','08:03:00','08:03:00','6741282','6','',''),
('824986191678299','08:03:00','08:03:00','6741283','7','',''),
('824986191678299','08:04:00','08:04:00','6741269','8','',''),
('824986191678299','08:08:00','08:08:00','6741267','9','',''),
('824986191678299','08:09:00','08:09:00','6741265','10','',''),
('824986191678299','08:10:00','08:10:00','6741263','11','',''),
('824986191678299','08:11:00','08:11:00','6741261','12','',''),
('824986191678299','08:18:00','08:18:00','6741258','13','',''),
('824986201678299','07:56:00','07:56:00','6741281','1','',''),
('824986201678299','07:58:00','07:58:00','6741278','2','',''),
('824986201678299','08:00:00','08:00:00','6741276','3','',''),
('824986201678299','08:01:00','08:01:00','6741274','4','',''),
('824986201678299','08:02:00','08:02:00','6741272','5','',''),
('824986201678299','08:03:00','08:03:00','6741282','6','',''),
('824986201678299','08:03:00','08:03:00','6741283','7','',''),
('824986201678299','08:04:00','08:04:00','6741269','8','',''),
('824986201678299','08:08:00','08:08:00','6741267','9','',''),
('824986201678299','08:09:00','08:09:00','6741265','10','',''),
('824986201678299','08:10:00','08:10:00','6741263','11','',''),
('824986201678299','08:11:00','08:11:00','6741261','12','',''),
('824986201678299','08:18:00','08:18:00','6741258','13','',''),
('924986181678299','09:16:00','09:16:00','6741281','1','',''),
('924986181678299','09:18:00','09:18:00','6741278','2','',''),
('924986181678299','09:20:00','09:20:00','6741276','3','',''),
('924986181678299','09:21:00','09:21:00','6741274','4','',''),
('924986181678299','09:22:00','09:22:00','6741272','5','',''),
('924986181678299','09:23:00','09:23:00','6741282','6','',''),
('924986181678299','09:23:00','09:23:00','6741283','7','',''),
('924986181678299','09:24:00','09:24:00','6741269','8','',''),
('924986181678299','09:28:00','09:28:00','6741267','9','',''),
('924986181678299','09:29:00','09:29:00','6741265','10','',''),
('924986181678299','09:30:00','09:30:00','6741263','11','',''),
('924986181678299','09:31:00','09:31:00','6741261','12','',''),
('924986181678299','09:35:00','09:35:00','6741258','13','',''),
('924986191678299','08:12:00','08:12:00','6741281','1','',''),
('924986191678299','08:14:00','08:14:00','6741278','2','',''),
('924986191678299','08:16:00','08:16:00','6741276','3','',''),
('924986191678299','08:17:00','08:17:00','6741274','4','',''),
('924986191678299','08:18:00','08:18:00','6741272','5','',''),
('924986191678299','08:19:00','08:19:00','6741282','6','',''),
('924986191678299','08:19:00','08:19:00','6741283','7','',''),
('924986191678299','08:20:00','08:20:00','6741269','8','',''),
('924986191678299','08:24:00','08:24:00','6741267','9','',''),
('924986191678299','08:25:00','08:25:00','6741265','10','',''),
('924986191678299','08:26:00','08:26:00','6741263','11','',''),
('924986191678299','08:27:00','08:27:00','6741261','12','',''),
('924986191678299','08:34:00','08:34:00','6741258','13','',''),
('924986201678299','08:12:00','08:12:00','6741281','1','',''),
('924986201678299','08:14:00','08:14:00','6741278','2','',''),
('924986201678299','08:16:00','08:16:00','6741276','3','',''),
('924986201678299','08:17:00','08:17:00','6741274','4','',''),
('924986201678299','08:18:00','08:18:00','6741272','5','',''),
('924986201678299','08:19:00','08:19:00','6741282','6','',''),
('924986201678299','08:19:00','08:19:00','6741283','7','',''),
('924986201678299','08:20:00','08:20:00','6741269','8','',''),
('924986201678299','08:24:00','08:24:00','6741267','9','',''),
('924986201678299','08:25:00','08:25:00','6741265','10','',''),
('924986201678299','08:26:00','08:26:00','6741263','11','',''),
('924986201678299','08:27:00','08:27:00','6741261','12','',''),
('924986201678299','08:34:00','08:34:00','6741258','13','','');
INSERT INTO calendar (service_id,monday,tuesday,wednesday,thursday,friday,saturday,sunday,start_date,end_date) VALUES
('2498619','0','0','0','0','0','0','0','20171221','20180619'),
('2498618','0','0','0','0','0','0','0','20171224','20180617'),
('2498617','0','0','0','0','0','0','0','20171223','20180616'),
('2498616','0','0','0','0','0','0','0','20171221','20180619'),
('2498620','0','0','0','0','0','0','0','20171223','20180616'),
('2440052','0','0','0','0','0','0','0','20171224','20171231');
INSERT INTO calendar_dates (service_id,date,exception_type) VALUES
('2498619','20171221','1'),
('2498619','20171222','1'),
('2498619','20171226','1'),
('2498619','20171227','1'),
('2498619','20171228','1'),
('2498619','20171229','1'),
('2498619','20180102','1'),
('2498619','20180103','1'),
('2498619','20180104','1'),
('2498619','20180105','1'),
('2498619','20180108','1'),
('2498619','20180109','1'),
('2498619','20180110','1'),
('2498619','20180111','1'),
('2498619','20180112','1'),
('2498619','20180115','1'),
('2498619','20180116','1'),
('2498619','20180117','1'),
('2498619','20180118','1'),
('2498619','20180119','1'),
('2498619','20180122','1'),
('2498619','20180123','1'),
('2498619','20180124','1'),
('2498619','20180125','1'),
('2498619','20180126','1'),
('2498619','20180129','1'),
('2498619','20180130','1'),
('2498619','20180131','1'),
('2498619','20180201','1'),
('2498619','20180202','1'),
('2498619','20180205','1'),
('2498619','20180206','1'),
('2498619','20180207','1'),
('2498619','20180208','1'),
('2498619','20180209','1'),
('2498619','20180212','1'),
('2498619','20180213','1'),
('2498619','20180214','1'),
('2498619','20180215','1'),
('2498619','20180216','1'),
('2498619','20180219','1'),
('2498619','20180220','1'),
('2498619','20180221','1'),
('2498619','20180222','1'),
('2498619','20180223','1'),
('2498619','20180226','1'),
('2498619','20180227','1'),
('2498619','20180228','1'),
('2498619','20180301','1'),
('2498619','20180302','1'),
('2498619','20180305','1'),
('2498619','20180306','1'),
('2498619','20180307','1'),
('2498619','20180308','1'),
('2498619','20180309','1'),
('2498619','20180312','1'),
('2498619','20180313','1'),
('2498619','20180314','1'),
('2498619','20180315','1'),
('2498619','20180316','1'),
('2498619','20180319','1'),
('2498619','20180320','1'),
('2498619','20180321','1'),
('2498619','20180322','1'),
('2498619','20180323','1'),
('2498619','20180326','1'),
('2498619','20180327','1'),
('2498619','20180328','1'),
('2498619','20180329','1'),
('2498619','20180330','1'),
('2498619','20180403','1'),
('2498619','20180404','1'),
('2498619','20180405','1'),
('2498619','20180406','1'),
('2498619','20180409','1'),
('2498619','20180410','1'),
('2498619','20180411','1'),
('2498619','20180412','1'),
('2498619','20180413','1'),
('2498619','20180416','1'),
('2498619','20180417','1'),
('2498619','20180418','1'),
('2498619','20180419','1'),
('2498619','20180420','1'),
('2498619','20180423','1'),
('2498619','20180424','1'),
('2498619','20180425','1'),
('2498619','20180426','1'),
('2498619','20180427','1'),
('2498619','20180430','1'),
('2498619','20180502','1'),
('2498619','20180503','1'),
('2498619','20180504','1'),
('2498619','20180507','1'),
('2498619','20180509','1'),
('2498619','20180511','1'),
('2498619','20180514','1'),
('2498619','20180515','1'),
('2498619','20180516','1'),
('2498619','20180517','1'),
('2498619','20180518','1'),
('2498619','20180522','1'),
('2498619','20180523','1'),
('2498619','20180524','1'),
('2498619','20180525','1'),
('2498619','20180528','1'),
('2498619','20180529','1'),
('2498619','20180530','1'),
('2498619','20180531','1'),
('2498619','20180601','1'),
('2498619','20180604','1'),
('2498619','20180605','1'),
('2498619','20180606','1'),
('2498619','20180607','1'),
('2498619','20180608','1'),
('2498619','20180611','1'),
('2498619','20180612','1'),
('2498619','20180613','1'),
('2498619','20180614','1'),
('2498619','20180615','1'),
('2498619','20180618','1'),
('2498619','20180619','1'),
('2498618','20171224','1'),
('2498618','20171225','1'),
('2498618','20171231','1'),
('2498618','20180101','1'),
('2498618','20180107','1'),
('2498618','20180114','1'),
('2498618','20180121','1'),
('2498618','20180128','1'),
('2498618','20180204','1'),
('2498618','20180211','1'),
('2498618','20180218','1'),
('2498618','20180225','1'),
('2498618','20180304','1'),
('2498618','20180311','1'),
('2498618','20180318','1'),
('2498618','20180325','1'),
('2498618','20180401','1'),
('2498618','20180402','1'),
('2498618','20180408','1'),
('2498618','20180415','1'),
('2498618','20180422','1'),
('2498618','20180429','1'),
('2498618','20180501','1'),
('2498618','20180506','1'),
('2498618','20180508','1'),
('2498618','20180510','1'),
('2498618','20180513','1'),
('2498618','20180520','1'),
('2498618','20180521','1'),
('2498618','20180527','1'),
('2498618','20180603','1'),
('2498618','20180610','1'),
('2498618','20180617','1'),
('2498617','20171223','1'),
('2498617','20171230','1'),
('2498617','20180106','1'),
('2498617','20180113','1'),
('2498617','20180120','1'),
('2498617','20180127','1'),
('2498617','20180203','1'),
('2498617','20180210','1'),
('2498617','20180217','1'),
('2498617','20180224','1'),
('2498617','20180303','1'),
('2498617','20180310','1'),
('2498617','20180317','1'),
('2498617','20180324','1'),
('2498617','20180331','1'),
('2498617','20180407','1'),
('2498617','20180414','1'),
('2498617','20180421','1'),
('2498617','20180428','1'),
('2498617','20180505','1'),
('2498617','20180512','1'),
('2498617','20180519','1'),
('2498617','20180526','1'),
('2498617','20180602','1'),
('2498617','20180609','1'),
('2498617','20180616','1'),
('2498616','20171221','1'),
('2498616','20171222','1'),
('2498616','20171226','1'),
('2498616','20171227','1'),
('2498616','20171228','1'),
('2498616','20171229','1'),
('2498616','20180102','1'),
('2498616','20180103','1'),
('2498616','20180104','1'),
('2498616','20180105','1'),
('2498616','20180108','1'),
('2498616','20180109','1'),
('2498616','20180110','1'),
('2498616','20180111','1'),
('2498616','20180112','1'),
('2498616','20180115','1'),
('2498616','20180116','1'),
('2498616','20180117','1'),
('2498616','20180118','1'),
('2498616','20180119','1'),
('2498616','20180122','1'),
('2498616','20180123','1'),
('2498616','20180124','1'),
('2498616','20180125','1'),
('2498616','20180126','1'),
('2498616','20180129','1'),
('2498616','20180130','1'),
('2498616','20180131','1'),
('2498616','20180201','1'),
('2498616','20180202','1'),
('2498616','20180205','1'),
('2498616','20180206','1'),
('2498616','20180207','1'),
('2498616','20180208','1'),
('2498616','20180209','1'),
('2498616','20180212','1'),
('2498616','20180213','1'),
('2498616','20180214','1'),
('2498616','20180215','1'),
('2498616','20180216','1'),
('2498616','20180219','1'),
('2498616','20180220','1'),
('2498616','20180221','1'),
('2498616','20180222','1'),
('2498616','20180223','1'),
('2498616','20180226','1'),
('2498616','20180227','1'),
('2498616','20180228','1'),
('2498616','20180301','1'),
('2498616','20180302','1'),
('2498616','20180305','1'),
('2498616','20180306','1'),
('2498616','20180307','1'),
('2498616','20180308','1'),
('2498616','20180309','1'),
('2498616','20180312','1'),
('2498616','20180313','1'),
('2498616','20180314','1'),
('2498616','20180315','1'),
('2498616','20180316','1'),
('2498616','20180319','1'),
('2498616','20180320','1'),
('2498616','20180321','1'),
('2498616','20180322','1'),
('2498616','20180323','1'),
('2498616','20180326','1'),
('2498616','20180327','1'),
('2498616','20180328','1'),
('2498616','20180329','1'),
('2498616','20180330','1'),
('2498616','20180403','1'),
('2498616','20180404','1'),
('2498616','20180405','1'),
('2498616','20180406','1'),
('2498616','20180409','1'),
('2498616','20180410','1'),
('2498616','20180411','1'),
('2498616','20180412','1'),
('2498616','20180413','1'),
('2498616','20180416','1'),
('2498616','20180417','1'),
('2498616','20180418','1'),
('2498616','20180419','1'),
('2498616','20180420','1'),
('2498616','20180423','1'),
('2498616','20180424','1'),
('2498616','20180425','1'),
('2498616','20180426','1'),
('2498616','20180427','1'),
('2498616','20180430','1'),
('2498616','20180502','1'),
('2498616','20180503','1'),
('2498616','20180504','1'),
('2498616','20180507','1'),
('2498616','20180509','1'),
('2498616','20180511','1'),
('2498616','20180514','1'),
('2498616','20180515','1'),
('2498616','20180516','1'),
('2498616','20180517','1'),
('2498616','20180518','1'),
('2498616','20180522','1'),
('2498616','20180523','1'),
('2498616','20180524','1'),
('2498616','20180525','1'),
('2498616','20180528','1'),
('2498616','20180529','1'),
('2498616','20180530','1'),
('2498616','20180531','1'),
('2498616','20180601','1'),
('2498616','20180604','1'),
('2498616','20180605','1'),
('2498616','20180606','1'),
('2498616','20180607','1'),
('2498616','20180608','1'),
('2498616','20180611','1'),
('2498616','20180612','1'),
('2498616','20180613','1'),
('2498616','20180614','1'),
('2498616','20180615','1'),
('2498616','20180618','1'),
('2498616','20180619','1'),
('2498620','20171223','1'),
('2498620','20171230','1'),
('2498620','20180106','1'),
('2498620','20180113','1'),
('2498620','20180120','1'),
('2498620','20180127','1'),
('2498620','20180203','1'),
('2498620','20180210','1'),
('2498620','20180217','1'),
('2498620','20180224','1'),
('2498620','20180303','1'),
('2498620','20180310','1'),
('2498620','20180317','1'),
('2498620','20180324','1'),
('2498620','20180331','1'),
('2498620','20180407','1'),
('2498620','20180414','1'),
('2498620','20180421','1'),
('2498620','20180428','1'),
('2498620','20180505','1'),
('2498620','20180512','1'),
('2498620','20180519','1'),
('2498620','20180526','1'),
('2498620','20180602','1'),
('2498620','20180609','1'),
('2498620','20180616','1'),
('2440052','20171224','1'),
('2440052','20171225','1'),
('2440052','20171231','1');
INSERT INTO routes (route_id,agency_id,route_short_name,route_long_name,route_desc,route_type,route_url,route_color,route_text_color) VALUES
('1679091','100','168','(SAINT-DENIS - UNIVERSITE) - Retour','','3','','FFFFFF','000000'),
('1788462','100','168','(SAINT-DENIS - UNIVERSITE <-> CHANTEPIE) - Aller','','3','','FFFFFF','000000'),
('1788463','100','168','(SAINT-DENIS - UNIVERSITE <-> CHANTEPIE) - Retour','','3','','FFFFFF','000000');
INSERT INTO agency (agency_id,agency_name,agency_url,agency_timezone,agency_lang,agency_phone) VALUES
('100','RATP (100)','http://www.ratp.fr/','CET','','');
INSERT INTO trips (route_id,service_id,trip_id,trip_headsign,trip_short_name,direction_id,shape_id) VALUES
('1679091','2440052','124400521678298','','1','1',''),
('1679091','2498616','124986161678298','','1','1',''),
('1679091','2498617','124986171678298','','1','1',''),
('1679091','2498616','224986161678298','','2','1',''),
('1679091','2498617','224986171678298','','2','1',''),
('1679091','2498616','324986161678298','','3','1',''),
('1679091','2498617','324986171678298','','3','1',''),
('1788462','2498618','1024986181678300','','10','0',''),
('1788462','2498619','1024986191678300','','10','0',''),
('1788462','2498620','1024986201678300','','10','0',''),
('1788462','2498618','1124986181678300','','11','0',''),
('1788462','2498619','1124986191678300','','11','0',''),
('1788462','2498620','1124986201678300','','11','0',''),
('1788462','2498618','1224986181678300','','12','0',''),
('1788462','2498619','1224986191678300','','12','0',''),
('1788462','2498620','1224986201678300','','12','0',''),
('1788462','2498618','124986181678300','','1','0',''),
('1788462','2498619','124986191678300','','1','0',''),
('1788462','2498620','124986201678300','','1','0',''),
('1788462','2498618','1324986181678300','','13','0',''),
('1788462','2498619','1324986191678300','','13','0',''),
('1788462','2498620','1324986201678300','','13','0',''),
('1788462','2498618','1424986181678300','','14','0',''),
('1788462','2498619','1424986191678300','','14','0',''),
('1788462','2498620','1424986201678300','','14','0',''),
('1788462','2498618','1524986181678300','','15','0',''),
('1788462','2498619','1524986191678300','','15','0',''),
('1788462','2498620','1524986201678300','','15','0',''),
('1788462','2498618','1624986181678300','','16','0',''),
('1788462','2498619','1624986191678300','','16','0',''),
('1788462','2498620','1624986201678300','','16','0',''),
('1788462','2498618','1724986181678300','','17','0',''),
('1788462','2498619','1724986191678300','','17','0',''),
('1788462','2498620','1724986201678300','','17','0',''),
('1788462','2498618','1824986181678300','','18','0',''),
('1788462','2498619','1824986191678300','','18','0',''),
('1788462','2498620','1824986201678300','','18','0',''),
('1788462','2498618','1924986181678300','','19','0',''),
('1788462','2498619','1924986191678300','','19','0',''),
('1788462','2498620','1924986201678300','','19','0',''),
('1788462','2498618','2024986181678300','','20','0',''),
('1788462','2498619','2024986191678300','','20','0',''),
('1788462','2498620','2024986201678300','','20','0',''),
('1788462','2498618','2124986181678300','','21','0',''),
('1788462','2498619','2124986191678300','','21','0',''),
('1788462','2498620','2124986201678300','','21','0',''),
('1788462','2498618','2224986181678300','','22','0',''),
('1788462','2498619','2224986191678300','','22','0',''),
('1788462','2498620','2224986201678300','','22','0',''),
('1788462','2498618','224986181678300','','2','0',''),
('1788462','2498619','224986191678300','','2','0',''),
('1788462','2498620','224986201678300','','2','0',''),
('1788462','2498618','2324986181678300','','23','0',''),
('1788462','2498619','2324986191678300','','23','0',''),
('1788462','2498620','2324986201678300','','23','0',''),
('1788462','2498618','2424986181678300','','24','0',''),
('1788462','2498619','2424986191678300','','24','0',''),
('1788462','2498620','2424986201678300','','24','0',''),
('1788462','2498618','2524986181678300','','25','0',''),
('1788462','2498619','2524986191678300','','25','0',''),
('1788462','2498620','2524986201678300','','25','0',''),
('1788462','2498618','2624986181678300','','26','0',''),
('1788462','2498619','2624986191678300','','26','0',''),
('1788462','2498620','2624986201678300','','26','0',''),
('1788462','2498618','2724986181678300','','27','0',''),
('1788462','2498619','2724986191678300','','27','0',''),
('1788462','2498620','2724986201678300','','27','0',''),
('1788462','2498618','2824986181678300','','28','0',''),
('1788462','2498619','2824986191678300','','28','0',''),
('1788462','2498620','2824986201678300','','28','0',''),
('1788462','2498618','2924986181678300','','29','0',''),
('1788462','2498619','2924986191678300','','29','0',''),
('1788462','2498620','2924986201678300','','29','0',''),
('1788462','2498618','3024986181678300','','30','0',''),
('1788462','2498619','3024986191678300','','30','0',''),
('1788462','2498620','3024986201678300','','30','0',''),
('1788462','2498618','3124986181678300','','31','0',''),
('1788462','2498619','3124986191678300','','31','0',''),
('1788462','2498620','3124986201678300','','31','0',''),
('1788462','2498618','3224986181678300','','32','0',''),
('1788462','2498619','3224986191678300','','32','0',''),
('1788462','2498620','3224986201678300','','32','0',''),
('1788462','2498618','324986181678300','','3','0',''),
('1788462','2498619','324986191678300','','3','0',''),
('1788462','2498620','324986201678300','','3','0',''),
('1788462','2498618','3324986181678300','','33','0',''),
('1788462','2498619','3324986191678300','','33','0',''),
('1788462','2498620','3324986201678300','','33','0',''),
('1788462','2498618','3424986181678300','','34','0',''),
('1788462','2498619','3424986191678300','','34','0',''),
('1788462','2498620','3424986201678300','','34','0',''),
('1788462','2498618','3524986181678300','','35','0',''),
('1788462','2498619','3524986191678300','','35','0',''),
('1788462','2498620','3524986201678300','','35','0',''),
('1788462','2498618','3624986181678300','','36','0',''),
('1788462','2498619','3624986191678300','','36','0',''),
('1788462','2498620','3624986201678300','','36','0',''),
('1788462','2498618','3724986181678300','','37','0',''),
('1788462','2498619','3724986191678300','','37','0',''),
('1788462','2498620','3724986201678300','','37','0',''),
('1788462','2498618','3824986181678300','','38','0',''),
('1788462','2498619','3824986191678300','','38','0',''),
('1788462','2498620','3824986201678300','','38','0',''),
('1788462','2498618','3924986181678300','','39','0',''),
('1788462','2498619','3924986191678300','','39','0',''),
('1788462','2498620','3924986201678300','','39','0',''),
('1788462','2498618','4024986181678300','','40','0',''),
('1788462','2498619','4024986191678300','','40','0',''),
('1788462','2498620','4024986201678300','','40','0',''),
('1788462','2498618','4124986181678300','','41','0',''),
('1788462','2498619','4124986191678300','','41','0',''),
('1788462','2498620','4124986201678300','','41','0',''),
('1788462','2498618','4224986181678300','','42','0',''),
('1788462','2498619','4224986191678300','','42','0',''),
('1788462','2498620','4224986201678300','','42','0',''),
('1788462','2498618','424986181678300','','4','0',''),
('1788462','2498619','424986191678300','','4','0',''),
('1788462','2498620','424986201678300','','4','0',''),
('1788462','2498618','4324986181678300','','43','0',''),
('1788462','2498619','4324986191678300','','43','0',''),
('1788462','2498620','4324986201678300','','43','0',''),
('1788462','2498618','4424986181678300','','44','0',''),
('1788462','2498619','4424986191678300','','44','0',''),
('1788462','2498620','4424986201678300','','44','0',''),
('1788462','2498618','4524986181678300','','45','0',''),
('1788462','2498619','4524986191678300','','45','0',''),
('1788462','2498620','4524986201678300','','45','0',''),
('1788462','2498618','4624986181678300','','46','0',''),
('1788462','2498619','4624986191678300','','46','0',''),
('1788462','2498620','4624986201678300','','46','0',''),
('1788462','2498618','4724986181678300','','47','0',''),
('1788462','2498619','4724986191678300','','47','0',''),
('1788462','2498620','4724986201678300','','47','0',''),
('1788462','2498618','4824986181678300','','48','0',''),
('1788462','2498619','4824986191678300','','48','0',''),
('1788462','2498620','4824986201678300','','48','0',''),
('1788462','2498618','4924986181678300','','49','0',''),
('1788462','2498619','4924986191678300','','49','0',''),
('1788462','2498620','4924986201678300','','49','0',''),
('1788462','2498619','5024986191678300','','50','0',''),
('1788462','2498620','5024986201678300','','50','0',''),
('1788462','2498619','5124986191678300','','51','0',''),
('1788462','2498620','5124986201678300','','51','0',''),
('1788462','2498619','5224986191678300','','52','0',''),
('1788462','2498620','5224986201678300','','52','0',''),
('1788462','2498618','524986181678300','','5','0',''),
('1788462','2498619','524986191678300','','5','0',''),
('1788462','2498620','524986201678300','','5','0',''),
('1788462','2498619','5324986191678300','','53','0',''),
('1788462','2498620','5324986201678300','','53','0',''),
('1788462','2498619','5424986191678300','','54','0',''),
('1788462','2498620','5424986201678300','','54','0',''),
('1788462','2498618','624986181678300','','6','0',''),
('1788462','2498619','624986191678300','','6','0',''),
('1788462','2498620','624986201678300','','6','0',''),
('1788462','2498618','724986181678300','','7','0',''),
('1788462','2498619','724986191678300','','7','0',''),
('1788462','2498620','724986201678300','','7','0',''),
('1788462','2498618','824986181678300','','8','0',''),
('1788462','2498619','824986191678300','','8','0',''),
('1788462','2498620','824986201678300','','8','0',''),
('1788462','2498618','924986181678300','','9','0',''),
('1788462','2498619','924986191678300','','9','0',''),
('1788462','2498620','924986201678300','','9','0',''),
('1788463','2498618','1024986181678299','','10','1',''),
('1788463','2498619','1024986191678299','','10','1',''),
('1788463','2498620','1024986201678299','','10','1',''),
('1788463','2498618','1124986181678299','','11','1',''),
('1788463','2498619','1124986191678299','','11','1',''),
('1788463','2498620','1124986201678299','','11','1',''),
('1788463','2498618','1224986181678299','','12','1',''),
('1788463','2498619','1224986191678299','','12','1',''),
('1788463','2498620','1224986201678299','','12','1',''),
('1788463','2498618','124986181678299','','1','1',''),
('1788463','2498619','124986191678299','','1','1',''),
('1788463','2498620','124986201678299','','1','1',''),
('1788463','2498618','1324986181678299','','13','1',''),
('1788463','2498619','1324986191678299','','13','1',''),
('1788463','2498620','1324986201678299','','13','1',''),
('1788463','2498618','1424986181678299','','14','1',''),
('1788463','2498619','1424986191678299','','14','1',''),
('1788463','2498620','1424986201678299','','14','1',''),
('1788463','2498618','1524986181678299','','15','1',''),
('1788463','2498619','1524986191678299','','15','1',''),
('1788463','2498620','1524986201678299','','15','1',''),
('1788463','2498618','1624986181678299','','16','1',''),
('1788463','2498619','1624986191678299','','16','1',''),
('1788463','2498620','1624986201678299','','16','1',''),
('1788463','2498618','1724986181678299','','17','1',''),
('1788463','2498619','1724986191678299','','17','1',''),
('1788463','2498620','1724986201678299','','17','1',''),
('1788463','2498618','1824986181678299','','18','1',''),
('1788463','2498619','1824986191678299','','18','1',''),
('1788463','2498620','1824986201678299','','18','1',''),
('1788463','2498618','1924986181678299','','19','1',''),
('1788463','2498619','1924986191678299','','19','1',''),
('1788463','2498620','1924986201678299','','19','1',''),
('1788463','2498618','2024986181678299','','20','1',''),
('1788463','2498619','2024986191678299','','20','1',''),
('1788463','2498620','2024986201678299','','20','1',''),
('1788463','2498618','2124986181678299','','21','1',''),
('1788463','2498619','2124986191678299','','21','1',''),
('1788463','2498620','2124986201678299','','21','1',''),
('1788463','2498618','2224986181678299','','22','1',''),
('1788463','2498619','2224986191678299','','22','1',''),
('1788463','2498620','2224986201678299','','22','1',''),
('1788463','2498618','224986181678299','','2','1',''),
('1788463','2498619','224986191678299','','2','1',''),
('1788463','2498620','224986201678299','','2','1',''),
('1788463','2498618','2324986181678299','','23','1',''),
('1788463','2498619','2324986191678299','','23','1',''),
('1788463','2498620','2324986201678299','','23','1',''),
('1788463','2498618','2424986181678299','','24','1',''),
('1788463','2498619','2424986191678299','','24','1',''),
('1788463','2498620','2424986201678299','','24','1',''),
('1788463','2498618','2524986181678299','','25','1',''),
('1788463','2498619','2524986191678299','','25','1',''),
('1788463','2498620','2524986201678299','','25','1',''),
('1788463','2498618','2624986181678299','','26','1',''),
('1788463','2498619','2624986191678299','','26','1',''),
('1788463','2498620','2624986201678299','','26','1',''),
('1788463','2498618','2724986181678299','','27','1',''),
('1788463','2498619','2724986191678299','','27','1',''),
('1788463','2498620','2724986201678299','','27','1',''),
('1788463','2498618','2824986181678299','','28','1',''),
('1788463','2498619','2824986191678299','','28','1',''),
('1788463','2498620','2824986201678299','','28','1',''),
('1788463','2498618','2924986181678299','','29','1',''),
('1788463','2498619','2924986191678299','','29','1',''),
('1788463','2498620','2924986201678299','','29','1',''),
('1788463','2498618','3024986181678299','','30','1',''),
('1788463','2498619','3024986191678299','','30','1',''),
('1788463','2498620','3024986201678299','','30','1',''),
('1788463','2498618','3124986181678299','','31','1',''),
('1788463','2498619','3124986191678299','','31','1',''),
('1788463','2498620','3124986201678299','','31','1',''),
('1788463','2498618','3224986181678299','','32','1',''),
('1788463','2498619','3224986191678299','','32','1',''),
('1788463','2498620','3224986201678299','','32','1',''),
('1788463','2498618','324986181678299','','3','1',''),
('1788463','2498619','324986191678299','','3','1',''),
('1788463','2498620','324986201678299','','3','1',''),
('1788463','2498618','3324986181678299','','33','1',''),
('1788463','2498619','3324986191678299','','33','1',''),
('1788463','2498620','3324986201678299','','33','1',''),
('1788463','2498618','3424986181678299','','34','1',''),
('1788463','2498619','3424986191678299','','34','1',''),
('1788463','2498620','3424986201678299','','34','1',''),
('1788463','2498618','3524986181678299','','35','1',''),
('1788463','2498619','3524986191678299','','35','1',''),
('1788463','2498620','3524986201678299','','35','1',''),
('1788463','2498618','3624986181678299','','36','1',''),
('1788463','2498619','3624986191678299','','36','1',''),
('1788463','2498620','3624986201678299','','36','1',''),
('1788463','2498618','3724986181678299','','37','1',''),
('1788463','2498619','3724986191678299','','37','1',''),
('1788463','2498620','3724986201678299','','37','1',''),
('1788463','2498618','3824986181678299','','38','1',''),
('1788463','2498619','3824986191678299','','38','1',''),
('1788463','2498620','3824986201678299','','38','1',''),
('1788463','2498618','3924986181678299','','39','1',''),
('1788463','2498619','3924986191678299','','39','1',''),
('1788463','2498620','3924986201678299','','39','1',''),
('1788463','2498618','4024986181678299','','40','1',''),
('1788463','2498619','4024986191678299','','40','1',''),
('1788463','2498620','4024986201678299','','40','1',''),
('1788463','2498618','4124986181678299','','41','1',''),
('1788463','2498619','4124986191678299','','41','1',''),
('1788463','2498620','4124986201678299','','41','1',''),
('1788463','2498618','4224986181678299','','42','1',''),
('1788463','2498619','4224986191678299','','42','1',''),
('1788463','2498620','4224986201678299','','42','1',''),
('1788463','2498618','424986181678299','','4','1',''),
('1788463','2498619','424986191678299','','4','1',''),
('1788463','2498620','424986201678299','','4','1',''),
('1788463','2498618','4324986181678299','','43','1',''),
('1788463','2498619','4324986191678299','','43','1',''),
('1788463','2498620','4324986201678299','','43','1',''),
('1788463','2498618','4424986181678299','','44','1',''),
('1788463','2498619','4424986191678299','','44','1',''),
('1788463','2498620','4424986201678299','','44','1',''),
('1788463','2498618','4524986181678299','','45','1',''),
('1788463','2498619','4524986191678299','','45','1',''),
('1788463','2498620','4524986201678299','','45','1',''),
('1788463','2498618','4624986181678299','','46','1',''),
('1788463','2498619','4624986191678299','','46','1',''),
('1788463','2498620','4624986201678299','','46','1',''),
('1788463','2498618','4724986181678299','','47','1',''),
('1788463','2498619','4724986191678299','','47','1',''),
('1788463','2498620','4724986201678299','','47','1',''),
('1788463','2498618','4824986181678299','','48','1',''),
('1788463','2498619','4824986191678299','','48','1',''),
('1788463','2498620','4824986201678299','','48','1',''),
('1788463','2498618','4924986181678299','','49','1',''),
('1788463','2498619','4924986191678299','','49','1',''),
('1788463','2498620','4924986201678299','','49','1',''),
('1788463','2498619','5024986191678299','','50','1',''),
('1788463','2498620','5024986201678299','','50','1',''),
('1788463','2498619','5124986191678299','','51','1',''),
('1788463','2498620','5124986201678299','','51','1',''),
('1788463','2498619','5224986191678299','','52','1',''),
('1788463','2498620','5224986201678299','','52','1',''),
('1788463','2498618','524986181678299','','5','1',''),
('1788463','2498619','524986191678299','','5','1',''),
('1788463','2498620','524986201678299','','5','1',''),
('1788463','2498619','5324986191678299','','53','1',''),
('1788463','2498620','5324986201678299','','53','1',''),
('1788463','2498618','624986181678299','','6','1',''),
('1788463','2498619','624986191678299','','6','1',''),
('1788463','2498620','624986201678299','','6','1',''),
('1788463','2498618','724986181678299','','7','1',''),
('1788463','2498619','724986191678299','','7','1',''),
('1788463','2498620','724986201678299','','7','1',''),
('1788463','2498618','824986181678299','','8','1',''),
('1788463','2498619','824986191678299','','8','1',''),
('1788463','2498620','824986201678299','','8','1',''),
('1788463','2498618','924986181678299','','9','1',''),
('1788463','2498619','924986191678299','','9','1',''),
('1788463','2498620','924986201678299','','9','1','');
INSERT INTO transfers (from_stop_id,to_stop_id,transfer_type,min_transfer_time) VALUES
('4146223','6741276','2','32'),
('4146223','6741275','2','14'),
('6741257','5726259','2','67'),
('4146234','6741265','2','90'),
('6741289','4211816','2','25'),
('4146234','6741264','2','85'),
('6783395','6741283','2','7'),
('6741288','4211753','2','23'),
('4146231','6741288','2','43'),
('4146227','6741286','2','6'),
('6783397','6741268','2','30'),
('6741293','140079','2','211'),
('6741293','140078','2','211'),
('6741607','6741265','2','25'),
('6741258','140079','2','211'),
('6741258','140078','2','211'),
('6741257','5726260','2','54'),
('4146238','6741260','2','16'),
('4146238','6741261','2','25'),
('6783398','6741287','2','44'),
('6741292','6741227','2','116'),
('6741271','6742157','2','111'),
('6741286','4211817','2','23'),
('6741271','6742156','2','119'),
('6741283','4211749','2','7'),
('6741609','6741287','2','44'),
('6741257','4179733','2','11'),
('6741257','4179732','2','16'),
('6783395','6741270','2','137'),
('6741293','5726302','2','36'),
('6741257','6741644','2','88'),
('6741257','6741645','2','30'),
('6741426','6741258','2','30'),
('6741426','6741257','2','0'),
('6748619','6741257','2','30'),
('4146236','6741263','2','90'),
('4146236','6741262','2','88'),
('6741291','6741647','2','31'),
('6741261','6741647','2','31'),
('4146237','6741291','2','9'),
('6741606','6741290','2','23'),
('4146238','6741291','2','25'),
('6741258','5726302','2','36'),
('6741447','6741281','2','22'),
('6741293','6741644','2','56'),
('4146234','6741289','2','90'),
('6741426','6741293','2','30'),
('6741270','4211749','2','137'),
('6741447','6741280','2','22'),
('6741605','6741261','2','31'),
('6748620','6741293','2','42'),
('4146231','6741267','2','43'),
('4146231','6741266','2','51'),
('6741268','4211751','2','67'),
('6741268','4211750','2','30'),
('6741293','5726260','2','22'),
('6741607','6741289','2','25'),
('6741427','6741257','2','30'),
('6741446','6741277','2','43'),
('6741272','6742157','2','86'),
('6741272','6742156','2','93'),
('4146239','6741292','2','77'),
('6741610','6741283','2','27'),
('6741610','6741286','2','23'),
('4230053','6741279','2','79'),
('6741612','6741276','2','104'),
('6741612','6741275','2','79'),
('6741612','6741284','2','32'),
('6741293','5726259','2','36'),
('6741264','4211754','2','25'),
('4146232','6741288','2','84'),
('6783396','6741286','2','23'),
('6741614','6741281','2','22'),
('6783396','6741283','2','27'),
('6741614','6741280','2','22'),
('6741257','5726302','2','67'),
('6741257','6741226','2','88'),
('6741258','6741644','2','56'),
('6741257','6741225','2','40'),
('6741265','4211816','2','25'),
('4146230','6741287','2','32'),
('4146224','6741275','2','46'),
('6741262','4211755','2','23'),
('4146235','6741262','2','35'),
('4146224','6741276','2','47'),
('4146225','6741285','2','10'),
('6741611','6741285','2','28'),
('4146235','6741263','2','23'),
('6741258','4179732','2','27'),
('6741258','4179733','2','19'),
('6741293','4179732','2','27'),
('6741293','4179733','2','19'),
('4146228','6741286','2','91'),
('4146237','6741260','2','25'),
('6741266','4211752','2','23'),
('4146226','6741285','2','31'),
('6741613','6741278','2','43'),
('6741290','4211756','2','23'),
('4146240','6741292','2','88'),
('6741282','6742159','2','9'),
('6741257','5726329','2','67'),
('6741429','6741259','2','48'),
('6741261','4211758','2','31'),
('6741287','4211751','2','44'),
('4146229','6741269','2','14'),
('4146224','6741284','2','74'),
('4146228','6741282','2','118'),
('6741258','5726259','2','36'),
('4146229','6741268','2','33'),
('4146228','6741283','2','84'),
('6741606','6741263','2','23'),
('6741260','6741648','2','31'),
('6741258','5726329','2','36'),
('4146232','6741267','2','84'),
('6741258','5726260','2','22'),
('4146232','6741266','2','84'),
('6741263','4211756','2','23'),
('6741608','6741288','2','23'),
('6741605','6741291','2','31'),
('6748620','6741257','2','73'),
('4146230','6741269','2','32'),
('6741267','4211753','2','23'),
('4146230','6741268','2','60'),
('6741260','4211757','2','31'),
('6741291','4211758','2','31'),
('6741258','6741225','2','39'),
('6741293','6741226','2','56'),
('4146235','6741290','2','23'),
('6741258','6741226','2','56'),
('6741293','6741225','2','39'),
('6741269','4211751','2','44'),
('4146227','6741270','2','137'),
('6748620','6741258','2','42'),
('6741257','140078','2','224'),
('6741609','6741269','2','44'),
('6741257','140079','2','224'),
('6741609','6741268','2','67'),
('6741445','6741278','2','43'),
('6783398','6741268','2','67'),
('6783398','6741269','2','44'),
('6741293','5726329','2','36'),
('4146229','6741287','2','14'),
('6741292','4211760','2','88'),
('4146225','6741273','2','123'),
('4146225','6741274','2','126'),
('4146237','6741261','2','9'),
('4146223','6741284','2','53'),
('6741292','4211815','2','136'),
('6741259','4179735','2','48'),
('4146227','6741283','2','1'),
('4146236','6741290','2','90'),
('6741608','6741267','2','23'),
('6741283','4211817','2','27');
INSERT INTO stops (stop_id,stop_code,stop_name,stop_desc,stop_lat,stop_lon,location_type,parent_station) VALUES
('6741280','','CHANTEPIE','AVENUE DE LA DIVISION LECLERC - 95585','48.98595519204518','2.3715266193759192','0',''),
('6741281','','CHANTEPIE','AVENUE DE LA DIVISION LECLERC - 95585','48.98595519204518','2.3715266193759192','0',''),
('6741288','','SUZANNE VALADON','68 AVENUE LENINE - 93059','48.95849526144328','2.358489280339655','0',''),
('6741262','','PETIT PIERREFITTE','AVENUE ELISEE RECLUS - 93059','48.9525461304963','2.3581320608734195','0',''),
('6741263','','PETIT PIERREFITTE','AVENUE ELISEE RECLUS - 93059','48.952555178753656','2.357777285486661','0',''),
('6741289','','JONCHEROLLES','100 AVENUE LENINE - 93059','48.956572154957065','2.358242856050618','0',''),
('6741260','','GUYNEMER','28 AVENUE ROGER SEMAT - 93066','48.94830448312007','2.3575982253927537','0',''),
('6741286','','ALCIDE D''ORBIGNY','33 BOULEVARD JEAN MERMOZ - 93059','48.96535124369496','2.362736845979033','0',''),
('6741261','','GUYNEMER','11 AVENUE ROGER SEMAT - 93066','48.94811582811757','2.3572024701112992','0',''),
('6741287','','MAIRIE DE PIERREFITTE','BOULEVARD JEAN MERMOZ - 93059','48.963608376113065','2.3600745767108173','0',''),
('6741284','','BUTTE PINSON','FACE 156 BOULEVARD JEAN MERMOZ - 93059','48.97307898254842','2.3659622311662445','0',''),
('6741266','','SUZANNE VALADON','85 AVENUE LENINE - 93059','48.95845026441542','2.358844081323728','0',''),
('6741267','','SUZANNE VALADON','68 AVENUE LENINE - 93059','48.95849526144328','2.358489280339655','0',''),
('6741285','','JACQUES PREVERT','FACE 128 BOULEVARD JEAN MERMOZ - 93059','48.97075150610551','2.365769837853891','0',''),
('6741282','','ALCIDE D''ORBIGNY - DE GAULLLE','28 BOULEVARD CHARLES DE GAULLE - 93059','48.96707639928466','2.363993419751417','0',''),
('6741264','','JONCHEROLLES','125 AVENUE LENINE - 93059','48.95653614039444','2.35862494056431','0',''),
('6741265','','JONCHEROLLES','100 AVENUE LENINE - 93059','48.956572154957065','2.358242856050618','0',''),
('6741283','','ALCIDE D''ORBIGNY.','33 BOULEVARD JEAN MERMOZ - 93059','48.965423125005614','2.3627914763367883','0',''),
('6741259','','TOUSSAINT LOUVERTURE','RUE TOUSSAINT LOUVERTURE - 93059','48.94948912219902','2.365512523883428','0',''),
('6741269','','MAIRIE DE PIERREFITTE','BOULEVARD JEAN MERMOZ - 93059','48.963608376113065','2.3600745767108173','0',''),
('6741257','','SAINT-DENIS - UNIVERSITE','PISTE GARE ROUTIERE - 93066','48.9459397330866','2.3638597103931285','0',''),
('6741258','','SAINT-DENIS - UNIVERSITE','PISTE GARE ROUTIERE - 93066','48.94601152290942','2.3643236304736726','0',''),
('6741268','','MAIRIE DE PIERREFITTE','FACE 13 RUE DE PARIS - 93059','48.963860053760015','2.3598017211212228','0',''),
('6741290','','PETIT PIERREFITTE','AVENUE ELISEE RECLUS - 93059','48.952555178753656','2.357777285486661','0',''),
('6741291','','GUYNEMER','11 AVENUE ROGER SEMAT - 93066','48.94811582811757','2.3572024701112992','0',''),
('6741292','','ROGER SEMAT','4 AVENUE DE STALINGRAD - 93066','48.944134615991395','2.357637516236243','0',''),
('6741270','','EGLISE DE PIERREFITTE','FACE 57 RUE DE PARIS - 93059','48.966259219693335','2.3611540135820244','0',''),
('6741271','','GENERAL GALLIENI - REPUBLIQUE','10 AVENUE GENERAL GALLIENI - 93059','48.96837977221802','2.3625472440463837','0',''),
('6741272','','GENERAL GALLIENI - REPUBLIQUE','5 AVENUE GENERAL GALLIENI - 93059','48.968164162767614','2.362219551535167','0',''),
('6741273','','CIMETIERE DE PIERREFITTE','FACE 41 AVENUE GENERAL GALLIENI - 93059','48.97059915097944','2.3639679398886355','0',''),
('6741274','','CIMETIERE DE PIERREFITTE','49 AVENUE GENERAL GALLIENI - 93059','48.970823833817434','2.363886154889425','0',''),
('6741293','','SAINT-DENIS - UNIVERSITE','PISTE GARE ROUTIERE - 93066','48.94601152290942','2.3643236304736726','0',''),
('6741275','','BUTTE PINSON','FACE 7 AVENUE DU GENERAL GALLIENI - 93059','48.97359129488249','2.3656348939157374','0',''),
('6741276','','BUTTE PINSON','AVENUE GENERAL GALLIENI - 93059','48.973869897638224','2.3655531409148822','0',''),
('6741277','','LES POIRIERS','100 AVENUE DE LA DIVISION LECLERC - 95585','48.97841638012668','2.3683952787819673','0',''),
('6741278','','LES POIRIERS','AVENUE DE LA DIVISION LECLERC - 95585','48.978695092965296','2.3678903135745752','0',''),
('6741279','','MY PLACE','VOIE MY PLACE - 95585','48.985972127953985','2.3749674797322142','0','');
