INSERT INTO stop_times (trip_id,arrival_time,departure_time,stop_id,stop_sequence,stop_headsign,shape_dist_traveled) VALUES
('1025394001707388','18:42:00','18:42:00','4274273','1','',''),
('1025394001707388','18:43:00','18:43:00','4274275','2','',''),
('1025394001707388','18:44:00','18:44:00','4274277','3','',''),
('1025394001707388','18:44:00','18:44:00','4274279','4','',''),
('1025394001707388','18:45:00','18:45:00','4274281','5','',''),
('1025394001707388','18:46:00','18:46:00','4274283','6','',''),
('1025394001707388','18:51:00','18:51:00','4274285','7','',''),
('1025394001707388','18:52:00','18:52:00','4274286','8','',''),
('1025394001707388','18:53:00','18:53:00','4274287','9','',''),
('1025394001707388','18:53:00','18:53:00','4274288','10','',''),
('1025394001707388','18:55:00','18:55:00','4274289','11','',''),
('1025394001707388','18:56:00','18:56:00','4274291','12','',''),
('1025394001707388','18:56:00','18:56:00','4274292','13','',''),
('1025394001707388','18:58:00','18:58:00','4274293','14','',''),
('1025394001707388','18:59:00','18:59:00','4274295','15','',''),
('1025394001707388','19:00:00','19:00:00','4274297','16','',''),
('1025394001707388','19:02:00','19:02:00','4274299','17','',''),
('1025394001707388','19:04:00','19:04:00','4274301','18','',''),
('1025394001707388','19:06:00','19:06:00','4274303','19','',''),
('1025394001707388','19:07:00','19:07:00','4274305','20','',''),
('1025394001707388','19:09:00','19:09:00','4274307','21','',''),
('1025394001707388','19:10:00','19:10:00','4274308','22','',''),
('1025394001707388','19:11:00','19:11:00','4274309','23','',''),
('1025394001707388','19:12:00','19:12:00','4274310','24','',''),
('125394001707388','07:00:00','07:00:00','4274273','1','',''),
('125394001707388','07:01:00','07:01:00','4274275','2','',''),
('125394001707388','07:02:00','07:02:00','4274277','3','',''),
('125394001707388','07:02:00','07:02:00','4274279','4','',''),
('125394001707388','07:03:00','07:03:00','4274281','5','',''),
('125394001707388','07:04:00','07:04:00','4274283','6','',''),
('125394001707388','07:09:00','07:09:00','4274285','7','',''),
('125394001707388','07:10:00','07:10:00','4274286','8','',''),
('125394001707388','07:11:00','07:11:00','4274287','9','',''),
('125394001707388','07:11:00','07:11:00','4274288','10','',''),
('125394001707388','07:13:00','07:13:00','4274289','11','',''),
('125394001707388','07:15:00','07:15:00','4274291','12','',''),
('125394001707388','07:15:00','07:15:00','4274292','13','',''),
('125394001707388','07:17:00','07:17:00','4274293','14','',''),
('125394001707388','07:18:00','07:18:00','4274295','15','',''),
('125394001707388','07:19:00','07:19:00','4274297','16','',''),
('125394001707388','07:21:00','07:21:00','4274299','17','',''),
('125394001707388','07:23:00','07:23:00','4274301','18','',''),
('125394001707388','07:25:00','07:25:00','4274303','19','',''),
('125394001707388','07:26:00','07:26:00','4274305','20','',''),
('125394001707388','07:28:00','07:28:00','4274307','21','',''),
('125394001707388','07:29:00','07:29:00','4274308','22','',''),
('125394001707388','07:31:00','07:31:00','4274309','23','',''),
('125394001707388','07:32:00','07:32:00','4274310','24','',''),
('225394001707388','07:32:00','07:32:00','4274273','1','',''),
('225394001707388','07:33:00','07:33:00','4274275','2','',''),
('225394001707388','07:34:00','07:34:00','4274277','3','',''),
('225394001707388','07:34:00','07:34:00','4274279','4','',''),
('225394001707388','07:35:00','07:35:00','4274281','5','',''),
('225394001707388','07:36:00','07:36:00','4274283','6','',''),
('225394001707388','07:41:00','07:41:00','4274285','7','',''),
('225394001707388','07:42:00','07:42:00','4274286','8','',''),
('225394001707388','07:43:00','07:43:00','4274287','9','',''),
('225394001707388','07:43:00','07:43:00','4274288','10','',''),
('225394001707388','07:45:00','07:45:00','4274289','11','',''),
('225394001707388','07:47:00','07:47:00','4274291','12','',''),
('225394001707388','07:47:00','07:47:00','4274292','13','',''),
('225394001707388','07:49:00','07:49:00','4274293','14','',''),
('225394001707388','07:50:00','07:50:00','4274295','15','',''),
('225394001707388','07:51:00','07:51:00','4274297','16','',''),
('225394001707388','07:53:00','07:53:00','4274299','17','',''),
('225394001707388','07:55:00','07:55:00','4274301','18','',''),
('225394001707388','07:57:00','07:57:00','4274303','19','',''),
('225394001707388','07:58:00','07:58:00','4274305','20','',''),
('225394001707388','08:00:00','08:00:00','4274307','21','',''),
('225394001707388','08:01:00','08:01:00','4274308','22','',''),
('225394001707388','08:03:00','08:03:00','4274309','23','',''),
('225394001707388','08:04:00','08:04:00','4274310','24','',''),
('325394001707388','08:06:00','08:06:00','4274273','1','',''),
('325394001707388','08:07:00','08:07:00','4274275','2','',''),
('325394001707388','08:08:00','08:08:00','4274277','3','',''),
('325394001707388','08:08:00','08:08:00','4274279','4','',''),
('325394001707388','08:09:00','08:09:00','4274281','5','',''),
('325394001707388','08:10:00','08:10:00','4274283','6','',''),
('325394001707388','08:15:00','08:15:00','4274285','7','',''),
('325394001707388','08:16:00','08:16:00','4274286','8','',''),
('325394001707388','08:17:00','08:17:00','4274287','9','',''),
('325394001707388','08:17:00','08:17:00','4274288','10','',''),
('325394001707388','08:19:00','08:19:00','4274289','11','',''),
('325394001707388','08:21:00','08:21:00','4274291','12','',''),
('325394001707388','08:21:00','08:21:00','4274292','13','',''),
('325394001707388','08:23:00','08:23:00','4274293','14','',''),
('325394001707388','08:24:00','08:24:00','4274295','15','',''),
('325394001707388','08:25:00','08:25:00','4274297','16','',''),
('325394001707388','08:27:00','08:27:00','4274299','17','',''),
('325394001707388','08:29:00','08:29:00','4274301','18','',''),
('325394001707388','08:31:00','08:31:00','4274303','19','',''),
('325394001707388','08:32:00','08:32:00','4274305','20','',''),
('325394001707388','08:34:00','08:34:00','4274307','21','',''),
('325394001707388','08:35:00','08:35:00','4274308','22','',''),
('325394001707388','08:37:00','08:37:00','4274309','23','',''),
('325394001707388','08:38:00','08:38:00','4274310','24','',''),
('425394001707388','08:40:00','08:40:00','4274273','1','',''),
('425394001707388','08:41:00','08:41:00','4274275','2','',''),
('425394001707388','08:42:00','08:42:00','4274277','3','',''),
('425394001707388','08:42:00','08:42:00','4274279','4','',''),
('425394001707388','08:43:00','08:43:00','4274281','5','',''),
('425394001707388','08:44:00','08:44:00','4274283','6','',''),
('425394001707388','08:49:00','08:49:00','4274285','7','',''),
('425394001707388','08:50:00','08:50:00','4274286','8','',''),
('425394001707388','08:51:00','08:51:00','4274287','9','',''),
('425394001707388','08:51:00','08:51:00','4274288','10','',''),
('425394001707388','08:53:00','08:53:00','4274289','11','',''),
('425394001707388','08:55:00','08:55:00','4274291','12','',''),
('425394001707388','08:55:00','08:55:00','4274292','13','',''),
('425394001707388','08:57:00','08:57:00','4274293','14','',''),
('425394001707388','08:58:00','08:58:00','4274295','15','',''),
('425394001707388','08:59:00','08:59:00','4274297','16','',''),
('425394001707388','09:01:00','09:01:00','4274299','17','',''),
('425394001707388','09:03:00','09:03:00','4274301','18','',''),
('425394001707388','09:05:00','09:05:00','4274303','19','',''),
('425394001707388','09:06:00','09:06:00','4274305','20','',''),
('425394001707388','09:08:00','09:08:00','4274307','21','',''),
('425394001707388','09:09:00','09:09:00','4274308','22','',''),
('425394001707388','09:11:00','09:11:00','4274309','23','',''),
('425394001707388','09:12:00','09:12:00','4274310','24','',''),
('525394001707388','09:15:00','09:15:00','4274273','1','',''),
('525394001707388','09:16:00','09:16:00','4274275','2','',''),
('525394001707388','09:17:00','09:17:00','4274277','3','',''),
('525394001707388','09:17:00','09:17:00','4274279','4','',''),
('525394001707388','09:18:00','09:18:00','4274281','5','',''),
('525394001707388','09:19:00','09:19:00','4274283','6','',''),
('525394001707388','09:24:00','09:24:00','4274285','7','',''),
('525394001707388','09:25:00','09:25:00','4274286','8','',''),
('525394001707388','09:26:00','09:26:00','4274287','9','',''),
('525394001707388','09:26:00','09:26:00','4274288','10','',''),
('525394001707388','09:28:00','09:28:00','4274289','11','',''),
('525394001707388','09:30:00','09:30:00','4274291','12','',''),
('525394001707388','09:30:00','09:30:00','4274292','13','',''),
('525394001707388','09:32:00','09:32:00','4274293','14','',''),
('525394001707388','09:33:00','09:33:00','4274295','15','',''),
('525394001707388','09:34:00','09:34:00','4274297','16','',''),
('525394001707388','09:36:00','09:36:00','4274299','17','',''),
('525394001707388','09:38:00','09:38:00','4274301','18','',''),
('525394001707388','09:40:00','09:40:00','4274303','19','',''),
('525394001707388','09:41:00','09:41:00','4274305','20','',''),
('525394001707388','09:43:00','09:43:00','4274307','21','',''),
('525394001707388','09:44:00','09:44:00','4274308','22','',''),
('525394001707388','09:45:00','09:45:00','4274309','23','',''),
('525394001707388','09:46:00','09:46:00','4274310','24','',''),
('625394001707388','16:30:00','16:30:00','4274273','1','',''),
('625394001707388','16:31:00','16:31:00','4274275','2','',''),
('625394001707388','16:32:00','16:32:00','4274277','3','',''),
('625394001707388','16:32:00','16:32:00','4274279','4','',''),
('625394001707388','16:33:00','16:33:00','4274281','5','',''),
('625394001707388','16:34:00','16:34:00','4274283','6','',''),
('625394001707388','16:39:00','16:39:00','4274285','7','',''),
('625394001707388','16:40:00','16:40:00','4274286','8','',''),
('625394001707388','16:41:00','16:41:00','4274287','9','',''),
('625394001707388','16:41:00','16:41:00','4274288','10','',''),
('625394001707388','16:43:00','16:43:00','4274289','11','',''),
('625394001707388','16:45:00','16:45:00','4274291','12','',''),
('625394001707388','16:45:00','16:45:00','4274292','13','',''),
('625394001707388','16:47:00','16:47:00','4274293','14','',''),
('625394001707388','16:48:00','16:48:00','4274295','15','',''),
('625394001707388','16:49:00','16:49:00','4274297','16','',''),
('625394001707388','16:51:00','16:51:00','4274299','17','',''),
('625394001707388','16:53:00','16:53:00','4274301','18','',''),
('625394001707388','16:55:00','16:55:00','4274303','19','',''),
('625394001707388','16:56:00','16:56:00','4274305','20','',''),
('625394001707388','16:58:00','16:58:00','4274307','21','',''),
('625394001707388','16:59:00','16:59:00','4274308','22','',''),
('625394001707388','17:00:00','17:00:00','4274309','23','',''),
('625394001707388','17:01:00','17:01:00','4274310','24','',''),
('725394001707388','17:03:00','17:03:00','4274273','1','',''),
('725394001707388','17:04:00','17:04:00','4274275','2','',''),
('725394001707388','17:05:00','17:05:00','4274277','3','',''),
('725394001707388','17:05:00','17:05:00','4274279','4','',''),
('725394001707388','17:06:00','17:06:00','4274281','5','',''),
('725394001707388','17:07:00','17:07:00','4274283','6','',''),
('725394001707388','17:12:00','17:12:00','4274285','7','',''),
('725394001707388','17:13:00','17:13:00','4274286','8','',''),
('725394001707388','17:14:00','17:14:00','4274287','9','',''),
('725394001707388','17:14:00','17:14:00','4274288','10','',''),
('725394001707388','17:16:00','17:16:00','4274289','11','',''),
('725394001707388','17:18:00','17:18:00','4274291','12','',''),
('725394001707388','17:18:00','17:18:00','4274292','13','',''),
('725394001707388','17:20:00','17:20:00','4274293','14','',''),
('725394001707388','17:21:00','17:21:00','4274295','15','',''),
('725394001707388','17:22:00','17:22:00','4274297','16','',''),
('725394001707388','17:24:00','17:24:00','4274299','17','',''),
('725394001707388','17:26:00','17:26:00','4274301','18','',''),
('725394001707388','17:28:00','17:28:00','4274303','19','',''),
('725394001707388','17:29:00','17:29:00','4274305','20','',''),
('725394001707388','17:31:00','17:31:00','4274307','21','',''),
('725394001707388','17:32:00','17:32:00','4274308','22','',''),
('725394001707388','17:34:00','17:34:00','4274309','23','',''),
('725394001707388','17:35:00','17:35:00','4274310','24','',''),
('825394001707388','17:36:00','17:36:00','4274273','1','',''),
('825394001707388','17:37:00','17:37:00','4274275','2','',''),
('825394001707388','17:38:00','17:38:00','4274277','3','',''),
('825394001707388','17:38:00','17:38:00','4274279','4','',''),
('825394001707388','17:39:00','17:39:00','4274281','5','',''),
('825394001707388','17:40:00','17:40:00','4274283','6','',''),
('825394001707388','17:45:00','17:45:00','4274285','7','',''),
('825394001707388','17:46:00','17:46:00','4274286','8','',''),
('825394001707388','17:47:00','17:47:00','4274287','9','',''),
('825394001707388','17:47:00','17:47:00','4274288','10','',''),
('825394001707388','17:49:00','17:49:00','4274289','11','',''),
('825394001707388','17:51:00','17:51:00','4274291','12','',''),
('825394001707388','17:51:00','17:51:00','4274292','13','',''),
('825394001707388','17:53:00','17:53:00','4274293','14','',''),
('825394001707388','17:54:00','17:54:00','4274295','15','',''),
('825394001707388','17:55:00','17:55:00','4274297','16','',''),
('825394001707388','17:57:00','17:57:00','4274299','17','',''),
('825394001707388','17:59:00','17:59:00','4274301','18','',''),
('825394001707388','18:01:00','18:01:00','4274303','19','',''),
('825394001707388','18:02:00','18:02:00','4274305','20','',''),
('825394001707388','18:04:00','18:04:00','4274307','21','',''),
('825394001707388','18:05:00','18:05:00','4274308','22','',''),
('825394001707388','18:07:00','18:07:00','4274309','23','',''),
('825394001707388','18:08:00','18:08:00','4274310','24','',''),
('925394001707388','18:09:00','18:09:00','4274273','1','',''),
('925394001707388','18:10:00','18:10:00','4274275','2','',''),
('925394001707388','18:11:00','18:11:00','4274277','3','',''),
('925394001707388','18:11:00','18:11:00','4274279','4','',''),
('925394001707388','18:12:00','18:12:00','4274281','5','',''),
('925394001707388','18:13:00','18:13:00','4274283','6','',''),
('925394001707388','18:18:00','18:18:00','4274285','7','',''),
('925394001707388','18:19:00','18:19:00','4274286','8','',''),
('925394001707388','18:20:00','18:20:00','4274287','9','',''),
('925394001707388','18:20:00','18:20:00','4274288','10','',''),
('925394001707388','18:22:00','18:22:00','4274289','11','',''),
('925394001707388','18:23:00','18:23:00','4274291','12','',''),
('925394001707388','18:23:00','18:23:00','4274292','13','',''),
('925394001707388','18:25:00','18:25:00','4274293','14','',''),
('925394001707388','18:26:00','18:26:00','4274295','15','',''),
('925394001707388','18:27:00','18:27:00','4274297','16','',''),
('925394001707388','18:29:00','18:29:00','4274299','17','',''),
('925394001707388','18:31:00','18:31:00','4274301','18','',''),
('925394001707388','18:33:00','18:33:00','4274303','19','',''),
('925394001707388','18:34:00','18:34:00','4274305','20','',''),
('925394001707388','18:36:00','18:36:00','4274307','21','',''),
('925394001707388','18:37:00','18:37:00','4274308','22','',''),
('925394001707388','18:39:00','18:39:00','4274309','23','',''),
('925394001707388','18:40:00','18:40:00','4274310','24','',''),
('1025394001707387','18:16:00','18:16:00','4274311','1','',''),
('1025394001707387','18:17:00','18:17:00','4274312','2','',''),
('1025394001707387','18:18:00','18:18:00','4274313','3','',''),
('1025394001707387','18:19:00','18:19:00','4274306','4','',''),
('1025394001707387','18:20:00','18:20:00','4274304','5','',''),
('1025394001707387','18:21:00','18:21:00','4274302','6','',''),
('1025394001707387','18:22:00','18:22:00','4274300','7','',''),
('1025394001707387','18:23:00','18:23:00','4274298','8','',''),
('1025394001707387','18:24:00','18:24:00','4274296','9','',''),
('1025394001707387','18:25:00','18:25:00','4274294','10','',''),
('1025394001707387','18:27:00','18:27:00','4274314','11','',''),
('1025394001707387','18:28:00','18:28:00','4274290','12','',''),
('1025394001707387','18:30:00','18:30:00','4274284','13','',''),
('1025394001707387','18:32:00','18:32:00','4274282','14','',''),
('1025394001707387','18:34:00','18:34:00','4274280','15','',''),
('1025394001707387','18:36:00','18:36:00','4274278','16','',''),
('1025394001707387','18:37:00','18:37:00','4274276','17','',''),
('1025394001707387','18:39:00','18:39:00','4274274','18','',''),
('125394001707387','06:30:00','06:30:00','4274311','1','',''),
('125394001707387','06:31:00','06:31:00','4274312','2','',''),
('125394001707387','06:32:00','06:32:00','4274313','3','',''),
('125394001707387','06:33:00','06:33:00','4274306','4','',''),
('125394001707387','06:34:00','06:34:00','4274304','5','',''),
('125394001707387','06:35:00','06:35:00','4274302','6','',''),
('125394001707387','06:36:00','06:36:00','4274300','7','',''),
('125394001707387','06:37:00','06:37:00','4274298','8','',''),
('125394001707387','06:38:00','06:38:00','4274296','9','',''),
('125394001707387','06:39:00','06:39:00','4274294','10','',''),
('125394001707387','06:41:00','06:41:00','4274314','11','',''),
('125394001707387','06:42:00','06:42:00','4274290','12','',''),
('125394001707387','06:43:00','06:43:00','4274284','13','',''),
('125394001707387','06:45:00','06:45:00','4274282','14','',''),
('125394001707387','06:46:00','06:46:00','4274280','15','',''),
('125394001707387','06:48:00','06:48:00','4274278','16','',''),
('125394001707387','06:49:00','06:49:00','4274276','17','',''),
('125394001707387','06:50:00','06:50:00','4274274','18','',''),
('225394001707387','07:07:00','07:07:00','4274311','1','',''),
('225394001707387','07:08:00','07:08:00','4274312','2','',''),
('225394001707387','07:09:00','07:09:00','4274313','3','',''),
('225394001707387','07:10:00','07:10:00','4274306','4','',''),
('225394001707387','07:11:00','07:11:00','4274304','5','',''),
('225394001707387','07:12:00','07:12:00','4274302','6','',''),
('225394001707387','07:13:00','07:13:00','4274300','7','',''),
('225394001707387','07:14:00','07:14:00','4274298','8','',''),
('225394001707387','07:15:00','07:15:00','4274296','9','',''),
('225394001707387','07:16:00','07:16:00','4274294','10','',''),
('225394001707387','07:18:00','07:18:00','4274314','11','',''),
('225394001707387','07:19:00','07:19:00','4274290','12','',''),
('225394001707387','07:21:00','07:21:00','4274284','13','',''),
('225394001707387','07:23:00','07:23:00','4274282','14','',''),
('225394001707387','07:24:00','07:24:00','4274280','15','',''),
('225394001707387','07:26:00','07:26:00','4274278','16','',''),
('225394001707387','07:27:00','07:27:00','4274276','17','',''),
('225394001707387','07:28:00','07:28:00','4274274','18','',''),
('325394001707387','07:40:00','07:40:00','4274311','1','',''),
('325394001707387','07:41:00','07:41:00','4274312','2','',''),
('325394001707387','07:42:00','07:42:00','4274313','3','',''),
('325394001707387','07:43:00','07:43:00','4274306','4','',''),
('325394001707387','07:44:00','07:44:00','4274304','5','',''),
('325394001707387','07:45:00','07:45:00','4274302','6','',''),
('325394001707387','07:46:00','07:46:00','4274300','7','',''),
('325394001707387','07:47:00','07:47:00','4274298','8','',''),
('325394001707387','07:48:00','07:48:00','4274296','9','',''),
('325394001707387','07:49:00','07:49:00','4274294','10','',''),
('325394001707387','07:51:00','07:51:00','4274314','11','',''),
('325394001707387','07:52:00','07:52:00','4274290','12','',''),
('325394001707387','07:54:00','07:54:00','4274284','13','',''),
('325394001707387','07:56:00','07:56:00','4274282','14','',''),
('325394001707387','07:57:00','07:57:00','4274280','15','',''),
('325394001707387','07:59:00','07:59:00','4274278','16','',''),
('325394001707387','08:00:00','08:00:00','4274276','17','',''),
('325394001707387','08:01:00','08:01:00','4274274','18','',''),
('425394001707387','08:13:00','08:13:00','4274311','1','',''),
('425394001707387','08:14:00','08:14:00','4274312','2','',''),
('425394001707387','08:15:00','08:15:00','4274313','3','',''),
('425394001707387','08:16:00','08:16:00','4274306','4','',''),
('425394001707387','08:17:00','08:17:00','4274304','5','',''),
('425394001707387','08:18:00','08:18:00','4274302','6','',''),
('425394001707387','08:19:00','08:19:00','4274300','7','',''),
('425394001707387','08:20:00','08:20:00','4274298','8','',''),
('425394001707387','08:21:00','08:21:00','4274296','9','',''),
('425394001707387','08:22:00','08:22:00','4274294','10','',''),
('425394001707387','08:24:00','08:24:00','4274314','11','',''),
('425394001707387','08:25:00','08:25:00','4274290','12','',''),
('425394001707387','08:27:00','08:27:00','4274284','13','',''),
('425394001707387','08:29:00','08:29:00','4274282','14','',''),
('425394001707387','08:31:00','08:31:00','4274280','15','',''),
('425394001707387','08:33:00','08:33:00','4274278','16','',''),
('425394001707387','08:34:00','08:34:00','4274276','17','',''),
('425394001707387','08:36:00','08:36:00','4274274','18','',''),
('525394001707387','08:46:00','08:46:00','4274311','1','',''),
('525394001707387','08:47:00','08:47:00','4274312','2','',''),
('525394001707387','08:48:00','08:48:00','4274313','3','',''),
('525394001707387','08:49:00','08:49:00','4274306','4','',''),
('525394001707387','08:50:00','08:50:00','4274304','5','',''),
('525394001707387','08:51:00','08:51:00','4274302','6','',''),
('525394001707387','08:52:00','08:52:00','4274300','7','',''),
('525394001707387','08:53:00','08:53:00','4274298','8','',''),
('525394001707387','08:54:00','08:54:00','4274296','9','',''),
('525394001707387','08:55:00','08:55:00','4274294','10','',''),
('525394001707387','08:57:00','08:57:00','4274314','11','',''),
('525394001707387','08:58:00','08:58:00','4274290','12','',''),
('525394001707387','09:00:00','09:00:00','4274284','13','',''),
('525394001707387','09:02:00','09:02:00','4274282','14','',''),
('525394001707387','09:04:00','09:04:00','4274280','15','',''),
('525394001707387','09:06:00','09:06:00','4274278','16','',''),
('525394001707387','09:07:00','09:07:00','4274276','17','',''),
('525394001707387','09:09:00','09:09:00','4274274','18','',''),
('625394001707387','09:19:00','09:19:00','4274311','1','',''),
('625394001707387','09:20:00','09:20:00','4274312','2','',''),
('625394001707387','09:21:00','09:21:00','4274313','3','',''),
('625394001707387','09:22:00','09:22:00','4274306','4','',''),
('625394001707387','09:23:00','09:23:00','4274304','5','',''),
('625394001707387','09:24:00','09:24:00','4274302','6','',''),
('625394001707387','09:25:00','09:25:00','4274300','7','',''),
('625394001707387','09:26:00','09:26:00','4274298','8','',''),
('625394001707387','09:27:00','09:27:00','4274296','9','',''),
('625394001707387','09:28:00','09:28:00','4274294','10','',''),
('625394001707387','09:30:00','09:30:00','4274314','11','',''),
('625394001707387','09:31:00','09:31:00','4274290','12','',''),
('625394001707387','09:33:00','09:33:00','4274284','13','',''),
('625394001707387','09:35:00','09:35:00','4274282','14','',''),
('625394001707387','09:37:00','09:37:00','4274280','15','',''),
('625394001707387','09:39:00','09:39:00','4274278','16','',''),
('625394001707387','09:40:00','09:40:00','4274276','17','',''),
('625394001707387','09:42:00','09:42:00','4274274','18','',''),
('725394001707387','16:37:00','16:37:00','4274311','1','',''),
('725394001707387','16:38:00','16:38:00','4274312','2','',''),
('725394001707387','16:39:00','16:39:00','4274313','3','',''),
('725394001707387','16:40:00','16:40:00','4274306','4','',''),
('725394001707387','16:41:00','16:41:00','4274304','5','',''),
('725394001707387','16:42:00','16:42:00','4274302','6','',''),
('725394001707387','16:43:00','16:43:00','4274300','7','',''),
('725394001707387','16:44:00','16:44:00','4274298','8','',''),
('725394001707387','16:45:00','16:45:00','4274296','9','',''),
('725394001707387','16:46:00','16:46:00','4274294','10','',''),
('725394001707387','16:48:00','16:48:00','4274314','11','',''),
('725394001707387','16:49:00','16:49:00','4274290','12','',''),
('725394001707387','16:51:00','16:51:00','4274284','13','',''),
('725394001707387','16:53:00','16:53:00','4274282','14','',''),
('725394001707387','16:54:00','16:54:00','4274280','15','',''),
('725394001707387','16:56:00','16:56:00','4274278','16','',''),
('725394001707387','16:57:00','16:57:00','4274276','17','',''),
('725394001707387','16:58:00','16:58:00','4274274','18','',''),
('825394001707387','17:10:00','17:10:00','4274311','1','',''),
('825394001707387','17:11:00','17:11:00','4274312','2','',''),
('825394001707387','17:12:00','17:12:00','4274313','3','',''),
('825394001707387','17:13:00','17:13:00','4274306','4','',''),
('825394001707387','17:14:00','17:14:00','4274304','5','',''),
('825394001707387','17:15:00','17:15:00','4274302','6','',''),
('825394001707387','17:16:00','17:16:00','4274300','7','',''),
('825394001707387','17:17:00','17:17:00','4274298','8','',''),
('825394001707387','17:18:00','17:18:00','4274296','9','',''),
('825394001707387','17:19:00','17:19:00','4274294','10','',''),
('825394001707387','17:21:00','17:21:00','4274314','11','',''),
('825394001707387','17:22:00','17:22:00','4274290','12','',''),
('825394001707387','17:24:00','17:24:00','4274284','13','',''),
('825394001707387','17:26:00','17:26:00','4274282','14','',''),
('825394001707387','17:28:00','17:28:00','4274280','15','',''),
('825394001707387','17:30:00','17:30:00','4274278','16','',''),
('825394001707387','17:31:00','17:31:00','4274276','17','',''),
('825394001707387','17:33:00','17:33:00','4274274','18','',''),
('925394001707387','17:43:00','17:43:00','4274311','1','',''),
('925394001707387','17:44:00','17:44:00','4274312','2','',''),
('925394001707387','17:45:00','17:45:00','4274313','3','',''),
('925394001707387','17:46:00','17:46:00','4274306','4','',''),
('925394001707387','17:47:00','17:47:00','4274304','5','',''),
('925394001707387','17:48:00','17:48:00','4274302','6','',''),
('925394001707387','17:49:00','17:49:00','4274300','7','',''),
('925394001707387','17:50:00','17:50:00','4274298','8','',''),
('925394001707387','17:51:00','17:51:00','4274296','9','',''),
('925394001707387','17:52:00','17:52:00','4274294','10','',''),
('925394001707387','17:54:00','17:54:00','4274314','11','',''),
('925394001707387','17:55:00','17:55:00','4274290','12','',''),
('925394001707387','17:57:00','17:57:00','4274284','13','',''),
('925394001707387','17:59:00','17:59:00','4274282','14','',''),
('925394001707387','18:01:00','18:01:00','4274280','15','',''),
('925394001707387','18:03:00','18:03:00','4274278','16','',''),
('925394001707387','18:04:00','18:04:00','4274276','17','',''),
('925394001707387','18:06:00','18:06:00','4274274','18','','');
INSERT INTO calendar (service_id,monday,tuesday,wednesday,thursday,friday,saturday,sunday,start_date,end_date) VALUES
('2539400','0','0','0','0','0','0','0','20171221','20180202');
INSERT INTO calendar_dates (service_id,date,exception_type) VALUES
('2539400','20171221','1'),
('2539400','20171222','1'),
('2539400','20171226','1'),
('2539400','20171227','1'),
('2539400','20171228','1'),
('2539400','20171229','1'),
('2539400','20180102','1'),
('2539400','20180103','1'),
('2539400','20180104','1'),
('2539400','20180105','1'),
('2539400','20180108','1'),
('2539400','20180109','1'),
('2539400','20180110','1'),
('2539400','20180111','1'),
('2539400','20180112','1'),
('2539400','20180115','1'),
('2539400','20180116','1'),
('2539400','20180117','1'),
('2539400','20180118','1'),
('2539400','20180119','1'),
('2539400','20180122','1'),
('2539400','20180123','1'),
('2539400','20180124','1'),
('2539400','20180125','1'),
('2539400','20180126','1'),
('2539400','20180129','1'),
('2539400','20180130','1'),
('2539400','20180131','1'),
('2539400','20180201','1'),
('2539400','20180202','1');
INSERT INTO routes (route_id,agency_id,route_short_name,route_long_name,route_desc,route_type,route_url,route_color,route_text_color) VALUES
('1788160','100','247','(GARONOR <-> STADE CHARLES SAGE) - Aller','','3','','FFFFFF','000000'),
('1788161','100','247','(GARONOR <-> STADE CHARLES SAGE) - Retour','','3','','FFFFFF','000000');
INSERT INTO agency (agency_id,agency_name,agency_url,agency_timezone,agency_lang,agency_phone) VALUES
('100','RATP (100)','http://www.ratp.fr/','CET','','');
INSERT INTO trips (route_id,service_id,trip_id,trip_headsign,trip_short_name,direction_id,shape_id) VALUES
('1788160','2539400','1025394001707388','','10','0',''),
('1788160','2539400','125394001707388','','1','0',''),
('1788160','2539400','225394001707388','','2','0',''),
('1788160','2539400','325394001707388','','3','0',''),
('1788160','2539400','425394001707388','','4','0',''),
('1788160','2539400','525394001707388','','5','0',''),
('1788160','2539400','625394001707388','','6','0',''),
('1788160','2539400','725394001707388','','7','0',''),
('1788160','2539400','825394001707388','','8','0',''),
('1788160','2539400','925394001707388','','9','0',''),
('1788161','2539400','1025394001707387','','10','1',''),
('1788161','2539400','125394001707387','','1','1',''),
('1788161','2539400','225394001707387','','2','1',''),
('1788161','2539400','325394001707387','','3','1',''),
('1788161','2539400','425394001707387','','4','1',''),
('1788161','2539400','525394001707387','','5','1',''),
('1788161','2539400','625394001707387','','6','1',''),
('1788161','2539400','725394001707387','','7','1',''),
('1788161','2539400','825394001707387','','8','1',''),
('1788161','2539400','925394001707387','','9','1','');
INSERT INTO transfers (from_stop_id,to_stop_id,transfer_type,min_transfer_time) VALUES
('3666691','4274280','2','21'),
('3666744','4274277','2','12'),
('3666746','4274275','2','50'),
('3666577','4274281','2','36'),
('6682695','4274301','2','74'),
('4117686','4274299','2','11'),
('3666580','4274280','2','21'),
('5605644','4274304','2','17'),
('4035741','4274274','2','20'),
('4035741','4274273','2','20'),
('4035745','4274280','2','21'),
('4117707','4274292','2','116'),
('3666636','4274281','2','36'),
('4117683','4274304','2','17'),
('4035757','4274298','2','47'),
('4035766','4274306','2','61'),
('4035766','4274305','2','82'),
('3666689','4274282','2','36'),
('3666782','4274281','2','36'),
('4035755','4274296','2','29'),
('4035751','4274314','2','23'),
('3666582','4274278','2','12'),
('2188','4274304','2','212'),
('2188','4274303','2','195'),
('4117707','4274314','2','23'),
('4117701','4274286','2','68'),
('4117702','4274285','2','28'),
('4117691','4274296','2','29'),
('3666784','4274277','2','12'),
('3666643','4274276','2','50'),
('3666692','4274277','2','12'),
('3666687','4274290','2','143'),
('3666586','4274273','2','20'),
('6682692','4274306','2','26'),
('3666747','4274276','2','50'),
('3666640','4274277','2','12'),
('4117687','4274300','2','11'),
('3666696','4274273','2','38'),
('4117692','4274293','2','74'),
('3666696','4274274','2','38'),
('3666742','4274279','2','21'),
('4035746','4274279','2','21'),
('3666586','4274274','2','20'),
('4117704','4274285','2','124'),
('5605640','4274310','2','110'),
('5605640','4274311','2','110'),
('5605640','4274312','2','125'),
('5605639','4274307','2','128'),
('4035752','4274291','2','116'),
('4035761','4274302','2','74'),
('3666687','4274284','2','21'),
('5605645','4274309','2','37'),
('3666581','4274277','2','12'),
('6682699','4274298','2','103'),
('6682699','4274297','2','73'),
('4117680','4274305','2','82'),
('3666690','4274279','2','21'),
('4117680','4274306','2','61'),
('4035756','4274295','2','29'),
('3666741','4274282','2','36'),
('3666693','4274278','2','12'),
('4117699','4274287','2','15'),
('5605640','4274307','2','63'),
('6682700','4274297','2','63'),
('4035743','4274278','2','12'),
('6682700','4274298','2','88'),
('5605640','4274308','2','139'),
('4035752','4274314','2','103'),
('4889472','4274309','2','37'),
('4035759','4274300','2','11'),
('4117682','4274303','2','17'),
('4473669','4274276','2','50'),
('3666745','4274278','2','12'),
('6682693','4274303','2','17'),
('4117708','4274291','2','116'),
('3666739','4274290','2','143'),
('3666786','4274273','2','38'),
('3666739','4274284','2','21'),
('4035827','4274292','2','103'),
('3666786','4274274','2','38'),
('4035827','4274291','2','23'),
('4117693','4274294','2','74'),
('4035754','4274293','2','74'),
('3666635','4274290','2','143'),
('4035764','4274303','2','17'),
('4117689','4274298','2','47'),
('5605643','4274303','2','17'),
('6682691','4274305','2','26'),
('4889469','4274309','2','119'),
('6682707','4274294','2','63'),
('6682707','4274293','2','136'),
('3666639','4274280','2','21'),
('6682689','4274313','2','121'),
('3666642','4274275','2','50'),
('3666638','4274279','2','21'),
('4117688','4274297','2','47'),
('3666635','4274284','2','21'),
('3666686','4274283','2','21'),
('5605636','4274309','2','119'),
('3666634','4274290','2','135'),
('3666637','4274282','2','36'),
('4035760','4274299','2','11'),
('4035758','4274297','2','47'),
('4035749','4274290','2','143'),
('4035744','4274277','2','12'),
('4035750','4274290','2','68'),
('3666740','4274281','2','36'),
('4035748','4274281','2','36'),
('3664404','4274309','2','119'),
('4035747','4274282','2','36'),
('4035753','4274294','2','74'),
('4035751','4274292','2','116'),
('4117685','4274302','2','74'),
('4117681','4274306','2','137'),
('3666576','4274290','2','143'),
('4473744','4274275','2','50'),
('3666743','4274280','2','21'),
('3666585','4274273','2','38'),
('4117690','4274295','2','29'),
('3666585','4274274','2','38'),
('3666634','4274283','2','21'),
('5605639','4274312','2','139'),
('3666697','4274273','2','20'),
('3666697','4274274','2','20'),
('4117708','4274314','2','103'),
('3666686','4274290','2','135'),
('6682696','4274302','2','74'),
('6682708','4274293','2','136'),
('3666641','4274278','2','12'),
('6682698','4274300','2','11'),
('3666738','4274283','2','21'),
('4117696','4274290','2','68'),
('6682708','4274294','2','63'),
('4889507','4274309','2','119'),
('3666576','4274284','2','21'),
('3666783','4274279','2','21'),
('4117697','4274288','2','98'),
('6682694','4274304','2','17'),
('4035763','4274304','2','17'),
('4117705','4274285','2','124'),
('4117684','4274301','2','74'),
('4035765','4274306','2','137'),
('3666578','4274282','2','36'),
('3666575','4274290','2','135'),
('3666688','4274281','2','36'),
('3664407','4274309','2','37'),
('3666781','4274283','2','21'),
('3666738','4274290','2','135'),
('4117694','4274291','2','23'),
('3666579','4274279','2','21'),
('4117694','4274292','2','103'),
('4889510','4274309','2','37'),
('4117695','4274289','2','68'),
('5794659','4274309','2','119'),
('6682697','4274299','2','11'),
('4117695','4274284','2','135'),
('1999','4274303','2','195'),
('4035762','4274301','2','74'),
('3666575','4274283','2','21'),
('1999','4274304','2','212'),
('5605641','4274305','2','26'),
('4035742','4274274','2','20'),
('3666781','4274290','2','135'),
('4117695','4274283','2','143'),
('4035742','4274273','2','20'),
('4035749','4274284','2','21'),
('5605642','4274306','2','26');
INSERT INTO stops (stop_id,stop_code,stop_name,stop_desc,stop_lat,stop_lon,location_type,parent_station) VALUES
('4274287','','ALTRINCHAM - LENINE','ALLEE D''ALTRINCHAM - 93007','48.94775084226808','2.44878143702231','0',''),
('4274288','','ALTRINCHAM','RUE MAURICE AUDIN - 93007','48.947856114733135','2.4514968442269582','0',''),
('4274289','','COSMONAUTES','AVENUE DES COSMONAUTES - 93007','48.94919102833382','2.455715933055257','0',''),
('4274280','','ANATOLE SIGONNEAU - CENTRE D''AFFAIRES','RUE ANATOLE SIGONNEAU - 93007','48.952725400762205','2.462000909309499','0',''),
('4274310','','STADE CHARLES SAGE','FACE 63 RUE DU DOCTEUR ALBERT SCHWEITZER - 93029','48.92581313170106','2.4588129125897304','0',''),
('4274282','','DESCARTES - RENAULT','FACE 9 AVENUE EDOUARD RENAULT - 93007','48.95030571554676','2.4641373075254696','0',''),
('4274311','','STADE CHARLES SAGE','FACE 63 RUE DU DOCTEUR ALBERT SCHWEITZER - 93029','48.92581313170106','2.4588129125897304','0',''),
('4274312','','HAUSSONVILLE','65-67 RUE VICTOR HAUSSONVILLE - 93029','48.927206046432644','2.458870736668276','0',''),
('4274281','','DESCARTES - RENAULT','5 AVENUE E.RENAULT - 93007','48.950665169998864','2.4641518334444137','0',''),
('4274284','','CIMETIERE DU BLANC-MESNIL','AVENUE DESCARTES - 93007','48.95002480024804','2.457709966646667','0',''),
('4274313','','EMILE DESPREZ','FACE 26 RUE VICTOR HAUSSONVILLE - 93029','48.929220726732375','2.4572796796446728','0',''),
('4274314','','ROND-POINT DE LA DIVISION LECLERC','AVENUE DES COSMONAUTES - 93007','48.94761553926856','2.4585093604450625','0',''),
('4274283','','CIMETIERE DU BLANC-MESNIL','AVENUE DESCARTES - 93007','48.950186781515434','2.4574920277380605','0',''),
('4274286','','MARIA VALTAT','FACE 55BIS AVENUE GEORGES GUYNEMER - 93007','48.94552541413175','2.4452020439489845','0',''),
('4274285','','LOUIS BLERIOT','42 RUE DES MARTYRS DE LA DEPORTATION - 93007','48.94680572307827','2.440470299669143','0',''),
('4274298','','HOTEL DE VILLE DU BLANC-MESNIL','54 AVENUE HENRI BARBUSSE - 93007','48.93906619547618','2.461326835644282','0',''),
('4274299','','ANCIENNE MAIRIE DE LE_BLANC-MESNIL','FACE 18 AVENUE HENRI BARBUSSE - 93007','48.93711870922456','2.4587439642586455','0',''),
('4274278','','ROBERT BREMOND','RUE ROBERT BREMOND - 93005','48.954338518544674','2.457624484216734','0',''),
('4274279','','ANATOLE SIGONNEAU - CENTRE D''AFFAIRES','RUE ANATOLE SIGONNEAU - 93007','48.952536508620526','2.462164198411897','0',''),
('4274276','','GARONOR-PORTE SUD','RUE ROBERT BREMOND (VOIE PRIVEE DE GARONOR) - 93005','48.95661703749953','2.461628188342566','0',''),
('4274277','','ROBERT BREMOND','RUE ROBERT BREMOND - 93005','48.95433871107077','2.457433442997565','0',''),
('4274308','','CITE DES COQUELICOTS','FACE 125 AVENUE CASTELNAU - 93029','48.92512759924023','2.4612661684131454','0',''),
('4274309','','LYCEE EUGENE DELACROIX','FACE 9-11 RUE DU DOCTEUR ALBERT SCHWEITZER - 93029','48.92362033739707','2.458794128458234','0',''),
('4274306','','PLACE JOFFRE','RUE MAURICE BERNARD - 93029','48.93075009131354','2.455687388985564','0',''),
('4274307','','MADELON','FACE 89 AVENUE CASTELNAU - 93029','48.92691748838212','2.459824761687686','0',''),
('4274300','','ANCIENNE MAIRIE DE LE_BLANC-MESNIL','18-20 AVENUE HENRI BARBUSSE - 93007','48.937028715881254','2.4588665245586574','0',''),
('4274275','','GARONOR-PORTE SUD','VOIE LONGEANT L''AUTOROUTE A1 - 93005','48.95644704209829','2.460904521182041','0',''),
('4274293','','LIBERATION','13 AVENUE DE LA DIVISION LECLERC - 93007','48.94380771388082','2.464667104927636','0',''),
('4274274','','GARONOR','VOIE PARALLELE A L''ENTREPOT NUMERO 1 - 93005','48.95663998393267','2.4654219542703824','0',''),
('4274292','','DIVISION LECLERC - LANGEVIN','109 AVENUE DE LA DIVISION LECLERC - 93007','48.946742961962975','2.4593532342715596','0',''),
('4274301','','ROGER SALOMON','FACE 242 RUE ANATOLE FRANCE - 93029','48.93518871535055','2.45658419184077','0',''),
('4274291','','DIVISION LECLERC - WALLON','AVENUE DES COSMONAUTES - 93007','48.94759792571279','2.4581545737144146','0',''),
('4274273','','GARONOR','VOIE PARALLELE A L''ENTREPOT NUMERO 1 - 93005','48.95663998393267','2.4654219542703824','0',''),
('4274290','','COSMONAUTES','FACE 25 AVENUE DES COSMONAUTES - 93007','48.94886658118291','2.4566430091748788','0',''),
('4274304','','DRANCY RER','RUE ANATOLE FRANCE - 93029','48.93316766631318','2.4555837960552127','0',''),
('4274297','','HOTEL DE VILLE DU BLANC-MESNIL','FACE 42 AVENUE HENRI BARBUSSE - 93007','48.93875222326211','2.460780414235105','0',''),
('4274296','','AUDRAN','74-76 AVENUE HENRI BARBUSSE - 93007','48.940233053832436','2.4626938434728123','0',''),
('4274305','','PLACE JOFFRE','RUE MAURICE BERNARD - 93029','48.930740711077135','2.4560829163626736','0',''),
('4274302','','ROGER SALOMON','250 RUE ANATOLE FRANCE - 93029','48.93579014936311','2.4572676250925753','0',''),
('4274295','','AUDRAN','87 AVENUE HENRI BARBUSSE - 93007','48.94052953216569','2.462776414924133','0',''),
('4274294','','LIBERATION','FACE 3 AVENUE DE LA DIVISION LECLERC - 93007','48.94349206505863','2.465703194351408','0',''),
('4274303','','DRANCY RER','193 RUE ANATOLE FRANCE - 93029','48.933060026805904','2.4553789467108427','0','');
