INSERT INTO stop_times (trip_id,arrival_time,departure_time,stop_id,stop_sequence,stop_headsign,shape_dist_traveled) VALUES
('1025394210869628','18:59:00','18:59:00','3682301','1','',''),
('1025394210869628','19:00:00','19:00:00','3682303','2','',''),
('1025394210869628','19:01:00','19:01:00','3682304','3','',''),
('1025394210869628','19:02:00','19:02:00','3682305','4','',''),
('1025394210869628','19:04:00','19:04:00','3682307','5','',''),
('1025394210869628','19:05:00','19:05:00','3682309','6','',''),
('1025394210869628','19:05:00','19:05:00','3682310','7','',''),
('1025394210869628','19:06:00','19:06:00','3682312','8','',''),
('1025394210869628','19:08:00','19:08:00','3682314','9','',''),
('1025394210869628','19:08:00','19:08:00','3682315','10','',''),
('1025394210869628','19:09:00','19:09:00','3682316','11','',''),
('1025394210869628','19:10:00','19:10:00','3682317','12','',''),
('1025394210869628','19:11:00','19:11:00','3682319','13','',''),
('1025394210869628','19:12:00','19:12:00','3682321','14','',''),
('1025394210869628','19:13:00','19:13:00','3682323','15','',''),
('1025394210869628','19:14:00','19:14:00','3682325','16','',''),
('1025394210869628','19:15:00','19:15:00','3682327','17','',''),
('1025394210869628','19:16:00','19:16:00','3682328','18','',''),
('125394210869628','07:00:00','07:00:00','3682301','1','',''),
('125394210869628','07:01:00','07:01:00','3682303','2','',''),
('125394210869628','07:02:00','07:02:00','3682304','3','',''),
('125394210869628','07:03:00','07:03:00','3682305','4','',''),
('125394210869628','07:05:00','07:05:00','3682307','5','',''),
('125394210869628','07:06:00','07:06:00','3682309','6','',''),
('125394210869628','07:06:00','07:06:00','3682310','7','',''),
('125394210869628','07:07:00','07:07:00','3682312','8','',''),
('125394210869628','07:09:00','07:09:00','3682314','9','',''),
('125394210869628','07:09:00','07:09:00','3682315','10','',''),
('125394210869628','07:10:00','07:10:00','3682316','11','',''),
('125394210869628','07:11:00','07:11:00','3682317','12','',''),
('125394210869628','07:12:00','07:12:00','3682319','13','',''),
('125394210869628','07:13:00','07:13:00','3682321','14','',''),
('125394210869628','07:14:00','07:14:00','3682323','15','',''),
('125394210869628','07:15:00','07:15:00','3682325','16','',''),
('125394210869628','07:16:00','07:16:00','3682327','17','',''),
('125394210869628','07:17:00','07:17:00','3682328','18','',''),
('125394220869628','09:25:00','09:25:00','3682301','1','',''),
('125394220869628','09:26:00','09:26:00','3682303','2','',''),
('125394220869628','09:27:00','09:27:00','3682304','3','',''),
('125394220869628','09:28:00','09:28:00','3682305','4','',''),
('125394220869628','09:30:00','09:30:00','3682307','5','',''),
('125394220869628','09:31:00','09:31:00','3682309','6','',''),
('125394220869628','09:31:00','09:31:00','3682310','7','',''),
('125394220869628','09:32:00','09:32:00','3682312','8','',''),
('125394220869628','09:34:00','09:34:00','3682314','9','',''),
('125394220869628','09:34:00','09:34:00','3682315','10','',''),
('125394220869628','09:35:00','09:35:00','3682316','11','',''),
('125394220869628','09:36:00','09:36:00','3682317','12','',''),
('125394220869628','09:37:00','09:37:00','3682319','13','',''),
('125394220869628','09:38:00','09:38:00','3682321','14','',''),
('125394220869628','09:39:00','09:39:00','3682323','15','',''),
('125394220869628','09:40:00','09:40:00','3682325','16','',''),
('125394220869628','09:41:00','09:41:00','3682327','17','',''),
('125394220869628','09:42:00','09:42:00','3682328','18','',''),
('225394210869628','08:00:00','08:00:00','3682301','1','',''),
('225394210869628','08:01:00','08:01:00','3682303','2','',''),
('225394210869628','08:02:00','08:02:00','3682304','3','',''),
('225394210869628','08:03:00','08:03:00','3682305','4','',''),
('225394210869628','08:05:00','08:05:00','3682307','5','',''),
('225394210869628','08:06:00','08:06:00','3682309','6','',''),
('225394210869628','08:06:00','08:06:00','3682310','7','',''),
('225394210869628','08:07:00','08:07:00','3682312','8','',''),
('225394210869628','08:09:00','08:09:00','3682314','9','',''),
('225394210869628','08:09:00','08:09:00','3682315','10','',''),
('225394210869628','08:10:00','08:10:00','3682316','11','',''),
('225394210869628','08:11:00','08:11:00','3682317','12','',''),
('225394210869628','08:12:00','08:12:00','3682319','13','',''),
('225394210869628','08:13:00','08:13:00','3682321','14','',''),
('225394210869628','08:14:00','08:14:00','3682323','15','',''),
('225394210869628','08:15:00','08:15:00','3682325','16','',''),
('225394210869628','08:16:00','08:16:00','3682327','17','',''),
('225394210869628','08:17:00','08:17:00','3682328','18','',''),
('225394220869628','10:48:00','10:48:00','3682301','1','',''),
('225394220869628','10:49:00','10:49:00','3682303','2','',''),
('225394220869628','10:50:00','10:50:00','3682304','3','',''),
('225394220869628','10:51:00','10:51:00','3682305','4','',''),
('225394220869628','10:53:00','10:53:00','3682307','5','',''),
('225394220869628','10:54:00','10:54:00','3682309','6','',''),
('225394220869628','10:54:00','10:54:00','3682310','7','',''),
('225394220869628','10:55:00','10:55:00','3682312','8','',''),
('225394220869628','10:57:00','10:57:00','3682314','9','',''),
('225394220869628','10:57:00','10:57:00','3682315','10','',''),
('225394220869628','10:58:00','10:58:00','3682316','11','',''),
('225394220869628','10:59:00','10:59:00','3682317','12','',''),
('225394220869628','11:00:00','11:00:00','3682319','13','',''),
('225394220869628','11:01:00','11:01:00','3682321','14','',''),
('225394220869628','11:02:00','11:02:00','3682323','15','',''),
('225394220869628','11:03:00','11:03:00','3682325','16','',''),
('225394220869628','11:04:00','11:04:00','3682327','17','',''),
('225394220869628','11:05:00','11:05:00','3682328','18','',''),
('325394210869628','09:25:00','09:25:00','3682301','1','',''),
('325394210869628','09:26:00','09:26:00','3682303','2','',''),
('325394210869628','09:27:00','09:27:00','3682304','3','',''),
('325394210869628','09:28:00','09:28:00','3682305','4','',''),
('325394210869628','09:30:00','09:30:00','3682307','5','',''),
('325394210869628','09:31:00','09:31:00','3682309','6','',''),
('325394210869628','09:31:00','09:31:00','3682310','7','',''),
('325394210869628','09:32:00','09:32:00','3682312','8','',''),
('325394210869628','09:34:00','09:34:00','3682314','9','',''),
('325394210869628','09:34:00','09:34:00','3682315','10','',''),
('325394210869628','09:35:00','09:35:00','3682316','11','',''),
('325394210869628','09:36:00','09:36:00','3682317','12','',''),
('325394210869628','09:37:00','09:37:00','3682319','13','',''),
('325394210869628','09:38:00','09:38:00','3682321','14','',''),
('325394210869628','09:39:00','09:39:00','3682323','15','',''),
('325394210869628','09:40:00','09:40:00','3682325','16','',''),
('325394210869628','09:41:00','09:41:00','3682327','17','',''),
('325394210869628','09:42:00','09:42:00','3682328','18','',''),
('325394220869628','12:08:00','12:08:00','3682301','1','',''),
('325394220869628','12:09:00','12:09:00','3682303','2','',''),
('325394220869628','12:10:00','12:10:00','3682304','3','',''),
('325394220869628','12:11:00','12:11:00','3682305','4','',''),
('325394220869628','12:13:00','12:13:00','3682307','5','',''),
('325394220869628','12:14:00','12:14:00','3682309','6','',''),
('325394220869628','12:14:00','12:14:00','3682310','7','',''),
('325394220869628','12:15:00','12:15:00','3682312','8','',''),
('325394220869628','12:17:00','12:17:00','3682314','9','',''),
('325394220869628','12:17:00','12:17:00','3682315','10','',''),
('325394220869628','12:18:00','12:18:00','3682316','11','',''),
('325394220869628','12:19:00','12:19:00','3682317','12','',''),
('325394220869628','12:20:00','12:20:00','3682319','13','',''),
('325394220869628','12:21:00','12:21:00','3682321','14','',''),
('325394220869628','12:22:00','12:22:00','3682323','15','',''),
('325394220869628','12:23:00','12:23:00','3682325','16','',''),
('325394220869628','12:24:00','12:24:00','3682327','17','',''),
('325394220869628','12:25:00','12:25:00','3682328','18','',''),
('425394210869628','10:48:00','10:48:00','3682301','1','',''),
('425394210869628','10:49:00','10:49:00','3682303','2','',''),
('425394210869628','10:50:00','10:50:00','3682304','3','',''),
('425394210869628','10:51:00','10:51:00','3682305','4','',''),
('425394210869628','10:53:00','10:53:00','3682307','5','',''),
('425394210869628','10:54:00','10:54:00','3682309','6','',''),
('425394210869628','10:54:00','10:54:00','3682310','7','',''),
('425394210869628','10:55:00','10:55:00','3682312','8','',''),
('425394210869628','10:57:00','10:57:00','3682314','9','',''),
('425394210869628','10:57:00','10:57:00','3682315','10','',''),
('425394210869628','10:58:00','10:58:00','3682316','11','',''),
('425394210869628','10:59:00','10:59:00','3682317','12','',''),
('425394210869628','11:00:00','11:00:00','3682319','13','',''),
('425394210869628','11:01:00','11:01:00','3682321','14','',''),
('425394210869628','11:02:00','11:02:00','3682323','15','',''),
('425394210869628','11:03:00','11:03:00','3682325','16','',''),
('425394210869628','11:04:00','11:04:00','3682327','17','',''),
('425394210869628','11:05:00','11:05:00','3682328','18','',''),
('425394220869628','13:20:00','13:20:00','3682301','1','',''),
('425394220869628','13:21:00','13:21:00','3682303','2','',''),
('425394220869628','13:22:00','13:22:00','3682304','3','',''),
('425394220869628','13:23:00','13:23:00','3682305','4','',''),
('425394220869628','13:25:00','13:25:00','3682307','5','',''),
('425394220869628','13:26:00','13:26:00','3682309','6','',''),
('425394220869628','13:26:00','13:26:00','3682310','7','',''),
('425394220869628','13:27:00','13:27:00','3682312','8','',''),
('425394220869628','13:29:00','13:29:00','3682314','9','',''),
('425394220869628','13:29:00','13:29:00','3682315','10','',''),
('425394220869628','13:30:00','13:30:00','3682316','11','',''),
('425394220869628','13:31:00','13:31:00','3682317','12','',''),
('425394220869628','13:32:00','13:32:00','3682319','13','',''),
('425394220869628','13:33:00','13:33:00','3682321','14','',''),
('425394220869628','13:34:00','13:34:00','3682323','15','',''),
('425394220869628','13:35:00','13:35:00','3682325','16','',''),
('425394220869628','13:36:00','13:36:00','3682327','17','',''),
('425394220869628','13:37:00','13:37:00','3682328','18','',''),
('525394210869628','12:08:00','12:08:00','3682301','1','',''),
('525394210869628','12:09:00','12:09:00','3682303','2','',''),
('525394210869628','12:10:00','12:10:00','3682304','3','',''),
('525394210869628','12:11:00','12:11:00','3682305','4','',''),
('525394210869628','12:13:00','12:13:00','3682307','5','',''),
('525394210869628','12:14:00','12:14:00','3682309','6','',''),
('525394210869628','12:14:00','12:14:00','3682310','7','',''),
('525394210869628','12:15:00','12:15:00','3682312','8','',''),
('525394210869628','12:17:00','12:17:00','3682314','9','',''),
('525394210869628','12:17:00','12:17:00','3682315','10','',''),
('525394210869628','12:18:00','12:18:00','3682316','11','',''),
('525394210869628','12:19:00','12:19:00','3682317','12','',''),
('525394210869628','12:20:00','12:20:00','3682319','13','',''),
('525394210869628','12:21:00','12:21:00','3682321','14','',''),
('525394210869628','12:22:00','12:22:00','3682323','15','',''),
('525394210869628','12:23:00','12:23:00','3682325','16','',''),
('525394210869628','12:24:00','12:24:00','3682327','17','',''),
('525394210869628','12:25:00','12:25:00','3682328','18','',''),
('525394220869628','14:35:00','14:35:00','3682301','1','',''),
('525394220869628','14:36:00','14:36:00','3682303','2','',''),
('525394220869628','14:37:00','14:37:00','3682304','3','',''),
('525394220869628','14:38:00','14:38:00','3682305','4','',''),
('525394220869628','14:40:00','14:40:00','3682307','5','',''),
('525394220869628','14:41:00','14:41:00','3682309','6','',''),
('525394220869628','14:41:00','14:41:00','3682310','7','',''),
('525394220869628','14:42:00','14:42:00','3682312','8','',''),
('525394220869628','14:44:00','14:44:00','3682314','9','',''),
('525394220869628','14:44:00','14:44:00','3682315','10','',''),
('525394220869628','14:45:00','14:45:00','3682316','11','',''),
('525394220869628','14:46:00','14:46:00','3682317','12','',''),
('525394220869628','14:47:00','14:47:00','3682319','13','',''),
('525394220869628','14:48:00','14:48:00','3682321','14','',''),
('525394220869628','14:49:00','14:49:00','3682323','15','',''),
('525394220869628','14:50:00','14:50:00','3682325','16','',''),
('525394220869628','14:51:00','14:51:00','3682327','17','',''),
('525394220869628','14:52:00','14:52:00','3682328','18','',''),
('625394210869628','13:20:00','13:20:00','3682301','1','',''),
('625394210869628','13:21:00','13:21:00','3682303','2','',''),
('625394210869628','13:22:00','13:22:00','3682304','3','',''),
('625394210869628','13:23:00','13:23:00','3682305','4','',''),
('625394210869628','13:25:00','13:25:00','3682307','5','',''),
('625394210869628','13:26:00','13:26:00','3682309','6','',''),
('625394210869628','13:26:00','13:26:00','3682310','7','',''),
('625394210869628','13:27:00','13:27:00','3682312','8','',''),
('625394210869628','13:29:00','13:29:00','3682314','9','',''),
('625394210869628','13:29:00','13:29:00','3682315','10','',''),
('625394210869628','13:30:00','13:30:00','3682316','11','',''),
('625394210869628','13:31:00','13:31:00','3682317','12','',''),
('625394210869628','13:32:00','13:32:00','3682319','13','',''),
('625394210869628','13:33:00','13:33:00','3682321','14','',''),
('625394210869628','13:34:00','13:34:00','3682323','15','',''),
('625394210869628','13:35:00','13:35:00','3682325','16','',''),
('625394210869628','13:36:00','13:36:00','3682327','17','',''),
('625394210869628','13:37:00','13:37:00','3682328','18','',''),
('625394220869628','15:50:00','15:50:00','3682301','1','',''),
('625394220869628','15:51:00','15:51:00','3682303','2','',''),
('625394220869628','15:52:00','15:52:00','3682304','3','',''),
('625394220869628','15:53:00','15:53:00','3682305','4','',''),
('625394220869628','15:55:00','15:55:00','3682307','5','',''),
('625394220869628','15:56:00','15:56:00','3682309','6','',''),
('625394220869628','15:56:00','15:56:00','3682310','7','',''),
('625394220869628','15:57:00','15:57:00','3682312','8','',''),
('625394220869628','15:59:00','15:59:00','3682314','9','',''),
('625394220869628','15:59:00','15:59:00','3682315','10','',''),
('625394220869628','16:00:00','16:00:00','3682316','11','',''),
('625394220869628','16:01:00','16:01:00','3682317','12','',''),
('625394220869628','16:02:00','16:02:00','3682319','13','',''),
('625394220869628','16:03:00','16:03:00','3682321','14','',''),
('625394220869628','16:04:00','16:04:00','3682323','15','',''),
('625394220869628','16:05:00','16:05:00','3682325','16','',''),
('625394220869628','16:06:00','16:06:00','3682327','17','',''),
('625394220869628','16:07:00','16:07:00','3682328','18','',''),
('725394210869628','14:35:00','14:35:00','3682301','1','',''),
('725394210869628','14:36:00','14:36:00','3682303','2','',''),
('725394210869628','14:37:00','14:37:00','3682304','3','',''),
('725394210869628','14:38:00','14:38:00','3682305','4','',''),
('725394210869628','14:40:00','14:40:00','3682307','5','',''),
('725394210869628','14:41:00','14:41:00','3682309','6','',''),
('725394210869628','14:41:00','14:41:00','3682310','7','',''),
('725394210869628','14:42:00','14:42:00','3682312','8','',''),
('725394210869628','14:44:00','14:44:00','3682314','9','',''),
('725394210869628','14:44:00','14:44:00','3682315','10','',''),
('725394210869628','14:45:00','14:45:00','3682316','11','',''),
('725394210869628','14:46:00','14:46:00','3682317','12','',''),
('725394210869628','14:47:00','14:47:00','3682319','13','',''),
('725394210869628','14:48:00','14:48:00','3682321','14','',''),
('725394210869628','14:49:00','14:49:00','3682323','15','',''),
('725394210869628','14:50:00','14:50:00','3682325','16','',''),
('725394210869628','14:51:00','14:51:00','3682327','17','',''),
('725394210869628','14:52:00','14:52:00','3682328','18','',''),
('725394220869628','17:08:00','17:08:00','3682301','1','',''),
('725394220869628','17:09:00','17:09:00','3682303','2','',''),
('725394220869628','17:10:00','17:10:00','3682304','3','',''),
('725394220869628','17:11:00','17:11:00','3682305','4','',''),
('725394220869628','17:13:00','17:13:00','3682307','5','',''),
('725394220869628','17:14:00','17:14:00','3682309','6','',''),
('725394220869628','17:14:00','17:14:00','3682310','7','',''),
('725394220869628','17:15:00','17:15:00','3682312','8','',''),
('725394220869628','17:17:00','17:17:00','3682314','9','',''),
('725394220869628','17:17:00','17:17:00','3682315','10','',''),
('725394220869628','17:18:00','17:18:00','3682316','11','',''),
('725394220869628','17:19:00','17:19:00','3682317','12','',''),
('725394220869628','17:20:00','17:20:00','3682319','13','',''),
('725394220869628','17:21:00','17:21:00','3682321','14','',''),
('725394220869628','17:22:00','17:22:00','3682323','15','',''),
('725394220869628','17:23:00','17:23:00','3682325','16','',''),
('725394220869628','17:24:00','17:24:00','3682327','17','',''),
('725394220869628','17:25:00','17:25:00','3682328','18','',''),
('825394210869628','15:50:00','15:50:00','3682301','1','',''),
('825394210869628','15:51:00','15:51:00','3682303','2','',''),
('825394210869628','15:52:00','15:52:00','3682304','3','',''),
('825394210869628','15:53:00','15:53:00','3682305','4','',''),
('825394210869628','15:55:00','15:55:00','3682307','5','',''),
('825394210869628','15:56:00','15:56:00','3682309','6','',''),
('825394210869628','15:56:00','15:56:00','3682310','7','',''),
('825394210869628','15:57:00','15:57:00','3682312','8','',''),
('825394210869628','15:59:00','15:59:00','3682314','9','',''),
('825394210869628','15:59:00','15:59:00','3682315','10','',''),
('825394210869628','16:00:00','16:00:00','3682316','11','',''),
('825394210869628','16:01:00','16:01:00','3682317','12','',''),
('825394210869628','16:02:00','16:02:00','3682319','13','',''),
('825394210869628','16:03:00','16:03:00','3682321','14','',''),
('825394210869628','16:04:00','16:04:00','3682323','15','',''),
('825394210869628','16:05:00','16:05:00','3682325','16','',''),
('825394210869628','16:06:00','16:06:00','3682327','17','',''),
('825394210869628','16:07:00','16:07:00','3682328','18','',''),
('825394220869628','19:00:00','19:00:00','3682301','1','',''),
('825394220869628','19:01:00','19:01:00','3682303','2','',''),
('825394220869628','19:02:00','19:02:00','3682304','3','',''),
('825394220869628','19:03:00','19:03:00','3682305','4','',''),
('825394220869628','19:05:00','19:05:00','3682307','5','',''),
('825394220869628','19:06:00','19:06:00','3682309','6','',''),
('825394220869628','19:06:00','19:06:00','3682310','7','',''),
('825394220869628','19:07:00','19:07:00','3682312','8','',''),
('825394220869628','19:09:00','19:09:00','3682314','9','',''),
('825394220869628','19:09:00','19:09:00','3682315','10','',''),
('825394220869628','19:10:00','19:10:00','3682316','11','',''),
('825394220869628','19:11:00','19:11:00','3682317','12','',''),
('825394220869628','19:12:00','19:12:00','3682319','13','',''),
('825394220869628','19:13:00','19:13:00','3682321','14','',''),
('825394220869628','19:14:00','19:14:00','3682323','15','',''),
('825394220869628','19:15:00','19:15:00','3682325','16','',''),
('825394220869628','19:16:00','19:16:00','3682327','17','',''),
('825394220869628','19:17:00','19:17:00','3682328','18','',''),
('925394210869628','17:08:00','17:08:00','3682301','1','',''),
('925394210869628','17:09:00','17:09:00','3682303','2','',''),
('925394210869628','17:10:00','17:10:00','3682304','3','',''),
('925394210869628','17:11:00','17:11:00','3682305','4','',''),
('925394210869628','17:13:00','17:13:00','3682307','5','',''),
('925394210869628','17:14:00','17:14:00','3682309','6','',''),
('925394210869628','17:14:00','17:14:00','3682310','7','',''),
('925394210869628','17:15:00','17:15:00','3682312','8','',''),
('925394210869628','17:17:00','17:17:00','3682314','9','',''),
('925394210869628','17:17:00','17:17:00','3682315','10','',''),
('925394210869628','17:18:00','17:18:00','3682316','11','',''),
('925394210869628','17:19:00','17:19:00','3682317','12','',''),
('925394210869628','17:20:00','17:20:00','3682319','13','',''),
('925394210869628','17:21:00','17:21:00','3682321','14','',''),
('925394210869628','17:22:00','17:22:00','3682323','15','',''),
('925394210869628','17:23:00','17:23:00','3682325','16','',''),
('925394210869628','17:24:00','17:24:00','3682327','17','',''),
('925394210869628','17:25:00','17:25:00','3682328','18','',''),
('125394220869631','08:10:00','08:10:00','3682316','1','',''),
('125394220869631','08:11:00','08:11:00','3682317','2','',''),
('125394220869631','08:12:00','08:12:00','3682319','3','',''),
('125394220869631','08:13:00','08:13:00','3682321','4','',''),
('125394220869631','08:14:00','08:14:00','3682323','5','',''),
('125394220869631','08:15:00','08:15:00','3682325','6','',''),
('125394220869631','08:16:00','08:16:00','3682327','7','',''),
('125394220869631','08:17:00','08:17:00','3682328','8','',''),
('125394210869627','06:47:00','06:47:00','3682355','1','',''),
('125394210869627','06:49:00','06:49:00','3682326','2','',''),
('125394210869627','06:49:00','06:49:00','3682324','3','',''),
('125394210869627','06:50:00','06:50:00','3682322','4','',''),
('125394210869627','06:51:00','06:51:00','3682320','5','',''),
('125394210869627','06:52:00','06:52:00','3682318','6','',''),
('125394210869627','06:53:00','06:53:00','3682313','7','',''),
('125394210869627','06:54:00','06:54:00','3682311','8','',''),
('125394210869627','06:55:00','06:55:00','3682308','9','',''),
('125394210869627','06:56:00','06:56:00','3682306','10','',''),
('125394210869627','06:57:00','06:57:00','3682356','11','',''),
('125394210869627','06:58:00','06:58:00','3682302','12','',''),
('125394220869627','18:46:00','18:46:00','3682355','1','',''),
('125394220869627','18:48:00','18:48:00','3682326','2','',''),
('125394220869627','18:49:00','18:49:00','3682324','3','',''),
('125394220869627','18:50:00','18:50:00','3682322','4','',''),
('125394220869627','18:51:00','18:51:00','3682320','5','',''),
('125394220869627','18:52:00','18:52:00','3682318','6','',''),
('125394220869627','18:53:00','18:53:00','3682313','7','',''),
('125394220869627','18:54:00','18:54:00','3682311','8','',''),
('125394220869627','18:55:00','18:55:00','3682308','9','',''),
('125394220869627','18:56:00','18:56:00','3682306','10','',''),
('125394220869627','18:57:00','18:57:00','3682356','11','',''),
('125394220869627','18:58:00','18:58:00','3682302','12','',''),
('225394210869627','18:46:00','18:46:00','3682355','1','',''),
('225394210869627','18:48:00','18:48:00','3682326','2','',''),
('225394210869627','18:49:00','18:49:00','3682324','3','',''),
('225394210869627','18:50:00','18:50:00','3682322','4','',''),
('225394210869627','18:51:00','18:51:00','3682320','5','',''),
('225394210869627','18:52:00','18:52:00','3682318','6','',''),
('225394210869627','18:53:00','18:53:00','3682313','7','',''),
('225394210869627','18:54:00','18:54:00','3682311','8','',''),
('225394210869627','18:55:00','18:55:00','3682308','9','',''),
('225394210869627','18:56:00','18:56:00','3682306','10','',''),
('225394210869627','18:57:00','18:57:00','3682356','11','',''),
('225394210869627','18:58:00','18:58:00','3682302','12','',''),
('125394211424839','07:17:00','07:17:00','3682329','1','',''),
('125394211424839','07:36:00','07:36:00','3682330','2','',''),
('125394211424839','07:37:00','07:37:00','3682331','3','',''),
('125394211424839','07:37:00','07:37:00','3682351','4','',''),
('125394211424839','07:38:00','07:38:00','3682332','5','',''),
('125394211424839','07:38:00','07:38:00','3682333','6','',''),
('125394211424839','07:40:00','07:40:00','3682334','7','',''),
('125394211424839','07:41:00','07:41:00','3682335','8','',''),
('125394211424839','07:42:00','07:42:00','3682336','9','',''),
('125394211424839','07:42:00','07:42:00','3682337','10','',''),
('125394211424839','07:43:00','07:43:00','3682338','11','',''),
('125394211424839','07:44:00','07:44:00','3682339','12','',''),
('125394211424839','07:45:00','07:45:00','3682340','13','',''),
('125394211424839','07:46:00','07:46:00','3682341','14','',''),
('125394211424839','07:46:00','07:46:00','3682342','15','',''),
('125394211424839','07:47:00','07:47:00','3682343','16','',''),
('125394211424839','07:48:00','07:48:00','3682344','17','',''),
('125394211424839','07:49:00','07:49:00','3682345','18','',''),
('125394211424839','07:50:00','07:50:00','3682346','19','',''),
('125394211424839','07:50:00','07:50:00','3682347','20','',''),
('125394211424839','07:51:00','07:51:00','3682348','21','',''),
('125394211424839','07:51:00','07:51:00','3682349','22','',''),
('125394211424839','07:52:00','07:52:00','3682350','23','',''),
('125394211424839','07:54:00','07:54:00','3682352','24','',''),
('125394211424839','07:54:00','07:54:00','3682353','25','',''),
('125394211424839','07:54:00','07:54:00','3682354','26','',''),
('125394211424839','07:55:00','07:55:00','3682355','27','',''),
('125394211424840','08:17:00','08:17:00','3682329','1','',''),
('125394211424840','08:40:00','08:40:00','3682330','2','',''),
('125394211424840','08:41:00','08:41:00','3682331','3','',''),
('125394211424840','08:41:00','08:41:00','3682351','4','',''),
('125394211424840','08:42:00','08:42:00','3682332','5','',''),
('125394211424840','08:42:00','08:42:00','3682333','6','',''),
('125394211424840','08:44:00','08:44:00','3682334','7','',''),
('125394211424840','08:45:00','08:45:00','3682335','8','',''),
('125394211424840','08:46:00','08:46:00','3682336','9','',''),
('125394211424840','08:46:00','08:46:00','3682337','10','',''),
('125394211424840','08:47:00','08:47:00','3682338','11','',''),
('125394211424840','08:48:00','08:48:00','3682339','12','',''),
('125394211424840','08:49:00','08:49:00','3682340','13','',''),
('125394211424840','08:50:00','08:50:00','3682341','14','',''),
('125394211424840','08:50:00','08:50:00','3682342','15','',''),
('125394211424840','08:51:00','08:51:00','3682343','16','',''),
('125394211424840','08:52:00','08:52:00','3682344','17','',''),
('125394211424840','08:53:00','08:53:00','3682345','18','',''),
('125394211424840','08:54:00','08:54:00','3682346','19','',''),
('125394211424840','08:54:00','08:54:00','3682347','20','',''),
('125394211424840','08:55:00','08:55:00','3682348','21','',''),
('125394211424840','08:56:00','08:56:00','3682349','22','',''),
('125394211424840','08:57:00','08:57:00','3682350','23','',''),
('125394211424840','08:58:00','08:58:00','3682352','24','',''),
('125394211424840','08:59:00','08:59:00','3682353','25','',''),
('125394211424840','08:59:00','08:59:00','3682354','26','',''),
('125394211424840','09:00:00','09:00:00','3682355','27','',''),
('125394211424840','09:02:00','09:02:00','3682326','28','',''),
('125394211424840','09:03:00','09:03:00','3682324','29','',''),
('125394211424840','09:04:00','09:04:00','3682322','30','',''),
('125394211424840','09:05:00','09:05:00','3682320','31','',''),
('125394211424840','09:06:00','09:06:00','3682318','32','',''),
('125394211424840','09:07:00','09:07:00','3682313','33','',''),
('125394211424840','09:08:00','09:08:00','3682311','34','',''),
('125394211424840','09:09:00','09:09:00','3682308','35','',''),
('125394211424840','09:11:00','09:11:00','3682306','36','',''),
('125394211424840','09:12:00','09:12:00','3682356','37','',''),
('125394211424840','09:13:00','09:13:00','3682302','38','',''),
('125394221424840','08:17:00','08:17:00','3682329','1','',''),
('125394221424840','08:40:00','08:40:00','3682330','2','',''),
('125394221424840','08:41:00','08:41:00','3682331','3','',''),
('125394221424840','08:41:00','08:41:00','3682351','4','',''),
('125394221424840','08:42:00','08:42:00','3682332','5','',''),
('125394221424840','08:42:00','08:42:00','3682333','6','',''),
('125394221424840','08:44:00','08:44:00','3682334','7','',''),
('125394221424840','08:45:00','08:45:00','3682335','8','',''),
('125394221424840','08:46:00','08:46:00','3682336','9','',''),
('125394221424840','08:46:00','08:46:00','3682337','10','',''),
('125394221424840','08:47:00','08:47:00','3682338','11','',''),
('125394221424840','08:48:00','08:48:00','3682339','12','',''),
('125394221424840','08:49:00','08:49:00','3682340','13','',''),
('125394221424840','08:50:00','08:50:00','3682341','14','',''),
('125394221424840','08:50:00','08:50:00','3682342','15','',''),
('125394221424840','08:51:00','08:51:00','3682343','16','',''),
('125394221424840','08:52:00','08:52:00','3682344','17','',''),
('125394221424840','08:53:00','08:53:00','3682345','18','',''),
('125394221424840','08:54:00','08:54:00','3682346','19','',''),
('125394221424840','08:54:00','08:54:00','3682347','20','',''),
('125394221424840','08:55:00','08:55:00','3682348','21','',''),
('125394221424840','08:56:00','08:56:00','3682349','22','',''),
('125394221424840','08:57:00','08:57:00','3682350','23','',''),
('125394221424840','08:58:00','08:58:00','3682352','24','',''),
('125394221424840','08:59:00','08:59:00','3682353','25','',''),
('125394221424840','08:59:00','08:59:00','3682354','26','',''),
('125394221424840','09:00:00','09:00:00','3682355','27','',''),
('125394221424840','09:02:00','09:02:00','3682326','28','',''),
('125394221424840','09:03:00','09:03:00','3682324','29','',''),
('125394221424840','09:04:00','09:04:00','3682322','30','',''),
('125394221424840','09:05:00','09:05:00','3682320','31','',''),
('125394221424840','09:06:00','09:06:00','3682318','32','',''),
('125394221424840','09:07:00','09:07:00','3682313','33','',''),
('125394221424840','09:08:00','09:08:00','3682311','34','',''),
('125394221424840','09:09:00','09:09:00','3682308','35','',''),
('125394221424840','09:11:00','09:11:00','3682306','36','',''),
('125394221424840','09:12:00','09:12:00','3682356','37','',''),
('125394221424840','09:13:00','09:13:00','3682302','38','',''),
('225394211424840','09:42:00','09:42:00','3682329','1','',''),
('225394211424840','10:02:00','10:02:00','3682330','2','',''),
('225394211424840','10:03:00','10:03:00','3682331','3','',''),
('225394211424840','10:03:00','10:03:00','3682351','4','',''),
('225394211424840','10:04:00','10:04:00','3682332','5','',''),
('225394211424840','10:04:00','10:04:00','3682333','6','',''),
('225394211424840','10:06:00','10:06:00','3682334','7','',''),
('225394211424840','10:07:00','10:07:00','3682335','8','',''),
('225394211424840','10:08:00','10:08:00','3682336','9','',''),
('225394211424840','10:08:00','10:08:00','3682337','10','',''),
('225394211424840','10:09:00','10:09:00','3682338','11','',''),
('225394211424840','10:10:00','10:10:00','3682339','12','',''),
('225394211424840','10:11:00','10:11:00','3682340','13','',''),
('225394211424840','10:12:00','10:12:00','3682341','14','',''),
('225394211424840','10:12:00','10:12:00','3682342','15','',''),
('225394211424840','10:13:00','10:13:00','3682343','16','',''),
('225394211424840','10:14:00','10:14:00','3682344','17','',''),
('225394211424840','10:15:00','10:15:00','3682345','18','',''),
('225394211424840','10:16:00','10:16:00','3682346','19','',''),
('225394211424840','10:16:00','10:16:00','3682347','20','',''),
('225394211424840','10:17:00','10:17:00','3682348','21','',''),
('225394211424840','10:18:00','10:18:00','3682349','22','',''),
('225394211424840','10:19:00','10:19:00','3682350','23','',''),
('225394211424840','10:20:00','10:20:00','3682352','24','',''),
('225394211424840','10:21:00','10:21:00','3682353','25','',''),
('225394211424840','10:21:00','10:21:00','3682354','26','',''),
('225394211424840','10:22:00','10:22:00','3682355','27','',''),
('225394211424840','10:24:00','10:24:00','3682326','28','',''),
('225394211424840','10:25:00','10:25:00','3682324','29','',''),
('225394211424840','10:26:00','10:26:00','3682322','30','',''),
('225394211424840','10:27:00','10:27:00','3682320','31','',''),
('225394211424840','10:28:00','10:28:00','3682318','32','',''),
('225394211424840','10:29:00','10:29:00','3682313','33','',''),
('225394211424840','10:30:00','10:30:00','3682311','34','',''),
('225394211424840','10:31:00','10:31:00','3682308','35','',''),
('225394211424840','10:33:00','10:33:00','3682306','36','',''),
('225394211424840','10:34:00','10:34:00','3682356','37','',''),
('225394211424840','10:35:00','10:35:00','3682302','38','',''),
('225394221424840','09:42:00','09:42:00','3682329','1','',''),
('225394221424840','10:02:00','10:02:00','3682330','2','',''),
('225394221424840','10:03:00','10:03:00','3682331','3','',''),
('225394221424840','10:03:00','10:03:00','3682351','4','',''),
('225394221424840','10:04:00','10:04:00','3682332','5','',''),
('225394221424840','10:04:00','10:04:00','3682333','6','',''),
('225394221424840','10:06:00','10:06:00','3682334','7','',''),
('225394221424840','10:07:00','10:07:00','3682335','8','',''),
('225394221424840','10:08:00','10:08:00','3682336','9','',''),
('225394221424840','10:08:00','10:08:00','3682337','10','',''),
('225394221424840','10:09:00','10:09:00','3682338','11','',''),
('225394221424840','10:10:00','10:10:00','3682339','12','',''),
('225394221424840','10:11:00','10:11:00','3682340','13','',''),
('225394221424840','10:12:00','10:12:00','3682341','14','',''),
('225394221424840','10:12:00','10:12:00','3682342','15','',''),
('225394221424840','10:13:00','10:13:00','3682343','16','',''),
('225394221424840','10:14:00','10:14:00','3682344','17','',''),
('225394221424840','10:15:00','10:15:00','3682345','18','',''),
('225394221424840','10:16:00','10:16:00','3682346','19','',''),
('225394221424840','10:16:00','10:16:00','3682347','20','',''),
('225394221424840','10:17:00','10:17:00','3682348','21','',''),
('225394221424840','10:18:00','10:18:00','3682349','22','',''),
('225394221424840','10:19:00','10:19:00','3682350','23','',''),
('225394221424840','10:20:00','10:20:00','3682352','24','',''),
('225394221424840','10:21:00','10:21:00','3682353','25','',''),
('225394221424840','10:21:00','10:21:00','3682354','26','',''),
('225394221424840','10:22:00','10:22:00','3682355','27','',''),
('225394221424840','10:24:00','10:24:00','3682326','28','',''),
('225394221424840','10:25:00','10:25:00','3682324','29','',''),
('225394221424840','10:26:00','10:26:00','3682322','30','',''),
('225394221424840','10:27:00','10:27:00','3682320','31','',''),
('225394221424840','10:28:00','10:28:00','3682318','32','',''),
('225394221424840','10:29:00','10:29:00','3682313','33','',''),
('225394221424840','10:30:00','10:30:00','3682311','34','',''),
('225394221424840','10:31:00','10:31:00','3682308','35','',''),
('225394221424840','10:33:00','10:33:00','3682306','36','',''),
('225394221424840','10:34:00','10:34:00','3682356','37','',''),
('225394221424840','10:35:00','10:35:00','3682302','38','',''),
('325394211424840','11:05:00','11:05:00','3682329','1','',''),
('325394211424840','11:25:00','11:25:00','3682330','2','',''),
('325394211424840','11:26:00','11:26:00','3682331','3','',''),
('325394211424840','11:26:00','11:26:00','3682351','4','',''),
('325394211424840','11:27:00','11:27:00','3682332','5','',''),
('325394211424840','11:27:00','11:27:00','3682333','6','',''),
('325394211424840','11:29:00','11:29:00','3682334','7','',''),
('325394211424840','11:30:00','11:30:00','3682335','8','',''),
('325394211424840','11:31:00','11:31:00','3682336','9','',''),
('325394211424840','11:31:00','11:31:00','3682337','10','',''),
('325394211424840','11:32:00','11:32:00','3682338','11','',''),
('325394211424840','11:33:00','11:33:00','3682339','12','',''),
('325394211424840','11:34:00','11:34:00','3682340','13','',''),
('325394211424840','11:35:00','11:35:00','3682341','14','',''),
('325394211424840','11:35:00','11:35:00','3682342','15','',''),
('325394211424840','11:36:00','11:36:00','3682343','16','',''),
('325394211424840','11:37:00','11:37:00','3682344','17','',''),
('325394211424840','11:38:00','11:38:00','3682345','18','',''),
('325394211424840','11:39:00','11:39:00','3682346','19','',''),
('325394211424840','11:39:00','11:39:00','3682347','20','',''),
('325394211424840','11:40:00','11:40:00','3682348','21','',''),
('325394211424840','11:41:00','11:41:00','3682349','22','',''),
('325394211424840','11:42:00','11:42:00','3682350','23','',''),
('325394211424840','11:43:00','11:43:00','3682352','24','',''),
('325394211424840','11:44:00','11:44:00','3682353','25','',''),
('325394211424840','11:44:00','11:44:00','3682354','26','',''),
('325394211424840','11:45:00','11:45:00','3682355','27','',''),
('325394211424840','11:47:00','11:47:00','3682326','28','',''),
('325394211424840','11:47:00','11:47:00','3682324','29','',''),
('325394211424840','11:48:00','11:48:00','3682322','30','',''),
('325394211424840','11:49:00','11:49:00','3682320','31','',''),
('325394211424840','11:50:00','11:50:00','3682318','32','',''),
('325394211424840','11:51:00','11:51:00','3682313','33','',''),
('325394211424840','11:52:00','11:52:00','3682311','34','',''),
('325394211424840','11:53:00','11:53:00','3682308','35','',''),
('325394211424840','11:54:00','11:54:00','3682306','36','',''),
('325394211424840','11:55:00','11:55:00','3682356','37','',''),
('325394211424840','11:56:00','11:56:00','3682302','38','',''),
('325394221424840','11:05:00','11:05:00','3682329','1','',''),
('325394221424840','11:25:00','11:25:00','3682330','2','',''),
('325394221424840','11:26:00','11:26:00','3682331','3','',''),
('325394221424840','11:26:00','11:26:00','3682351','4','',''),
('325394221424840','11:27:00','11:27:00','3682332','5','',''),
('325394221424840','11:27:00','11:27:00','3682333','6','',''),
('325394221424840','11:29:00','11:29:00','3682334','7','',''),
('325394221424840','11:30:00','11:30:00','3682335','8','',''),
('325394221424840','11:31:00','11:31:00','3682336','9','',''),
('325394221424840','11:31:00','11:31:00','3682337','10','',''),
('325394221424840','11:32:00','11:32:00','3682338','11','',''),
('325394221424840','11:33:00','11:33:00','3682339','12','',''),
('325394221424840','11:34:00','11:34:00','3682340','13','',''),
('325394221424840','11:35:00','11:35:00','3682341','14','',''),
('325394221424840','11:35:00','11:35:00','3682342','15','',''),
('325394221424840','11:36:00','11:36:00','3682343','16','',''),
('325394221424840','11:37:00','11:37:00','3682344','17','',''),
('325394221424840','11:38:00','11:38:00','3682345','18','',''),
('325394221424840','11:39:00','11:39:00','3682346','19','',''),
('325394221424840','11:39:00','11:39:00','3682347','20','',''),
('325394221424840','11:40:00','11:40:00','3682348','21','',''),
('325394221424840','11:41:00','11:41:00','3682349','22','',''),
('325394221424840','11:42:00','11:42:00','3682350','23','',''),
('325394221424840','11:43:00','11:43:00','3682352','24','',''),
('325394221424840','11:44:00','11:44:00','3682353','25','',''),
('325394221424840','11:44:00','11:44:00','3682354','26','',''),
('325394221424840','11:45:00','11:45:00','3682355','27','',''),
('325394221424840','11:47:00','11:47:00','3682326','28','',''),
('325394221424840','11:47:00','11:47:00','3682324','29','',''),
('325394221424840','11:48:00','11:48:00','3682322','30','',''),
('325394221424840','11:49:00','11:49:00','3682320','31','',''),
('325394221424840','11:50:00','11:50:00','3682318','32','',''),
('325394221424840','11:51:00','11:51:00','3682313','33','',''),
('325394221424840','11:52:00','11:52:00','3682311','34','',''),
('325394221424840','11:53:00','11:53:00','3682308','35','',''),
('325394221424840','11:54:00','11:54:00','3682306','36','',''),
('325394221424840','11:55:00','11:55:00','3682356','37','',''),
('325394221424840','11:56:00','11:56:00','3682302','38','',''),
('425394211424840','12:25:00','12:25:00','3682329','1','',''),
('425394211424840','12:46:00','12:46:00','3682330','2','',''),
('425394211424840','12:47:00','12:47:00','3682331','3','',''),
('425394211424840','12:47:00','12:47:00','3682351','4','',''),
('425394211424840','12:48:00','12:48:00','3682332','5','',''),
('425394211424840','12:48:00','12:48:00','3682333','6','',''),
('425394211424840','12:49:00','12:49:00','3682334','7','',''),
('425394211424840','12:50:00','12:50:00','3682335','8','',''),
('425394211424840','12:51:00','12:51:00','3682336','9','',''),
('425394211424840','12:51:00','12:51:00','3682337','10','',''),
('425394211424840','12:52:00','12:52:00','3682338','11','',''),
('425394211424840','12:53:00','12:53:00','3682339','12','',''),
('425394211424840','12:54:00','12:54:00','3682340','13','',''),
('425394211424840','12:54:00','12:54:00','3682341','14','',''),
('425394211424840','12:54:00','12:54:00','3682342','15','',''),
('425394211424840','12:55:00','12:55:00','3682343','16','',''),
('425394211424840','12:56:00','12:56:00','3682344','17','',''),
('425394211424840','12:57:00','12:57:00','3682345','18','',''),
('425394211424840','12:58:00','12:58:00','3682346','19','',''),
('425394211424840','12:58:00','12:58:00','3682347','20','',''),
('425394211424840','12:59:00','12:59:00','3682348','21','',''),
('425394211424840','13:00:00','13:00:00','3682349','22','',''),
('425394211424840','13:01:00','13:01:00','3682350','23','',''),
('425394211424840','13:02:00','13:02:00','3682352','24','',''),
('425394211424840','13:03:00','13:03:00','3682353','25','',''),
('425394211424840','13:03:00','13:03:00','3682354','26','',''),
('425394211424840','13:04:00','13:04:00','3682355','27','',''),
('425394211424840','13:06:00','13:06:00','3682326','28','',''),
('425394211424840','13:06:00','13:06:00','3682324','29','',''),
('425394211424840','13:07:00','13:07:00','3682322','30','',''),
('425394211424840','13:08:00','13:08:00','3682320','31','',''),
('425394211424840','13:09:00','13:09:00','3682318','32','',''),
('425394211424840','13:10:00','13:10:00','3682313','33','',''),
('425394211424840','13:11:00','13:11:00','3682311','34','',''),
('425394211424840','13:12:00','13:12:00','3682308','35','',''),
('425394211424840','13:13:00','13:13:00','3682306','36','',''),
('425394211424840','13:14:00','13:14:00','3682356','37','',''),
('425394211424840','13:15:00','13:15:00','3682302','38','',''),
('425394221424840','12:25:00','12:25:00','3682329','1','',''),
('425394221424840','12:46:00','12:46:00','3682330','2','',''),
('425394221424840','12:47:00','12:47:00','3682331','3','',''),
('425394221424840','12:47:00','12:47:00','3682351','4','',''),
('425394221424840','12:48:00','12:48:00','3682332','5','',''),
('425394221424840','12:48:00','12:48:00','3682333','6','',''),
('425394221424840','12:49:00','12:49:00','3682334','7','',''),
('425394221424840','12:50:00','12:50:00','3682335','8','',''),
('425394221424840','12:51:00','12:51:00','3682336','9','',''),
('425394221424840','12:51:00','12:51:00','3682337','10','',''),
('425394221424840','12:52:00','12:52:00','3682338','11','',''),
('425394221424840','12:53:00','12:53:00','3682339','12','',''),
('425394221424840','12:54:00','12:54:00','3682340','13','',''),
('425394221424840','12:54:00','12:54:00','3682341','14','',''),
('425394221424840','12:54:00','12:54:00','3682342','15','',''),
('425394221424840','12:55:00','12:55:00','3682343','16','',''),
('425394221424840','12:56:00','12:56:00','3682344','17','',''),
('425394221424840','12:57:00','12:57:00','3682345','18','',''),
('425394221424840','12:58:00','12:58:00','3682346','19','',''),
('425394221424840','12:58:00','12:58:00','3682347','20','',''),
('425394221424840','12:59:00','12:59:00','3682348','21','',''),
('425394221424840','13:00:00','13:00:00','3682349','22','',''),
('425394221424840','13:01:00','13:01:00','3682350','23','',''),
('425394221424840','13:02:00','13:02:00','3682352','24','',''),
('425394221424840','13:03:00','13:03:00','3682353','25','',''),
('425394221424840','13:03:00','13:03:00','3682354','26','',''),
('425394221424840','13:04:00','13:04:00','3682355','27','',''),
('425394221424840','13:06:00','13:06:00','3682326','28','',''),
('425394221424840','13:06:00','13:06:00','3682324','29','',''),
('425394221424840','13:07:00','13:07:00','3682322','30','',''),
('425394221424840','13:08:00','13:08:00','3682320','31','',''),
('425394221424840','13:09:00','13:09:00','3682318','32','',''),
('425394221424840','13:10:00','13:10:00','3682313','33','',''),
('425394221424840','13:11:00','13:11:00','3682311','34','',''),
('425394221424840','13:12:00','13:12:00','3682308','35','',''),
('425394221424840','13:13:00','13:13:00','3682306','36','',''),
('425394221424840','13:14:00','13:14:00','3682356','37','',''),
('425394221424840','13:15:00','13:15:00','3682302','38','',''),
('525394211424840','13:37:00','13:37:00','3682329','1','',''),
('525394211424840','13:57:00','13:57:00','3682330','2','',''),
('525394211424840','13:58:00','13:58:00','3682331','3','',''),
('525394211424840','13:58:00','13:58:00','3682351','4','',''),
('525394211424840','13:59:00','13:59:00','3682332','5','',''),
('525394211424840','13:59:00','13:59:00','3682333','6','',''),
('525394211424840','14:00:00','14:00:00','3682334','7','',''),
('525394211424840','14:01:00','14:01:00','3682335','8','',''),
('525394211424840','14:02:00','14:02:00','3682336','9','',''),
('525394211424840','14:02:00','14:02:00','3682337','10','',''),
('525394211424840','14:03:00','14:03:00','3682338','11','',''),
('525394211424840','14:04:00','14:04:00','3682339','12','',''),
('525394211424840','14:05:00','14:05:00','3682340','13','',''),
('525394211424840','14:05:00','14:05:00','3682341','14','',''),
('525394211424840','14:05:00','14:05:00','3682342','15','',''),
('525394211424840','14:06:00','14:06:00','3682343','16','',''),
('525394211424840','14:07:00','14:07:00','3682344','17','',''),
('525394211424840','14:08:00','14:08:00','3682345','18','',''),
('525394211424840','14:09:00','14:09:00','3682346','19','',''),
('525394211424840','14:09:00','14:09:00','3682347','20','',''),
('525394211424840','14:10:00','14:10:00','3682348','21','',''),
('525394211424840','14:11:00','14:11:00','3682349','22','',''),
('525394211424840','14:12:00','14:12:00','3682350','23','',''),
('525394211424840','14:13:00','14:13:00','3682352','24','',''),
('525394211424840','14:14:00','14:14:00','3682353','25','',''),
('525394211424840','14:14:00','14:14:00','3682354','26','',''),
('525394211424840','14:15:00','14:15:00','3682355','27','',''),
('525394211424840','14:17:00','14:17:00','3682326','28','',''),
('525394211424840','14:17:00','14:17:00','3682324','29','',''),
('525394211424840','14:18:00','14:18:00','3682322','30','',''),
('525394211424840','14:19:00','14:19:00','3682320','31','',''),
('525394211424840','14:20:00','14:20:00','3682318','32','',''),
('525394211424840','14:21:00','14:21:00','3682313','33','',''),
('525394211424840','14:22:00','14:22:00','3682311','34','',''),
('525394211424840','14:23:00','14:23:00','3682308','35','',''),
('525394211424840','14:24:00','14:24:00','3682306','36','',''),
('525394211424840','14:25:00','14:25:00','3682356','37','',''),
('525394211424840','14:26:00','14:26:00','3682302','38','',''),
('525394221424840','13:37:00','13:37:00','3682329','1','',''),
('525394221424840','13:57:00','13:57:00','3682330','2','',''),
('525394221424840','13:58:00','13:58:00','3682331','3','',''),
('525394221424840','13:58:00','13:58:00','3682351','4','',''),
('525394221424840','13:59:00','13:59:00','3682332','5','',''),
('525394221424840','13:59:00','13:59:00','3682333','6','',''),
('525394221424840','14:00:00','14:00:00','3682334','7','',''),
('525394221424840','14:01:00','14:01:00','3682335','8','',''),
('525394221424840','14:02:00','14:02:00','3682336','9','',''),
('525394221424840','14:02:00','14:02:00','3682337','10','',''),
('525394221424840','14:03:00','14:03:00','3682338','11','',''),
('525394221424840','14:04:00','14:04:00','3682339','12','',''),
('525394221424840','14:05:00','14:05:00','3682340','13','',''),
('525394221424840','14:05:00','14:05:00','3682341','14','',''),
('525394221424840','14:05:00','14:05:00','3682342','15','',''),
('525394221424840','14:06:00','14:06:00','3682343','16','',''),
('525394221424840','14:07:00','14:07:00','3682344','17','',''),
('525394221424840','14:08:00','14:08:00','3682345','18','',''),
('525394221424840','14:09:00','14:09:00','3682346','19','',''),
('525394221424840','14:09:00','14:09:00','3682347','20','',''),
('525394221424840','14:10:00','14:10:00','3682348','21','',''),
('525394221424840','14:11:00','14:11:00','3682349','22','',''),
('525394221424840','14:12:00','14:12:00','3682350','23','',''),
('525394221424840','14:13:00','14:13:00','3682352','24','',''),
('525394221424840','14:14:00','14:14:00','3682353','25','',''),
('525394221424840','14:14:00','14:14:00','3682354','26','',''),
('525394221424840','14:15:00','14:15:00','3682355','27','',''),
('525394221424840','14:17:00','14:17:00','3682326','28','',''),
('525394221424840','14:17:00','14:17:00','3682324','29','',''),
('525394221424840','14:18:00','14:18:00','3682322','30','',''),
('525394221424840','14:19:00','14:19:00','3682320','31','',''),
('525394221424840','14:20:00','14:20:00','3682318','32','',''),
('525394221424840','14:21:00','14:21:00','3682313','33','',''),
('525394221424840','14:22:00','14:22:00','3682311','34','',''),
('525394221424840','14:23:00','14:23:00','3682308','35','',''),
('525394221424840','14:24:00','14:24:00','3682306','36','',''),
('525394221424840','14:25:00','14:25:00','3682356','37','',''),
('525394221424840','14:26:00','14:26:00','3682302','38','',''),
('625394211424840','14:52:00','14:52:00','3682329','1','',''),
('625394211424840','15:12:00','15:12:00','3682330','2','',''),
('625394211424840','15:13:00','15:13:00','3682331','3','',''),
('625394211424840','15:13:00','15:13:00','3682351','4','',''),
('625394211424840','15:14:00','15:14:00','3682332','5','',''),
('625394211424840','15:14:00','15:14:00','3682333','6','',''),
('625394211424840','15:15:00','15:15:00','3682334','7','',''),
('625394211424840','15:16:00','15:16:00','3682335','8','',''),
('625394211424840','15:17:00','15:17:00','3682336','9','',''),
('625394211424840','15:17:00','15:17:00','3682337','10','',''),
('625394211424840','15:18:00','15:18:00','3682338','11','',''),
('625394211424840','15:19:00','15:19:00','3682339','12','',''),
('625394211424840','15:20:00','15:20:00','3682340','13','',''),
('625394211424840','15:20:00','15:20:00','3682341','14','',''),
('625394211424840','15:20:00','15:20:00','3682342','15','',''),
('625394211424840','15:21:00','15:21:00','3682343','16','',''),
('625394211424840','15:22:00','15:22:00','3682344','17','',''),
('625394211424840','15:23:00','15:23:00','3682345','18','',''),
('625394211424840','15:24:00','15:24:00','3682346','19','',''),
('625394211424840','15:24:00','15:24:00','3682347','20','',''),
('625394211424840','15:25:00','15:25:00','3682348','21','',''),
('625394211424840','15:26:00','15:26:00','3682349','22','',''),
('625394211424840','15:27:00','15:27:00','3682350','23','',''),
('625394211424840','15:28:00','15:28:00','3682352','24','',''),
('625394211424840','15:29:00','15:29:00','3682353','25','',''),
('625394211424840','15:29:00','15:29:00','3682354','26','',''),
('625394211424840','15:30:00','15:30:00','3682355','27','',''),
('625394211424840','15:32:00','15:32:00','3682326','28','',''),
('625394211424840','15:32:00','15:32:00','3682324','29','',''),
('625394211424840','15:33:00','15:33:00','3682322','30','',''),
('625394211424840','15:34:00','15:34:00','3682320','31','',''),
('625394211424840','15:35:00','15:35:00','3682318','32','',''),
('625394211424840','15:36:00','15:36:00','3682313','33','',''),
('625394211424840','15:37:00','15:37:00','3682311','34','',''),
('625394211424840','15:38:00','15:38:00','3682308','35','',''),
('625394211424840','15:39:00','15:39:00','3682306','36','',''),
('625394211424840','15:40:00','15:40:00','3682356','37','',''),
('625394211424840','15:41:00','15:41:00','3682302','38','',''),
('625394221424840','14:52:00','14:52:00','3682329','1','',''),
('625394221424840','15:12:00','15:12:00','3682330','2','',''),
('625394221424840','15:13:00','15:13:00','3682331','3','',''),
('625394221424840','15:13:00','15:13:00','3682351','4','',''),
('625394221424840','15:14:00','15:14:00','3682332','5','',''),
('625394221424840','15:14:00','15:14:00','3682333','6','',''),
('625394221424840','15:15:00','15:15:00','3682334','7','',''),
('625394221424840','15:16:00','15:16:00','3682335','8','',''),
('625394221424840','15:17:00','15:17:00','3682336','9','',''),
('625394221424840','15:17:00','15:17:00','3682337','10','',''),
('625394221424840','15:18:00','15:18:00','3682338','11','',''),
('625394221424840','15:19:00','15:19:00','3682339','12','',''),
('625394221424840','15:20:00','15:20:00','3682340','13','',''),
('625394221424840','15:20:00','15:20:00','3682341','14','',''),
('625394221424840','15:20:00','15:20:00','3682342','15','',''),
('625394221424840','15:21:00','15:21:00','3682343','16','',''),
('625394221424840','15:22:00','15:22:00','3682344','17','',''),
('625394221424840','15:23:00','15:23:00','3682345','18','',''),
('625394221424840','15:24:00','15:24:00','3682346','19','',''),
('625394221424840','15:24:00','15:24:00','3682347','20','',''),
('625394221424840','15:25:00','15:25:00','3682348','21','',''),
('625394221424840','15:26:00','15:26:00','3682349','22','',''),
('625394221424840','15:27:00','15:27:00','3682350','23','',''),
('625394221424840','15:28:00','15:28:00','3682352','24','',''),
('625394221424840','15:29:00','15:29:00','3682353','25','',''),
('625394221424840','15:29:00','15:29:00','3682354','26','',''),
('625394221424840','15:30:00','15:30:00','3682355','27','',''),
('625394221424840','15:32:00','15:32:00','3682326','28','',''),
('625394221424840','15:32:00','15:32:00','3682324','29','',''),
('625394221424840','15:33:00','15:33:00','3682322','30','',''),
('625394221424840','15:34:00','15:34:00','3682320','31','',''),
('625394221424840','15:35:00','15:35:00','3682318','32','',''),
('625394221424840','15:36:00','15:36:00','3682313','33','',''),
('625394221424840','15:37:00','15:37:00','3682311','34','',''),
('625394221424840','15:38:00','15:38:00','3682308','35','',''),
('625394221424840','15:39:00','15:39:00','3682306','36','',''),
('625394221424840','15:40:00','15:40:00','3682356','37','',''),
('625394221424840','15:41:00','15:41:00','3682302','38','',''),
('725394211424840','16:07:00','16:07:00','3682329','1','',''),
('725394211424840','16:27:00','16:27:00','3682330','2','',''),
('725394211424840','16:28:00','16:28:00','3682331','3','',''),
('725394211424840','16:28:00','16:28:00','3682351','4','',''),
('725394211424840','16:29:00','16:29:00','3682332','5','',''),
('725394211424840','16:30:00','16:30:00','3682333','6','',''),
('725394211424840','16:32:00','16:32:00','3682334','7','',''),
('725394211424840','16:33:00','16:33:00','3682335','8','',''),
('725394211424840','16:33:00','16:33:00','3682336','9','',''),
('725394211424840','16:34:00','16:34:00','3682337','10','',''),
('725394211424840','16:35:00','16:35:00','3682338','11','',''),
('725394211424840','16:36:00','16:36:00','3682339','12','',''),
('725394211424840','16:37:00','16:37:00','3682340','13','',''),
('725394211424840','16:38:00','16:38:00','3682341','14','',''),
('725394211424840','16:38:00','16:38:00','3682342','15','',''),
('725394211424840','16:39:00','16:39:00','3682343','16','',''),
('725394211424840','16:40:00','16:40:00','3682344','17','',''),
('725394211424840','16:41:00','16:41:00','3682345','18','',''),
('725394211424840','16:42:00','16:42:00','3682346','19','',''),
('725394211424840','16:42:00','16:42:00','3682347','20','',''),
('725394211424840','16:43:00','16:43:00','3682348','21','',''),
('725394211424840','16:44:00','16:44:00','3682349','22','',''),
('725394211424840','16:45:00','16:45:00','3682350','23','',''),
('725394211424840','16:46:00','16:46:00','3682352','24','',''),
('725394211424840','16:47:00','16:47:00','3682353','25','',''),
('725394211424840','16:47:00','16:47:00','3682354','26','',''),
('725394211424840','16:48:00','16:48:00','3682355','27','',''),
('725394211424840','16:50:00','16:50:00','3682326','28','',''),
('725394211424840','16:50:00','16:50:00','3682324','29','',''),
('725394211424840','16:51:00','16:51:00','3682322','30','',''),
('725394211424840','16:52:00','16:52:00','3682320','31','',''),
('725394211424840','16:53:00','16:53:00','3682318','32','',''),
('725394211424840','16:54:00','16:54:00','3682313','33','',''),
('725394211424840','16:55:00','16:55:00','3682311','34','',''),
('725394211424840','16:56:00','16:56:00','3682308','35','',''),
('725394211424840','16:57:00','16:57:00','3682306','36','',''),
('725394211424840','16:58:00','16:58:00','3682356','37','',''),
('725394211424840','16:59:00','16:59:00','3682302','38','',''),
('725394221424840','16:07:00','16:07:00','3682329','1','',''),
('725394221424840','16:27:00','16:27:00','3682330','2','',''),
('725394221424840','16:28:00','16:28:00','3682331','3','',''),
('725394221424840','16:28:00','16:28:00','3682351','4','',''),
('725394221424840','16:29:00','16:29:00','3682332','5','',''),
('725394221424840','16:30:00','16:30:00','3682333','6','',''),
('725394221424840','16:32:00','16:32:00','3682334','7','',''),
('725394221424840','16:33:00','16:33:00','3682335','8','',''),
('725394221424840','16:33:00','16:33:00','3682336','9','',''),
('725394221424840','16:34:00','16:34:00','3682337','10','',''),
('725394221424840','16:35:00','16:35:00','3682338','11','',''),
('725394221424840','16:36:00','16:36:00','3682339','12','',''),
('725394221424840','16:37:00','16:37:00','3682340','13','',''),
('725394221424840','16:38:00','16:38:00','3682341','14','',''),
('725394221424840','16:38:00','16:38:00','3682342','15','',''),
('725394221424840','16:39:00','16:39:00','3682343','16','',''),
('725394221424840','16:40:00','16:40:00','3682344','17','',''),
('725394221424840','16:41:00','16:41:00','3682345','18','',''),
('725394221424840','16:42:00','16:42:00','3682346','19','',''),
('725394221424840','16:42:00','16:42:00','3682347','20','',''),
('725394221424840','16:43:00','16:43:00','3682348','21','',''),
('725394221424840','16:44:00','16:44:00','3682349','22','',''),
('725394221424840','16:45:00','16:45:00','3682350','23','',''),
('725394221424840','16:46:00','16:46:00','3682352','24','',''),
('725394221424840','16:47:00','16:47:00','3682353','25','',''),
('725394221424840','16:47:00','16:47:00','3682354','26','',''),
('725394221424840','16:48:00','16:48:00','3682355','27','',''),
('725394221424840','16:50:00','16:50:00','3682326','28','',''),
('725394221424840','16:50:00','16:50:00','3682324','29','',''),
('725394221424840','16:51:00','16:51:00','3682322','30','',''),
('725394221424840','16:52:00','16:52:00','3682320','31','',''),
('725394221424840','16:53:00','16:53:00','3682318','32','',''),
('725394221424840','16:54:00','16:54:00','3682313','33','',''),
('725394221424840','16:55:00','16:55:00','3682311','34','',''),
('725394221424840','16:56:00','16:56:00','3682308','35','',''),
('725394221424840','16:57:00','16:57:00','3682306','36','',''),
('725394221424840','16:58:00','16:58:00','3682356','37','',''),
('725394221424840','16:59:00','16:59:00','3682302','38','',''),
('825394211424840','17:25:00','17:25:00','3682329','1','',''),
('825394211424840','17:46:00','17:46:00','3682330','2','',''),
('825394211424840','17:47:00','17:47:00','3682331','3','',''),
('825394211424840','17:47:00','17:47:00','3682351','4','',''),
('825394211424840','17:48:00','17:48:00','3682332','5','',''),
('825394211424840','17:49:00','17:49:00','3682333','6','',''),
('825394211424840','17:51:00','17:51:00','3682334','7','',''),
('825394211424840','17:52:00','17:52:00','3682335','8','',''),
('825394211424840','17:52:00','17:52:00','3682336','9','',''),
('825394211424840','17:53:00','17:53:00','3682337','10','',''),
('825394211424840','17:54:00','17:54:00','3682338','11','',''),
('825394211424840','17:55:00','17:55:00','3682339','12','',''),
('825394211424840','17:56:00','17:56:00','3682340','13','',''),
('825394211424840','17:57:00','17:57:00','3682341','14','',''),
('825394211424840','17:57:00','17:57:00','3682342','15','',''),
('825394211424840','17:58:00','17:58:00','3682343','16','',''),
('825394211424840','17:59:00','17:59:00','3682344','17','',''),
('825394211424840','18:00:00','18:00:00','3682345','18','',''),
('825394211424840','18:01:00','18:01:00','3682346','19','',''),
('825394211424840','18:01:00','18:01:00','3682347','20','',''),
('825394211424840','18:02:00','18:02:00','3682348','21','',''),
('825394211424840','18:03:00','18:03:00','3682349','22','',''),
('825394211424840','18:04:00','18:04:00','3682350','23','',''),
('825394211424840','18:05:00','18:05:00','3682352','24','',''),
('825394211424840','18:06:00','18:06:00','3682353','25','',''),
('825394211424840','18:06:00','18:06:00','3682354','26','',''),
('825394211424840','18:07:00','18:07:00','3682355','27','',''),
('825394211424840','18:09:00','18:09:00','3682326','28','',''),
('825394211424840','18:10:00','18:10:00','3682324','29','',''),
('825394211424840','18:11:00','18:11:00','3682322','30','',''),
('825394211424840','18:12:00','18:12:00','3682320','31','',''),
('825394211424840','18:13:00','18:13:00','3682318','32','',''),
('825394211424840','18:14:00','18:14:00','3682313','33','',''),
('825394211424840','18:15:00','18:15:00','3682311','34','',''),
('825394211424840','18:16:00','18:16:00','3682308','35','',''),
('825394211424840','18:17:00','18:17:00','3682306','36','',''),
('825394211424840','18:18:00','18:18:00','3682356','37','',''),
('825394211424840','18:19:00','18:19:00','3682302','38','',''),
('825394221424840','17:25:00','17:25:00','3682329','1','',''),
('825394221424840','17:46:00','17:46:00','3682330','2','',''),
('825394221424840','17:47:00','17:47:00','3682331','3','',''),
('825394221424840','17:47:00','17:47:00','3682351','4','',''),
('825394221424840','17:48:00','17:48:00','3682332','5','',''),
('825394221424840','17:49:00','17:49:00','3682333','6','',''),
('825394221424840','17:51:00','17:51:00','3682334','7','',''),
('825394221424840','17:52:00','17:52:00','3682335','8','',''),
('825394221424840','17:52:00','17:52:00','3682336','9','',''),
('825394221424840','17:53:00','17:53:00','3682337','10','',''),
('825394221424840','17:54:00','17:54:00','3682338','11','',''),
('825394221424840','17:55:00','17:55:00','3682339','12','',''),
('825394221424840','17:56:00','17:56:00','3682340','13','',''),
('825394221424840','17:57:00','17:57:00','3682341','14','',''),
('825394221424840','17:57:00','17:57:00','3682342','15','',''),
('825394221424840','17:58:00','17:58:00','3682343','16','',''),
('825394221424840','17:59:00','17:59:00','3682344','17','',''),
('825394221424840','18:00:00','18:00:00','3682345','18','',''),
('825394221424840','18:01:00','18:01:00','3682346','19','',''),
('825394221424840','18:01:00','18:01:00','3682347','20','',''),
('825394221424840','18:02:00','18:02:00','3682348','21','',''),
('825394221424840','18:03:00','18:03:00','3682349','22','',''),
('825394221424840','18:04:00','18:04:00','3682350','23','',''),
('825394221424840','18:05:00','18:05:00','3682352','24','',''),
('825394221424840','18:06:00','18:06:00','3682353','25','',''),
('825394221424840','18:06:00','18:06:00','3682354','26','',''),
('825394221424840','18:07:00','18:07:00','3682355','27','',''),
('825394221424840','18:09:00','18:09:00','3682326','28','',''),
('825394221424840','18:10:00','18:10:00','3682324','29','',''),
('825394221424840','18:11:00','18:11:00','3682322','30','',''),
('825394221424840','18:12:00','18:12:00','3682320','31','',''),
('825394221424840','18:13:00','18:13:00','3682318','32','',''),
('825394221424840','18:14:00','18:14:00','3682313','33','',''),
('825394221424840','18:15:00','18:15:00','3682311','34','',''),
('825394221424840','18:16:00','18:16:00','3682308','35','',''),
('825394221424840','18:17:00','18:17:00','3682306','36','',''),
('825394221424840','18:18:00','18:18:00','3682356','37','',''),
('825394221424840','18:19:00','18:19:00','3682302','38','',''),
('125394190869625','06:39:00','06:39:00','3682294','1','',''),
('125394190869625','06:40:00','06:40:00','3682295','2','',''),
('125394190869625','06:41:00','06:41:00','3682296','3','',''),
('125394190869625','06:42:00','06:42:00','3682297','4','',''),
('125394190869625','06:43:00','06:43:00','3682298','5','',''),
('125394190869625','06:44:00','06:44:00','3682299','6','',''),
('125394190869625','06:47:00','06:47:00','3682300','7','',''),
('125394190869626','18:25:00','18:25:00','3682284','1','',''),
('125394190869626','18:26:00','18:26:00','3682285','2','',''),
('125394190869626','18:27:00','18:27:00','3682286','3','',''),
('125394190869626','18:29:00','18:29:00','3682287','4','',''),
('125394190869626','18:31:00','18:31:00','3682288','5','',''),
('125394190869626','18:31:00','18:31:00','3682289','6','',''),
('125394190869626','18:32:00','18:32:00','3682290','7','',''),
('125394190869626','18:33:00','18:33:00','3682291','8','',''),
('125394190869626','18:34:00','18:34:00','3682292','9','',''),
('125394190869626','18:35:00','18:35:00','3682293','10','',''),
('125394190869626','18:36:00','18:36:00','3682294','11','',''),
('125394190869626','18:37:00','18:37:00','3682295','12','',''),
('125394190869626','18:38:00','18:38:00','3682296','13','',''),
('125394190869626','18:39:00','18:39:00','3682297','14','',''),
('125394190869626','18:41:00','18:41:00','3682298','15','',''),
('125394190869626','18:42:00','18:42:00','3682299','16','',''),
('125394190869626','18:46:00','18:46:00','3682300','17','',''),
('125394200869626','18:25:00','18:25:00','3682284','1','',''),
('125394200869626','18:26:00','18:26:00','3682285','2','',''),
('125394200869626','18:27:00','18:27:00','3682286','3','',''),
('125394200869626','18:29:00','18:29:00','3682287','4','',''),
('125394200869626','18:31:00','18:31:00','3682288','5','',''),
('125394200869626','18:31:00','18:31:00','3682289','6','',''),
('125394200869626','18:32:00','18:32:00','3682290','7','',''),
('125394200869626','18:33:00','18:33:00','3682291','8','',''),
('125394200869626','18:34:00','18:34:00','3682292','9','',''),
('125394200869626','18:35:00','18:35:00','3682293','10','',''),
('125394200869626','18:36:00','18:36:00','3682294','11','',''),
('125394200869626','18:37:00','18:37:00','3682295','12','',''),
('125394200869626','18:38:00','18:38:00','3682296','13','',''),
('125394200869626','18:39:00','18:39:00','3682297','14','',''),
('125394200869626','18:41:00','18:41:00','3682298','15','',''),
('125394200869626','18:42:00','18:42:00','3682299','16','',''),
('125394200869626','18:46:00','18:46:00','3682300','17','','');
INSERT INTO calendar (service_id,monday,tuesday,wednesday,thursday,friday,saturday,sunday,start_date,end_date) VALUES
('2539419','0','0','0','0','0','0','0','20171221','20180202'),
('2539420','0','0','0','0','0','0','0','20171223','20180203'),
('2539421','0','0','0','0','0','0','0','20171221','20180202'),
('2539422','0','0','0','0','0','0','0','20171223','20180203');
INSERT INTO calendar_dates (service_id,date,exception_type) VALUES
('2539419','20171221','1'),
('2539419','20171222','1'),
('2539419','20171226','1'),
('2539419','20171227','1'),
('2539419','20171228','1'),
('2539419','20171229','1'),
('2539419','20180102','1'),
('2539419','20180103','1'),
('2539419','20180104','1'),
('2539419','20180105','1'),
('2539419','20180108','1'),
('2539419','20180109','1'),
('2539419','20180110','1'),
('2539419','20180111','1'),
('2539419','20180112','1'),
('2539419','20180115','1'),
('2539419','20180116','1'),
('2539419','20180117','1'),
('2539419','20180118','1'),
('2539419','20180119','1'),
('2539419','20180122','1'),
('2539419','20180123','1'),
('2539419','20180124','1'),
('2539419','20180125','1'),
('2539419','20180126','1'),
('2539419','20180129','1'),
('2539419','20180130','1'),
('2539419','20180131','1'),
('2539419','20180201','1'),
('2539419','20180202','1'),
('2539420','20171223','1'),
('2539420','20171230','1'),
('2539420','20180106','1'),
('2539420','20180113','1'),
('2539420','20180120','1'),
('2539420','20180127','1'),
('2539420','20180203','1'),
('2539421','20171221','1'),
('2539421','20171222','1'),
('2539421','20171226','1'),
('2539421','20171227','1'),
('2539421','20171228','1'),
('2539421','20171229','1'),
('2539421','20180102','1'),
('2539421','20180103','1'),
('2539421','20180104','1'),
('2539421','20180105','1'),
('2539421','20180108','1'),
('2539421','20180109','1'),
('2539421','20180110','1'),
('2539421','20180111','1'),
('2539421','20180112','1'),
('2539421','20180115','1'),
('2539421','20180116','1'),
('2539421','20180117','1'),
('2539421','20180118','1'),
('2539421','20180119','1'),
('2539421','20180122','1'),
('2539421','20180123','1'),
('2539421','20180124','1'),
('2539421','20180125','1'),
('2539421','20180126','1'),
('2539421','20180129','1'),
('2539421','20180130','1'),
('2539421','20180131','1'),
('2539421','20180201','1'),
('2539421','20180202','1'),
('2539422','20171223','1'),
('2539422','20171230','1'),
('2539422','20180106','1'),
('2539422','20180113','1'),
('2539422','20180120','1'),
('2539422','20180127','1'),
('2539422','20180203','1');
INSERT INTO routes (route_id,agency_id,route_short_name,route_long_name,route_desc,route_type,route_url,route_color,route_text_color) VALUES
('1787846','100','546','TUB (BONDY <-> LA MARE A LA VEUVE) - Aller','','3','','FFFFFF','000000'),
('1787847','100','546','TUB (BONDY <-> LA MARE A LA VEUVE) - Retour','','3','','FFFFFF','000000'),
('870251','100','546','TUB (BONDY <-> LA MARE A LA VEUVE) - Aller','','3','','FFFFFF','000000');
INSERT INTO agency (agency_id,agency_name,agency_url,agency_timezone,agency_lang,agency_phone) VALUES
('100','RATP (100)','http://www.ratp.fr/','CET','','');
INSERT INTO trips (route_id,service_id,trip_id,trip_headsign,trip_short_name,direction_id,shape_id) VALUES
('1787846','2539421','1025394210869628','','10','0',''),
('1787846','2539421','125394210869628','','1','0',''),
('1787846','2539422','125394220869628','','1','0',''),
('1787846','2539421','225394210869628','','2','0',''),
('1787846','2539422','225394220869628','','2','0',''),
('1787846','2539421','325394210869628','','3','0',''),
('1787846','2539422','325394220869628','','3','0',''),
('1787846','2539421','425394210869628','','4','0',''),
('1787846','2539422','425394220869628','','4','0',''),
('1787846','2539421','525394210869628','','5','0',''),
('1787846','2539422','525394220869628','','5','0',''),
('1787846','2539421','625394210869628','','6','0',''),
('1787846','2539422','625394220869628','','6','0',''),
('1787846','2539421','725394210869628','','7','0',''),
('1787846','2539422','725394220869628','','7','0',''),
('1787846','2539421','825394210869628','','8','0',''),
('1787846','2539422','825394220869628','','8','0',''),
('1787846','2539421','925394210869628','','9','0',''),
('1787846','2539422','125394220869631','','1','0',''),
('1787847','2539421','125394210869627','','1','1',''),
('1787847','2539422','125394220869627','','1','1',''),
('1787847','2539421','225394210869627','','2','1',''),
('1787847','2539421','125394211424839','','1','1',''),
('1787847','2539421','125394211424840','','1','1',''),
('1787847','2539422','125394221424840','','1','1',''),
('1787847','2539421','225394211424840','','2','1',''),
('1787847','2539422','225394221424840','','2','1',''),
('1787847','2539421','325394211424840','','3','1',''),
('1787847','2539422','325394221424840','','3','1',''),
('1787847','2539421','425394211424840','','4','1',''),
('1787847','2539422','425394221424840','','4','1',''),
('1787847','2539421','525394211424840','','5','1',''),
('1787847','2539422','525394221424840','','5','1',''),
('1787847','2539421','625394211424840','','6','1',''),
('1787847','2539422','625394221424840','','6','1',''),
('1787847','2539421','725394211424840','','7','1',''),
('1787847','2539422','725394221424840','','7','1',''),
('1787847','2539421','825394211424840','','8','1',''),
('1787847','2539422','825394221424840','','8','1',''),
('870251','2539419','125394190869625','','1','0',''),
('870251','2539419','125394190869626','','1','0',''),
('870251','2539420','125394200869626','','1','0','');
INSERT INTO transfers (from_stop_id,to_stop_id,transfer_type,min_transfer_time) VALUES
('4614697','3682287','2','138'),
('4118158','3682334','2','76'),
('4614769','3682311','2','31'),
('4118162','3682338','2','54'),
('4614772','3682313','2','92'),
('6682658','3682287','2','129'),
('4146137','3682335','2','90'),
('6869676','3682336','2','55'),
('4614609','3682355','2','109'),
('6869734','3682341','2','113'),
('4614604','3682307','2','12'),
('6682715','3682353','2','117'),
('4614704','3682332','2','20'),
('4614630','3682353','2','117'),
('6682669','3682340','2','108'),
('4614630','3682354','2','94'),
('6682715','3682354','2','94'),
('3672185','3682335','2','90'),
('3731675','3682338','2','93'),
('5747176','3682345','2','137'),
('3672249','3682339','2','54'),
('3682345','3682215','2','137'),
('3682334','3682171','2','76'),
('6682667','3682340','2','121'),
('3682334','3682170','2','109'),
('6869798','3682343','2','80'),
('6869796','3682341','2','113'),
('6869708','3682343','2','94'),
('3682332','3682209','2','136'),
('4614766','3682300','2','109'),
('5794684','3682334','2','76'),
('6682663','3682351','2','79'),
('3672190','3682339','2','54'),
('4614696','3682355','2','129'),
('4614763','3682331','2','106'),
('6682659','3682300','2','109'),
('4614613','3682331','2','106'),
('3672193','3682338','2','86'),
('6682670','3682340','2','6'),
('5747175','3682344','2','27'),
('6575259','3682348','2','99'),
('3682332','3682167','2','136'),
('4614607','3682355','2','129'),
('4614697','3682355','2','15'),
('4035520','3682345','2','137'),
('6575253','3682331','2','106'),
('4614606','3682287','2','71'),
('4614693','3682307','2','12'),
('4118167','3682343','2','80'),
('5794626','3682334','2','109'),
('3672248','3682340','2','108'),
('4614702','3682351','2','18'),
('4614597','3682313','2','92'),
('4614612','3682351','2','90'),
('6869753','3682341','2','100'),
('3682031','3682332','2','136'),
('4614602','3682310','2','31'),
('6869680','3682341','2','100'),
('6869736','3682343','2','80'),
('4614693','3682288','2','12'),
('4614608','3682305','2','138'),
('6869794','3682336','2','55'),
('4614615','3682332','2','20'),
('5150462','3682336','2','55'),
('6869585','3682336','2','55'),
('6869593','3682338','2','54'),
('6869801','3682338','2','54'),
('3672127','3682338','2','99'),
('6869590','3682339','2','54'),
('4614602','3682290','2','31'),
('4614608','3682300','2','15'),
('4614763','3682351','2','18'),
('4146108','3682335','2','90'),
('3672167','3682335','2','90'),
('3672250','3682338','2','99'),
('4614608','3682287','2','138'),
('4614611','3682330','2','8'),
('3672273','3682340','2','108'),
('4614609','3682300','2','109'),
('4614698','3682300','2','109'),
('4614613','3682351','2','18'),
('3672274','3682339','2','54'),
('4614767','3682355','2','129'),
('4614695','3682287','2','71'),
('6869732','3682336','2','55'),
('4614604','3682288','2','12'),
('3672247','3682340','2','121'),
('3672119','3682334','2','23'),
('4614596','3682313','2','67'),
('6575253','3682351','2','18'),
('6869752','3682342','2','82'),
('6869679','3682341','2','113'),
('3672271','3682335','2','90'),
('4614700','3682330','2','8'),
('4118165','3682341','2','113'),
('3672188','3682340','2','108'),
('3672192','3682338','2','99'),
('6869751','3682343','2','94'),
('4614702','3682331','2','106'),
('3672120','3682335','2','90'),
('5747179','3682334','2','109'),
('3672232','3682335','2','90'),
('6869589','3682340','2','6'),
('4614691','3682310','2','31'),
('4035522','3682334','2','76'),
('6682662','3682351','2','90'),
('4614696','3682300','2','129'),
('3672128','3682338','2','86'),
('6682661','3682330','2','8'),
('4614696','3682306','2','71'),
('5747172','3682343','2','108'),
('6682665','3682334','2','23'),
('4614719','3682353','2','117'),
('6682666','3682335','2','90'),
('4614719','3682354','2','94'),
('4146133','3682338','2','86'),
('4614766','3682355','2','109'),
('3682334','3682212','2','109'),
('5150464','3682341','2','113'),
('4614692','3682311','2','31'),
('4614607','3682306','2','71'),
('6682658','3682305','2','129'),
('3672246','3682335','2','90'),
('4146104','3682338','2','86'),
('3672121','3682340','2','121'),
('3682334','3682213','2','76'),
('4614697','3682300','2','15'),
('4614607','3682300','2','129'),
('6575251','3682332','2','20'),
('3672189','3682340','2','6'),
('4614697','3682305','2','138'),
('4118157','3682345','2','137'),
('3672275','3682338','2','99'),
('6575260','3682348','2','127'),
('6869588','3682340','2','108'),
('4146109','3682334','2','23'),
('4614768','3682308','2','12'),
('4614701','3682351','2','90'),
('4614762','3682332','2','20'),
('6575254','3682351','2','90'),
('4118164','3682340','2','6'),
('4614765','3682354','2','94'),
('6869803','3682340','2','6'),
('4614608','3682355','2','15'),
('4614765','3682353','2','117'),
('6682673','3682338','2','99'),
('4614603','3682311','2','31'),
('4614767','3682306','2','71'),
('3672186','3682340','2','121'),
('3672125','3682339','2','54'),
('3682037','3682345','2','137'),
('3672184','3682334','2','23'),
('4614605','3682308','2','12'),
('4614698','3682355','2','109'),
('4614606','3682305','2','71'),
('4614767','3682300','2','129'),
('6682671','3682339','2','54'),
('6682659','3682355','2','109'),
('3682345','3682173','2','137'),
('6682713','3682335','2','90'),
('6682663','3682331','2','108'),
('4146138','3682334','2','23'),
('6869682','3682342','2','82'),
('5747239','3682343','2','80'),
('3672123','3682340','2','108'),
('6869592','3682338','2','65'),
('5794683','3682345','2','137'),
('4146106','3682340','2','6'),
('3682035','3682334','2','76'),
('6682674','3682338','2','86'),
('4614694','3682308','2','12'),
('5150466','3682343','2','80'),
('3672124','3682340','2','6'),
('5747178','3682334','2','76'),
('4614695','3682305','2','71'),
('3731674','3682338','2','80'),
('4614691','3682290','2','31'),
('4146135','3682340','2','6'),
('4035523','3682334','2','109'),
('3682034','3682334','2','109'),
('3672272','3682340','2','121'),
('6869683','3682343','2','80');
INSERT INTO stops (stop_id,stop_code,stop_name,stop_desc,stop_lat,stop_lon,location_type,parent_station) VALUES
('3682339','','RABELAIS','AVENUE HENRI VARAGNAT - 93010','48.91695910540304','2.484400525396555','0',''),
('3682337','','SUZANNE BUISSON','FACE 9 AVENUE LEON BLUM - 93010','48.913892372405016','2.478760482639465','0',''),
('3682338','','JOUHAUX - BLUM','24 AV LEON BLUM - 93010','48.917297449108766','2.479601585394782','0',''),
('3682335','','PAUL RENAUD','FACE 5 RUE PAUL RENAUD - 93010','48.910341920328406','2.479241618110349','0',''),
('3682336','','AMBROISE PARE','FACE 1-3 AVENUE JEAN MOULIN - 93010','48.91050698216253','2.476447040198533','0',''),
('3682333','','GATINE RN3','54 AVENUE GALLIENI - 93010','48.905007103245715','2.476268671049849','0',''),
('3682334','','AUGUSTE POLISSARD','6 ROUTE D''AULNAY - 93010','48.90685353237826','2.4804181583345417','0',''),
('3682284','','LA MARE A LA VEUVE','ROND-POINT GEORGES BRASSENS - 93010','48.890118186198556','2.481489503492388','0',''),
('3682288','','L''ETOILE','100 ROUTE DE VILLEMOMBLE - 93010','48.8927463896491','2.485599334584045','0',''),
('3682287','','VARSOVIE','RUE DE VARSOVIE - 93010','48.89363546520329','2.4787460614643035','0',''),
('3682286','','METZ - ETIENNE DOLET','1 AV DE METZ - 93010','48.89067076760361','2.477838448808409','0',''),
('3682285','','PLACE MENDES FRANCE','96 PL MENDES FRANCE - 93010','48.88939625193998','2.4839134105672915','0',''),
('3682289','','PIERRE CURIE','ROUTE DE VILLEMOMBLE - 93010','48.892123042361185','2.4881735184332183','0',''),
('3682332','','LYCEE VIONNET - RENOIR','1 RUE JULES GUESDE - 93010','48.90426396581919','2.4738536981285146','0',''),
('3682331','','EGLISE DE BONDY','75 RUE JULES GUESDE - 93010','48.90306932325303','2.480952996252528','0',''),
('3682330','','BLANQUI - CARNOT.','49 AVENUE CARNOT - 93010','48.90015655155534','2.4817355499715297','0',''),
('3682326','','VAILLANT - SOLIDARITE','84 R EDOUARD VAILLANT - 93010','48.89549740240577','2.4848439099106594','0',''),
('3682327','','EDOUARD VAILLANT - CARNOT','127 AVENUE CARNOT - 93010','48.89665354956417','2.4800901054993765','0',''),
('3682328','','BLANQUI - CARNOT','49 AVENUE CARNOT - 93010','48.900075717229335','2.4816944299365256','0',''),
('3682329','','BLANQUI - CARNOT','49 AVENUE CARNOT - 93010','48.900075717229335','2.4816944299365256','0',''),
('3682322','','CORNEILLE','164 R EDOUARD VAILLANT - 93010','48.89451778813507','2.4919423974845074','0',''),
('3682323','','LA REMISE A JORELLE','131 RUE EDOUARD VAILLANT - 93010','48.895070151594346','2.488713680079425','0',''),
('3682291','','PHILOSOPHIE','42 RUE SAINT-LOUIS PROLONGEE - 93010','48.89056871610303','2.4947654542780087','0',''),
('3682324','','LA REMISE A JORELLE','FACE 131 R EDOUARD VAILLANT - 93010','48.89497134506774','2.4886725006790553','0',''),
('3682290','','LA SABLIERE','FACE 21 ROUTE DE VILLEMOMBLE - 93010','48.89124834937275','2.4904743115017753','0',''),
('3682325','','VAILLANT - SOLIDARITE','FACE 76 RUE EDOUARD VAILLANT - 93010','48.89559615956323','2.484925973405418','0',''),
('3682293','','FRANKLIN - SABLIERE','FACE 45 AVENUE FRANKLIN - 93077','48.89467753886772','2.5002027365048076','0',''),
('3682292','','FRANKLIN - COQUETIERS','8 AVENUE FRANKLIN - 93077','48.89269402898734','2.4982474651445354','0',''),
('3682295','','LES COQUETIERS','261 RUE EDOUARD VAILLANT - 93010','48.8937544568861','2.498291649002699','0',''),
('3682294','','ANATOLE FRANCE - BLANQUI','38 AVENUE ANATOLE FRANCE - 93010','48.89540609193745','2.4997688567730845','0',''),
('3682297','','CORNEILLE','RUE EDOUARD VAILLANT - 93010','48.89460732315696','2.492201636932791','0',''),
('3682296','','ALOUETTES','241 RUE DES ALOUETTES - 93010','48.89401766478635','2.496370642162232','0',''),
('3682299','','VAILLANT - SOLIDARITE','FACE 76 RUE EDOUARD VAILLANT - 93010','48.89559615956323','2.484925973405418','0',''),
('3682298','','LA REMISE A JORELLE','131 RUE EDOUARD VAILLANT - 93010','48.895070151594346','2.488713680079425','0',''),
('3682321','','CORNEILLE','RUE EDOUARD VAILLANT - 93010','48.89460732315696','2.492201636932791','0',''),
('3682320','','ALOUETTES','228 R EDOUARD VAILLANT - 93010','48.89379192840858','2.497160483465929','0',''),
('3682313','','PHILOSOPHIE','R ALEXIS CARREL - 93010','48.88964325369976','2.4945990960401216','0',''),
('3682314','','FRANKLIN - COQUETIERS','8 AVENUE FRANKLIN - 93077','48.89269402898734','2.4982474651445354','0',''),
('3682311','','LA SABLIERE','FACE 134 RTE DE VILLEMOMBLE - 93010','48.89154517079348','2.4902843786694984','0',''),
('3682312','','PHILOSOPHIE','42 RUE SAINT-LOUIS PROLONGEE - 93010','48.89056871610303','2.4947654542780087','0',''),
('3682317','','LES COQUETIERS','261 RUE EDOUARD VAILLANT - 93010','48.8937544568861','2.498291649002699','0',''),
('3682318','','LES COQUETIERS','AV ANATOLE FRANCE - 93010','48.89274863193003','2.497743338489926','0',''),
('3682315','','FRANKLIN - SABLIERE','FACE 45 AVENUE FRANKLIN - 93077','48.89467753886772','2.5002027365048076','0',''),
('3682316','','ANATOLE FRANCE - BLANQUI','38 AVENUE ANATOLE FRANCE - 93010','48.89540609193745','2.4997688567730845','0',''),
('3682356','','DOLET-BELFORT','FACE 27 RUE ETIENNE DOLET - 93010','48.891632731492024','2.477554842271514','0',''),
('3682319','','ALOUETTES','241 RUE DES ALOUETTES - 93010','48.89401766478635','2.496370642162232','0',''),
('3682355','','GARE DE BONDY RER','FACE 11 RUE DE LA LIBERTE - 93010','48.894929791473565','2.4785996631200384','0',''),
('3682350','','BLANQUI - FURCI','71 RUE LOUIS AUGUSTE BLANQUI - 93010','48.89908422197564','2.4840771420758485','0',''),
('3682353','','FRATERNITE','6 BIS RUE DE LA FRATERNITE - 93010','48.89888685045415','2.4762931462601703','0',''),
('3682354','','SALENGRO','106 RUE SALENGRO - 93010','48.89701657388483','2.477105972939903','0',''),
('3682351','','EGLISE DE BONDY.','75 RUE JULES GUESDE - 93010','48.90331356074981','2.4796313305947475','0',''),
('3682352','','LE MAINGUY','32 RUE JEAN JAURES - 93010','48.9002438871064','2.4763104190381524','0',''),
('3682310','','LA SABLIERE','FACE 21 ROUTE DE VILLEMOMBLE - 93010','48.89124834937275','2.4904743115017753','0',''),
('3682300','','GARE DE BONDY RER','FACE 11 RUE DE LA LIBERTE - 93010','48.894929791473565','2.4785996631200384','0',''),
('3682301','','LA MARE A LA VEUVE','ROND-POINT GEORGES BRASSENS - 93010','48.890118186198556','2.481489503492388','0',''),
('3682302','','LA MARE A LA VEUVE','ROND-POINT GEORGES BRASSENS - 93010','48.890118186198556','2.481489503492388','0',''),
('3682303','','PLACE MENDES FRANCE','96 PL MENDES FRANCE - 93010','48.88939625193998','2.4839134105672915','0',''),
('3682304','','METZ - ETIENNE DOLET','1 AV DE METZ - 93010','48.89067076760361','2.477838448808409','0',''),
('3682305','','VARSOVIE','RUE DE VARSOVIE - 93010','48.89363546520329','2.4787460614643035','0',''),
('3682306','','VARSOVIE','FACE 24 ROUTE DE VILLEMOMBLE - 93010','48.89367013081008','2.4798229154480134','0',''),
('3682307','','L''ETOILE','100 ROUTE DE VILLEMOMBLE - 93010','48.8927463896491','2.485599334584045','0',''),
('3682308','','L''ETOILE','FACE 100 ROUTE DE VILLEMOMBLE - 93010','48.8928360914602','2.485735887820397','0',''),
('3682345','','LEO LAGRANGE','2 AVENUE VERDUN - 93010','48.90636673535672','2.4888966678640814','0',''),
('3682309','','PIERRE CURIE','ROUTE DE VILLEMOMBLE - 93010','48.892123042361185','2.4881735184332183','0',''),
('3682344','','HOPITAL JEAN VERDIER','CHEMIN DU PONT - 93010','48.9089622306807','2.4902812877065927','0',''),
('3682347','','HENRI SELLIER','3-5 RUE DES 5 ORMES - 93010','48.90214628074003','2.4931647955004856','0',''),
('3682346','','LE SAULE BLANC','FACE 41 AVENUE DE VERDUN - 93010','48.903477789107185','2.4920782060277697','0',''),
('3682349','','BLANQUI - BERNSTEIN','FACE 130BI RUE LOUIS AUGUSTE BLANQUI - 93010','48.89829576473624','2.4893228755208097','0',''),
('3682348','','PROFESSEUR VAILLANT','FACE 23 RUE DU PROFESSEUR VAILLANT - 93010','48.899443523682145','2.491343689032779','0',''),
('3682340','','SUZANNE BUISSON.','AV HENRI VARAGNAT - 93010','48.91355557744985','2.482318323064238','0',''),
('3682341','','BENHAMOU - PROMENADE','AV MAURICE BENHAMOU - 93010','48.91230328894942','2.4848372486814627','0',''),
('3682342','','RONSARD - VILLON','VOIE PROMENADE - 93010','48.91320811924115','2.4871305076505736','0',''),
('3682343','','BOIS DE BONDY','51 AVENUE DU 14 JUILLET - 93010','48.91352629897765','2.491331036642813','0','');
