INSERT INTO stop_times (trip_id,arrival_time,departure_time,stop_id,stop_sequence,stop_headsign,shape_dist_traveled) VALUES
('1025278800858515','07:18:00','07:18:00','3619473','1','',''),
('1025278800858515','07:20:00','07:20:00','3619475','2','',''),
('1025278800858515','07:21:00','07:21:00','3619477','3','',''),
('1025278800858515','07:23:00','07:23:00','3619479','4','',''),
('1025278800858515','07:24:00','07:24:00','3619481','5','',''),
('1025278800858515','07:25:00','07:25:00','3619483','6','',''),
('1025278800858515','07:26:00','07:26:00','3619484','7','',''),
('1025278800858515','07:27:00','07:27:00','3619485','8','',''),
('1025278800858515','07:29:00','07:29:00','3619486','9','',''),
('1025278800858515','07:30:00','07:30:00','3619488','10','',''),
('1025278800858515','07:31:00','07:31:00','3619489','11','',''),
('1025279140858515','07:18:00','07:18:00','3619473','1','',''),
('1025279140858515','07:20:00','07:20:00','3619475','2','',''),
('1025279140858515','07:21:00','07:21:00','3619477','3','',''),
('1025279140858515','07:23:00','07:23:00','3619479','4','',''),
('1025279140858515','07:24:00','07:24:00','3619481','5','',''),
('1025279140858515','07:25:00','07:25:00','3619483','6','',''),
('1025279140858515','07:26:00','07:26:00','3619484','7','',''),
('1025279140858515','07:26:00','07:26:00','3619485','8','',''),
('1025279140858515','07:28:00','07:28:00','3619486','9','',''),
('1025279140858515','07:30:00','07:30:00','3619488','10','',''),
('1025279140858515','07:30:00','07:30:00','3619489','11','',''),
('1025279150858515','08:51:00','08:51:00','3619473','1','',''),
('1025279150858515','08:53:00','08:53:00','3619475','2','',''),
('1025279150858515','08:54:00','08:54:00','3619477','3','',''),
('1025279150858515','08:56:00','08:56:00','3619479','4','',''),
('1025279150858515','08:57:00','08:57:00','3619481','5','',''),
('1025279150858515','08:58:00','08:58:00','3619483','6','',''),
('1025279150858515','08:59:00','08:59:00','3619484','7','',''),
('1025279150858515','08:59:00','08:59:00','3619485','8','',''),
('1025279150858515','09:01:00','09:01:00','3619486','9','',''),
('1025279150858515','09:03:00','09:03:00','3619488','10','',''),
('1025279150858515','09:03:00','09:03:00','3619489','11','',''),
('1025279160858515','08:51:00','08:51:00','3619473','1','',''),
('1025279160858515','08:53:00','08:53:00','3619475','2','',''),
('1025279160858515','08:54:00','08:54:00','3619477','3','',''),
('1025279160858515','08:56:00','08:56:00','3619479','4','',''),
('1025279160858515','08:57:00','08:57:00','3619481','5','',''),
('1025279160858515','08:58:00','08:58:00','3619483','6','',''),
('1025279160858515','08:59:00','08:59:00','3619484','7','',''),
('1025279160858515','08:59:00','08:59:00','3619485','8','',''),
('1025279160858515','09:01:00','09:01:00','3619486','9','',''),
('1025279160858515','09:03:00','09:03:00','3619488','10','',''),
('1025279160858515','09:03:00','09:03:00','3619489','11','',''),
('1125278800858515','07:26:00','07:26:00','3619473','1','',''),
('1125278800858515','07:28:00','07:28:00','3619475','2','',''),
('1125278800858515','07:29:00','07:29:00','3619477','3','',''),
('1125278800858515','07:31:00','07:31:00','3619479','4','',''),
('1125278800858515','07:32:00','07:32:00','3619481','5','',''),
('1125278800858515','07:33:00','07:33:00','3619483','6','',''),
('1125278800858515','07:34:00','07:34:00','3619484','7','',''),
('1125278800858515','07:35:00','07:35:00','3619485','8','',''),
('1125278800858515','07:37:00','07:37:00','3619486','9','',''),
('1125278800858515','07:38:00','07:38:00','3619488','10','',''),
('1125278800858515','07:39:00','07:39:00','3619489','11','',''),
('1125279140858515','07:26:00','07:26:00','3619473','1','',''),
('1125279140858515','07:28:00','07:28:00','3619475','2','',''),
('1125279140858515','07:29:00','07:29:00','3619477','3','',''),
('1125279140858515','07:31:00','07:31:00','3619479','4','',''),
('1125279140858515','07:32:00','07:32:00','3619481','5','',''),
('1125279140858515','07:33:00','07:33:00','3619483','6','',''),
('1125279140858515','07:34:00','07:34:00','3619484','7','',''),
('1125279140858515','07:34:00','07:34:00','3619485','8','',''),
('1125279140858515','07:36:00','07:36:00','3619486','9','',''),
('1125279140858515','07:38:00','07:38:00','3619488','10','',''),
('1125279140858515','07:38:00','07:38:00','3619489','11','',''),
('1125279150858515','09:09:00','09:09:00','3619473','1','',''),
('1125279150858515','09:11:00','09:11:00','3619475','2','',''),
('1125279150858515','09:12:00','09:12:00','3619477','3','',''),
('1125279150858515','09:14:00','09:14:00','3619479','4','',''),
('1125279150858515','09:16:00','09:16:00','3619481','5','',''),
('1125279150858515','09:17:00','09:17:00','3619483','6','',''),
('1125279150858515','09:18:00','09:18:00','3619484','7','',''),
('1125279150858515','09:18:00','09:18:00','3619485','8','',''),
('1125279150858515','09:20:00','09:20:00','3619486','9','',''),
('1125279150858515','09:22:00','09:22:00','3619488','10','',''),
('1125279150858515','09:22:00','09:22:00','3619489','11','',''),
('1125279160858515','09:09:00','09:09:00','3619473','1','',''),
('1125279160858515','09:11:00','09:11:00','3619475','2','',''),
('1125279160858515','09:12:00','09:12:00','3619477','3','',''),
('1125279160858515','09:14:00','09:14:00','3619479','4','',''),
('1125279160858515','09:16:00','09:16:00','3619481','5','',''),
('1125279160858515','09:17:00','09:17:00','3619483','6','',''),
('1125279160858515','09:18:00','09:18:00','3619484','7','',''),
('1125279160858515','09:18:00','09:18:00','3619485','8','',''),
('1125279160858515','09:20:00','09:20:00','3619486','9','',''),
('1125279160858515','09:22:00','09:22:00','3619488','10','',''),
('1125279160858515','09:22:00','09:22:00','3619489','11','',''),
('1225278800858515','07:34:00','07:34:00','3619473','1','',''),
('1225278800858515','07:36:00','07:36:00','3619475','2','',''),
('1225278800858515','07:37:00','07:37:00','3619477','3','',''),
('1225278800858515','07:39:00','07:39:00','3619479','4','',''),
('1225278800858515','07:40:00','07:40:00','3619481','5','',''),
('1225278800858515','07:41:00','07:41:00','3619483','6','',''),
('1225278800858515','07:42:00','07:42:00','3619484','7','',''),
('1225278800858515','07:43:00','07:43:00','3619485','8','',''),
('1225278800858515','07:45:00','07:45:00','3619486','9','',''),
('1225278800858515','07:46:00','07:46:00','3619488','10','',''),
('1225278800858515','07:47:00','07:47:00','3619489','11','',''),
('1225279140858515','07:34:00','07:34:00','3619473','1','',''),
('1225279140858515','07:36:00','07:36:00','3619475','2','',''),
('1225279140858515','07:37:00','07:37:00','3619477','3','',''),
('1225279140858515','07:39:00','07:39:00','3619479','4','',''),
('1225279140858515','07:40:00','07:40:00','3619481','5','',''),
('1225279140858515','07:41:00','07:41:00','3619483','6','',''),
('1225279140858515','07:42:00','07:42:00','3619484','7','',''),
('1225279140858515','07:42:00','07:42:00','3619485','8','',''),
('1225279140858515','07:44:00','07:44:00','3619486','9','',''),
('1225279140858515','07:46:00','07:46:00','3619488','10','',''),
('1225279140858515','07:46:00','07:46:00','3619489','11','',''),
('1225279150858515','09:27:00','09:27:00','3619473','1','',''),
('1225279150858515','09:29:00','09:29:00','3619475','2','',''),
('1225279150858515','09:30:00','09:30:00','3619477','3','',''),
('1225279150858515','09:32:00','09:32:00','3619479','4','',''),
('1225279150858515','09:34:00','09:34:00','3619481','5','',''),
('1225279150858515','09:35:00','09:35:00','3619483','6','',''),
('1225279150858515','09:36:00','09:36:00','3619484','7','',''),
('1225279150858515','09:36:00','09:36:00','3619485','8','',''),
('1225279150858515','09:38:00','09:38:00','3619486','9','',''),
('1225279150858515','09:40:00','09:40:00','3619488','10','',''),
('1225279150858515','09:40:00','09:40:00','3619489','11','',''),
('1225279160858515','09:27:00','09:27:00','3619473','1','',''),
('1225279160858515','09:29:00','09:29:00','3619475','2','',''),
('1225279160858515','09:30:00','09:30:00','3619477','3','',''),
('1225279160858515','09:32:00','09:32:00','3619479','4','',''),
('1225279160858515','09:34:00','09:34:00','3619481','5','',''),
('1225279160858515','09:35:00','09:35:00','3619483','6','',''),
('1225279160858515','09:36:00','09:36:00','3619484','7','',''),
('1225279160858515','09:36:00','09:36:00','3619485','8','',''),
('1225279160858515','09:38:00','09:38:00','3619486','9','',''),
('1225279160858515','09:40:00','09:40:00','3619488','10','',''),
('1225279160858515','09:40:00','09:40:00','3619489','11','',''),
('125278800858515','05:35:00','05:35:00','3619473','1','',''),
('125278800858515','05:37:00','05:37:00','3619475','2','',''),
('125278800858515','05:38:00','05:38:00','3619477','3','',''),
('125278800858515','05:40:00','05:40:00','3619479','4','',''),
('125278800858515','05:41:00','05:41:00','3619481','5','',''),
('125278800858515','05:42:00','05:42:00','3619483','6','',''),
('125278800858515','05:42:00','05:42:00','3619484','7','',''),
('125278800858515','05:43:00','05:43:00','3619485','8','',''),
('125278800858515','05:44:00','05:44:00','3619486','9','',''),
('125278800858515','05:46:00','05:46:00','3619488','10','',''),
('125278800858515','05:46:00','05:46:00','3619489','11','',''),
('125279140858515','05:35:00','05:35:00','3619473','1','',''),
('125279140858515','05:37:00','05:37:00','3619475','2','',''),
('125279140858515','05:38:00','05:38:00','3619477','3','',''),
('125279140858515','05:40:00','05:40:00','3619479','4','',''),
('125279140858515','05:41:00','05:41:00','3619481','5','',''),
('125279140858515','05:42:00','05:42:00','3619483','6','',''),
('125279140858515','05:42:00','05:42:00','3619484','7','',''),
('125279140858515','05:43:00','05:43:00','3619485','8','',''),
('125279140858515','05:44:00','05:44:00','3619486','9','',''),
('125279140858515','05:46:00','05:46:00','3619488','10','',''),
('125279140858515','05:46:00','05:46:00','3619489','11','',''),
('125279150858515','05:35:00','05:35:00','3619473','1','',''),
('125279150858515','05:37:00','05:37:00','3619475','2','',''),
('125279150858515','05:38:00','05:38:00','3619477','3','',''),
('125279150858515','05:40:00','05:40:00','3619479','4','',''),
('125279150858515','05:41:00','05:41:00','3619481','5','',''),
('125279150858515','05:42:00','05:42:00','3619483','6','',''),
('125279150858515','05:42:00','05:42:00','3619484','7','',''),
('125279150858515','05:43:00','05:43:00','3619485','8','',''),
('125279150858515','05:44:00','05:44:00','3619486','9','',''),
('125279150858515','05:45:00','05:45:00','3619488','10','',''),
('125279150858515','05:45:00','05:45:00','3619489','11','',''),
('125279160858515','05:35:00','05:35:00','3619473','1','',''),
('125279160858515','05:37:00','05:37:00','3619475','2','',''),
('125279160858515','05:38:00','05:38:00','3619477','3','',''),
('125279160858515','05:40:00','05:40:00','3619479','4','',''),
('125279160858515','05:41:00','05:41:00','3619481','5','',''),
('125279160858515','05:42:00','05:42:00','3619483','6','',''),
('125279160858515','05:42:00','05:42:00','3619484','7','',''),
('125279160858515','05:43:00','05:43:00','3619485','8','',''),
('125279160858515','05:44:00','05:44:00','3619486','9','',''),
('125279160858515','05:45:00','05:45:00','3619488','10','',''),
('125279160858515','05:45:00','05:45:00','3619489','11','',''),
('1325278800858515','07:42:00','07:42:00','3619473','1','',''),
('1325278800858515','07:44:00','07:44:00','3619475','2','',''),
('1325278800858515','07:45:00','07:45:00','3619477','3','',''),
('1325278800858515','07:47:00','07:47:00','3619479','4','',''),
('1325278800858515','07:48:00','07:48:00','3619481','5','',''),
('1325278800858515','07:49:00','07:49:00','3619483','6','',''),
('1325278800858515','07:50:00','07:50:00','3619484','7','',''),
('1325278800858515','07:51:00','07:51:00','3619485','8','',''),
('1325278800858515','07:53:00','07:53:00','3619486','9','',''),
('1325278800858515','07:54:00','07:54:00','3619488','10','',''),
('1325278800858515','07:55:00','07:55:00','3619489','11','',''),
('1325279140858515','07:42:00','07:42:00','3619473','1','',''),
('1325279140858515','07:44:00','07:44:00','3619475','2','',''),
('1325279140858515','07:45:00','07:45:00','3619477','3','',''),
('1325279140858515','07:47:00','07:47:00','3619479','4','',''),
('1325279140858515','07:48:00','07:48:00','3619481','5','',''),
('1325279140858515','07:49:00','07:49:00','3619483','6','',''),
('1325279140858515','07:50:00','07:50:00','3619484','7','',''),
('1325279140858515','07:50:00','07:50:00','3619485','8','',''),
('1325279140858515','07:52:00','07:52:00','3619486','9','',''),
('1325279140858515','07:54:00','07:54:00','3619488','10','',''),
('1325279140858515','07:54:00','07:54:00','3619489','11','',''),
('1325279150858515','09:45:00','09:45:00','3619473','1','',''),
('1325279150858515','09:47:00','09:47:00','3619475','2','',''),
('1325279150858515','09:48:00','09:48:00','3619477','3','',''),
('1325279150858515','09:50:00','09:50:00','3619479','4','',''),
('1325279150858515','09:52:00','09:52:00','3619481','5','',''),
('1325279150858515','09:53:00','09:53:00','3619483','6','',''),
('1325279150858515','09:54:00','09:54:00','3619484','7','',''),
('1325279150858515','09:54:00','09:54:00','3619485','8','',''),
('1325279150858515','09:56:00','09:56:00','3619486','9','',''),
('1325279150858515','09:58:00','09:58:00','3619488','10','',''),
('1325279150858515','09:58:00','09:58:00','3619489','11','',''),
('1325279160858515','09:45:00','09:45:00','3619473','1','',''),
('1325279160858515','09:47:00','09:47:00','3619475','2','',''),
('1325279160858515','09:48:00','09:48:00','3619477','3','',''),
('1325279160858515','09:50:00','09:50:00','3619479','4','',''),
('1325279160858515','09:52:00','09:52:00','3619481','5','',''),
('1325279160858515','09:53:00','09:53:00','3619483','6','',''),
('1325279160858515','09:54:00','09:54:00','3619484','7','',''),
('1325279160858515','09:54:00','09:54:00','3619485','8','',''),
('1325279160858515','09:56:00','09:56:00','3619486','9','',''),
('1325279160858515','09:58:00','09:58:00','3619488','10','',''),
('1325279160858515','09:58:00','09:58:00','3619489','11','',''),
('1425278800858515','07:50:00','07:50:00','3619473','1','',''),
('1425278800858515','07:52:00','07:52:00','3619475','2','',''),
('1425278800858515','07:54:00','07:54:00','3619477','3','',''),
('1425278800858515','07:56:00','07:56:00','3619479','4','',''),
('1425278800858515','07:57:00','07:57:00','3619481','5','',''),
('1425278800858515','07:58:00','07:58:00','3619483','6','',''),
('1425278800858515','07:59:00','07:59:00','3619484','7','',''),
('1425278800858515','08:00:00','08:00:00','3619485','8','',''),
('1425278800858515','08:02:00','08:02:00','3619486','9','',''),
('1425278800858515','08:03:00','08:03:00','3619488','10','',''),
('1425278800858515','08:04:00','08:04:00','3619489','11','',''),
('1425279140858515','07:50:00','07:50:00','3619473','1','',''),
('1425279140858515','07:52:00','07:52:00','3619475','2','',''),
('1425279140858515','07:53:00','07:53:00','3619477','3','',''),
('1425279140858515','07:55:00','07:55:00','3619479','4','',''),
('1425279140858515','07:57:00','07:57:00','3619481','5','',''),
('1425279140858515','07:58:00','07:58:00','3619483','6','',''),
('1425279140858515','07:59:00','07:59:00','3619484','7','',''),
('1425279140858515','07:59:00','07:59:00','3619485','8','',''),
('1425279140858515','08:01:00','08:01:00','3619486','9','',''),
('1425279140858515','08:03:00','08:03:00','3619488','10','',''),
('1425279140858515','08:03:00','08:03:00','3619489','11','',''),
('1425279150858515','10:03:00','10:03:00','3619473','1','',''),
('1425279150858515','10:05:00','10:05:00','3619475','2','',''),
('1425279150858515','10:06:00','10:06:00','3619477','3','',''),
('1425279150858515','10:08:00','10:08:00','3619479','4','',''),
('1425279150858515','10:10:00','10:10:00','3619481','5','',''),
('1425279150858515','10:11:00','10:11:00','3619483','6','',''),
('1425279150858515','10:12:00','10:12:00','3619484','7','',''),
('1425279150858515','10:12:00','10:12:00','3619485','8','',''),
('1425279150858515','10:14:00','10:14:00','3619486','9','',''),
('1425279150858515','10:16:00','10:16:00','3619488','10','',''),
('1425279150858515','10:16:00','10:16:00','3619489','11','',''),
('1425279160858515','10:03:00','10:03:00','3619473','1','',''),
('1425279160858515','10:05:00','10:05:00','3619475','2','',''),
('1425279160858515','10:06:00','10:06:00','3619477','3','',''),
('1425279160858515','10:08:00','10:08:00','3619479','4','',''),
('1425279160858515','10:10:00','10:10:00','3619481','5','',''),
('1425279160858515','10:11:00','10:11:00','3619483','6','',''),
('1425279160858515','10:12:00','10:12:00','3619484','7','',''),
('1425279160858515','10:12:00','10:12:00','3619485','8','',''),
('1425279160858515','10:14:00','10:14:00','3619486','9','',''),
('1425279160858515','10:16:00','10:16:00','3619488','10','',''),
('1425279160858515','10:16:00','10:16:00','3619489','11','',''),
('1525278800858515','07:58:00','07:58:00','3619473','1','',''),
('1525278800858515','08:00:00','08:00:00','3619475','2','',''),
('1525278800858515','08:02:00','08:02:00','3619477','3','',''),
('1525278800858515','08:04:00','08:04:00','3619479','4','',''),
('1525278800858515','08:05:00','08:05:00','3619481','5','',''),
('1525278800858515','08:06:00','08:06:00','3619483','6','',''),
('1525278800858515','08:07:00','08:07:00','3619484','7','',''),
('1525278800858515','08:08:00','08:08:00','3619485','8','',''),
('1525278800858515','08:10:00','08:10:00','3619486','9','',''),
('1525278800858515','08:11:00','08:11:00','3619488','10','',''),
('1525278800858515','08:12:00','08:12:00','3619489','11','',''),
('1525279140858515','07:58:00','07:58:00','3619473','1','',''),
('1525279140858515','08:00:00','08:00:00','3619475','2','',''),
('1525279140858515','08:01:00','08:01:00','3619477','3','',''),
('1525279140858515','08:03:00','08:03:00','3619479','4','',''),
('1525279140858515','08:05:00','08:05:00','3619481','5','',''),
('1525279140858515','08:06:00','08:06:00','3619483','6','',''),
('1525279140858515','08:07:00','08:07:00','3619484','7','',''),
('1525279140858515','08:07:00','08:07:00','3619485','8','',''),
('1525279140858515','08:09:00','08:09:00','3619486','9','',''),
('1525279140858515','08:11:00','08:11:00','3619488','10','',''),
('1525279140858515','08:11:00','08:11:00','3619489','11','',''),
('1525279150858515','10:21:00','10:21:00','3619473','1','',''),
('1525279150858515','10:23:00','10:23:00','3619475','2','',''),
('1525279150858515','10:24:00','10:24:00','3619477','3','',''),
('1525279150858515','10:26:00','10:26:00','3619479','4','',''),
('1525279150858515','10:28:00','10:28:00','3619481','5','',''),
('1525279150858515','10:29:00','10:29:00','3619483','6','',''),
('1525279150858515','10:30:00','10:30:00','3619484','7','',''),
('1525279150858515','10:30:00','10:30:00','3619485','8','',''),
('1525279150858515','10:32:00','10:32:00','3619486','9','',''),
('1525279150858515','10:34:00','10:34:00','3619488','10','',''),
('1525279150858515','10:34:00','10:34:00','3619489','11','',''),
('1525279160858515','10:21:00','10:21:00','3619473','1','',''),
('1525279160858515','10:23:00','10:23:00','3619475','2','',''),
('1525279160858515','10:24:00','10:24:00','3619477','3','',''),
('1525279160858515','10:26:00','10:26:00','3619479','4','',''),
('1525279160858515','10:28:00','10:28:00','3619481','5','',''),
('1525279160858515','10:29:00','10:29:00','3619483','6','',''),
('1525279160858515','10:30:00','10:30:00','3619484','7','',''),
('1525279160858515','10:30:00','10:30:00','3619485','8','',''),
('1525279160858515','10:32:00','10:32:00','3619486','9','',''),
('1525279160858515','10:34:00','10:34:00','3619488','10','',''),
('1525279160858515','10:34:00','10:34:00','3619489','11','',''),
('1625278800858515','08:06:00','08:06:00','3619473','1','',''),
('1625278800858515','08:08:00','08:08:00','3619475','2','',''),
('1625278800858515','08:10:00','08:10:00','3619477','3','',''),
('1625278800858515','08:12:00','08:12:00','3619479','4','',''),
('1625278800858515','08:13:00','08:13:00','3619481','5','',''),
('1625278800858515','08:14:00','08:14:00','3619483','6','',''),
('1625278800858515','08:15:00','08:15:00','3619484','7','',''),
('1625278800858515','08:16:00','08:16:00','3619485','8','',''),
('1625278800858515','08:18:00','08:18:00','3619486','9','',''),
('1625278800858515','08:19:00','08:19:00','3619488','10','',''),
('1625278800858515','08:20:00','08:20:00','3619489','11','',''),
('1625279140858515','08:06:00','08:06:00','3619473','1','',''),
('1625279140858515','08:08:00','08:08:00','3619475','2','',''),
('1625279140858515','08:09:00','08:09:00','3619477','3','',''),
('1625279140858515','08:11:00','08:11:00','3619479','4','',''),
('1625279140858515','08:13:00','08:13:00','3619481','5','',''),
('1625279140858515','08:14:00','08:14:00','3619483','6','',''),
('1625279140858515','08:15:00','08:15:00','3619484','7','',''),
('1625279140858515','08:15:00','08:15:00','3619485','8','',''),
('1625279140858515','08:17:00','08:17:00','3619486','9','',''),
('1625279140858515','08:19:00','08:19:00','3619488','10','',''),
('1625279140858515','08:19:00','08:19:00','3619489','11','',''),
('1625279150858515','10:39:00','10:39:00','3619473','1','',''),
('1625279150858515','10:41:00','10:41:00','3619475','2','',''),
('1625279150858515','10:42:00','10:42:00','3619477','3','',''),
('1625279150858515','10:44:00','10:44:00','3619479','4','',''),
('1625279150858515','10:46:00','10:46:00','3619481','5','',''),
('1625279150858515','10:47:00','10:47:00','3619483','6','',''),
('1625279150858515','10:48:00','10:48:00','3619484','7','',''),
('1625279150858515','10:48:00','10:48:00','3619485','8','',''),
('1625279150858515','10:50:00','10:50:00','3619486','9','',''),
('1625279150858515','10:52:00','10:52:00','3619488','10','',''),
('1625279150858515','10:52:00','10:52:00','3619489','11','',''),
('1625279160858515','10:39:00','10:39:00','3619473','1','',''),
('1625279160858515','10:41:00','10:41:00','3619475','2','',''),
('1625279160858515','10:42:00','10:42:00','3619477','3','',''),
('1625279160858515','10:44:00','10:44:00','3619479','4','',''),
('1625279160858515','10:46:00','10:46:00','3619481','5','',''),
('1625279160858515','10:47:00','10:47:00','3619483','6','',''),
('1625279160858515','10:48:00','10:48:00','3619484','7','',''),
('1625279160858515','10:48:00','10:48:00','3619485','8','',''),
('1625279160858515','10:50:00','10:50:00','3619486','9','',''),
('1625279160858515','10:52:00','10:52:00','3619488','10','',''),
('1625279160858515','10:52:00','10:52:00','3619489','11','',''),
('1725278800858515','08:14:00','08:14:00','3619473','1','',''),
('1725278800858515','08:16:00','08:16:00','3619475','2','',''),
('1725278800858515','08:18:00','08:18:00','3619477','3','',''),
('1725278800858515','08:20:00','08:20:00','3619479','4','',''),
('1725278800858515','08:21:00','08:21:00','3619481','5','',''),
('1725278800858515','08:22:00','08:22:00','3619483','6','',''),
('1725278800858515','08:23:00','08:23:00','3619484','7','',''),
('1725278800858515','08:24:00','08:24:00','3619485','8','',''),
('1725278800858515','08:26:00','08:26:00','3619486','9','',''),
('1725278800858515','08:27:00','08:27:00','3619488','10','',''),
('1725278800858515','08:28:00','08:28:00','3619489','11','',''),
('1725279140858515','08:14:00','08:14:00','3619473','1','',''),
('1725279140858515','08:16:00','08:16:00','3619475','2','',''),
('1725279140858515','08:17:00','08:17:00','3619477','3','',''),
('1725279140858515','08:19:00','08:19:00','3619479','4','',''),
('1725279140858515','08:21:00','08:21:00','3619481','5','',''),
('1725279140858515','08:22:00','08:22:00','3619483','6','',''),
('1725279140858515','08:23:00','08:23:00','3619484','7','',''),
('1725279140858515','08:23:00','08:23:00','3619485','8','',''),
('1725279140858515','08:25:00','08:25:00','3619486','9','',''),
('1725279140858515','08:27:00','08:27:00','3619488','10','',''),
('1725279140858515','08:27:00','08:27:00','3619489','11','',''),
('1725279150858515','10:57:00','10:57:00','3619473','1','',''),
('1725279150858515','10:59:00','10:59:00','3619475','2','',''),
('1725279150858515','11:00:00','11:00:00','3619477','3','',''),
('1725279150858515','11:02:00','11:02:00','3619479','4','',''),
('1725279150858515','11:04:00','11:04:00','3619481','5','',''),
('1725279150858515','11:05:00','11:05:00','3619483','6','',''),
('1725279150858515','11:06:00','11:06:00','3619484','7','',''),
('1725279150858515','11:06:00','11:06:00','3619485','8','',''),
('1725279150858515','11:08:00','11:08:00','3619486','9','',''),
('1725279150858515','11:10:00','11:10:00','3619488','10','',''),
('1725279150858515','11:10:00','11:10:00','3619489','11','',''),
('1725279160858515','10:57:00','10:57:00','3619473','1','',''),
('1725279160858515','10:59:00','10:59:00','3619475','2','',''),
('1725279160858515','11:00:00','11:00:00','3619477','3','',''),
('1725279160858515','11:02:00','11:02:00','3619479','4','',''),
('1725279160858515','11:04:00','11:04:00','3619481','5','',''),
('1725279160858515','11:05:00','11:05:00','3619483','6','',''),
('1725279160858515','11:06:00','11:06:00','3619484','7','',''),
('1725279160858515','11:06:00','11:06:00','3619485','8','',''),
('1725279160858515','11:08:00','11:08:00','3619486','9','',''),
('1725279160858515','11:10:00','11:10:00','3619488','10','',''),
('1725279160858515','11:10:00','11:10:00','3619489','11','',''),
('1825278800858515','08:22:00','08:22:00','3619473','1','',''),
('1825278800858515','08:24:00','08:24:00','3619475','2','',''),
('1825278800858515','08:26:00','08:26:00','3619477','3','',''),
('1825278800858515','08:28:00','08:28:00','3619479','4','',''),
('1825278800858515','08:29:00','08:29:00','3619481','5','',''),
('1825278800858515','08:30:00','08:30:00','3619483','6','',''),
('1825278800858515','08:31:00','08:31:00','3619484','7','',''),
('1825278800858515','08:32:00','08:32:00','3619485','8','',''),
('1825278800858515','08:34:00','08:34:00','3619486','9','',''),
('1825278800858515','08:35:00','08:35:00','3619488','10','',''),
('1825278800858515','08:36:00','08:36:00','3619489','11','',''),
('1825279140858515','08:22:00','08:22:00','3619473','1','',''),
('1825279140858515','08:24:00','08:24:00','3619475','2','',''),
('1825279140858515','08:25:00','08:25:00','3619477','3','',''),
('1825279140858515','08:27:00','08:27:00','3619479','4','',''),
('1825279140858515','08:29:00','08:29:00','3619481','5','',''),
('1825279140858515','08:30:00','08:30:00','3619483','6','',''),
('1825279140858515','08:31:00','08:31:00','3619484','7','',''),
('1825279140858515','08:31:00','08:31:00','3619485','8','',''),
('1825279140858515','08:33:00','08:33:00','3619486','9','',''),
('1825279140858515','08:35:00','08:35:00','3619488','10','',''),
('1825279140858515','08:35:00','08:35:00','3619489','11','',''),
('1825279150858515','11:15:00','11:15:00','3619473','1','',''),
('1825279150858515','11:17:00','11:17:00','3619475','2','',''),
('1825279150858515','11:18:00','11:18:00','3619477','3','',''),
('1825279150858515','11:20:00','11:20:00','3619479','4','',''),
('1825279150858515','11:22:00','11:22:00','3619481','5','',''),
('1825279150858515','11:23:00','11:23:00','3619483','6','',''),
('1825279150858515','11:24:00','11:24:00','3619484','7','',''),
('1825279150858515','11:24:00','11:24:00','3619485','8','',''),
('1825279150858515','11:26:00','11:26:00','3619486','9','',''),
('1825279150858515','11:28:00','11:28:00','3619488','10','',''),
('1825279150858515','11:28:00','11:28:00','3619489','11','',''),
('1825279160858515','11:15:00','11:15:00','3619473','1','',''),
('1825279160858515','11:17:00','11:17:00','3619475','2','',''),
('1825279160858515','11:18:00','11:18:00','3619477','3','',''),
('1825279160858515','11:20:00','11:20:00','3619479','4','',''),
('1825279160858515','11:22:00','11:22:00','3619481','5','',''),
('1825279160858515','11:23:00','11:23:00','3619483','6','',''),
('1825279160858515','11:24:00','11:24:00','3619484','7','',''),
('1825279160858515','11:24:00','11:24:00','3619485','8','',''),
('1825279160858515','11:26:00','11:26:00','3619486','9','',''),
('1825279160858515','11:28:00','11:28:00','3619488','10','',''),
('1825279160858515','11:28:00','11:28:00','3619489','11','',''),
('1925278800858515','08:30:00','08:30:00','3619473','1','',''),
('1925278800858515','08:32:00','08:32:00','3619475','2','',''),
('1925278800858515','08:34:00','08:34:00','3619477','3','',''),
('1925278800858515','08:36:00','08:36:00','3619479','4','',''),
('1925278800858515','08:37:00','08:37:00','3619481','5','',''),
('1925278800858515','08:38:00','08:38:00','3619483','6','',''),
('1925278800858515','08:39:00','08:39:00','3619484','7','',''),
('1925278800858515','08:40:00','08:40:00','3619485','8','',''),
('1925278800858515','08:42:00','08:42:00','3619486','9','',''),
('1925278800858515','08:43:00','08:43:00','3619488','10','',''),
('1925278800858515','08:44:00','08:44:00','3619489','11','',''),
('1925279140858515','08:30:00','08:30:00','3619473','1','',''),
('1925279140858515','08:32:00','08:32:00','3619475','2','',''),
('1925279140858515','08:33:00','08:33:00','3619477','3','',''),
('1925279140858515','08:35:00','08:35:00','3619479','4','',''),
('1925279140858515','08:37:00','08:37:00','3619481','5','',''),
('1925279140858515','08:38:00','08:38:00','3619483','6','',''),
('1925279140858515','08:39:00','08:39:00','3619484','7','',''),
('1925279140858515','08:39:00','08:39:00','3619485','8','',''),
('1925279140858515','08:41:00','08:41:00','3619486','9','',''),
('1925279140858515','08:43:00','08:43:00','3619488','10','',''),
('1925279140858515','08:43:00','08:43:00','3619489','11','',''),
('1925279150858515','11:35:00','11:35:00','3619473','1','',''),
('1925279150858515','11:37:00','11:37:00','3619475','2','',''),
('1925279150858515','11:38:00','11:38:00','3619477','3','',''),
('1925279150858515','11:40:00','11:40:00','3619479','4','',''),
('1925279150858515','11:42:00','11:42:00','3619481','5','',''),
('1925279150858515','11:43:00','11:43:00','3619483','6','',''),
('1925279150858515','11:44:00','11:44:00','3619484','7','',''),
('1925279150858515','11:44:00','11:44:00','3619485','8','',''),
('1925279150858515','11:46:00','11:46:00','3619486','9','',''),
('1925279150858515','11:48:00','11:48:00','3619488','10','',''),
('1925279150858515','11:48:00','11:48:00','3619489','11','',''),
('1925279160858515','11:35:00','11:35:00','3619473','1','',''),
('1925279160858515','11:37:00','11:37:00','3619475','2','',''),
('1925279160858515','11:38:00','11:38:00','3619477','3','',''),
('1925279160858515','11:40:00','11:40:00','3619479','4','',''),
('1925279160858515','11:42:00','11:42:00','3619481','5','',''),
('1925279160858515','11:43:00','11:43:00','3619483','6','',''),
('1925279160858515','11:44:00','11:44:00','3619484','7','',''),
('1925279160858515','11:44:00','11:44:00','3619485','8','',''),
('1925279160858515','11:46:00','11:46:00','3619486','9','',''),
('1925279160858515','11:48:00','11:48:00','3619488','10','',''),
('1925279160858515','11:48:00','11:48:00','3619489','11','',''),
('2025278800858515','08:38:00','08:38:00','3619473','1','',''),
('2025278800858515','08:40:00','08:40:00','3619475','2','',''),
('2025278800858515','08:42:00','08:42:00','3619477','3','',''),
('2025278800858515','08:44:00','08:44:00','3619479','4','',''),
('2025278800858515','08:45:00','08:45:00','3619481','5','',''),
('2025278800858515','08:46:00','08:46:00','3619483','6','',''),
('2025278800858515','08:47:00','08:47:00','3619484','7','',''),
('2025278800858515','08:48:00','08:48:00','3619485','8','',''),
('2025278800858515','08:50:00','08:50:00','3619486','9','',''),
('2025278800858515','08:51:00','08:51:00','3619488','10','',''),
('2025278800858515','08:52:00','08:52:00','3619489','11','',''),
('2025279140858515','08:38:00','08:38:00','3619473','1','',''),
('2025279140858515','08:40:00','08:40:00','3619475','2','',''),
('2025279140858515','08:41:00','08:41:00','3619477','3','',''),
('2025279140858515','08:43:00','08:43:00','3619479','4','',''),
('2025279140858515','08:45:00','08:45:00','3619481','5','',''),
('2025279140858515','08:46:00','08:46:00','3619483','6','',''),
('2025279140858515','08:47:00','08:47:00','3619484','7','',''),
('2025279140858515','08:47:00','08:47:00','3619485','8','',''),
('2025279140858515','08:49:00','08:49:00','3619486','9','',''),
('2025279140858515','08:51:00','08:51:00','3619488','10','',''),
('2025279140858515','08:51:00','08:51:00','3619489','11','',''),
('2025279150858515','12:10:00','12:10:00','3619473','1','',''),
('2025279150858515','12:12:00','12:12:00','3619475','2','',''),
('2025279150858515','12:13:00','12:13:00','3619477','3','',''),
('2025279150858515','12:15:00','12:15:00','3619479','4','',''),
('2025279150858515','12:17:00','12:17:00','3619481','5','',''),
('2025279150858515','12:18:00','12:18:00','3619483','6','',''),
('2025279150858515','12:19:00','12:19:00','3619484','7','',''),
('2025279150858515','12:19:00','12:19:00','3619485','8','',''),
('2025279150858515','12:21:00','12:21:00','3619486','9','',''),
('2025279150858515','12:23:00','12:23:00','3619488','10','',''),
('2025279150858515','12:23:00','12:23:00','3619489','11','',''),
('2025279160858515','12:10:00','12:10:00','3619473','1','',''),
('2025279160858515','12:12:00','12:12:00','3619475','2','',''),
('2025279160858515','12:13:00','12:13:00','3619477','3','',''),
('2025279160858515','12:15:00','12:15:00','3619479','4','',''),
('2025279160858515','12:17:00','12:17:00','3619481','5','',''),
('2025279160858515','12:18:00','12:18:00','3619483','6','',''),
('2025279160858515','12:19:00','12:19:00','3619484','7','',''),
('2025279160858515','12:19:00','12:19:00','3619485','8','',''),
('2025279160858515','12:21:00','12:21:00','3619486','9','',''),
('2025279160858515','12:23:00','12:23:00','3619488','10','',''),
('2025279160858515','12:23:00','12:23:00','3619489','11','',''),
('2125278800858515','08:46:00','08:46:00','3619473','1','',''),
('2125278800858515','08:48:00','08:48:00','3619475','2','',''),
('2125278800858515','08:50:00','08:50:00','3619477','3','',''),
('2125278800858515','08:52:00','08:52:00','3619479','4','',''),
('2125278800858515','08:53:00','08:53:00','3619481','5','',''),
('2125278800858515','08:54:00','08:54:00','3619483','6','',''),
('2125278800858515','08:55:00','08:55:00','3619484','7','',''),
('2125278800858515','08:56:00','08:56:00','3619485','8','',''),
('2125278800858515','08:58:00','08:58:00','3619486','9','',''),
('2125278800858515','08:59:00','08:59:00','3619488','10','',''),
('2125278800858515','09:00:00','09:00:00','3619489','11','',''),
('2125279140858515','08:47:00','08:47:00','3619473','1','',''),
('2125279140858515','08:49:00','08:49:00','3619475','2','',''),
('2125279140858515','08:50:00','08:50:00','3619477','3','',''),
('2125279140858515','08:52:00','08:52:00','3619479','4','',''),
('2125279140858515','08:54:00','08:54:00','3619481','5','',''),
('2125279140858515','08:55:00','08:55:00','3619483','6','',''),
('2125279140858515','08:56:00','08:56:00','3619484','7','',''),
('2125279140858515','08:56:00','08:56:00','3619485','8','',''),
('2125279140858515','08:58:00','08:58:00','3619486','9','',''),
('2125279140858515','09:00:00','09:00:00','3619488','10','',''),
('2125279140858515','09:00:00','09:00:00','3619489','11','',''),
('2125279150858515','12:45:00','12:45:00','3619473','1','',''),
('2125279150858515','12:47:00','12:47:00','3619475','2','',''),
('2125279150858515','12:48:00','12:48:00','3619477','3','',''),
('2125279150858515','12:50:00','12:50:00','3619479','4','',''),
('2125279150858515','12:52:00','12:52:00','3619481','5','',''),
('2125279150858515','12:53:00','12:53:00','3619483','6','',''),
('2125279150858515','12:54:00','12:54:00','3619484','7','',''),
('2125279150858515','12:54:00','12:54:00','3619485','8','',''),
('2125279150858515','12:56:00','12:56:00','3619486','9','',''),
('2125279150858515','12:58:00','12:58:00','3619488','10','',''),
('2125279150858515','12:58:00','12:58:00','3619489','11','',''),
('2125279160858515','12:45:00','12:45:00','3619473','1','',''),
('2125279160858515','12:47:00','12:47:00','3619475','2','',''),
('2125279160858515','12:48:00','12:48:00','3619477','3','',''),
('2125279160858515','12:50:00','12:50:00','3619479','4','',''),
('2125279160858515','12:52:00','12:52:00','3619481','5','',''),
('2125279160858515','12:53:00','12:53:00','3619483','6','',''),
('2125279160858515','12:54:00','12:54:00','3619484','7','',''),
('2125279160858515','12:54:00','12:54:00','3619485','8','',''),
('2125279160858515','12:56:00','12:56:00','3619486','9','',''),
('2125279160858515','12:58:00','12:58:00','3619488','10','',''),
('2125279160858515','12:58:00','12:58:00','3619489','11','',''),
('2225278800858515','08:54:00','08:54:00','3619473','1','',''),
('2225278800858515','08:56:00','08:56:00','3619475','2','',''),
('2225278800858515','08:58:00','08:58:00','3619477','3','',''),
('2225278800858515','09:00:00','09:00:00','3619479','4','',''),
('2225278800858515','09:01:00','09:01:00','3619481','5','',''),
('2225278800858515','09:02:00','09:02:00','3619483','6','',''),
('2225278800858515','09:03:00','09:03:00','3619484','7','',''),
('2225278800858515','09:04:00','09:04:00','3619485','8','',''),
('2225278800858515','09:06:00','09:06:00','3619486','9','',''),
('2225278800858515','09:07:00','09:07:00','3619488','10','',''),
('2225278800858515','09:08:00','09:08:00','3619489','11','',''),
('2225279140858515','08:56:00','08:56:00','3619473','1','',''),
('2225279140858515','08:58:00','08:58:00','3619475','2','',''),
('2225279140858515','08:59:00','08:59:00','3619477','3','',''),
('2225279140858515','09:01:00','09:01:00','3619479','4','',''),
('2225279140858515','09:03:00','09:03:00','3619481','5','',''),
('2225279140858515','09:04:00','09:04:00','3619483','6','',''),
('2225279140858515','09:05:00','09:05:00','3619484','7','',''),
('2225279140858515','09:05:00','09:05:00','3619485','8','',''),
('2225279140858515','09:07:00','09:07:00','3619486','9','',''),
('2225279140858515','09:09:00','09:09:00','3619488','10','',''),
('2225279140858515','09:09:00','09:09:00','3619489','11','',''),
('2225279150858515','13:20:00','13:20:00','3619473','1','',''),
('2225279150858515','13:22:00','13:22:00','3619475','2','',''),
('2225279150858515','13:24:00','13:24:00','3619477','3','',''),
('2225279150858515','13:26:00','13:26:00','3619479','4','',''),
('2225279150858515','13:28:00','13:28:00','3619481','5','',''),
('2225279150858515','13:29:00','13:29:00','3619483','6','',''),
('2225279150858515','13:30:00','13:30:00','3619484','7','',''),
('2225279150858515','13:30:00','13:30:00','3619485','8','',''),
('2225279150858515','13:32:00','13:32:00','3619486','9','',''),
('2225279150858515','13:34:00','13:34:00','3619488','10','',''),
('2225279150858515','13:34:00','13:34:00','3619489','11','',''),
('2225279160858515','13:20:00','13:20:00','3619473','1','',''),
('2225279160858515','13:22:00','13:22:00','3619475','2','',''),
('2225279160858515','13:24:00','13:24:00','3619477','3','',''),
('2225279160858515','13:26:00','13:26:00','3619479','4','',''),
('2225279160858515','13:28:00','13:28:00','3619481','5','',''),
('2225279160858515','13:29:00','13:29:00','3619483','6','',''),
('2225279160858515','13:30:00','13:30:00','3619484','7','',''),
('2225279160858515','13:30:00','13:30:00','3619485','8','',''),
('2225279160858515','13:32:00','13:32:00','3619486','9','',''),
('2225279160858515','13:34:00','13:34:00','3619488','10','',''),
('2225279160858515','13:34:00','13:34:00','3619489','11','',''),
('225278800858515','05:54:00','05:54:00','3619473','1','',''),
('225278800858515','05:56:00','05:56:00','3619475','2','',''),
('225278800858515','05:57:00','05:57:00','3619477','3','',''),
('225278800858515','05:59:00','05:59:00','3619479','4','',''),
('225278800858515','06:00:00','06:00:00','3619481','5','',''),
('225278800858515','06:01:00','06:01:00','3619483','6','',''),
('225278800858515','06:01:00','06:01:00','3619484','7','',''),
('225278800858515','06:02:00','06:02:00','3619485','8','',''),
('225278800858515','06:03:00','06:03:00','3619486','9','',''),
('225278800858515','06:05:00','06:05:00','3619488','10','',''),
('225278800858515','06:05:00','06:05:00','3619489','11','',''),
('225279140858515','05:53:00','05:53:00','3619473','1','',''),
('225279140858515','05:55:00','05:55:00','3619475','2','',''),
('225279140858515','05:56:00','05:56:00','3619477','3','',''),
('225279140858515','05:58:00','05:58:00','3619479','4','',''),
('225279140858515','05:59:00','05:59:00','3619481','5','',''),
('225279140858515','06:00:00','06:00:00','3619483','6','',''),
('225279140858515','06:00:00','06:00:00','3619484','7','',''),
('225279140858515','06:01:00','06:01:00','3619485','8','',''),
('225279140858515','06:02:00','06:02:00','3619486','9','',''),
('225279140858515','06:04:00','06:04:00','3619488','10','',''),
('225279140858515','06:04:00','06:04:00','3619489','11','',''),
('225279150858515','06:05:00','06:05:00','3619473','1','',''),
('225279150858515','06:07:00','06:07:00','3619475','2','',''),
('225279150858515','06:08:00','06:08:00','3619477','3','',''),
('225279150858515','06:10:00','06:10:00','3619479','4','',''),
('225279150858515','06:11:00','06:11:00','3619481','5','',''),
('225279150858515','06:12:00','06:12:00','3619483','6','',''),
('225279150858515','06:12:00','06:12:00','3619484','7','',''),
('225279150858515','06:13:00','06:13:00','3619485','8','',''),
('225279150858515','06:14:00','06:14:00','3619486','9','',''),
('225279150858515','06:15:00','06:15:00','3619488','10','',''),
('225279150858515','06:15:00','06:15:00','3619489','11','',''),
('225279160858515','06:05:00','06:05:00','3619473','1','',''),
('225279160858515','06:07:00','06:07:00','3619475','2','',''),
('225279160858515','06:08:00','06:08:00','3619477','3','',''),
('225279160858515','06:10:00','06:10:00','3619479','4','',''),
('225279160858515','06:11:00','06:11:00','3619481','5','',''),
('225279160858515','06:12:00','06:12:00','3619483','6','',''),
('225279160858515','06:12:00','06:12:00','3619484','7','',''),
('225279160858515','06:13:00','06:13:00','3619485','8','',''),
('225279160858515','06:14:00','06:14:00','3619486','9','',''),
('225279160858515','06:15:00','06:15:00','3619488','10','',''),
('225279160858515','06:15:00','06:15:00','3619489','11','',''),
('2325278800858515','09:02:00','09:02:00','3619473','1','',''),
('2325278800858515','09:04:00','09:04:00','3619475','2','',''),
('2325278800858515','09:06:00','09:06:00','3619477','3','',''),
('2325278800858515','09:08:00','09:08:00','3619479','4','',''),
('2325278800858515','09:09:00','09:09:00','3619481','5','',''),
('2325278800858515','09:10:00','09:10:00','3619483','6','',''),
('2325278800858515','09:11:00','09:11:00','3619484','7','',''),
('2325278800858515','09:11:00','09:11:00','3619485','8','',''),
('2325278800858515','09:13:00','09:13:00','3619486','9','',''),
('2325278800858515','09:15:00','09:15:00','3619488','10','',''),
('2325278800858515','09:15:00','09:15:00','3619489','11','',''),
('2325279140858515','09:06:00','09:06:00','3619473','1','',''),
('2325279140858515','09:08:00','09:08:00','3619475','2','',''),
('2325279140858515','09:09:00','09:09:00','3619477','3','',''),
('2325279140858515','09:11:00','09:11:00','3619479','4','',''),
('2325279140858515','09:13:00','09:13:00','3619481','5','',''),
('2325279140858515','09:14:00','09:14:00','3619483','6','',''),
('2325279140858515','09:15:00','09:15:00','3619484','7','',''),
('2325279140858515','09:15:00','09:15:00','3619485','8','',''),
('2325279140858515','09:17:00','09:17:00','3619486','9','',''),
('2325279140858515','09:19:00','09:19:00','3619488','10','',''),
('2325279140858515','09:19:00','09:19:00','3619489','11','',''),
('2325279150858515','13:55:00','13:55:00','3619473','1','',''),
('2325279150858515','13:57:00','13:57:00','3619475','2','',''),
('2325279150858515','13:59:00','13:59:00','3619477','3','',''),
('2325279150858515','14:01:00','14:01:00','3619479','4','',''),
('2325279150858515','14:03:00','14:03:00','3619481','5','',''),
('2325279150858515','14:04:00','14:04:00','3619483','6','',''),
('2325279150858515','14:05:00','14:05:00','3619484','7','',''),
('2325279150858515','14:05:00','14:05:00','3619485','8','',''),
('2325279150858515','14:07:00','14:07:00','3619486','9','',''),
('2325279150858515','14:09:00','14:09:00','3619488','10','',''),
('2325279150858515','14:09:00','14:09:00','3619489','11','',''),
('2325279160858515','13:55:00','13:55:00','3619473','1','',''),
('2325279160858515','13:57:00','13:57:00','3619475','2','',''),
('2325279160858515','13:59:00','13:59:00','3619477','3','',''),
('2325279160858515','14:01:00','14:01:00','3619479','4','',''),
('2325279160858515','14:03:00','14:03:00','3619481','5','',''),
('2325279160858515','14:04:00','14:04:00','3619483','6','',''),
('2325279160858515','14:05:00','14:05:00','3619484','7','',''),
('2325279160858515','14:05:00','14:05:00','3619485','8','',''),
('2325279160858515','14:07:00','14:07:00','3619486','9','',''),
('2325279160858515','14:09:00','14:09:00','3619488','10','',''),
('2325279160858515','14:09:00','14:09:00','3619489','11','',''),
('2425278800858515','09:10:00','09:10:00','3619473','1','',''),
('2425278800858515','09:12:00','09:12:00','3619475','2','',''),
('2425278800858515','09:14:00','09:14:00','3619477','3','',''),
('2425278800858515','09:16:00','09:16:00','3619479','4','',''),
('2425278800858515','09:17:00','09:17:00','3619481','5','',''),
('2425278800858515','09:18:00','09:18:00','3619483','6','',''),
('2425278800858515','09:19:00','09:19:00','3619484','7','',''),
('2425278800858515','09:19:00','09:19:00','3619485','8','',''),
('2425278800858515','09:21:00','09:21:00','3619486','9','',''),
('2425278800858515','09:23:00','09:23:00','3619488','10','',''),
('2425278800858515','09:23:00','09:23:00','3619489','11','',''),
('2425279140858515','09:16:00','09:16:00','3619473','1','',''),
('2425279140858515','09:18:00','09:18:00','3619475','2','',''),
('2425279140858515','09:19:00','09:19:00','3619477','3','',''),
('2425279140858515','09:21:00','09:21:00','3619479','4','',''),
('2425279140858515','09:23:00','09:23:00','3619481','5','',''),
('2425279140858515','09:24:00','09:24:00','3619483','6','',''),
('2425279140858515','09:25:00','09:25:00','3619484','7','',''),
('2425279140858515','09:25:00','09:25:00','3619485','8','',''),
('2425279140858515','09:27:00','09:27:00','3619486','9','',''),
('2425279140858515','09:29:00','09:29:00','3619488','10','',''),
('2425279140858515','09:29:00','09:29:00','3619489','11','',''),
('2425279150858515','14:30:00','14:30:00','3619473','1','',''),
('2425279150858515','14:32:00','14:32:00','3619475','2','',''),
('2425279150858515','14:34:00','14:34:00','3619477','3','',''),
('2425279150858515','14:36:00','14:36:00','3619479','4','',''),
('2425279150858515','14:38:00','14:38:00','3619481','5','',''),
('2425279150858515','14:39:00','14:39:00','3619483','6','',''),
('2425279150858515','14:40:00','14:40:00','3619484','7','',''),
('2425279150858515','14:40:00','14:40:00','3619485','8','',''),
('2425279150858515','14:42:00','14:42:00','3619486','9','',''),
('2425279150858515','14:44:00','14:44:00','3619488','10','',''),
('2425279150858515','14:44:00','14:44:00','3619489','11','',''),
('2425279160858515','14:30:00','14:30:00','3619473','1','',''),
('2425279160858515','14:32:00','14:32:00','3619475','2','',''),
('2425279160858515','14:34:00','14:34:00','3619477','3','',''),
('2425279160858515','14:36:00','14:36:00','3619479','4','',''),
('2425279160858515','14:38:00','14:38:00','3619481','5','',''),
('2425279160858515','14:39:00','14:39:00','3619483','6','',''),
('2425279160858515','14:40:00','14:40:00','3619484','7','',''),
('2425279160858515','14:40:00','14:40:00','3619485','8','',''),
('2425279160858515','14:42:00','14:42:00','3619486','9','',''),
('2425279160858515','14:44:00','14:44:00','3619488','10','',''),
('2425279160858515','14:44:00','14:44:00','3619489','11','',''),
('2525278800858515','09:19:00','09:19:00','3619473','1','',''),
('2525278800858515','09:21:00','09:21:00','3619475','2','',''),
('2525278800858515','09:23:00','09:23:00','3619477','3','',''),
('2525278800858515','09:25:00','09:25:00','3619479','4','',''),
('2525278800858515','09:26:00','09:26:00','3619481','5','',''),
('2525278800858515','09:27:00','09:27:00','3619483','6','',''),
('2525278800858515','09:28:00','09:28:00','3619484','7','',''),
('2525278800858515','09:28:00','09:28:00','3619485','8','',''),
('2525278800858515','09:30:00','09:30:00','3619486','9','',''),
('2525278800858515','09:32:00','09:32:00','3619488','10','',''),
('2525278800858515','09:32:00','09:32:00','3619489','11','',''),
('2525279140858515','09:26:00','09:26:00','3619473','1','',''),
('2525279140858515','09:28:00','09:28:00','3619475','2','',''),
('2525279140858515','09:29:00','09:29:00','3619477','3','',''),
('2525279140858515','09:31:00','09:31:00','3619479','4','',''),
('2525279140858515','09:33:00','09:33:00','3619481','5','',''),
('2525279140858515','09:34:00','09:34:00','3619483','6','',''),
('2525279140858515','09:35:00','09:35:00','3619484','7','',''),
('2525279140858515','09:35:00','09:35:00','3619485','8','',''),
('2525279140858515','09:37:00','09:37:00','3619486','9','',''),
('2525279140858515','09:39:00','09:39:00','3619488','10','',''),
('2525279140858515','09:39:00','09:39:00','3619489','11','',''),
('2525279150858515','15:05:00','15:05:00','3619473','1','',''),
('2525279150858515','15:07:00','15:07:00','3619475','2','',''),
('2525279150858515','15:09:00','15:09:00','3619477','3','',''),
('2525279150858515','15:11:00','15:11:00','3619479','4','',''),
('2525279150858515','15:13:00','15:13:00','3619481','5','',''),
('2525279150858515','15:14:00','15:14:00','3619483','6','',''),
('2525279150858515','15:15:00','15:15:00','3619484','7','',''),
('2525279150858515','15:15:00','15:15:00','3619485','8','',''),
('2525279150858515','15:17:00','15:17:00','3619486','9','',''),
('2525279150858515','15:19:00','15:19:00','3619488','10','',''),
('2525279150858515','15:19:00','15:19:00','3619489','11','',''),
('2525279160858515','15:05:00','15:05:00','3619473','1','',''),
('2525279160858515','15:07:00','15:07:00','3619475','2','',''),
('2525279160858515','15:09:00','15:09:00','3619477','3','',''),
('2525279160858515','15:11:00','15:11:00','3619479','4','',''),
('2525279160858515','15:13:00','15:13:00','3619481','5','',''),
('2525279160858515','15:14:00','15:14:00','3619483','6','',''),
('2525279160858515','15:15:00','15:15:00','3619484','7','',''),
('2525279160858515','15:15:00','15:15:00','3619485','8','',''),
('2525279160858515','15:17:00','15:17:00','3619486','9','',''),
('2525279160858515','15:19:00','15:19:00','3619488','10','',''),
('2525279160858515','15:19:00','15:19:00','3619489','11','',''),
('2625278800858515','09:32:00','09:32:00','3619473','1','',''),
('2625278800858515','09:34:00','09:34:00','3619475','2','',''),
('2625278800858515','09:36:00','09:36:00','3619477','3','',''),
('2625278800858515','09:38:00','09:38:00','3619479','4','',''),
('2625278800858515','09:39:00','09:39:00','3619481','5','',''),
('2625278800858515','09:40:00','09:40:00','3619483','6','',''),
('2625278800858515','09:41:00','09:41:00','3619484','7','',''),
('2625278800858515','09:41:00','09:41:00','3619485','8','',''),
('2625278800858515','09:43:00','09:43:00','3619486','9','',''),
('2625278800858515','09:45:00','09:45:00','3619488','10','',''),
('2625278800858515','09:45:00','09:45:00','3619489','11','',''),
('2625279140858515','09:37:00','09:37:00','3619473','1','',''),
('2625279140858515','09:39:00','09:39:00','3619475','2','',''),
('2625279140858515','09:40:00','09:40:00','3619477','3','',''),
('2625279140858515','09:42:00','09:42:00','3619479','4','',''),
('2625279140858515','09:44:00','09:44:00','3619481','5','',''),
('2625279140858515','09:45:00','09:45:00','3619483','6','',''),
('2625279140858515','09:46:00','09:46:00','3619484','7','',''),
('2625279140858515','09:46:00','09:46:00','3619485','8','',''),
('2625279140858515','09:48:00','09:48:00','3619486','9','',''),
('2625279140858515','09:50:00','09:50:00','3619488','10','',''),
('2625279140858515','09:50:00','09:50:00','3619489','11','',''),
('2625279150858515','15:40:00','15:40:00','3619473','1','',''),
('2625279150858515','15:42:00','15:42:00','3619475','2','',''),
('2625279150858515','15:44:00','15:44:00','3619477','3','',''),
('2625279150858515','15:46:00','15:46:00','3619479','4','',''),
('2625279150858515','15:48:00','15:48:00','3619481','5','',''),
('2625279150858515','15:49:00','15:49:00','3619483','6','',''),
('2625279150858515','15:50:00','15:50:00','3619484','7','',''),
('2625279150858515','15:50:00','15:50:00','3619485','8','',''),
('2625279150858515','15:52:00','15:52:00','3619486','9','',''),
('2625279150858515','15:54:00','15:54:00','3619488','10','',''),
('2625279150858515','15:54:00','15:54:00','3619489','11','',''),
('2625279160858515','15:40:00','15:40:00','3619473','1','',''),
('2625279160858515','15:42:00','15:42:00','3619475','2','',''),
('2625279160858515','15:44:00','15:44:00','3619477','3','',''),
('2625279160858515','15:46:00','15:46:00','3619479','4','',''),
('2625279160858515','15:48:00','15:48:00','3619481','5','',''),
('2625279160858515','15:49:00','15:49:00','3619483','6','',''),
('2625279160858515','15:50:00','15:50:00','3619484','7','',''),
('2625279160858515','15:50:00','15:50:00','3619485','8','',''),
('2625279160858515','15:52:00','15:52:00','3619486','9','',''),
('2625279160858515','15:54:00','15:54:00','3619488','10','',''),
('2625279160858515','15:54:00','15:54:00','3619489','11','',''),
('2725278800858515','09:45:00','09:45:00','3619473','1','',''),
('2725278800858515','09:47:00','09:47:00','3619475','2','',''),
('2725278800858515','09:49:00','09:49:00','3619477','3','',''),
('2725278800858515','09:51:00','09:51:00','3619479','4','',''),
('2725278800858515','09:52:00','09:52:00','3619481','5','',''),
('2725278800858515','09:53:00','09:53:00','3619483','6','',''),
('2725278800858515','09:54:00','09:54:00','3619484','7','',''),
('2725278800858515','09:54:00','09:54:00','3619485','8','',''),
('2725278800858515','09:56:00','09:56:00','3619486','9','',''),
('2725278800858515','09:58:00','09:58:00','3619488','10','',''),
('2725278800858515','09:58:00','09:58:00','3619489','11','',''),
('2725279140858515','09:49:00','09:49:00','3619473','1','',''),
('2725279140858515','09:51:00','09:51:00','3619475','2','',''),
('2725279140858515','09:52:00','09:52:00','3619477','3','',''),
('2725279140858515','09:54:00','09:54:00','3619479','4','',''),
('2725279140858515','09:56:00','09:56:00','3619481','5','',''),
('2725279140858515','09:57:00','09:57:00','3619483','6','',''),
('2725279140858515','09:58:00','09:58:00','3619484','7','',''),
('2725279140858515','09:58:00','09:58:00','3619485','8','',''),
('2725279140858515','10:00:00','10:00:00','3619486','9','',''),
('2725279140858515','10:02:00','10:02:00','3619488','10','',''),
('2725279140858515','10:02:00','10:02:00','3619489','11','',''),
('2725279150858515','16:15:00','16:15:00','3619473','1','',''),
('2725279150858515','16:17:00','16:17:00','3619475','2','',''),
('2725279150858515','16:19:00','16:19:00','3619477','3','',''),
('2725279150858515','16:21:00','16:21:00','3619479','4','',''),
('2725279150858515','16:23:00','16:23:00','3619481','5','',''),
('2725279150858515','16:24:00','16:24:00','3619483','6','',''),
('2725279150858515','16:25:00','16:25:00','3619484','7','',''),
('2725279150858515','16:25:00','16:25:00','3619485','8','',''),
('2725279150858515','16:27:00','16:27:00','3619486','9','',''),
('2725279150858515','16:29:00','16:29:00','3619488','10','',''),
('2725279150858515','16:29:00','16:29:00','3619489','11','',''),
('2725279160858515','16:15:00','16:15:00','3619473','1','',''),
('2725279160858515','16:17:00','16:17:00','3619475','2','',''),
('2725279160858515','16:19:00','16:19:00','3619477','3','',''),
('2725279160858515','16:21:00','16:21:00','3619479','4','',''),
('2725279160858515','16:23:00','16:23:00','3619481','5','',''),
('2725279160858515','16:24:00','16:24:00','3619483','6','',''),
('2725279160858515','16:25:00','16:25:00','3619484','7','',''),
('2725279160858515','16:25:00','16:25:00','3619485','8','',''),
('2725279160858515','16:27:00','16:27:00','3619486','9','',''),
('2725279160858515','16:29:00','16:29:00','3619488','10','',''),
('2725279160858515','16:29:00','16:29:00','3619489','11','',''),
('2825278800858515','09:58:00','09:58:00','3619473','1','',''),
('2825278800858515','10:00:00','10:00:00','3619475','2','',''),
('2825278800858515','10:02:00','10:02:00','3619477','3','',''),
('2825278800858515','10:04:00','10:04:00','3619479','4','',''),
('2825278800858515','10:05:00','10:05:00','3619481','5','',''),
('2825278800858515','10:06:00','10:06:00','3619483','6','',''),
('2825278800858515','10:07:00','10:07:00','3619484','7','',''),
('2825278800858515','10:07:00','10:07:00','3619485','8','',''),
('2825278800858515','10:09:00','10:09:00','3619486','9','',''),
('2825278800858515','10:11:00','10:11:00','3619488','10','',''),
('2825278800858515','10:11:00','10:11:00','3619489','11','',''),
('2825279140858515','10:01:00','10:01:00','3619473','1','',''),
('2825279140858515','10:03:00','10:03:00','3619475','2','',''),
('2825279140858515','10:04:00','10:04:00','3619477','3','',''),
('2825279140858515','10:06:00','10:06:00','3619479','4','',''),
('2825279140858515','10:08:00','10:08:00','3619481','5','',''),
('2825279140858515','10:09:00','10:09:00','3619483','6','',''),
('2825279140858515','10:10:00','10:10:00','3619484','7','',''),
('2825279140858515','10:10:00','10:10:00','3619485','8','',''),
('2825279140858515','10:12:00','10:12:00','3619486','9','',''),
('2825279140858515','10:14:00','10:14:00','3619488','10','',''),
('2825279140858515','10:14:00','10:14:00','3619489','11','',''),
('2825279150858515','16:32:00','16:32:00','3619473','1','',''),
('2825279150858515','16:34:00','16:34:00','3619475','2','',''),
('2825279150858515','16:36:00','16:36:00','3619477','3','',''),
('2825279150858515','16:38:00','16:38:00','3619479','4','',''),
('2825279150858515','16:40:00','16:40:00','3619481','5','',''),
('2825279150858515','16:41:00','16:41:00','3619483','6','',''),
('2825279150858515','16:42:00','16:42:00','3619484','7','',''),
('2825279150858515','16:42:00','16:42:00','3619485','8','',''),
('2825279150858515','16:44:00','16:44:00','3619486','9','',''),
('2825279150858515','16:46:00','16:46:00','3619488','10','',''),
('2825279150858515','16:46:00','16:46:00','3619489','11','',''),
('2825279160858515','16:32:00','16:32:00','3619473','1','',''),
('2825279160858515','16:34:00','16:34:00','3619475','2','',''),
('2825279160858515','16:36:00','16:36:00','3619477','3','',''),
('2825279160858515','16:38:00','16:38:00','3619479','4','',''),
('2825279160858515','16:40:00','16:40:00','3619481','5','',''),
('2825279160858515','16:41:00','16:41:00','3619483','6','',''),
('2825279160858515','16:42:00','16:42:00','3619484','7','',''),
('2825279160858515','16:42:00','16:42:00','3619485','8','',''),
('2825279160858515','16:44:00','16:44:00','3619486','9','',''),
('2825279160858515','16:46:00','16:46:00','3619488','10','',''),
('2825279160858515','16:46:00','16:46:00','3619489','11','',''),
('2925278800858515','10:16:00','10:16:00','3619473','1','',''),
('2925278800858515','10:18:00','10:18:00','3619475','2','',''),
('2925278800858515','10:20:00','10:20:00','3619477','3','',''),
('2925278800858515','10:22:00','10:22:00','3619479','4','',''),
('2925278800858515','10:23:00','10:23:00','3619481','5','',''),
('2925278800858515','10:24:00','10:24:00','3619483','6','',''),
('2925278800858515','10:25:00','10:25:00','3619484','7','',''),
('2925278800858515','10:25:00','10:25:00','3619485','8','',''),
('2925278800858515','10:27:00','10:27:00','3619486','9','',''),
('2925278800858515','10:29:00','10:29:00','3619488','10','',''),
('2925278800858515','10:29:00','10:29:00','3619489','11','',''),
('2925279140858515','10:17:00','10:17:00','3619473','1','',''),
('2925279140858515','10:19:00','10:19:00','3619475','2','',''),
('2925279140858515','10:20:00','10:20:00','3619477','3','',''),
('2925279140858515','10:22:00','10:22:00','3619479','4','',''),
('2925279140858515','10:24:00','10:24:00','3619481','5','',''),
('2925279140858515','10:25:00','10:25:00','3619483','6','',''),
('2925279140858515','10:26:00','10:26:00','3619484','7','',''),
('2925279140858515','10:26:00','10:26:00','3619485','8','',''),
('2925279140858515','10:28:00','10:28:00','3619486','9','',''),
('2925279140858515','10:30:00','10:30:00','3619488','10','',''),
('2925279140858515','10:30:00','10:30:00','3619489','11','',''),
('2925279150858515','16:50:00','16:50:00','3619473','1','',''),
('2925279150858515','16:52:00','16:52:00','3619475','2','',''),
('2925279150858515','16:54:00','16:54:00','3619477','3','',''),
('2925279150858515','16:56:00','16:56:00','3619479','4','',''),
('2925279150858515','16:58:00','16:58:00','3619481','5','',''),
('2925279150858515','16:59:00','16:59:00','3619483','6','',''),
('2925279150858515','17:00:00','17:00:00','3619484','7','',''),
('2925279150858515','17:00:00','17:00:00','3619485','8','',''),
('2925279150858515','17:02:00','17:02:00','3619486','9','',''),
('2925279150858515','17:04:00','17:04:00','3619488','10','',''),
('2925279150858515','17:04:00','17:04:00','3619489','11','',''),
('2925279160858515','16:50:00','16:50:00','3619473','1','',''),
('2925279160858515','16:52:00','16:52:00','3619475','2','',''),
('2925279160858515','16:54:00','16:54:00','3619477','3','',''),
('2925279160858515','16:56:00','16:56:00','3619479','4','',''),
('2925279160858515','16:58:00','16:58:00','3619481','5','',''),
('2925279160858515','16:59:00','16:59:00','3619483','6','',''),
('2925279160858515','17:00:00','17:00:00','3619484','7','',''),
('2925279160858515','17:00:00','17:00:00','3619485','8','',''),
('2925279160858515','17:02:00','17:02:00','3619486','9','',''),
('2925279160858515','17:04:00','17:04:00','3619488','10','',''),
('2925279160858515','17:04:00','17:04:00','3619489','11','',''),
('3025278800858515','10:34:00','10:34:00','3619473','1','',''),
('3025278800858515','10:36:00','10:36:00','3619475','2','',''),
('3025278800858515','10:38:00','10:38:00','3619477','3','',''),
('3025278800858515','10:40:00','10:40:00','3619479','4','',''),
('3025278800858515','10:41:00','10:41:00','3619481','5','',''),
('3025278800858515','10:42:00','10:42:00','3619483','6','',''),
('3025278800858515','10:43:00','10:43:00','3619484','7','',''),
('3025278800858515','10:43:00','10:43:00','3619485','8','',''),
('3025278800858515','10:45:00','10:45:00','3619486','9','',''),
('3025278800858515','10:47:00','10:47:00','3619488','10','',''),
('3025278800858515','10:47:00','10:47:00','3619489','11','',''),
('3025279140858515','10:35:00','10:35:00','3619473','1','',''),
('3025279140858515','10:37:00','10:37:00','3619475','2','',''),
('3025279140858515','10:38:00','10:38:00','3619477','3','',''),
('3025279140858515','10:40:00','10:40:00','3619479','4','',''),
('3025279140858515','10:42:00','10:42:00','3619481','5','',''),
('3025279140858515','10:43:00','10:43:00','3619483','6','',''),
('3025279140858515','10:44:00','10:44:00','3619484','7','',''),
('3025279140858515','10:44:00','10:44:00','3619485','8','',''),
('3025279140858515','10:46:00','10:46:00','3619486','9','',''),
('3025279140858515','10:48:00','10:48:00','3619488','10','',''),
('3025279140858515','10:48:00','10:48:00','3619489','11','',''),
('3025279150858515','17:07:00','17:07:00','3619473','1','',''),
('3025279150858515','17:09:00','17:09:00','3619475','2','',''),
('3025279150858515','17:11:00','17:11:00','3619477','3','',''),
('3025279150858515','17:13:00','17:13:00','3619479','4','',''),
('3025279150858515','17:15:00','17:15:00','3619481','5','',''),
('3025279150858515','17:16:00','17:16:00','3619483','6','',''),
('3025279150858515','17:17:00','17:17:00','3619484','7','',''),
('3025279150858515','17:17:00','17:17:00','3619485','8','',''),
('3025279150858515','17:19:00','17:19:00','3619486','9','',''),
('3025279150858515','17:21:00','17:21:00','3619488','10','',''),
('3025279150858515','17:21:00','17:21:00','3619489','11','',''),
('3025279160858515','17:07:00','17:07:00','3619473','1','',''),
('3025279160858515','17:09:00','17:09:00','3619475','2','',''),
('3025279160858515','17:11:00','17:11:00','3619477','3','',''),
('3025279160858515','17:13:00','17:13:00','3619479','4','',''),
('3025279160858515','17:15:00','17:15:00','3619481','5','',''),
('3025279160858515','17:16:00','17:16:00','3619483','6','',''),
('3025279160858515','17:17:00','17:17:00','3619484','7','',''),
('3025279160858515','17:17:00','17:17:00','3619485','8','',''),
('3025279160858515','17:19:00','17:19:00','3619486','9','',''),
('3025279160858515','17:21:00','17:21:00','3619488','10','',''),
('3025279160858515','17:21:00','17:21:00','3619489','11','',''),
('3125278800858515','10:52:00','10:52:00','3619473','1','',''),
('3125278800858515','10:54:00','10:54:00','3619475','2','',''),
('3125278800858515','10:56:00','10:56:00','3619477','3','',''),
('3125278800858515','10:58:00','10:58:00','3619479','4','',''),
('3125278800858515','10:59:00','10:59:00','3619481','5','',''),
('3125278800858515','11:00:00','11:00:00','3619483','6','',''),
('3125278800858515','11:01:00','11:01:00','3619484','7','',''),
('3125278800858515','11:01:00','11:01:00','3619485','8','',''),
('3125278800858515','11:03:00','11:03:00','3619486','9','',''),
('3125278800858515','11:05:00','11:05:00','3619488','10','',''),
('3125278800858515','11:05:00','11:05:00','3619489','11','',''),
('3125279140858515','10:52:00','10:52:00','3619473','1','',''),
('3125279140858515','10:54:00','10:54:00','3619475','2','',''),
('3125279140858515','10:55:00','10:55:00','3619477','3','',''),
('3125279140858515','10:57:00','10:57:00','3619479','4','',''),
('3125279140858515','10:59:00','10:59:00','3619481','5','',''),
('3125279140858515','11:00:00','11:00:00','3619483','6','',''),
('3125279140858515','11:01:00','11:01:00','3619484','7','',''),
('3125279140858515','11:01:00','11:01:00','3619485','8','',''),
('3125279140858515','11:03:00','11:03:00','3619486','9','',''),
('3125279140858515','11:05:00','11:05:00','3619488','10','',''),
('3125279140858515','11:05:00','11:05:00','3619489','11','',''),
('3125279150858515','17:24:00','17:24:00','3619473','1','',''),
('3125279150858515','17:26:00','17:26:00','3619475','2','',''),
('3125279150858515','17:28:00','17:28:00','3619477','3','',''),
('3125279150858515','17:30:00','17:30:00','3619479','4','',''),
('3125279150858515','17:32:00','17:32:00','3619481','5','',''),
('3125279150858515','17:33:00','17:33:00','3619483','6','',''),
('3125279150858515','17:34:00','17:34:00','3619484','7','',''),
('3125279150858515','17:34:00','17:34:00','3619485','8','',''),
('3125279150858515','17:36:00','17:36:00','3619486','9','',''),
('3125279150858515','17:38:00','17:38:00','3619488','10','',''),
('3125279150858515','17:38:00','17:38:00','3619489','11','',''),
('3125279160858515','17:24:00','17:24:00','3619473','1','',''),
('3125279160858515','17:26:00','17:26:00','3619475','2','',''),
('3125279160858515','17:28:00','17:28:00','3619477','3','',''),
('3125279160858515','17:30:00','17:30:00','3619479','4','',''),
('3125279160858515','17:32:00','17:32:00','3619481','5','',''),
('3125279160858515','17:33:00','17:33:00','3619483','6','',''),
('3125279160858515','17:34:00','17:34:00','3619484','7','',''),
('3125279160858515','17:34:00','17:34:00','3619485','8','',''),
('3125279160858515','17:36:00','17:36:00','3619486','9','',''),
('3125279160858515','17:38:00','17:38:00','3619488','10','',''),
('3125279160858515','17:38:00','17:38:00','3619489','11','',''),
('3225278800858515','11:10:00','11:10:00','3619473','1','',''),
('3225278800858515','11:12:00','11:12:00','3619475','2','',''),
('3225278800858515','11:14:00','11:14:00','3619477','3','',''),
('3225278800858515','11:16:00','11:16:00','3619479','4','',''),
('3225278800858515','11:17:00','11:17:00','3619481','5','',''),
('3225278800858515','11:18:00','11:18:00','3619483','6','',''),
('3225278800858515','11:19:00','11:19:00','3619484','7','',''),
('3225278800858515','11:19:00','11:19:00','3619485','8','',''),
('3225278800858515','11:21:00','11:21:00','3619486','9','',''),
('3225278800858515','11:23:00','11:23:00','3619488','10','',''),
('3225278800858515','11:23:00','11:23:00','3619489','11','',''),
('3225279140858515','11:10:00','11:10:00','3619473','1','',''),
('3225279140858515','11:12:00','11:12:00','3619475','2','',''),
('3225279140858515','11:13:00','11:13:00','3619477','3','',''),
('3225279140858515','11:15:00','11:15:00','3619479','4','',''),
('3225279140858515','11:17:00','11:17:00','3619481','5','',''),
('3225279140858515','11:18:00','11:18:00','3619483','6','',''),
('3225279140858515','11:19:00','11:19:00','3619484','7','',''),
('3225279140858515','11:19:00','11:19:00','3619485','8','',''),
('3225279140858515','11:21:00','11:21:00','3619486','9','',''),
('3225279140858515','11:23:00','11:23:00','3619488','10','',''),
('3225279140858515','11:23:00','11:23:00','3619489','11','',''),
('3225279150858515','17:41:00','17:41:00','3619473','1','',''),
('3225279150858515','17:43:00','17:43:00','3619475','2','',''),
('3225279150858515','17:45:00','17:45:00','3619477','3','',''),
('3225279150858515','17:47:00','17:47:00','3619479','4','',''),
('3225279150858515','17:49:00','17:49:00','3619481','5','',''),
('3225279150858515','17:50:00','17:50:00','3619483','6','',''),
('3225279150858515','17:51:00','17:51:00','3619484','7','',''),
('3225279150858515','17:51:00','17:51:00','3619485','8','',''),
('3225279150858515','17:53:00','17:53:00','3619486','9','',''),
('3225279150858515','17:55:00','17:55:00','3619488','10','',''),
('3225279150858515','17:55:00','17:55:00','3619489','11','',''),
('3225279160858515','17:41:00','17:41:00','3619473','1','',''),
('3225279160858515','17:43:00','17:43:00','3619475','2','',''),
('3225279160858515','17:45:00','17:45:00','3619477','3','',''),
('3225279160858515','17:47:00','17:47:00','3619479','4','',''),
('3225279160858515','17:49:00','17:49:00','3619481','5','',''),
('3225279160858515','17:50:00','17:50:00','3619483','6','',''),
('3225279160858515','17:51:00','17:51:00','3619484','7','',''),
('3225279160858515','17:51:00','17:51:00','3619485','8','',''),
('3225279160858515','17:53:00','17:53:00','3619486','9','',''),
('3225279160858515','17:55:00','17:55:00','3619488','10','',''),
('3225279160858515','17:55:00','17:55:00','3619489','11','',''),
('325278800858515','06:14:00','06:14:00','3619473','1','',''),
('325278800858515','06:16:00','06:16:00','3619475','2','',''),
('325278800858515','06:17:00','06:17:00','3619477','3','',''),
('325278800858515','06:19:00','06:19:00','3619479','4','',''),
('325278800858515','06:20:00','06:20:00','3619481','5','',''),
('325278800858515','06:21:00','06:21:00','3619483','6','',''),
('325278800858515','06:21:00','06:21:00','3619484','7','',''),
('325278800858515','06:22:00','06:22:00','3619485','8','',''),
('325278800858515','06:23:00','06:23:00','3619486','9','',''),
('325278800858515','06:25:00','06:25:00','3619488','10','',''),
('325278800858515','06:25:00','06:25:00','3619489','11','',''),
('325279140858515','06:08:00','06:08:00','3619473','1','',''),
('325279140858515','06:10:00','06:10:00','3619475','2','',''),
('325279140858515','06:11:00','06:11:00','3619477','3','',''),
('325279140858515','06:13:00','06:13:00','3619479','4','',''),
('325279140858515','06:14:00','06:14:00','3619481','5','',''),
('325279140858515','06:15:00','06:15:00','3619483','6','',''),
('325279140858515','06:15:00','06:15:00','3619484','7','',''),
('325279140858515','06:16:00','06:16:00','3619485','8','',''),
('325279140858515','06:17:00','06:17:00','3619486','9','',''),
('325279140858515','06:19:00','06:19:00','3619488','10','',''),
('325279140858515','06:19:00','06:19:00','3619489','11','',''),
('325279150858515','06:35:00','06:35:00','3619473','1','',''),
('325279150858515','06:37:00','06:37:00','3619475','2','',''),
('325279150858515','06:38:00','06:38:00','3619477','3','',''),
('325279150858515','06:40:00','06:40:00','3619479','4','',''),
('325279150858515','06:41:00','06:41:00','3619481','5','',''),
('325279150858515','06:42:00','06:42:00','3619483','6','',''),
('325279150858515','06:42:00','06:42:00','3619484','7','',''),
('325279150858515','06:43:00','06:43:00','3619485','8','',''),
('325279150858515','06:44:00','06:44:00','3619486','9','',''),
('325279150858515','06:45:00','06:45:00','3619488','10','',''),
('325279150858515','06:45:00','06:45:00','3619489','11','',''),
('325279160858515','06:35:00','06:35:00','3619473','1','',''),
('325279160858515','06:37:00','06:37:00','3619475','2','',''),
('325279160858515','06:38:00','06:38:00','3619477','3','',''),
('325279160858515','06:40:00','06:40:00','3619479','4','',''),
('325279160858515','06:41:00','06:41:00','3619481','5','',''),
('325279160858515','06:42:00','06:42:00','3619483','6','',''),
('325279160858515','06:42:00','06:42:00','3619484','7','',''),
('325279160858515','06:43:00','06:43:00','3619485','8','',''),
('325279160858515','06:44:00','06:44:00','3619486','9','',''),
('325279160858515','06:45:00','06:45:00','3619488','10','',''),
('325279160858515','06:45:00','06:45:00','3619489','11','',''),
('3325278800858515','11:30:00','11:30:00','3619473','1','',''),
('3325278800858515','11:32:00','11:32:00','3619475','2','',''),
('3325278800858515','11:34:00','11:34:00','3619477','3','',''),
('3325278800858515','11:36:00','11:36:00','3619479','4','',''),
('3325278800858515','11:37:00','11:37:00','3619481','5','',''),
('3325278800858515','11:38:00','11:38:00','3619483','6','',''),
('3325278800858515','11:39:00','11:39:00','3619484','7','',''),
('3325278800858515','11:39:00','11:39:00','3619485','8','',''),
('3325278800858515','11:41:00','11:41:00','3619486','9','',''),
('3325278800858515','11:43:00','11:43:00','3619488','10','',''),
('3325278800858515','11:43:00','11:43:00','3619489','11','',''),
('3325279140858515','11:30:00','11:30:00','3619473','1','',''),
('3325279140858515','11:32:00','11:32:00','3619475','2','',''),
('3325279140858515','11:33:00','11:33:00','3619477','3','',''),
('3325279140858515','11:35:00','11:35:00','3619479','4','',''),
('3325279140858515','11:37:00','11:37:00','3619481','5','',''),
('3325279140858515','11:38:00','11:38:00','3619483','6','',''),
('3325279140858515','11:39:00','11:39:00','3619484','7','',''),
('3325279140858515','11:39:00','11:39:00','3619485','8','',''),
('3325279140858515','11:41:00','11:41:00','3619486','9','',''),
('3325279140858515','11:43:00','11:43:00','3619488','10','',''),
('3325279140858515','11:43:00','11:43:00','3619489','11','',''),
('3325279150858515','17:58:00','17:58:00','3619473','1','',''),
('3325279150858515','18:00:00','18:00:00','3619475','2','',''),
('3325279150858515','18:02:00','18:02:00','3619477','3','',''),
('3325279150858515','18:04:00','18:04:00','3619479','4','',''),
('3325279150858515','18:06:00','18:06:00','3619481','5','',''),
('3325279150858515','18:07:00','18:07:00','3619483','6','',''),
('3325279150858515','18:08:00','18:08:00','3619484','7','',''),
('3325279150858515','18:08:00','18:08:00','3619485','8','',''),
('3325279150858515','18:10:00','18:10:00','3619486','9','',''),
('3325279150858515','18:12:00','18:12:00','3619488','10','',''),
('3325279150858515','18:12:00','18:12:00','3619489','11','',''),
('3325279160858515','17:58:00','17:58:00','3619473','1','',''),
('3325279160858515','18:00:00','18:00:00','3619475','2','',''),
('3325279160858515','18:02:00','18:02:00','3619477','3','',''),
('3325279160858515','18:04:00','18:04:00','3619479','4','',''),
('3325279160858515','18:06:00','18:06:00','3619481','5','',''),
('3325279160858515','18:07:00','18:07:00','3619483','6','',''),
('3325279160858515','18:08:00','18:08:00','3619484','7','',''),
('3325279160858515','18:08:00','18:08:00','3619485','8','',''),
('3325279160858515','18:10:00','18:10:00','3619486','9','',''),
('3325279160858515','18:12:00','18:12:00','3619488','10','',''),
('3325279160858515','18:12:00','18:12:00','3619489','11','',''),
('3425278800858515','11:50:00','11:50:00','3619473','1','',''),
('3425278800858515','11:52:00','11:52:00','3619475','2','',''),
('3425278800858515','11:54:00','11:54:00','3619477','3','',''),
('3425278800858515','11:56:00','11:56:00','3619479','4','',''),
('3425278800858515','11:57:00','11:57:00','3619481','5','',''),
('3425278800858515','11:58:00','11:58:00','3619483','6','',''),
('3425278800858515','11:59:00','11:59:00','3619484','7','',''),
('3425278800858515','11:59:00','11:59:00','3619485','8','',''),
('3425278800858515','12:01:00','12:01:00','3619486','9','',''),
('3425278800858515','12:03:00','12:03:00','3619488','10','',''),
('3425278800858515','12:03:00','12:03:00','3619489','11','',''),
('3425279140858515','11:50:00','11:50:00','3619473','1','',''),
('3425279140858515','11:52:00','11:52:00','3619475','2','',''),
('3425279140858515','11:53:00','11:53:00','3619477','3','',''),
('3425279140858515','11:55:00','11:55:00','3619479','4','',''),
('3425279140858515','11:57:00','11:57:00','3619481','5','',''),
('3425279140858515','11:58:00','11:58:00','3619483','6','',''),
('3425279140858515','11:59:00','11:59:00','3619484','7','',''),
('3425279140858515','11:59:00','11:59:00','3619485','8','',''),
('3425279140858515','12:01:00','12:01:00','3619486','9','',''),
('3425279140858515','12:03:00','12:03:00','3619488','10','',''),
('3425279140858515','12:03:00','12:03:00','3619489','11','',''),
('3425279150858515','18:15:00','18:15:00','3619473','1','',''),
('3425279150858515','18:17:00','18:17:00','3619475','2','',''),
('3425279150858515','18:18:00','18:18:00','3619477','3','',''),
('3425279150858515','18:20:00','18:20:00','3619479','4','',''),
('3425279150858515','18:22:00','18:22:00','3619481','5','',''),
('3425279150858515','18:23:00','18:23:00','3619483','6','',''),
('3425279150858515','18:24:00','18:24:00','3619484','7','',''),
('3425279150858515','18:24:00','18:24:00','3619485','8','',''),
('3425279150858515','18:26:00','18:26:00','3619486','9','',''),
('3425279150858515','18:28:00','18:28:00','3619488','10','',''),
('3425279150858515','18:28:00','18:28:00','3619489','11','',''),
('3425279160858515','18:15:00','18:15:00','3619473','1','',''),
('3425279160858515','18:17:00','18:17:00','3619475','2','',''),
('3425279160858515','18:18:00','18:18:00','3619477','3','',''),
('3425279160858515','18:20:00','18:20:00','3619479','4','',''),
('3425279160858515','18:22:00','18:22:00','3619481','5','',''),
('3425279160858515','18:23:00','18:23:00','3619483','6','',''),
('3425279160858515','18:24:00','18:24:00','3619484','7','',''),
('3425279160858515','18:24:00','18:24:00','3619485','8','',''),
('3425279160858515','18:26:00','18:26:00','3619486','9','',''),
('3425279160858515','18:28:00','18:28:00','3619488','10','',''),
('3425279160858515','18:28:00','18:28:00','3619489','11','',''),
('3525278800858515','12:10:00','12:10:00','3619473','1','',''),
('3525278800858515','12:12:00','12:12:00','3619475','2','',''),
('3525278800858515','12:14:00','12:14:00','3619477','3','',''),
('3525278800858515','12:16:00','12:16:00','3619479','4','',''),
('3525278800858515','12:17:00','12:17:00','3619481','5','',''),
('3525278800858515','12:18:00','12:18:00','3619483','6','',''),
('3525278800858515','12:19:00','12:19:00','3619484','7','',''),
('3525278800858515','12:19:00','12:19:00','3619485','8','',''),
('3525278800858515','12:21:00','12:21:00','3619486','9','',''),
('3525278800858515','12:23:00','12:23:00','3619488','10','',''),
('3525278800858515','12:23:00','12:23:00','3619489','11','',''),
('3525279140858515','12:10:00','12:10:00','3619473','1','',''),
('3525279140858515','12:12:00','12:12:00','3619475','2','',''),
('3525279140858515','12:13:00','12:13:00','3619477','3','',''),
('3525279140858515','12:15:00','12:15:00','3619479','4','',''),
('3525279140858515','12:17:00','12:17:00','3619481','5','',''),
('3525279140858515','12:18:00','12:18:00','3619483','6','',''),
('3525279140858515','12:19:00','12:19:00','3619484','7','',''),
('3525279140858515','12:19:00','12:19:00','3619485','8','',''),
('3525279140858515','12:21:00','12:21:00','3619486','9','',''),
('3525279140858515','12:23:00','12:23:00','3619488','10','',''),
('3525279140858515','12:23:00','12:23:00','3619489','11','',''),
('3525279150858515','18:32:00','18:32:00','3619473','1','',''),
('3525279150858515','18:34:00','18:34:00','3619475','2','',''),
('3525279150858515','18:35:00','18:35:00','3619477','3','',''),
('3525279150858515','18:37:00','18:37:00','3619479','4','',''),
('3525279150858515','18:39:00','18:39:00','3619481','5','',''),
('3525279150858515','18:40:00','18:40:00','3619483','6','',''),
('3525279150858515','18:41:00','18:41:00','3619484','7','',''),
('3525279150858515','18:41:00','18:41:00','3619485','8','',''),
('3525279150858515','18:43:00','18:43:00','3619486','9','',''),
('3525279150858515','18:45:00','18:45:00','3619488','10','',''),
('3525279150858515','18:45:00','18:45:00','3619489','11','',''),
('3525279160858515','18:32:00','18:32:00','3619473','1','',''),
('3525279160858515','18:34:00','18:34:00','3619475','2','',''),
('3525279160858515','18:35:00','18:35:00','3619477','3','',''),
('3525279160858515','18:37:00','18:37:00','3619479','4','',''),
('3525279160858515','18:39:00','18:39:00','3619481','5','',''),
('3525279160858515','18:40:00','18:40:00','3619483','6','',''),
('3525279160858515','18:41:00','18:41:00','3619484','7','',''),
('3525279160858515','18:41:00','18:41:00','3619485','8','',''),
('3525279160858515','18:43:00','18:43:00','3619486','9','',''),
('3525279160858515','18:45:00','18:45:00','3619488','10','',''),
('3525279160858515','18:45:00','18:45:00','3619489','11','',''),
('3625278800858515','12:45:00','12:45:00','3619473','1','',''),
('3625278800858515','12:47:00','12:47:00','3619475','2','',''),
('3625278800858515','12:49:00','12:49:00','3619477','3','',''),
('3625278800858515','12:51:00','12:51:00','3619479','4','',''),
('3625278800858515','12:52:00','12:52:00','3619481','5','',''),
('3625278800858515','12:53:00','12:53:00','3619483','6','',''),
('3625278800858515','12:54:00','12:54:00','3619484','7','',''),
('3625278800858515','12:54:00','12:54:00','3619485','8','',''),
('3625278800858515','12:56:00','12:56:00','3619486','9','',''),
('3625278800858515','12:58:00','12:58:00','3619488','10','',''),
('3625278800858515','12:58:00','12:58:00','3619489','11','',''),
('3625279140858515','12:45:00','12:45:00','3619473','1','',''),
('3625279140858515','12:47:00','12:47:00','3619475','2','',''),
('3625279140858515','12:48:00','12:48:00','3619477','3','',''),
('3625279140858515','12:50:00','12:50:00','3619479','4','',''),
('3625279140858515','12:52:00','12:52:00','3619481','5','',''),
('3625279140858515','12:53:00','12:53:00','3619483','6','',''),
('3625279140858515','12:54:00','12:54:00','3619484','7','',''),
('3625279140858515','12:54:00','12:54:00','3619485','8','',''),
('3625279140858515','12:56:00','12:56:00','3619486','9','',''),
('3625279140858515','12:58:00','12:58:00','3619488','10','',''),
('3625279140858515','12:58:00','12:58:00','3619489','11','',''),
('3625279150858515','18:50:00','18:50:00','3619473','1','',''),
('3625279150858515','18:52:00','18:52:00','3619475','2','',''),
('3625279150858515','18:53:00','18:53:00','3619477','3','',''),
('3625279150858515','18:55:00','18:55:00','3619479','4','',''),
('3625279150858515','18:57:00','18:57:00','3619481','5','',''),
('3625279150858515','18:58:00','18:58:00','3619483','6','',''),
('3625279150858515','18:59:00','18:59:00','3619484','7','',''),
('3625279150858515','18:59:00','18:59:00','3619485','8','',''),
('3625279150858515','19:01:00','19:01:00','3619486','9','',''),
('3625279150858515','19:03:00','19:03:00','3619488','10','',''),
('3625279150858515','19:03:00','19:03:00','3619489','11','',''),
('3625279160858515','18:50:00','18:50:00','3619473','1','',''),
('3625279160858515','18:52:00','18:52:00','3619475','2','',''),
('3625279160858515','18:53:00','18:53:00','3619477','3','',''),
('3625279160858515','18:55:00','18:55:00','3619479','4','',''),
('3625279160858515','18:57:00','18:57:00','3619481','5','',''),
('3625279160858515','18:58:00','18:58:00','3619483','6','',''),
('3625279160858515','18:59:00','18:59:00','3619484','7','',''),
('3625279160858515','18:59:00','18:59:00','3619485','8','',''),
('3625279160858515','19:01:00','19:01:00','3619486','9','',''),
('3625279160858515','19:03:00','19:03:00','3619488','10','',''),
('3625279160858515','19:03:00','19:03:00','3619489','11','',''),
('3725278800858515','13:20:00','13:20:00','3619473','1','',''),
('3725278800858515','13:22:00','13:22:00','3619475','2','',''),
('3725278800858515','13:24:00','13:24:00','3619477','3','',''),
('3725278800858515','13:26:00','13:26:00','3619479','4','',''),
('3725278800858515','13:27:00','13:27:00','3619481','5','',''),
('3725278800858515','13:28:00','13:28:00','3619483','6','',''),
('3725278800858515','13:29:00','13:29:00','3619484','7','',''),
('3725278800858515','13:29:00','13:29:00','3619485','8','',''),
('3725278800858515','13:31:00','13:31:00','3619486','9','',''),
('3725278800858515','13:33:00','13:33:00','3619488','10','',''),
('3725278800858515','13:33:00','13:33:00','3619489','11','',''),
('3725279140858515','13:20:00','13:20:00','3619473','1','',''),
('3725279140858515','13:22:00','13:22:00','3619475','2','',''),
('3725279140858515','13:23:00','13:23:00','3619477','3','',''),
('3725279140858515','13:25:00','13:25:00','3619479','4','',''),
('3725279140858515','13:27:00','13:27:00','3619481','5','',''),
('3725279140858515','13:28:00','13:28:00','3619483','6','',''),
('3725279140858515','13:29:00','13:29:00','3619484','7','',''),
('3725279140858515','13:29:00','13:29:00','3619485','8','',''),
('3725279140858515','13:31:00','13:31:00','3619486','9','',''),
('3725279140858515','13:33:00','13:33:00','3619488','10','',''),
('3725279140858515','13:33:00','13:33:00','3619489','11','',''),
('3725279150858515','19:08:00','19:08:00','3619473','1','',''),
('3725279150858515','19:10:00','19:10:00','3619475','2','',''),
('3725279150858515','19:11:00','19:11:00','3619477','3','',''),
('3725279150858515','19:13:00','19:13:00','3619479','4','',''),
('3725279150858515','19:15:00','19:15:00','3619481','5','',''),
('3725279150858515','19:16:00','19:16:00','3619483','6','',''),
('3725279150858515','19:17:00','19:17:00','3619484','7','',''),
('3725279150858515','19:17:00','19:17:00','3619485','8','',''),
('3725279150858515','19:19:00','19:19:00','3619486','9','',''),
('3725279150858515','19:21:00','19:21:00','3619488','10','',''),
('3725279150858515','19:21:00','19:21:00','3619489','11','',''),
('3725279160858515','19:08:00','19:08:00','3619473','1','',''),
('3725279160858515','19:10:00','19:10:00','3619475','2','',''),
('3725279160858515','19:11:00','19:11:00','3619477','3','',''),
('3725279160858515','19:13:00','19:13:00','3619479','4','',''),
('3725279160858515','19:15:00','19:15:00','3619481','5','',''),
('3725279160858515','19:16:00','19:16:00','3619483','6','',''),
('3725279160858515','19:17:00','19:17:00','3619484','7','',''),
('3725279160858515','19:17:00','19:17:00','3619485','8','',''),
('3725279160858515','19:19:00','19:19:00','3619486','9','',''),
('3725279160858515','19:21:00','19:21:00','3619488','10','',''),
('3725279160858515','19:21:00','19:21:00','3619489','11','',''),
('3825278800858515','13:55:00','13:55:00','3619473','1','',''),
('3825278800858515','13:57:00','13:57:00','3619475','2','',''),
('3825278800858515','13:59:00','13:59:00','3619477','3','',''),
('3825278800858515','14:01:00','14:01:00','3619479','4','',''),
('3825278800858515','14:02:00','14:02:00','3619481','5','',''),
('3825278800858515','14:03:00','14:03:00','3619483','6','',''),
('3825278800858515','14:04:00','14:04:00','3619484','7','',''),
('3825278800858515','14:04:00','14:04:00','3619485','8','',''),
('3825278800858515','14:06:00','14:06:00','3619486','9','',''),
('3825278800858515','14:08:00','14:08:00','3619488','10','',''),
('3825278800858515','14:08:00','14:08:00','3619489','11','',''),
('3825279140858515','13:55:00','13:55:00','3619473','1','',''),
('3825279140858515','13:57:00','13:57:00','3619475','2','',''),
('3825279140858515','13:58:00','13:58:00','3619477','3','',''),
('3825279140858515','14:00:00','14:00:00','3619479','4','',''),
('3825279140858515','14:02:00','14:02:00','3619481','5','',''),
('3825279140858515','14:03:00','14:03:00','3619483','6','',''),
('3825279140858515','14:04:00','14:04:00','3619484','7','',''),
('3825279140858515','14:04:00','14:04:00','3619485','8','',''),
('3825279140858515','14:06:00','14:06:00','3619486','9','',''),
('3825279140858515','14:08:00','14:08:00','3619488','10','',''),
('3825279140858515','14:08:00','14:08:00','3619489','11','',''),
('3825279150858515','19:26:00','19:26:00','3619473','1','',''),
('3825279150858515','19:28:00','19:28:00','3619475','2','',''),
('3825279150858515','19:29:00','19:29:00','3619477','3','',''),
('3825279150858515','19:31:00','19:31:00','3619479','4','',''),
('3825279150858515','19:33:00','19:33:00','3619481','5','',''),
('3825279150858515','19:34:00','19:34:00','3619483','6','',''),
('3825279150858515','19:35:00','19:35:00','3619484','7','',''),
('3825279150858515','19:35:00','19:35:00','3619485','8','',''),
('3825279150858515','19:37:00','19:37:00','3619486','9','',''),
('3825279150858515','19:39:00','19:39:00','3619488','10','',''),
('3825279150858515','19:39:00','19:39:00','3619489','11','',''),
('3825279160858515','19:26:00','19:26:00','3619473','1','',''),
('3825279160858515','19:28:00','19:28:00','3619475','2','',''),
('3825279160858515','19:29:00','19:29:00','3619477','3','',''),
('3825279160858515','19:31:00','19:31:00','3619479','4','',''),
('3825279160858515','19:33:00','19:33:00','3619481','5','',''),
('3825279160858515','19:34:00','19:34:00','3619483','6','',''),
('3825279160858515','19:35:00','19:35:00','3619484','7','',''),
('3825279160858515','19:35:00','19:35:00','3619485','8','',''),
('3825279160858515','19:37:00','19:37:00','3619486','9','',''),
('3825279160858515','19:39:00','19:39:00','3619488','10','',''),
('3825279160858515','19:39:00','19:39:00','3619489','11','',''),
('3925278800858515','14:30:00','14:30:00','3619473','1','',''),
('3925278800858515','14:32:00','14:32:00','3619475','2','',''),
('3925278800858515','14:34:00','14:34:00','3619477','3','',''),
('3925278800858515','14:36:00','14:36:00','3619479','4','',''),
('3925278800858515','14:37:00','14:37:00','3619481','5','',''),
('3925278800858515','14:38:00','14:38:00','3619483','6','',''),
('3925278800858515','14:39:00','14:39:00','3619484','7','',''),
('3925278800858515','14:39:00','14:39:00','3619485','8','',''),
('3925278800858515','14:41:00','14:41:00','3619486','9','',''),
('3925278800858515','14:43:00','14:43:00','3619488','10','',''),
('3925278800858515','14:43:00','14:43:00','3619489','11','',''),
('3925279140858515','14:30:00','14:30:00','3619473','1','',''),
('3925279140858515','14:32:00','14:32:00','3619475','2','',''),
('3925279140858515','14:33:00','14:33:00','3619477','3','',''),
('3925279140858515','14:35:00','14:35:00','3619479','4','',''),
('3925279140858515','14:37:00','14:37:00','3619481','5','',''),
('3925279140858515','14:38:00','14:38:00','3619483','6','',''),
('3925279140858515','14:39:00','14:39:00','3619484','7','',''),
('3925279140858515','14:39:00','14:39:00','3619485','8','',''),
('3925279140858515','14:41:00','14:41:00','3619486','9','',''),
('3925279140858515','14:43:00','14:43:00','3619488','10','',''),
('3925279140858515','14:43:00','14:43:00','3619489','11','',''),
('3925279150858515','19:44:00','19:44:00','3619473','1','',''),
('3925279150858515','19:46:00','19:46:00','3619475','2','',''),
('3925279150858515','19:47:00','19:47:00','3619477','3','',''),
('3925279150858515','19:49:00','19:49:00','3619479','4','',''),
('3925279150858515','19:51:00','19:51:00','3619481','5','',''),
('3925279150858515','19:52:00','19:52:00','3619483','6','',''),
('3925279150858515','19:53:00','19:53:00','3619484','7','',''),
('3925279150858515','19:53:00','19:53:00','3619485','8','',''),
('3925279150858515','19:55:00','19:55:00','3619486','9','',''),
('3925279150858515','19:57:00','19:57:00','3619488','10','',''),
('3925279150858515','19:57:00','19:57:00','3619489','11','',''),
('3925279160858515','19:44:00','19:44:00','3619473','1','',''),
('3925279160858515','19:46:00','19:46:00','3619475','2','',''),
('3925279160858515','19:47:00','19:47:00','3619477','3','',''),
('3925279160858515','19:49:00','19:49:00','3619479','4','',''),
('3925279160858515','19:51:00','19:51:00','3619481','5','',''),
('3925279160858515','19:52:00','19:52:00','3619483','6','',''),
('3925279160858515','19:53:00','19:53:00','3619484','7','',''),
('3925279160858515','19:53:00','19:53:00','3619485','8','',''),
('3925279160858515','19:55:00','19:55:00','3619486','9','',''),
('3925279160858515','19:57:00','19:57:00','3619488','10','',''),
('3925279160858515','19:57:00','19:57:00','3619489','11','',''),
('4025278800858515','15:05:00','15:05:00','3619473','1','',''),
('4025278800858515','15:07:00','15:07:00','3619475','2','',''),
('4025278800858515','15:09:00','15:09:00','3619477','3','',''),
('4025278800858515','15:11:00','15:11:00','3619479','4','',''),
('4025278800858515','15:12:00','15:12:00','3619481','5','',''),
('4025278800858515','15:13:00','15:13:00','3619483','6','',''),
('4025278800858515','15:14:00','15:14:00','3619484','7','',''),
('4025278800858515','15:14:00','15:14:00','3619485','8','',''),
('4025278800858515','15:16:00','15:16:00','3619486','9','',''),
('4025278800858515','15:18:00','15:18:00','3619488','10','',''),
('4025278800858515','15:18:00','15:18:00','3619489','11','',''),
('4025279140858515','15:05:00','15:05:00','3619473','1','',''),
('4025279140858515','15:07:00','15:07:00','3619475','2','',''),
('4025279140858515','15:08:00','15:08:00','3619477','3','',''),
('4025279140858515','15:10:00','15:10:00','3619479','4','',''),
('4025279140858515','15:12:00','15:12:00','3619481','5','',''),
('4025279140858515','15:13:00','15:13:00','3619483','6','',''),
('4025279140858515','15:14:00','15:14:00','3619484','7','',''),
('4025279140858515','15:14:00','15:14:00','3619485','8','',''),
('4025279140858515','15:16:00','15:16:00','3619486','9','',''),
('4025279140858515','15:18:00','15:18:00','3619488','10','',''),
('4025279140858515','15:18:00','15:18:00','3619489','11','',''),
('4025279150858515','20:03:00','20:03:00','3619473','1','',''),
('4025279150858515','20:05:00','20:05:00','3619475','2','',''),
('4025279150858515','20:06:00','20:06:00','3619477','3','',''),
('4025279150858515','20:08:00','20:08:00','3619479','4','',''),
('4025279150858515','20:10:00','20:10:00','3619481','5','',''),
('4025279150858515','20:11:00','20:11:00','3619483','6','',''),
('4025279150858515','20:12:00','20:12:00','3619484','7','',''),
('4025279150858515','20:12:00','20:12:00','3619485','8','',''),
('4025279150858515','20:14:00','20:14:00','3619486','9','',''),
('4025279150858515','20:16:00','20:16:00','3619488','10','',''),
('4025279150858515','20:16:00','20:16:00','3619489','11','',''),
('4025279160858515','20:03:00','20:03:00','3619473','1','',''),
('4025279160858515','20:05:00','20:05:00','3619475','2','',''),
('4025279160858515','20:06:00','20:06:00','3619477','3','',''),
('4025279160858515','20:08:00','20:08:00','3619479','4','',''),
('4025279160858515','20:10:00','20:10:00','3619481','5','',''),
('4025279160858515','20:11:00','20:11:00','3619483','6','',''),
('4025279160858515','20:12:00','20:12:00','3619484','7','',''),
('4025279160858515','20:12:00','20:12:00','3619485','8','',''),
('4025279160858515','20:14:00','20:14:00','3619486','9','',''),
('4025279160858515','20:16:00','20:16:00','3619488','10','',''),
('4025279160858515','20:16:00','20:16:00','3619489','11','',''),
('4125278800858515','15:40:00','15:40:00','3619473','1','',''),
('4125278800858515','15:42:00','15:42:00','3619475','2','',''),
('4125278800858515','15:44:00','15:44:00','3619477','3','',''),
('4125278800858515','15:46:00','15:46:00','3619479','4','',''),
('4125278800858515','15:47:00','15:47:00','3619481','5','',''),
('4125278800858515','15:48:00','15:48:00','3619483','6','',''),
('4125278800858515','15:49:00','15:49:00','3619484','7','',''),
('4125278800858515','15:50:00','15:50:00','3619485','8','',''),
('4125278800858515','15:52:00','15:52:00','3619486','9','',''),
('4125278800858515','15:53:00','15:53:00','3619488','10','',''),
('4125278800858515','15:54:00','15:54:00','3619489','11','',''),
('4125279140858515','15:40:00','15:40:00','3619473','1','',''),
('4125279140858515','15:42:00','15:42:00','3619475','2','',''),
('4125279140858515','15:43:00','15:43:00','3619477','3','',''),
('4125279140858515','15:45:00','15:45:00','3619479','4','',''),
('4125279140858515','15:47:00','15:47:00','3619481','5','',''),
('4125279140858515','15:48:00','15:48:00','3619483','6','',''),
('4125279140858515','15:49:00','15:49:00','3619484','7','',''),
('4125279140858515','15:49:00','15:49:00','3619485','8','',''),
('4125279140858515','15:51:00','15:51:00','3619486','9','',''),
('4125279140858515','15:53:00','15:53:00','3619488','10','',''),
('4125279140858515','15:53:00','15:53:00','3619489','11','',''),
('4125279150858515','20:23:00','20:23:00','3619473','1','',''),
('4125279150858515','20:25:00','20:25:00','3619475','2','',''),
('4125279150858515','20:26:00','20:26:00','3619477','3','',''),
('4125279150858515','20:28:00','20:28:00','3619479','4','',''),
('4125279150858515','20:30:00','20:30:00','3619481','5','',''),
('4125279150858515','20:31:00','20:31:00','3619483','6','',''),
('4125279150858515','20:32:00','20:32:00','3619484','7','',''),
('4125279150858515','20:32:00','20:32:00','3619485','8','',''),
('4125279150858515','20:34:00','20:34:00','3619486','9','',''),
('4125279150858515','20:36:00','20:36:00','3619488','10','',''),
('4125279150858515','20:36:00','20:36:00','3619489','11','',''),
('4125279160858515','20:23:00','20:23:00','3619473','1','',''),
('4125279160858515','20:25:00','20:25:00','3619475','2','',''),
('4125279160858515','20:26:00','20:26:00','3619477','3','',''),
('4125279160858515','20:28:00','20:28:00','3619479','4','',''),
('4125279160858515','20:30:00','20:30:00','3619481','5','',''),
('4125279160858515','20:31:00','20:31:00','3619483','6','',''),
('4125279160858515','20:32:00','20:32:00','3619484','7','',''),
('4125279160858515','20:32:00','20:32:00','3619485','8','',''),
('4125279160858515','20:34:00','20:34:00','3619486','9','',''),
('4125279160858515','20:36:00','20:36:00','3619488','10','',''),
('4125279160858515','20:36:00','20:36:00','3619489','11','',''),
('4225278800858515','15:52:00','15:52:00','3619473','1','',''),
('4225278800858515','15:54:00','15:54:00','3619475','2','',''),
('4225278800858515','15:56:00','15:56:00','3619477','3','',''),
('4225278800858515','15:58:00','15:58:00','3619479','4','',''),
('4225278800858515','15:59:00','15:59:00','3619481','5','',''),
('4225278800858515','16:00:00','16:00:00','3619483','6','',''),
('4225278800858515','16:01:00','16:01:00','3619484','7','',''),
('4225278800858515','16:02:00','16:02:00','3619485','8','',''),
('4225278800858515','16:04:00','16:04:00','3619486','9','',''),
('4225278800858515','16:05:00','16:05:00','3619488','10','',''),
('4225278800858515','16:06:00','16:06:00','3619489','11','',''),
('4225279140858515','16:01:00','16:01:00','3619473','1','',''),
('4225279140858515','16:03:00','16:03:00','3619475','2','',''),
('4225279140858515','16:04:00','16:04:00','3619477','3','',''),
('4225279140858515','16:06:00','16:06:00','3619479','4','',''),
('4225279140858515','16:08:00','16:08:00','3619481','5','',''),
('4225279140858515','16:09:00','16:09:00','3619483','6','',''),
('4225279140858515','16:10:00','16:10:00','3619484','7','',''),
('4225279140858515','16:11:00','16:11:00','3619485','8','',''),
('4225279140858515','16:13:00','16:13:00','3619486','9','',''),
('4225279140858515','16:14:00','16:14:00','3619488','10','',''),
('4225279140858515','16:15:00','16:15:00','3619489','11','',''),
('4225279150858515','20:45:00','20:45:00','3619473','1','',''),
('4225279150858515','20:47:00','20:47:00','3619475','2','',''),
('4225279150858515','20:48:00','20:48:00','3619477','3','',''),
('4225279150858515','20:50:00','20:50:00','3619479','4','',''),
('4225279150858515','20:52:00','20:52:00','3619481','5','',''),
('4225279150858515','20:53:00','20:53:00','3619483','6','',''),
('4225279150858515','20:54:00','20:54:00','3619484','7','',''),
('4225279150858515','20:54:00','20:54:00','3619485','8','',''),
('4225279150858515','20:56:00','20:56:00','3619486','9','',''),
('4225279150858515','20:58:00','20:58:00','3619488','10','',''),
('4225279150858515','20:58:00','20:58:00','3619489','11','',''),
('4225279160858515','20:45:00','20:45:00','3619473','1','',''),
('4225279160858515','20:47:00','20:47:00','3619475','2','',''),
('4225279160858515','20:48:00','20:48:00','3619477','3','',''),
('4225279160858515','20:50:00','20:50:00','3619479','4','',''),
('4225279160858515','20:52:00','20:52:00','3619481','5','',''),
('4225279160858515','20:53:00','20:53:00','3619483','6','',''),
('4225279160858515','20:54:00','20:54:00','3619484','7','',''),
('4225279160858515','20:54:00','20:54:00','3619485','8','',''),
('4225279160858515','20:56:00','20:56:00','3619486','9','',''),
('4225279160858515','20:58:00','20:58:00','3619488','10','',''),
('4225279160858515','20:58:00','20:58:00','3619489','11','',''),
('425278800858515','06:28:00','06:28:00','3619473','1','',''),
('425278800858515','06:30:00','06:30:00','3619475','2','',''),
('425278800858515','06:31:00','06:31:00','3619477','3','',''),
('425278800858515','06:33:00','06:33:00','3619479','4','',''),
('425278800858515','06:34:00','06:34:00','3619481','5','',''),
('425278800858515','06:35:00','06:35:00','3619483','6','',''),
('425278800858515','06:36:00','06:36:00','3619484','7','',''),
('425278800858515','06:36:00','06:36:00','3619485','8','',''),
('425278800858515','06:38:00','06:38:00','3619486','9','',''),
('425278800858515','06:40:00','06:40:00','3619488','10','',''),
('425278800858515','06:40:00','06:40:00','3619489','11','',''),
('425279140858515','06:24:00','06:24:00','3619473','1','',''),
('425279140858515','06:26:00','06:26:00','3619475','2','',''),
('425279140858515','06:27:00','06:27:00','3619477','3','',''),
('425279140858515','06:29:00','06:29:00','3619479','4','',''),
('425279140858515','06:30:00','06:30:00','3619481','5','',''),
('425279140858515','06:31:00','06:31:00','3619483','6','',''),
('425279140858515','06:31:00','06:31:00','3619484','7','',''),
('425279140858515','06:32:00','06:32:00','3619485','8','',''),
('425279140858515','06:33:00','06:33:00','3619486','9','',''),
('425279140858515','06:35:00','06:35:00','3619488','10','',''),
('425279140858515','06:35:00','06:35:00','3619489','11','',''),
('425279150858515','07:08:00','07:08:00','3619473','1','',''),
('425279150858515','07:10:00','07:10:00','3619475','2','',''),
('425279150858515','07:11:00','07:11:00','3619477','3','',''),
('425279150858515','07:13:00','07:13:00','3619479','4','',''),
('425279150858515','07:14:00','07:14:00','3619481','5','',''),
('425279150858515','07:15:00','07:15:00','3619483','6','',''),
('425279150858515','07:15:00','07:15:00','3619484','7','',''),
('425279150858515','07:16:00','07:16:00','3619485','8','',''),
('425279150858515','07:17:00','07:17:00','3619486','9','',''),
('425279150858515','07:19:00','07:19:00','3619488','10','',''),
('425279150858515','07:19:00','07:19:00','3619489','11','',''),
('425279160858515','07:08:00','07:08:00','3619473','1','',''),
('425279160858515','07:10:00','07:10:00','3619475','2','',''),
('425279160858515','07:11:00','07:11:00','3619477','3','',''),
('425279160858515','07:13:00','07:13:00','3619479','4','',''),
('425279160858515','07:14:00','07:14:00','3619481','5','',''),
('425279160858515','07:15:00','07:15:00','3619483','6','',''),
('425279160858515','07:15:00','07:15:00','3619484','7','',''),
('425279160858515','07:16:00','07:16:00','3619485','8','',''),
('425279160858515','07:17:00','07:17:00','3619486','9','',''),
('425279160858515','07:19:00','07:19:00','3619488','10','',''),
('425279160858515','07:19:00','07:19:00','3619489','11','',''),
('4325278800858515','16:10:00','16:10:00','3619473','1','',''),
('4325278800858515','16:12:00','16:12:00','3619475','2','',''),
('4325278800858515','16:14:00','16:14:00','3619477','3','',''),
('4325278800858515','16:16:00','16:16:00','3619479','4','',''),
('4325278800858515','16:17:00','16:17:00','3619481','5','',''),
('4325278800858515','16:18:00','16:18:00','3619483','6','',''),
('4325278800858515','16:19:00','16:19:00','3619484','7','',''),
('4325278800858515','16:20:00','16:20:00','3619485','8','',''),
('4325278800858515','16:22:00','16:22:00','3619486','9','',''),
('4325278800858515','16:23:00','16:23:00','3619488','10','',''),
('4325278800858515','16:24:00','16:24:00','3619489','11','',''),
('4325279140858515','16:15:00','16:15:00','3619473','1','',''),
('4325279140858515','16:17:00','16:17:00','3619475','2','',''),
('4325279140858515','16:18:00','16:18:00','3619477','3','',''),
('4325279140858515','16:20:00','16:20:00','3619479','4','',''),
('4325279140858515','16:22:00','16:22:00','3619481','5','',''),
('4325279140858515','16:23:00','16:23:00','3619483','6','',''),
('4325279140858515','16:24:00','16:24:00','3619484','7','',''),
('4325279140858515','16:25:00','16:25:00','3619485','8','',''),
('4325279140858515','16:27:00','16:27:00','3619486','9','',''),
('4325279140858515','16:28:00','16:28:00','3619488','10','',''),
('4325279140858515','16:29:00','16:29:00','3619489','11','',''),
('4425278800858515','16:20:00','16:20:00','3619473','1','',''),
('4425278800858515','16:22:00','16:22:00','3619475','2','',''),
('4425278800858515','16:24:00','16:24:00','3619477','3','',''),
('4425278800858515','16:26:00','16:26:00','3619479','4','',''),
('4425278800858515','16:27:00','16:27:00','3619481','5','',''),
('4425278800858515','16:28:00','16:28:00','3619483','6','',''),
('4425278800858515','16:29:00','16:29:00','3619484','7','',''),
('4425278800858515','16:30:00','16:30:00','3619485','8','',''),
('4425278800858515','16:32:00','16:32:00','3619486','9','',''),
('4425278800858515','16:33:00','16:33:00','3619488','10','',''),
('4425278800858515','16:34:00','16:34:00','3619489','11','',''),
('4425279140858515','16:29:00','16:29:00','3619473','1','',''),
('4425279140858515','16:31:00','16:31:00','3619475','2','',''),
('4425279140858515','16:32:00','16:32:00','3619477','3','',''),
('4425279140858515','16:34:00','16:34:00','3619479','4','',''),
('4425279140858515','16:36:00','16:36:00','3619481','5','',''),
('4425279140858515','16:37:00','16:37:00','3619483','6','',''),
('4425279140858515','16:38:00','16:38:00','3619484','7','',''),
('4425279140858515','16:39:00','16:39:00','3619485','8','',''),
('4425279140858515','16:41:00','16:41:00','3619486','9','',''),
('4425279140858515','16:42:00','16:42:00','3619488','10','',''),
('4425279140858515','16:43:00','16:43:00','3619489','11','',''),
('4525278800858515','16:30:00','16:30:00','3619473','1','',''),
('4525278800858515','16:32:00','16:32:00','3619475','2','',''),
('4525278800858515','16:34:00','16:34:00','3619477','3','',''),
('4525278800858515','16:36:00','16:36:00','3619479','4','',''),
('4525278800858515','16:37:00','16:37:00','3619481','5','',''),
('4525278800858515','16:38:00','16:38:00','3619483','6','',''),
('4525278800858515','16:39:00','16:39:00','3619484','7','',''),
('4525278800858515','16:40:00','16:40:00','3619485','8','',''),
('4525278800858515','16:42:00','16:42:00','3619486','9','',''),
('4525278800858515','16:43:00','16:43:00','3619488','10','',''),
('4525278800858515','16:44:00','16:44:00','3619489','11','',''),
('4525279140858515','16:39:00','16:39:00','3619473','1','',''),
('4525279140858515','16:41:00','16:41:00','3619475','2','',''),
('4525279140858515','16:42:00','16:42:00','3619477','3','',''),
('4525279140858515','16:44:00','16:44:00','3619479','4','',''),
('4525279140858515','16:46:00','16:46:00','3619481','5','',''),
('4525279140858515','16:47:00','16:47:00','3619483','6','',''),
('4525279140858515','16:48:00','16:48:00','3619484','7','',''),
('4525279140858515','16:49:00','16:49:00','3619485','8','',''),
('4525279140858515','16:51:00','16:51:00','3619486','9','',''),
('4525279140858515','16:52:00','16:52:00','3619488','10','',''),
('4525279140858515','16:53:00','16:53:00','3619489','11','',''),
('4625278800858515','16:40:00','16:40:00','3619473','1','',''),
('4625278800858515','16:42:00','16:42:00','3619475','2','',''),
('4625278800858515','16:44:00','16:44:00','3619477','3','',''),
('4625278800858515','16:46:00','16:46:00','3619479','4','',''),
('4625278800858515','16:47:00','16:47:00','3619481','5','',''),
('4625278800858515','16:48:00','16:48:00','3619483','6','',''),
('4625278800858515','16:49:00','16:49:00','3619484','7','',''),
('4625278800858515','16:50:00','16:50:00','3619485','8','',''),
('4625278800858515','16:52:00','16:52:00','3619486','9','',''),
('4625278800858515','16:53:00','16:53:00','3619488','10','',''),
('4625278800858515','16:54:00','16:54:00','3619489','11','',''),
('4625279140858515','16:49:00','16:49:00','3619473','1','',''),
('4625279140858515','16:51:00','16:51:00','3619475','2','',''),
('4625279140858515','16:52:00','16:52:00','3619477','3','',''),
('4625279140858515','16:54:00','16:54:00','3619479','4','',''),
('4625279140858515','16:56:00','16:56:00','3619481','5','',''),
('4625279140858515','16:57:00','16:57:00','3619483','6','',''),
('4625279140858515','16:58:00','16:58:00','3619484','7','',''),
('4625279140858515','16:59:00','16:59:00','3619485','8','',''),
('4625279140858515','17:01:00','17:01:00','3619486','9','',''),
('4625279140858515','17:02:00','17:02:00','3619488','10','',''),
('4625279140858515','17:03:00','17:03:00','3619489','11','',''),
('4725278800858515','16:50:00','16:50:00','3619473','1','',''),
('4725278800858515','16:52:00','16:52:00','3619475','2','',''),
('4725278800858515','16:54:00','16:54:00','3619477','3','',''),
('4725278800858515','16:56:00','16:56:00','3619479','4','',''),
('4725278800858515','16:57:00','16:57:00','3619481','5','',''),
('4725278800858515','16:58:00','16:58:00','3619483','6','',''),
('4725278800858515','16:59:00','16:59:00','3619484','7','',''),
('4725278800858515','17:00:00','17:00:00','3619485','8','',''),
('4725278800858515','17:02:00','17:02:00','3619486','9','',''),
('4725278800858515','17:04:00','17:04:00','3619488','10','',''),
('4725278800858515','17:05:00','17:05:00','3619489','11','',''),
('4725279140858515','16:59:00','16:59:00','3619473','1','',''),
('4725279140858515','17:01:00','17:01:00','3619475','2','',''),
('4725279140858515','17:02:00','17:02:00','3619477','3','',''),
('4725279140858515','17:04:00','17:04:00','3619479','4','',''),
('4725279140858515','17:06:00','17:06:00','3619481','5','',''),
('4725279140858515','17:07:00','17:07:00','3619483','6','',''),
('4725279140858515','17:08:00','17:08:00','3619484','7','',''),
('4725279140858515','17:09:00','17:09:00','3619485','8','',''),
('4725279140858515','17:11:00','17:11:00','3619486','9','',''),
('4725279140858515','17:12:00','17:12:00','3619488','10','',''),
('4725279140858515','17:13:00','17:13:00','3619489','11','',''),
('4825278800858515','17:00:00','17:00:00','3619473','1','',''),
('4825278800858515','17:02:00','17:02:00','3619475','2','',''),
('4825278800858515','17:04:00','17:04:00','3619477','3','',''),
('4825278800858515','17:06:00','17:06:00','3619479','4','',''),
('4825278800858515','17:07:00','17:07:00','3619481','5','',''),
('4825278800858515','17:08:00','17:08:00','3619483','6','',''),
('4825278800858515','17:09:00','17:09:00','3619484','7','',''),
('4825278800858515','17:10:00','17:10:00','3619485','8','',''),
('4825278800858515','17:12:00','17:12:00','3619486','9','',''),
('4825278800858515','17:14:00','17:14:00','3619488','10','',''),
('4825278800858515','17:15:00','17:15:00','3619489','11','',''),
('4825279140858515','17:09:00','17:09:00','3619473','1','',''),
('4825279140858515','17:11:00','17:11:00','3619475','2','',''),
('4825279140858515','17:12:00','17:12:00','3619477','3','',''),
('4825279140858515','17:14:00','17:14:00','3619479','4','',''),
('4825279140858515','17:16:00','17:16:00','3619481','5','',''),
('4825279140858515','17:17:00','17:17:00','3619483','6','',''),
('4825279140858515','17:18:00','17:18:00','3619484','7','',''),
('4825279140858515','17:19:00','17:19:00','3619485','8','',''),
('4825279140858515','17:21:00','17:21:00','3619486','9','',''),
('4825279140858515','17:22:00','17:22:00','3619488','10','',''),
('4825279140858515','17:23:00','17:23:00','3619489','11','',''),
('4925278800858515','17:10:00','17:10:00','3619473','1','',''),
('4925278800858515','17:12:00','17:12:00','3619475','2','',''),
('4925278800858515','17:14:00','17:14:00','3619477','3','',''),
('4925278800858515','17:16:00','17:16:00','3619479','4','',''),
('4925278800858515','17:17:00','17:17:00','3619481','5','',''),
('4925278800858515','17:18:00','17:18:00','3619483','6','',''),
('4925278800858515','17:19:00','17:19:00','3619484','7','',''),
('4925278800858515','17:20:00','17:20:00','3619485','8','',''),
('4925278800858515','17:22:00','17:22:00','3619486','9','',''),
('4925278800858515','17:24:00','17:24:00','3619488','10','',''),
('4925278800858515','17:25:00','17:25:00','3619489','11','',''),
('4925279140858515','17:19:00','17:19:00','3619473','1','',''),
('4925279140858515','17:21:00','17:21:00','3619475','2','',''),
('4925279140858515','17:22:00','17:22:00','3619477','3','',''),
('4925279140858515','17:24:00','17:24:00','3619479','4','',''),
('4925279140858515','17:26:00','17:26:00','3619481','5','',''),
('4925279140858515','17:27:00','17:27:00','3619483','6','',''),
('4925279140858515','17:28:00','17:28:00','3619484','7','',''),
('4925279140858515','17:29:00','17:29:00','3619485','8','',''),
('4925279140858515','17:31:00','17:31:00','3619486','9','',''),
('4925279140858515','17:32:00','17:32:00','3619488','10','',''),
('4925279140858515','17:33:00','17:33:00','3619489','11','',''),
('5025278800858515','17:20:00','17:20:00','3619473','1','',''),
('5025278800858515','17:22:00','17:22:00','3619475','2','',''),
('5025278800858515','17:24:00','17:24:00','3619477','3','',''),
('5025278800858515','17:26:00','17:26:00','3619479','4','',''),
('5025278800858515','17:27:00','17:27:00','3619481','5','',''),
('5025278800858515','17:28:00','17:28:00','3619483','6','',''),
('5025278800858515','17:29:00','17:29:00','3619484','7','',''),
('5025278800858515','17:30:00','17:30:00','3619485','8','',''),
('5025278800858515','17:32:00','17:32:00','3619486','9','',''),
('5025278800858515','17:34:00','17:34:00','3619488','10','',''),
('5025278800858515','17:35:00','17:35:00','3619489','11','',''),
('5025279140858515','17:29:00','17:29:00','3619473','1','',''),
('5025279140858515','17:31:00','17:31:00','3619475','2','',''),
('5025279140858515','17:32:00','17:32:00','3619477','3','',''),
('5025279140858515','17:34:00','17:34:00','3619479','4','',''),
('5025279140858515','17:36:00','17:36:00','3619481','5','',''),
('5025279140858515','17:37:00','17:37:00','3619483','6','',''),
('5025279140858515','17:38:00','17:38:00','3619484','7','',''),
('5025279140858515','17:39:00','17:39:00','3619485','8','',''),
('5025279140858515','17:41:00','17:41:00','3619486','9','',''),
('5025279140858515','17:42:00','17:42:00','3619488','10','',''),
('5025279140858515','17:43:00','17:43:00','3619489','11','',''),
('5125278800858515','17:30:00','17:30:00','3619473','1','',''),
('5125278800858515','17:32:00','17:32:00','3619475','2','',''),
('5125278800858515','17:34:00','17:34:00','3619477','3','',''),
('5125278800858515','17:36:00','17:36:00','3619479','4','',''),
('5125278800858515','17:37:00','17:37:00','3619481','5','',''),
('5125278800858515','17:38:00','17:38:00','3619483','6','',''),
('5125278800858515','17:39:00','17:39:00','3619484','7','',''),
('5125278800858515','17:40:00','17:40:00','3619485','8','',''),
('5125278800858515','17:42:00','17:42:00','3619486','9','',''),
('5125278800858515','17:44:00','17:44:00','3619488','10','',''),
('5125278800858515','17:45:00','17:45:00','3619489','11','',''),
('5125279140858515','17:39:00','17:39:00','3619473','1','',''),
('5125279140858515','17:41:00','17:41:00','3619475','2','',''),
('5125279140858515','17:42:00','17:42:00','3619477','3','',''),
('5125279140858515','17:44:00','17:44:00','3619479','4','',''),
('5125279140858515','17:46:00','17:46:00','3619481','5','',''),
('5125279140858515','17:47:00','17:47:00','3619483','6','',''),
('5125279140858515','17:48:00','17:48:00','3619484','7','',''),
('5125279140858515','17:49:00','17:49:00','3619485','8','',''),
('5125279140858515','17:51:00','17:51:00','3619486','9','',''),
('5125279140858515','17:52:00','17:52:00','3619488','10','',''),
('5125279140858515','17:53:00','17:53:00','3619489','11','',''),
('5225278800858515','17:40:00','17:40:00','3619473','1','',''),
('5225278800858515','17:42:00','17:42:00','3619475','2','',''),
('5225278800858515','17:44:00','17:44:00','3619477','3','',''),
('5225278800858515','17:46:00','17:46:00','3619479','4','',''),
('5225278800858515','17:47:00','17:47:00','3619481','5','',''),
('5225278800858515','17:48:00','17:48:00','3619483','6','',''),
('5225278800858515','17:49:00','17:49:00','3619484','7','',''),
('5225278800858515','17:50:00','17:50:00','3619485','8','',''),
('5225278800858515','17:52:00','17:52:00','3619486','9','',''),
('5225278800858515','17:54:00','17:54:00','3619488','10','',''),
('5225278800858515','17:55:00','17:55:00','3619489','11','',''),
('5225279140858515','17:49:00','17:49:00','3619473','1','',''),
('5225279140858515','17:51:00','17:51:00','3619475','2','',''),
('5225279140858515','17:52:00','17:52:00','3619477','3','',''),
('5225279140858515','17:54:00','17:54:00','3619479','4','',''),
('5225279140858515','17:56:00','17:56:00','3619481','5','',''),
('5225279140858515','17:57:00','17:57:00','3619483','6','',''),
('5225279140858515','17:58:00','17:58:00','3619484','7','',''),
('5225279140858515','17:59:00','17:59:00','3619485','8','',''),
('5225279140858515','18:01:00','18:01:00','3619486','9','',''),
('5225279140858515','18:02:00','18:02:00','3619488','10','',''),
('5225279140858515','18:03:00','18:03:00','3619489','11','',''),
('525278800858515','06:37:00','06:37:00','3619473','1','',''),
('525278800858515','06:39:00','06:39:00','3619475','2','',''),
('525278800858515','06:40:00','06:40:00','3619477','3','',''),
('525278800858515','06:42:00','06:42:00','3619479','4','',''),
('525278800858515','06:43:00','06:43:00','3619481','5','',''),
('525278800858515','06:44:00','06:44:00','3619483','6','',''),
('525278800858515','06:45:00','06:45:00','3619484','7','',''),
('525278800858515','06:45:00','06:45:00','3619485','8','',''),
('525278800858515','06:47:00','06:47:00','3619486','9','',''),
('525278800858515','06:49:00','06:49:00','3619488','10','',''),
('525278800858515','06:49:00','06:49:00','3619489','11','',''),
('525279140858515','06:40:00','06:40:00','3619473','1','',''),
('525279140858515','06:42:00','06:42:00','3619475','2','',''),
('525279140858515','06:43:00','06:43:00','3619477','3','',''),
('525279140858515','06:45:00','06:45:00','3619479','4','',''),
('525279140858515','06:46:00','06:46:00','3619481','5','',''),
('525279140858515','06:47:00','06:47:00','3619483','6','',''),
('525279140858515','06:48:00','06:48:00','3619484','7','',''),
('525279140858515','06:48:00','06:48:00','3619485','8','',''),
('525279140858515','06:50:00','06:50:00','3619486','9','',''),
('525279140858515','06:52:00','06:52:00','3619488','10','',''),
('525279140858515','06:52:00','06:52:00','3619489','11','',''),
('525279150858515','07:25:00','07:25:00','3619473','1','',''),
('525279150858515','07:27:00','07:27:00','3619475','2','',''),
('525279150858515','07:28:00','07:28:00','3619477','3','',''),
('525279150858515','07:30:00','07:30:00','3619479','4','',''),
('525279150858515','07:31:00','07:31:00','3619481','5','',''),
('525279150858515','07:32:00','07:32:00','3619483','6','',''),
('525279150858515','07:32:00','07:32:00','3619484','7','',''),
('525279150858515','07:33:00','07:33:00','3619485','8','',''),
('525279150858515','07:34:00','07:34:00','3619486','9','',''),
('525279150858515','07:36:00','07:36:00','3619488','10','',''),
('525279150858515','07:36:00','07:36:00','3619489','11','',''),
('525279160858515','07:25:00','07:25:00','3619473','1','',''),
('525279160858515','07:27:00','07:27:00','3619475','2','',''),
('525279160858515','07:28:00','07:28:00','3619477','3','',''),
('525279160858515','07:30:00','07:30:00','3619479','4','',''),
('525279160858515','07:31:00','07:31:00','3619481','5','',''),
('525279160858515','07:32:00','07:32:00','3619483','6','',''),
('525279160858515','07:32:00','07:32:00','3619484','7','',''),
('525279160858515','07:33:00','07:33:00','3619485','8','',''),
('525279160858515','07:34:00','07:34:00','3619486','9','',''),
('525279160858515','07:36:00','07:36:00','3619488','10','',''),
('525279160858515','07:36:00','07:36:00','3619489','11','',''),
('5325278800858515','17:50:00','17:50:00','3619473','1','',''),
('5325278800858515','17:52:00','17:52:00','3619475','2','',''),
('5325278800858515','17:54:00','17:54:00','3619477','3','',''),
('5325278800858515','17:56:00','17:56:00','3619479','4','',''),
('5325278800858515','17:57:00','17:57:00','3619481','5','',''),
('5325278800858515','17:58:00','17:58:00','3619483','6','',''),
('5325278800858515','17:59:00','17:59:00','3619484','7','',''),
('5325278800858515','18:00:00','18:00:00','3619485','8','',''),
('5325278800858515','18:02:00','18:02:00','3619486','9','',''),
('5325278800858515','18:04:00','18:04:00','3619488','10','',''),
('5325278800858515','18:05:00','18:05:00','3619489','11','',''),
('5325279140858515','17:59:00','17:59:00','3619473','1','',''),
('5325279140858515','18:01:00','18:01:00','3619475','2','',''),
('5325279140858515','18:02:00','18:02:00','3619477','3','',''),
('5325279140858515','18:04:00','18:04:00','3619479','4','',''),
('5325279140858515','18:06:00','18:06:00','3619481','5','',''),
('5325279140858515','18:07:00','18:07:00','3619483','6','',''),
('5325279140858515','18:08:00','18:08:00','3619484','7','',''),
('5325279140858515','18:09:00','18:09:00','3619485','8','',''),
('5325279140858515','18:11:00','18:11:00','3619486','9','',''),
('5325279140858515','18:12:00','18:12:00','3619488','10','',''),
('5325279140858515','18:13:00','18:13:00','3619489','11','',''),
('5425278800858515','18:00:00','18:00:00','3619473','1','',''),
('5425278800858515','18:02:00','18:02:00','3619475','2','',''),
('5425278800858515','18:04:00','18:04:00','3619477','3','',''),
('5425278800858515','18:06:00','18:06:00','3619479','4','',''),
('5425278800858515','18:08:00','18:08:00','3619481','5','',''),
('5425278800858515','18:09:00','18:09:00','3619483','6','',''),
('5425278800858515','18:10:00','18:10:00','3619484','7','',''),
('5425278800858515','18:11:00','18:11:00','3619485','8','',''),
('5425278800858515','18:13:00','18:13:00','3619486','9','',''),
('5425278800858515','18:15:00','18:15:00','3619488','10','',''),
('5425278800858515','18:16:00','18:16:00','3619489','11','',''),
('5425279140858515','18:08:00','18:08:00','3619473','1','',''),
('5425279140858515','18:10:00','18:10:00','3619475','2','',''),
('5425279140858515','18:11:00','18:11:00','3619477','3','',''),
('5425279140858515','18:13:00','18:13:00','3619479','4','',''),
('5425279140858515','18:15:00','18:15:00','3619481','5','',''),
('5425279140858515','18:16:00','18:16:00','3619483','6','',''),
('5425279140858515','18:17:00','18:17:00','3619484','7','',''),
('5425279140858515','18:18:00','18:18:00','3619485','8','',''),
('5425279140858515','18:20:00','18:20:00','3619486','9','',''),
('5425279140858515','18:21:00','18:21:00','3619488','10','',''),
('5425279140858515','18:22:00','18:22:00','3619489','11','',''),
('5525278800858515','18:10:00','18:10:00','3619473','1','',''),
('5525278800858515','18:12:00','18:12:00','3619475','2','',''),
('5525278800858515','18:13:00','18:13:00','3619477','3','',''),
('5525278800858515','18:15:00','18:15:00','3619479','4','',''),
('5525278800858515','18:17:00','18:17:00','3619481','5','',''),
('5525278800858515','18:18:00','18:18:00','3619483','6','',''),
('5525278800858515','18:19:00','18:19:00','3619484','7','',''),
('5525278800858515','18:20:00','18:20:00','3619485','8','',''),
('5525278800858515','18:22:00','18:22:00','3619486','9','',''),
('5525278800858515','18:24:00','18:24:00','3619488','10','',''),
('5525278800858515','18:25:00','18:25:00','3619489','11','',''),
('5525279140858515','18:17:00','18:17:00','3619473','1','',''),
('5525279140858515','18:19:00','18:19:00','3619475','2','',''),
('5525279140858515','18:20:00','18:20:00','3619477','3','',''),
('5525279140858515','18:22:00','18:22:00','3619479','4','',''),
('5525279140858515','18:24:00','18:24:00','3619481','5','',''),
('5525279140858515','18:25:00','18:25:00','3619483','6','',''),
('5525279140858515','18:26:00','18:26:00','3619484','7','',''),
('5525279140858515','18:27:00','18:27:00','3619485','8','',''),
('5525279140858515','18:29:00','18:29:00','3619486','9','',''),
('5525279140858515','18:30:00','18:30:00','3619488','10','',''),
('5525279140858515','18:31:00','18:31:00','3619489','11','',''),
('5625278800858515','18:20:00','18:20:00','3619473','1','',''),
('5625278800858515','18:22:00','18:22:00','3619475','2','',''),
('5625278800858515','18:23:00','18:23:00','3619477','3','',''),
('5625278800858515','18:25:00','18:25:00','3619479','4','',''),
('5625278800858515','18:27:00','18:27:00','3619481','5','',''),
('5625278800858515','18:28:00','18:28:00','3619483','6','',''),
('5625278800858515','18:29:00','18:29:00','3619484','7','',''),
('5625278800858515','18:30:00','18:30:00','3619485','8','',''),
('5625278800858515','18:32:00','18:32:00','3619486','9','',''),
('5625278800858515','18:34:00','18:34:00','3619488','10','',''),
('5625278800858515','18:35:00','18:35:00','3619489','11','',''),
('5625279140858515','18:26:00','18:26:00','3619473','1','',''),
('5625279140858515','18:28:00','18:28:00','3619475','2','',''),
('5625279140858515','18:29:00','18:29:00','3619477','3','',''),
('5625279140858515','18:31:00','18:31:00','3619479','4','',''),
('5625279140858515','18:33:00','18:33:00','3619481','5','',''),
('5625279140858515','18:34:00','18:34:00','3619483','6','',''),
('5625279140858515','18:35:00','18:35:00','3619484','7','',''),
('5625279140858515','18:36:00','18:36:00','3619485','8','',''),
('5625279140858515','18:38:00','18:38:00','3619486','9','',''),
('5625279140858515','18:39:00','18:39:00','3619488','10','',''),
('5625279140858515','18:40:00','18:40:00','3619489','11','',''),
('5725278800858515','18:30:00','18:30:00','3619473','1','',''),
('5725278800858515','18:32:00','18:32:00','3619475','2','',''),
('5725278800858515','18:33:00','18:33:00','3619477','3','',''),
('5725278800858515','18:35:00','18:35:00','3619479','4','',''),
('5725278800858515','18:37:00','18:37:00','3619481','5','',''),
('5725278800858515','18:38:00','18:38:00','3619483','6','',''),
('5725278800858515','18:39:00','18:39:00','3619484','7','',''),
('5725278800858515','18:40:00','18:40:00','3619485','8','',''),
('5725278800858515','18:42:00','18:42:00','3619486','9','',''),
('5725278800858515','18:44:00','18:44:00','3619488','10','',''),
('5725278800858515','18:45:00','18:45:00','3619489','11','',''),
('5725279140858515','18:36:00','18:36:00','3619473','1','',''),
('5725279140858515','18:38:00','18:38:00','3619475','2','',''),
('5725279140858515','18:39:00','18:39:00','3619477','3','',''),
('5725279140858515','18:41:00','18:41:00','3619479','4','',''),
('5725279140858515','18:43:00','18:43:00','3619481','5','',''),
('5725279140858515','18:44:00','18:44:00','3619483','6','',''),
('5725279140858515','18:45:00','18:45:00','3619484','7','',''),
('5725279140858515','18:46:00','18:46:00','3619485','8','',''),
('5725279140858515','18:48:00','18:48:00','3619486','9','',''),
('5725279140858515','18:49:00','18:49:00','3619488','10','',''),
('5725279140858515','18:50:00','18:50:00','3619489','11','',''),
('5825278800858515','18:40:00','18:40:00','3619473','1','',''),
('5825278800858515','18:42:00','18:42:00','3619475','2','',''),
('5825278800858515','18:43:00','18:43:00','3619477','3','',''),
('5825278800858515','18:45:00','18:45:00','3619479','4','',''),
('5825278800858515','18:47:00','18:47:00','3619481','5','',''),
('5825278800858515','18:48:00','18:48:00','3619483','6','',''),
('5825278800858515','18:49:00','18:49:00','3619484','7','',''),
('5825278800858515','18:50:00','18:50:00','3619485','8','',''),
('5825278800858515','18:52:00','18:52:00','3619486','9','',''),
('5825278800858515','18:54:00','18:54:00','3619488','10','',''),
('5825278800858515','18:55:00','18:55:00','3619489','11','',''),
('5825279140858515','18:46:00','18:46:00','3619473','1','',''),
('5825279140858515','18:48:00','18:48:00','3619475','2','',''),
('5825279140858515','18:49:00','18:49:00','3619477','3','',''),
('5825279140858515','18:51:00','18:51:00','3619479','4','',''),
('5825279140858515','18:53:00','18:53:00','3619481','5','',''),
('5825279140858515','18:54:00','18:54:00','3619483','6','',''),
('5825279140858515','18:55:00','18:55:00','3619484','7','',''),
('5825279140858515','18:56:00','18:56:00','3619485','8','',''),
('5825279140858515','18:58:00','18:58:00','3619486','9','',''),
('5825279140858515','18:59:00','18:59:00','3619488','10','',''),
('5825279140858515','19:00:00','19:00:00','3619489','11','',''),
('5925278800858515','18:50:00','18:50:00','3619473','1','',''),
('5925278800858515','18:52:00','18:52:00','3619475','2','',''),
('5925278800858515','18:53:00','18:53:00','3619477','3','',''),
('5925278800858515','18:55:00','18:55:00','3619479','4','',''),
('5925278800858515','18:57:00','18:57:00','3619481','5','',''),
('5925278800858515','18:58:00','18:58:00','3619483','6','',''),
('5925278800858515','18:59:00','18:59:00','3619484','7','',''),
('5925278800858515','19:00:00','19:00:00','3619485','8','',''),
('5925278800858515','19:02:00','19:02:00','3619486','9','',''),
('5925278800858515','19:04:00','19:04:00','3619488','10','',''),
('5925278800858515','19:05:00','19:05:00','3619489','11','',''),
('5925279140858515','18:56:00','18:56:00','3619473','1','',''),
('5925279140858515','18:58:00','18:58:00','3619475','2','',''),
('5925279140858515','18:59:00','18:59:00','3619477','3','',''),
('5925279140858515','19:01:00','19:01:00','3619479','4','',''),
('5925279140858515','19:03:00','19:03:00','3619481','5','',''),
('5925279140858515','19:04:00','19:04:00','3619483','6','',''),
('5925279140858515','19:05:00','19:05:00','3619484','7','',''),
('5925279140858515','19:06:00','19:06:00','3619485','8','',''),
('5925279140858515','19:08:00','19:08:00','3619486','9','',''),
('5925279140858515','19:09:00','19:09:00','3619488','10','',''),
('5925279140858515','19:10:00','19:10:00','3619489','11','',''),
('6025278800858515','19:00:00','19:00:00','3619473','1','',''),
('6025278800858515','19:02:00','19:02:00','3619475','2','',''),
('6025278800858515','19:03:00','19:03:00','3619477','3','',''),
('6025278800858515','19:05:00','19:05:00','3619479','4','',''),
('6025278800858515','19:07:00','19:07:00','3619481','5','',''),
('6025278800858515','19:08:00','19:08:00','3619483','6','',''),
('6025278800858515','19:09:00','19:09:00','3619484','7','',''),
('6025278800858515','19:10:00','19:10:00','3619485','8','',''),
('6025278800858515','19:12:00','19:12:00','3619486','9','',''),
('6025278800858515','19:14:00','19:14:00','3619488','10','',''),
('6025278800858515','19:15:00','19:15:00','3619489','11','',''),
('6025279140858515','19:06:00','19:06:00','3619473','1','',''),
('6025279140858515','19:08:00','19:08:00','3619475','2','',''),
('6025279140858515','19:09:00','19:09:00','3619477','3','',''),
('6025279140858515','19:11:00','19:11:00','3619479','4','',''),
('6025279140858515','19:13:00','19:13:00','3619481','5','',''),
('6025279140858515','19:14:00','19:14:00','3619483','6','',''),
('6025279140858515','19:15:00','19:15:00','3619484','7','',''),
('6025279140858515','19:16:00','19:16:00','3619485','8','',''),
('6025279140858515','19:18:00','19:18:00','3619486','9','',''),
('6025279140858515','19:19:00','19:19:00','3619488','10','',''),
('6025279140858515','19:20:00','19:20:00','3619489','11','',''),
('6125278800858515','19:10:00','19:10:00','3619473','1','',''),
('6125278800858515','19:12:00','19:12:00','3619475','2','',''),
('6125278800858515','19:13:00','19:13:00','3619477','3','',''),
('6125278800858515','19:15:00','19:15:00','3619479','4','',''),
('6125278800858515','19:17:00','19:17:00','3619481','5','',''),
('6125278800858515','19:18:00','19:18:00','3619483','6','',''),
('6125278800858515','19:19:00','19:19:00','3619484','7','',''),
('6125278800858515','19:20:00','19:20:00','3619485','8','',''),
('6125278800858515','19:22:00','19:22:00','3619486','9','',''),
('6125278800858515','19:24:00','19:24:00','3619488','10','',''),
('6125278800858515','19:25:00','19:25:00','3619489','11','',''),
('6125279140858515','19:18:00','19:18:00','3619473','1','',''),
('6125279140858515','19:20:00','19:20:00','3619475','2','',''),
('6125279140858515','19:21:00','19:21:00','3619477','3','',''),
('6125279140858515','19:23:00','19:23:00','3619479','4','',''),
('6125279140858515','19:25:00','19:25:00','3619481','5','',''),
('6125279140858515','19:26:00','19:26:00','3619483','6','',''),
('6125279140858515','19:27:00','19:27:00','3619484','7','',''),
('6125279140858515','19:28:00','19:28:00','3619485','8','',''),
('6125279140858515','19:30:00','19:30:00','3619486','9','',''),
('6125279140858515','19:31:00','19:31:00','3619488','10','',''),
('6125279140858515','19:32:00','19:32:00','3619489','11','',''),
('6225278800858515','19:20:00','19:20:00','3619473','1','',''),
('6225278800858515','19:22:00','19:22:00','3619475','2','',''),
('6225278800858515','19:23:00','19:23:00','3619477','3','',''),
('6225278800858515','19:25:00','19:25:00','3619479','4','',''),
('6225278800858515','19:27:00','19:27:00','3619481','5','',''),
('6225278800858515','19:28:00','19:28:00','3619483','6','',''),
('6225278800858515','19:29:00','19:29:00','3619484','7','',''),
('6225278800858515','19:30:00','19:30:00','3619485','8','',''),
('6225278800858515','19:32:00','19:32:00','3619486','9','',''),
('6225278800858515','19:34:00','19:34:00','3619488','10','',''),
('6225278800858515','19:35:00','19:35:00','3619489','11','',''),
('6225279140858515','19:33:00','19:33:00','3619473','1','',''),
('6225279140858515','19:35:00','19:35:00','3619475','2','',''),
('6225279140858515','19:36:00','19:36:00','3619477','3','',''),
('6225279140858515','19:38:00','19:38:00','3619479','4','',''),
('6225279140858515','19:40:00','19:40:00','3619481','5','',''),
('6225279140858515','19:41:00','19:41:00','3619483','6','',''),
('6225279140858515','19:42:00','19:42:00','3619484','7','',''),
('6225279140858515','19:43:00','19:43:00','3619485','8','',''),
('6225279140858515','19:45:00','19:45:00','3619486','9','',''),
('6225279140858515','19:46:00','19:46:00','3619488','10','',''),
('6225279140858515','19:47:00','19:47:00','3619489','11','',''),
('625278800858515','06:46:00','06:46:00','3619473','1','',''),
('625278800858515','06:48:00','06:48:00','3619475','2','',''),
('625278800858515','06:49:00','06:49:00','3619477','3','',''),
('625278800858515','06:51:00','06:51:00','3619479','4','',''),
('625278800858515','06:52:00','06:52:00','3619481','5','',''),
('625278800858515','06:53:00','06:53:00','3619483','6','',''),
('625278800858515','06:54:00','06:54:00','3619484','7','',''),
('625278800858515','06:54:00','06:54:00','3619485','8','',''),
('625278800858515','06:56:00','06:56:00','3619486','9','',''),
('625278800858515','06:58:00','06:58:00','3619488','10','',''),
('625278800858515','06:58:00','06:58:00','3619489','11','',''),
('625279140858515','06:48:00','06:48:00','3619473','1','',''),
('625279140858515','06:50:00','06:50:00','3619475','2','',''),
('625279140858515','06:51:00','06:51:00','3619477','3','',''),
('625279140858515','06:53:00','06:53:00','3619479','4','',''),
('625279140858515','06:54:00','06:54:00','3619481','5','',''),
('625279140858515','06:55:00','06:55:00','3619483','6','',''),
('625279140858515','06:56:00','06:56:00','3619484','7','',''),
('625279140858515','06:56:00','06:56:00','3619485','8','',''),
('625279140858515','06:58:00','06:58:00','3619486','9','',''),
('625279140858515','07:00:00','07:00:00','3619488','10','',''),
('625279140858515','07:00:00','07:00:00','3619489','11','',''),
('625279150858515','07:41:00','07:41:00','3619473','1','',''),
('625279150858515','07:43:00','07:43:00','3619475','2','',''),
('625279150858515','07:44:00','07:44:00','3619477','3','',''),
('625279150858515','07:46:00','07:46:00','3619479','4','',''),
('625279150858515','07:47:00','07:47:00','3619481','5','',''),
('625279150858515','07:48:00','07:48:00','3619483','6','',''),
('625279150858515','07:48:00','07:48:00','3619484','7','',''),
('625279150858515','07:49:00','07:49:00','3619485','8','',''),
('625279150858515','07:50:00','07:50:00','3619486','9','',''),
('625279150858515','07:52:00','07:52:00','3619488','10','',''),
('625279150858515','07:52:00','07:52:00','3619489','11','',''),
('625279160858515','07:41:00','07:41:00','3619473','1','',''),
('625279160858515','07:43:00','07:43:00','3619475','2','',''),
('625279160858515','07:44:00','07:44:00','3619477','3','',''),
('625279160858515','07:46:00','07:46:00','3619479','4','',''),
('625279160858515','07:47:00','07:47:00','3619481','5','',''),
('625279160858515','07:48:00','07:48:00','3619483','6','',''),
('625279160858515','07:48:00','07:48:00','3619484','7','',''),
('625279160858515','07:49:00','07:49:00','3619485','8','',''),
('625279160858515','07:50:00','07:50:00','3619486','9','',''),
('625279160858515','07:52:00','07:52:00','3619488','10','',''),
('625279160858515','07:52:00','07:52:00','3619489','11','',''),
('6325278800858515','19:30:00','19:30:00','3619473','1','',''),
('6325278800858515','19:32:00','19:32:00','3619475','2','',''),
('6325278800858515','19:33:00','19:33:00','3619477','3','',''),
('6325278800858515','19:35:00','19:35:00','3619479','4','',''),
('6325278800858515','19:37:00','19:37:00','3619481','5','',''),
('6325278800858515','19:38:00','19:38:00','3619483','6','',''),
('6325278800858515','19:39:00','19:39:00','3619484','7','',''),
('6325278800858515','19:40:00','19:40:00','3619485','8','',''),
('6325278800858515','19:42:00','19:42:00','3619486','9','',''),
('6325278800858515','19:43:00','19:43:00','3619488','10','',''),
('6325278800858515','19:44:00','19:44:00','3619489','11','',''),
('6325279140858515','19:49:00','19:49:00','3619473','1','',''),
('6325279140858515','19:51:00','19:51:00','3619475','2','',''),
('6325279140858515','19:52:00','19:52:00','3619477','3','',''),
('6325279140858515','19:54:00','19:54:00','3619479','4','',''),
('6325279140858515','19:56:00','19:56:00','3619481','5','',''),
('6325279140858515','19:57:00','19:57:00','3619483','6','',''),
('6325279140858515','19:58:00','19:58:00','3619484','7','',''),
('6325279140858515','19:59:00','19:59:00','3619485','8','',''),
('6325279140858515','20:01:00','20:01:00','3619486','9','',''),
('6325279140858515','20:02:00','20:02:00','3619488','10','',''),
('6325279140858515','20:03:00','20:03:00','3619489','11','',''),
('6425278800858515','19:40:00','19:40:00','3619473','1','',''),
('6425278800858515','19:42:00','19:42:00','3619475','2','',''),
('6425278800858515','19:43:00','19:43:00','3619477','3','',''),
('6425278800858515','19:45:00','19:45:00','3619479','4','',''),
('6425278800858515','19:47:00','19:47:00','3619481','5','',''),
('6425278800858515','19:48:00','19:48:00','3619483','6','',''),
('6425278800858515','19:49:00','19:49:00','3619484','7','',''),
('6425278800858515','19:50:00','19:50:00','3619485','8','',''),
('6425278800858515','19:52:00','19:52:00','3619486','9','',''),
('6425278800858515','19:53:00','19:53:00','3619488','10','',''),
('6425278800858515','19:54:00','19:54:00','3619489','11','',''),
('6425279140858515','20:07:00','20:07:00','3619473','1','',''),
('6425279140858515','20:09:00','20:09:00','3619475','2','',''),
('6425279140858515','20:10:00','20:10:00','3619477','3','',''),
('6425279140858515','20:12:00','20:12:00','3619479','4','',''),
('6425279140858515','20:14:00','20:14:00','3619481','5','',''),
('6425279140858515','20:15:00','20:15:00','3619483','6','',''),
('6425279140858515','20:16:00','20:16:00','3619484','7','',''),
('6425279140858515','20:17:00','20:17:00','3619485','8','',''),
('6425279140858515','20:19:00','20:19:00','3619486','9','',''),
('6425279140858515','20:20:00','20:20:00','3619488','10','',''),
('6425279140858515','20:21:00','20:21:00','3619489','11','',''),
('6525278800858515','19:50:00','19:50:00','3619473','1','',''),
('6525278800858515','19:52:00','19:52:00','3619475','2','',''),
('6525278800858515','19:53:00','19:53:00','3619477','3','',''),
('6525278800858515','19:55:00','19:55:00','3619479','4','',''),
('6525278800858515','19:57:00','19:57:00','3619481','5','',''),
('6525278800858515','19:58:00','19:58:00','3619483','6','',''),
('6525278800858515','19:59:00','19:59:00','3619484','7','',''),
('6525278800858515','20:00:00','20:00:00','3619485','8','',''),
('6525278800858515','20:02:00','20:02:00','3619486','9','',''),
('6525278800858515','20:03:00','20:03:00','3619488','10','',''),
('6525278800858515','20:04:00','20:04:00','3619489','11','',''),
('6525279140858515','20:26:00','20:26:00','3619473','1','',''),
('6525279140858515','20:28:00','20:28:00','3619475','2','',''),
('6525279140858515','20:29:00','20:29:00','3619477','3','',''),
('6525279140858515','20:31:00','20:31:00','3619479','4','',''),
('6525279140858515','20:33:00','20:33:00','3619481','5','',''),
('6525279140858515','20:34:00','20:34:00','3619483','6','',''),
('6525279140858515','20:35:00','20:35:00','3619484','7','',''),
('6525279140858515','20:36:00','20:36:00','3619485','8','',''),
('6525279140858515','20:38:00','20:38:00','3619486','9','',''),
('6525279140858515','20:39:00','20:39:00','3619488','10','',''),
('6525279140858515','20:40:00','20:40:00','3619489','11','',''),
('6625278800858515','20:07:00','20:07:00','3619473','1','',''),
('6625278800858515','20:09:00','20:09:00','3619475','2','',''),
('6625278800858515','20:10:00','20:10:00','3619477','3','',''),
('6625278800858515','20:12:00','20:12:00','3619479','4','',''),
('6625278800858515','20:14:00','20:14:00','3619481','5','',''),
('6625278800858515','20:15:00','20:15:00','3619483','6','',''),
('6625278800858515','20:16:00','20:16:00','3619484','7','',''),
('6625278800858515','20:17:00','20:17:00','3619485','8','',''),
('6625278800858515','20:19:00','20:19:00','3619486','9','',''),
('6625278800858515','20:20:00','20:20:00','3619488','10','',''),
('6625278800858515','20:21:00','20:21:00','3619489','11','',''),
('6625279140858515','20:45:00','20:45:00','3619473','1','',''),
('6625279140858515','20:47:00','20:47:00','3619475','2','',''),
('6625279140858515','20:48:00','20:48:00','3619477','3','',''),
('6625279140858515','20:50:00','20:50:00','3619479','4','',''),
('6625279140858515','20:52:00','20:52:00','3619481','5','',''),
('6625279140858515','20:53:00','20:53:00','3619483','6','',''),
('6625279140858515','20:54:00','20:54:00','3619484','7','',''),
('6625279140858515','20:55:00','20:55:00','3619485','8','',''),
('6625279140858515','20:57:00','20:57:00','3619486','9','',''),
('6625279140858515','20:58:00','20:58:00','3619488','10','',''),
('6625279140858515','20:59:00','20:59:00','3619489','11','',''),
('6725278800858515','20:26:00','20:26:00','3619473','1','',''),
('6725278800858515','20:28:00','20:28:00','3619475','2','',''),
('6725278800858515','20:29:00','20:29:00','3619477','3','',''),
('6725278800858515','20:31:00','20:31:00','3619479','4','',''),
('6725278800858515','20:33:00','20:33:00','3619481','5','',''),
('6725278800858515','20:34:00','20:34:00','3619483','6','',''),
('6725278800858515','20:35:00','20:35:00','3619484','7','',''),
('6725278800858515','20:36:00','20:36:00','3619485','8','',''),
('6725278800858515','20:38:00','20:38:00','3619486','9','',''),
('6725278800858515','20:39:00','20:39:00','3619488','10','',''),
('6725278800858515','20:40:00','20:40:00','3619489','11','',''),
('6825278800858515','20:45:00','20:45:00','3619473','1','',''),
('6825278800858515','20:47:00','20:47:00','3619475','2','',''),
('6825278800858515','20:48:00','20:48:00','3619477','3','',''),
('6825278800858515','20:50:00','20:50:00','3619479','4','',''),
('6825278800858515','20:52:00','20:52:00','3619481','5','',''),
('6825278800858515','20:53:00','20:53:00','3619483','6','',''),
('6825278800858515','20:54:00','20:54:00','3619484','7','',''),
('6825278800858515','20:55:00','20:55:00','3619485','8','',''),
('6825278800858515','20:57:00','20:57:00','3619486','9','',''),
('6825278800858515','20:58:00','20:58:00','3619488','10','',''),
('6825278800858515','20:59:00','20:59:00','3619489','11','',''),
('725278800858515','06:54:00','06:54:00','3619473','1','',''),
('725278800858515','06:56:00','06:56:00','3619475','2','',''),
('725278800858515','06:57:00','06:57:00','3619477','3','',''),
('725278800858515','06:59:00','06:59:00','3619479','4','',''),
('725278800858515','07:00:00','07:00:00','3619481','5','',''),
('725278800858515','07:01:00','07:01:00','3619483','6','',''),
('725278800858515','07:02:00','07:02:00','3619484','7','',''),
('725278800858515','07:02:00','07:02:00','3619485','8','',''),
('725278800858515','07:04:00','07:04:00','3619486','9','',''),
('725278800858515','07:06:00','07:06:00','3619488','10','',''),
('725278800858515','07:06:00','07:06:00','3619489','11','',''),
('725279140858515','06:55:00','06:55:00','3619473','1','',''),
('725279140858515','06:57:00','06:57:00','3619475','2','',''),
('725279140858515','06:58:00','06:58:00','3619477','3','',''),
('725279140858515','07:00:00','07:00:00','3619479','4','',''),
('725279140858515','07:01:00','07:01:00','3619481','5','',''),
('725279140858515','07:02:00','07:02:00','3619483','6','',''),
('725279140858515','07:03:00','07:03:00','3619484','7','',''),
('725279140858515','07:03:00','07:03:00','3619485','8','',''),
('725279140858515','07:05:00','07:05:00','3619486','9','',''),
('725279140858515','07:07:00','07:07:00','3619488','10','',''),
('725279140858515','07:07:00','07:07:00','3619489','11','',''),
('725279150858515','07:58:00','07:58:00','3619473','1','',''),
('725279150858515','08:00:00','08:00:00','3619475','2','',''),
('725279150858515','08:01:00','08:01:00','3619477','3','',''),
('725279150858515','08:03:00','08:03:00','3619479','4','',''),
('725279150858515','08:04:00','08:04:00','3619481','5','',''),
('725279150858515','08:05:00','08:05:00','3619483','6','',''),
('725279150858515','08:05:00','08:05:00','3619484','7','',''),
('725279150858515','08:06:00','08:06:00','3619485','8','',''),
('725279150858515','08:07:00','08:07:00','3619486','9','',''),
('725279150858515','08:09:00','08:09:00','3619488','10','',''),
('725279150858515','08:09:00','08:09:00','3619489','11','',''),
('725279160858515','07:58:00','07:58:00','3619473','1','',''),
('725279160858515','08:00:00','08:00:00','3619475','2','',''),
('725279160858515','08:01:00','08:01:00','3619477','3','',''),
('725279160858515','08:03:00','08:03:00','3619479','4','',''),
('725279160858515','08:04:00','08:04:00','3619481','5','',''),
('725279160858515','08:05:00','08:05:00','3619483','6','',''),
('725279160858515','08:05:00','08:05:00','3619484','7','',''),
('725279160858515','08:06:00','08:06:00','3619485','8','',''),
('725279160858515','08:07:00','08:07:00','3619486','9','',''),
('725279160858515','08:09:00','08:09:00','3619488','10','',''),
('725279160858515','08:09:00','08:09:00','3619489','11','',''),
('825278800858515','07:02:00','07:02:00','3619473','1','',''),
('825278800858515','07:04:00','07:04:00','3619475','2','',''),
('825278800858515','07:05:00','07:05:00','3619477','3','',''),
('825278800858515','07:07:00','07:07:00','3619479','4','',''),
('825278800858515','07:08:00','07:08:00','3619481','5','',''),
('825278800858515','07:09:00','07:09:00','3619483','6','',''),
('825278800858515','07:10:00','07:10:00','3619484','7','',''),
('825278800858515','07:11:00','07:11:00','3619485','8','',''),
('825278800858515','07:13:00','07:13:00','3619486','9','',''),
('825278800858515','07:14:00','07:14:00','3619488','10','',''),
('825278800858515','07:15:00','07:15:00','3619489','11','',''),
('825279140858515','07:02:00','07:02:00','3619473','1','',''),
('825279140858515','07:04:00','07:04:00','3619475','2','',''),
('825279140858515','07:05:00','07:05:00','3619477','3','',''),
('825279140858515','07:07:00','07:07:00','3619479','4','',''),
('825279140858515','07:08:00','07:08:00','3619481','5','',''),
('825279140858515','07:09:00','07:09:00','3619483','6','',''),
('825279140858515','07:10:00','07:10:00','3619484','7','',''),
('825279140858515','07:10:00','07:10:00','3619485','8','',''),
('825279140858515','07:12:00','07:12:00','3619486','9','',''),
('825279140858515','07:14:00','07:14:00','3619488','10','',''),
('825279140858515','07:14:00','07:14:00','3619489','11','',''),
('825279150858515','08:16:00','08:16:00','3619473','1','',''),
('825279150858515','08:18:00','08:18:00','3619475','2','',''),
('825279150858515','08:19:00','08:19:00','3619477','3','',''),
('825279150858515','08:21:00','08:21:00','3619479','4','',''),
('825279150858515','08:22:00','08:22:00','3619481','5','',''),
('825279150858515','08:23:00','08:23:00','3619483','6','',''),
('825279150858515','08:24:00','08:24:00','3619484','7','',''),
('825279150858515','08:24:00','08:24:00','3619485','8','',''),
('825279150858515','08:26:00','08:26:00','3619486','9','',''),
('825279150858515','08:28:00','08:28:00','3619488','10','',''),
('825279150858515','08:28:00','08:28:00','3619489','11','',''),
('825279160858515','08:16:00','08:16:00','3619473','1','',''),
('825279160858515','08:18:00','08:18:00','3619475','2','',''),
('825279160858515','08:19:00','08:19:00','3619477','3','',''),
('825279160858515','08:21:00','08:21:00','3619479','4','',''),
('825279160858515','08:22:00','08:22:00','3619481','5','',''),
('825279160858515','08:23:00','08:23:00','3619483','6','',''),
('825279160858515','08:24:00','08:24:00','3619484','7','',''),
('825279160858515','08:24:00','08:24:00','3619485','8','',''),
('825279160858515','08:26:00','08:26:00','3619486','9','',''),
('825279160858515','08:28:00','08:28:00','3619488','10','',''),
('825279160858515','08:28:00','08:28:00','3619489','11','',''),
('925278800858515','07:10:00','07:10:00','3619473','1','',''),
('925278800858515','07:12:00','07:12:00','3619475','2','',''),
('925278800858515','07:13:00','07:13:00','3619477','3','',''),
('925278800858515','07:15:00','07:15:00','3619479','4','',''),
('925278800858515','07:16:00','07:16:00','3619481','5','',''),
('925278800858515','07:17:00','07:17:00','3619483','6','',''),
('925278800858515','07:18:00','07:18:00','3619484','7','',''),
('925278800858515','07:19:00','07:19:00','3619485','8','',''),
('925278800858515','07:21:00','07:21:00','3619486','9','',''),
('925278800858515','07:22:00','07:22:00','3619488','10','',''),
('925278800858515','07:23:00','07:23:00','3619489','11','',''),
('925279140858515','07:10:00','07:10:00','3619473','1','',''),
('925279140858515','07:12:00','07:12:00','3619475','2','',''),
('925279140858515','07:13:00','07:13:00','3619477','3','',''),
('925279140858515','07:15:00','07:15:00','3619479','4','',''),
('925279140858515','07:16:00','07:16:00','3619481','5','',''),
('925279140858515','07:17:00','07:17:00','3619483','6','',''),
('925279140858515','07:18:00','07:18:00','3619484','7','',''),
('925279140858515','07:18:00','07:18:00','3619485','8','',''),
('925279140858515','07:20:00','07:20:00','3619486','9','',''),
('925279140858515','07:22:00','07:22:00','3619488','10','',''),
('925279140858515','07:22:00','07:22:00','3619489','11','',''),
('925279150858515','08:33:00','08:33:00','3619473','1','',''),
('925279150858515','08:35:00','08:35:00','3619475','2','',''),
('925279150858515','08:36:00','08:36:00','3619477','3','',''),
('925279150858515','08:38:00','08:38:00','3619479','4','',''),
('925279150858515','08:39:00','08:39:00','3619481','5','',''),
('925279150858515','08:40:00','08:40:00','3619483','6','',''),
('925279150858515','08:41:00','08:41:00','3619484','7','',''),
('925279150858515','08:41:00','08:41:00','3619485','8','',''),
('925279150858515','08:43:00','08:43:00','3619486','9','',''),
('925279150858515','08:45:00','08:45:00','3619488','10','',''),
('925279150858515','08:45:00','08:45:00','3619489','11','',''),
('925279160858515','08:33:00','08:33:00','3619473','1','',''),
('925279160858515','08:35:00','08:35:00','3619475','2','',''),
('925279160858515','08:36:00','08:36:00','3619477','3','',''),
('925279160858515','08:38:00','08:38:00','3619479','4','',''),
('925279160858515','08:39:00','08:39:00','3619481','5','',''),
('925279160858515','08:40:00','08:40:00','3619483','6','',''),
('925279160858515','08:41:00','08:41:00','3619484','7','',''),
('925279160858515','08:41:00','08:41:00','3619485','8','',''),
('925279160858515','08:43:00','08:43:00','3619486','9','',''),
('925279160858515','08:45:00','08:45:00','3619488','10','',''),
('925279160858515','08:45:00','08:45:00','3619489','11','',''),
('125278800858516','05:10:00','05:10:00','3619481','1','',''),
('125278800858516','05:11:00','05:11:00','3619483','2','',''),
('125278800858516','05:11:00','05:11:00','3619484','3','',''),
('125278800858516','05:12:00','05:12:00','3619485','4','',''),
('125278800858516','05:13:00','05:13:00','3619486','5','',''),
('125278800858516','05:15:00','05:15:00','3619488','6','',''),
('125278800858516','05:15:00','05:15:00','3619489','7','',''),
('125279140858516','05:10:00','05:10:00','3619481','1','',''),
('125279140858516','05:11:00','05:11:00','3619483','2','',''),
('125279140858516','05:11:00','05:11:00','3619484','3','',''),
('125279140858516','05:12:00','05:12:00','3619485','4','',''),
('125279140858516','05:13:00','05:13:00','3619486','5','',''),
('125279140858516','05:15:00','05:15:00','3619488','6','',''),
('125279140858516','05:15:00','05:15:00','3619489','7','',''),
('125279150858516','05:10:00','05:10:00','3619481','1','',''),
('125279150858516','05:11:00','05:11:00','3619483','2','',''),
('125279150858516','05:11:00','05:11:00','3619484','3','',''),
('125279150858516','05:12:00','05:12:00','3619485','4','',''),
('125279150858516','05:13:00','05:13:00','3619486','5','',''),
('125279150858516','05:14:00','05:14:00','3619488','6','',''),
('125279150858516','05:14:00','05:14:00','3619489','7','',''),
('125279160858516','05:10:00','05:10:00','3619481','1','',''),
('125279160858516','05:11:00','05:11:00','3619483','2','',''),
('125279160858516','05:11:00','05:11:00','3619484','3','',''),
('125279160858516','05:12:00','05:12:00','3619485','4','',''),
('125279160858516','05:13:00','05:13:00','3619486','5','',''),
('125279160858516','05:14:00','05:14:00','3619488','6','',''),
('125279160858516','05:14:00','05:14:00','3619489','7','',''),
('225278800858516','05:28:00','05:28:00','3619481','1','',''),
('225278800858516','05:29:00','05:29:00','3619483','2','',''),
('225278800858516','05:29:00','05:29:00','3619484','3','',''),
('225278800858516','05:30:00','05:30:00','3619485','4','',''),
('225278800858516','05:31:00','05:31:00','3619486','5','',''),
('225278800858516','05:33:00','05:33:00','3619488','6','',''),
('225278800858516','05:33:00','05:33:00','3619489','7','',''),
('225279140858516','05:28:00','05:28:00','3619481','1','',''),
('225279140858516','05:29:00','05:29:00','3619483','2','',''),
('225279140858516','05:29:00','05:29:00','3619484','3','',''),
('225279140858516','05:30:00','05:30:00','3619485','4','',''),
('225279140858516','05:31:00','05:31:00','3619486','5','',''),
('225279140858516','05:33:00','05:33:00','3619488','6','',''),
('225279140858516','05:33:00','05:33:00','3619489','7','',''),
('225279150858516','06:58:00','06:58:00','3619481','1','',''),
('225279150858516','06:59:00','06:59:00','3619483','2','',''),
('225279150858516','06:59:00','06:59:00','3619484','3','',''),
('225279150858516','07:00:00','07:00:00','3619485','4','',''),
('225279150858516','07:01:00','07:01:00','3619486','5','',''),
('225279150858516','07:02:00','07:02:00','3619488','6','',''),
('225279150858516','07:02:00','07:02:00','3619489','7','',''),
('225279160858516','06:58:00','06:58:00','3619481','1','',''),
('225279160858516','06:59:00','06:59:00','3619483','2','',''),
('225279160858516','06:59:00','06:59:00','3619484','3','',''),
('225279160858516','07:00:00','07:00:00','3619485','4','',''),
('225279160858516','07:01:00','07:01:00','3619486','5','',''),
('225279160858516','07:02:00','07:02:00','3619488','6','',''),
('225279160858516','07:02:00','07:02:00','3619489','7','',''),
('325278800858516','06:12:00','06:12:00','3619481','1','',''),
('325278800858516','06:13:00','06:13:00','3619483','2','',''),
('325278800858516','06:13:00','06:13:00','3619484','3','',''),
('325278800858516','06:14:00','06:14:00','3619485','4','',''),
('325278800858516','06:15:00','06:15:00','3619486','5','',''),
('325278800858516','06:17:00','06:17:00','3619488','6','',''),
('325278800858516','06:17:00','06:17:00','3619489','7','',''),
('325279140858516','06:22:00','06:22:00','3619481','1','',''),
('325279140858516','06:23:00','06:23:00','3619483','2','',''),
('325279140858516','06:23:00','06:23:00','3619484','3','',''),
('325279140858516','06:24:00','06:24:00','3619485','4','',''),
('325279140858516','06:25:00','06:25:00','3619486','5','',''),
('325279140858516','06:27:00','06:27:00','3619488','6','',''),
('325279140858516','06:27:00','06:27:00','3619489','7','',''),
('425278800858516','06:28:00','06:28:00','3619481','1','',''),
('425278800858516','06:29:00','06:29:00','3619483','2','',''),
('425278800858516','06:29:00','06:29:00','3619484','3','',''),
('425278800858516','06:30:00','06:30:00','3619485','4','',''),
('425278800858516','06:31:00','06:31:00','3619486','5','',''),
('425278800858516','06:33:00','06:33:00','3619488','6','',''),
('425278800858516','06:33:00','06:33:00','3619489','7','',''),
('425279140858516','06:39:00','06:39:00','3619481','1','',''),
('425279140858516','06:40:00','06:40:00','3619483','2','',''),
('425279140858516','06:40:00','06:40:00','3619484','3','',''),
('425279140858516','06:41:00','06:41:00','3619485','4','',''),
('425279140858516','06:42:00','06:42:00','3619486','5','',''),
('425279140858516','06:44:00','06:44:00','3619488','6','',''),
('425279140858516','06:44:00','06:44:00','3619489','7','',''),
('1025278800858514','07:01:00','07:01:00','3619490','1','',''),
('1025278800858514','07:02:00','07:02:00','3619487','2','',''),
('1025278800858514','07:03:00','07:03:00','3619491','3','',''),
('1025278800858514','07:04:00','07:04:00','3619482','4','',''),
('1025278800858514','07:06:00','07:06:00','3619480','5','',''),
('1025278800858514','07:08:00','07:08:00','3619478','6','',''),
('1025278800858514','07:10:00','07:10:00','3619476','7','',''),
('1025278800858514','07:13:00','07:13:00','3619474','8','',''),
('1025279140858514','07:03:00','07:03:00','3619490','1','',''),
('1025279140858514','07:04:00','07:04:00','3619487','2','',''),
('1025279140858514','07:05:00','07:05:00','3619491','3','',''),
('1025279140858514','07:06:00','07:06:00','3619482','4','',''),
('1025279140858514','07:08:00','07:08:00','3619480','5','',''),
('1025279140858514','07:09:00','07:09:00','3619478','6','',''),
('1025279140858514','07:10:00','07:10:00','3619476','7','',''),
('1025279140858514','07:14:00','07:14:00','3619474','8','',''),
('1025279150858514','08:30:00','08:30:00','3619490','1','',''),
('1025279150858514','08:31:00','08:31:00','3619487','2','',''),
('1025279150858514','08:32:00','08:32:00','3619491','3','',''),
('1025279150858514','08:33:00','08:33:00','3619482','4','',''),
('1025279150858514','08:35:00','08:35:00','3619480','5','',''),
('1025279150858514','08:36:00','08:36:00','3619478','6','',''),
('1025279150858514','08:37:00','08:37:00','3619476','7','',''),
('1025279150858514','08:40:00','08:40:00','3619474','8','',''),
('1025279160858514','08:30:00','08:30:00','3619490','1','',''),
('1025279160858514','08:31:00','08:31:00','3619487','2','',''),
('1025279160858514','08:32:00','08:32:00','3619491','3','',''),
('1025279160858514','08:33:00','08:33:00','3619482','4','',''),
('1025279160858514','08:35:00','08:35:00','3619480','5','',''),
('1025279160858514','08:36:00','08:36:00','3619478','6','',''),
('1025279160858514','08:37:00','08:37:00','3619476','7','',''),
('1025279160858514','08:40:00','08:40:00','3619474','8','',''),
('1125278800858514','07:09:00','07:09:00','3619490','1','',''),
('1125278800858514','07:10:00','07:10:00','3619487','2','',''),
('1125278800858514','07:11:00','07:11:00','3619491','3','',''),
('1125278800858514','07:12:00','07:12:00','3619482','4','',''),
('1125278800858514','07:14:00','07:14:00','3619480','5','',''),
('1125278800858514','07:16:00','07:16:00','3619478','6','',''),
('1125278800858514','07:18:00','07:18:00','3619476','7','',''),
('1125278800858514','07:22:00','07:22:00','3619474','8','',''),
('1125279140858514','07:11:00','07:11:00','3619490','1','',''),
('1125279140858514','07:12:00','07:12:00','3619487','2','',''),
('1125279140858514','07:13:00','07:13:00','3619491','3','',''),
('1125279140858514','07:14:00','07:14:00','3619482','4','',''),
('1125279140858514','07:16:00','07:16:00','3619480','5','',''),
('1125279140858514','07:17:00','07:17:00','3619478','6','',''),
('1125279140858514','07:18:00','07:18:00','3619476','7','',''),
('1125279140858514','07:22:00','07:22:00','3619474','8','',''),
('1125279150858514','08:48:00','08:48:00','3619490','1','',''),
('1125279150858514','08:49:00','08:49:00','3619487','2','',''),
('1125279150858514','08:50:00','08:50:00','3619491','3','',''),
('1125279150858514','08:51:00','08:51:00','3619482','4','',''),
('1125279150858514','08:53:00','08:53:00','3619480','5','',''),
('1125279150858514','08:54:00','08:54:00','3619478','6','',''),
('1125279150858514','08:55:00','08:55:00','3619476','7','',''),
('1125279150858514','08:58:00','08:58:00','3619474','8','',''),
('1125279160858514','08:48:00','08:48:00','3619490','1','',''),
('1125279160858514','08:49:00','08:49:00','3619487','2','',''),
('1125279160858514','08:50:00','08:50:00','3619491','3','',''),
('1125279160858514','08:51:00','08:51:00','3619482','4','',''),
('1125279160858514','08:53:00','08:53:00','3619480','5','',''),
('1125279160858514','08:54:00','08:54:00','3619478','6','',''),
('1125279160858514','08:55:00','08:55:00','3619476','7','',''),
('1125279160858514','08:58:00','08:58:00','3619474','8','',''),
('1225278800858514','07:17:00','07:17:00','3619490','1','',''),
('1225278800858514','07:18:00','07:18:00','3619487','2','',''),
('1225278800858514','07:19:00','07:19:00','3619491','3','',''),
('1225278800858514','07:20:00','07:20:00','3619482','4','',''),
('1225278800858514','07:22:00','07:22:00','3619480','5','',''),
('1225278800858514','07:24:00','07:24:00','3619478','6','',''),
('1225278800858514','07:26:00','07:26:00','3619476','7','',''),
('1225278800858514','07:30:00','07:30:00','3619474','8','',''),
('1225279140858514','07:19:00','07:19:00','3619490','1','',''),
('1225279140858514','07:20:00','07:20:00','3619487','2','',''),
('1225279140858514','07:21:00','07:21:00','3619491','3','',''),
('1225279140858514','07:22:00','07:22:00','3619482','4','',''),
('1225279140858514','07:24:00','07:24:00','3619480','5','',''),
('1225279140858514','07:25:00','07:25:00','3619478','6','',''),
('1225279140858514','07:26:00','07:26:00','3619476','7','',''),
('1225279140858514','07:30:00','07:30:00','3619474','8','',''),
('1225279150858514','09:06:00','09:06:00','3619490','1','',''),
('1225279150858514','09:07:00','09:07:00','3619487','2','',''),
('1225279150858514','09:08:00','09:08:00','3619491','3','',''),
('1225279150858514','09:09:00','09:09:00','3619482','4','',''),
('1225279150858514','09:11:00','09:11:00','3619480','5','',''),
('1225279150858514','09:12:00','09:12:00','3619478','6','',''),
('1225279150858514','09:13:00','09:13:00','3619476','7','',''),
('1225279150858514','09:16:00','09:16:00','3619474','8','',''),
('1225279160858514','09:06:00','09:06:00','3619490','1','',''),
('1225279160858514','09:07:00','09:07:00','3619487','2','',''),
('1225279160858514','09:08:00','09:08:00','3619491','3','',''),
('1225279160858514','09:09:00','09:09:00','3619482','4','',''),
('1225279160858514','09:11:00','09:11:00','3619480','5','',''),
('1225279160858514','09:12:00','09:12:00','3619478','6','',''),
('1225279160858514','09:13:00','09:13:00','3619476','7','',''),
('1225279160858514','09:16:00','09:16:00','3619474','8','',''),
('125278800858514','05:17:00','05:17:00','3619490','1','',''),
('125278800858514','05:18:00','05:18:00','3619487','2','',''),
('125278800858514','05:19:00','05:19:00','3619491','3','',''),
('125278800858514','05:20:00','05:20:00','3619482','4','',''),
('125278800858514','05:22:00','05:22:00','3619480','5','',''),
('125278800858514','05:23:00','05:23:00','3619478','6','',''),
('125278800858514','05:24:00','05:24:00','3619476','7','',''),
('125278800858514','05:27:00','05:27:00','3619474','8','',''),
('125279140858514','05:17:00','05:17:00','3619490','1','',''),
('125279140858514','05:18:00','05:18:00','3619487','2','',''),
('125279140858514','05:19:00','05:19:00','3619491','3','',''),
('125279140858514','05:20:00','05:20:00','3619482','4','',''),
('125279140858514','05:22:00','05:22:00','3619480','5','',''),
('125279140858514','05:23:00','05:23:00','3619478','6','',''),
('125279140858514','05:24:00','05:24:00','3619476','7','',''),
('125279140858514','05:27:00','05:27:00','3619474','8','',''),
('125279150858514','05:17:00','05:17:00','3619490','1','',''),
('125279150858514','05:18:00','05:18:00','3619487','2','',''),
('125279150858514','05:19:00','05:19:00','3619491','3','',''),
('125279150858514','05:20:00','05:20:00','3619482','4','',''),
('125279150858514','05:22:00','05:22:00','3619480','5','',''),
('125279150858514','05:23:00','05:23:00','3619478','6','',''),
('125279150858514','05:24:00','05:24:00','3619476','7','',''),
('125279150858514','05:27:00','05:27:00','3619474','8','',''),
('125279160858514','05:17:00','05:17:00','3619490','1','',''),
('125279160858514','05:18:00','05:18:00','3619487','2','',''),
('125279160858514','05:19:00','05:19:00','3619491','3','',''),
('125279160858514','05:20:00','05:20:00','3619482','4','',''),
('125279160858514','05:22:00','05:22:00','3619480','5','',''),
('125279160858514','05:23:00','05:23:00','3619478','6','',''),
('125279160858514','05:24:00','05:24:00','3619476','7','',''),
('125279160858514','05:27:00','05:27:00','3619474','8','',''),
('1325278800858514','07:25:00','07:25:00','3619490','1','',''),
('1325278800858514','07:26:00','07:26:00','3619487','2','',''),
('1325278800858514','07:27:00','07:27:00','3619491','3','',''),
('1325278800858514','07:28:00','07:28:00','3619482','4','',''),
('1325278800858514','07:30:00','07:30:00','3619480','5','',''),
('1325278800858514','07:32:00','07:32:00','3619478','6','',''),
('1325278800858514','07:34:00','07:34:00','3619476','7','',''),
('1325278800858514','07:38:00','07:38:00','3619474','8','',''),
('1325279140858514','07:27:00','07:27:00','3619490','1','',''),
('1325279140858514','07:28:00','07:28:00','3619487','2','',''),
('1325279140858514','07:29:00','07:29:00','3619491','3','',''),
('1325279140858514','07:30:00','07:30:00','3619482','4','',''),
('1325279140858514','07:32:00','07:32:00','3619480','5','',''),
('1325279140858514','07:33:00','07:33:00','3619478','6','',''),
('1325279140858514','07:34:00','07:34:00','3619476','7','',''),
('1325279140858514','07:39:00','07:39:00','3619474','8','',''),
('1325279150858514','09:24:00','09:24:00','3619490','1','',''),
('1325279150858514','09:25:00','09:25:00','3619487','2','',''),
('1325279150858514','09:26:00','09:26:00','3619491','3','',''),
('1325279150858514','09:27:00','09:27:00','3619482','4','',''),
('1325279150858514','09:29:00','09:29:00','3619480','5','',''),
('1325279150858514','09:30:00','09:30:00','3619478','6','',''),
('1325279150858514','09:31:00','09:31:00','3619476','7','',''),
('1325279150858514','09:34:00','09:34:00','3619474','8','',''),
('1325279160858514','09:24:00','09:24:00','3619490','1','',''),
('1325279160858514','09:25:00','09:25:00','3619487','2','',''),
('1325279160858514','09:26:00','09:26:00','3619491','3','',''),
('1325279160858514','09:27:00','09:27:00','3619482','4','',''),
('1325279160858514','09:29:00','09:29:00','3619480','5','',''),
('1325279160858514','09:30:00','09:30:00','3619478','6','',''),
('1325279160858514','09:31:00','09:31:00','3619476','7','',''),
('1325279160858514','09:34:00','09:34:00','3619474','8','',''),
('1425278800858514','07:33:00','07:33:00','3619490','1','',''),
('1425278800858514','07:34:00','07:34:00','3619487','2','',''),
('1425278800858514','07:35:00','07:35:00','3619491','3','',''),
('1425278800858514','07:36:00','07:36:00','3619482','4','',''),
('1425278800858514','07:39:00','07:39:00','3619480','5','',''),
('1425278800858514','07:41:00','07:41:00','3619478','6','',''),
('1425278800858514','07:43:00','07:43:00','3619476','7','',''),
('1425278800858514','07:47:00','07:47:00','3619474','8','',''),
('1425279140858514','07:35:00','07:35:00','3619490','1','',''),
('1425279140858514','07:36:00','07:36:00','3619487','2','',''),
('1425279140858514','07:37:00','07:37:00','3619491','3','',''),
('1425279140858514','07:38:00','07:38:00','3619482','4','',''),
('1425279140858514','07:40:00','07:40:00','3619480','5','',''),
('1425279140858514','07:41:00','07:41:00','3619478','6','',''),
('1425279140858514','07:42:00','07:42:00','3619476','7','',''),
('1425279140858514','07:47:00','07:47:00','3619474','8','',''),
('1425279150858514','09:42:00','09:42:00','3619490','1','',''),
('1425279150858514','09:43:00','09:43:00','3619487','2','',''),
('1425279150858514','09:44:00','09:44:00','3619491','3','',''),
('1425279150858514','09:45:00','09:45:00','3619482','4','',''),
('1425279150858514','09:47:00','09:47:00','3619480','5','',''),
('1425279150858514','09:48:00','09:48:00','3619478','6','',''),
('1425279150858514','09:49:00','09:49:00','3619476','7','',''),
('1425279150858514','09:52:00','09:52:00','3619474','8','',''),
('1425279160858514','09:42:00','09:42:00','3619490','1','',''),
('1425279160858514','09:43:00','09:43:00','3619487','2','',''),
('1425279160858514','09:44:00','09:44:00','3619491','3','',''),
('1425279160858514','09:45:00','09:45:00','3619482','4','',''),
('1425279160858514','09:47:00','09:47:00','3619480','5','',''),
('1425279160858514','09:48:00','09:48:00','3619478','6','',''),
('1425279160858514','09:49:00','09:49:00','3619476','7','',''),
('1425279160858514','09:52:00','09:52:00','3619474','8','',''),
('1525278800858514','07:42:00','07:42:00','3619490','1','',''),
('1525278800858514','07:43:00','07:43:00','3619487','2','',''),
('1525278800858514','07:44:00','07:44:00','3619491','3','',''),
('1525278800858514','07:45:00','07:45:00','3619482','4','',''),
('1525278800858514','07:48:00','07:48:00','3619480','5','',''),
('1525278800858514','07:50:00','07:50:00','3619478','6','',''),
('1525278800858514','07:52:00','07:52:00','3619476','7','',''),
('1525278800858514','07:56:00','07:56:00','3619474','8','',''),
('1525279140858514','07:43:00','07:43:00','3619490','1','',''),
('1525279140858514','07:44:00','07:44:00','3619487','2','',''),
('1525279140858514','07:45:00','07:45:00','3619491','3','',''),
('1525279140858514','07:46:00','07:46:00','3619482','4','',''),
('1525279140858514','07:48:00','07:48:00','3619480','5','',''),
('1525279140858514','07:49:00','07:49:00','3619478','6','',''),
('1525279140858514','07:50:00','07:50:00','3619476','7','',''),
('1525279140858514','07:55:00','07:55:00','3619474','8','',''),
('1525279150858514','10:00:00','10:00:00','3619490','1','',''),
('1525279150858514','10:01:00','10:01:00','3619487','2','',''),
('1525279150858514','10:02:00','10:02:00','3619491','3','',''),
('1525279150858514','10:03:00','10:03:00','3619482','4','',''),
('1525279150858514','10:05:00','10:05:00','3619480','5','',''),
('1525279150858514','10:07:00','10:07:00','3619478','6','',''),
('1525279150858514','10:08:00','10:08:00','3619476','7','',''),
('1525279150858514','10:11:00','10:11:00','3619474','8','',''),
('1525279160858514','10:00:00','10:00:00','3619490','1','',''),
('1525279160858514','10:01:00','10:01:00','3619487','2','',''),
('1525279160858514','10:02:00','10:02:00','3619491','3','',''),
('1525279160858514','10:03:00','10:03:00','3619482','4','',''),
('1525279160858514','10:05:00','10:05:00','3619480','5','',''),
('1525279160858514','10:07:00','10:07:00','3619478','6','',''),
('1525279160858514','10:08:00','10:08:00','3619476','7','',''),
('1525279160858514','10:11:00','10:11:00','3619474','8','',''),
('1625278800858514','07:50:00','07:50:00','3619490','1','',''),
('1625278800858514','07:51:00','07:51:00','3619487','2','',''),
('1625278800858514','07:52:00','07:52:00','3619491','3','',''),
('1625278800858514','07:53:00','07:53:00','3619482','4','',''),
('1625278800858514','07:56:00','07:56:00','3619480','5','',''),
('1625278800858514','07:58:00','07:58:00','3619478','6','',''),
('1625278800858514','08:00:00','08:00:00','3619476','7','',''),
('1625278800858514','08:04:00','08:04:00','3619474','8','',''),
('1625279140858514','07:51:00','07:51:00','3619490','1','',''),
('1625279140858514','07:52:00','07:52:00','3619487','2','',''),
('1625279140858514','07:53:00','07:53:00','3619491','3','',''),
('1625279140858514','07:54:00','07:54:00','3619482','4','',''),
('1625279140858514','07:56:00','07:56:00','3619480','5','',''),
('1625279140858514','07:57:00','07:57:00','3619478','6','',''),
('1625279140858514','07:58:00','07:58:00','3619476','7','',''),
('1625279140858514','08:03:00','08:03:00','3619474','8','',''),
('1625279150858514','10:18:00','10:18:00','3619490','1','',''),
('1625279150858514','10:19:00','10:19:00','3619487','2','',''),
('1625279150858514','10:20:00','10:20:00','3619491','3','',''),
('1625279150858514','10:21:00','10:21:00','3619482','4','',''),
('1625279150858514','10:23:00','10:23:00','3619480','5','',''),
('1625279150858514','10:25:00','10:25:00','3619478','6','',''),
('1625279150858514','10:26:00','10:26:00','3619476','7','',''),
('1625279150858514','10:29:00','10:29:00','3619474','8','',''),
('1625279160858514','10:18:00','10:18:00','3619490','1','',''),
('1625279160858514','10:19:00','10:19:00','3619487','2','',''),
('1625279160858514','10:20:00','10:20:00','3619491','3','',''),
('1625279160858514','10:21:00','10:21:00','3619482','4','',''),
('1625279160858514','10:23:00','10:23:00','3619480','5','',''),
('1625279160858514','10:25:00','10:25:00','3619478','6','',''),
('1625279160858514','10:26:00','10:26:00','3619476','7','',''),
('1625279160858514','10:29:00','10:29:00','3619474','8','',''),
('1725278800858514','07:58:00','07:58:00','3619490','1','',''),
('1725278800858514','07:59:00','07:59:00','3619487','2','',''),
('1725278800858514','08:00:00','08:00:00','3619491','3','',''),
('1725278800858514','08:01:00','08:01:00','3619482','4','',''),
('1725278800858514','08:04:00','08:04:00','3619480','5','',''),
('1725278800858514','08:06:00','08:06:00','3619478','6','',''),
('1725278800858514','08:08:00','08:08:00','3619476','7','',''),
('1725278800858514','08:13:00','08:13:00','3619474','8','',''),
('1725279140858514','07:59:00','07:59:00','3619490','1','',''),
('1725279140858514','08:00:00','08:00:00','3619487','2','',''),
('1725279140858514','08:01:00','08:01:00','3619491','3','',''),
('1725279140858514','08:02:00','08:02:00','3619482','4','',''),
('1725279140858514','08:04:00','08:04:00','3619480','5','',''),
('1725279140858514','08:05:00','08:05:00','3619478','6','',''),
('1725279140858514','08:06:00','08:06:00','3619476','7','',''),
('1725279140858514','08:11:00','08:11:00','3619474','8','',''),
('1725279150858514','10:36:00','10:36:00','3619490','1','',''),
('1725279150858514','10:37:00','10:37:00','3619487','2','',''),
('1725279150858514','10:38:00','10:38:00','3619491','3','',''),
('1725279150858514','10:39:00','10:39:00','3619482','4','',''),
('1725279150858514','10:41:00','10:41:00','3619480','5','',''),
('1725279150858514','10:43:00','10:43:00','3619478','6','',''),
('1725279150858514','10:44:00','10:44:00','3619476','7','',''),
('1725279150858514','10:47:00','10:47:00','3619474','8','',''),
('1725279160858514','10:36:00','10:36:00','3619490','1','',''),
('1725279160858514','10:37:00','10:37:00','3619487','2','',''),
('1725279160858514','10:38:00','10:38:00','3619491','3','',''),
('1725279160858514','10:39:00','10:39:00','3619482','4','',''),
('1725279160858514','10:41:00','10:41:00','3619480','5','',''),
('1725279160858514','10:43:00','10:43:00','3619478','6','',''),
('1725279160858514','10:44:00','10:44:00','3619476','7','',''),
('1725279160858514','10:47:00','10:47:00','3619474','8','',''),
('1825278800858514','08:06:00','08:06:00','3619490','1','',''),
('1825278800858514','08:07:00','08:07:00','3619487','2','',''),
('1825278800858514','08:08:00','08:08:00','3619491','3','',''),
('1825278800858514','08:09:00','08:09:00','3619482','4','',''),
('1825278800858514','08:12:00','08:12:00','3619480','5','',''),
('1825278800858514','08:14:00','08:14:00','3619478','6','',''),
('1825278800858514','08:16:00','08:16:00','3619476','7','',''),
('1825278800858514','08:21:00','08:21:00','3619474','8','',''),
('1825279140858514','08:07:00','08:07:00','3619490','1','',''),
('1825279140858514','08:08:00','08:08:00','3619487','2','',''),
('1825279140858514','08:09:00','08:09:00','3619491','3','',''),
('1825279140858514','08:10:00','08:10:00','3619482','4','',''),
('1825279140858514','08:12:00','08:12:00','3619480','5','',''),
('1825279140858514','08:13:00','08:13:00','3619478','6','',''),
('1825279140858514','08:14:00','08:14:00','3619476','7','',''),
('1825279140858514','08:19:00','08:19:00','3619474','8','',''),
('1825279150858514','10:54:00','10:54:00','3619490','1','',''),
('1825279150858514','10:55:00','10:55:00','3619487','2','',''),
('1825279150858514','10:56:00','10:56:00','3619491','3','',''),
('1825279150858514','10:57:00','10:57:00','3619482','4','',''),
('1825279150858514','10:59:00','10:59:00','3619480','5','',''),
('1825279150858514','11:01:00','11:01:00','3619478','6','',''),
('1825279150858514','11:02:00','11:02:00','3619476','7','',''),
('1825279150858514','11:05:00','11:05:00','3619474','8','',''),
('1825279160858514','10:54:00','10:54:00','3619490','1','',''),
('1825279160858514','10:55:00','10:55:00','3619487','2','',''),
('1825279160858514','10:56:00','10:56:00','3619491','3','',''),
('1825279160858514','10:57:00','10:57:00','3619482','4','',''),
('1825279160858514','10:59:00','10:59:00','3619480','5','',''),
('1825279160858514','11:01:00','11:01:00','3619478','6','',''),
('1825279160858514','11:02:00','11:02:00','3619476','7','',''),
('1825279160858514','11:05:00','11:05:00','3619474','8','',''),
('1925278800858514','08:14:00','08:14:00','3619490','1','',''),
('1925278800858514','08:15:00','08:15:00','3619487','2','',''),
('1925278800858514','08:16:00','08:16:00','3619491','3','',''),
('1925278800858514','08:17:00','08:17:00','3619482','4','',''),
('1925278800858514','08:20:00','08:20:00','3619480','5','',''),
('1925278800858514','08:22:00','08:22:00','3619478','6','',''),
('1925278800858514','08:24:00','08:24:00','3619476','7','',''),
('1925278800858514','08:29:00','08:29:00','3619474','8','',''),
('1925279140858514','08:15:00','08:15:00','3619490','1','',''),
('1925279140858514','08:16:00','08:16:00','3619487','2','',''),
('1925279140858514','08:18:00','08:18:00','3619491','3','',''),
('1925279140858514','08:19:00','08:19:00','3619482','4','',''),
('1925279140858514','08:21:00','08:21:00','3619480','5','',''),
('1925279140858514','08:22:00','08:22:00','3619478','6','',''),
('1925279140858514','08:23:00','08:23:00','3619476','7','',''),
('1925279140858514','08:28:00','08:28:00','3619474','8','',''),
('1925279150858514','11:12:00','11:12:00','3619490','1','',''),
('1925279150858514','11:13:00','11:13:00','3619487','2','',''),
('1925279150858514','11:14:00','11:14:00','3619491','3','',''),
('1925279150858514','11:15:00','11:15:00','3619482','4','',''),
('1925279150858514','11:17:00','11:17:00','3619480','5','',''),
('1925279150858514','11:19:00','11:19:00','3619478','6','',''),
('1925279150858514','11:20:00','11:20:00','3619476','7','',''),
('1925279150858514','11:23:00','11:23:00','3619474','8','',''),
('1925279160858514','11:12:00','11:12:00','3619490','1','',''),
('1925279160858514','11:13:00','11:13:00','3619487','2','',''),
('1925279160858514','11:14:00','11:14:00','3619491','3','',''),
('1925279160858514','11:15:00','11:15:00','3619482','4','',''),
('1925279160858514','11:17:00','11:17:00','3619480','5','',''),
('1925279160858514','11:19:00','11:19:00','3619478','6','',''),
('1925279160858514','11:20:00','11:20:00','3619476','7','',''),
('1925279160858514','11:23:00','11:23:00','3619474','8','',''),
('2025278800858514','08:22:00','08:22:00','3619490','1','',''),
('2025278800858514','08:23:00','08:23:00','3619487','2','',''),
('2025278800858514','08:25:00','08:25:00','3619491','3','',''),
('2025278800858514','08:26:00','08:26:00','3619482','4','',''),
('2025278800858514','08:28:00','08:28:00','3619480','5','',''),
('2025278800858514','08:30:00','08:30:00','3619478','6','',''),
('2025278800858514','08:32:00','08:32:00','3619476','7','',''),
('2025278800858514','08:37:00','08:37:00','3619474','8','',''),
('2025279140858514','08:23:00','08:23:00','3619490','1','',''),
('2025279140858514','08:24:00','08:24:00','3619487','2','',''),
('2025279140858514','08:25:00','08:25:00','3619491','3','',''),
('2025279140858514','08:26:00','08:26:00','3619482','4','',''),
('2025279140858514','08:28:00','08:28:00','3619480','5','',''),
('2025279140858514','08:29:00','08:29:00','3619478','6','',''),
('2025279140858514','08:30:00','08:30:00','3619476','7','',''),
('2025279140858514','08:35:00','08:35:00','3619474','8','',''),
('2025279150858514','11:31:00','11:31:00','3619490','1','',''),
('2025279150858514','11:32:00','11:32:00','3619487','2','',''),
('2025279150858514','11:33:00','11:33:00','3619491','3','',''),
('2025279150858514','11:34:00','11:34:00','3619482','4','',''),
('2025279150858514','11:36:00','11:36:00','3619480','5','',''),
('2025279150858514','11:38:00','11:38:00','3619478','6','',''),
('2025279150858514','11:39:00','11:39:00','3619476','7','',''),
('2025279150858514','11:42:00','11:42:00','3619474','8','',''),
('2025279160858514','11:31:00','11:31:00','3619490','1','',''),
('2025279160858514','11:32:00','11:32:00','3619487','2','',''),
('2025279160858514','11:33:00','11:33:00','3619491','3','',''),
('2025279160858514','11:34:00','11:34:00','3619482','4','',''),
('2025279160858514','11:36:00','11:36:00','3619480','5','',''),
('2025279160858514','11:38:00','11:38:00','3619478','6','',''),
('2025279160858514','11:39:00','11:39:00','3619476','7','',''),
('2025279160858514','11:42:00','11:42:00','3619474','8','',''),
('2125278800858514','08:30:00','08:30:00','3619490','1','',''),
('2125278800858514','08:31:00','08:31:00','3619487','2','',''),
('2125278800858514','08:33:00','08:33:00','3619491','3','',''),
('2125278800858514','08:34:00','08:34:00','3619482','4','',''),
('2125278800858514','08:36:00','08:36:00','3619480','5','',''),
('2125278800858514','08:38:00','08:38:00','3619478','6','',''),
('2125278800858514','08:40:00','08:40:00','3619476','7','',''),
('2125278800858514','08:45:00','08:45:00','3619474','8','',''),
('2125279140858514','08:31:00','08:31:00','3619490','1','',''),
('2125279140858514','08:32:00','08:32:00','3619487','2','',''),
('2125279140858514','08:33:00','08:33:00','3619491','3','',''),
('2125279140858514','08:34:00','08:34:00','3619482','4','',''),
('2125279140858514','08:36:00','08:36:00','3619480','5','',''),
('2125279140858514','08:37:00','08:37:00','3619478','6','',''),
('2125279140858514','08:38:00','08:38:00','3619476','7','',''),
('2125279140858514','08:43:00','08:43:00','3619474','8','',''),
('2125279150858514','11:50:00','11:50:00','3619490','1','',''),
('2125279150858514','11:51:00','11:51:00','3619487','2','',''),
('2125279150858514','11:52:00','11:52:00','3619491','3','',''),
('2125279150858514','11:53:00','11:53:00','3619482','4','',''),
('2125279150858514','11:55:00','11:55:00','3619480','5','',''),
('2125279150858514','11:57:00','11:57:00','3619478','6','',''),
('2125279150858514','11:58:00','11:58:00','3619476','7','',''),
('2125279150858514','12:01:00','12:01:00','3619474','8','',''),
('2125279160858514','11:50:00','11:50:00','3619490','1','',''),
('2125279160858514','11:51:00','11:51:00','3619487','2','',''),
('2125279160858514','11:52:00','11:52:00','3619491','3','',''),
('2125279160858514','11:53:00','11:53:00','3619482','4','',''),
('2125279160858514','11:55:00','11:55:00','3619480','5','',''),
('2125279160858514','11:57:00','11:57:00','3619478','6','',''),
('2125279160858514','11:58:00','11:58:00','3619476','7','',''),
('2125279160858514','12:01:00','12:01:00','3619474','8','',''),
('2225278800858514','08:38:00','08:38:00','3619490','1','',''),
('2225278800858514','08:39:00','08:39:00','3619487','2','',''),
('2225278800858514','08:41:00','08:41:00','3619491','3','',''),
('2225278800858514','08:42:00','08:42:00','3619482','4','',''),
('2225278800858514','08:44:00','08:44:00','3619480','5','',''),
('2225278800858514','08:46:00','08:46:00','3619478','6','',''),
('2225278800858514','08:48:00','08:48:00','3619476','7','',''),
('2225278800858514','08:52:00','08:52:00','3619474','8','',''),
('2225279140858514','08:39:00','08:39:00','3619490','1','',''),
('2225279140858514','08:40:00','08:40:00','3619487','2','',''),
('2225279140858514','08:41:00','08:41:00','3619491','3','',''),
('2225279140858514','08:42:00','08:42:00','3619482','4','',''),
('2225279140858514','08:44:00','08:44:00','3619480','5','',''),
('2225279140858514','08:45:00','08:45:00','3619478','6','',''),
('2225279140858514','08:46:00','08:46:00','3619476','7','',''),
('2225279140858514','08:50:00','08:50:00','3619474','8','',''),
('2225279150858514','12:25:00','12:25:00','3619490','1','',''),
('2225279150858514','12:26:00','12:26:00','3619487','2','',''),
('2225279150858514','12:27:00','12:27:00','3619491','3','',''),
('2225279150858514','12:28:00','12:28:00','3619482','4','',''),
('2225279150858514','12:30:00','12:30:00','3619480','5','',''),
('2225279150858514','12:32:00','12:32:00','3619478','6','',''),
('2225279150858514','12:33:00','12:33:00','3619476','7','',''),
('2225279150858514','12:36:00','12:36:00','3619474','8','',''),
('2225279160858514','12:25:00','12:25:00','3619490','1','',''),
('2225279160858514','12:26:00','12:26:00','3619487','2','',''),
('2225279160858514','12:27:00','12:27:00','3619491','3','',''),
('2225279160858514','12:28:00','12:28:00','3619482','4','',''),
('2225279160858514','12:30:00','12:30:00','3619480','5','',''),
('2225279160858514','12:32:00','12:32:00','3619478','6','',''),
('2225279160858514','12:33:00','12:33:00','3619476','7','',''),
('2225279160858514','12:36:00','12:36:00','3619474','8','',''),
('225278800858514','05:35:00','05:35:00','3619490','1','',''),
('225278800858514','05:36:00','05:36:00','3619487','2','',''),
('225278800858514','05:37:00','05:37:00','3619491','3','',''),
('225278800858514','05:38:00','05:38:00','3619482','4','',''),
('225278800858514','05:40:00','05:40:00','3619480','5','',''),
('225278800858514','05:41:00','05:41:00','3619478','6','',''),
('225278800858514','05:42:00','05:42:00','3619476','7','',''),
('225278800858514','05:45:00','05:45:00','3619474','8','',''),
('225279140858514','05:35:00','05:35:00','3619490','1','',''),
('225279140858514','05:36:00','05:36:00','3619487','2','',''),
('225279140858514','05:37:00','05:37:00','3619491','3','',''),
('225279140858514','05:38:00','05:38:00','3619482','4','',''),
('225279140858514','05:40:00','05:40:00','3619480','5','',''),
('225279140858514','05:41:00','05:41:00','3619478','6','',''),
('225279140858514','05:42:00','05:42:00','3619476','7','',''),
('225279140858514','05:45:00','05:45:00','3619474','8','',''),
('225279150858514','05:47:00','05:47:00','3619490','1','',''),
('225279150858514','05:48:00','05:48:00','3619487','2','',''),
('225279150858514','05:49:00','05:49:00','3619491','3','',''),
('225279150858514','05:50:00','05:50:00','3619482','4','',''),
('225279150858514','05:52:00','05:52:00','3619480','5','',''),
('225279150858514','05:53:00','05:53:00','3619478','6','',''),
('225279150858514','05:54:00','05:54:00','3619476','7','',''),
('225279150858514','05:57:00','05:57:00','3619474','8','',''),
('225279160858514','05:47:00','05:47:00','3619490','1','',''),
('225279160858514','05:48:00','05:48:00','3619487','2','',''),
('225279160858514','05:49:00','05:49:00','3619491','3','',''),
('225279160858514','05:50:00','05:50:00','3619482','4','',''),
('225279160858514','05:52:00','05:52:00','3619480','5','',''),
('225279160858514','05:53:00','05:53:00','3619478','6','',''),
('225279160858514','05:54:00','05:54:00','3619476','7','',''),
('225279160858514','05:57:00','05:57:00','3619474','8','',''),
('2325278800858514','08:46:00','08:46:00','3619490','1','',''),
('2325278800858514','08:47:00','08:47:00','3619487','2','',''),
('2325278800858514','08:49:00','08:49:00','3619491','3','',''),
('2325278800858514','08:50:00','08:50:00','3619482','4','',''),
('2325278800858514','08:52:00','08:52:00','3619480','5','',''),
('2325278800858514','08:54:00','08:54:00','3619478','6','',''),
('2325278800858514','08:55:00','08:55:00','3619476','7','',''),
('2325278800858514','09:00:00','09:00:00','3619474','8','',''),
('2325279140858514','08:47:00','08:47:00','3619490','1','',''),
('2325279140858514','08:48:00','08:48:00','3619487','2','',''),
('2325279140858514','08:49:00','08:49:00','3619491','3','',''),
('2325279140858514','08:50:00','08:50:00','3619482','4','',''),
('2325279140858514','08:52:00','08:52:00','3619480','5','',''),
('2325279140858514','08:53:00','08:53:00','3619478','6','',''),
('2325279140858514','08:54:00','08:54:00','3619476','7','',''),
('2325279140858514','08:58:00','08:58:00','3619474','8','',''),
('2325279150858514','13:00:00','13:00:00','3619490','1','',''),
('2325279150858514','13:01:00','13:01:00','3619487','2','',''),
('2325279150858514','13:02:00','13:02:00','3619491','3','',''),
('2325279150858514','13:03:00','13:03:00','3619482','4','',''),
('2325279150858514','13:05:00','13:05:00','3619480','5','',''),
('2325279150858514','13:07:00','13:07:00','3619478','6','',''),
('2325279150858514','13:08:00','13:08:00','3619476','7','',''),
('2325279150858514','13:11:00','13:11:00','3619474','8','',''),
('2325279160858514','13:00:00','13:00:00','3619490','1','',''),
('2325279160858514','13:01:00','13:01:00','3619487','2','',''),
('2325279160858514','13:02:00','13:02:00','3619491','3','',''),
('2325279160858514','13:03:00','13:03:00','3619482','4','',''),
('2325279160858514','13:05:00','13:05:00','3619480','5','',''),
('2325279160858514','13:07:00','13:07:00','3619478','6','',''),
('2325279160858514','13:08:00','13:08:00','3619476','7','',''),
('2325279160858514','13:11:00','13:11:00','3619474','8','',''),
('2425278800858514','08:54:00','08:54:00','3619490','1','',''),
('2425278800858514','08:55:00','08:55:00','3619487','2','',''),
('2425278800858514','08:57:00','08:57:00','3619491','3','',''),
('2425278800858514','08:58:00','08:58:00','3619482','4','',''),
('2425278800858514','09:00:00','09:00:00','3619480','5','',''),
('2425278800858514','09:02:00','09:02:00','3619478','6','',''),
('2425278800858514','09:03:00','09:03:00','3619476','7','',''),
('2425278800858514','09:07:00','09:07:00','3619474','8','',''),
('2425279140858514','08:55:00','08:55:00','3619490','1','',''),
('2425279140858514','08:56:00','08:56:00','3619487','2','',''),
('2425279140858514','08:57:00','08:57:00','3619491','3','',''),
('2425279140858514','08:58:00','08:58:00','3619482','4','',''),
('2425279140858514','09:00:00','09:00:00','3619480','5','',''),
('2425279140858514','09:01:00','09:01:00','3619478','6','',''),
('2425279140858514','09:02:00','09:02:00','3619476','7','',''),
('2425279140858514','09:05:00','09:05:00','3619474','8','',''),
('2425279150858514','13:35:00','13:35:00','3619490','1','',''),
('2425279150858514','13:36:00','13:36:00','3619487','2','',''),
('2425279150858514','13:37:00','13:37:00','3619491','3','',''),
('2425279150858514','13:38:00','13:38:00','3619482','4','',''),
('2425279150858514','13:40:00','13:40:00','3619480','5','',''),
('2425279150858514','13:42:00','13:42:00','3619478','6','',''),
('2425279150858514','13:43:00','13:43:00','3619476','7','',''),
('2425279150858514','13:46:00','13:46:00','3619474','8','',''),
('2425279160858514','13:35:00','13:35:00','3619490','1','',''),
('2425279160858514','13:36:00','13:36:00','3619487','2','',''),
('2425279160858514','13:37:00','13:37:00','3619491','3','',''),
('2425279160858514','13:38:00','13:38:00','3619482','4','',''),
('2425279160858514','13:40:00','13:40:00','3619480','5','',''),
('2425279160858514','13:42:00','13:42:00','3619478','6','',''),
('2425279160858514','13:43:00','13:43:00','3619476','7','',''),
('2425279160858514','13:46:00','13:46:00','3619474','8','',''),
('2525278800858514','09:02:00','09:02:00','3619490','1','',''),
('2525278800858514','09:03:00','09:03:00','3619487','2','',''),
('2525278800858514','09:05:00','09:05:00','3619491','3','',''),
('2525278800858514','09:06:00','09:06:00','3619482','4','',''),
('2525278800858514','09:08:00','09:08:00','3619480','5','',''),
('2525278800858514','09:09:00','09:09:00','3619478','6','',''),
('2525278800858514','09:11:00','09:11:00','3619476','7','',''),
('2525278800858514','09:15:00','09:15:00','3619474','8','',''),
('2525279140858514','09:03:00','09:03:00','3619490','1','',''),
('2525279140858514','09:04:00','09:04:00','3619487','2','',''),
('2525279140858514','09:05:00','09:05:00','3619491','3','',''),
('2525279140858514','09:06:00','09:06:00','3619482','4','',''),
('2525279140858514','09:08:00','09:08:00','3619480','5','',''),
('2525279140858514','09:09:00','09:09:00','3619478','6','',''),
('2525279140858514','09:10:00','09:10:00','3619476','7','',''),
('2525279140858514','09:13:00','09:13:00','3619474','8','',''),
('2525279150858514','14:10:00','14:10:00','3619490','1','',''),
('2525279150858514','14:11:00','14:11:00','3619487','2','',''),
('2525279150858514','14:12:00','14:12:00','3619491','3','',''),
('2525279150858514','14:13:00','14:13:00','3619482','4','',''),
('2525279150858514','14:15:00','14:15:00','3619480','5','',''),
('2525279150858514','14:17:00','14:17:00','3619478','6','',''),
('2525279150858514','14:18:00','14:18:00','3619476','7','',''),
('2525279150858514','14:21:00','14:21:00','3619474','8','',''),
('2525279160858514','14:10:00','14:10:00','3619490','1','',''),
('2525279160858514','14:11:00','14:11:00','3619487','2','',''),
('2525279160858514','14:12:00','14:12:00','3619491','3','',''),
('2525279160858514','14:13:00','14:13:00','3619482','4','',''),
('2525279160858514','14:15:00','14:15:00','3619480','5','',''),
('2525279160858514','14:17:00','14:17:00','3619478','6','',''),
('2525279160858514','14:18:00','14:18:00','3619476','7','',''),
('2525279160858514','14:21:00','14:21:00','3619474','8','',''),
('2625278800858514','09:10:00','09:10:00','3619490','1','',''),
('2625278800858514','09:11:00','09:11:00','3619487','2','',''),
('2625278800858514','09:13:00','09:13:00','3619491','3','',''),
('2625278800858514','09:14:00','09:14:00','3619482','4','',''),
('2625278800858514','09:16:00','09:16:00','3619480','5','',''),
('2625278800858514','09:17:00','09:17:00','3619478','6','',''),
('2625278800858514','09:19:00','09:19:00','3619476','7','',''),
('2625278800858514','09:22:00','09:22:00','3619474','8','',''),
('2625279140858514','09:11:00','09:11:00','3619490','1','',''),
('2625279140858514','09:12:00','09:12:00','3619487','2','',''),
('2625279140858514','09:13:00','09:13:00','3619491','3','',''),
('2625279140858514','09:14:00','09:14:00','3619482','4','',''),
('2625279140858514','09:16:00','09:16:00','3619480','5','',''),
('2625279140858514','09:17:00','09:17:00','3619478','6','',''),
('2625279140858514','09:18:00','09:18:00','3619476','7','',''),
('2625279140858514','09:21:00','09:21:00','3619474','8','',''),
('2625279150858514','14:45:00','14:45:00','3619490','1','',''),
('2625279150858514','14:46:00','14:46:00','3619487','2','',''),
('2625279150858514','14:47:00','14:47:00','3619491','3','',''),
('2625279150858514','14:48:00','14:48:00','3619482','4','',''),
('2625279150858514','14:50:00','14:50:00','3619480','5','',''),
('2625279150858514','14:52:00','14:52:00','3619478','6','',''),
('2625279150858514','14:53:00','14:53:00','3619476','7','',''),
('2625279150858514','14:56:00','14:56:00','3619474','8','',''),
('2625279160858514','14:45:00','14:45:00','3619490','1','',''),
('2625279160858514','14:46:00','14:46:00','3619487','2','',''),
('2625279160858514','14:47:00','14:47:00','3619491','3','',''),
('2625279160858514','14:48:00','14:48:00','3619482','4','',''),
('2625279160858514','14:50:00','14:50:00','3619480','5','',''),
('2625279160858514','14:52:00','14:52:00','3619478','6','',''),
('2625279160858514','14:53:00','14:53:00','3619476','7','',''),
('2625279160858514','14:56:00','14:56:00','3619474','8','',''),
('2725278800858514','09:18:00','09:18:00','3619490','1','',''),
('2725278800858514','09:19:00','09:19:00','3619487','2','',''),
('2725278800858514','09:21:00','09:21:00','3619491','3','',''),
('2725278800858514','09:22:00','09:22:00','3619482','4','',''),
('2725278800858514','09:24:00','09:24:00','3619480','5','',''),
('2725278800858514','09:25:00','09:25:00','3619478','6','',''),
('2725278800858514','09:26:00','09:26:00','3619476','7','',''),
('2725278800858514','09:30:00','09:30:00','3619474','8','',''),
('2725279140858514','09:21:00','09:21:00','3619490','1','',''),
('2725279140858514','09:22:00','09:22:00','3619487','2','',''),
('2725279140858514','09:23:00','09:23:00','3619491','3','',''),
('2725279140858514','09:24:00','09:24:00','3619482','4','',''),
('2725279140858514','09:26:00','09:26:00','3619480','5','',''),
('2725279140858514','09:27:00','09:27:00','3619478','6','',''),
('2725279140858514','09:28:00','09:28:00','3619476','7','',''),
('2725279140858514','09:31:00','09:31:00','3619474','8','',''),
('2725279150858514','15:20:00','15:20:00','3619490','1','',''),
('2725279150858514','15:21:00','15:21:00','3619487','2','',''),
('2725279150858514','15:22:00','15:22:00','3619491','3','',''),
('2725279150858514','15:23:00','15:23:00','3619482','4','',''),
('2725279150858514','15:25:00','15:25:00','3619480','5','',''),
('2725279150858514','15:26:00','15:26:00','3619478','6','',''),
('2725279150858514','15:27:00','15:27:00','3619476','7','',''),
('2725279150858514','15:30:00','15:30:00','3619474','8','',''),
('2725279160858514','15:20:00','15:20:00','3619490','1','',''),
('2725279160858514','15:21:00','15:21:00','3619487','2','',''),
('2725279160858514','15:22:00','15:22:00','3619491','3','',''),
('2725279160858514','15:23:00','15:23:00','3619482','4','',''),
('2725279160858514','15:25:00','15:25:00','3619480','5','',''),
('2725279160858514','15:26:00','15:26:00','3619478','6','',''),
('2725279160858514','15:27:00','15:27:00','3619476','7','',''),
('2725279160858514','15:30:00','15:30:00','3619474','8','',''),
('2825278800858514','09:26:00','09:26:00','3619490','1','',''),
('2825278800858514','09:27:00','09:27:00','3619487','2','',''),
('2825278800858514','09:29:00','09:29:00','3619491','3','',''),
('2825278800858514','09:30:00','09:30:00','3619482','4','',''),
('2825278800858514','09:32:00','09:32:00','3619480','5','',''),
('2825278800858514','09:33:00','09:33:00','3619478','6','',''),
('2825278800858514','09:34:00','09:34:00','3619476','7','',''),
('2825278800858514','09:38:00','09:38:00','3619474','8','',''),
('2825279140858514','09:31:00','09:31:00','3619490','1','',''),
('2825279140858514','09:32:00','09:32:00','3619487','2','',''),
('2825279140858514','09:33:00','09:33:00','3619491','3','',''),
('2825279140858514','09:34:00','09:34:00','3619482','4','',''),
('2825279140858514','09:36:00','09:36:00','3619480','5','',''),
('2825279140858514','09:37:00','09:37:00','3619478','6','',''),
('2825279140858514','09:38:00','09:38:00','3619476','7','',''),
('2825279140858514','09:41:00','09:41:00','3619474','8','',''),
('2825279150858514','15:55:00','15:55:00','3619490','1','',''),
('2825279150858514','15:56:00','15:56:00','3619487','2','',''),
('2825279150858514','15:57:00','15:57:00','3619491','3','',''),
('2825279150858514','15:58:00','15:58:00','3619482','4','',''),
('2825279150858514','16:00:00','16:00:00','3619480','5','',''),
('2825279150858514','16:01:00','16:01:00','3619478','6','',''),
('2825279150858514','16:02:00','16:02:00','3619476','7','',''),
('2825279150858514','16:05:00','16:05:00','3619474','8','',''),
('2825279160858514','15:55:00','15:55:00','3619490','1','',''),
('2825279160858514','15:56:00','15:56:00','3619487','2','',''),
('2825279160858514','15:57:00','15:57:00','3619491','3','',''),
('2825279160858514','15:58:00','15:58:00','3619482','4','',''),
('2825279160858514','16:00:00','16:00:00','3619480','5','',''),
('2825279160858514','16:01:00','16:01:00','3619478','6','',''),
('2825279160858514','16:02:00','16:02:00','3619476','7','',''),
('2825279160858514','16:05:00','16:05:00','3619474','8','',''),
('2925278800858514','09:33:00','09:33:00','3619490','1','',''),
('2925278800858514','09:34:00','09:34:00','3619487','2','',''),
('2925278800858514','09:36:00','09:36:00','3619491','3','',''),
('2925278800858514','09:37:00','09:37:00','3619482','4','',''),
('2925278800858514','09:39:00','09:39:00','3619480','5','',''),
('2925278800858514','09:40:00','09:40:00','3619478','6','',''),
('2925278800858514','09:41:00','09:41:00','3619476','7','',''),
('2925278800858514','09:44:00','09:44:00','3619474','8','',''),
('2925279140858514','09:41:00','09:41:00','3619490','1','',''),
('2925279140858514','09:42:00','09:42:00','3619487','2','',''),
('2925279140858514','09:43:00','09:43:00','3619491','3','',''),
('2925279140858514','09:44:00','09:44:00','3619482','4','',''),
('2925279140858514','09:46:00','09:46:00','3619480','5','',''),
('2925279140858514','09:47:00','09:47:00','3619478','6','',''),
('2925279140858514','09:48:00','09:48:00','3619476','7','',''),
('2925279140858514','09:51:00','09:51:00','3619474','8','',''),
('2925279150858514','16:30:00','16:30:00','3619490','1','',''),
('2925279150858514','16:31:00','16:31:00','3619487','2','',''),
('2925279150858514','16:32:00','16:32:00','3619491','3','',''),
('2925279150858514','16:33:00','16:33:00','3619482','4','',''),
('2925279150858514','16:35:00','16:35:00','3619480','5','',''),
('2925279150858514','16:36:00','16:36:00','3619478','6','',''),
('2925279150858514','16:37:00','16:37:00','3619476','7','',''),
('2925279150858514','16:40:00','16:40:00','3619474','8','',''),
('2925279160858514','16:30:00','16:30:00','3619490','1','',''),
('2925279160858514','16:31:00','16:31:00','3619487','2','',''),
('2925279160858514','16:32:00','16:32:00','3619491','3','',''),
('2925279160858514','16:33:00','16:33:00','3619482','4','',''),
('2925279160858514','16:35:00','16:35:00','3619480','5','',''),
('2925279160858514','16:36:00','16:36:00','3619478','6','',''),
('2925279160858514','16:37:00','16:37:00','3619476','7','',''),
('2925279160858514','16:40:00','16:40:00','3619474','8','',''),
('3025278800858514','09:47:00','09:47:00','3619490','1','',''),
('3025278800858514','09:48:00','09:48:00','3619487','2','',''),
('3025278800858514','09:50:00','09:50:00','3619491','3','',''),
('3025278800858514','09:51:00','09:51:00','3619482','4','',''),
('3025278800858514','09:53:00','09:53:00','3619480','5','',''),
('3025278800858514','09:54:00','09:54:00','3619478','6','',''),
('3025278800858514','09:55:00','09:55:00','3619476','7','',''),
('3025278800858514','09:58:00','09:58:00','3619474','8','',''),
('3025279140858514','09:52:00','09:52:00','3619490','1','',''),
('3025279140858514','09:53:00','09:53:00','3619487','2','',''),
('3025279140858514','09:54:00','09:54:00','3619491','3','',''),
('3025279140858514','09:55:00','09:55:00','3619482','4','',''),
('3025279140858514','09:57:00','09:57:00','3619480','5','',''),
('3025279140858514','09:58:00','09:58:00','3619478','6','',''),
('3025279140858514','09:59:00','09:59:00','3619476','7','',''),
('3025279140858514','10:02:00','10:02:00','3619474','8','',''),
('3025279150858514','16:47:00','16:47:00','3619490','1','',''),
('3025279150858514','16:48:00','16:48:00','3619487','2','',''),
('3025279150858514','16:49:00','16:49:00','3619491','3','',''),
('3025279150858514','16:50:00','16:50:00','3619482','4','',''),
('3025279150858514','16:52:00','16:52:00','3619480','5','',''),
('3025279150858514','16:53:00','16:53:00','3619478','6','',''),
('3025279150858514','16:54:00','16:54:00','3619476','7','',''),
('3025279150858514','16:57:00','16:57:00','3619474','8','',''),
('3025279160858514','16:47:00','16:47:00','3619490','1','',''),
('3025279160858514','16:48:00','16:48:00','3619487','2','',''),
('3025279160858514','16:49:00','16:49:00','3619491','3','',''),
('3025279160858514','16:50:00','16:50:00','3619482','4','',''),
('3025279160858514','16:52:00','16:52:00','3619480','5','',''),
('3025279160858514','16:53:00','16:53:00','3619478','6','',''),
('3025279160858514','16:54:00','16:54:00','3619476','7','',''),
('3025279160858514','16:57:00','16:57:00','3619474','8','',''),
('3125278800858514','10:00:00','10:00:00','3619490','1','',''),
('3125278800858514','10:01:00','10:01:00','3619487','2','',''),
('3125278800858514','10:03:00','10:03:00','3619491','3','',''),
('3125278800858514','10:04:00','10:04:00','3619482','4','',''),
('3125278800858514','10:06:00','10:06:00','3619480','5','',''),
('3125278800858514','10:07:00','10:07:00','3619478','6','',''),
('3125278800858514','10:08:00','10:08:00','3619476','7','',''),
('3125278800858514','10:11:00','10:11:00','3619474','8','',''),
('3125279140858514','10:04:00','10:04:00','3619490','1','',''),
('3125279140858514','10:05:00','10:05:00','3619487','2','',''),
('3125279140858514','10:06:00','10:06:00','3619491','3','',''),
('3125279140858514','10:07:00','10:07:00','3619482','4','',''),
('3125279140858514','10:09:00','10:09:00','3619480','5','',''),
('3125279140858514','10:10:00','10:10:00','3619478','6','',''),
('3125279140858514','10:11:00','10:11:00','3619476','7','',''),
('3125279140858514','10:14:00','10:14:00','3619474','8','',''),
('3125279150858514','17:05:00','17:05:00','3619490','1','',''),
('3125279150858514','17:06:00','17:06:00','3619487','2','',''),
('3125279150858514','17:07:00','17:07:00','3619491','3','',''),
('3125279150858514','17:08:00','17:08:00','3619482','4','',''),
('3125279150858514','17:10:00','17:10:00','3619480','5','',''),
('3125279150858514','17:11:00','17:11:00','3619478','6','',''),
('3125279150858514','17:12:00','17:12:00','3619476','7','',''),
('3125279150858514','17:15:00','17:15:00','3619474','8','',''),
('3125279160858514','17:05:00','17:05:00','3619490','1','',''),
('3125279160858514','17:06:00','17:06:00','3619487','2','',''),
('3125279160858514','17:07:00','17:07:00','3619491','3','',''),
('3125279160858514','17:08:00','17:08:00','3619482','4','',''),
('3125279160858514','17:10:00','17:10:00','3619480','5','',''),
('3125279160858514','17:11:00','17:11:00','3619478','6','',''),
('3125279160858514','17:12:00','17:12:00','3619476','7','',''),
('3125279160858514','17:15:00','17:15:00','3619474','8','',''),
('3225278800858514','10:12:00','10:12:00','3619490','1','',''),
('3225278800858514','10:13:00','10:13:00','3619487','2','',''),
('3225278800858514','10:15:00','10:15:00','3619491','3','',''),
('3225278800858514','10:16:00','10:16:00','3619482','4','',''),
('3225278800858514','10:18:00','10:18:00','3619480','5','',''),
('3225278800858514','10:19:00','10:19:00','3619478','6','',''),
('3225278800858514','10:20:00','10:20:00','3619476','7','',''),
('3225278800858514','10:23:00','10:23:00','3619474','8','',''),
('3225279140858514','10:16:00','10:16:00','3619490','1','',''),
('3225279140858514','10:17:00','10:17:00','3619487','2','',''),
('3225279140858514','10:18:00','10:18:00','3619491','3','',''),
('3225279140858514','10:19:00','10:19:00','3619482','4','',''),
('3225279140858514','10:21:00','10:21:00','3619480','5','',''),
('3225279140858514','10:22:00','10:22:00','3619478','6','',''),
('3225279140858514','10:23:00','10:23:00','3619476','7','',''),
('3225279140858514','10:26:00','10:26:00','3619474','8','',''),
('3225279150858514','17:22:00','17:22:00','3619490','1','',''),
('3225279150858514','17:23:00','17:23:00','3619487','2','',''),
('3225279150858514','17:24:00','17:24:00','3619491','3','',''),
('3225279150858514','17:25:00','17:25:00','3619482','4','',''),
('3225279150858514','17:27:00','17:27:00','3619480','5','',''),
('3225279150858514','17:28:00','17:28:00','3619478','6','',''),
('3225279150858514','17:29:00','17:29:00','3619476','7','',''),
('3225279150858514','17:32:00','17:32:00','3619474','8','',''),
('3225279160858514','17:22:00','17:22:00','3619490','1','',''),
('3225279160858514','17:23:00','17:23:00','3619487','2','',''),
('3225279160858514','17:24:00','17:24:00','3619491','3','',''),
('3225279160858514','17:25:00','17:25:00','3619482','4','',''),
('3225279160858514','17:27:00','17:27:00','3619480','5','',''),
('3225279160858514','17:28:00','17:28:00','3619478','6','',''),
('3225279160858514','17:29:00','17:29:00','3619476','7','',''),
('3225279160858514','17:32:00','17:32:00','3619474','8','',''),
('325278800858514','05:51:00','05:51:00','3619490','1','',''),
('325278800858514','05:52:00','05:52:00','3619487','2','',''),
('325278800858514','05:53:00','05:53:00','3619491','3','',''),
('325278800858514','05:54:00','05:54:00','3619482','4','',''),
('325278800858514','05:56:00','05:56:00','3619480','5','',''),
('325278800858514','05:57:00','05:57:00','3619478','6','',''),
('325278800858514','05:58:00','05:58:00','3619476','7','',''),
('325278800858514','06:01:00','06:01:00','3619474','8','',''),
('325279140858514','05:49:00','05:49:00','3619490','1','',''),
('325279140858514','05:50:00','05:50:00','3619487','2','',''),
('325279140858514','05:51:00','05:51:00','3619491','3','',''),
('325279140858514','05:52:00','05:52:00','3619482','4','',''),
('325279140858514','05:54:00','05:54:00','3619480','5','',''),
('325279140858514','05:55:00','05:55:00','3619478','6','',''),
('325279140858514','05:56:00','05:56:00','3619476','7','',''),
('325279140858514','05:59:00','05:59:00','3619474','8','',''),
('325279150858514','06:17:00','06:17:00','3619490','1','',''),
('325279150858514','06:18:00','06:18:00','3619487','2','',''),
('325279150858514','06:19:00','06:19:00','3619491','3','',''),
('325279150858514','06:20:00','06:20:00','3619482','4','',''),
('325279150858514','06:22:00','06:22:00','3619480','5','',''),
('325279150858514','06:23:00','06:23:00','3619478','6','',''),
('325279150858514','06:24:00','06:24:00','3619476','7','',''),
('325279150858514','06:27:00','06:27:00','3619474','8','',''),
('325279160858514','06:17:00','06:17:00','3619490','1','',''),
('325279160858514','06:18:00','06:18:00','3619487','2','',''),
('325279160858514','06:19:00','06:19:00','3619491','3','',''),
('325279160858514','06:20:00','06:20:00','3619482','4','',''),
('325279160858514','06:22:00','06:22:00','3619480','5','',''),
('325279160858514','06:23:00','06:23:00','3619478','6','',''),
('325279160858514','06:24:00','06:24:00','3619476','7','',''),
('325279160858514','06:27:00','06:27:00','3619474','8','',''),
('3325278800858514','10:31:00','10:31:00','3619490','1','',''),
('3325278800858514','10:32:00','10:32:00','3619487','2','',''),
('3325278800858514','10:34:00','10:34:00','3619491','3','',''),
('3325278800858514','10:35:00','10:35:00','3619482','4','',''),
('3325278800858514','10:37:00','10:37:00','3619480','5','',''),
('3325278800858514','10:38:00','10:38:00','3619478','6','',''),
('3325278800858514','10:39:00','10:39:00','3619476','7','',''),
('3325278800858514','10:42:00','10:42:00','3619474','8','',''),
('3325279140858514','10:32:00','10:32:00','3619490','1','',''),
('3325279140858514','10:33:00','10:33:00','3619487','2','',''),
('3325279140858514','10:34:00','10:34:00','3619491','3','',''),
('3325279140858514','10:35:00','10:35:00','3619482','4','',''),
('3325279140858514','10:37:00','10:37:00','3619480','5','',''),
('3325279140858514','10:38:00','10:38:00','3619478','6','',''),
('3325279140858514','10:39:00','10:39:00','3619476','7','',''),
('3325279140858514','10:42:00','10:42:00','3619474','8','',''),
('3325279150858514','17:39:00','17:39:00','3619490','1','',''),
('3325279150858514','17:40:00','17:40:00','3619487','2','',''),
('3325279150858514','17:41:00','17:41:00','3619491','3','',''),
('3325279150858514','17:42:00','17:42:00','3619482','4','',''),
('3325279150858514','17:44:00','17:44:00','3619480','5','',''),
('3325279150858514','17:45:00','17:45:00','3619478','6','',''),
('3325279150858514','17:46:00','17:46:00','3619476','7','',''),
('3325279150858514','17:49:00','17:49:00','3619474','8','',''),
('3325279160858514','17:39:00','17:39:00','3619490','1','',''),
('3325279160858514','17:40:00','17:40:00','3619487','2','',''),
('3325279160858514','17:41:00','17:41:00','3619491','3','',''),
('3325279160858514','17:42:00','17:42:00','3619482','4','',''),
('3325279160858514','17:44:00','17:44:00','3619480','5','',''),
('3325279160858514','17:45:00','17:45:00','3619478','6','',''),
('3325279160858514','17:46:00','17:46:00','3619476','7','',''),
('3325279160858514','17:49:00','17:49:00','3619474','8','',''),
('3425278800858514','10:48:00','10:48:00','3619490','1','',''),
('3425278800858514','10:49:00','10:49:00','3619487','2','',''),
('3425278800858514','10:51:00','10:51:00','3619491','3','',''),
('3425278800858514','10:52:00','10:52:00','3619482','4','',''),
('3425278800858514','10:54:00','10:54:00','3619480','5','',''),
('3425278800858514','10:55:00','10:55:00','3619478','6','',''),
('3425278800858514','10:56:00','10:56:00','3619476','7','',''),
('3425278800858514','10:59:00','10:59:00','3619474','8','',''),
('3425279140858514','10:50:00','10:50:00','3619490','1','',''),
('3425279140858514','10:51:00','10:51:00','3619487','2','',''),
('3425279140858514','10:52:00','10:52:00','3619491','3','',''),
('3425279140858514','10:53:00','10:53:00','3619482','4','',''),
('3425279140858514','10:55:00','10:55:00','3619480','5','',''),
('3425279140858514','10:56:00','10:56:00','3619478','6','',''),
('3425279140858514','10:57:00','10:57:00','3619476','7','',''),
('3425279140858514','11:00:00','11:00:00','3619474','8','',''),
('3425279150858514','17:56:00','17:56:00','3619490','1','',''),
('3425279150858514','17:57:00','17:57:00','3619487','2','',''),
('3425279150858514','17:58:00','17:58:00','3619491','3','',''),
('3425279150858514','17:59:00','17:59:00','3619482','4','',''),
('3425279150858514','18:01:00','18:01:00','3619480','5','',''),
('3425279150858514','18:02:00','18:02:00','3619478','6','',''),
('3425279150858514','18:03:00','18:03:00','3619476','7','',''),
('3425279150858514','18:06:00','18:06:00','3619474','8','',''),
('3425279160858514','17:56:00','17:56:00','3619490','1','',''),
('3425279160858514','17:57:00','17:57:00','3619487','2','',''),
('3425279160858514','17:58:00','17:58:00','3619491','3','',''),
('3425279160858514','17:59:00','17:59:00','3619482','4','',''),
('3425279160858514','18:01:00','18:01:00','3619480','5','',''),
('3425279160858514','18:02:00','18:02:00','3619478','6','',''),
('3425279160858514','18:03:00','18:03:00','3619476','7','',''),
('3425279160858514','18:06:00','18:06:00','3619474','8','',''),
('3525278800858514','11:07:00','11:07:00','3619490','1','',''),
('3525278800858514','11:08:00','11:08:00','3619487','2','',''),
('3525278800858514','11:10:00','11:10:00','3619491','3','',''),
('3525278800858514','11:11:00','11:11:00','3619482','4','',''),
('3525278800858514','11:13:00','11:13:00','3619480','5','',''),
('3525278800858514','11:14:00','11:14:00','3619478','6','',''),
('3525278800858514','11:15:00','11:15:00','3619476','7','',''),
('3525278800858514','11:18:00','11:18:00','3619474','8','',''),
('3525279140858514','11:07:00','11:07:00','3619490','1','',''),
('3525279140858514','11:08:00','11:08:00','3619487','2','',''),
('3525279140858514','11:09:00','11:09:00','3619491','3','',''),
('3525279140858514','11:10:00','11:10:00','3619482','4','',''),
('3525279140858514','11:12:00','11:12:00','3619480','5','',''),
('3525279140858514','11:13:00','11:13:00','3619478','6','',''),
('3525279140858514','11:14:00','11:14:00','3619476','7','',''),
('3525279140858514','11:17:00','11:17:00','3619474','8','',''),
('3525279150858514','18:13:00','18:13:00','3619490','1','',''),
('3525279150858514','18:14:00','18:14:00','3619487','2','',''),
('3525279150858514','18:15:00','18:15:00','3619491','3','',''),
('3525279150858514','18:16:00','18:16:00','3619482','4','',''),
('3525279150858514','18:18:00','18:18:00','3619480','5','',''),
('3525279150858514','18:19:00','18:19:00','3619478','6','',''),
('3525279150858514','18:20:00','18:20:00','3619476','7','',''),
('3525279150858514','18:23:00','18:23:00','3619474','8','',''),
('3525279160858514','18:13:00','18:13:00','3619490','1','',''),
('3525279160858514','18:14:00','18:14:00','3619487','2','',''),
('3525279160858514','18:15:00','18:15:00','3619491','3','',''),
('3525279160858514','18:16:00','18:16:00','3619482','4','',''),
('3525279160858514','18:18:00','18:18:00','3619480','5','',''),
('3525279160858514','18:19:00','18:19:00','3619478','6','',''),
('3525279160858514','18:20:00','18:20:00','3619476','7','',''),
('3525279160858514','18:23:00','18:23:00','3619474','8','',''),
('3625278800858514','11:25:00','11:25:00','3619490','1','',''),
('3625278800858514','11:26:00','11:26:00','3619487','2','',''),
('3625278800858514','11:28:00','11:28:00','3619491','3','',''),
('3625278800858514','11:29:00','11:29:00','3619482','4','',''),
('3625278800858514','11:31:00','11:31:00','3619480','5','',''),
('3625278800858514','11:32:00','11:32:00','3619478','6','',''),
('3625278800858514','11:33:00','11:33:00','3619476','7','',''),
('3625278800858514','11:36:00','11:36:00','3619474','8','',''),
('3625279140858514','11:25:00','11:25:00','3619490','1','',''),
('3625279140858514','11:26:00','11:26:00','3619487','2','',''),
('3625279140858514','11:27:00','11:27:00','3619491','3','',''),
('3625279140858514','11:28:00','11:28:00','3619482','4','',''),
('3625279140858514','11:30:00','11:30:00','3619480','5','',''),
('3625279140858514','11:31:00','11:31:00','3619478','6','',''),
('3625279140858514','11:32:00','11:32:00','3619476','7','',''),
('3625279140858514','11:35:00','11:35:00','3619474','8','',''),
('3625279150858514','18:30:00','18:30:00','3619490','1','',''),
('3625279150858514','18:31:00','18:31:00','3619487','2','',''),
('3625279150858514','18:32:00','18:32:00','3619491','3','',''),
('3625279150858514','18:33:00','18:33:00','3619482','4','',''),
('3625279150858514','18:35:00','18:35:00','3619480','5','',''),
('3625279150858514','18:36:00','18:36:00','3619478','6','',''),
('3625279150858514','18:37:00','18:37:00','3619476','7','',''),
('3625279150858514','18:40:00','18:40:00','3619474','8','',''),
('3625279160858514','18:30:00','18:30:00','3619490','1','',''),
('3625279160858514','18:31:00','18:31:00','3619487','2','',''),
('3625279160858514','18:32:00','18:32:00','3619491','3','',''),
('3625279160858514','18:33:00','18:33:00','3619482','4','',''),
('3625279160858514','18:35:00','18:35:00','3619480','5','',''),
('3625279160858514','18:36:00','18:36:00','3619478','6','',''),
('3625279160858514','18:37:00','18:37:00','3619476','7','',''),
('3625279160858514','18:40:00','18:40:00','3619474','8','',''),
('3725278800858514','11:45:00','11:45:00','3619490','1','',''),
('3725278800858514','11:46:00','11:46:00','3619487','2','',''),
('3725278800858514','11:48:00','11:48:00','3619491','3','',''),
('3725278800858514','11:49:00','11:49:00','3619482','4','',''),
('3725278800858514','11:51:00','11:51:00','3619480','5','',''),
('3725278800858514','11:52:00','11:52:00','3619478','6','',''),
('3725278800858514','11:53:00','11:53:00','3619476','7','',''),
('3725278800858514','11:56:00','11:56:00','3619474','8','',''),
('3725279140858514','11:45:00','11:45:00','3619490','1','',''),
('3725279140858514','11:46:00','11:46:00','3619487','2','',''),
('3725279140858514','11:47:00','11:47:00','3619491','3','',''),
('3725279140858514','11:48:00','11:48:00','3619482','4','',''),
('3725279140858514','11:50:00','11:50:00','3619480','5','',''),
('3725279140858514','11:51:00','11:51:00','3619478','6','',''),
('3725279140858514','11:52:00','11:52:00','3619476','7','',''),
('3725279140858514','11:55:00','11:55:00','3619474','8','',''),
('3725279150858514','18:47:00','18:47:00','3619490','1','',''),
('3725279150858514','18:48:00','18:48:00','3619487','2','',''),
('3725279150858514','18:49:00','18:49:00','3619491','3','',''),
('3725279150858514','18:50:00','18:50:00','3619482','4','',''),
('3725279150858514','18:52:00','18:52:00','3619480','5','',''),
('3725279150858514','18:53:00','18:53:00','3619478','6','',''),
('3725279150858514','18:54:00','18:54:00','3619476','7','',''),
('3725279150858514','18:57:00','18:57:00','3619474','8','',''),
('3725279160858514','18:47:00','18:47:00','3619490','1','',''),
('3725279160858514','18:48:00','18:48:00','3619487','2','',''),
('3725279160858514','18:49:00','18:49:00','3619491','3','',''),
('3725279160858514','18:50:00','18:50:00','3619482','4','',''),
('3725279160858514','18:52:00','18:52:00','3619480','5','',''),
('3725279160858514','18:53:00','18:53:00','3619478','6','',''),
('3725279160858514','18:54:00','18:54:00','3619476','7','',''),
('3725279160858514','18:57:00','18:57:00','3619474','8','',''),
('3825278800858514','12:05:00','12:05:00','3619490','1','',''),
('3825278800858514','12:06:00','12:06:00','3619487','2','',''),
('3825278800858514','12:08:00','12:08:00','3619491','3','',''),
('3825278800858514','12:09:00','12:09:00','3619482','4','',''),
('3825278800858514','12:11:00','12:11:00','3619480','5','',''),
('3825278800858514','12:12:00','12:12:00','3619478','6','',''),
('3825278800858514','12:13:00','12:13:00','3619476','7','',''),
('3825278800858514','12:16:00','12:16:00','3619474','8','',''),
('3825279140858514','12:05:00','12:05:00','3619490','1','',''),
('3825279140858514','12:06:00','12:06:00','3619487','2','',''),
('3825279140858514','12:07:00','12:07:00','3619491','3','',''),
('3825279140858514','12:08:00','12:08:00','3619482','4','',''),
('3825279140858514','12:10:00','12:10:00','3619480','5','',''),
('3825279140858514','12:11:00','12:11:00','3619478','6','',''),
('3825279140858514','12:12:00','12:12:00','3619476','7','',''),
('3825279140858514','12:15:00','12:15:00','3619474','8','',''),
('3825279150858514','19:05:00','19:05:00','3619490','1','',''),
('3825279150858514','19:06:00','19:06:00','3619487','2','',''),
('3825279150858514','19:07:00','19:07:00','3619491','3','',''),
('3825279150858514','19:08:00','19:08:00','3619482','4','',''),
('3825279150858514','19:10:00','19:10:00','3619480','5','',''),
('3825279150858514','19:11:00','19:11:00','3619478','6','',''),
('3825279150858514','19:12:00','19:12:00','3619476','7','',''),
('3825279150858514','19:15:00','19:15:00','3619474','8','',''),
('3825279160858514','19:05:00','19:05:00','3619490','1','',''),
('3825279160858514','19:06:00','19:06:00','3619487','2','',''),
('3825279160858514','19:07:00','19:07:00','3619491','3','',''),
('3825279160858514','19:08:00','19:08:00','3619482','4','',''),
('3825279160858514','19:10:00','19:10:00','3619480','5','',''),
('3825279160858514','19:11:00','19:11:00','3619478','6','',''),
('3825279160858514','19:12:00','19:12:00','3619476','7','',''),
('3825279160858514','19:15:00','19:15:00','3619474','8','',''),
('3925278800858514','12:25:00','12:25:00','3619490','1','',''),
('3925278800858514','12:26:00','12:26:00','3619487','2','',''),
('3925278800858514','12:28:00','12:28:00','3619491','3','',''),
('3925278800858514','12:29:00','12:29:00','3619482','4','',''),
('3925278800858514','12:31:00','12:31:00','3619480','5','',''),
('3925278800858514','12:32:00','12:32:00','3619478','6','',''),
('3925278800858514','12:33:00','12:33:00','3619476','7','',''),
('3925278800858514','12:36:00','12:36:00','3619474','8','',''),
('3925279140858514','12:26:00','12:26:00','3619490','1','',''),
('3925279140858514','12:27:00','12:27:00','3619487','2','',''),
('3925279140858514','12:28:00','12:28:00','3619491','3','',''),
('3925279140858514','12:29:00','12:29:00','3619482','4','',''),
('3925279140858514','12:31:00','12:31:00','3619480','5','',''),
('3925279140858514','12:32:00','12:32:00','3619478','6','',''),
('3925279140858514','12:33:00','12:33:00','3619476','7','',''),
('3925279140858514','12:36:00','12:36:00','3619474','8','',''),
('3925279150858514','19:23:00','19:23:00','3619490','1','',''),
('3925279150858514','19:24:00','19:24:00','3619487','2','',''),
('3925279150858514','19:25:00','19:25:00','3619491','3','',''),
('3925279150858514','19:26:00','19:26:00','3619482','4','',''),
('3925279150858514','19:28:00','19:28:00','3619480','5','',''),
('3925279150858514','19:29:00','19:29:00','3619478','6','',''),
('3925279150858514','19:30:00','19:30:00','3619476','7','',''),
('3925279150858514','19:33:00','19:33:00','3619474','8','',''),
('3925279160858514','19:23:00','19:23:00','3619490','1','',''),
('3925279160858514','19:24:00','19:24:00','3619487','2','',''),
('3925279160858514','19:25:00','19:25:00','3619491','3','',''),
('3925279160858514','19:26:00','19:26:00','3619482','4','',''),
('3925279160858514','19:28:00','19:28:00','3619480','5','',''),
('3925279160858514','19:29:00','19:29:00','3619478','6','',''),
('3925279160858514','19:30:00','19:30:00','3619476','7','',''),
('3925279160858514','19:33:00','19:33:00','3619474','8','',''),
('4025278800858514','13:00:00','13:00:00','3619490','1','',''),
('4025278800858514','13:01:00','13:01:00','3619487','2','',''),
('4025278800858514','13:03:00','13:03:00','3619491','3','',''),
('4025278800858514','13:04:00','13:04:00','3619482','4','',''),
('4025278800858514','13:06:00','13:06:00','3619480','5','',''),
('4025278800858514','13:07:00','13:07:00','3619478','6','',''),
('4025278800858514','13:08:00','13:08:00','3619476','7','',''),
('4025278800858514','13:11:00','13:11:00','3619474','8','',''),
('4025279140858514','13:01:00','13:01:00','3619490','1','',''),
('4025279140858514','13:02:00','13:02:00','3619487','2','',''),
('4025279140858514','13:03:00','13:03:00','3619491','3','',''),
('4025279140858514','13:04:00','13:04:00','3619482','4','',''),
('4025279140858514','13:06:00','13:06:00','3619480','5','',''),
('4025279140858514','13:07:00','13:07:00','3619478','6','',''),
('4025279140858514','13:08:00','13:08:00','3619476','7','',''),
('4025279140858514','13:11:00','13:11:00','3619474','8','',''),
('4025279150858514','19:41:00','19:41:00','3619490','1','',''),
('4025279150858514','19:42:00','19:42:00','3619487','2','',''),
('4025279150858514','19:43:00','19:43:00','3619491','3','',''),
('4025279150858514','19:44:00','19:44:00','3619482','4','',''),
('4025279150858514','19:46:00','19:46:00','3619480','5','',''),
('4025279150858514','19:47:00','19:47:00','3619478','6','',''),
('4025279150858514','19:48:00','19:48:00','3619476','7','',''),
('4025279150858514','19:51:00','19:51:00','3619474','8','',''),
('4025279160858514','19:41:00','19:41:00','3619490','1','',''),
('4025279160858514','19:42:00','19:42:00','3619487','2','',''),
('4025279160858514','19:43:00','19:43:00','3619491','3','',''),
('4025279160858514','19:44:00','19:44:00','3619482','4','',''),
('4025279160858514','19:46:00','19:46:00','3619480','5','',''),
('4025279160858514','19:47:00','19:47:00','3619478','6','',''),
('4025279160858514','19:48:00','19:48:00','3619476','7','',''),
('4025279160858514','19:51:00','19:51:00','3619474','8','',''),
('4125278800858514','13:35:00','13:35:00','3619490','1','',''),
('4125278800858514','13:36:00','13:36:00','3619487','2','',''),
('4125278800858514','13:38:00','13:38:00','3619491','3','',''),
('4125278800858514','13:39:00','13:39:00','3619482','4','',''),
('4125278800858514','13:41:00','13:41:00','3619480','5','',''),
('4125278800858514','13:42:00','13:42:00','3619478','6','',''),
('4125278800858514','13:43:00','13:43:00','3619476','7','',''),
('4125278800858514','13:46:00','13:46:00','3619474','8','',''),
('4125279140858514','13:36:00','13:36:00','3619490','1','',''),
('4125279140858514','13:37:00','13:37:00','3619487','2','',''),
('4125279140858514','13:38:00','13:38:00','3619491','3','',''),
('4125279140858514','13:39:00','13:39:00','3619482','4','',''),
('4125279140858514','13:41:00','13:41:00','3619480','5','',''),
('4125279140858514','13:42:00','13:42:00','3619478','6','',''),
('4125279140858514','13:43:00','13:43:00','3619476','7','',''),
('4125279140858514','13:46:00','13:46:00','3619474','8','',''),
('4125279150858514','19:58:00','19:58:00','3619490','1','',''),
('4125279150858514','19:59:00','19:59:00','3619487','2','',''),
('4125279150858514','20:00:00','20:00:00','3619491','3','',''),
('4125279150858514','20:01:00','20:01:00','3619482','4','',''),
('4125279150858514','20:03:00','20:03:00','3619480','5','',''),
('4125279150858514','20:04:00','20:04:00','3619478','6','',''),
('4125279150858514','20:05:00','20:05:00','3619476','7','',''),
('4125279150858514','20:08:00','20:08:00','3619474','8','',''),
('4125279160858514','19:58:00','19:58:00','3619490','1','',''),
('4125279160858514','19:59:00','19:59:00','3619487','2','',''),
('4125279160858514','20:00:00','20:00:00','3619491','3','',''),
('4125279160858514','20:01:00','20:01:00','3619482','4','',''),
('4125279160858514','20:03:00','20:03:00','3619480','5','',''),
('4125279160858514','20:04:00','20:04:00','3619478','6','',''),
('4125279160858514','20:05:00','20:05:00','3619476','7','',''),
('4125279160858514','20:08:00','20:08:00','3619474','8','',''),
('4225278800858514','14:10:00','14:10:00','3619490','1','',''),
('4225278800858514','14:11:00','14:11:00','3619487','2','',''),
('4225278800858514','14:13:00','14:13:00','3619491','3','',''),
('4225278800858514','14:14:00','14:14:00','3619482','4','',''),
('4225278800858514','14:16:00','14:16:00','3619480','5','',''),
('4225278800858514','14:17:00','14:17:00','3619478','6','',''),
('4225278800858514','14:18:00','14:18:00','3619476','7','',''),
('4225278800858514','14:21:00','14:21:00','3619474','8','',''),
('4225279140858514','14:11:00','14:11:00','3619490','1','',''),
('4225279140858514','14:12:00','14:12:00','3619487','2','',''),
('4225279140858514','14:13:00','14:13:00','3619491','3','',''),
('4225279140858514','14:14:00','14:14:00','3619482','4','',''),
('4225279140858514','14:16:00','14:16:00','3619480','5','',''),
('4225279140858514','14:17:00','14:17:00','3619478','6','',''),
('4225279140858514','14:18:00','14:18:00','3619476','7','',''),
('4225279140858514','14:21:00','14:21:00','3619474','8','',''),
('4225279150858514','20:17:00','20:17:00','3619490','1','',''),
('4225279150858514','20:18:00','20:18:00','3619487','2','',''),
('4225279150858514','20:19:00','20:19:00','3619491','3','',''),
('4225279150858514','20:20:00','20:20:00','3619482','4','',''),
('4225279150858514','20:22:00','20:22:00','3619480','5','',''),
('4225279150858514','20:23:00','20:23:00','3619478','6','',''),
('4225279150858514','20:24:00','20:24:00','3619476','7','',''),
('4225279150858514','20:27:00','20:27:00','3619474','8','',''),
('4225279160858514','20:17:00','20:17:00','3619490','1','',''),
('4225279160858514','20:18:00','20:18:00','3619487','2','',''),
('4225279160858514','20:19:00','20:19:00','3619491','3','',''),
('4225279160858514','20:20:00','20:20:00','3619482','4','',''),
('4225279160858514','20:22:00','20:22:00','3619480','5','',''),
('4225279160858514','20:23:00','20:23:00','3619478','6','',''),
('4225279160858514','20:24:00','20:24:00','3619476','7','',''),
('4225279160858514','20:27:00','20:27:00','3619474','8','',''),
('425278800858514','06:08:00','06:08:00','3619490','1','',''),
('425278800858514','06:09:00','06:09:00','3619487','2','',''),
('425278800858514','06:10:00','06:10:00','3619491','3','',''),
('425278800858514','06:11:00','06:11:00','3619482','4','',''),
('425278800858514','06:13:00','06:13:00','3619480','5','',''),
('425278800858514','06:14:00','06:14:00','3619478','6','',''),
('425278800858514','06:16:00','06:16:00','3619476','7','',''),
('425278800858514','06:19:00','06:19:00','3619474','8','',''),
('425279140858514','06:05:00','06:05:00','3619490','1','',''),
('425279140858514','06:06:00','06:06:00','3619487','2','',''),
('425279140858514','06:07:00','06:07:00','3619491','3','',''),
('425279140858514','06:08:00','06:08:00','3619482','4','',''),
('425279140858514','06:10:00','06:10:00','3619480','5','',''),
('425279140858514','06:11:00','06:11:00','3619478','6','',''),
('425279140858514','06:12:00','06:12:00','3619476','7','',''),
('425279140858514','06:15:00','06:15:00','3619474','8','',''),
('425279150858514','06:48:00','06:48:00','3619490','1','',''),
('425279150858514','06:49:00','06:49:00','3619487','2','',''),
('425279150858514','06:50:00','06:50:00','3619491','3','',''),
('425279150858514','06:51:00','06:51:00','3619482','4','',''),
('425279150858514','06:53:00','06:53:00','3619480','5','',''),
('425279150858514','06:54:00','06:54:00','3619478','6','',''),
('425279150858514','06:55:00','06:55:00','3619476','7','',''),
('425279150858514','06:58:00','06:58:00','3619474','8','',''),
('425279160858514','06:48:00','06:48:00','3619490','1','',''),
('425279160858514','06:49:00','06:49:00','3619487','2','',''),
('425279160858514','06:50:00','06:50:00','3619491','3','',''),
('425279160858514','06:51:00','06:51:00','3619482','4','',''),
('425279160858514','06:53:00','06:53:00','3619480','5','',''),
('425279160858514','06:54:00','06:54:00','3619478','6','',''),
('425279160858514','06:55:00','06:55:00','3619476','7','',''),
('425279160858514','06:58:00','06:58:00','3619474','8','',''),
('4325278800858514','14:45:00','14:45:00','3619490','1','',''),
('4325278800858514','14:46:00','14:46:00','3619487','2','',''),
('4325278800858514','14:48:00','14:48:00','3619491','3','',''),
('4325278800858514','14:49:00','14:49:00','3619482','4','',''),
('4325278800858514','14:51:00','14:51:00','3619480','5','',''),
('4325278800858514','14:52:00','14:52:00','3619478','6','',''),
('4325278800858514','14:53:00','14:53:00','3619476','7','',''),
('4325278800858514','14:56:00','14:56:00','3619474','8','',''),
('4325279140858514','14:46:00','14:46:00','3619490','1','',''),
('4325279140858514','14:47:00','14:47:00','3619487','2','',''),
('4325279140858514','14:48:00','14:48:00','3619491','3','',''),
('4325279140858514','14:49:00','14:49:00','3619482','4','',''),
('4325279140858514','14:51:00','14:51:00','3619480','5','',''),
('4325279140858514','14:52:00','14:52:00','3619478','6','',''),
('4325279140858514','14:53:00','14:53:00','3619476','7','',''),
('4325279140858514','14:56:00','14:56:00','3619474','8','',''),
('4325279150858514','20:37:00','20:37:00','3619490','1','',''),
('4325279150858514','20:38:00','20:38:00','3619487','2','',''),
('4325279150858514','20:39:00','20:39:00','3619491','3','',''),
('4325279150858514','20:40:00','20:40:00','3619482','4','',''),
('4325279150858514','20:42:00','20:42:00','3619480','5','',''),
('4325279150858514','20:43:00','20:43:00','3619478','6','',''),
('4325279150858514','20:44:00','20:44:00','3619476','7','',''),
('4325279150858514','20:47:00','20:47:00','3619474','8','',''),
('4325279160858514','20:37:00','20:37:00','3619490','1','',''),
('4325279160858514','20:38:00','20:38:00','3619487','2','',''),
('4325279160858514','20:39:00','20:39:00','3619491','3','',''),
('4325279160858514','20:40:00','20:40:00','3619482','4','',''),
('4325279160858514','20:42:00','20:42:00','3619480','5','',''),
('4325279160858514','20:43:00','20:43:00','3619478','6','',''),
('4325279160858514','20:44:00','20:44:00','3619476','7','',''),
('4325279160858514','20:47:00','20:47:00','3619474','8','',''),
('4425278800858514','15:21:00','15:21:00','3619490','1','',''),
('4425278800858514','15:22:00','15:22:00','3619487','2','',''),
('4425278800858514','15:24:00','15:24:00','3619491','3','',''),
('4425278800858514','15:25:00','15:25:00','3619482','4','',''),
('4425278800858514','15:27:00','15:27:00','3619480','5','',''),
('4425278800858514','15:28:00','15:28:00','3619478','6','',''),
('4425278800858514','15:29:00','15:29:00','3619476','7','',''),
('4425278800858514','15:32:00','15:32:00','3619474','8','',''),
('4425279140858514','15:21:00','15:21:00','3619490','1','',''),
('4425279140858514','15:22:00','15:22:00','3619487','2','',''),
('4425279140858514','15:23:00','15:23:00','3619491','3','',''),
('4425279140858514','15:24:00','15:24:00','3619482','4','',''),
('4425279140858514','15:26:00','15:26:00','3619480','5','',''),
('4425279140858514','15:27:00','15:27:00','3619478','6','',''),
('4425279140858514','15:28:00','15:28:00','3619476','7','',''),
('4425279140858514','15:31:00','15:31:00','3619474','8','',''),
('4425279150858514','21:00:00','21:00:00','3619490','1','',''),
('4425279150858514','21:01:00','21:01:00','3619487','2','',''),
('4425279150858514','21:02:00','21:02:00','3619491','3','',''),
('4425279150858514','21:03:00','21:03:00','3619482','4','',''),
('4425279150858514','21:05:00','21:05:00','3619480','5','',''),
('4425279150858514','21:06:00','21:06:00','3619478','6','',''),
('4425279150858514','21:07:00','21:07:00','3619476','7','',''),
('4425279150858514','21:10:00','21:10:00','3619474','8','',''),
('4425279160858514','21:00:00','21:00:00','3619490','1','',''),
('4425279160858514','21:01:00','21:01:00','3619487','2','',''),
('4425279160858514','21:02:00','21:02:00','3619491','3','',''),
('4425279160858514','21:03:00','21:03:00','3619482','4','',''),
('4425279160858514','21:05:00','21:05:00','3619480','5','',''),
('4425279160858514','21:06:00','21:06:00','3619478','6','',''),
('4425279160858514','21:07:00','21:07:00','3619476','7','',''),
('4425279160858514','21:10:00','21:10:00','3619474','8','',''),
('4525278800858514','15:56:00','15:56:00','3619490','1','',''),
('4525278800858514','15:57:00','15:57:00','3619487','2','',''),
('4525278800858514','15:59:00','15:59:00','3619491','3','',''),
('4525278800858514','16:00:00','16:00:00','3619482','4','',''),
('4525278800858514','16:02:00','16:02:00','3619480','5','',''),
('4525278800858514','16:03:00','16:03:00','3619478','6','',''),
('4525278800858514','16:04:00','16:04:00','3619476','7','',''),
('4525278800858514','16:07:00','16:07:00','3619474','8','',''),
('4525279140858514','15:56:00','15:56:00','3619490','1','',''),
('4525279140858514','15:57:00','15:57:00','3619487','2','',''),
('4525279140858514','15:58:00','15:58:00','3619491','3','',''),
('4525279140858514','15:59:00','15:59:00','3619482','4','',''),
('4525279140858514','16:01:00','16:01:00','3619480','5','',''),
('4525279140858514','16:02:00','16:02:00','3619478','6','',''),
('4525279140858514','16:03:00','16:03:00','3619476','7','',''),
('4525279140858514','16:06:00','16:06:00','3619474','8','',''),
('4625278800858514','16:09:00','16:09:00','3619490','1','',''),
('4625278800858514','16:10:00','16:10:00','3619487','2','',''),
('4625278800858514','16:12:00','16:12:00','3619491','3','',''),
('4625278800858514','16:13:00','16:13:00','3619482','4','',''),
('4625278800858514','16:15:00','16:15:00','3619480','5','',''),
('4625278800858514','16:16:00','16:16:00','3619478','6','',''),
('4625278800858514','16:17:00','16:17:00','3619476','7','',''),
('4625278800858514','16:20:00','16:20:00','3619474','8','',''),
('4625279140858514','16:17:00','16:17:00','3619490','1','',''),
('4625279140858514','16:18:00','16:18:00','3619487','2','',''),
('4625279140858514','16:19:00','16:19:00','3619491','3','',''),
('4625279140858514','16:20:00','16:20:00','3619482','4','',''),
('4625279140858514','16:22:00','16:22:00','3619480','5','',''),
('4625279140858514','16:23:00','16:23:00','3619478','6','',''),
('4625279140858514','16:24:00','16:24:00','3619476','7','',''),
('4625279140858514','16:27:00','16:27:00','3619474','8','',''),
('4725278800858514','16:28:00','16:28:00','3619490','1','',''),
('4725278800858514','16:29:00','16:29:00','3619487','2','',''),
('4725278800858514','16:31:00','16:31:00','3619491','3','',''),
('4725278800858514','16:32:00','16:32:00','3619482','4','',''),
('4725278800858514','16:34:00','16:34:00','3619480','5','',''),
('4725278800858514','16:35:00','16:35:00','3619478','6','',''),
('4725278800858514','16:36:00','16:36:00','3619476','7','',''),
('4725278800858514','16:39:00','16:39:00','3619474','8','',''),
('4725279140858514','16:31:00','16:31:00','3619490','1','',''),
('4725279140858514','16:32:00','16:32:00','3619487','2','',''),
('4725279140858514','16:33:00','16:33:00','3619491','3','',''),
('4725279140858514','16:34:00','16:34:00','3619482','4','',''),
('4725279140858514','16:36:00','16:36:00','3619480','5','',''),
('4725279140858514','16:37:00','16:37:00','3619478','6','',''),
('4725279140858514','16:38:00','16:38:00','3619476','7','',''),
('4725279140858514','16:41:00','16:41:00','3619474','8','',''),
('4825278800858514','16:38:00','16:38:00','3619490','1','',''),
('4825278800858514','16:39:00','16:39:00','3619487','2','',''),
('4825278800858514','16:41:00','16:41:00','3619491','3','',''),
('4825278800858514','16:42:00','16:42:00','3619482','4','',''),
('4825278800858514','16:44:00','16:44:00','3619480','5','',''),
('4825278800858514','16:45:00','16:45:00','3619478','6','',''),
('4825278800858514','16:46:00','16:46:00','3619476','7','',''),
('4825278800858514','16:49:00','16:49:00','3619474','8','',''),
('4825279140858514','16:45:00','16:45:00','3619490','1','',''),
('4825279140858514','16:46:00','16:46:00','3619487','2','',''),
('4825279140858514','16:47:00','16:47:00','3619491','3','',''),
('4825279140858514','16:48:00','16:48:00','3619482','4','',''),
('4825279140858514','16:50:00','16:50:00','3619480','5','',''),
('4825279140858514','16:51:00','16:51:00','3619478','6','',''),
('4825279140858514','16:52:00','16:52:00','3619476','7','',''),
('4825279140858514','16:55:00','16:55:00','3619474','8','',''),
('4925278800858514','16:48:00','16:48:00','3619490','1','',''),
('4925278800858514','16:49:00','16:49:00','3619487','2','',''),
('4925278800858514','16:51:00','16:51:00','3619491','3','',''),
('4925278800858514','16:52:00','16:52:00','3619482','4','',''),
('4925278800858514','16:54:00','16:54:00','3619480','5','',''),
('4925278800858514','16:55:00','16:55:00','3619478','6','',''),
('4925278800858514','16:56:00','16:56:00','3619476','7','',''),
('4925278800858514','16:59:00','16:59:00','3619474','8','',''),
('4925279140858514','16:55:00','16:55:00','3619490','1','',''),
('4925279140858514','16:56:00','16:56:00','3619487','2','',''),
('4925279140858514','16:57:00','16:57:00','3619491','3','',''),
('4925279140858514','16:58:00','16:58:00','3619482','4','',''),
('4925279140858514','17:00:00','17:00:00','3619480','5','',''),
('4925279140858514','17:01:00','17:01:00','3619478','6','',''),
('4925279140858514','17:02:00','17:02:00','3619476','7','',''),
('4925279140858514','17:05:00','17:05:00','3619474','8','',''),
('5025278800858514','16:58:00','16:58:00','3619490','1','',''),
('5025278800858514','16:59:00','16:59:00','3619487','2','',''),
('5025278800858514','17:01:00','17:01:00','3619491','3','',''),
('5025278800858514','17:02:00','17:02:00','3619482','4','',''),
('5025278800858514','17:04:00','17:04:00','3619480','5','',''),
('5025278800858514','17:05:00','17:05:00','3619478','6','',''),
('5025278800858514','17:06:00','17:06:00','3619476','7','',''),
('5025278800858514','17:09:00','17:09:00','3619474','8','',''),
('5025279140858514','17:05:00','17:05:00','3619490','1','',''),
('5025279140858514','17:06:00','17:06:00','3619487','2','',''),
('5025279140858514','17:07:00','17:07:00','3619491','3','',''),
('5025279140858514','17:08:00','17:08:00','3619482','4','',''),
('5025279140858514','17:10:00','17:10:00','3619480','5','',''),
('5025279140858514','17:11:00','17:11:00','3619478','6','',''),
('5025279140858514','17:12:00','17:12:00','3619476','7','',''),
('5025279140858514','17:15:00','17:15:00','3619474','8','',''),
('5125278800858514','17:08:00','17:08:00','3619490','1','',''),
('5125278800858514','17:09:00','17:09:00','3619487','2','',''),
('5125278800858514','17:11:00','17:11:00','3619491','3','',''),
('5125278800858514','17:12:00','17:12:00','3619482','4','',''),
('5125278800858514','17:14:00','17:14:00','3619480','5','',''),
('5125278800858514','17:15:00','17:15:00','3619478','6','',''),
('5125278800858514','17:16:00','17:16:00','3619476','7','',''),
('5125278800858514','17:19:00','17:19:00','3619474','8','',''),
('5125279140858514','17:15:00','17:15:00','3619490','1','',''),
('5125279140858514','17:16:00','17:16:00','3619487','2','',''),
('5125279140858514','17:17:00','17:17:00','3619491','3','',''),
('5125279140858514','17:18:00','17:18:00','3619482','4','',''),
('5125279140858514','17:20:00','17:20:00','3619480','5','',''),
('5125279140858514','17:21:00','17:21:00','3619478','6','',''),
('5125279140858514','17:22:00','17:22:00','3619476','7','',''),
('5125279140858514','17:25:00','17:25:00','3619474','8','',''),
('5225278800858514','17:18:00','17:18:00','3619490','1','',''),
('5225278800858514','17:19:00','17:19:00','3619487','2','',''),
('5225278800858514','17:21:00','17:21:00','3619491','3','',''),
('5225278800858514','17:22:00','17:22:00','3619482','4','',''),
('5225278800858514','17:24:00','17:24:00','3619480','5','',''),
('5225278800858514','17:25:00','17:25:00','3619478','6','',''),
('5225278800858514','17:26:00','17:26:00','3619476','7','',''),
('5225278800858514','17:29:00','17:29:00','3619474','8','',''),
('5225279140858514','17:25:00','17:25:00','3619490','1','',''),
('5225279140858514','17:26:00','17:26:00','3619487','2','',''),
('5225279140858514','17:27:00','17:27:00','3619491','3','',''),
('5225279140858514','17:28:00','17:28:00','3619482','4','',''),
('5225279140858514','17:30:00','17:30:00','3619480','5','',''),
('5225279140858514','17:31:00','17:31:00','3619478','6','',''),
('5225279140858514','17:32:00','17:32:00','3619476','7','',''),
('5225279140858514','17:35:00','17:35:00','3619474','8','',''),
('525278800858514','06:20:00','06:20:00','3619490','1','',''),
('525278800858514','06:21:00','06:21:00','3619487','2','',''),
('525278800858514','06:22:00','06:22:00','3619491','3','',''),
('525278800858514','06:23:00','06:23:00','3619482','4','',''),
('525278800858514','06:25:00','06:25:00','3619480','5','',''),
('525278800858514','06:26:00','06:26:00','3619478','6','',''),
('525278800858514','06:28:00','06:28:00','3619476','7','',''),
('525278800858514','06:31:00','06:31:00','3619474','8','',''),
('525279140858514','06:21:00','06:21:00','3619490','1','',''),
('525279140858514','06:22:00','06:22:00','3619487','2','',''),
('525279140858514','06:23:00','06:23:00','3619491','3','',''),
('525279140858514','06:24:00','06:24:00','3619482','4','',''),
('525279140858514','06:26:00','06:26:00','3619480','5','',''),
('525279140858514','06:27:00','06:27:00','3619478','6','',''),
('525279140858514','06:28:00','06:28:00','3619476','7','',''),
('525279140858514','06:31:00','06:31:00','3619474','8','',''),
('525279150858514','07:05:00','07:05:00','3619490','1','',''),
('525279150858514','07:06:00','07:06:00','3619487','2','',''),
('525279150858514','07:07:00','07:07:00','3619491','3','',''),
('525279150858514','07:08:00','07:08:00','3619482','4','',''),
('525279150858514','07:10:00','07:10:00','3619480','5','',''),
('525279150858514','07:11:00','07:11:00','3619478','6','',''),
('525279150858514','07:12:00','07:12:00','3619476','7','',''),
('525279150858514','07:15:00','07:15:00','3619474','8','',''),
('525279160858514','07:05:00','07:05:00','3619490','1','',''),
('525279160858514','07:06:00','07:06:00','3619487','2','',''),
('525279160858514','07:07:00','07:07:00','3619491','3','',''),
('525279160858514','07:08:00','07:08:00','3619482','4','',''),
('525279160858514','07:10:00','07:10:00','3619480','5','',''),
('525279160858514','07:11:00','07:11:00','3619478','6','',''),
('525279160858514','07:12:00','07:12:00','3619476','7','',''),
('525279160858514','07:15:00','07:15:00','3619474','8','',''),
('5325278800858514','17:28:00','17:28:00','3619490','1','',''),
('5325278800858514','17:29:00','17:29:00','3619487','2','',''),
('5325278800858514','17:31:00','17:31:00','3619491','3','',''),
('5325278800858514','17:32:00','17:32:00','3619482','4','',''),
('5325278800858514','17:34:00','17:34:00','3619480','5','',''),
('5325278800858514','17:35:00','17:35:00','3619478','6','',''),
('5325278800858514','17:36:00','17:36:00','3619476','7','',''),
('5325278800858514','17:39:00','17:39:00','3619474','8','',''),
('5325279140858514','17:35:00','17:35:00','3619490','1','',''),
('5325279140858514','17:36:00','17:36:00','3619487','2','',''),
('5325279140858514','17:37:00','17:37:00','3619491','3','',''),
('5325279140858514','17:38:00','17:38:00','3619482','4','',''),
('5325279140858514','17:40:00','17:40:00','3619480','5','',''),
('5325279140858514','17:41:00','17:41:00','3619478','6','',''),
('5325279140858514','17:42:00','17:42:00','3619476','7','',''),
('5325279140858514','17:45:00','17:45:00','3619474','8','',''),
('5425278800858514','17:38:00','17:38:00','3619490','1','',''),
('5425278800858514','17:39:00','17:39:00','3619487','2','',''),
('5425278800858514','17:41:00','17:41:00','3619491','3','',''),
('5425278800858514','17:42:00','17:42:00','3619482','4','',''),
('5425278800858514','17:44:00','17:44:00','3619480','5','',''),
('5425278800858514','17:45:00','17:45:00','3619478','6','',''),
('5425278800858514','17:46:00','17:46:00','3619476','7','',''),
('5425278800858514','17:49:00','17:49:00','3619474','8','',''),
('5425279140858514','17:45:00','17:45:00','3619490','1','',''),
('5425279140858514','17:46:00','17:46:00','3619487','2','',''),
('5425279140858514','17:47:00','17:47:00','3619491','3','',''),
('5425279140858514','17:48:00','17:48:00','3619482','4','',''),
('5425279140858514','17:50:00','17:50:00','3619480','5','',''),
('5425279140858514','17:51:00','17:51:00','3619478','6','',''),
('5425279140858514','17:52:00','17:52:00','3619476','7','',''),
('5425279140858514','17:55:00','17:55:00','3619474','8','',''),
('5525278800858514','17:48:00','17:48:00','3619490','1','',''),
('5525278800858514','17:49:00','17:49:00','3619487','2','',''),
('5525278800858514','17:51:00','17:51:00','3619491','3','',''),
('5525278800858514','17:52:00','17:52:00','3619482','4','',''),
('5525278800858514','17:54:00','17:54:00','3619480','5','',''),
('5525278800858514','17:55:00','17:55:00','3619478','6','',''),
('5525278800858514','17:56:00','17:56:00','3619476','7','',''),
('5525278800858514','17:59:00','17:59:00','3619474','8','',''),
('5525279140858514','17:55:00','17:55:00','3619490','1','',''),
('5525279140858514','17:56:00','17:56:00','3619487','2','',''),
('5525279140858514','17:57:00','17:57:00','3619491','3','',''),
('5525279140858514','17:58:00','17:58:00','3619482','4','',''),
('5525279140858514','18:00:00','18:00:00','3619480','5','',''),
('5525279140858514','18:01:00','18:01:00','3619478','6','',''),
('5525279140858514','18:02:00','18:02:00','3619476','7','',''),
('5525279140858514','18:05:00','18:05:00','3619474','8','',''),
('5625278800858514','17:58:00','17:58:00','3619490','1','',''),
('5625278800858514','17:59:00','17:59:00','3619487','2','',''),
('5625278800858514','18:01:00','18:01:00','3619491','3','',''),
('5625278800858514','18:02:00','18:02:00','3619482','4','',''),
('5625278800858514','18:04:00','18:04:00','3619480','5','',''),
('5625278800858514','18:05:00','18:05:00','3619478','6','',''),
('5625278800858514','18:06:00','18:06:00','3619476','7','',''),
('5625278800858514','18:09:00','18:09:00','3619474','8','',''),
('5625279140858514','18:05:00','18:05:00','3619490','1','',''),
('5625279140858514','18:06:00','18:06:00','3619487','2','',''),
('5625279140858514','18:07:00','18:07:00','3619491','3','',''),
('5625279140858514','18:08:00','18:08:00','3619482','4','',''),
('5625279140858514','18:10:00','18:10:00','3619480','5','',''),
('5625279140858514','18:11:00','18:11:00','3619478','6','',''),
('5625279140858514','18:12:00','18:12:00','3619476','7','',''),
('5625279140858514','18:15:00','18:15:00','3619474','8','',''),
('5725278800858514','18:08:00','18:08:00','3619490','1','',''),
('5725278800858514','18:09:00','18:09:00','3619487','2','',''),
('5725278800858514','18:11:00','18:11:00','3619491','3','',''),
('5725278800858514','18:12:00','18:12:00','3619482','4','',''),
('5725278800858514','18:14:00','18:14:00','3619480','5','',''),
('5725278800858514','18:15:00','18:15:00','3619478','6','',''),
('5725278800858514','18:16:00','18:16:00','3619476','7','',''),
('5725278800858514','18:19:00','18:19:00','3619474','8','',''),
('5725279140858514','18:15:00','18:15:00','3619490','1','',''),
('5725279140858514','18:16:00','18:16:00','3619487','2','',''),
('5725279140858514','18:17:00','18:17:00','3619491','3','',''),
('5725279140858514','18:18:00','18:18:00','3619482','4','',''),
('5725279140858514','18:20:00','18:20:00','3619480','5','',''),
('5725279140858514','18:21:00','18:21:00','3619478','6','',''),
('5725279140858514','18:22:00','18:22:00','3619476','7','',''),
('5725279140858514','18:25:00','18:25:00','3619474','8','',''),
('5825278800858514','18:18:00','18:18:00','3619490','1','',''),
('5825278800858514','18:19:00','18:19:00','3619487','2','',''),
('5825278800858514','18:21:00','18:21:00','3619491','3','',''),
('5825278800858514','18:22:00','18:22:00','3619482','4','',''),
('5825278800858514','18:24:00','18:24:00','3619480','5','',''),
('5825278800858514','18:25:00','18:25:00','3619478','6','',''),
('5825278800858514','18:26:00','18:26:00','3619476','7','',''),
('5825278800858514','18:29:00','18:29:00','3619474','8','',''),
('5825279140858514','18:24:00','18:24:00','3619490','1','',''),
('5825279140858514','18:25:00','18:25:00','3619487','2','',''),
('5825279140858514','18:26:00','18:26:00','3619491','3','',''),
('5825279140858514','18:27:00','18:27:00','3619482','4','',''),
('5825279140858514','18:29:00','18:29:00','3619480','5','',''),
('5825279140858514','18:30:00','18:30:00','3619478','6','',''),
('5825279140858514','18:31:00','18:31:00','3619476','7','',''),
('5825279140858514','18:34:00','18:34:00','3619474','8','',''),
('5925278800858514','18:28:00','18:28:00','3619490','1','',''),
('5925278800858514','18:29:00','18:29:00','3619487','2','',''),
('5925278800858514','18:31:00','18:31:00','3619491','3','',''),
('5925278800858514','18:32:00','18:32:00','3619482','4','',''),
('5925278800858514','18:34:00','18:34:00','3619480','5','',''),
('5925278800858514','18:35:00','18:35:00','3619478','6','',''),
('5925278800858514','18:36:00','18:36:00','3619476','7','',''),
('5925278800858514','18:39:00','18:39:00','3619474','8','',''),
('5925279140858514','18:33:00','18:33:00','3619490','1','',''),
('5925279140858514','18:34:00','18:34:00','3619487','2','',''),
('5925279140858514','18:35:00','18:35:00','3619491','3','',''),
('5925279140858514','18:36:00','18:36:00','3619482','4','',''),
('5925279140858514','18:38:00','18:38:00','3619480','5','',''),
('5925279140858514','18:39:00','18:39:00','3619478','6','',''),
('5925279140858514','18:40:00','18:40:00','3619476','7','',''),
('5925279140858514','18:43:00','18:43:00','3619474','8','',''),
('6025278800858514','18:38:00','18:38:00','3619490','1','',''),
('6025278800858514','18:39:00','18:39:00','3619487','2','',''),
('6025278800858514','18:41:00','18:41:00','3619491','3','',''),
('6025278800858514','18:42:00','18:42:00','3619482','4','',''),
('6025278800858514','18:44:00','18:44:00','3619480','5','',''),
('6025278800858514','18:45:00','18:45:00','3619478','6','',''),
('6025278800858514','18:46:00','18:46:00','3619476','7','',''),
('6025278800858514','18:49:00','18:49:00','3619474','8','',''),
('6025279140858514','18:42:00','18:42:00','3619490','1','',''),
('6025279140858514','18:43:00','18:43:00','3619487','2','',''),
('6025279140858514','18:44:00','18:44:00','3619491','3','',''),
('6025279140858514','18:45:00','18:45:00','3619482','4','',''),
('6025279140858514','18:47:00','18:47:00','3619480','5','',''),
('6025279140858514','18:48:00','18:48:00','3619478','6','',''),
('6025279140858514','18:49:00','18:49:00','3619476','7','',''),
('6025279140858514','18:52:00','18:52:00','3619474','8','',''),
('6125278800858514','18:48:00','18:48:00','3619490','1','',''),
('6125278800858514','18:49:00','18:49:00','3619487','2','',''),
('6125278800858514','18:51:00','18:51:00','3619491','3','',''),
('6125278800858514','18:52:00','18:52:00','3619482','4','',''),
('6125278800858514','18:54:00','18:54:00','3619480','5','',''),
('6125278800858514','18:55:00','18:55:00','3619478','6','',''),
('6125278800858514','18:56:00','18:56:00','3619476','7','',''),
('6125278800858514','18:59:00','18:59:00','3619474','8','',''),
('6125279140858514','18:52:00','18:52:00','3619490','1','',''),
('6125279140858514','18:53:00','18:53:00','3619487','2','',''),
('6125279140858514','18:54:00','18:54:00','3619491','3','',''),
('6125279140858514','18:55:00','18:55:00','3619482','4','',''),
('6125279140858514','18:57:00','18:57:00','3619480','5','',''),
('6125279140858514','18:58:00','18:58:00','3619478','6','',''),
('6125279140858514','18:59:00','18:59:00','3619476','7','',''),
('6125279140858514','19:02:00','19:02:00','3619474','8','',''),
('6225278800858514','18:58:00','18:58:00','3619490','1','',''),
('6225278800858514','18:59:00','18:59:00','3619487','2','',''),
('6225278800858514','19:01:00','19:01:00','3619491','3','',''),
('6225278800858514','19:02:00','19:02:00','3619482','4','',''),
('6225278800858514','19:04:00','19:04:00','3619480','5','',''),
('6225278800858514','19:05:00','19:05:00','3619478','6','',''),
('6225278800858514','19:06:00','19:06:00','3619476','7','',''),
('6225278800858514','19:08:00','19:08:00','3619474','8','',''),
('6225279140858514','19:02:00','19:02:00','3619490','1','',''),
('6225279140858514','19:03:00','19:03:00','3619487','2','',''),
('6225279140858514','19:04:00','19:04:00','3619491','3','',''),
('6225279140858514','19:05:00','19:05:00','3619482','4','',''),
('6225279140858514','19:07:00','19:07:00','3619480','5','',''),
('6225279140858514','19:08:00','19:08:00','3619478','6','',''),
('6225279140858514','19:09:00','19:09:00','3619476','7','',''),
('6225279140858514','19:12:00','19:12:00','3619474','8','',''),
('625278800858514','06:28:00','06:28:00','3619490','1','',''),
('625278800858514','06:29:00','06:29:00','3619487','2','',''),
('625278800858514','06:30:00','06:30:00','3619491','3','',''),
('625278800858514','06:31:00','06:31:00','3619482','4','',''),
('625278800858514','06:33:00','06:33:00','3619480','5','',''),
('625278800858514','06:34:00','06:34:00','3619478','6','',''),
('625278800858514','06:36:00','06:36:00','3619476','7','',''),
('625278800858514','06:39:00','06:39:00','3619474','8','',''),
('625279140858514','06:29:00','06:29:00','3619490','1','',''),
('625279140858514','06:30:00','06:30:00','3619487','2','',''),
('625279140858514','06:31:00','06:31:00','3619491','3','',''),
('625279140858514','06:32:00','06:32:00','3619482','4','',''),
('625279140858514','06:34:00','06:34:00','3619480','5','',''),
('625279140858514','06:35:00','06:35:00','3619478','6','',''),
('625279140858514','06:36:00','06:36:00','3619476','7','',''),
('625279140858514','06:40:00','06:40:00','3619474','8','',''),
('625279150858514','07:21:00','07:21:00','3619490','1','',''),
('625279150858514','07:22:00','07:22:00','3619487','2','',''),
('625279150858514','07:23:00','07:23:00','3619491','3','',''),
('625279150858514','07:24:00','07:24:00','3619482','4','',''),
('625279150858514','07:26:00','07:26:00','3619480','5','',''),
('625279150858514','07:27:00','07:27:00','3619478','6','',''),
('625279150858514','07:28:00','07:28:00','3619476','7','',''),
('625279150858514','07:31:00','07:31:00','3619474','8','',''),
('625279160858514','07:21:00','07:21:00','3619490','1','',''),
('625279160858514','07:22:00','07:22:00','3619487','2','',''),
('625279160858514','07:23:00','07:23:00','3619491','3','',''),
('625279160858514','07:24:00','07:24:00','3619482','4','',''),
('625279160858514','07:26:00','07:26:00','3619480','5','',''),
('625279160858514','07:27:00','07:27:00','3619478','6','',''),
('625279160858514','07:28:00','07:28:00','3619476','7','',''),
('625279160858514','07:31:00','07:31:00','3619474','8','',''),
('6325278800858514','19:08:00','19:08:00','3619490','1','',''),
('6325278800858514','19:09:00','19:09:00','3619487','2','',''),
('6325278800858514','19:11:00','19:11:00','3619491','3','',''),
('6325278800858514','19:12:00','19:12:00','3619482','4','',''),
('6325278800858514','19:14:00','19:14:00','3619480','5','',''),
('6325278800858514','19:15:00','19:15:00','3619478','6','',''),
('6325278800858514','19:16:00','19:16:00','3619476','7','',''),
('6325278800858514','19:18:00','19:18:00','3619474','8','',''),
('6325279140858514','19:12:00','19:12:00','3619490','1','',''),
('6325279140858514','19:13:00','19:13:00','3619487','2','',''),
('6325279140858514','19:14:00','19:14:00','3619491','3','',''),
('6325279140858514','19:15:00','19:15:00','3619482','4','',''),
('6325279140858514','19:17:00','19:17:00','3619480','5','',''),
('6325279140858514','19:18:00','19:18:00','3619478','6','',''),
('6325279140858514','19:19:00','19:19:00','3619476','7','',''),
('6325279140858514','19:22:00','19:22:00','3619474','8','',''),
('6425278800858514','19:18:00','19:18:00','3619490','1','',''),
('6425278800858514','19:19:00','19:19:00','3619487','2','',''),
('6425278800858514','19:21:00','19:21:00','3619491','3','',''),
('6425278800858514','19:22:00','19:22:00','3619482','4','',''),
('6425278800858514','19:24:00','19:24:00','3619480','5','',''),
('6425278800858514','19:25:00','19:25:00','3619478','6','',''),
('6425278800858514','19:26:00','19:26:00','3619476','7','',''),
('6425278800858514','19:28:00','19:28:00','3619474','8','',''),
('6425279140858514','19:22:00','19:22:00','3619490','1','',''),
('6425279140858514','19:23:00','19:23:00','3619487','2','',''),
('6425279140858514','19:24:00','19:24:00','3619491','3','',''),
('6425279140858514','19:25:00','19:25:00','3619482','4','',''),
('6425279140858514','19:27:00','19:27:00','3619480','5','',''),
('6425279140858514','19:28:00','19:28:00','3619478','6','',''),
('6425279140858514','19:29:00','19:29:00','3619476','7','',''),
('6425279140858514','19:32:00','19:32:00','3619474','8','',''),
('6525278800858514','19:28:00','19:28:00','3619490','1','',''),
('6525278800858514','19:29:00','19:29:00','3619487','2','',''),
('6525278800858514','19:31:00','19:31:00','3619491','3','',''),
('6525278800858514','19:32:00','19:32:00','3619482','4','',''),
('6525278800858514','19:34:00','19:34:00','3619480','5','',''),
('6525278800858514','19:35:00','19:35:00','3619478','6','',''),
('6525278800858514','19:36:00','19:36:00','3619476','7','',''),
('6525278800858514','19:38:00','19:38:00','3619474','8','',''),
('6525279140858514','19:35:00','19:35:00','3619490','1','',''),
('6525279140858514','19:36:00','19:36:00','3619487','2','',''),
('6525279140858514','19:37:00','19:37:00','3619491','3','',''),
('6525279140858514','19:38:00','19:38:00','3619482','4','',''),
('6525279140858514','19:40:00','19:40:00','3619480','5','',''),
('6525279140858514','19:41:00','19:41:00','3619478','6','',''),
('6525279140858514','19:42:00','19:42:00','3619476','7','',''),
('6525279140858514','19:45:00','19:45:00','3619474','8','',''),
('6625278800858514','19:38:00','19:38:00','3619490','1','',''),
('6625278800858514','19:39:00','19:39:00','3619487','2','',''),
('6625278800858514','19:41:00','19:41:00','3619491','3','',''),
('6625278800858514','19:42:00','19:42:00','3619482','4','',''),
('6625278800858514','19:44:00','19:44:00','3619480','5','',''),
('6625278800858514','19:45:00','19:45:00','3619478','6','',''),
('6625278800858514','19:46:00','19:46:00','3619476','7','',''),
('6625278800858514','19:48:00','19:48:00','3619474','8','',''),
('6625279140858514','19:49:00','19:49:00','3619490','1','',''),
('6625279140858514','19:50:00','19:50:00','3619487','2','',''),
('6625279140858514','19:51:00','19:51:00','3619491','3','',''),
('6625279140858514','19:52:00','19:52:00','3619482','4','',''),
('6625279140858514','19:54:00','19:54:00','3619480','5','',''),
('6625279140858514','19:55:00','19:55:00','3619478','6','',''),
('6625279140858514','19:56:00','19:56:00','3619476','7','',''),
('6625279140858514','19:59:00','19:59:00','3619474','8','',''),
('6725278800858514','19:48:00','19:48:00','3619490','1','',''),
('6725278800858514','19:49:00','19:49:00','3619487','2','',''),
('6725278800858514','19:51:00','19:51:00','3619491','3','',''),
('6725278800858514','19:52:00','19:52:00','3619482','4','',''),
('6725278800858514','19:54:00','19:54:00','3619480','5','',''),
('6725278800858514','19:55:00','19:55:00','3619478','6','',''),
('6725278800858514','19:56:00','19:56:00','3619476','7','',''),
('6725278800858514','19:58:00','19:58:00','3619474','8','',''),
('6725279140858514','20:07:00','20:07:00','3619490','1','',''),
('6725279140858514','20:08:00','20:08:00','3619487','2','',''),
('6725279140858514','20:09:00','20:09:00','3619491','3','',''),
('6725279140858514','20:10:00','20:10:00','3619482','4','',''),
('6725279140858514','20:12:00','20:12:00','3619480','5','',''),
('6725279140858514','20:13:00','20:13:00','3619478','6','',''),
('6725279140858514','20:14:00','20:14:00','3619476','7','',''),
('6725279140858514','20:17:00','20:17:00','3619474','8','',''),
('6825278800858514','20:07:00','20:07:00','3619490','1','',''),
('6825278800858514','20:08:00','20:08:00','3619487','2','',''),
('6825278800858514','20:10:00','20:10:00','3619491','3','',''),
('6825278800858514','20:11:00','20:11:00','3619482','4','',''),
('6825278800858514','20:13:00','20:13:00','3619480','5','',''),
('6825278800858514','20:14:00','20:14:00','3619478','6','',''),
('6825278800858514','20:15:00','20:15:00','3619476','7','',''),
('6825278800858514','20:17:00','20:17:00','3619474','8','',''),
('6825279140858514','20:24:00','20:24:00','3619490','1','',''),
('6825279140858514','20:25:00','20:25:00','3619487','2','',''),
('6825279140858514','20:26:00','20:26:00','3619491','3','',''),
('6825279140858514','20:27:00','20:27:00','3619482','4','',''),
('6825279140858514','20:29:00','20:29:00','3619480','5','',''),
('6825279140858514','20:30:00','20:30:00','3619478','6','',''),
('6825279140858514','20:31:00','20:31:00','3619476','7','',''),
('6825279140858514','20:34:00','20:34:00','3619474','8','',''),
('6925278800858514','20:24:00','20:24:00','3619490','1','',''),
('6925278800858514','20:25:00','20:25:00','3619487','2','',''),
('6925278800858514','20:27:00','20:27:00','3619491','3','',''),
('6925278800858514','20:28:00','20:28:00','3619482','4','',''),
('6925278800858514','20:30:00','20:30:00','3619480','5','',''),
('6925278800858514','20:31:00','20:31:00','3619478','6','',''),
('6925278800858514','20:32:00','20:32:00','3619476','7','',''),
('6925278800858514','20:34:00','20:34:00','3619474','8','',''),
('6925279140858514','20:42:00','20:42:00','3619490','1','',''),
('6925279140858514','20:43:00','20:43:00','3619487','2','',''),
('6925279140858514','20:44:00','20:44:00','3619491','3','',''),
('6925279140858514','20:45:00','20:45:00','3619482','4','',''),
('6925279140858514','20:47:00','20:47:00','3619480','5','',''),
('6925279140858514','20:48:00','20:48:00','3619478','6','',''),
('6925279140858514','20:49:00','20:49:00','3619476','7','',''),
('6925279140858514','20:52:00','20:52:00','3619474','8','',''),
('7025278800858514','20:42:00','20:42:00','3619490','1','',''),
('7025278800858514','20:43:00','20:43:00','3619487','2','',''),
('7025278800858514','20:45:00','20:45:00','3619491','3','',''),
('7025278800858514','20:46:00','20:46:00','3619482','4','',''),
('7025278800858514','20:48:00','20:48:00','3619480','5','',''),
('7025278800858514','20:49:00','20:49:00','3619478','6','',''),
('7025278800858514','20:50:00','20:50:00','3619476','7','',''),
('7025278800858514','20:52:00','20:52:00','3619474','8','',''),
('7025279140858514','21:00:00','21:00:00','3619490','1','',''),
('7025279140858514','21:01:00','21:01:00','3619487','2','',''),
('7025279140858514','21:02:00','21:02:00','3619491','3','',''),
('7025279140858514','21:03:00','21:03:00','3619482','4','',''),
('7025279140858514','21:05:00','21:05:00','3619480','5','',''),
('7025279140858514','21:06:00','21:06:00','3619478','6','',''),
('7025279140858514','21:07:00','21:07:00','3619476','7','',''),
('7025279140858514','21:10:00','21:10:00','3619474','8','',''),
('7125278800858514','21:00:00','21:00:00','3619490','1','',''),
('7125278800858514','21:01:00','21:01:00','3619487','2','',''),
('7125278800858514','21:03:00','21:03:00','3619491','3','',''),
('7125278800858514','21:04:00','21:04:00','3619482','4','',''),
('7125278800858514','21:06:00','21:06:00','3619480','5','',''),
('7125278800858514','21:07:00','21:07:00','3619478','6','',''),
('7125278800858514','21:08:00','21:08:00','3619476','7','',''),
('7125278800858514','21:10:00','21:10:00','3619474','8','',''),
('725278800858514','06:36:00','06:36:00','3619490','1','',''),
('725278800858514','06:37:00','06:37:00','3619487','2','',''),
('725278800858514','06:38:00','06:38:00','3619491','3','',''),
('725278800858514','06:39:00','06:39:00','3619482','4','',''),
('725278800858514','06:41:00','06:41:00','3619480','5','',''),
('725278800858514','06:42:00','06:42:00','3619478','6','',''),
('725278800858514','06:44:00','06:44:00','3619476','7','',''),
('725278800858514','06:47:00','06:47:00','3619474','8','',''),
('725279140858514','06:39:00','06:39:00','3619490','1','',''),
('725279140858514','06:40:00','06:40:00','3619487','2','',''),
('725279140858514','06:41:00','06:41:00','3619491','3','',''),
('725279140858514','06:42:00','06:42:00','3619482','4','',''),
('725279140858514','06:44:00','06:44:00','3619480','5','',''),
('725279140858514','06:45:00','06:45:00','3619478','6','',''),
('725279140858514','06:46:00','06:46:00','3619476','7','',''),
('725279140858514','06:50:00','06:50:00','3619474','8','',''),
('725279150858514','07:38:00','07:38:00','3619490','1','',''),
('725279150858514','07:39:00','07:39:00','3619487','2','',''),
('725279150858514','07:40:00','07:40:00','3619491','3','',''),
('725279150858514','07:41:00','07:41:00','3619482','4','',''),
('725279150858514','07:43:00','07:43:00','3619480','5','',''),
('725279150858514','07:44:00','07:44:00','3619478','6','',''),
('725279150858514','07:45:00','07:45:00','3619476','7','',''),
('725279150858514','07:48:00','07:48:00','3619474','8','',''),
('725279160858514','07:38:00','07:38:00','3619490','1','',''),
('725279160858514','07:39:00','07:39:00','3619487','2','',''),
('725279160858514','07:40:00','07:40:00','3619491','3','',''),
('725279160858514','07:41:00','07:41:00','3619482','4','',''),
('725279160858514','07:43:00','07:43:00','3619480','5','',''),
('725279160858514','07:44:00','07:44:00','3619478','6','',''),
('725279160858514','07:45:00','07:45:00','3619476','7','',''),
('725279160858514','07:48:00','07:48:00','3619474','8','',''),
('825278800858514','06:44:00','06:44:00','3619490','1','',''),
('825278800858514','06:45:00','06:45:00','3619487','2','',''),
('825278800858514','06:46:00','06:46:00','3619491','3','',''),
('825278800858514','06:47:00','06:47:00','3619482','4','',''),
('825278800858514','06:49:00','06:49:00','3619480','5','',''),
('825278800858514','06:50:00','06:50:00','3619478','6','',''),
('825278800858514','06:52:00','06:52:00','3619476','7','',''),
('825278800858514','06:55:00','06:55:00','3619474','8','',''),
('825279140858514','06:47:00','06:47:00','3619490','1','',''),
('825279140858514','06:48:00','06:48:00','3619487','2','',''),
('825279140858514','06:49:00','06:49:00','3619491','3','',''),
('825279140858514','06:50:00','06:50:00','3619482','4','',''),
('825279140858514','06:52:00','06:52:00','3619480','5','',''),
('825279140858514','06:53:00','06:53:00','3619478','6','',''),
('825279140858514','06:54:00','06:54:00','3619476','7','',''),
('825279140858514','06:58:00','06:58:00','3619474','8','',''),
('825279150858514','07:55:00','07:55:00','3619490','1','',''),
('825279150858514','07:56:00','07:56:00','3619487','2','',''),
('825279150858514','07:57:00','07:57:00','3619491','3','',''),
('825279150858514','07:58:00','07:58:00','3619482','4','',''),
('825279150858514','08:00:00','08:00:00','3619480','5','',''),
('825279150858514','08:01:00','08:01:00','3619478','6','',''),
('825279150858514','08:02:00','08:02:00','3619476','7','',''),
('825279150858514','08:05:00','08:05:00','3619474','8','',''),
('825279160858514','07:55:00','07:55:00','3619490','1','',''),
('825279160858514','07:56:00','07:56:00','3619487','2','',''),
('825279160858514','07:57:00','07:57:00','3619491','3','',''),
('825279160858514','07:58:00','07:58:00','3619482','4','',''),
('825279160858514','08:00:00','08:00:00','3619480','5','',''),
('825279160858514','08:01:00','08:01:00','3619478','6','',''),
('825279160858514','08:02:00','08:02:00','3619476','7','',''),
('825279160858514','08:05:00','08:05:00','3619474','8','',''),
('925278800858514','06:52:00','06:52:00','3619490','1','',''),
('925278800858514','06:53:00','06:53:00','3619487','2','',''),
('925278800858514','06:54:00','06:54:00','3619491','3','',''),
('925278800858514','06:55:00','06:55:00','3619482','4','',''),
('925278800858514','06:57:00','06:57:00','3619480','5','',''),
('925278800858514','06:59:00','06:59:00','3619478','6','',''),
('925278800858514','07:01:00','07:01:00','3619476','7','',''),
('925278800858514','07:04:00','07:04:00','3619474','8','',''),
('925279140858514','06:55:00','06:55:00','3619490','1','',''),
('925279140858514','06:56:00','06:56:00','3619487','2','',''),
('925279140858514','06:57:00','06:57:00','3619491','3','',''),
('925279140858514','06:58:00','06:58:00','3619482','4','',''),
('925279140858514','07:00:00','07:00:00','3619480','5','',''),
('925279140858514','07:01:00','07:01:00','3619478','6','',''),
('925279140858514','07:02:00','07:02:00','3619476','7','',''),
('925279140858514','07:06:00','07:06:00','3619474','8','',''),
('925279150858514','08:12:00','08:12:00','3619490','1','',''),
('925279150858514','08:13:00','08:13:00','3619487','2','',''),
('925279150858514','08:14:00','08:14:00','3619491','3','',''),
('925279150858514','08:15:00','08:15:00','3619482','4','',''),
('925279150858514','08:17:00','08:17:00','3619480','5','',''),
('925279150858514','08:18:00','08:18:00','3619478','6','',''),
('925279150858514','08:19:00','08:19:00','3619476','7','',''),
('925279150858514','08:22:00','08:22:00','3619474','8','',''),
('925279160858514','08:12:00','08:12:00','3619490','1','',''),
('925279160858514','08:13:00','08:13:00','3619487','2','',''),
('925279160858514','08:14:00','08:14:00','3619491','3','',''),
('925279160858514','08:15:00','08:15:00','3619482','4','',''),
('925279160858514','08:17:00','08:17:00','3619480','5','',''),
('925279160858514','08:18:00','08:18:00','3619478','6','',''),
('925279160858514','08:19:00','08:19:00','3619476','7','',''),
('925279160858514','08:22:00','08:22:00','3619474','8','',''),
('125278800858517','19:57:00','19:57:00','3619490','1','',''),
('125278800858517','19:58:00','19:58:00','3619487','2','',''),
('125278800858517','20:00:00','20:00:00','3619491','3','',''),
('125278800858517','20:01:00','20:01:00','3619482','4','','');
INSERT INTO calendar (service_id,monday,tuesday,wednesday,thursday,friday,saturday,sunday,start_date,end_date) VALUES
('2527916','0','0','0','0','0','0','0','20171223','20180428'),
('2527915','0','0','0','0','0','0','0','20180113','20180407'),
('2527914','0','0','0','0','0','0','0','20171226','20180427'),
('2527880','0','0','0','0','0','0','0','20171221','20180430');
INSERT INTO calendar_dates (service_id,date,exception_type) VALUES
('2527916','20171223','1'),
('2527916','20171230','1'),
('2527916','20180106','1'),
('2527916','20180217','1'),
('2527916','20180224','1'),
('2527916','20180303','1'),
('2527916','20180414','1'),
('2527916','20180421','1'),
('2527916','20180428','1'),
('2527915','20180113','1'),
('2527915','20180120','1'),
('2527915','20180127','1'),
('2527915','20180203','1'),
('2527915','20180210','1'),
('2527915','20180310','1'),
('2527915','20180317','1'),
('2527915','20180324','1'),
('2527915','20180331','1'),
('2527915','20180407','1'),
('2527914','20171226','1'),
('2527914','20171227','1'),
('2527914','20171228','1'),
('2527914','20171229','1'),
('2527914','20180102','1'),
('2527914','20180103','1'),
('2527914','20180104','1'),
('2527914','20180105','1'),
('2527914','20180219','1'),
('2527914','20180220','1'),
('2527914','20180221','1'),
('2527914','20180222','1'),
('2527914','20180223','1'),
('2527914','20180226','1'),
('2527914','20180227','1'),
('2527914','20180228','1'),
('2527914','20180301','1'),
('2527914','20180302','1'),
('2527914','20180416','1'),
('2527914','20180417','1'),
('2527914','20180418','1'),
('2527914','20180419','1'),
('2527914','20180420','1'),
('2527914','20180423','1'),
('2527914','20180424','1'),
('2527914','20180425','1'),
('2527914','20180426','1'),
('2527914','20180427','1'),
('2527880','20171221','1'),
('2527880','20171222','1'),
('2527880','20180108','1'),
('2527880','20180109','1'),
('2527880','20180110','1'),
('2527880','20180111','1'),
('2527880','20180112','1'),
('2527880','20180115','1'),
('2527880','20180116','1'),
('2527880','20180117','1'),
('2527880','20180118','1'),
('2527880','20180119','1'),
('2527880','20180122','1'),
('2527880','20180123','1'),
('2527880','20180124','1'),
('2527880','20180125','1'),
('2527880','20180126','1'),
('2527880','20180129','1'),
('2527880','20180130','1'),
('2527880','20180131','1'),
('2527880','20180201','1'),
('2527880','20180202','1'),
('2527880','20180205','1'),
('2527880','20180206','1'),
('2527880','20180207','1'),
('2527880','20180208','1'),
('2527880','20180209','1'),
('2527880','20180212','1'),
('2527880','20180213','1'),
('2527880','20180214','1'),
('2527880','20180215','1'),
('2527880','20180216','1'),
('2527880','20180305','1'),
('2527880','20180306','1'),
('2527880','20180307','1'),
('2527880','20180308','1'),
('2527880','20180309','1'),
('2527880','20180312','1'),
('2527880','20180313','1'),
('2527880','20180314','1'),
('2527880','20180315','1'),
('2527880','20180316','1'),
('2527880','20180319','1'),
('2527880','20180320','1'),
('2527880','20180321','1'),
('2527880','20180322','1'),
('2527880','20180323','1'),
('2527880','20180326','1'),
('2527880','20180327','1'),
('2527880','20180328','1'),
('2527880','20180329','1'),
('2527880','20180330','1'),
('2527880','20180403','1'),
('2527880','20180404','1'),
('2527880','20180405','1'),
('2527880','20180406','1'),
('2527880','20180409','1'),
('2527880','20180410','1'),
('2527880','20180411','1'),
('2527880','20180412','1'),
('2527880','20180413','1'),
('2527880','20180430','1');
INSERT INTO routes (route_id,agency_id,route_short_name,route_long_name,route_desc,route_type,route_url,route_color,route_text_color) VALUES
('1787802','100','201','(JOINVILLE LE PONT-RER <-> CHAMPIGNY-DIDEROT LA PLAGE) - Aller','','3','','FFFFFF','000000'),
('1787803','100','201','(JOINVILLE LE PONT-RER <-> CHAMPIGNY-DIDEROT LA PLAGE) - Retour','','3','','FFFFFF','000000');
INSERT INTO agency (agency_id,agency_name,agency_url,agency_timezone,agency_lang,agency_phone) VALUES
('100','RATP (100)','http://www.ratp.fr/','CET','','');
INSERT INTO trips (route_id,service_id,trip_id,trip_headsign,trip_short_name,direction_id,shape_id) VALUES
('1787802','2527880','1025278800858515','','10','0',''),
('1787802','2527914','1025279140858515','','10','0',''),
('1787802','2527915','1025279150858515','','10','0',''),
('1787802','2527916','1025279160858515','','10','0',''),
('1787802','2527880','1125278800858515','','11','0',''),
('1787802','2527914','1125279140858515','','11','0',''),
('1787802','2527915','1125279150858515','','11','0',''),
('1787802','2527916','1125279160858515','','11','0',''),
('1787802','2527880','1225278800858515','','12','0',''),
('1787802','2527914','1225279140858515','','12','0',''),
('1787802','2527915','1225279150858515','','12','0',''),
('1787802','2527916','1225279160858515','','12','0',''),
('1787802','2527880','125278800858515','','1','0',''),
('1787802','2527914','125279140858515','','1','0',''),
('1787802','2527915','125279150858515','','1','0',''),
('1787802','2527916','125279160858515','','1','0',''),
('1787802','2527880','1325278800858515','','13','0',''),
('1787802','2527914','1325279140858515','','13','0',''),
('1787802','2527915','1325279150858515','','13','0',''),
('1787802','2527916','1325279160858515','','13','0',''),
('1787802','2527880','1425278800858515','','14','0',''),
('1787802','2527914','1425279140858515','','14','0',''),
('1787802','2527915','1425279150858515','','14','0',''),
('1787802','2527916','1425279160858515','','14','0',''),
('1787802','2527880','1525278800858515','','15','0',''),
('1787802','2527914','1525279140858515','','15','0',''),
('1787802','2527915','1525279150858515','','15','0',''),
('1787802','2527916','1525279160858515','','15','0',''),
('1787802','2527880','1625278800858515','','16','0',''),
('1787802','2527914','1625279140858515','','16','0',''),
('1787802','2527915','1625279150858515','','16','0',''),
('1787802','2527916','1625279160858515','','16','0',''),
('1787802','2527880','1725278800858515','','17','0',''),
('1787802','2527914','1725279140858515','','17','0',''),
('1787802','2527915','1725279150858515','','17','0',''),
('1787802','2527916','1725279160858515','','17','0',''),
('1787802','2527880','1825278800858515','','18','0',''),
('1787802','2527914','1825279140858515','','18','0',''),
('1787802','2527915','1825279150858515','','18','0',''),
('1787802','2527916','1825279160858515','','18','0',''),
('1787802','2527880','1925278800858515','','19','0',''),
('1787802','2527914','1925279140858515','','19','0',''),
('1787802','2527915','1925279150858515','','19','0',''),
('1787802','2527916','1925279160858515','','19','0',''),
('1787802','2527880','2025278800858515','','20','0',''),
('1787802','2527914','2025279140858515','','20','0',''),
('1787802','2527915','2025279150858515','','20','0',''),
('1787802','2527916','2025279160858515','','20','0',''),
('1787802','2527880','2125278800858515','','21','0',''),
('1787802','2527914','2125279140858515','','21','0',''),
('1787802','2527915','2125279150858515','','21','0',''),
('1787802','2527916','2125279160858515','','21','0',''),
('1787802','2527880','2225278800858515','','22','0',''),
('1787802','2527914','2225279140858515','','22','0',''),
('1787802','2527915','2225279150858515','','22','0',''),
('1787802','2527916','2225279160858515','','22','0',''),
('1787802','2527880','225278800858515','','2','0',''),
('1787802','2527914','225279140858515','','2','0',''),
('1787802','2527915','225279150858515','','2','0',''),
('1787802','2527916','225279160858515','','2','0',''),
('1787802','2527880','2325278800858515','','23','0',''),
('1787802','2527914','2325279140858515','','23','0',''),
('1787802','2527915','2325279150858515','','23','0',''),
('1787802','2527916','2325279160858515','','23','0',''),
('1787802','2527880','2425278800858515','','24','0',''),
('1787802','2527914','2425279140858515','','24','0',''),
('1787802','2527915','2425279150858515','','24','0',''),
('1787802','2527916','2425279160858515','','24','0',''),
('1787802','2527880','2525278800858515','','25','0',''),
('1787802','2527914','2525279140858515','','25','0',''),
('1787802','2527915','2525279150858515','','25','0',''),
('1787802','2527916','2525279160858515','','25','0',''),
('1787802','2527880','2625278800858515','','26','0',''),
('1787802','2527914','2625279140858515','','26','0',''),
('1787802','2527915','2625279150858515','','26','0',''),
('1787802','2527916','2625279160858515','','26','0',''),
('1787802','2527880','2725278800858515','','27','0',''),
('1787802','2527914','2725279140858515','','27','0',''),
('1787802','2527915','2725279150858515','','27','0',''),
('1787802','2527916','2725279160858515','','27','0',''),
('1787802','2527880','2825278800858515','','28','0',''),
('1787802','2527914','2825279140858515','','28','0',''),
('1787802','2527915','2825279150858515','','28','0',''),
('1787802','2527916','2825279160858515','','28','0',''),
('1787802','2527880','2925278800858515','','29','0',''),
('1787802','2527914','2925279140858515','','29','0',''),
('1787802','2527915','2925279150858515','','29','0',''),
('1787802','2527916','2925279160858515','','29','0',''),
('1787802','2527880','3025278800858515','','30','0',''),
('1787802','2527914','3025279140858515','','30','0',''),
('1787802','2527915','3025279150858515','','30','0',''),
('1787802','2527916','3025279160858515','','30','0',''),
('1787802','2527880','3125278800858515','','31','0',''),
('1787802','2527914','3125279140858515','','31','0',''),
('1787802','2527915','3125279150858515','','31','0',''),
('1787802','2527916','3125279160858515','','31','0',''),
('1787802','2527880','3225278800858515','','32','0',''),
('1787802','2527914','3225279140858515','','32','0',''),
('1787802','2527915','3225279150858515','','32','0',''),
('1787802','2527916','3225279160858515','','32','0',''),
('1787802','2527880','325278800858515','','3','0',''),
('1787802','2527914','325279140858515','','3','0',''),
('1787802','2527915','325279150858515','','3','0',''),
('1787802','2527916','325279160858515','','3','0',''),
('1787802','2527880','3325278800858515','','33','0',''),
('1787802','2527914','3325279140858515','','33','0',''),
('1787802','2527915','3325279150858515','','33','0',''),
('1787802','2527916','3325279160858515','','33','0',''),
('1787802','2527880','3425278800858515','','34','0',''),
('1787802','2527914','3425279140858515','','34','0',''),
('1787802','2527915','3425279150858515','','34','0',''),
('1787802','2527916','3425279160858515','','34','0',''),
('1787802','2527880','3525278800858515','','35','0',''),
('1787802','2527914','3525279140858515','','35','0',''),
('1787802','2527915','3525279150858515','','35','0',''),
('1787802','2527916','3525279160858515','','35','0',''),
('1787802','2527880','3625278800858515','','36','0',''),
('1787802','2527914','3625279140858515','','36','0',''),
('1787802','2527915','3625279150858515','','36','0',''),
('1787802','2527916','3625279160858515','','36','0',''),
('1787802','2527880','3725278800858515','','37','0',''),
('1787802','2527914','3725279140858515','','37','0',''),
('1787802','2527915','3725279150858515','','37','0',''),
('1787802','2527916','3725279160858515','','37','0',''),
('1787802','2527880','3825278800858515','','38','0',''),
('1787802','2527914','3825279140858515','','38','0',''),
('1787802','2527915','3825279150858515','','38','0',''),
('1787802','2527916','3825279160858515','','38','0',''),
('1787802','2527880','3925278800858515','','39','0',''),
('1787802','2527914','3925279140858515','','39','0',''),
('1787802','2527915','3925279150858515','','39','0',''),
('1787802','2527916','3925279160858515','','39','0',''),
('1787802','2527880','4025278800858515','','40','0',''),
('1787802','2527914','4025279140858515','','40','0',''),
('1787802','2527915','4025279150858515','','40','0',''),
('1787802','2527916','4025279160858515','','40','0',''),
('1787802','2527880','4125278800858515','','41','0',''),
('1787802','2527914','4125279140858515','','41','0',''),
('1787802','2527915','4125279150858515','','41','0',''),
('1787802','2527916','4125279160858515','','41','0',''),
('1787802','2527880','4225278800858515','','42','0',''),
('1787802','2527914','4225279140858515','','42','0',''),
('1787802','2527915','4225279150858515','','42','0',''),
('1787802','2527916','4225279160858515','','42','0',''),
('1787802','2527880','425278800858515','','4','0',''),
('1787802','2527914','425279140858515','','4','0',''),
('1787802','2527915','425279150858515','','4','0',''),
('1787802','2527916','425279160858515','','4','0',''),
('1787802','2527880','4325278800858515','','43','0',''),
('1787802','2527914','4325279140858515','','43','0',''),
('1787802','2527880','4425278800858515','','44','0',''),
('1787802','2527914','4425279140858515','','44','0',''),
('1787802','2527880','4525278800858515','','45','0',''),
('1787802','2527914','4525279140858515','','45','0',''),
('1787802','2527880','4625278800858515','','46','0',''),
('1787802','2527914','4625279140858515','','46','0',''),
('1787802','2527880','4725278800858515','','47','0',''),
('1787802','2527914','4725279140858515','','47','0',''),
('1787802','2527880','4825278800858515','','48','0',''),
('1787802','2527914','4825279140858515','','48','0',''),
('1787802','2527880','4925278800858515','','49','0',''),
('1787802','2527914','4925279140858515','','49','0',''),
('1787802','2527880','5025278800858515','','50','0',''),
('1787802','2527914','5025279140858515','','50','0',''),
('1787802','2527880','5125278800858515','','51','0',''),
('1787802','2527914','5125279140858515','','51','0',''),
('1787802','2527880','5225278800858515','','52','0',''),
('1787802','2527914','5225279140858515','','52','0',''),
('1787802','2527880','525278800858515','','5','0',''),
('1787802','2527914','525279140858515','','5','0',''),
('1787802','2527915','525279150858515','','5','0',''),
('1787802','2527916','525279160858515','','5','0',''),
('1787802','2527880','5325278800858515','','53','0',''),
('1787802','2527914','5325279140858515','','53','0',''),
('1787802','2527880','5425278800858515','','54','0',''),
('1787802','2527914','5425279140858515','','54','0',''),
('1787802','2527880','5525278800858515','','55','0',''),
('1787802','2527914','5525279140858515','','55','0',''),
('1787802','2527880','5625278800858515','','56','0',''),
('1787802','2527914','5625279140858515','','56','0',''),
('1787802','2527880','5725278800858515','','57','0',''),
('1787802','2527914','5725279140858515','','57','0',''),
('1787802','2527880','5825278800858515','','58','0',''),
('1787802','2527914','5825279140858515','','58','0',''),
('1787802','2527880','5925278800858515','','59','0',''),
('1787802','2527914','5925279140858515','','59','0',''),
('1787802','2527880','6025278800858515','','60','0',''),
('1787802','2527914','6025279140858515','','60','0',''),
('1787802','2527880','6125278800858515','','61','0',''),
('1787802','2527914','6125279140858515','','61','0',''),
('1787802','2527880','6225278800858515','','62','0',''),
('1787802','2527914','6225279140858515','','62','0',''),
('1787802','2527880','625278800858515','','6','0',''),
('1787802','2527914','625279140858515','','6','0',''),
('1787802','2527915','625279150858515','','6','0',''),
('1787802','2527916','625279160858515','','6','0',''),
('1787802','2527880','6325278800858515','','63','0',''),
('1787802','2527914','6325279140858515','','63','0',''),
('1787802','2527880','6425278800858515','','64','0',''),
('1787802','2527914','6425279140858515','','64','0',''),
('1787802','2527880','6525278800858515','','65','0',''),
('1787802','2527914','6525279140858515','','65','0',''),
('1787802','2527880','6625278800858515','','66','0',''),
('1787802','2527914','6625279140858515','','66','0',''),
('1787802','2527880','6725278800858515','','67','0',''),
('1787802','2527880','6825278800858515','','68','0',''),
('1787802','2527880','725278800858515','','7','0',''),
('1787802','2527914','725279140858515','','7','0',''),
('1787802','2527915','725279150858515','','7','0',''),
('1787802','2527916','725279160858515','','7','0',''),
('1787802','2527880','825278800858515','','8','0',''),
('1787802','2527914','825279140858515','','8','0',''),
('1787802','2527915','825279150858515','','8','0',''),
('1787802','2527916','825279160858515','','8','0',''),
('1787802','2527880','925278800858515','','9','0',''),
('1787802','2527914','925279140858515','','9','0',''),
('1787802','2527915','925279150858515','','9','0',''),
('1787802','2527916','925279160858515','','9','0',''),
('1787802','2527880','125278800858516','','1','0',''),
('1787802','2527914','125279140858516','','1','0',''),
('1787802','2527915','125279150858516','','1','0',''),
('1787802','2527916','125279160858516','','1','0',''),
('1787802','2527880','225278800858516','','2','0',''),
('1787802','2527914','225279140858516','','2','0',''),
('1787802','2527915','225279150858516','','2','0',''),
('1787802','2527916','225279160858516','','2','0',''),
('1787802','2527880','325278800858516','','3','0',''),
('1787802','2527914','325279140858516','','3','0',''),
('1787802','2527880','425278800858516','','4','0',''),
('1787802','2527914','425279140858516','','4','0',''),
('1787803','2527880','1025278800858514','','10','1',''),
('1787803','2527914','1025279140858514','','10','1',''),
('1787803','2527915','1025279150858514','','10','1',''),
('1787803','2527916','1025279160858514','','10','1',''),
('1787803','2527880','1125278800858514','','11','1',''),
('1787803','2527914','1125279140858514','','11','1',''),
('1787803','2527915','1125279150858514','','11','1',''),
('1787803','2527916','1125279160858514','','11','1',''),
('1787803','2527880','1225278800858514','','12','1',''),
('1787803','2527914','1225279140858514','','12','1',''),
('1787803','2527915','1225279150858514','','12','1',''),
('1787803','2527916','1225279160858514','','12','1',''),
('1787803','2527880','125278800858514','','1','1',''),
('1787803','2527914','125279140858514','','1','1',''),
('1787803','2527915','125279150858514','','1','1',''),
('1787803','2527916','125279160858514','','1','1',''),
('1787803','2527880','1325278800858514','','13','1',''),
('1787803','2527914','1325279140858514','','13','1',''),
('1787803','2527915','1325279150858514','','13','1',''),
('1787803','2527916','1325279160858514','','13','1',''),
('1787803','2527880','1425278800858514','','14','1',''),
('1787803','2527914','1425279140858514','','14','1',''),
('1787803','2527915','1425279150858514','','14','1',''),
('1787803','2527916','1425279160858514','','14','1',''),
('1787803','2527880','1525278800858514','','15','1',''),
('1787803','2527914','1525279140858514','','15','1',''),
('1787803','2527915','1525279150858514','','15','1',''),
('1787803','2527916','1525279160858514','','15','1',''),
('1787803','2527880','1625278800858514','','16','1',''),
('1787803','2527914','1625279140858514','','16','1',''),
('1787803','2527915','1625279150858514','','16','1',''),
('1787803','2527916','1625279160858514','','16','1',''),
('1787803','2527880','1725278800858514','','17','1',''),
('1787803','2527914','1725279140858514','','17','1',''),
('1787803','2527915','1725279150858514','','17','1',''),
('1787803','2527916','1725279160858514','','17','1',''),
('1787803','2527880','1825278800858514','','18','1',''),
('1787803','2527914','1825279140858514','','18','1',''),
('1787803','2527915','1825279150858514','','18','1',''),
('1787803','2527916','1825279160858514','','18','1',''),
('1787803','2527880','1925278800858514','','19','1',''),
('1787803','2527914','1925279140858514','','19','1',''),
('1787803','2527915','1925279150858514','','19','1',''),
('1787803','2527916','1925279160858514','','19','1',''),
('1787803','2527880','2025278800858514','','20','1',''),
('1787803','2527914','2025279140858514','','20','1',''),
('1787803','2527915','2025279150858514','','20','1',''),
('1787803','2527916','2025279160858514','','20','1',''),
('1787803','2527880','2125278800858514','','21','1',''),
('1787803','2527914','2125279140858514','','21','1',''),
('1787803','2527915','2125279150858514','','21','1',''),
('1787803','2527916','2125279160858514','','21','1',''),
('1787803','2527880','2225278800858514','','22','1',''),
('1787803','2527914','2225279140858514','','22','1',''),
('1787803','2527915','2225279150858514','','22','1',''),
('1787803','2527916','2225279160858514','','22','1',''),
('1787803','2527880','225278800858514','','2','1',''),
('1787803','2527914','225279140858514','','2','1',''),
('1787803','2527915','225279150858514','','2','1',''),
('1787803','2527916','225279160858514','','2','1',''),
('1787803','2527880','2325278800858514','','23','1',''),
('1787803','2527914','2325279140858514','','23','1',''),
('1787803','2527915','2325279150858514','','23','1',''),
('1787803','2527916','2325279160858514','','23','1',''),
('1787803','2527880','2425278800858514','','24','1',''),
('1787803','2527914','2425279140858514','','24','1',''),
('1787803','2527915','2425279150858514','','24','1',''),
('1787803','2527916','2425279160858514','','24','1',''),
('1787803','2527880','2525278800858514','','25','1',''),
('1787803','2527914','2525279140858514','','25','1',''),
('1787803','2527915','2525279150858514','','25','1',''),
('1787803','2527916','2525279160858514','','25','1',''),
('1787803','2527880','2625278800858514','','26','1',''),
('1787803','2527914','2625279140858514','','26','1',''),
('1787803','2527915','2625279150858514','','26','1',''),
('1787803','2527916','2625279160858514','','26','1',''),
('1787803','2527880','2725278800858514','','27','1',''),
('1787803','2527914','2725279140858514','','27','1',''),
('1787803','2527915','2725279150858514','','27','1',''),
('1787803','2527916','2725279160858514','','27','1',''),
('1787803','2527880','2825278800858514','','28','1',''),
('1787803','2527914','2825279140858514','','28','1',''),
('1787803','2527915','2825279150858514','','28','1',''),
('1787803','2527916','2825279160858514','','28','1',''),
('1787803','2527880','2925278800858514','','29','1',''),
('1787803','2527914','2925279140858514','','29','1',''),
('1787803','2527915','2925279150858514','','29','1',''),
('1787803','2527916','2925279160858514','','29','1',''),
('1787803','2527880','3025278800858514','','30','1',''),
('1787803','2527914','3025279140858514','','30','1',''),
('1787803','2527915','3025279150858514','','30','1',''),
('1787803','2527916','3025279160858514','','30','1',''),
('1787803','2527880','3125278800858514','','31','1',''),
('1787803','2527914','3125279140858514','','31','1',''),
('1787803','2527915','3125279150858514','','31','1',''),
('1787803','2527916','3125279160858514','','31','1',''),
('1787803','2527880','3225278800858514','','32','1',''),
('1787803','2527914','3225279140858514','','32','1',''),
('1787803','2527915','3225279150858514','','32','1',''),
('1787803','2527916','3225279160858514','','32','1',''),
('1787803','2527880','325278800858514','','3','1',''),
('1787803','2527914','325279140858514','','3','1',''),
('1787803','2527915','325279150858514','','3','1',''),
('1787803','2527916','325279160858514','','3','1',''),
('1787803','2527880','3325278800858514','','33','1',''),
('1787803','2527914','3325279140858514','','33','1',''),
('1787803','2527915','3325279150858514','','33','1',''),
('1787803','2527916','3325279160858514','','33','1',''),
('1787803','2527880','3425278800858514','','34','1',''),
('1787803','2527914','3425279140858514','','34','1',''),
('1787803','2527915','3425279150858514','','34','1',''),
('1787803','2527916','3425279160858514','','34','1',''),
('1787803','2527880','3525278800858514','','35','1',''),
('1787803','2527914','3525279140858514','','35','1',''),
('1787803','2527915','3525279150858514','','35','1',''),
('1787803','2527916','3525279160858514','','35','1',''),
('1787803','2527880','3625278800858514','','36','1',''),
('1787803','2527914','3625279140858514','','36','1',''),
('1787803','2527915','3625279150858514','','36','1',''),
('1787803','2527916','3625279160858514','','36','1',''),
('1787803','2527880','3725278800858514','','37','1',''),
('1787803','2527914','3725279140858514','','37','1',''),
('1787803','2527915','3725279150858514','','37','1',''),
('1787803','2527916','3725279160858514','','37','1',''),
('1787803','2527880','3825278800858514','','38','1',''),
('1787803','2527914','3825279140858514','','38','1',''),
('1787803','2527915','3825279150858514','','38','1',''),
('1787803','2527916','3825279160858514','','38','1',''),
('1787803','2527880','3925278800858514','','39','1',''),
('1787803','2527914','3925279140858514','','39','1',''),
('1787803','2527915','3925279150858514','','39','1',''),
('1787803','2527916','3925279160858514','','39','1',''),
('1787803','2527880','4025278800858514','','40','1',''),
('1787803','2527914','4025279140858514','','40','1',''),
('1787803','2527915','4025279150858514','','40','1',''),
('1787803','2527916','4025279160858514','','40','1',''),
('1787803','2527880','4125278800858514','','41','1',''),
('1787803','2527914','4125279140858514','','41','1',''),
('1787803','2527915','4125279150858514','','41','1',''),
('1787803','2527916','4125279160858514','','41','1',''),
('1787803','2527880','4225278800858514','','42','1',''),
('1787803','2527914','4225279140858514','','42','1',''),
('1787803','2527915','4225279150858514','','42','1',''),
('1787803','2527916','4225279160858514','','42','1',''),
('1787803','2527880','425278800858514','','4','1',''),
('1787803','2527914','425279140858514','','4','1',''),
('1787803','2527915','425279150858514','','4','1',''),
('1787803','2527916','425279160858514','','4','1',''),
('1787803','2527880','4325278800858514','','43','1',''),
('1787803','2527914','4325279140858514','','43','1',''),
('1787803','2527915','4325279150858514','','43','1',''),
('1787803','2527916','4325279160858514','','43','1',''),
('1787803','2527880','4425278800858514','','44','1',''),
('1787803','2527914','4425279140858514','','44','1',''),
('1787803','2527915','4425279150858514','','44','1',''),
('1787803','2527916','4425279160858514','','44','1',''),
('1787803','2527880','4525278800858514','','45','1',''),
('1787803','2527914','4525279140858514','','45','1',''),
('1787803','2527880','4625278800858514','','46','1',''),
('1787803','2527914','4625279140858514','','46','1',''),
('1787803','2527880','4725278800858514','','47','1',''),
('1787803','2527914','4725279140858514','','47','1',''),
('1787803','2527880','4825278800858514','','48','1',''),
('1787803','2527914','4825279140858514','','48','1',''),
('1787803','2527880','4925278800858514','','49','1',''),
('1787803','2527914','4925279140858514','','49','1',''),
('1787803','2527880','5025278800858514','','50','1',''),
('1787803','2527914','5025279140858514','','50','1',''),
('1787803','2527880','5125278800858514','','51','1',''),
('1787803','2527914','5125279140858514','','51','1',''),
('1787803','2527880','5225278800858514','','52','1',''),
('1787803','2527914','5225279140858514','','52','1',''),
('1787803','2527880','525278800858514','','5','1',''),
('1787803','2527914','525279140858514','','5','1',''),
('1787803','2527915','525279150858514','','5','1',''),
('1787803','2527916','525279160858514','','5','1',''),
('1787803','2527880','5325278800858514','','53','1',''),
('1787803','2527914','5325279140858514','','53','1',''),
('1787803','2527880','5425278800858514','','54','1',''),
('1787803','2527914','5425279140858514','','54','1',''),
('1787803','2527880','5525278800858514','','55','1',''),
('1787803','2527914','5525279140858514','','55','1',''),
('1787803','2527880','5625278800858514','','56','1',''),
('1787803','2527914','5625279140858514','','56','1',''),
('1787803','2527880','5725278800858514','','57','1',''),
('1787803','2527914','5725279140858514','','57','1',''),
('1787803','2527880','5825278800858514','','58','1',''),
('1787803','2527914','5825279140858514','','58','1',''),
('1787803','2527880','5925278800858514','','59','1',''),
('1787803','2527914','5925279140858514','','59','1',''),
('1787803','2527880','6025278800858514','','60','1',''),
('1787803','2527914','6025279140858514','','60','1',''),
('1787803','2527880','6125278800858514','','61','1',''),
('1787803','2527914','6125279140858514','','61','1',''),
('1787803','2527880','6225278800858514','','62','1',''),
('1787803','2527914','6225279140858514','','62','1',''),
('1787803','2527880','625278800858514','','6','1',''),
('1787803','2527914','625279140858514','','6','1',''),
('1787803','2527915','625279150858514','','6','1',''),
('1787803','2527916','625279160858514','','6','1',''),
('1787803','2527880','6325278800858514','','63','1',''),
('1787803','2527914','6325279140858514','','63','1',''),
('1787803','2527880','6425278800858514','','64','1',''),
('1787803','2527914','6425279140858514','','64','1',''),
('1787803','2527880','6525278800858514','','65','1',''),
('1787803','2527914','6525279140858514','','65','1',''),
('1787803','2527880','6625278800858514','','66','1',''),
('1787803','2527914','6625279140858514','','66','1',''),
('1787803','2527880','6725278800858514','','67','1',''),
('1787803','2527914','6725279140858514','','67','1',''),
('1787803','2527880','6825278800858514','','68','1',''),
('1787803','2527914','6825279140858514','','68','1',''),
('1787803','2527880','6925278800858514','','69','1',''),
('1787803','2527914','6925279140858514','','69','1',''),
('1787803','2527880','7025278800858514','','70','1',''),
('1787803','2527914','7025279140858514','','70','1',''),
('1787803','2527880','7125278800858514','','71','1',''),
('1787803','2527880','725278800858514','','7','1',''),
('1787803','2527914','725279140858514','','7','1',''),
('1787803','2527915','725279150858514','','7','1',''),
('1787803','2527916','725279160858514','','7','1',''),
('1787803','2527880','825278800858514','','8','1',''),
('1787803','2527914','825279140858514','','8','1',''),
('1787803','2527915','825279150858514','','8','1',''),
('1787803','2527916','825279160858514','','8','1',''),
('1787803','2527880','925278800858514','','9','1',''),
('1787803','2527914','925279140858514','','9','1',''),
('1787803','2527915','925279150858514','','9','1',''),
('1787803','2527916','925279160858514','','9','1',''),
('1787803','2527880','125278800858517','','1','1','');
INSERT INTO transfers (from_stop_id,to_stop_id,transfer_type,min_transfer_time) VALUES
('3619477','3619633','2','84'),
('3619476','3619392','2','28'),
('3619481','4035939','2','14'),
('3619473','3619670','2','56'),
('3619482','4035999','2','33'),
('3619474','2300','2','205'),
('3619475','4036186','2','80'),
('3619478','3619394','2','87'),
('3619478','3619395','2','19'),
('3619404','3619474','2','39'),
('3619404','3619473','2','23'),
('3619477','4036185','2','84'),
('3619473','3619391','2','56'),
('3619473','3619390','2','91'),
('3619478','3619436','2','84'),
('3619473','3619837','2','59'),
('3619473','3619838','2','56'),
('3619482','3687017','2','33'),
('3619477','3619437','2','84'),
('3619407','3619475','2','28'),
('3619475','5478460','2','80'),
('3619475','3619435','2','28'),
('3619478','4036226','2','84'),
('3619474','4036224','2','39'),
('3619409','3619477','2','84'),
('3619476','5478460','2','50'),
('3619482','4035939','2','33'),
('3619476','4036186','2','50'),
('3619474','3619432','2','39'),
('3619474','5478423','2','84'),
('3619474','3619629','2','92'),
('3619474','5478422','2','39'),
('3619478','3619632','2','84'),
('3619477','3619395','2','90'),
('3619475','3619631','2','28'),
('3619481','3687033','2','14'),
('3619477','3619394','2','8'),
('3619473','4036224','2','41'),
('3619473','1904','2','191'),
('3619482','3687033','2','33'),
('3619473','5478422','2','41'),
('3619474','3619837','2','113'),
('3619408','3619478','2','84'),
('3619473','2300','2','191'),
('3619473','3619629','2','38'),
('3619405','3619473','2','56'),
('3619473','5478423','2','107'),
('3619406','3619476','2','28'),
('3619474','1904','2','205'),
('3619473','3619432','2','23'),
('3619474','3619390','2','144'),
('3619476','3619630','2','28'),
('3619473','3619433','2','56'),
('3619475','3619393','2','28'),
('3619476','4036225','2','28'),
('3619476','3619434','2','28');
INSERT INTO stops (stop_id,stop_code,stop_name,stop_desc,stop_lat,stop_lon,location_type,parent_station) VALUES
('3619477','','VERDUN','12 PLACE DE VERDUN - 94042','48.819710075886654','2.4741755742329605','0',''),
('3619486','','DIANE','119-121 RUE DE VERDUN - 94017','48.814804248232825','2.494780507413906','0',''),
('3619476','','CARREFOUR DE LA RESISTANCE','PONT DE JOINVILLE - 94042','48.82025662841951','2.4676847679684473','0',''),
('3619485','','BEL AIR','36 RUE DE VERDUN - 94017','48.81585473698603','2.488686668376452','0',''),
('3619475','','CARREFOUR DE LA RESISTANCE','PONT DE JOINVILLE - 94042','48.820058540953156','2.468010922893876','0',''),
('3619488','','VERDUN - LA PLAGE','162 RUE DE VERDUN - 94017','48.81368978286796','2.5014182539472904','0',''),
('3619474','','JOINVILLE-LE-PONT RER','AVENUE JEAN JAURES - 94042','48.82016238485306','2.4633972057421563','0',''),
('3619487','','DIANE','99 RUE DIDEROT - 94017','48.812809997560656','2.4939987631952842','0',''),
('3619489','','DIDEROT - LA PLAGE','FACE 196 RUE DIDEROT - 94017','48.81283630519382','2.501156990506999','0',''),
('3619479','','DAGOTY','4-6 AVENUE GILLES - 94042','48.8162471118024','2.47649366946066','0',''),
('3619478','','VERDUN','PLACE DE VERDUN - 94042','48.82052837728242','2.4738102453124604','0',''),
('3619480','','DAGOTY','FACE 24 AVENUE DU PRESIDENT WILSON - 94042','48.81737017662828','2.476836927898891','0',''),
('3619490','','DIDEROT - LA PLAGE','FACE 196 RUE DIDEROT - 94017','48.81283630519382','2.501156990506999','0',''),
('3619491','','LES PAVILLONS FLEURIS','FACE 82 RUE DIDEROT - 94017','48.813303070977845','2.488012394944514','0',''),
('3619473','','JOINVILLE-LE-PONT RER','AV JEAN JAURES - 94042','48.82058418429549','2.463983489579029','0',''),
('3619483','','VERDUN - CHARLES FLOQUET','FACE 3 RUE DE VERDUN - 94017','48.81737209049067','2.482743599001299','0',''),
('3619484','','JACQUES DECOUR','14 RUE DE VERDUN - 94017','48.816650544271866','2.484796632384698','0',''),
('3619481','','CHARLES FLOQUET - DIDEROT','57 AVENUE CHARLES FLOQUET - 94017','48.81517164208101','2.4814717708253067','0',''),
('3619482','','CHARLES FLOQUET - DIDEROT','FACE 2 RUE DIDEROT - 94017','48.81483907998832','2.481484456008955','0','');
