INSERT INTO stop_times (trip_id,arrival_time,departure_time,stop_id,stop_sequence,stop_headsign,shape_dist_traveled) VALUES
('1024809940959234','11:45:00','11:45:00','4109829','1','',''),
('1024809940959234','11:47:00','11:47:00','4109831','2','',''),
('1024809940959234','11:48:00','11:48:00','4109832','3','',''),
('1024809940959234','11:49:00','11:49:00','4109834','4','',''),
('1024809940959234','11:50:00','11:50:00','4109836','5','',''),
('1024809940959234','11:51:00','11:51:00','4109838','6','',''),
('1024809940959234','11:53:00','11:53:00','4109840','7','',''),
('1024809940959234','11:54:00','11:54:00','4109842','8','',''),
('1024809940959234','11:55:00','11:55:00','4109844','9','',''),
('1024809940959234','11:56:00','11:56:00','4109846','10','',''),
('1024809940959234','11:57:00','11:57:00','4109848','11','',''),
('1024809940959234','11:58:00','11:58:00','4109850','12','',''),
('1024809940959234','11:59:00','11:59:00','4109852','13','',''),
('1024809940959234','12:00:00','12:00:00','4109854','14','',''),
('1024809940959234','12:02:00','12:02:00','4109856','15','',''),
('1024809940959234','12:03:00','12:03:00','4109857','16','',''),
('1024809940959234','12:05:00','12:05:00','4109859','17','',''),
('1024809940959234','12:06:00','12:06:00','4109860','18','',''),
('1024809940959234','12:07:00','12:07:00','4109861','19','',''),
('1024809950959234','18:30:00','18:30:00','4109829','1','',''),
('1024809950959234','18:32:00','18:32:00','4109831','2','',''),
('1024809950959234','18:33:00','18:33:00','4109832','3','',''),
('1024809950959234','18:34:00','18:34:00','4109834','4','',''),
('1024809950959234','18:35:00','18:35:00','4109836','5','',''),
('1024809950959234','18:36:00','18:36:00','4109838','6','',''),
('1024809950959234','18:38:00','18:38:00','4109840','7','',''),
('1024809950959234','18:39:00','18:39:00','4109842','8','',''),
('1024809950959234','18:40:00','18:40:00','4109844','9','',''),
('1024809950959234','18:41:00','18:41:00','4109846','10','',''),
('1024809950959234','18:42:00','18:42:00','4109848','11','',''),
('1024809950959234','18:43:00','18:43:00','4109850','12','',''),
('1024809950959234','18:44:00','18:44:00','4109852','13','',''),
('1024809950959234','18:45:00','18:45:00','4109854','14','',''),
('1024809950959234','18:47:00','18:47:00','4109856','15','',''),
('1024809950959234','18:48:00','18:48:00','4109857','16','',''),
('1024809950959234','18:50:00','18:50:00','4109859','17','',''),
('1024809950959234','18:51:00','18:51:00','4109860','18','',''),
('1024809950959234','18:52:00','18:52:00','4109861','19','',''),
('1025538410959234','11:45:00','11:45:00','4109829','1','',''),
('1025538410959234','11:47:00','11:47:00','4109831','2','',''),
('1025538410959234','11:48:00','11:48:00','4109832','3','',''),
('1025538410959234','11:49:00','11:49:00','4109834','4','',''),
('1025538410959234','11:50:00','11:50:00','4109836','5','',''),
('1025538410959234','11:51:00','11:51:00','4109838','6','',''),
('1025538410959234','11:52:00','11:52:00','4109840','7','',''),
('1025538410959234','11:54:00','11:54:00','4109842','8','',''),
('1025538410959234','11:55:00','11:55:00','4109844','9','',''),
('1025538410959234','11:56:00','11:56:00','4109846','10','',''),
('1025538410959234','11:57:00','11:57:00','4109848','11','',''),
('1025538410959234','11:58:00','11:58:00','4109850','12','',''),
('1025538410959234','11:59:00','11:59:00','4109852','13','',''),
('1025538410959234','12:00:00','12:00:00','4109854','14','',''),
('1025538410959234','12:02:00','12:02:00','4109856','15','',''),
('1025538410959234','12:03:00','12:03:00','4109857','16','',''),
('1025538410959234','12:05:00','12:05:00','4109859','17','',''),
('1025538410959234','12:06:00','12:06:00','4109860','18','',''),
('1025538410959234','12:07:00','12:07:00','4109861','19','',''),
('1025538420959234','18:30:00','18:30:00','4109829','1','',''),
('1025538420959234','18:32:00','18:32:00','4109831','2','',''),
('1025538420959234','18:33:00','18:33:00','4109832','3','',''),
('1025538420959234','18:34:00','18:34:00','4109834','4','',''),
('1025538420959234','18:35:00','18:35:00','4109836','5','',''),
('1025538420959234','18:36:00','18:36:00','4109838','6','',''),
('1025538420959234','18:37:00','18:37:00','4109840','7','',''),
('1025538420959234','18:39:00','18:39:00','4109842','8','',''),
('1025538420959234','18:40:00','18:40:00','4109844','9','',''),
('1025538420959234','18:41:00','18:41:00','4109846','10','',''),
('1025538420959234','18:42:00','18:42:00','4109848','11','',''),
('1025538420959234','18:43:00','18:43:00','4109850','12','',''),
('1025538420959234','18:44:00','18:44:00','4109852','13','',''),
('1025538420959234','18:45:00','18:45:00','4109854','14','',''),
('1025538420959234','18:47:00','18:47:00','4109856','15','',''),
('1025538420959234','18:48:00','18:48:00','4109857','16','',''),
('1025538420959234','18:50:00','18:50:00','4109859','17','',''),
('1025538420959234','18:51:00','18:51:00','4109860','18','',''),
('1025538420959234','18:52:00','18:52:00','4109861','19','',''),
('1124809940959234','12:15:00','12:15:00','4109829','1','',''),
('1124809940959234','12:17:00','12:17:00','4109831','2','',''),
('1124809940959234','12:18:00','12:18:00','4109832','3','',''),
('1124809940959234','12:19:00','12:19:00','4109834','4','',''),
('1124809940959234','12:20:00','12:20:00','4109836','5','',''),
('1124809940959234','12:21:00','12:21:00','4109838','6','',''),
('1124809940959234','12:23:00','12:23:00','4109840','7','',''),
('1124809940959234','12:24:00','12:24:00','4109842','8','',''),
('1124809940959234','12:25:00','12:25:00','4109844','9','',''),
('1124809940959234','12:26:00','12:26:00','4109846','10','',''),
('1124809940959234','12:27:00','12:27:00','4109848','11','',''),
('1124809940959234','12:28:00','12:28:00','4109850','12','',''),
('1124809940959234','12:29:00','12:29:00','4109852','13','',''),
('1124809940959234','12:30:00','12:30:00','4109854','14','',''),
('1124809940959234','12:32:00','12:32:00','4109856','15','',''),
('1124809940959234','12:33:00','12:33:00','4109857','16','',''),
('1124809940959234','12:35:00','12:35:00','4109859','17','',''),
('1124809940959234','12:36:00','12:36:00','4109860','18','',''),
('1124809940959234','12:37:00','12:37:00','4109861','19','',''),
('1124809950959234','19:00:00','19:00:00','4109829','1','',''),
('1124809950959234','19:02:00','19:02:00','4109831','2','',''),
('1124809950959234','19:03:00','19:03:00','4109832','3','',''),
('1124809950959234','19:04:00','19:04:00','4109834','4','',''),
('1124809950959234','19:05:00','19:05:00','4109836','5','',''),
('1124809950959234','19:06:00','19:06:00','4109838','6','',''),
('1124809950959234','19:08:00','19:08:00','4109840','7','',''),
('1124809950959234','19:09:00','19:09:00','4109842','8','',''),
('1124809950959234','19:10:00','19:10:00','4109844','9','',''),
('1124809950959234','19:11:00','19:11:00','4109846','10','',''),
('1124809950959234','19:12:00','19:12:00','4109848','11','',''),
('1124809950959234','19:13:00','19:13:00','4109850','12','',''),
('1124809950959234','19:14:00','19:14:00','4109852','13','',''),
('1124809950959234','19:15:00','19:15:00','4109854','14','',''),
('1124809950959234','19:17:00','19:17:00','4109856','15','',''),
('1124809950959234','19:18:00','19:18:00','4109857','16','',''),
('1124809950959234','19:20:00','19:20:00','4109859','17','',''),
('1124809950959234','19:21:00','19:21:00','4109860','18','',''),
('1124809950959234','19:22:00','19:22:00','4109861','19','',''),
('1125538410959234','12:15:00','12:15:00','4109829','1','',''),
('1125538410959234','12:17:00','12:17:00','4109831','2','',''),
('1125538410959234','12:18:00','12:18:00','4109832','3','',''),
('1125538410959234','12:19:00','12:19:00','4109834','4','',''),
('1125538410959234','12:20:00','12:20:00','4109836','5','',''),
('1125538410959234','12:21:00','12:21:00','4109838','6','',''),
('1125538410959234','12:22:00','12:22:00','4109840','7','',''),
('1125538410959234','12:24:00','12:24:00','4109842','8','',''),
('1125538410959234','12:25:00','12:25:00','4109844','9','',''),
('1125538410959234','12:26:00','12:26:00','4109846','10','',''),
('1125538410959234','12:27:00','12:27:00','4109848','11','',''),
('1125538410959234','12:28:00','12:28:00','4109850','12','',''),
('1125538410959234','12:29:00','12:29:00','4109852','13','',''),
('1125538410959234','12:30:00','12:30:00','4109854','14','',''),
('1125538410959234','12:32:00','12:32:00','4109856','15','',''),
('1125538410959234','12:33:00','12:33:00','4109857','16','',''),
('1125538410959234','12:35:00','12:35:00','4109859','17','',''),
('1125538410959234','12:36:00','12:36:00','4109860','18','',''),
('1125538410959234','12:37:00','12:37:00','4109861','19','',''),
('1125538420959234','19:00:00','19:00:00','4109829','1','',''),
('1125538420959234','19:02:00','19:02:00','4109831','2','',''),
('1125538420959234','19:03:00','19:03:00','4109832','3','',''),
('1125538420959234','19:04:00','19:04:00','4109834','4','',''),
('1125538420959234','19:05:00','19:05:00','4109836','5','',''),
('1125538420959234','19:06:00','19:06:00','4109838','6','',''),
('1125538420959234','19:07:00','19:07:00','4109840','7','',''),
('1125538420959234','19:09:00','19:09:00','4109842','8','',''),
('1125538420959234','19:10:00','19:10:00','4109844','9','',''),
('1125538420959234','19:11:00','19:11:00','4109846','10','',''),
('1125538420959234','19:12:00','19:12:00','4109848','11','',''),
('1125538420959234','19:13:00','19:13:00','4109850','12','',''),
('1125538420959234','19:14:00','19:14:00','4109852','13','',''),
('1125538420959234','19:15:00','19:15:00','4109854','14','',''),
('1125538420959234','19:17:00','19:17:00','4109856','15','',''),
('1125538420959234','19:18:00','19:18:00','4109857','16','',''),
('1125538420959234','19:20:00','19:20:00','4109859','17','',''),
('1125538420959234','19:21:00','19:21:00','4109860','18','',''),
('1125538420959234','19:22:00','19:22:00','4109861','19','',''),
('1224809940959234','12:45:00','12:45:00','4109829','1','',''),
('1224809940959234','12:47:00','12:47:00','4109831','2','',''),
('1224809940959234','12:48:00','12:48:00','4109832','3','',''),
('1224809940959234','12:49:00','12:49:00','4109834','4','',''),
('1224809940959234','12:50:00','12:50:00','4109836','5','',''),
('1224809940959234','12:51:00','12:51:00','4109838','6','',''),
('1224809940959234','12:53:00','12:53:00','4109840','7','',''),
('1224809940959234','12:54:00','12:54:00','4109842','8','',''),
('1224809940959234','12:55:00','12:55:00','4109844','9','',''),
('1224809940959234','12:56:00','12:56:00','4109846','10','',''),
('1224809940959234','12:57:00','12:57:00','4109848','11','',''),
('1224809940959234','12:58:00','12:58:00','4109850','12','',''),
('1224809940959234','12:59:00','12:59:00','4109852','13','',''),
('1224809940959234','13:00:00','13:00:00','4109854','14','',''),
('1224809940959234','13:02:00','13:02:00','4109856','15','',''),
('1224809940959234','13:03:00','13:03:00','4109857','16','',''),
('1224809940959234','13:05:00','13:05:00','4109859','17','',''),
('1224809940959234','13:06:00','13:06:00','4109860','18','',''),
('1224809940959234','13:07:00','13:07:00','4109861','19','',''),
('1224809950959234','19:30:00','19:30:00','4109829','1','',''),
('1224809950959234','19:32:00','19:32:00','4109831','2','',''),
('1224809950959234','19:33:00','19:33:00','4109832','3','',''),
('1224809950959234','19:34:00','19:34:00','4109834','4','',''),
('1224809950959234','19:35:00','19:35:00','4109836','5','',''),
('1224809950959234','19:36:00','19:36:00','4109838','6','',''),
('1224809950959234','19:38:00','19:38:00','4109840','7','',''),
('1224809950959234','19:39:00','19:39:00','4109842','8','',''),
('1224809950959234','19:40:00','19:40:00','4109844','9','',''),
('1224809950959234','19:41:00','19:41:00','4109846','10','',''),
('1224809950959234','19:42:00','19:42:00','4109848','11','',''),
('1224809950959234','19:43:00','19:43:00','4109850','12','',''),
('1224809950959234','19:44:00','19:44:00','4109852','13','',''),
('1224809950959234','19:45:00','19:45:00','4109854','14','',''),
('1224809950959234','19:47:00','19:47:00','4109856','15','',''),
('1224809950959234','19:48:00','19:48:00','4109857','16','',''),
('1224809950959234','19:50:00','19:50:00','4109859','17','',''),
('1224809950959234','19:51:00','19:51:00','4109860','18','',''),
('1224809950959234','19:52:00','19:52:00','4109861','19','',''),
('1225538410959234','12:45:00','12:45:00','4109829','1','',''),
('1225538410959234','12:47:00','12:47:00','4109831','2','',''),
('1225538410959234','12:48:00','12:48:00','4109832','3','',''),
('1225538410959234','12:49:00','12:49:00','4109834','4','',''),
('1225538410959234','12:50:00','12:50:00','4109836','5','',''),
('1225538410959234','12:51:00','12:51:00','4109838','6','',''),
('1225538410959234','12:52:00','12:52:00','4109840','7','',''),
('1225538410959234','12:54:00','12:54:00','4109842','8','',''),
('1225538410959234','12:55:00','12:55:00','4109844','9','',''),
('1225538410959234','12:56:00','12:56:00','4109846','10','',''),
('1225538410959234','12:57:00','12:57:00','4109848','11','',''),
('1225538410959234','12:58:00','12:58:00','4109850','12','',''),
('1225538410959234','12:59:00','12:59:00','4109852','13','',''),
('1225538410959234','13:00:00','13:00:00','4109854','14','',''),
('1225538410959234','13:02:00','13:02:00','4109856','15','',''),
('1225538410959234','13:03:00','13:03:00','4109857','16','',''),
('1225538410959234','13:05:00','13:05:00','4109859','17','',''),
('1225538410959234','13:06:00','13:06:00','4109860','18','',''),
('1225538410959234','13:07:00','13:07:00','4109861','19','',''),
('1225538420959234','19:30:00','19:30:00','4109829','1','',''),
('1225538420959234','19:32:00','19:32:00','4109831','2','',''),
('1225538420959234','19:33:00','19:33:00','4109832','3','',''),
('1225538420959234','19:34:00','19:34:00','4109834','4','',''),
('1225538420959234','19:35:00','19:35:00','4109836','5','',''),
('1225538420959234','19:36:00','19:36:00','4109838','6','',''),
('1225538420959234','19:37:00','19:37:00','4109840','7','',''),
('1225538420959234','19:39:00','19:39:00','4109842','8','',''),
('1225538420959234','19:40:00','19:40:00','4109844','9','',''),
('1225538420959234','19:41:00','19:41:00','4109846','10','',''),
('1225538420959234','19:42:00','19:42:00','4109848','11','',''),
('1225538420959234','19:43:00','19:43:00','4109850','12','',''),
('1225538420959234','19:44:00','19:44:00','4109852','13','',''),
('1225538420959234','19:45:00','19:45:00','4109854','14','',''),
('1225538420959234','19:47:00','19:47:00','4109856','15','',''),
('1225538420959234','19:48:00','19:48:00','4109857','16','',''),
('1225538420959234','19:50:00','19:50:00','4109859','17','',''),
('1225538420959234','19:51:00','19:51:00','4109860','18','',''),
('1225538420959234','19:52:00','19:52:00','4109861','19','',''),
('124809940959234','07:00:00','07:00:00','4109829','1','',''),
('124809940959234','07:02:00','07:02:00','4109831','2','',''),
('124809940959234','07:03:00','07:03:00','4109832','3','',''),
('124809940959234','07:04:00','07:04:00','4109834','4','',''),
('124809940959234','07:05:00','07:05:00','4109836','5','',''),
('124809940959234','07:06:00','07:06:00','4109838','6','',''),
('124809940959234','07:08:00','07:08:00','4109840','7','',''),
('124809940959234','07:09:00','07:09:00','4109842','8','',''),
('124809940959234','07:10:00','07:10:00','4109844','9','',''),
('124809940959234','07:11:00','07:11:00','4109846','10','',''),
('124809940959234','07:12:00','07:12:00','4109848','11','',''),
('124809940959234','07:13:00','07:13:00','4109850','12','',''),
('124809940959234','07:14:00','07:14:00','4109852','13','',''),
('124809940959234','07:15:00','07:15:00','4109854','14','',''),
('124809940959234','07:17:00','07:17:00','4109856','15','',''),
('124809940959234','07:18:00','07:18:00','4109857','16','',''),
('124809940959234','07:20:00','07:20:00','4109859','17','',''),
('124809940959234','07:21:00','07:21:00','4109860','18','',''),
('124809940959234','07:22:00','07:22:00','4109861','19','',''),
('124809950959234','14:00:00','14:00:00','4109829','1','',''),
('124809950959234','14:02:00','14:02:00','4109831','2','',''),
('124809950959234','14:03:00','14:03:00','4109832','3','',''),
('124809950959234','14:04:00','14:04:00','4109834','4','',''),
('124809950959234','14:05:00','14:05:00','4109836','5','',''),
('124809950959234','14:06:00','14:06:00','4109838','6','',''),
('124809950959234','14:08:00','14:08:00','4109840','7','',''),
('124809950959234','14:09:00','14:09:00','4109842','8','',''),
('124809950959234','14:10:00','14:10:00','4109844','9','',''),
('124809950959234','14:11:00','14:11:00','4109846','10','',''),
('124809950959234','14:12:00','14:12:00','4109848','11','',''),
('124809950959234','14:13:00','14:13:00','4109850','12','',''),
('124809950959234','14:14:00','14:14:00','4109852','13','',''),
('124809950959234','14:15:00','14:15:00','4109854','14','',''),
('124809950959234','14:17:00','14:17:00','4109856','15','',''),
('124809950959234','14:18:00','14:18:00','4109857','16','',''),
('124809950959234','14:20:00','14:20:00','4109859','17','',''),
('124809950959234','14:21:00','14:21:00','4109860','18','',''),
('124809950959234','14:22:00','14:22:00','4109861','19','',''),
('125538410959234','07:00:00','07:00:00','4109829','1','',''),
('125538410959234','07:02:00','07:02:00','4109831','2','',''),
('125538410959234','07:03:00','07:03:00','4109832','3','',''),
('125538410959234','07:04:00','07:04:00','4109834','4','',''),
('125538410959234','07:05:00','07:05:00','4109836','5','',''),
('125538410959234','07:06:00','07:06:00','4109838','6','',''),
('125538410959234','07:07:00','07:07:00','4109840','7','',''),
('125538410959234','07:09:00','07:09:00','4109842','8','',''),
('125538410959234','07:10:00','07:10:00','4109844','9','',''),
('125538410959234','07:11:00','07:11:00','4109846','10','',''),
('125538410959234','07:12:00','07:12:00','4109848','11','',''),
('125538410959234','07:13:00','07:13:00','4109850','12','',''),
('125538410959234','07:14:00','07:14:00','4109852','13','',''),
('125538410959234','07:15:00','07:15:00','4109854','14','',''),
('125538410959234','07:17:00','07:17:00','4109856','15','',''),
('125538410959234','07:18:00','07:18:00','4109857','16','',''),
('125538410959234','07:20:00','07:20:00','4109859','17','',''),
('125538410959234','07:21:00','07:21:00','4109860','18','',''),
('125538410959234','07:22:00','07:22:00','4109861','19','',''),
('125538420959234','14:00:00','14:00:00','4109829','1','',''),
('125538420959234','14:02:00','14:02:00','4109831','2','',''),
('125538420959234','14:03:00','14:03:00','4109832','3','',''),
('125538420959234','14:04:00','14:04:00','4109834','4','',''),
('125538420959234','14:05:00','14:05:00','4109836','5','',''),
('125538420959234','14:06:00','14:06:00','4109838','6','',''),
('125538420959234','14:07:00','14:07:00','4109840','7','',''),
('125538420959234','14:09:00','14:09:00','4109842','8','',''),
('125538420959234','14:10:00','14:10:00','4109844','9','',''),
('125538420959234','14:11:00','14:11:00','4109846','10','',''),
('125538420959234','14:12:00','14:12:00','4109848','11','',''),
('125538420959234','14:13:00','14:13:00','4109850','12','',''),
('125538420959234','14:14:00','14:14:00','4109852','13','',''),
('125538420959234','14:15:00','14:15:00','4109854','14','',''),
('125538420959234','14:17:00','14:17:00','4109856','15','',''),
('125538420959234','14:18:00','14:18:00','4109857','16','',''),
('125538420959234','14:20:00','14:20:00','4109859','17','',''),
('125538420959234','14:21:00','14:21:00','4109860','18','',''),
('125538420959234','14:22:00','14:22:00','4109861','19','',''),
('1324809940959234','14:00:00','14:00:00','4109829','1','',''),
('1324809940959234','14:02:00','14:02:00','4109831','2','',''),
('1324809940959234','14:03:00','14:03:00','4109832','3','',''),
('1324809940959234','14:04:00','14:04:00','4109834','4','',''),
('1324809940959234','14:05:00','14:05:00','4109836','5','',''),
('1324809940959234','14:06:00','14:06:00','4109838','6','',''),
('1324809940959234','14:08:00','14:08:00','4109840','7','',''),
('1324809940959234','14:09:00','14:09:00','4109842','8','',''),
('1324809940959234','14:10:00','14:10:00','4109844','9','',''),
('1324809940959234','14:11:00','14:11:00','4109846','10','',''),
('1324809940959234','14:12:00','14:12:00','4109848','11','',''),
('1324809940959234','14:13:00','14:13:00','4109850','12','',''),
('1324809940959234','14:14:00','14:14:00','4109852','13','',''),
('1324809940959234','14:15:00','14:15:00','4109854','14','',''),
('1324809940959234','14:17:00','14:17:00','4109856','15','',''),
('1324809940959234','14:18:00','14:18:00','4109857','16','',''),
('1324809940959234','14:20:00','14:20:00','4109859','17','',''),
('1324809940959234','14:21:00','14:21:00','4109860','18','',''),
('1324809940959234','14:22:00','14:22:00','4109861','19','',''),
('1325538410959234','14:00:00','14:00:00','4109829','1','',''),
('1325538410959234','14:02:00','14:02:00','4109831','2','',''),
('1325538410959234','14:03:00','14:03:00','4109832','3','',''),
('1325538410959234','14:04:00','14:04:00','4109834','4','',''),
('1325538410959234','14:05:00','14:05:00','4109836','5','',''),
('1325538410959234','14:06:00','14:06:00','4109838','6','',''),
('1325538410959234','14:07:00','14:07:00','4109840','7','',''),
('1325538410959234','14:09:00','14:09:00','4109842','8','',''),
('1325538410959234','14:10:00','14:10:00','4109844','9','',''),
('1325538410959234','14:11:00','14:11:00','4109846','10','',''),
('1325538410959234','14:12:00','14:12:00','4109848','11','',''),
('1325538410959234','14:13:00','14:13:00','4109850','12','',''),
('1325538410959234','14:14:00','14:14:00','4109852','13','',''),
('1325538410959234','14:15:00','14:15:00','4109854','14','',''),
('1325538410959234','14:17:00','14:17:00','4109856','15','',''),
('1325538410959234','14:18:00','14:18:00','4109857','16','',''),
('1325538410959234','14:20:00','14:20:00','4109859','17','',''),
('1325538410959234','14:21:00','14:21:00','4109860','18','',''),
('1325538410959234','14:22:00','14:22:00','4109861','19','',''),
('1424809940959234','14:30:00','14:30:00','4109829','1','',''),
('1424809940959234','14:32:00','14:32:00','4109831','2','',''),
('1424809940959234','14:33:00','14:33:00','4109832','3','',''),
('1424809940959234','14:34:00','14:34:00','4109834','4','',''),
('1424809940959234','14:35:00','14:35:00','4109836','5','',''),
('1424809940959234','14:36:00','14:36:00','4109838','6','',''),
('1424809940959234','14:38:00','14:38:00','4109840','7','',''),
('1424809940959234','14:39:00','14:39:00','4109842','8','',''),
('1424809940959234','14:40:00','14:40:00','4109844','9','',''),
('1424809940959234','14:41:00','14:41:00','4109846','10','',''),
('1424809940959234','14:42:00','14:42:00','4109848','11','',''),
('1424809940959234','14:43:00','14:43:00','4109850','12','',''),
('1424809940959234','14:44:00','14:44:00','4109852','13','',''),
('1424809940959234','14:45:00','14:45:00','4109854','14','',''),
('1424809940959234','14:47:00','14:47:00','4109856','15','',''),
('1424809940959234','14:48:00','14:48:00','4109857','16','',''),
('1424809940959234','14:50:00','14:50:00','4109859','17','',''),
('1424809940959234','14:51:00','14:51:00','4109860','18','',''),
('1424809940959234','14:52:00','14:52:00','4109861','19','',''),
('1425538410959234','14:30:00','14:30:00','4109829','1','',''),
('1425538410959234','14:32:00','14:32:00','4109831','2','',''),
('1425538410959234','14:33:00','14:33:00','4109832','3','',''),
('1425538410959234','14:34:00','14:34:00','4109834','4','',''),
('1425538410959234','14:35:00','14:35:00','4109836','5','',''),
('1425538410959234','14:36:00','14:36:00','4109838','6','',''),
('1425538410959234','14:37:00','14:37:00','4109840','7','',''),
('1425538410959234','14:39:00','14:39:00','4109842','8','',''),
('1425538410959234','14:40:00','14:40:00','4109844','9','',''),
('1425538410959234','14:41:00','14:41:00','4109846','10','',''),
('1425538410959234','14:42:00','14:42:00','4109848','11','',''),
('1425538410959234','14:43:00','14:43:00','4109850','12','',''),
('1425538410959234','14:44:00','14:44:00','4109852','13','',''),
('1425538410959234','14:45:00','14:45:00','4109854','14','',''),
('1425538410959234','14:47:00','14:47:00','4109856','15','',''),
('1425538410959234','14:48:00','14:48:00','4109857','16','',''),
('1425538410959234','14:50:00','14:50:00','4109859','17','',''),
('1425538410959234','14:51:00','14:51:00','4109860','18','',''),
('1425538410959234','14:52:00','14:52:00','4109861','19','',''),
('1524809940959234','15:00:00','15:00:00','4109829','1','',''),
('1524809940959234','15:02:00','15:02:00','4109831','2','',''),
('1524809940959234','15:03:00','15:03:00','4109832','3','',''),
('1524809940959234','15:04:00','15:04:00','4109834','4','',''),
('1524809940959234','15:05:00','15:05:00','4109836','5','',''),
('1524809940959234','15:06:00','15:06:00','4109838','6','',''),
('1524809940959234','15:08:00','15:08:00','4109840','7','',''),
('1524809940959234','15:09:00','15:09:00','4109842','8','',''),
('1524809940959234','15:10:00','15:10:00','4109844','9','',''),
('1524809940959234','15:11:00','15:11:00','4109846','10','',''),
('1524809940959234','15:12:00','15:12:00','4109848','11','',''),
('1524809940959234','15:13:00','15:13:00','4109850','12','',''),
('1524809940959234','15:14:00','15:14:00','4109852','13','',''),
('1524809940959234','15:15:00','15:15:00','4109854','14','',''),
('1524809940959234','15:17:00','15:17:00','4109856','15','',''),
('1524809940959234','15:18:00','15:18:00','4109857','16','',''),
('1524809940959234','15:20:00','15:20:00','4109859','17','',''),
('1524809940959234','15:21:00','15:21:00','4109860','18','',''),
('1524809940959234','15:22:00','15:22:00','4109861','19','',''),
('1525538410959234','15:00:00','15:00:00','4109829','1','',''),
('1525538410959234','15:02:00','15:02:00','4109831','2','',''),
('1525538410959234','15:03:00','15:03:00','4109832','3','',''),
('1525538410959234','15:04:00','15:04:00','4109834','4','',''),
('1525538410959234','15:05:00','15:05:00','4109836','5','',''),
('1525538410959234','15:06:00','15:06:00','4109838','6','',''),
('1525538410959234','15:07:00','15:07:00','4109840','7','',''),
('1525538410959234','15:09:00','15:09:00','4109842','8','',''),
('1525538410959234','15:10:00','15:10:00','4109844','9','',''),
('1525538410959234','15:11:00','15:11:00','4109846','10','',''),
('1525538410959234','15:12:00','15:12:00','4109848','11','',''),
('1525538410959234','15:13:00','15:13:00','4109850','12','',''),
('1525538410959234','15:14:00','15:14:00','4109852','13','',''),
('1525538410959234','15:15:00','15:15:00','4109854','14','',''),
('1525538410959234','15:17:00','15:17:00','4109856','15','',''),
('1525538410959234','15:18:00','15:18:00','4109857','16','',''),
('1525538410959234','15:20:00','15:20:00','4109859','17','',''),
('1525538410959234','15:21:00','15:21:00','4109860','18','',''),
('1525538410959234','15:22:00','15:22:00','4109861','19','',''),
('1624809940959234','15:30:00','15:30:00','4109829','1','',''),
('1624809940959234','15:32:00','15:32:00','4109831','2','',''),
('1624809940959234','15:33:00','15:33:00','4109832','3','',''),
('1624809940959234','15:34:00','15:34:00','4109834','4','',''),
('1624809940959234','15:35:00','15:35:00','4109836','5','',''),
('1624809940959234','15:36:00','15:36:00','4109838','6','',''),
('1624809940959234','15:38:00','15:38:00','4109840','7','',''),
('1624809940959234','15:39:00','15:39:00','4109842','8','',''),
('1624809940959234','15:40:00','15:40:00','4109844','9','',''),
('1624809940959234','15:41:00','15:41:00','4109846','10','',''),
('1624809940959234','15:42:00','15:42:00','4109848','11','',''),
('1624809940959234','15:43:00','15:43:00','4109850','12','',''),
('1624809940959234','15:44:00','15:44:00','4109852','13','',''),
('1624809940959234','15:45:00','15:45:00','4109854','14','',''),
('1624809940959234','15:47:00','15:47:00','4109856','15','',''),
('1624809940959234','15:48:00','15:48:00','4109857','16','',''),
('1624809940959234','15:50:00','15:50:00','4109859','17','',''),
('1624809940959234','15:51:00','15:51:00','4109860','18','',''),
('1624809940959234','15:52:00','15:52:00','4109861','19','',''),
('1625538410959234','15:30:00','15:30:00','4109829','1','',''),
('1625538410959234','15:32:00','15:32:00','4109831','2','',''),
('1625538410959234','15:33:00','15:33:00','4109832','3','',''),
('1625538410959234','15:34:00','15:34:00','4109834','4','',''),
('1625538410959234','15:35:00','15:35:00','4109836','5','',''),
('1625538410959234','15:36:00','15:36:00','4109838','6','',''),
('1625538410959234','15:37:00','15:37:00','4109840','7','',''),
('1625538410959234','15:39:00','15:39:00','4109842','8','',''),
('1625538410959234','15:40:00','15:40:00','4109844','9','',''),
('1625538410959234','15:41:00','15:41:00','4109846','10','',''),
('1625538410959234','15:42:00','15:42:00','4109848','11','',''),
('1625538410959234','15:43:00','15:43:00','4109850','12','',''),
('1625538410959234','15:44:00','15:44:00','4109852','13','',''),
('1625538410959234','15:45:00','15:45:00','4109854','14','',''),
('1625538410959234','15:47:00','15:47:00','4109856','15','',''),
('1625538410959234','15:48:00','15:48:00','4109857','16','',''),
('1625538410959234','15:50:00','15:50:00','4109859','17','',''),
('1625538410959234','15:51:00','15:51:00','4109860','18','',''),
('1625538410959234','15:52:00','15:52:00','4109861','19','',''),
('1724809940959234','16:00:00','16:00:00','4109829','1','',''),
('1724809940959234','16:02:00','16:02:00','4109831','2','',''),
('1724809940959234','16:03:00','16:03:00','4109832','3','',''),
('1724809940959234','16:04:00','16:04:00','4109834','4','',''),
('1724809940959234','16:05:00','16:05:00','4109836','5','',''),
('1724809940959234','16:06:00','16:06:00','4109838','6','',''),
('1724809940959234','16:08:00','16:08:00','4109840','7','',''),
('1724809940959234','16:09:00','16:09:00','4109842','8','',''),
('1724809940959234','16:10:00','16:10:00','4109844','9','',''),
('1724809940959234','16:11:00','16:11:00','4109846','10','',''),
('1724809940959234','16:12:00','16:12:00','4109848','11','',''),
('1724809940959234','16:13:00','16:13:00','4109850','12','',''),
('1724809940959234','16:14:00','16:14:00','4109852','13','',''),
('1724809940959234','16:15:00','16:15:00','4109854','14','',''),
('1724809940959234','16:17:00','16:17:00','4109856','15','',''),
('1724809940959234','16:18:00','16:18:00','4109857','16','',''),
('1724809940959234','16:20:00','16:20:00','4109859','17','',''),
('1724809940959234','16:21:00','16:21:00','4109860','18','',''),
('1724809940959234','16:22:00','16:22:00','4109861','19','',''),
('1725538410959234','16:00:00','16:00:00','4109829','1','',''),
('1725538410959234','16:02:00','16:02:00','4109831','2','',''),
('1725538410959234','16:03:00','16:03:00','4109832','3','',''),
('1725538410959234','16:04:00','16:04:00','4109834','4','',''),
('1725538410959234','16:05:00','16:05:00','4109836','5','',''),
('1725538410959234','16:06:00','16:06:00','4109838','6','',''),
('1725538410959234','16:07:00','16:07:00','4109840','7','',''),
('1725538410959234','16:09:00','16:09:00','4109842','8','',''),
('1725538410959234','16:10:00','16:10:00','4109844','9','',''),
('1725538410959234','16:11:00','16:11:00','4109846','10','',''),
('1725538410959234','16:12:00','16:12:00','4109848','11','',''),
('1725538410959234','16:13:00','16:13:00','4109850','12','',''),
('1725538410959234','16:14:00','16:14:00','4109852','13','',''),
('1725538410959234','16:15:00','16:15:00','4109854','14','',''),
('1725538410959234','16:17:00','16:17:00','4109856','15','',''),
('1725538410959234','16:18:00','16:18:00','4109857','16','',''),
('1725538410959234','16:20:00','16:20:00','4109859','17','',''),
('1725538410959234','16:21:00','16:21:00','4109860','18','',''),
('1725538410959234','16:22:00','16:22:00','4109861','19','',''),
('1824809940959234','16:30:00','16:30:00','4109829','1','',''),
('1824809940959234','16:32:00','16:32:00','4109831','2','',''),
('1824809940959234','16:33:00','16:33:00','4109832','3','',''),
('1824809940959234','16:34:00','16:34:00','4109834','4','',''),
('1824809940959234','16:35:00','16:35:00','4109836','5','',''),
('1824809940959234','16:36:00','16:36:00','4109838','6','',''),
('1824809940959234','16:38:00','16:38:00','4109840','7','',''),
('1824809940959234','16:39:00','16:39:00','4109842','8','',''),
('1824809940959234','16:40:00','16:40:00','4109844','9','',''),
('1824809940959234','16:41:00','16:41:00','4109846','10','',''),
('1824809940959234','16:42:00','16:42:00','4109848','11','',''),
('1824809940959234','16:43:00','16:43:00','4109850','12','',''),
('1824809940959234','16:44:00','16:44:00','4109852','13','',''),
('1824809940959234','16:45:00','16:45:00','4109854','14','',''),
('1824809940959234','16:47:00','16:47:00','4109856','15','',''),
('1824809940959234','16:48:00','16:48:00','4109857','16','',''),
('1824809940959234','16:50:00','16:50:00','4109859','17','',''),
('1824809940959234','16:51:00','16:51:00','4109860','18','',''),
('1824809940959234','16:52:00','16:52:00','4109861','19','',''),
('1825538410959234','16:30:00','16:30:00','4109829','1','',''),
('1825538410959234','16:32:00','16:32:00','4109831','2','',''),
('1825538410959234','16:33:00','16:33:00','4109832','3','',''),
('1825538410959234','16:34:00','16:34:00','4109834','4','',''),
('1825538410959234','16:35:00','16:35:00','4109836','5','',''),
('1825538410959234','16:36:00','16:36:00','4109838','6','',''),
('1825538410959234','16:37:00','16:37:00','4109840','7','',''),
('1825538410959234','16:39:00','16:39:00','4109842','8','',''),
('1825538410959234','16:40:00','16:40:00','4109844','9','',''),
('1825538410959234','16:41:00','16:41:00','4109846','10','',''),
('1825538410959234','16:42:00','16:42:00','4109848','11','',''),
('1825538410959234','16:43:00','16:43:00','4109850','12','',''),
('1825538410959234','16:44:00','16:44:00','4109852','13','',''),
('1825538410959234','16:45:00','16:45:00','4109854','14','',''),
('1825538410959234','16:47:00','16:47:00','4109856','15','',''),
('1825538410959234','16:48:00','16:48:00','4109857','16','',''),
('1825538410959234','16:50:00','16:50:00','4109859','17','',''),
('1825538410959234','16:51:00','16:51:00','4109860','18','',''),
('1825538410959234','16:52:00','16:52:00','4109861','19','',''),
('1924809940959234','17:00:00','17:00:00','4109829','1','',''),
('1924809940959234','17:02:00','17:02:00','4109831','2','',''),
('1924809940959234','17:03:00','17:03:00','4109832','3','',''),
('1924809940959234','17:05:00','17:05:00','4109834','4','',''),
('1924809940959234','17:06:00','17:06:00','4109836','5','',''),
('1924809940959234','17:08:00','17:08:00','4109838','6','',''),
('1924809940959234','17:09:00','17:09:00','4109840','7','',''),
('1924809940959234','17:11:00','17:11:00','4109842','8','',''),
('1924809940959234','17:12:00','17:12:00','4109844','9','',''),
('1924809940959234','17:13:00','17:13:00','4109846','10','',''),
('1924809940959234','17:14:00','17:14:00','4109848','11','',''),
('1924809940959234','17:15:00','17:15:00','4109850','12','',''),
('1924809940959234','17:17:00','17:17:00','4109852','13','',''),
('1924809940959234','17:18:00','17:18:00','4109854','14','',''),
('1924809940959234','17:20:00','17:20:00','4109856','15','',''),
('1924809940959234','17:22:00','17:22:00','4109857','16','',''),
('1924809940959234','17:25:00','17:25:00','4109859','17','',''),
('1924809940959234','17:27:00','17:27:00','4109860','18','',''),
('1924809940959234','17:29:00','17:29:00','4109861','19','',''),
('1925538410959234','17:00:00','17:00:00','4109829','1','',''),
('1925538410959234','17:02:00','17:02:00','4109831','2','',''),
('1925538410959234','17:03:00','17:03:00','4109832','3','',''),
('1925538410959234','17:05:00','17:05:00','4109834','4','',''),
('1925538410959234','17:06:00','17:06:00','4109836','5','',''),
('1925538410959234','17:07:00','17:07:00','4109838','6','',''),
('1925538410959234','17:09:00','17:09:00','4109840','7','',''),
('1925538410959234','17:10:00','17:10:00','4109842','8','',''),
('1925538410959234','17:12:00','17:12:00','4109844','9','',''),
('1925538410959234','17:13:00','17:13:00','4109846','10','',''),
('1925538410959234','17:14:00','17:14:00','4109848','11','',''),
('1925538410959234','17:15:00','17:15:00','4109850','12','',''),
('1925538410959234','17:17:00','17:17:00','4109852','13','',''),
('1925538410959234','17:18:00','17:18:00','4109854','14','',''),
('1925538410959234','17:20:00','17:20:00','4109856','15','',''),
('1925538410959234','17:22:00','17:22:00','4109857','16','',''),
('1925538410959234','17:25:00','17:25:00','4109859','17','',''),
('1925538410959234','17:27:00','17:27:00','4109860','18','',''),
('1925538410959234','17:29:00','17:29:00','4109861','19','',''),
('2024809940959234','17:35:00','17:35:00','4109829','1','',''),
('2024809940959234','17:37:00','17:37:00','4109831','2','',''),
('2024809940959234','17:38:00','17:38:00','4109832','3','',''),
('2024809940959234','17:40:00','17:40:00','4109834','4','',''),
('2024809940959234','17:41:00','17:41:00','4109836','5','',''),
('2024809940959234','17:43:00','17:43:00','4109838','6','',''),
('2024809940959234','17:44:00','17:44:00','4109840','7','',''),
('2024809940959234','17:46:00','17:46:00','4109842','8','',''),
('2024809940959234','17:47:00','17:47:00','4109844','9','',''),
('2024809940959234','17:48:00','17:48:00','4109846','10','',''),
('2024809940959234','17:49:00','17:49:00','4109848','11','',''),
('2024809940959234','17:50:00','17:50:00','4109850','12','',''),
('2024809940959234','17:52:00','17:52:00','4109852','13','',''),
('2024809940959234','17:53:00','17:53:00','4109854','14','',''),
('2024809940959234','17:55:00','17:55:00','4109856','15','',''),
('2024809940959234','17:57:00','17:57:00','4109857','16','',''),
('2024809940959234','18:00:00','18:00:00','4109859','17','',''),
('2024809940959234','18:02:00','18:02:00','4109860','18','',''),
('2024809940959234','18:04:00','18:04:00','4109861','19','',''),
('2025538410959234','17:35:00','17:35:00','4109829','1','',''),
('2025538410959234','17:37:00','17:37:00','4109831','2','',''),
('2025538410959234','17:38:00','17:38:00','4109832','3','',''),
('2025538410959234','17:40:00','17:40:00','4109834','4','',''),
('2025538410959234','17:41:00','17:41:00','4109836','5','',''),
('2025538410959234','17:42:00','17:42:00','4109838','6','',''),
('2025538410959234','17:44:00','17:44:00','4109840','7','',''),
('2025538410959234','17:45:00','17:45:00','4109842','8','',''),
('2025538410959234','17:47:00','17:47:00','4109844','9','',''),
('2025538410959234','17:48:00','17:48:00','4109846','10','',''),
('2025538410959234','17:49:00','17:49:00','4109848','11','',''),
('2025538410959234','17:50:00','17:50:00','4109850','12','',''),
('2025538410959234','17:52:00','17:52:00','4109852','13','',''),
('2025538410959234','17:53:00','17:53:00','4109854','14','',''),
('2025538410959234','17:55:00','17:55:00','4109856','15','',''),
('2025538410959234','17:57:00','17:57:00','4109857','16','',''),
('2025538410959234','18:00:00','18:00:00','4109859','17','',''),
('2025538410959234','18:02:00','18:02:00','4109860','18','',''),
('2025538410959234','18:04:00','18:04:00','4109861','19','',''),
('2124809940959234','18:10:00','18:10:00','4109829','1','',''),
('2124809940959234','18:12:00','18:12:00','4109831','2','',''),
('2124809940959234','18:13:00','18:13:00','4109832','3','',''),
('2124809940959234','18:15:00','18:15:00','4109834','4','',''),
('2124809940959234','18:16:00','18:16:00','4109836','5','',''),
('2124809940959234','18:18:00','18:18:00','4109838','6','',''),
('2124809940959234','18:19:00','18:19:00','4109840','7','',''),
('2124809940959234','18:21:00','18:21:00','4109842','8','',''),
('2124809940959234','18:22:00','18:22:00','4109844','9','',''),
('2124809940959234','18:23:00','18:23:00','4109846','10','',''),
('2124809940959234','18:24:00','18:24:00','4109848','11','',''),
('2124809940959234','18:25:00','18:25:00','4109850','12','',''),
('2124809940959234','18:27:00','18:27:00','4109852','13','',''),
('2124809940959234','18:28:00','18:28:00','4109854','14','',''),
('2124809940959234','18:30:00','18:30:00','4109856','15','',''),
('2124809940959234','18:32:00','18:32:00','4109857','16','',''),
('2124809940959234','18:35:00','18:35:00','4109859','17','',''),
('2124809940959234','18:37:00','18:37:00','4109860','18','',''),
('2124809940959234','18:39:00','18:39:00','4109861','19','',''),
('2125538410959234','18:10:00','18:10:00','4109829','1','',''),
('2125538410959234','18:12:00','18:12:00','4109831','2','',''),
('2125538410959234','18:13:00','18:13:00','4109832','3','',''),
('2125538410959234','18:15:00','18:15:00','4109834','4','',''),
('2125538410959234','18:16:00','18:16:00','4109836','5','',''),
('2125538410959234','18:17:00','18:17:00','4109838','6','',''),
('2125538410959234','18:19:00','18:19:00','4109840','7','',''),
('2125538410959234','18:20:00','18:20:00','4109842','8','',''),
('2125538410959234','18:22:00','18:22:00','4109844','9','',''),
('2125538410959234','18:23:00','18:23:00','4109846','10','',''),
('2125538410959234','18:24:00','18:24:00','4109848','11','',''),
('2125538410959234','18:25:00','18:25:00','4109850','12','',''),
('2125538410959234','18:27:00','18:27:00','4109852','13','',''),
('2125538410959234','18:28:00','18:28:00','4109854','14','',''),
('2125538410959234','18:30:00','18:30:00','4109856','15','',''),
('2125538410959234','18:32:00','18:32:00','4109857','16','',''),
('2125538410959234','18:35:00','18:35:00','4109859','17','',''),
('2125538410959234','18:37:00','18:37:00','4109860','18','',''),
('2125538410959234','18:39:00','18:39:00','4109861','19','',''),
('2224809940959234','18:45:00','18:45:00','4109829','1','',''),
('2224809940959234','18:47:00','18:47:00','4109831','2','',''),
('2224809940959234','18:48:00','18:48:00','4109832','3','',''),
('2224809940959234','18:49:00','18:49:00','4109834','4','',''),
('2224809940959234','18:50:00','18:50:00','4109836','5','',''),
('2224809940959234','18:51:00','18:51:00','4109838','6','',''),
('2224809940959234','18:53:00','18:53:00','4109840','7','',''),
('2224809940959234','18:54:00','18:54:00','4109842','8','',''),
('2224809940959234','18:55:00','18:55:00','4109844','9','',''),
('2224809940959234','18:56:00','18:56:00','4109846','10','',''),
('2224809940959234','18:57:00','18:57:00','4109848','11','',''),
('2224809940959234','18:58:00','18:58:00','4109850','12','',''),
('2224809940959234','18:59:00','18:59:00','4109852','13','',''),
('2224809940959234','19:00:00','19:00:00','4109854','14','',''),
('2224809940959234','19:02:00','19:02:00','4109856','15','',''),
('2224809940959234','19:03:00','19:03:00','4109857','16','',''),
('2224809940959234','19:05:00','19:05:00','4109859','17','',''),
('2224809940959234','19:06:00','19:06:00','4109860','18','',''),
('2224809940959234','19:07:00','19:07:00','4109861','19','',''),
('2225538410959234','18:45:00','18:45:00','4109829','1','',''),
('2225538410959234','18:47:00','18:47:00','4109831','2','',''),
('2225538410959234','18:48:00','18:48:00','4109832','3','',''),
('2225538410959234','18:49:00','18:49:00','4109834','4','',''),
('2225538410959234','18:50:00','18:50:00','4109836','5','',''),
('2225538410959234','18:51:00','18:51:00','4109838','6','',''),
('2225538410959234','18:52:00','18:52:00','4109840','7','',''),
('2225538410959234','18:54:00','18:54:00','4109842','8','',''),
('2225538410959234','18:55:00','18:55:00','4109844','9','',''),
('2225538410959234','18:56:00','18:56:00','4109846','10','',''),
('2225538410959234','18:57:00','18:57:00','4109848','11','',''),
('2225538410959234','18:58:00','18:58:00','4109850','12','',''),
('2225538410959234','18:59:00','18:59:00','4109852','13','',''),
('2225538410959234','19:00:00','19:00:00','4109854','14','',''),
('2225538410959234','19:02:00','19:02:00','4109856','15','',''),
('2225538410959234','19:03:00','19:03:00','4109857','16','',''),
('2225538410959234','19:05:00','19:05:00','4109859','17','',''),
('2225538410959234','19:06:00','19:06:00','4109860','18','',''),
('2225538410959234','19:07:00','19:07:00','4109861','19','',''),
('224809940959234','07:30:00','07:30:00','4109829','1','',''),
('224809940959234','07:32:00','07:32:00','4109831','2','',''),
('224809940959234','07:33:00','07:33:00','4109832','3','',''),
('224809940959234','07:34:00','07:34:00','4109834','4','',''),
('224809940959234','07:35:00','07:35:00','4109836','5','',''),
('224809940959234','07:36:00','07:36:00','4109838','6','',''),
('224809940959234','07:38:00','07:38:00','4109840','7','',''),
('224809940959234','07:39:00','07:39:00','4109842','8','',''),
('224809940959234','07:40:00','07:40:00','4109844','9','',''),
('224809940959234','07:41:00','07:41:00','4109846','10','',''),
('224809940959234','07:42:00','07:42:00','4109848','11','',''),
('224809940959234','07:43:00','07:43:00','4109850','12','',''),
('224809940959234','07:44:00','07:44:00','4109852','13','',''),
('224809940959234','07:45:00','07:45:00','4109854','14','',''),
('224809940959234','07:47:00','07:47:00','4109856','15','',''),
('224809940959234','07:48:00','07:48:00','4109857','16','',''),
('224809940959234','07:50:00','07:50:00','4109859','17','',''),
('224809940959234','07:51:00','07:51:00','4109860','18','',''),
('224809940959234','07:52:00','07:52:00','4109861','19','',''),
('224809950959234','14:30:00','14:30:00','4109829','1','',''),
('224809950959234','14:32:00','14:32:00','4109831','2','',''),
('224809950959234','14:33:00','14:33:00','4109832','3','',''),
('224809950959234','14:34:00','14:34:00','4109834','4','',''),
('224809950959234','14:35:00','14:35:00','4109836','5','',''),
('224809950959234','14:36:00','14:36:00','4109838','6','',''),
('224809950959234','14:38:00','14:38:00','4109840','7','',''),
('224809950959234','14:39:00','14:39:00','4109842','8','',''),
('224809950959234','14:40:00','14:40:00','4109844','9','',''),
('224809950959234','14:41:00','14:41:00','4109846','10','',''),
('224809950959234','14:42:00','14:42:00','4109848','11','',''),
('224809950959234','14:43:00','14:43:00','4109850','12','',''),
('224809950959234','14:44:00','14:44:00','4109852','13','',''),
('224809950959234','14:45:00','14:45:00','4109854','14','',''),
('224809950959234','14:47:00','14:47:00','4109856','15','',''),
('224809950959234','14:48:00','14:48:00','4109857','16','',''),
('224809950959234','14:50:00','14:50:00','4109859','17','',''),
('224809950959234','14:51:00','14:51:00','4109860','18','',''),
('224809950959234','14:52:00','14:52:00','4109861','19','',''),
('225538410959234','07:30:00','07:30:00','4109829','1','',''),
('225538410959234','07:32:00','07:32:00','4109831','2','',''),
('225538410959234','07:33:00','07:33:00','4109832','3','',''),
('225538410959234','07:34:00','07:34:00','4109834','4','',''),
('225538410959234','07:35:00','07:35:00','4109836','5','',''),
('225538410959234','07:36:00','07:36:00','4109838','6','',''),
('225538410959234','07:37:00','07:37:00','4109840','7','',''),
('225538410959234','07:39:00','07:39:00','4109842','8','',''),
('225538410959234','07:40:00','07:40:00','4109844','9','',''),
('225538410959234','07:41:00','07:41:00','4109846','10','',''),
('225538410959234','07:42:00','07:42:00','4109848','11','',''),
('225538410959234','07:43:00','07:43:00','4109850','12','',''),
('225538410959234','07:44:00','07:44:00','4109852','13','',''),
('225538410959234','07:45:00','07:45:00','4109854','14','',''),
('225538410959234','07:47:00','07:47:00','4109856','15','',''),
('225538410959234','07:48:00','07:48:00','4109857','16','',''),
('225538410959234','07:50:00','07:50:00','4109859','17','',''),
('225538410959234','07:51:00','07:51:00','4109860','18','',''),
('225538410959234','07:52:00','07:52:00','4109861','19','',''),
('225538420959234','14:30:00','14:30:00','4109829','1','',''),
('225538420959234','14:32:00','14:32:00','4109831','2','',''),
('225538420959234','14:33:00','14:33:00','4109832','3','',''),
('225538420959234','14:34:00','14:34:00','4109834','4','',''),
('225538420959234','14:35:00','14:35:00','4109836','5','',''),
('225538420959234','14:36:00','14:36:00','4109838','6','',''),
('225538420959234','14:37:00','14:37:00','4109840','7','',''),
('225538420959234','14:39:00','14:39:00','4109842','8','',''),
('225538420959234','14:40:00','14:40:00','4109844','9','',''),
('225538420959234','14:41:00','14:41:00','4109846','10','',''),
('225538420959234','14:42:00','14:42:00','4109848','11','',''),
('225538420959234','14:43:00','14:43:00','4109850','12','',''),
('225538420959234','14:44:00','14:44:00','4109852','13','',''),
('225538420959234','14:45:00','14:45:00','4109854','14','',''),
('225538420959234','14:47:00','14:47:00','4109856','15','',''),
('225538420959234','14:48:00','14:48:00','4109857','16','',''),
('225538420959234','14:50:00','14:50:00','4109859','17','',''),
('225538420959234','14:51:00','14:51:00','4109860','18','',''),
('225538420959234','14:52:00','14:52:00','4109861','19','',''),
('2324809940959234','19:15:00','19:15:00','4109829','1','',''),
('2324809940959234','19:17:00','19:17:00','4109831','2','',''),
('2324809940959234','19:18:00','19:18:00','4109832','3','',''),
('2324809940959234','19:19:00','19:19:00','4109834','4','',''),
('2324809940959234','19:20:00','19:20:00','4109836','5','',''),
('2324809940959234','19:21:00','19:21:00','4109838','6','',''),
('2324809940959234','19:23:00','19:23:00','4109840','7','',''),
('2324809940959234','19:24:00','19:24:00','4109842','8','',''),
('2324809940959234','19:25:00','19:25:00','4109844','9','',''),
('2324809940959234','19:26:00','19:26:00','4109846','10','',''),
('2324809940959234','19:27:00','19:27:00','4109848','11','',''),
('2324809940959234','19:28:00','19:28:00','4109850','12','',''),
('2324809940959234','19:29:00','19:29:00','4109852','13','',''),
('2324809940959234','19:30:00','19:30:00','4109854','14','',''),
('2324809940959234','19:32:00','19:32:00','4109856','15','',''),
('2324809940959234','19:33:00','19:33:00','4109857','16','',''),
('2324809940959234','19:35:00','19:35:00','4109859','17','',''),
('2324809940959234','19:36:00','19:36:00','4109860','18','',''),
('2324809940959234','19:37:00','19:37:00','4109861','19','',''),
('2325538410959234','19:15:00','19:15:00','4109829','1','',''),
('2325538410959234','19:17:00','19:17:00','4109831','2','',''),
('2325538410959234','19:18:00','19:18:00','4109832','3','',''),
('2325538410959234','19:19:00','19:19:00','4109834','4','',''),
('2325538410959234','19:20:00','19:20:00','4109836','5','',''),
('2325538410959234','19:21:00','19:21:00','4109838','6','',''),
('2325538410959234','19:22:00','19:22:00','4109840','7','',''),
('2325538410959234','19:24:00','19:24:00','4109842','8','',''),
('2325538410959234','19:25:00','19:25:00','4109844','9','',''),
('2325538410959234','19:26:00','19:26:00','4109846','10','',''),
('2325538410959234','19:27:00','19:27:00','4109848','11','',''),
('2325538410959234','19:28:00','19:28:00','4109850','12','',''),
('2325538410959234','19:29:00','19:29:00','4109852','13','',''),
('2325538410959234','19:30:00','19:30:00','4109854','14','',''),
('2325538410959234','19:32:00','19:32:00','4109856','15','',''),
('2325538410959234','19:33:00','19:33:00','4109857','16','',''),
('2325538410959234','19:35:00','19:35:00','4109859','17','',''),
('2325538410959234','19:36:00','19:36:00','4109860','18','',''),
('2325538410959234','19:37:00','19:37:00','4109861','19','',''),
('324809940959234','08:05:00','08:05:00','4109829','1','',''),
('324809940959234','08:07:00','08:07:00','4109831','2','',''),
('324809940959234','08:08:00','08:08:00','4109832','3','',''),
('324809940959234','08:10:00','08:10:00','4109834','4','',''),
('324809940959234','08:11:00','08:11:00','4109836','5','',''),
('324809940959234','08:13:00','08:13:00','4109838','6','',''),
('324809940959234','08:15:00','08:15:00','4109840','7','',''),
('324809940959234','08:16:00','08:16:00','4109842','8','',''),
('324809940959234','08:18:00','08:18:00','4109844','9','',''),
('324809940959234','08:19:00','08:19:00','4109846','10','',''),
('324809940959234','08:20:00','08:20:00','4109848','11','',''),
('324809940959234','08:21:00','08:21:00','4109850','12','',''),
('324809940959234','08:23:00','08:23:00','4109852','13','',''),
('324809940959234','08:24:00','08:24:00','4109854','14','',''),
('324809940959234','08:26:00','08:26:00','4109856','15','',''),
('324809940959234','08:29:00','08:29:00','4109857','16','',''),
('324809940959234','08:32:00','08:32:00','4109859','17','',''),
('324809940959234','08:34:00','08:34:00','4109860','18','',''),
('324809940959234','08:37:00','08:37:00','4109861','19','',''),
('324809950959234','15:00:00','15:00:00','4109829','1','',''),
('324809950959234','15:02:00','15:02:00','4109831','2','',''),
('324809950959234','15:03:00','15:03:00','4109832','3','',''),
('324809950959234','15:04:00','15:04:00','4109834','4','',''),
('324809950959234','15:05:00','15:05:00','4109836','5','',''),
('324809950959234','15:06:00','15:06:00','4109838','6','',''),
('324809950959234','15:08:00','15:08:00','4109840','7','',''),
('324809950959234','15:09:00','15:09:00','4109842','8','',''),
('324809950959234','15:10:00','15:10:00','4109844','9','',''),
('324809950959234','15:11:00','15:11:00','4109846','10','',''),
('324809950959234','15:12:00','15:12:00','4109848','11','',''),
('324809950959234','15:13:00','15:13:00','4109850','12','',''),
('324809950959234','15:14:00','15:14:00','4109852','13','',''),
('324809950959234','15:15:00','15:15:00','4109854','14','',''),
('324809950959234','15:17:00','15:17:00','4109856','15','',''),
('324809950959234','15:18:00','15:18:00','4109857','16','',''),
('324809950959234','15:20:00','15:20:00','4109859','17','',''),
('324809950959234','15:21:00','15:21:00','4109860','18','',''),
('324809950959234','15:22:00','15:22:00','4109861','19','',''),
('325538410959234','08:05:00','08:05:00','4109829','1','',''),
('325538410959234','08:07:00','08:07:00','4109831','2','',''),
('325538410959234','08:08:00','08:08:00','4109832','3','',''),
('325538410959234','08:10:00','08:10:00','4109834','4','',''),
('325538410959234','08:11:00','08:11:00','4109836','5','',''),
('325538410959234','08:13:00','08:13:00','4109838','6','',''),
('325538410959234','08:14:00','08:14:00','4109840','7','',''),
('325538410959234','08:16:00','08:16:00','4109842','8','',''),
('325538410959234','08:18:00','08:18:00','4109844','9','',''),
('325538410959234','08:19:00','08:19:00','4109846','10','',''),
('325538410959234','08:20:00','08:20:00','4109848','11','',''),
('325538410959234','08:21:00','08:21:00','4109850','12','',''),
('325538410959234','08:23:00','08:23:00','4109852','13','',''),
('325538410959234','08:24:00','08:24:00','4109854','14','',''),
('325538410959234','08:26:00','08:26:00','4109856','15','',''),
('325538410959234','08:29:00','08:29:00','4109857','16','',''),
('325538410959234','08:32:00','08:32:00','4109859','17','',''),
('325538410959234','08:34:00','08:34:00','4109860','18','',''),
('325538410959234','08:37:00','08:37:00','4109861','19','',''),
('325538420959234','15:00:00','15:00:00','4109829','1','',''),
('325538420959234','15:02:00','15:02:00','4109831','2','',''),
('325538420959234','15:03:00','15:03:00','4109832','3','',''),
('325538420959234','15:04:00','15:04:00','4109834','4','',''),
('325538420959234','15:05:00','15:05:00','4109836','5','',''),
('325538420959234','15:06:00','15:06:00','4109838','6','',''),
('325538420959234','15:07:00','15:07:00','4109840','7','',''),
('325538420959234','15:09:00','15:09:00','4109842','8','',''),
('325538420959234','15:10:00','15:10:00','4109844','9','',''),
('325538420959234','15:11:00','15:11:00','4109846','10','',''),
('325538420959234','15:12:00','15:12:00','4109848','11','',''),
('325538420959234','15:13:00','15:13:00','4109850','12','',''),
('325538420959234','15:14:00','15:14:00','4109852','13','',''),
('325538420959234','15:15:00','15:15:00','4109854','14','',''),
('325538420959234','15:17:00','15:17:00','4109856','15','',''),
('325538420959234','15:18:00','15:18:00','4109857','16','',''),
('325538420959234','15:20:00','15:20:00','4109859','17','',''),
('325538420959234','15:21:00','15:21:00','4109860','18','',''),
('325538420959234','15:22:00','15:22:00','4109861','19','',''),
('424809940959234','08:40:00','08:40:00','4109829','1','',''),
('424809940959234','08:42:00','08:42:00','4109831','2','',''),
('424809940959234','08:43:00','08:43:00','4109832','3','',''),
('424809940959234','08:45:00','08:45:00','4109834','4','',''),
('424809940959234','08:46:00','08:46:00','4109836','5','',''),
('424809940959234','08:48:00','08:48:00','4109838','6','',''),
('424809940959234','08:50:00','08:50:00','4109840','7','',''),
('424809940959234','08:51:00','08:51:00','4109842','8','',''),
('424809940959234','08:53:00','08:53:00','4109844','9','',''),
('424809940959234','08:54:00','08:54:00','4109846','10','',''),
('424809940959234','08:55:00','08:55:00','4109848','11','',''),
('424809940959234','08:56:00','08:56:00','4109850','12','',''),
('424809940959234','08:58:00','08:58:00','4109852','13','',''),
('424809940959234','08:59:00','08:59:00','4109854','14','',''),
('424809940959234','09:01:00','09:01:00','4109856','15','',''),
('424809940959234','09:04:00','09:04:00','4109857','16','',''),
('424809940959234','09:07:00','09:07:00','4109859','17','',''),
('424809940959234','09:09:00','09:09:00','4109860','18','',''),
('424809940959234','09:12:00','09:12:00','4109861','19','',''),
('424809950959234','15:30:00','15:30:00','4109829','1','',''),
('424809950959234','15:32:00','15:32:00','4109831','2','',''),
('424809950959234','15:33:00','15:33:00','4109832','3','',''),
('424809950959234','15:34:00','15:34:00','4109834','4','',''),
('424809950959234','15:35:00','15:35:00','4109836','5','',''),
('424809950959234','15:36:00','15:36:00','4109838','6','',''),
('424809950959234','15:38:00','15:38:00','4109840','7','',''),
('424809950959234','15:39:00','15:39:00','4109842','8','',''),
('424809950959234','15:40:00','15:40:00','4109844','9','',''),
('424809950959234','15:41:00','15:41:00','4109846','10','',''),
('424809950959234','15:42:00','15:42:00','4109848','11','',''),
('424809950959234','15:43:00','15:43:00','4109850','12','',''),
('424809950959234','15:44:00','15:44:00','4109852','13','',''),
('424809950959234','15:45:00','15:45:00','4109854','14','',''),
('424809950959234','15:47:00','15:47:00','4109856','15','',''),
('424809950959234','15:48:00','15:48:00','4109857','16','',''),
('424809950959234','15:50:00','15:50:00','4109859','17','',''),
('424809950959234','15:51:00','15:51:00','4109860','18','',''),
('424809950959234','15:52:00','15:52:00','4109861','19','',''),
('425538410959234','08:40:00','08:40:00','4109829','1','',''),
('425538410959234','08:42:00','08:42:00','4109831','2','',''),
('425538410959234','08:43:00','08:43:00','4109832','3','',''),
('425538410959234','08:45:00','08:45:00','4109834','4','',''),
('425538410959234','08:46:00','08:46:00','4109836','5','',''),
('425538410959234','08:48:00','08:48:00','4109838','6','',''),
('425538410959234','08:49:00','08:49:00','4109840','7','',''),
('425538410959234','08:51:00','08:51:00','4109842','8','',''),
('425538410959234','08:53:00','08:53:00','4109844','9','',''),
('425538410959234','08:54:00','08:54:00','4109846','10','',''),
('425538410959234','08:55:00','08:55:00','4109848','11','',''),
('425538410959234','08:56:00','08:56:00','4109850','12','',''),
('425538410959234','08:58:00','08:58:00','4109852','13','',''),
('425538410959234','08:59:00','08:59:00','4109854','14','',''),
('425538410959234','09:01:00','09:01:00','4109856','15','',''),
('425538410959234','09:04:00','09:04:00','4109857','16','',''),
('425538410959234','09:07:00','09:07:00','4109859','17','',''),
('425538410959234','09:09:00','09:09:00','4109860','18','',''),
('425538410959234','09:12:00','09:12:00','4109861','19','',''),
('425538420959234','15:30:00','15:30:00','4109829','1','',''),
('425538420959234','15:32:00','15:32:00','4109831','2','',''),
('425538420959234','15:33:00','15:33:00','4109832','3','',''),
('425538420959234','15:34:00','15:34:00','4109834','4','',''),
('425538420959234','15:35:00','15:35:00','4109836','5','',''),
('425538420959234','15:36:00','15:36:00','4109838','6','',''),
('425538420959234','15:37:00','15:37:00','4109840','7','',''),
('425538420959234','15:39:00','15:39:00','4109842','8','',''),
('425538420959234','15:40:00','15:40:00','4109844','9','',''),
('425538420959234','15:41:00','15:41:00','4109846','10','',''),
('425538420959234','15:42:00','15:42:00','4109848','11','',''),
('425538420959234','15:43:00','15:43:00','4109850','12','',''),
('425538420959234','15:44:00','15:44:00','4109852','13','',''),
('425538420959234','15:45:00','15:45:00','4109854','14','',''),
('425538420959234','15:47:00','15:47:00','4109856','15','',''),
('425538420959234','15:48:00','15:48:00','4109857','16','',''),
('425538420959234','15:50:00','15:50:00','4109859','17','',''),
('425538420959234','15:51:00','15:51:00','4109860','18','',''),
('425538420959234','15:52:00','15:52:00','4109861','19','',''),
('524809940959234','09:15:00','09:15:00','4109829','1','',''),
('524809940959234','09:17:00','09:17:00','4109831','2','',''),
('524809940959234','09:18:00','09:18:00','4109832','3','',''),
('524809940959234','09:19:00','09:19:00','4109834','4','',''),
('524809940959234','09:20:00','09:20:00','4109836','5','',''),
('524809940959234','09:22:00','09:22:00','4109838','6','',''),
('524809940959234','09:23:00','09:23:00','4109840','7','',''),
('524809940959234','09:25:00','09:25:00','4109842','8','',''),
('524809940959234','09:26:00','09:26:00','4109844','9','',''),
('524809940959234','09:27:00','09:27:00','4109846','10','',''),
('524809940959234','09:28:00','09:28:00','4109848','11','',''),
('524809940959234','09:29:00','09:29:00','4109850','12','',''),
('524809940959234','09:30:00','09:30:00','4109852','13','',''),
('524809940959234','09:31:00','09:31:00','4109854','14','',''),
('524809940959234','09:33:00','09:33:00','4109856','15','',''),
('524809940959234','09:35:00','09:35:00','4109857','16','',''),
('524809940959234','09:37:00','09:37:00','4109859','17','',''),
('524809940959234','09:38:00','09:38:00','4109860','18','',''),
('524809940959234','09:40:00','09:40:00','4109861','19','',''),
('524809950959234','16:00:00','16:00:00','4109829','1','',''),
('524809950959234','16:02:00','16:02:00','4109831','2','',''),
('524809950959234','16:03:00','16:03:00','4109832','3','',''),
('524809950959234','16:04:00','16:04:00','4109834','4','',''),
('524809950959234','16:05:00','16:05:00','4109836','5','',''),
('524809950959234','16:06:00','16:06:00','4109838','6','',''),
('524809950959234','16:08:00','16:08:00','4109840','7','',''),
('524809950959234','16:09:00','16:09:00','4109842','8','',''),
('524809950959234','16:10:00','16:10:00','4109844','9','',''),
('524809950959234','16:11:00','16:11:00','4109846','10','',''),
('524809950959234','16:12:00','16:12:00','4109848','11','',''),
('524809950959234','16:13:00','16:13:00','4109850','12','',''),
('524809950959234','16:14:00','16:14:00','4109852','13','',''),
('524809950959234','16:15:00','16:15:00','4109854','14','',''),
('524809950959234','16:17:00','16:17:00','4109856','15','',''),
('524809950959234','16:18:00','16:18:00','4109857','16','',''),
('524809950959234','16:20:00','16:20:00','4109859','17','',''),
('524809950959234','16:21:00','16:21:00','4109860','18','',''),
('524809950959234','16:22:00','16:22:00','4109861','19','',''),
('525538410959234','09:15:00','09:15:00','4109829','1','',''),
('525538410959234','09:17:00','09:17:00','4109831','2','',''),
('525538410959234','09:18:00','09:18:00','4109832','3','',''),
('525538410959234','09:19:00','09:19:00','4109834','4','',''),
('525538410959234','09:20:00','09:20:00','4109836','5','',''),
('525538410959234','09:21:00','09:21:00','4109838','6','',''),
('525538410959234','09:23:00','09:23:00','4109840','7','',''),
('525538410959234','09:24:00','09:24:00','4109842','8','',''),
('525538410959234','09:26:00','09:26:00','4109844','9','',''),
('525538410959234','09:27:00','09:27:00','4109846','10','',''),
('525538410959234','09:28:00','09:28:00','4109848','11','',''),
('525538410959234','09:29:00','09:29:00','4109850','12','',''),
('525538410959234','09:30:00','09:30:00','4109852','13','',''),
('525538410959234','09:31:00','09:31:00','4109854','14','',''),
('525538410959234','09:33:00','09:33:00','4109856','15','',''),
('525538410959234','09:35:00','09:35:00','4109857','16','',''),
('525538410959234','09:37:00','09:37:00','4109859','17','',''),
('525538410959234','09:38:00','09:38:00','4109860','18','',''),
('525538410959234','09:40:00','09:40:00','4109861','19','',''),
('525538420959234','16:00:00','16:00:00','4109829','1','',''),
('525538420959234','16:02:00','16:02:00','4109831','2','',''),
('525538420959234','16:03:00','16:03:00','4109832','3','',''),
('525538420959234','16:04:00','16:04:00','4109834','4','',''),
('525538420959234','16:05:00','16:05:00','4109836','5','',''),
('525538420959234','16:06:00','16:06:00','4109838','6','',''),
('525538420959234','16:07:00','16:07:00','4109840','7','',''),
('525538420959234','16:09:00','16:09:00','4109842','8','',''),
('525538420959234','16:10:00','16:10:00','4109844','9','',''),
('525538420959234','16:11:00','16:11:00','4109846','10','',''),
('525538420959234','16:12:00','16:12:00','4109848','11','',''),
('525538420959234','16:13:00','16:13:00','4109850','12','',''),
('525538420959234','16:14:00','16:14:00','4109852','13','',''),
('525538420959234','16:15:00','16:15:00','4109854','14','',''),
('525538420959234','16:17:00','16:17:00','4109856','15','',''),
('525538420959234','16:18:00','16:18:00','4109857','16','',''),
('525538420959234','16:20:00','16:20:00','4109859','17','',''),
('525538420959234','16:21:00','16:21:00','4109860','18','',''),
('525538420959234','16:22:00','16:22:00','4109861','19','',''),
('624809940959234','09:45:00','09:45:00','4109829','1','',''),
('624809940959234','09:47:00','09:47:00','4109831','2','',''),
('624809940959234','09:48:00','09:48:00','4109832','3','',''),
('624809940959234','09:49:00','09:49:00','4109834','4','',''),
('624809940959234','09:50:00','09:50:00','4109836','5','',''),
('624809940959234','09:51:00','09:51:00','4109838','6','',''),
('624809940959234','09:53:00','09:53:00','4109840','7','',''),
('624809940959234','09:54:00','09:54:00','4109842','8','',''),
('624809940959234','09:55:00','09:55:00','4109844','9','',''),
('624809940959234','09:56:00','09:56:00','4109846','10','',''),
('624809940959234','09:57:00','09:57:00','4109848','11','',''),
('624809940959234','09:58:00','09:58:00','4109850','12','',''),
('624809940959234','09:59:00','09:59:00','4109852','13','',''),
('624809940959234','10:00:00','10:00:00','4109854','14','',''),
('624809940959234','10:02:00','10:02:00','4109856','15','',''),
('624809940959234','10:03:00','10:03:00','4109857','16','',''),
('624809940959234','10:05:00','10:05:00','4109859','17','',''),
('624809940959234','10:06:00','10:06:00','4109860','18','',''),
('624809940959234','10:07:00','10:07:00','4109861','19','',''),
('624809950959234','16:30:00','16:30:00','4109829','1','',''),
('624809950959234','16:32:00','16:32:00','4109831','2','',''),
('624809950959234','16:33:00','16:33:00','4109832','3','',''),
('624809950959234','16:34:00','16:34:00','4109834','4','',''),
('624809950959234','16:35:00','16:35:00','4109836','5','',''),
('624809950959234','16:36:00','16:36:00','4109838','6','',''),
('624809950959234','16:38:00','16:38:00','4109840','7','',''),
('624809950959234','16:39:00','16:39:00','4109842','8','',''),
('624809950959234','16:40:00','16:40:00','4109844','9','',''),
('624809950959234','16:41:00','16:41:00','4109846','10','',''),
('624809950959234','16:42:00','16:42:00','4109848','11','',''),
('624809950959234','16:43:00','16:43:00','4109850','12','',''),
('624809950959234','16:44:00','16:44:00','4109852','13','',''),
('624809950959234','16:45:00','16:45:00','4109854','14','',''),
('624809950959234','16:47:00','16:47:00','4109856','15','',''),
('624809950959234','16:48:00','16:48:00','4109857','16','',''),
('624809950959234','16:50:00','16:50:00','4109859','17','',''),
('624809950959234','16:51:00','16:51:00','4109860','18','',''),
('624809950959234','16:52:00','16:52:00','4109861','19','',''),
('625538410959234','09:45:00','09:45:00','4109829','1','',''),
('625538410959234','09:47:00','09:47:00','4109831','2','',''),
('625538410959234','09:48:00','09:48:00','4109832','3','',''),
('625538410959234','09:49:00','09:49:00','4109834','4','',''),
('625538410959234','09:50:00','09:50:00','4109836','5','',''),
('625538410959234','09:51:00','09:51:00','4109838','6','',''),
('625538410959234','09:52:00','09:52:00','4109840','7','',''),
('625538410959234','09:54:00','09:54:00','4109842','8','',''),
('625538410959234','09:55:00','09:55:00','4109844','9','',''),
('625538410959234','09:56:00','09:56:00','4109846','10','',''),
('625538410959234','09:57:00','09:57:00','4109848','11','',''),
('625538410959234','09:58:00','09:58:00','4109850','12','',''),
('625538410959234','09:59:00','09:59:00','4109852','13','',''),
('625538410959234','10:00:00','10:00:00','4109854','14','',''),
('625538410959234','10:02:00','10:02:00','4109856','15','',''),
('625538410959234','10:03:00','10:03:00','4109857','16','',''),
('625538410959234','10:05:00','10:05:00','4109859','17','',''),
('625538410959234','10:06:00','10:06:00','4109860','18','',''),
('625538410959234','10:07:00','10:07:00','4109861','19','',''),
('625538420959234','16:30:00','16:30:00','4109829','1','',''),
('625538420959234','16:32:00','16:32:00','4109831','2','',''),
('625538420959234','16:33:00','16:33:00','4109832','3','',''),
('625538420959234','16:34:00','16:34:00','4109834','4','',''),
('625538420959234','16:35:00','16:35:00','4109836','5','',''),
('625538420959234','16:36:00','16:36:00','4109838','6','',''),
('625538420959234','16:37:00','16:37:00','4109840','7','',''),
('625538420959234','16:39:00','16:39:00','4109842','8','',''),
('625538420959234','16:40:00','16:40:00','4109844','9','',''),
('625538420959234','16:41:00','16:41:00','4109846','10','',''),
('625538420959234','16:42:00','16:42:00','4109848','11','',''),
('625538420959234','16:43:00','16:43:00','4109850','12','',''),
('625538420959234','16:44:00','16:44:00','4109852','13','',''),
('625538420959234','16:45:00','16:45:00','4109854','14','',''),
('625538420959234','16:47:00','16:47:00','4109856','15','',''),
('625538420959234','16:48:00','16:48:00','4109857','16','',''),
('625538420959234','16:50:00','16:50:00','4109859','17','',''),
('625538420959234','16:51:00','16:51:00','4109860','18','',''),
('625538420959234','16:52:00','16:52:00','4109861','19','',''),
('724809940959234','10:15:00','10:15:00','4109829','1','',''),
('724809940959234','10:17:00','10:17:00','4109831','2','',''),
('724809940959234','10:18:00','10:18:00','4109832','3','',''),
('724809940959234','10:19:00','10:19:00','4109834','4','',''),
('724809940959234','10:20:00','10:20:00','4109836','5','',''),
('724809940959234','10:21:00','10:21:00','4109838','6','',''),
('724809940959234','10:23:00','10:23:00','4109840','7','',''),
('724809940959234','10:24:00','10:24:00','4109842','8','',''),
('724809940959234','10:25:00','10:25:00','4109844','9','',''),
('724809940959234','10:26:00','10:26:00','4109846','10','',''),
('724809940959234','10:27:00','10:27:00','4109848','11','',''),
('724809940959234','10:28:00','10:28:00','4109850','12','',''),
('724809940959234','10:29:00','10:29:00','4109852','13','',''),
('724809940959234','10:30:00','10:30:00','4109854','14','',''),
('724809940959234','10:32:00','10:32:00','4109856','15','',''),
('724809940959234','10:33:00','10:33:00','4109857','16','',''),
('724809940959234','10:35:00','10:35:00','4109859','17','',''),
('724809940959234','10:36:00','10:36:00','4109860','18','',''),
('724809940959234','10:37:00','10:37:00','4109861','19','',''),
('724809950959234','17:00:00','17:00:00','4109829','1','',''),
('724809950959234','17:02:00','17:02:00','4109831','2','',''),
('724809950959234','17:03:00','17:03:00','4109832','3','',''),
('724809950959234','17:04:00','17:04:00','4109834','4','',''),
('724809950959234','17:05:00','17:05:00','4109836','5','',''),
('724809950959234','17:06:00','17:06:00','4109838','6','',''),
('724809950959234','17:08:00','17:08:00','4109840','7','',''),
('724809950959234','17:09:00','17:09:00','4109842','8','',''),
('724809950959234','17:10:00','17:10:00','4109844','9','',''),
('724809950959234','17:11:00','17:11:00','4109846','10','',''),
('724809950959234','17:12:00','17:12:00','4109848','11','',''),
('724809950959234','17:13:00','17:13:00','4109850','12','',''),
('724809950959234','17:14:00','17:14:00','4109852','13','',''),
('724809950959234','17:15:00','17:15:00','4109854','14','',''),
('724809950959234','17:17:00','17:17:00','4109856','15','',''),
('724809950959234','17:18:00','17:18:00','4109857','16','',''),
('724809950959234','17:20:00','17:20:00','4109859','17','',''),
('724809950959234','17:21:00','17:21:00','4109860','18','',''),
('724809950959234','17:22:00','17:22:00','4109861','19','',''),
('725538410959234','10:15:00','10:15:00','4109829','1','',''),
('725538410959234','10:17:00','10:17:00','4109831','2','',''),
('725538410959234','10:18:00','10:18:00','4109832','3','',''),
('725538410959234','10:19:00','10:19:00','4109834','4','',''),
('725538410959234','10:20:00','10:20:00','4109836','5','',''),
('725538410959234','10:21:00','10:21:00','4109838','6','',''),
('725538410959234','10:22:00','10:22:00','4109840','7','',''),
('725538410959234','10:24:00','10:24:00','4109842','8','',''),
('725538410959234','10:25:00','10:25:00','4109844','9','',''),
('725538410959234','10:26:00','10:26:00','4109846','10','',''),
('725538410959234','10:27:00','10:27:00','4109848','11','',''),
('725538410959234','10:28:00','10:28:00','4109850','12','',''),
('725538410959234','10:29:00','10:29:00','4109852','13','',''),
('725538410959234','10:30:00','10:30:00','4109854','14','',''),
('725538410959234','10:32:00','10:32:00','4109856','15','',''),
('725538410959234','10:33:00','10:33:00','4109857','16','',''),
('725538410959234','10:35:00','10:35:00','4109859','17','',''),
('725538410959234','10:36:00','10:36:00','4109860','18','',''),
('725538410959234','10:37:00','10:37:00','4109861','19','',''),
('725538420959234','17:00:00','17:00:00','4109829','1','',''),
('725538420959234','17:02:00','17:02:00','4109831','2','',''),
('725538420959234','17:03:00','17:03:00','4109832','3','',''),
('725538420959234','17:04:00','17:04:00','4109834','4','',''),
('725538420959234','17:05:00','17:05:00','4109836','5','',''),
('725538420959234','17:06:00','17:06:00','4109838','6','',''),
('725538420959234','17:07:00','17:07:00','4109840','7','',''),
('725538420959234','17:09:00','17:09:00','4109842','8','',''),
('725538420959234','17:10:00','17:10:00','4109844','9','',''),
('725538420959234','17:11:00','17:11:00','4109846','10','',''),
('725538420959234','17:12:00','17:12:00','4109848','11','',''),
('725538420959234','17:13:00','17:13:00','4109850','12','',''),
('725538420959234','17:14:00','17:14:00','4109852','13','',''),
('725538420959234','17:15:00','17:15:00','4109854','14','',''),
('725538420959234','17:17:00','17:17:00','4109856','15','',''),
('725538420959234','17:18:00','17:18:00','4109857','16','',''),
('725538420959234','17:20:00','17:20:00','4109859','17','',''),
('725538420959234','17:21:00','17:21:00','4109860','18','',''),
('725538420959234','17:22:00','17:22:00','4109861','19','',''),
('824809940959234','10:45:00','10:45:00','4109829','1','',''),
('824809940959234','10:47:00','10:47:00','4109831','2','',''),
('824809940959234','10:48:00','10:48:00','4109832','3','',''),
('824809940959234','10:49:00','10:49:00','4109834','4','',''),
('824809940959234','10:50:00','10:50:00','4109836','5','',''),
('824809940959234','10:51:00','10:51:00','4109838','6','',''),
('824809940959234','10:53:00','10:53:00','4109840','7','',''),
('824809940959234','10:54:00','10:54:00','4109842','8','',''),
('824809940959234','10:55:00','10:55:00','4109844','9','',''),
('824809940959234','10:56:00','10:56:00','4109846','10','',''),
('824809940959234','10:57:00','10:57:00','4109848','11','',''),
('824809940959234','10:58:00','10:58:00','4109850','12','',''),
('824809940959234','10:59:00','10:59:00','4109852','13','',''),
('824809940959234','11:00:00','11:00:00','4109854','14','',''),
('824809940959234','11:02:00','11:02:00','4109856','15','',''),
('824809940959234','11:03:00','11:03:00','4109857','16','',''),
('824809940959234','11:05:00','11:05:00','4109859','17','',''),
('824809940959234','11:06:00','11:06:00','4109860','18','',''),
('824809940959234','11:07:00','11:07:00','4109861','19','',''),
('824809950959234','17:30:00','17:30:00','4109829','1','',''),
('824809950959234','17:32:00','17:32:00','4109831','2','',''),
('824809950959234','17:33:00','17:33:00','4109832','3','',''),
('824809950959234','17:34:00','17:34:00','4109834','4','',''),
('824809950959234','17:35:00','17:35:00','4109836','5','',''),
('824809950959234','17:36:00','17:36:00','4109838','6','',''),
('824809950959234','17:38:00','17:38:00','4109840','7','',''),
('824809950959234','17:39:00','17:39:00','4109842','8','',''),
('824809950959234','17:40:00','17:40:00','4109844','9','',''),
('824809950959234','17:41:00','17:41:00','4109846','10','',''),
('824809950959234','17:42:00','17:42:00','4109848','11','',''),
('824809950959234','17:43:00','17:43:00','4109850','12','',''),
('824809950959234','17:44:00','17:44:00','4109852','13','',''),
('824809950959234','17:45:00','17:45:00','4109854','14','',''),
('824809950959234','17:47:00','17:47:00','4109856','15','',''),
('824809950959234','17:48:00','17:48:00','4109857','16','',''),
('824809950959234','17:50:00','17:50:00','4109859','17','',''),
('824809950959234','17:51:00','17:51:00','4109860','18','',''),
('824809950959234','17:52:00','17:52:00','4109861','19','',''),
('825538410959234','10:45:00','10:45:00','4109829','1','',''),
('825538410959234','10:47:00','10:47:00','4109831','2','',''),
('825538410959234','10:48:00','10:48:00','4109832','3','',''),
('825538410959234','10:49:00','10:49:00','4109834','4','',''),
('825538410959234','10:50:00','10:50:00','4109836','5','',''),
('825538410959234','10:51:00','10:51:00','4109838','6','',''),
('825538410959234','10:52:00','10:52:00','4109840','7','',''),
('825538410959234','10:54:00','10:54:00','4109842','8','',''),
('825538410959234','10:55:00','10:55:00','4109844','9','',''),
('825538410959234','10:56:00','10:56:00','4109846','10','',''),
('825538410959234','10:57:00','10:57:00','4109848','11','',''),
('825538410959234','10:58:00','10:58:00','4109850','12','',''),
('825538410959234','10:59:00','10:59:00','4109852','13','',''),
('825538410959234','11:00:00','11:00:00','4109854','14','',''),
('825538410959234','11:02:00','11:02:00','4109856','15','',''),
('825538410959234','11:03:00','11:03:00','4109857','16','',''),
('825538410959234','11:05:00','11:05:00','4109859','17','',''),
('825538410959234','11:06:00','11:06:00','4109860','18','',''),
('825538410959234','11:07:00','11:07:00','4109861','19','',''),
('825538420959234','17:30:00','17:30:00','4109829','1','',''),
('825538420959234','17:32:00','17:32:00','4109831','2','',''),
('825538420959234','17:33:00','17:33:00','4109832','3','',''),
('825538420959234','17:34:00','17:34:00','4109834','4','',''),
('825538420959234','17:35:00','17:35:00','4109836','5','',''),
('825538420959234','17:36:00','17:36:00','4109838','6','',''),
('825538420959234','17:37:00','17:37:00','4109840','7','',''),
('825538420959234','17:39:00','17:39:00','4109842','8','',''),
('825538420959234','17:40:00','17:40:00','4109844','9','',''),
('825538420959234','17:41:00','17:41:00','4109846','10','',''),
('825538420959234','17:42:00','17:42:00','4109848','11','',''),
('825538420959234','17:43:00','17:43:00','4109850','12','',''),
('825538420959234','17:44:00','17:44:00','4109852','13','',''),
('825538420959234','17:45:00','17:45:00','4109854','14','',''),
('825538420959234','17:47:00','17:47:00','4109856','15','',''),
('825538420959234','17:48:00','17:48:00','4109857','16','',''),
('825538420959234','17:50:00','17:50:00','4109859','17','',''),
('825538420959234','17:51:00','17:51:00','4109860','18','',''),
('825538420959234','17:52:00','17:52:00','4109861','19','',''),
('924809940959234','11:15:00','11:15:00','4109829','1','',''),
('924809940959234','11:17:00','11:17:00','4109831','2','',''),
('924809940959234','11:18:00','11:18:00','4109832','3','',''),
('924809940959234','11:19:00','11:19:00','4109834','4','',''),
('924809940959234','11:20:00','11:20:00','4109836','5','',''),
('924809940959234','11:21:00','11:21:00','4109838','6','',''),
('924809940959234','11:23:00','11:23:00','4109840','7','',''),
('924809940959234','11:24:00','11:24:00','4109842','8','',''),
('924809940959234','11:25:00','11:25:00','4109844','9','',''),
('924809940959234','11:26:00','11:26:00','4109846','10','',''),
('924809940959234','11:27:00','11:27:00','4109848','11','',''),
('924809940959234','11:28:00','11:28:00','4109850','12','',''),
('924809940959234','11:29:00','11:29:00','4109852','13','',''),
('924809940959234','11:30:00','11:30:00','4109854','14','',''),
('924809940959234','11:32:00','11:32:00','4109856','15','',''),
('924809940959234','11:33:00','11:33:00','4109857','16','',''),
('924809940959234','11:35:00','11:35:00','4109859','17','',''),
('924809940959234','11:36:00','11:36:00','4109860','18','',''),
('924809940959234','11:37:00','11:37:00','4109861','19','',''),
('924809950959234','18:00:00','18:00:00','4109829','1','',''),
('924809950959234','18:02:00','18:02:00','4109831','2','',''),
('924809950959234','18:03:00','18:03:00','4109832','3','',''),
('924809950959234','18:04:00','18:04:00','4109834','4','',''),
('924809950959234','18:05:00','18:05:00','4109836','5','',''),
('924809950959234','18:06:00','18:06:00','4109838','6','',''),
('924809950959234','18:08:00','18:08:00','4109840','7','',''),
('924809950959234','18:09:00','18:09:00','4109842','8','',''),
('924809950959234','18:10:00','18:10:00','4109844','9','',''),
('924809950959234','18:11:00','18:11:00','4109846','10','',''),
('924809950959234','18:12:00','18:12:00','4109848','11','',''),
('924809950959234','18:13:00','18:13:00','4109850','12','',''),
('924809950959234','18:14:00','18:14:00','4109852','13','',''),
('924809950959234','18:15:00','18:15:00','4109854','14','',''),
('924809950959234','18:17:00','18:17:00','4109856','15','',''),
('924809950959234','18:18:00','18:18:00','4109857','16','',''),
('924809950959234','18:20:00','18:20:00','4109859','17','',''),
('924809950959234','18:21:00','18:21:00','4109860','18','',''),
('924809950959234','18:22:00','18:22:00','4109861','19','',''),
('925538410959234','11:15:00','11:15:00','4109829','1','',''),
('925538410959234','11:17:00','11:17:00','4109831','2','',''),
('925538410959234','11:18:00','11:18:00','4109832','3','',''),
('925538410959234','11:19:00','11:19:00','4109834','4','',''),
('925538410959234','11:20:00','11:20:00','4109836','5','',''),
('925538410959234','11:21:00','11:21:00','4109838','6','',''),
('925538410959234','11:22:00','11:22:00','4109840','7','',''),
('925538410959234','11:24:00','11:24:00','4109842','8','',''),
('925538410959234','11:25:00','11:25:00','4109844','9','',''),
('925538410959234','11:26:00','11:26:00','4109846','10','',''),
('925538410959234','11:27:00','11:27:00','4109848','11','',''),
('925538410959234','11:28:00','11:28:00','4109850','12','',''),
('925538410959234','11:29:00','11:29:00','4109852','13','',''),
('925538410959234','11:30:00','11:30:00','4109854','14','',''),
('925538410959234','11:32:00','11:32:00','4109856','15','',''),
('925538410959234','11:33:00','11:33:00','4109857','16','',''),
('925538410959234','11:35:00','11:35:00','4109859','17','',''),
('925538410959234','11:36:00','11:36:00','4109860','18','',''),
('925538410959234','11:37:00','11:37:00','4109861','19','',''),
('925538420959234','18:00:00','18:00:00','4109829','1','',''),
('925538420959234','18:02:00','18:02:00','4109831','2','',''),
('925538420959234','18:03:00','18:03:00','4109832','3','',''),
('925538420959234','18:04:00','18:04:00','4109834','4','',''),
('925538420959234','18:05:00','18:05:00','4109836','5','',''),
('925538420959234','18:06:00','18:06:00','4109838','6','',''),
('925538420959234','18:07:00','18:07:00','4109840','7','',''),
('925538420959234','18:09:00','18:09:00','4109842','8','',''),
('925538420959234','18:10:00','18:10:00','4109844','9','',''),
('925538420959234','18:11:00','18:11:00','4109846','10','',''),
('925538420959234','18:12:00','18:12:00','4109848','11','',''),
('925538420959234','18:13:00','18:13:00','4109850','12','',''),
('925538420959234','18:14:00','18:14:00','4109852','13','',''),
('925538420959234','18:15:00','18:15:00','4109854','14','',''),
('925538420959234','18:17:00','18:17:00','4109856','15','',''),
('925538420959234','18:18:00','18:18:00','4109857','16','',''),
('925538420959234','18:20:00','18:20:00','4109859','17','',''),
('925538420959234','18:21:00','18:21:00','4109860','18','',''),
('925538420959234','18:22:00','18:22:00','4109861','19','',''),
('1024809940959233','12:15:00','12:15:00','4109862','1','',''),
('1024809940959233','12:17:00','12:17:00','4109863','2','',''),
('1024809940959233','12:18:00','12:18:00','4109858','3','',''),
('1024809940959233','12:20:00','12:20:00','4109864','4','',''),
('1024809940959233','12:21:00','12:21:00','4109855','5','',''),
('1024809940959233','12:22:00','12:22:00','4109853','6','',''),
('1024809940959233','12:24:00','12:24:00','4109851','7','',''),
('1024809940959233','12:24:00','12:24:00','4109849','8','',''),
('1024809940959233','12:25:00','12:25:00','4109847','9','',''),
('1024809940959233','12:27:00','12:27:00','4109845','10','',''),
('1024809940959233','12:28:00','12:28:00','4109843','11','',''),
('1024809940959233','12:29:00','12:29:00','4109841','12','',''),
('1024809940959233','12:30:00','12:30:00','4109839','13','',''),
('1024809940959233','12:31:00','12:31:00','4109837','14','',''),
('1024809940959233','12:32:00','12:32:00','4109835','15','',''),
('1024809940959233','12:34:00','12:34:00','4109833','16','',''),
('1024809940959233','12:35:00','12:35:00','4109865','17','',''),
('1024809940959233','12:38:00','12:38:00','4109830','18','',''),
('1024809950959233','18:30:00','18:30:00','4109862','1','',''),
('1024809950959233','18:32:00','18:32:00','4109863','2','',''),
('1024809950959233','18:33:00','18:33:00','4109858','3','',''),
('1024809950959233','18:35:00','18:35:00','4109864','4','',''),
('1024809950959233','18:36:00','18:36:00','4109855','5','',''),
('1024809950959233','18:37:00','18:37:00','4109853','6','',''),
('1024809950959233','18:39:00','18:39:00','4109851','7','',''),
('1024809950959233','18:39:00','18:39:00','4109849','8','',''),
('1024809950959233','18:40:00','18:40:00','4109847','9','',''),
('1024809950959233','18:42:00','18:42:00','4109845','10','',''),
('1024809950959233','18:43:00','18:43:00','4109843','11','',''),
('1024809950959233','18:44:00','18:44:00','4109841','12','',''),
('1024809950959233','18:45:00','18:45:00','4109839','13','',''),
('1024809950959233','18:46:00','18:46:00','4109837','14','',''),
('1024809950959233','18:47:00','18:47:00','4109835','15','',''),
('1024809950959233','18:49:00','18:49:00','4109833','16','',''),
('1024809950959233','18:50:00','18:50:00','4109865','17','',''),
('1024809950959233','18:53:00','18:53:00','4109830','18','',''),
('1025538410959233','12:15:00','12:15:00','4109862','1','',''),
('1025538410959233','12:17:00','12:17:00','4109863','2','',''),
('1025538410959233','12:18:00','12:18:00','4109858','3','',''),
('1025538410959233','12:20:00','12:20:00','4109864','4','',''),
('1025538410959233','12:21:00','12:21:00','4109855','5','',''),
('1025538410959233','12:22:00','12:22:00','4109853','6','',''),
('1025538410959233','12:24:00','12:24:00','4109851','7','',''),
('1025538410959233','12:25:00','12:25:00','4109849','8','',''),
('1025538410959233','12:25:00','12:25:00','4109847','9','',''),
('1025538410959233','12:27:00','12:27:00','4109845','10','',''),
('1025538410959233','12:28:00','12:28:00','4109843','11','',''),
('1025538410959233','12:30:00','12:30:00','4109841','12','',''),
('1025538410959233','12:30:00','12:30:00','4109839','13','',''),
('1025538410959233','12:31:00','12:31:00','4109837','14','',''),
('1025538410959233','12:32:00','12:32:00','4109835','15','',''),
('1025538410959233','12:34:00','12:34:00','4109833','16','',''),
('1025538410959233','12:35:00','12:35:00','4109865','17','',''),
('1025538410959233','12:38:00','12:38:00','4109830','18','',''),
('1025538420959233','18:30:00','18:30:00','4109862','1','',''),
('1025538420959233','18:32:00','18:32:00','4109863','2','',''),
('1025538420959233','18:33:00','18:33:00','4109858','3','',''),
('1025538420959233','18:35:00','18:35:00','4109864','4','',''),
('1025538420959233','18:36:00','18:36:00','4109855','5','',''),
('1025538420959233','18:37:00','18:37:00','4109853','6','',''),
('1025538420959233','18:39:00','18:39:00','4109851','7','',''),
('1025538420959233','18:40:00','18:40:00','4109849','8','',''),
('1025538420959233','18:40:00','18:40:00','4109847','9','',''),
('1025538420959233','18:42:00','18:42:00','4109845','10','',''),
('1025538420959233','18:43:00','18:43:00','4109843','11','',''),
('1025538420959233','18:45:00','18:45:00','4109841','12','',''),
('1025538420959233','18:45:00','18:45:00','4109839','13','',''),
('1025538420959233','18:46:00','18:46:00','4109837','14','',''),
('1025538420959233','18:47:00','18:47:00','4109835','15','',''),
('1025538420959233','18:49:00','18:49:00','4109833','16','',''),
('1025538420959233','18:50:00','18:50:00','4109865','17','',''),
('1025538420959233','18:53:00','18:53:00','4109830','18','',''),
('1124809940959233','12:45:00','12:45:00','4109862','1','',''),
('1124809940959233','12:47:00','12:47:00','4109863','2','',''),
('1124809940959233','12:48:00','12:48:00','4109858','3','',''),
('1124809940959233','12:50:00','12:50:00','4109864','4','',''),
('1124809940959233','12:51:00','12:51:00','4109855','5','',''),
('1124809940959233','12:52:00','12:52:00','4109853','6','',''),
('1124809940959233','12:54:00','12:54:00','4109851','7','',''),
('1124809940959233','12:54:00','12:54:00','4109849','8','',''),
('1124809940959233','12:55:00','12:55:00','4109847','9','',''),
('1124809940959233','12:57:00','12:57:00','4109845','10','',''),
('1124809940959233','12:58:00','12:58:00','4109843','11','',''),
('1124809940959233','12:59:00','12:59:00','4109841','12','',''),
('1124809940959233','13:00:00','13:00:00','4109839','13','',''),
('1124809940959233','13:01:00','13:01:00','4109837','14','',''),
('1124809940959233','13:02:00','13:02:00','4109835','15','',''),
('1124809940959233','13:04:00','13:04:00','4109833','16','',''),
('1124809940959233','13:05:00','13:05:00','4109865','17','',''),
('1124809940959233','13:08:00','13:08:00','4109830','18','',''),
('1124809950959233','19:00:00','19:00:00','4109862','1','',''),
('1124809950959233','19:02:00','19:02:00','4109863','2','',''),
('1124809950959233','19:03:00','19:03:00','4109858','3','',''),
('1124809950959233','19:05:00','19:05:00','4109864','4','',''),
('1124809950959233','19:06:00','19:06:00','4109855','5','',''),
('1124809950959233','19:07:00','19:07:00','4109853','6','',''),
('1124809950959233','19:09:00','19:09:00','4109851','7','',''),
('1124809950959233','19:09:00','19:09:00','4109849','8','',''),
('1124809950959233','19:10:00','19:10:00','4109847','9','',''),
('1124809950959233','19:12:00','19:12:00','4109845','10','',''),
('1124809950959233','19:13:00','19:13:00','4109843','11','',''),
('1124809950959233','19:14:00','19:14:00','4109841','12','',''),
('1124809950959233','19:15:00','19:15:00','4109839','13','',''),
('1124809950959233','19:16:00','19:16:00','4109837','14','',''),
('1124809950959233','19:17:00','19:17:00','4109835','15','',''),
('1124809950959233','19:19:00','19:19:00','4109833','16','',''),
('1124809950959233','19:20:00','19:20:00','4109865','17','',''),
('1124809950959233','19:23:00','19:23:00','4109830','18','',''),
('1125538410959233','12:45:00','12:45:00','4109862','1','',''),
('1125538410959233','12:47:00','12:47:00','4109863','2','',''),
('1125538410959233','12:48:00','12:48:00','4109858','3','',''),
('1125538410959233','12:50:00','12:50:00','4109864','4','',''),
('1125538410959233','12:51:00','12:51:00','4109855','5','',''),
('1125538410959233','12:52:00','12:52:00','4109853','6','',''),
('1125538410959233','12:54:00','12:54:00','4109851','7','',''),
('1125538410959233','12:55:00','12:55:00','4109849','8','',''),
('1125538410959233','12:55:00','12:55:00','4109847','9','',''),
('1125538410959233','12:57:00','12:57:00','4109845','10','',''),
('1125538410959233','12:58:00','12:58:00','4109843','11','',''),
('1125538410959233','13:00:00','13:00:00','4109841','12','',''),
('1125538410959233','13:00:00','13:00:00','4109839','13','',''),
('1125538410959233','13:01:00','13:01:00','4109837','14','',''),
('1125538410959233','13:02:00','13:02:00','4109835','15','',''),
('1125538410959233','13:04:00','13:04:00','4109833','16','',''),
('1125538410959233','13:05:00','13:05:00','4109865','17','',''),
('1125538410959233','13:08:00','13:08:00','4109830','18','',''),
('1125538420959233','19:00:00','19:00:00','4109862','1','',''),
('1125538420959233','19:02:00','19:02:00','4109863','2','',''),
('1125538420959233','19:03:00','19:03:00','4109858','3','',''),
('1125538420959233','19:05:00','19:05:00','4109864','4','',''),
('1125538420959233','19:06:00','19:06:00','4109855','5','',''),
('1125538420959233','19:07:00','19:07:00','4109853','6','',''),
('1125538420959233','19:09:00','19:09:00','4109851','7','',''),
('1125538420959233','19:10:00','19:10:00','4109849','8','',''),
('1125538420959233','19:10:00','19:10:00','4109847','9','',''),
('1125538420959233','19:12:00','19:12:00','4109845','10','',''),
('1125538420959233','19:13:00','19:13:00','4109843','11','',''),
('1125538420959233','19:15:00','19:15:00','4109841','12','',''),
('1125538420959233','19:15:00','19:15:00','4109839','13','',''),
('1125538420959233','19:16:00','19:16:00','4109837','14','',''),
('1125538420959233','19:17:00','19:17:00','4109835','15','',''),
('1125538420959233','19:19:00','19:19:00','4109833','16','',''),
('1125538420959233','19:20:00','19:20:00','4109865','17','',''),
('1125538420959233','19:23:00','19:23:00','4109830','18','',''),
('1224809940959233','14:00:00','14:00:00','4109862','1','',''),
('1224809940959233','14:02:00','14:02:00','4109863','2','',''),
('1224809940959233','14:03:00','14:03:00','4109858','3','',''),
('1224809940959233','14:05:00','14:05:00','4109864','4','',''),
('1224809940959233','14:06:00','14:06:00','4109855','5','',''),
('1224809940959233','14:07:00','14:07:00','4109853','6','',''),
('1224809940959233','14:09:00','14:09:00','4109851','7','',''),
('1224809940959233','14:09:00','14:09:00','4109849','8','',''),
('1224809940959233','14:10:00','14:10:00','4109847','9','',''),
('1224809940959233','14:12:00','14:12:00','4109845','10','',''),
('1224809940959233','14:13:00','14:13:00','4109843','11','',''),
('1224809940959233','14:14:00','14:14:00','4109841','12','',''),
('1224809940959233','14:15:00','14:15:00','4109839','13','',''),
('1224809940959233','14:16:00','14:16:00','4109837','14','',''),
('1224809940959233','14:17:00','14:17:00','4109835','15','',''),
('1224809940959233','14:19:00','14:19:00','4109833','16','',''),
('1224809940959233','14:20:00','14:20:00','4109865','17','',''),
('1224809940959233','14:23:00','14:23:00','4109830','18','',''),
('1224809950959233','19:30:00','19:30:00','4109862','1','',''),
('1224809950959233','19:32:00','19:32:00','4109863','2','',''),
('1224809950959233','19:33:00','19:33:00','4109858','3','',''),
('1224809950959233','19:35:00','19:35:00','4109864','4','',''),
('1224809950959233','19:36:00','19:36:00','4109855','5','',''),
('1224809950959233','19:37:00','19:37:00','4109853','6','',''),
('1224809950959233','19:39:00','19:39:00','4109851','7','',''),
('1224809950959233','19:39:00','19:39:00','4109849','8','',''),
('1224809950959233','19:40:00','19:40:00','4109847','9','',''),
('1224809950959233','19:42:00','19:42:00','4109845','10','',''),
('1224809950959233','19:43:00','19:43:00','4109843','11','',''),
('1224809950959233','19:44:00','19:44:00','4109841','12','',''),
('1224809950959233','19:45:00','19:45:00','4109839','13','',''),
('1224809950959233','19:46:00','19:46:00','4109837','14','',''),
('1224809950959233','19:47:00','19:47:00','4109835','15','',''),
('1224809950959233','19:49:00','19:49:00','4109833','16','',''),
('1224809950959233','19:50:00','19:50:00','4109865','17','',''),
('1224809950959233','19:53:00','19:53:00','4109830','18','',''),
('1225538410959233','14:00:00','14:00:00','4109862','1','',''),
('1225538410959233','14:02:00','14:02:00','4109863','2','',''),
('1225538410959233','14:03:00','14:03:00','4109858','3','',''),
('1225538410959233','14:05:00','14:05:00','4109864','4','',''),
('1225538410959233','14:06:00','14:06:00','4109855','5','',''),
('1225538410959233','14:07:00','14:07:00','4109853','6','',''),
('1225538410959233','14:09:00','14:09:00','4109851','7','',''),
('1225538410959233','14:10:00','14:10:00','4109849','8','',''),
('1225538410959233','14:10:00','14:10:00','4109847','9','',''),
('1225538410959233','14:12:00','14:12:00','4109845','10','',''),
('1225538410959233','14:13:00','14:13:00','4109843','11','',''),
('1225538410959233','14:15:00','14:15:00','4109841','12','',''),
('1225538410959233','14:15:00','14:15:00','4109839','13','',''),
('1225538410959233','14:16:00','14:16:00','4109837','14','',''),
('1225538410959233','14:17:00','14:17:00','4109835','15','',''),
('1225538410959233','14:19:00','14:19:00','4109833','16','',''),
('1225538410959233','14:20:00','14:20:00','4109865','17','',''),
('1225538410959233','14:23:00','14:23:00','4109830','18','',''),
('1225538420959233','19:30:00','19:30:00','4109862','1','',''),
('1225538420959233','19:32:00','19:32:00','4109863','2','',''),
('1225538420959233','19:33:00','19:33:00','4109858','3','',''),
('1225538420959233','19:35:00','19:35:00','4109864','4','',''),
('1225538420959233','19:36:00','19:36:00','4109855','5','',''),
('1225538420959233','19:37:00','19:37:00','4109853','6','',''),
('1225538420959233','19:39:00','19:39:00','4109851','7','',''),
('1225538420959233','19:40:00','19:40:00','4109849','8','',''),
('1225538420959233','19:40:00','19:40:00','4109847','9','',''),
('1225538420959233','19:42:00','19:42:00','4109845','10','',''),
('1225538420959233','19:43:00','19:43:00','4109843','11','',''),
('1225538420959233','19:45:00','19:45:00','4109841','12','',''),
('1225538420959233','19:45:00','19:45:00','4109839','13','',''),
('1225538420959233','19:46:00','19:46:00','4109837','14','',''),
('1225538420959233','19:47:00','19:47:00','4109835','15','',''),
('1225538420959233','19:49:00','19:49:00','4109833','16','',''),
('1225538420959233','19:50:00','19:50:00','4109865','17','',''),
('1225538420959233','19:53:00','19:53:00','4109830','18','',''),
('124809940959233','07:30:00','07:30:00','4109862','1','',''),
('124809940959233','07:32:00','07:32:00','4109863','2','',''),
('124809940959233','07:33:00','07:33:00','4109858','3','',''),
('124809940959233','07:35:00','07:35:00','4109864','4','',''),
('124809940959233','07:36:00','07:36:00','4109855','5','',''),
('124809940959233','07:37:00','07:37:00','4109853','6','',''),
('124809940959233','07:39:00','07:39:00','4109851','7','',''),
('124809940959233','07:39:00','07:39:00','4109849','8','',''),
('124809940959233','07:40:00','07:40:00','4109847','9','',''),
('124809940959233','07:42:00','07:42:00','4109845','10','',''),
('124809940959233','07:43:00','07:43:00','4109843','11','',''),
('124809940959233','07:44:00','07:44:00','4109841','12','',''),
('124809940959233','07:45:00','07:45:00','4109839','13','',''),
('124809940959233','07:46:00','07:46:00','4109837','14','',''),
('124809940959233','07:47:00','07:47:00','4109835','15','',''),
('124809940959233','07:49:00','07:49:00','4109833','16','',''),
('124809940959233','07:50:00','07:50:00','4109865','17','',''),
('124809940959233','07:53:00','07:53:00','4109830','18','',''),
('124809950959233','14:00:00','14:00:00','4109862','1','',''),
('124809950959233','14:02:00','14:02:00','4109863','2','',''),
('124809950959233','14:03:00','14:03:00','4109858','3','',''),
('124809950959233','14:05:00','14:05:00','4109864','4','',''),
('124809950959233','14:06:00','14:06:00','4109855','5','',''),
('124809950959233','14:07:00','14:07:00','4109853','6','',''),
('124809950959233','14:09:00','14:09:00','4109851','7','',''),
('124809950959233','14:09:00','14:09:00','4109849','8','',''),
('124809950959233','14:10:00','14:10:00','4109847','9','',''),
('124809950959233','14:12:00','14:12:00','4109845','10','',''),
('124809950959233','14:13:00','14:13:00','4109843','11','',''),
('124809950959233','14:14:00','14:14:00','4109841','12','',''),
('124809950959233','14:15:00','14:15:00','4109839','13','',''),
('124809950959233','14:16:00','14:16:00','4109837','14','',''),
('124809950959233','14:17:00','14:17:00','4109835','15','',''),
('124809950959233','14:19:00','14:19:00','4109833','16','',''),
('124809950959233','14:20:00','14:20:00','4109865','17','',''),
('124809950959233','14:23:00','14:23:00','4109830','18','',''),
('125538410959233','07:30:00','07:30:00','4109862','1','',''),
('125538410959233','07:32:00','07:32:00','4109863','2','',''),
('125538410959233','07:33:00','07:33:00','4109858','3','',''),
('125538410959233','07:35:00','07:35:00','4109864','4','',''),
('125538410959233','07:36:00','07:36:00','4109855','5','',''),
('125538410959233','07:37:00','07:37:00','4109853','6','',''),
('125538410959233','07:39:00','07:39:00','4109851','7','',''),
('125538410959233','07:40:00','07:40:00','4109849','8','',''),
('125538410959233','07:40:00','07:40:00','4109847','9','',''),
('125538410959233','07:42:00','07:42:00','4109845','10','',''),
('125538410959233','07:43:00','07:43:00','4109843','11','',''),
('125538410959233','07:45:00','07:45:00','4109841','12','',''),
('125538410959233','07:45:00','07:45:00','4109839','13','',''),
('125538410959233','07:46:00','07:46:00','4109837','14','',''),
('125538410959233','07:47:00','07:47:00','4109835','15','',''),
('125538410959233','07:49:00','07:49:00','4109833','16','',''),
('125538410959233','07:50:00','07:50:00','4109865','17','',''),
('125538410959233','07:53:00','07:53:00','4109830','18','',''),
('125538420959233','14:00:00','14:00:00','4109862','1','',''),
('125538420959233','14:02:00','14:02:00','4109863','2','',''),
('125538420959233','14:03:00','14:03:00','4109858','3','',''),
('125538420959233','14:05:00','14:05:00','4109864','4','',''),
('125538420959233','14:06:00','14:06:00','4109855','5','',''),
('125538420959233','14:07:00','14:07:00','4109853','6','',''),
('125538420959233','14:09:00','14:09:00','4109851','7','',''),
('125538420959233','14:10:00','14:10:00','4109849','8','',''),
('125538420959233','14:10:00','14:10:00','4109847','9','',''),
('125538420959233','14:12:00','14:12:00','4109845','10','',''),
('125538420959233','14:13:00','14:13:00','4109843','11','',''),
('125538420959233','14:15:00','14:15:00','4109841','12','',''),
('125538420959233','14:15:00','14:15:00','4109839','13','',''),
('125538420959233','14:16:00','14:16:00','4109837','14','',''),
('125538420959233','14:17:00','14:17:00','4109835','15','',''),
('125538420959233','14:19:00','14:19:00','4109833','16','',''),
('125538420959233','14:20:00','14:20:00','4109865','17','',''),
('125538420959233','14:23:00','14:23:00','4109830','18','',''),
('1324809940959233','14:30:00','14:30:00','4109862','1','',''),
('1324809940959233','14:32:00','14:32:00','4109863','2','',''),
('1324809940959233','14:33:00','14:33:00','4109858','3','',''),
('1324809940959233','14:35:00','14:35:00','4109864','4','',''),
('1324809940959233','14:36:00','14:36:00','4109855','5','',''),
('1324809940959233','14:37:00','14:37:00','4109853','6','',''),
('1324809940959233','14:39:00','14:39:00','4109851','7','',''),
('1324809940959233','14:39:00','14:39:00','4109849','8','',''),
('1324809940959233','14:40:00','14:40:00','4109847','9','',''),
('1324809940959233','14:42:00','14:42:00','4109845','10','',''),
('1324809940959233','14:43:00','14:43:00','4109843','11','',''),
('1324809940959233','14:44:00','14:44:00','4109841','12','',''),
('1324809940959233','14:45:00','14:45:00','4109839','13','',''),
('1324809940959233','14:46:00','14:46:00','4109837','14','',''),
('1324809940959233','14:47:00','14:47:00','4109835','15','',''),
('1324809940959233','14:49:00','14:49:00','4109833','16','',''),
('1324809940959233','14:50:00','14:50:00','4109865','17','',''),
('1324809940959233','14:53:00','14:53:00','4109830','18','',''),
('1325538410959233','14:30:00','14:30:00','4109862','1','',''),
('1325538410959233','14:32:00','14:32:00','4109863','2','',''),
('1325538410959233','14:33:00','14:33:00','4109858','3','',''),
('1325538410959233','14:35:00','14:35:00','4109864','4','',''),
('1325538410959233','14:36:00','14:36:00','4109855','5','',''),
('1325538410959233','14:37:00','14:37:00','4109853','6','',''),
('1325538410959233','14:39:00','14:39:00','4109851','7','',''),
('1325538410959233','14:40:00','14:40:00','4109849','8','',''),
('1325538410959233','14:40:00','14:40:00','4109847','9','',''),
('1325538410959233','14:42:00','14:42:00','4109845','10','',''),
('1325538410959233','14:43:00','14:43:00','4109843','11','',''),
('1325538410959233','14:45:00','14:45:00','4109841','12','',''),
('1325538410959233','14:45:00','14:45:00','4109839','13','',''),
('1325538410959233','14:46:00','14:46:00','4109837','14','',''),
('1325538410959233','14:47:00','14:47:00','4109835','15','',''),
('1325538410959233','14:49:00','14:49:00','4109833','16','',''),
('1325538410959233','14:50:00','14:50:00','4109865','17','',''),
('1325538410959233','14:53:00','14:53:00','4109830','18','',''),
('1424809940959233','15:00:00','15:00:00','4109862','1','',''),
('1424809940959233','15:02:00','15:02:00','4109863','2','',''),
('1424809940959233','15:03:00','15:03:00','4109858','3','',''),
('1424809940959233','15:05:00','15:05:00','4109864','4','',''),
('1424809940959233','15:06:00','15:06:00','4109855','5','',''),
('1424809940959233','15:07:00','15:07:00','4109853','6','',''),
('1424809940959233','15:09:00','15:09:00','4109851','7','',''),
('1424809940959233','15:09:00','15:09:00','4109849','8','',''),
('1424809940959233','15:10:00','15:10:00','4109847','9','',''),
('1424809940959233','15:12:00','15:12:00','4109845','10','',''),
('1424809940959233','15:13:00','15:13:00','4109843','11','',''),
('1424809940959233','15:14:00','15:14:00','4109841','12','',''),
('1424809940959233','15:15:00','15:15:00','4109839','13','',''),
('1424809940959233','15:16:00','15:16:00','4109837','14','',''),
('1424809940959233','15:17:00','15:17:00','4109835','15','',''),
('1424809940959233','15:19:00','15:19:00','4109833','16','',''),
('1424809940959233','15:20:00','15:20:00','4109865','17','',''),
('1424809940959233','15:23:00','15:23:00','4109830','18','',''),
('1425538410959233','15:00:00','15:00:00','4109862','1','',''),
('1425538410959233','15:02:00','15:02:00','4109863','2','',''),
('1425538410959233','15:03:00','15:03:00','4109858','3','',''),
('1425538410959233','15:05:00','15:05:00','4109864','4','',''),
('1425538410959233','15:06:00','15:06:00','4109855','5','',''),
('1425538410959233','15:07:00','15:07:00','4109853','6','',''),
('1425538410959233','15:09:00','15:09:00','4109851','7','',''),
('1425538410959233','15:10:00','15:10:00','4109849','8','',''),
('1425538410959233','15:10:00','15:10:00','4109847','9','',''),
('1425538410959233','15:12:00','15:12:00','4109845','10','',''),
('1425538410959233','15:13:00','15:13:00','4109843','11','',''),
('1425538410959233','15:15:00','15:15:00','4109841','12','',''),
('1425538410959233','15:15:00','15:15:00','4109839','13','',''),
('1425538410959233','15:16:00','15:16:00','4109837','14','',''),
('1425538410959233','15:17:00','15:17:00','4109835','15','',''),
('1425538410959233','15:19:00','15:19:00','4109833','16','',''),
('1425538410959233','15:20:00','15:20:00','4109865','17','',''),
('1425538410959233','15:23:00','15:23:00','4109830','18','',''),
('1524809940959233','15:30:00','15:30:00','4109862','1','',''),
('1524809940959233','15:32:00','15:32:00','4109863','2','',''),
('1524809940959233','15:33:00','15:33:00','4109858','3','',''),
('1524809940959233','15:35:00','15:35:00','4109864','4','',''),
('1524809940959233','15:36:00','15:36:00','4109855','5','',''),
('1524809940959233','15:37:00','15:37:00','4109853','6','',''),
('1524809940959233','15:39:00','15:39:00','4109851','7','',''),
('1524809940959233','15:39:00','15:39:00','4109849','8','',''),
('1524809940959233','15:40:00','15:40:00','4109847','9','',''),
('1524809940959233','15:42:00','15:42:00','4109845','10','',''),
('1524809940959233','15:43:00','15:43:00','4109843','11','',''),
('1524809940959233','15:44:00','15:44:00','4109841','12','',''),
('1524809940959233','15:45:00','15:45:00','4109839','13','',''),
('1524809940959233','15:46:00','15:46:00','4109837','14','',''),
('1524809940959233','15:47:00','15:47:00','4109835','15','',''),
('1524809940959233','15:49:00','15:49:00','4109833','16','',''),
('1524809940959233','15:50:00','15:50:00','4109865','17','',''),
('1524809940959233','15:53:00','15:53:00','4109830','18','',''),
('1525538410959233','15:30:00','15:30:00','4109862','1','',''),
('1525538410959233','15:32:00','15:32:00','4109863','2','',''),
('1525538410959233','15:33:00','15:33:00','4109858','3','',''),
('1525538410959233','15:35:00','15:35:00','4109864','4','',''),
('1525538410959233','15:36:00','15:36:00','4109855','5','',''),
('1525538410959233','15:37:00','15:37:00','4109853','6','',''),
('1525538410959233','15:39:00','15:39:00','4109851','7','',''),
('1525538410959233','15:40:00','15:40:00','4109849','8','',''),
('1525538410959233','15:40:00','15:40:00','4109847','9','',''),
('1525538410959233','15:42:00','15:42:00','4109845','10','',''),
('1525538410959233','15:43:00','15:43:00','4109843','11','',''),
('1525538410959233','15:45:00','15:45:00','4109841','12','',''),
('1525538410959233','15:45:00','15:45:00','4109839','13','',''),
('1525538410959233','15:46:00','15:46:00','4109837','14','',''),
('1525538410959233','15:47:00','15:47:00','4109835','15','',''),
('1525538410959233','15:49:00','15:49:00','4109833','16','',''),
('1525538410959233','15:50:00','15:50:00','4109865','17','',''),
('1525538410959233','15:53:00','15:53:00','4109830','18','',''),
('1624809940959233','16:00:00','16:00:00','4109862','1','',''),
('1624809940959233','16:02:00','16:02:00','4109863','2','',''),
('1624809940959233','16:03:00','16:03:00','4109858','3','',''),
('1624809940959233','16:05:00','16:05:00','4109864','4','',''),
('1624809940959233','16:06:00','16:06:00','4109855','5','',''),
('1624809940959233','16:07:00','16:07:00','4109853','6','',''),
('1624809940959233','16:09:00','16:09:00','4109851','7','',''),
('1624809940959233','16:09:00','16:09:00','4109849','8','',''),
('1624809940959233','16:10:00','16:10:00','4109847','9','',''),
('1624809940959233','16:12:00','16:12:00','4109845','10','',''),
('1624809940959233','16:13:00','16:13:00','4109843','11','',''),
('1624809940959233','16:14:00','16:14:00','4109841','12','',''),
('1624809940959233','16:15:00','16:15:00','4109839','13','',''),
('1624809940959233','16:16:00','16:16:00','4109837','14','',''),
('1624809940959233','16:17:00','16:17:00','4109835','15','',''),
('1624809940959233','16:19:00','16:19:00','4109833','16','',''),
('1624809940959233','16:20:00','16:20:00','4109865','17','',''),
('1624809940959233','16:23:00','16:23:00','4109830','18','',''),
('1625538410959233','16:00:00','16:00:00','4109862','1','',''),
('1625538410959233','16:02:00','16:02:00','4109863','2','',''),
('1625538410959233','16:03:00','16:03:00','4109858','3','',''),
('1625538410959233','16:05:00','16:05:00','4109864','4','',''),
('1625538410959233','16:06:00','16:06:00','4109855','5','',''),
('1625538410959233','16:07:00','16:07:00','4109853','6','',''),
('1625538410959233','16:09:00','16:09:00','4109851','7','',''),
('1625538410959233','16:10:00','16:10:00','4109849','8','',''),
('1625538410959233','16:10:00','16:10:00','4109847','9','',''),
('1625538410959233','16:12:00','16:12:00','4109845','10','',''),
('1625538410959233','16:13:00','16:13:00','4109843','11','',''),
('1625538410959233','16:15:00','16:15:00','4109841','12','',''),
('1625538410959233','16:15:00','16:15:00','4109839','13','',''),
('1625538410959233','16:16:00','16:16:00','4109837','14','',''),
('1625538410959233','16:17:00','16:17:00','4109835','15','',''),
('1625538410959233','16:19:00','16:19:00','4109833','16','',''),
('1625538410959233','16:20:00','16:20:00','4109865','17','',''),
('1625538410959233','16:23:00','16:23:00','4109830','18','',''),
('1724809940959233','16:30:00','16:30:00','4109862','1','',''),
('1724809940959233','16:32:00','16:32:00','4109863','2','',''),
('1724809940959233','16:33:00','16:33:00','4109858','3','',''),
('1724809940959233','16:35:00','16:35:00','4109864','4','',''),
('1724809940959233','16:36:00','16:36:00','4109855','5','',''),
('1724809940959233','16:37:00','16:37:00','4109853','6','',''),
('1724809940959233','16:39:00','16:39:00','4109851','7','',''),
('1724809940959233','16:39:00','16:39:00','4109849','8','',''),
('1724809940959233','16:40:00','16:40:00','4109847','9','',''),
('1724809940959233','16:42:00','16:42:00','4109845','10','',''),
('1724809940959233','16:43:00','16:43:00','4109843','11','',''),
('1724809940959233','16:44:00','16:44:00','4109841','12','',''),
('1724809940959233','16:45:00','16:45:00','4109839','13','',''),
('1724809940959233','16:46:00','16:46:00','4109837','14','',''),
('1724809940959233','16:47:00','16:47:00','4109835','15','',''),
('1724809940959233','16:49:00','16:49:00','4109833','16','',''),
('1724809940959233','16:50:00','16:50:00','4109865','17','',''),
('1724809940959233','16:53:00','16:53:00','4109830','18','',''),
('1725538410959233','16:30:00','16:30:00','4109862','1','',''),
('1725538410959233','16:32:00','16:32:00','4109863','2','',''),
('1725538410959233','16:33:00','16:33:00','4109858','3','',''),
('1725538410959233','16:35:00','16:35:00','4109864','4','',''),
('1725538410959233','16:36:00','16:36:00','4109855','5','',''),
('1725538410959233','16:37:00','16:37:00','4109853','6','',''),
('1725538410959233','16:39:00','16:39:00','4109851','7','',''),
('1725538410959233','16:40:00','16:40:00','4109849','8','',''),
('1725538410959233','16:40:00','16:40:00','4109847','9','',''),
('1725538410959233','16:42:00','16:42:00','4109845','10','',''),
('1725538410959233','16:43:00','16:43:00','4109843','11','',''),
('1725538410959233','16:45:00','16:45:00','4109841','12','',''),
('1725538410959233','16:45:00','16:45:00','4109839','13','',''),
('1725538410959233','16:46:00','16:46:00','4109837','14','',''),
('1725538410959233','16:47:00','16:47:00','4109835','15','',''),
('1725538410959233','16:49:00','16:49:00','4109833','16','',''),
('1725538410959233','16:50:00','16:50:00','4109865','17','',''),
('1725538410959233','16:53:00','16:53:00','4109830','18','',''),
('1824809940959233','17:00:00','17:00:00','4109862','1','',''),
('1824809940959233','17:02:00','17:02:00','4109863','2','',''),
('1824809940959233','17:04:00','17:04:00','4109858','3','',''),
('1824809940959233','17:06:00','17:06:00','4109864','4','',''),
('1824809940959233','17:07:00','17:07:00','4109855','5','',''),
('1824809940959233','17:09:00','17:09:00','4109853','6','',''),
('1824809940959233','17:11:00','17:11:00','4109851','7','',''),
('1824809940959233','17:11:00','17:11:00','4109849','8','',''),
('1824809940959233','17:12:00','17:12:00','4109847','9','',''),
('1824809940959233','17:14:00','17:14:00','4109845','10','',''),
('1824809940959233','17:15:00','17:15:00','4109843','11','',''),
('1824809940959233','17:17:00','17:17:00','4109841','12','',''),
('1824809940959233','17:18:00','17:18:00','4109839','13','',''),
('1824809940959233','17:19:00','17:19:00','4109837','14','',''),
('1824809940959233','17:21:00','17:21:00','4109835','15','',''),
('1824809940959233','17:22:00','17:22:00','4109833','16','',''),
('1824809940959233','17:24:00','17:24:00','4109865','17','',''),
('1824809940959233','17:28:00','17:28:00','4109830','18','',''),
('1825538410959233','17:00:00','17:00:00','4109862','1','',''),
('1825538410959233','17:02:00','17:02:00','4109863','2','',''),
('1825538410959233','17:04:00','17:04:00','4109858','3','',''),
('1825538410959233','17:06:00','17:06:00','4109864','4','',''),
('1825538410959233','17:07:00','17:07:00','4109855','5','',''),
('1825538410959233','17:09:00','17:09:00','4109853','6','',''),
('1825538410959233','17:11:00','17:11:00','4109851','7','',''),
('1825538410959233','17:12:00','17:12:00','4109849','8','',''),
('1825538410959233','17:12:00','17:12:00','4109847','9','',''),
('1825538410959233','17:14:00','17:14:00','4109845','10','',''),
('1825538410959233','17:15:00','17:15:00','4109843','11','',''),
('1825538410959233','17:17:00','17:17:00','4109841','12','',''),
('1825538410959233','17:18:00','17:18:00','4109839','13','',''),
('1825538410959233','17:19:00','17:19:00','4109837','14','',''),
('1825538410959233','17:21:00','17:21:00','4109835','15','',''),
('1825538410959233','17:22:00','17:22:00','4109833','16','',''),
('1825538410959233','17:24:00','17:24:00','4109865','17','',''),
('1825538410959233','17:28:00','17:28:00','4109830','18','',''),
('1924809940959233','17:35:00','17:35:00','4109862','1','',''),
('1924809940959233','17:37:00','17:37:00','4109863','2','',''),
('1924809940959233','17:39:00','17:39:00','4109858','3','',''),
('1924809940959233','17:41:00','17:41:00','4109864','4','',''),
('1924809940959233','17:42:00','17:42:00','4109855','5','',''),
('1924809940959233','17:44:00','17:44:00','4109853','6','',''),
('1924809940959233','17:46:00','17:46:00','4109851','7','',''),
('1924809940959233','17:46:00','17:46:00','4109849','8','',''),
('1924809940959233','17:47:00','17:47:00','4109847','9','',''),
('1924809940959233','17:49:00','17:49:00','4109845','10','',''),
('1924809940959233','17:50:00','17:50:00','4109843','11','',''),
('1924809940959233','17:52:00','17:52:00','4109841','12','',''),
('1924809940959233','17:53:00','17:53:00','4109839','13','',''),
('1924809940959233','17:54:00','17:54:00','4109837','14','',''),
('1924809940959233','17:56:00','17:56:00','4109835','15','',''),
('1924809940959233','17:57:00','17:57:00','4109833','16','',''),
('1924809940959233','17:59:00','17:59:00','4109865','17','',''),
('1924809940959233','18:03:00','18:03:00','4109830','18','',''),
('1925538410959233','17:35:00','17:35:00','4109862','1','',''),
('1925538410959233','17:37:00','17:37:00','4109863','2','',''),
('1925538410959233','17:39:00','17:39:00','4109858','3','',''),
('1925538410959233','17:41:00','17:41:00','4109864','4','',''),
('1925538410959233','17:42:00','17:42:00','4109855','5','',''),
('1925538410959233','17:44:00','17:44:00','4109853','6','',''),
('1925538410959233','17:46:00','17:46:00','4109851','7','',''),
('1925538410959233','17:47:00','17:47:00','4109849','8','',''),
('1925538410959233','17:47:00','17:47:00','4109847','9','',''),
('1925538410959233','17:49:00','17:49:00','4109845','10','',''),
('1925538410959233','17:50:00','17:50:00','4109843','11','',''),
('1925538410959233','17:52:00','17:52:00','4109841','12','',''),
('1925538410959233','17:53:00','17:53:00','4109839','13','',''),
('1925538410959233','17:54:00','17:54:00','4109837','14','',''),
('1925538410959233','17:56:00','17:56:00','4109835','15','',''),
('1925538410959233','17:57:00','17:57:00','4109833','16','',''),
('1925538410959233','17:59:00','17:59:00','4109865','17','',''),
('1925538410959233','18:03:00','18:03:00','4109830','18','',''),
('2024809940959233','18:10:00','18:10:00','4109862','1','',''),
('2024809940959233','18:12:00','18:12:00','4109863','2','',''),
('2024809940959233','18:14:00','18:14:00','4109858','3','',''),
('2024809940959233','18:16:00','18:16:00','4109864','4','',''),
('2024809940959233','18:17:00','18:17:00','4109855','5','',''),
('2024809940959233','18:19:00','18:19:00','4109853','6','',''),
('2024809940959233','18:21:00','18:21:00','4109851','7','',''),
('2024809940959233','18:21:00','18:21:00','4109849','8','',''),
('2024809940959233','18:22:00','18:22:00','4109847','9','',''),
('2024809940959233','18:24:00','18:24:00','4109845','10','',''),
('2024809940959233','18:25:00','18:25:00','4109843','11','',''),
('2024809940959233','18:27:00','18:27:00','4109841','12','',''),
('2024809940959233','18:28:00','18:28:00','4109839','13','',''),
('2024809940959233','18:29:00','18:29:00','4109837','14','',''),
('2024809940959233','18:31:00','18:31:00','4109835','15','',''),
('2024809940959233','18:32:00','18:32:00','4109833','16','',''),
('2024809940959233','18:34:00','18:34:00','4109865','17','',''),
('2024809940959233','18:38:00','18:38:00','4109830','18','',''),
('2025538410959233','18:10:00','18:10:00','4109862','1','',''),
('2025538410959233','18:12:00','18:12:00','4109863','2','',''),
('2025538410959233','18:14:00','18:14:00','4109858','3','',''),
('2025538410959233','18:16:00','18:16:00','4109864','4','',''),
('2025538410959233','18:17:00','18:17:00','4109855','5','',''),
('2025538410959233','18:19:00','18:19:00','4109853','6','',''),
('2025538410959233','18:21:00','18:21:00','4109851','7','',''),
('2025538410959233','18:22:00','18:22:00','4109849','8','',''),
('2025538410959233','18:22:00','18:22:00','4109847','9','',''),
('2025538410959233','18:24:00','18:24:00','4109845','10','',''),
('2025538410959233','18:25:00','18:25:00','4109843','11','',''),
('2025538410959233','18:27:00','18:27:00','4109841','12','',''),
('2025538410959233','18:28:00','18:28:00','4109839','13','',''),
('2025538410959233','18:29:00','18:29:00','4109837','14','',''),
('2025538410959233','18:31:00','18:31:00','4109835','15','',''),
('2025538410959233','18:32:00','18:32:00','4109833','16','',''),
('2025538410959233','18:34:00','18:34:00','4109865','17','',''),
('2025538410959233','18:38:00','18:38:00','4109830','18','',''),
('2124809940959233','18:45:00','18:45:00','4109862','1','',''),
('2124809940959233','18:47:00','18:47:00','4109863','2','',''),
('2124809940959233','18:48:00','18:48:00','4109858','3','',''),
('2124809940959233','18:50:00','18:50:00','4109864','4','',''),
('2124809940959233','18:51:00','18:51:00','4109855','5','',''),
('2124809940959233','18:52:00','18:52:00','4109853','6','',''),
('2124809940959233','18:54:00','18:54:00','4109851','7','',''),
('2124809940959233','18:54:00','18:54:00','4109849','8','',''),
('2124809940959233','18:55:00','18:55:00','4109847','9','',''),
('2124809940959233','18:57:00','18:57:00','4109845','10','',''),
('2124809940959233','18:58:00','18:58:00','4109843','11','',''),
('2124809940959233','18:59:00','18:59:00','4109841','12','',''),
('2124809940959233','19:00:00','19:00:00','4109839','13','',''),
('2124809940959233','19:01:00','19:01:00','4109837','14','',''),
('2124809940959233','19:02:00','19:02:00','4109835','15','',''),
('2124809940959233','19:04:00','19:04:00','4109833','16','',''),
('2124809940959233','19:05:00','19:05:00','4109865','17','',''),
('2124809940959233','19:08:00','19:08:00','4109830','18','',''),
('2125538410959233','18:45:00','18:45:00','4109862','1','',''),
('2125538410959233','18:47:00','18:47:00','4109863','2','',''),
('2125538410959233','18:48:00','18:48:00','4109858','3','',''),
('2125538410959233','18:50:00','18:50:00','4109864','4','',''),
('2125538410959233','18:51:00','18:51:00','4109855','5','',''),
('2125538410959233','18:52:00','18:52:00','4109853','6','',''),
('2125538410959233','18:54:00','18:54:00','4109851','7','',''),
('2125538410959233','18:55:00','18:55:00','4109849','8','',''),
('2125538410959233','18:55:00','18:55:00','4109847','9','',''),
('2125538410959233','18:57:00','18:57:00','4109845','10','',''),
('2125538410959233','18:58:00','18:58:00','4109843','11','',''),
('2125538410959233','19:00:00','19:00:00','4109841','12','',''),
('2125538410959233','19:00:00','19:00:00','4109839','13','',''),
('2125538410959233','19:01:00','19:01:00','4109837','14','',''),
('2125538410959233','19:02:00','19:02:00','4109835','15','',''),
('2125538410959233','19:04:00','19:04:00','4109833','16','',''),
('2125538410959233','19:05:00','19:05:00','4109865','17','',''),
('2125538410959233','19:08:00','19:08:00','4109830','18','',''),
('2224809940959233','19:15:00','19:15:00','4109862','1','',''),
('2224809940959233','19:17:00','19:17:00','4109863','2','',''),
('2224809940959233','19:18:00','19:18:00','4109858','3','',''),
('2224809940959233','19:20:00','19:20:00','4109864','4','',''),
('2224809940959233','19:21:00','19:21:00','4109855','5','',''),
('2224809940959233','19:22:00','19:22:00','4109853','6','',''),
('2224809940959233','19:24:00','19:24:00','4109851','7','',''),
('2224809940959233','19:24:00','19:24:00','4109849','8','',''),
('2224809940959233','19:25:00','19:25:00','4109847','9','',''),
('2224809940959233','19:27:00','19:27:00','4109845','10','',''),
('2224809940959233','19:28:00','19:28:00','4109843','11','',''),
('2224809940959233','19:29:00','19:29:00','4109841','12','',''),
('2224809940959233','19:30:00','19:30:00','4109839','13','',''),
('2224809940959233','19:31:00','19:31:00','4109837','14','',''),
('2224809940959233','19:32:00','19:32:00','4109835','15','',''),
('2224809940959233','19:34:00','19:34:00','4109833','16','',''),
('2224809940959233','19:35:00','19:35:00','4109865','17','',''),
('2224809940959233','19:38:00','19:38:00','4109830','18','',''),
('2225538410959233','19:15:00','19:15:00','4109862','1','',''),
('2225538410959233','19:17:00','19:17:00','4109863','2','',''),
('2225538410959233','19:18:00','19:18:00','4109858','3','',''),
('2225538410959233','19:20:00','19:20:00','4109864','4','',''),
('2225538410959233','19:21:00','19:21:00','4109855','5','',''),
('2225538410959233','19:22:00','19:22:00','4109853','6','',''),
('2225538410959233','19:24:00','19:24:00','4109851','7','',''),
('2225538410959233','19:25:00','19:25:00','4109849','8','',''),
('2225538410959233','19:25:00','19:25:00','4109847','9','',''),
('2225538410959233','19:27:00','19:27:00','4109845','10','',''),
('2225538410959233','19:28:00','19:28:00','4109843','11','',''),
('2225538410959233','19:30:00','19:30:00','4109841','12','',''),
('2225538410959233','19:30:00','19:30:00','4109839','13','',''),
('2225538410959233','19:31:00','19:31:00','4109837','14','',''),
('2225538410959233','19:32:00','19:32:00','4109835','15','',''),
('2225538410959233','19:34:00','19:34:00','4109833','16','',''),
('2225538410959233','19:35:00','19:35:00','4109865','17','',''),
('2225538410959233','19:38:00','19:38:00','4109830','18','',''),
('224809940959233','08:05:00','08:05:00','4109862','1','',''),
('224809940959233','08:07:00','08:07:00','4109863','2','',''),
('224809940959233','08:09:00','08:09:00','4109858','3','',''),
('224809940959233','08:11:00','08:11:00','4109864','4','',''),
('224809940959233','08:12:00','08:12:00','4109855','5','',''),
('224809940959233','08:14:00','08:14:00','4109853','6','',''),
('224809940959233','08:16:00','08:16:00','4109851','7','',''),
('224809940959233','08:17:00','08:17:00','4109849','8','',''),
('224809940959233','08:18:00','08:18:00','4109847','9','',''),
('224809940959233','08:20:00','08:20:00','4109845','10','',''),
('224809940959233','08:21:00','08:21:00','4109843','11','',''),
('224809940959233','08:23:00','08:23:00','4109841','12','',''),
('224809940959233','08:25:00','08:25:00','4109839','13','',''),
('224809940959233','08:26:00','08:26:00','4109837','14','',''),
('224809940959233','08:28:00','08:28:00','4109835','15','',''),
('224809940959233','08:30:00','08:30:00','4109833','16','',''),
('224809940959233','08:33:00','08:33:00','4109865','17','',''),
('224809940959233','08:38:00','08:38:00','4109830','18','',''),
('224809950959233','14:30:00','14:30:00','4109862','1','',''),
('224809950959233','14:32:00','14:32:00','4109863','2','',''),
('224809950959233','14:33:00','14:33:00','4109858','3','',''),
('224809950959233','14:35:00','14:35:00','4109864','4','',''),
('224809950959233','14:36:00','14:36:00','4109855','5','',''),
('224809950959233','14:37:00','14:37:00','4109853','6','',''),
('224809950959233','14:39:00','14:39:00','4109851','7','',''),
('224809950959233','14:39:00','14:39:00','4109849','8','',''),
('224809950959233','14:40:00','14:40:00','4109847','9','',''),
('224809950959233','14:42:00','14:42:00','4109845','10','',''),
('224809950959233','14:43:00','14:43:00','4109843','11','',''),
('224809950959233','14:44:00','14:44:00','4109841','12','',''),
('224809950959233','14:45:00','14:45:00','4109839','13','',''),
('224809950959233','14:46:00','14:46:00','4109837','14','',''),
('224809950959233','14:47:00','14:47:00','4109835','15','',''),
('224809950959233','14:49:00','14:49:00','4109833','16','',''),
('224809950959233','14:50:00','14:50:00','4109865','17','',''),
('224809950959233','14:53:00','14:53:00','4109830','18','',''),
('225538410959233','08:05:00','08:05:00','4109862','1','',''),
('225538410959233','08:07:00','08:07:00','4109863','2','',''),
('225538410959233','08:09:00','08:09:00','4109858','3','',''),
('225538410959233','08:11:00','08:11:00','4109864','4','',''),
('225538410959233','08:12:00','08:12:00','4109855','5','',''),
('225538410959233','08:14:00','08:14:00','4109853','6','',''),
('225538410959233','08:16:00','08:16:00','4109851','7','',''),
('225538410959233','08:17:00','08:17:00','4109849','8','',''),
('225538410959233','08:18:00','08:18:00','4109847','9','',''),
('225538410959233','08:20:00','08:20:00','4109845','10','',''),
('225538410959233','08:21:00','08:21:00','4109843','11','',''),
('225538410959233','08:24:00','08:24:00','4109841','12','',''),
('225538410959233','08:25:00','08:25:00','4109839','13','',''),
('225538410959233','08:26:00','08:26:00','4109837','14','',''),
('225538410959233','08:28:00','08:28:00','4109835','15','',''),
('225538410959233','08:30:00','08:30:00','4109833','16','',''),
('225538410959233','08:33:00','08:33:00','4109865','17','',''),
('225538410959233','08:38:00','08:38:00','4109830','18','',''),
('225538420959233','14:30:00','14:30:00','4109862','1','',''),
('225538420959233','14:32:00','14:32:00','4109863','2','',''),
('225538420959233','14:33:00','14:33:00','4109858','3','',''),
('225538420959233','14:35:00','14:35:00','4109864','4','',''),
('225538420959233','14:36:00','14:36:00','4109855','5','',''),
('225538420959233','14:37:00','14:37:00','4109853','6','',''),
('225538420959233','14:39:00','14:39:00','4109851','7','',''),
('225538420959233','14:40:00','14:40:00','4109849','8','',''),
('225538420959233','14:40:00','14:40:00','4109847','9','',''),
('225538420959233','14:42:00','14:42:00','4109845','10','',''),
('225538420959233','14:43:00','14:43:00','4109843','11','',''),
('225538420959233','14:45:00','14:45:00','4109841','12','',''),
('225538420959233','14:45:00','14:45:00','4109839','13','',''),
('225538420959233','14:46:00','14:46:00','4109837','14','',''),
('225538420959233','14:47:00','14:47:00','4109835','15','',''),
('225538420959233','14:49:00','14:49:00','4109833','16','',''),
('225538420959233','14:50:00','14:50:00','4109865','17','',''),
('225538420959233','14:53:00','14:53:00','4109830','18','',''),
('2324809940959233','19:45:00','19:45:00','4109862','1','',''),
('2324809940959233','19:47:00','19:47:00','4109863','2','',''),
('2324809940959233','19:48:00','19:48:00','4109858','3','',''),
('2324809940959233','19:50:00','19:50:00','4109864','4','',''),
('2324809940959233','19:51:00','19:51:00','4109855','5','',''),
('2324809940959233','19:52:00','19:52:00','4109853','6','',''),
('2324809940959233','19:54:00','19:54:00','4109851','7','',''),
('2324809940959233','19:54:00','19:54:00','4109849','8','',''),
('2324809940959233','19:55:00','19:55:00','4109847','9','',''),
('2324809940959233','19:57:00','19:57:00','4109845','10','',''),
('2324809940959233','19:58:00','19:58:00','4109843','11','',''),
('2324809940959233','19:59:00','19:59:00','4109841','12','',''),
('2324809940959233','20:00:00','20:00:00','4109839','13','',''),
('2324809940959233','20:01:00','20:01:00','4109837','14','',''),
('2324809940959233','20:02:00','20:02:00','4109835','15','',''),
('2324809940959233','20:04:00','20:04:00','4109833','16','',''),
('2324809940959233','20:05:00','20:05:00','4109865','17','',''),
('2324809940959233','20:08:00','20:08:00','4109830','18','',''),
('2325538410959233','19:45:00','19:45:00','4109862','1','',''),
('2325538410959233','19:47:00','19:47:00','4109863','2','',''),
('2325538410959233','19:48:00','19:48:00','4109858','3','',''),
('2325538410959233','19:50:00','19:50:00','4109864','4','',''),
('2325538410959233','19:51:00','19:51:00','4109855','5','',''),
('2325538410959233','19:52:00','19:52:00','4109853','6','',''),
('2325538410959233','19:54:00','19:54:00','4109851','7','',''),
('2325538410959233','19:55:00','19:55:00','4109849','8','',''),
('2325538410959233','19:55:00','19:55:00','4109847','9','',''),
('2325538410959233','19:57:00','19:57:00','4109845','10','',''),
('2325538410959233','19:58:00','19:58:00','4109843','11','',''),
('2325538410959233','20:00:00','20:00:00','4109841','12','',''),
('2325538410959233','20:00:00','20:00:00','4109839','13','',''),
('2325538410959233','20:01:00','20:01:00','4109837','14','',''),
('2325538410959233','20:02:00','20:02:00','4109835','15','',''),
('2325538410959233','20:04:00','20:04:00','4109833','16','',''),
('2325538410959233','20:05:00','20:05:00','4109865','17','',''),
('2325538410959233','20:08:00','20:08:00','4109830','18','',''),
('324809940959233','08:40:00','08:40:00','4109862','1','',''),
('324809940959233','08:42:00','08:42:00','4109863','2','',''),
('324809940959233','08:44:00','08:44:00','4109858','3','',''),
('324809940959233','08:46:00','08:46:00','4109864','4','',''),
('324809940959233','08:47:00','08:47:00','4109855','5','',''),
('324809940959233','08:49:00','08:49:00','4109853','6','',''),
('324809940959233','08:51:00','08:51:00','4109851','7','',''),
('324809940959233','08:52:00','08:52:00','4109849','8','',''),
('324809940959233','08:53:00','08:53:00','4109847','9','',''),
('324809940959233','08:55:00','08:55:00','4109845','10','',''),
('324809940959233','08:56:00','08:56:00','4109843','11','',''),
('324809940959233','08:58:00','08:58:00','4109841','12','',''),
('324809940959233','09:00:00','09:00:00','4109839','13','',''),
('324809940959233','09:01:00','09:01:00','4109837','14','',''),
('324809940959233','09:03:00','09:03:00','4109835','15','',''),
('324809940959233','09:05:00','09:05:00','4109833','16','',''),
('324809940959233','09:08:00','09:08:00','4109865','17','',''),
('324809940959233','09:13:00','09:13:00','4109830','18','',''),
('324809950959233','15:00:00','15:00:00','4109862','1','',''),
('324809950959233','15:02:00','15:02:00','4109863','2','',''),
('324809950959233','15:03:00','15:03:00','4109858','3','',''),
('324809950959233','15:05:00','15:05:00','4109864','4','',''),
('324809950959233','15:06:00','15:06:00','4109855','5','',''),
('324809950959233','15:07:00','15:07:00','4109853','6','',''),
('324809950959233','15:09:00','15:09:00','4109851','7','',''),
('324809950959233','15:09:00','15:09:00','4109849','8','',''),
('324809950959233','15:10:00','15:10:00','4109847','9','',''),
('324809950959233','15:12:00','15:12:00','4109845','10','',''),
('324809950959233','15:13:00','15:13:00','4109843','11','',''),
('324809950959233','15:14:00','15:14:00','4109841','12','',''),
('324809950959233','15:15:00','15:15:00','4109839','13','',''),
('324809950959233','15:16:00','15:16:00','4109837','14','',''),
('324809950959233','15:17:00','15:17:00','4109835','15','',''),
('324809950959233','15:19:00','15:19:00','4109833','16','',''),
('324809950959233','15:20:00','15:20:00','4109865','17','',''),
('324809950959233','15:23:00','15:23:00','4109830','18','',''),
('325538410959233','08:40:00','08:40:00','4109862','1','',''),
('325538410959233','08:42:00','08:42:00','4109863','2','',''),
('325538410959233','08:44:00','08:44:00','4109858','3','',''),
('325538410959233','08:46:00','08:46:00','4109864','4','',''),
('325538410959233','08:47:00','08:47:00','4109855','5','',''),
('325538410959233','08:49:00','08:49:00','4109853','6','',''),
('325538410959233','08:51:00','08:51:00','4109851','7','',''),
('325538410959233','08:52:00','08:52:00','4109849','8','',''),
('325538410959233','08:53:00','08:53:00','4109847','9','',''),
('325538410959233','08:55:00','08:55:00','4109845','10','',''),
('325538410959233','08:56:00','08:56:00','4109843','11','',''),
('325538410959233','08:59:00','08:59:00','4109841','12','',''),
('325538410959233','09:00:00','09:00:00','4109839','13','',''),
('325538410959233','09:01:00','09:01:00','4109837','14','',''),
('325538410959233','09:03:00','09:03:00','4109835','15','',''),
('325538410959233','09:05:00','09:05:00','4109833','16','',''),
('325538410959233','09:08:00','09:08:00','4109865','17','',''),
('325538410959233','09:13:00','09:13:00','4109830','18','',''),
('325538420959233','15:00:00','15:00:00','4109862','1','',''),
('325538420959233','15:02:00','15:02:00','4109863','2','',''),
('325538420959233','15:03:00','15:03:00','4109858','3','',''),
('325538420959233','15:05:00','15:05:00','4109864','4','',''),
('325538420959233','15:06:00','15:06:00','4109855','5','',''),
('325538420959233','15:07:00','15:07:00','4109853','6','',''),
('325538420959233','15:09:00','15:09:00','4109851','7','',''),
('325538420959233','15:10:00','15:10:00','4109849','8','',''),
('325538420959233','15:10:00','15:10:00','4109847','9','',''),
('325538420959233','15:12:00','15:12:00','4109845','10','',''),
('325538420959233','15:13:00','15:13:00','4109843','11','',''),
('325538420959233','15:15:00','15:15:00','4109841','12','',''),
('325538420959233','15:15:00','15:15:00','4109839','13','',''),
('325538420959233','15:16:00','15:16:00','4109837','14','',''),
('325538420959233','15:17:00','15:17:00','4109835','15','',''),
('325538420959233','15:19:00','15:19:00','4109833','16','',''),
('325538420959233','15:20:00','15:20:00','4109865','17','',''),
('325538420959233','15:23:00','15:23:00','4109830','18','',''),
('424809940959233','09:15:00','09:15:00','4109862','1','',''),
('424809940959233','09:17:00','09:17:00','4109863','2','',''),
('424809940959233','09:18:00','09:18:00','4109858','3','',''),
('424809940959233','09:20:00','09:20:00','4109864','4','',''),
('424809940959233','09:21:00','09:21:00','4109855','5','',''),
('424809940959233','09:23:00','09:23:00','4109853','6','',''),
('424809940959233','09:25:00','09:25:00','4109851','7','',''),
('424809940959233','09:25:00','09:25:00','4109849','8','',''),
('424809940959233','09:26:00','09:26:00','4109847','9','',''),
('424809940959233','09:28:00','09:28:00','4109845','10','',''),
('424809940959233','09:29:00','09:29:00','4109843','11','',''),
('424809940959233','09:31:00','09:31:00','4109841','12','',''),
('424809940959233','09:32:00','09:32:00','4109839','13','',''),
('424809940959233','09:33:00','09:33:00','4109837','14','',''),
('424809940959233','09:35:00','09:35:00','4109835','15','',''),
('424809940959233','09:37:00','09:37:00','4109833','16','',''),
('424809940959233','09:39:00','09:39:00','4109865','17','',''),
('424809940959233','09:43:00','09:43:00','4109830','18','',''),
('424809950959233','15:30:00','15:30:00','4109862','1','',''),
('424809950959233','15:32:00','15:32:00','4109863','2','',''),
('424809950959233','15:33:00','15:33:00','4109858','3','',''),
('424809950959233','15:35:00','15:35:00','4109864','4','',''),
('424809950959233','15:36:00','15:36:00','4109855','5','',''),
('424809950959233','15:37:00','15:37:00','4109853','6','',''),
('424809950959233','15:39:00','15:39:00','4109851','7','',''),
('424809950959233','15:39:00','15:39:00','4109849','8','',''),
('424809950959233','15:40:00','15:40:00','4109847','9','',''),
('424809950959233','15:42:00','15:42:00','4109845','10','',''),
('424809950959233','15:43:00','15:43:00','4109843','11','',''),
('424809950959233','15:44:00','15:44:00','4109841','12','',''),
('424809950959233','15:45:00','15:45:00','4109839','13','',''),
('424809950959233','15:46:00','15:46:00','4109837','14','',''),
('424809950959233','15:47:00','15:47:00','4109835','15','',''),
('424809950959233','15:49:00','15:49:00','4109833','16','',''),
('424809950959233','15:50:00','15:50:00','4109865','17','',''),
('424809950959233','15:53:00','15:53:00','4109830','18','',''),
('425538410959233','09:15:00','09:15:00','4109862','1','',''),
('425538410959233','09:17:00','09:17:00','4109863','2','',''),
('425538410959233','09:18:00','09:18:00','4109858','3','',''),
('425538410959233','09:20:00','09:20:00','4109864','4','',''),
('425538410959233','09:21:00','09:21:00','4109855','5','',''),
('425538410959233','09:23:00','09:23:00','4109853','6','',''),
('425538410959233','09:25:00','09:25:00','4109851','7','',''),
('425538410959233','09:26:00','09:26:00','4109849','8','',''),
('425538410959233','09:26:00','09:26:00','4109847','9','',''),
('425538410959233','09:28:00','09:28:00','4109845','10','',''),
('425538410959233','09:29:00','09:29:00','4109843','11','',''),
('425538410959233','09:31:00','09:31:00','4109841','12','',''),
('425538410959233','09:32:00','09:32:00','4109839','13','',''),
('425538410959233','09:33:00','09:33:00','4109837','14','',''),
('425538410959233','09:35:00','09:35:00','4109835','15','',''),
('425538410959233','09:37:00','09:37:00','4109833','16','',''),
('425538410959233','09:39:00','09:39:00','4109865','17','',''),
('425538410959233','09:43:00','09:43:00','4109830','18','',''),
('425538420959233','15:30:00','15:30:00','4109862','1','',''),
('425538420959233','15:32:00','15:32:00','4109863','2','',''),
('425538420959233','15:33:00','15:33:00','4109858','3','',''),
('425538420959233','15:35:00','15:35:00','4109864','4','',''),
('425538420959233','15:36:00','15:36:00','4109855','5','',''),
('425538420959233','15:37:00','15:37:00','4109853','6','',''),
('425538420959233','15:39:00','15:39:00','4109851','7','',''),
('425538420959233','15:40:00','15:40:00','4109849','8','',''),
('425538420959233','15:40:00','15:40:00','4109847','9','',''),
('425538420959233','15:42:00','15:42:00','4109845','10','',''),
('425538420959233','15:43:00','15:43:00','4109843','11','',''),
('425538420959233','15:45:00','15:45:00','4109841','12','',''),
('425538420959233','15:45:00','15:45:00','4109839','13','',''),
('425538420959233','15:46:00','15:46:00','4109837','14','',''),
('425538420959233','15:47:00','15:47:00','4109835','15','',''),
('425538420959233','15:49:00','15:49:00','4109833','16','',''),
('425538420959233','15:50:00','15:50:00','4109865','17','',''),
('425538420959233','15:53:00','15:53:00','4109830','18','',''),
('524809940959233','09:45:00','09:45:00','4109862','1','',''),
('524809940959233','09:47:00','09:47:00','4109863','2','',''),
('524809940959233','09:48:00','09:48:00','4109858','3','',''),
('524809940959233','09:50:00','09:50:00','4109864','4','',''),
('524809940959233','09:51:00','09:51:00','4109855','5','',''),
('524809940959233','09:52:00','09:52:00','4109853','6','',''),
('524809940959233','09:54:00','09:54:00','4109851','7','',''),
('524809940959233','09:54:00','09:54:00','4109849','8','',''),
('524809940959233','09:55:00','09:55:00','4109847','9','',''),
('524809940959233','09:57:00','09:57:00','4109845','10','',''),
('524809940959233','09:58:00','09:58:00','4109843','11','',''),
('524809940959233','09:59:00','09:59:00','4109841','12','',''),
('524809940959233','10:00:00','10:00:00','4109839','13','',''),
('524809940959233','10:01:00','10:01:00','4109837','14','',''),
('524809940959233','10:02:00','10:02:00','4109835','15','',''),
('524809940959233','10:04:00','10:04:00','4109833','16','',''),
('524809940959233','10:05:00','10:05:00','4109865','17','',''),
('524809940959233','10:08:00','10:08:00','4109830','18','',''),
('524809950959233','16:00:00','16:00:00','4109862','1','',''),
('524809950959233','16:02:00','16:02:00','4109863','2','',''),
('524809950959233','16:03:00','16:03:00','4109858','3','',''),
('524809950959233','16:05:00','16:05:00','4109864','4','',''),
('524809950959233','16:06:00','16:06:00','4109855','5','',''),
('524809950959233','16:07:00','16:07:00','4109853','6','',''),
('524809950959233','16:09:00','16:09:00','4109851','7','',''),
('524809950959233','16:09:00','16:09:00','4109849','8','',''),
('524809950959233','16:10:00','16:10:00','4109847','9','',''),
('524809950959233','16:12:00','16:12:00','4109845','10','',''),
('524809950959233','16:13:00','16:13:00','4109843','11','',''),
('524809950959233','16:14:00','16:14:00','4109841','12','',''),
('524809950959233','16:15:00','16:15:00','4109839','13','',''),
('524809950959233','16:16:00','16:16:00','4109837','14','',''),
('524809950959233','16:17:00','16:17:00','4109835','15','',''),
('524809950959233','16:19:00','16:19:00','4109833','16','',''),
('524809950959233','16:20:00','16:20:00','4109865','17','',''),
('524809950959233','16:23:00','16:23:00','4109830','18','',''),
('525538410959233','09:45:00','09:45:00','4109862','1','',''),
('525538410959233','09:47:00','09:47:00','4109863','2','',''),
('525538410959233','09:48:00','09:48:00','4109858','3','',''),
('525538410959233','09:50:00','09:50:00','4109864','4','',''),
('525538410959233','09:51:00','09:51:00','4109855','5','',''),
('525538410959233','09:52:00','09:52:00','4109853','6','',''),
('525538410959233','09:54:00','09:54:00','4109851','7','',''),
('525538410959233','09:55:00','09:55:00','4109849','8','',''),
('525538410959233','09:55:00','09:55:00','4109847','9','',''),
('525538410959233','09:57:00','09:57:00','4109845','10','',''),
('525538410959233','09:58:00','09:58:00','4109843','11','',''),
('525538410959233','10:00:00','10:00:00','4109841','12','',''),
('525538410959233','10:00:00','10:00:00','4109839','13','',''),
('525538410959233','10:01:00','10:01:00','4109837','14','',''),
('525538410959233','10:02:00','10:02:00','4109835','15','',''),
('525538410959233','10:04:00','10:04:00','4109833','16','',''),
('525538410959233','10:05:00','10:05:00','4109865','17','',''),
('525538410959233','10:08:00','10:08:00','4109830','18','',''),
('525538420959233','16:00:00','16:00:00','4109862','1','',''),
('525538420959233','16:02:00','16:02:00','4109863','2','',''),
('525538420959233','16:03:00','16:03:00','4109858','3','',''),
('525538420959233','16:05:00','16:05:00','4109864','4','',''),
('525538420959233','16:06:00','16:06:00','4109855','5','',''),
('525538420959233','16:07:00','16:07:00','4109853','6','',''),
('525538420959233','16:09:00','16:09:00','4109851','7','',''),
('525538420959233','16:10:00','16:10:00','4109849','8','',''),
('525538420959233','16:10:00','16:10:00','4109847','9','',''),
('525538420959233','16:12:00','16:12:00','4109845','10','',''),
('525538420959233','16:13:00','16:13:00','4109843','11','',''),
('525538420959233','16:15:00','16:15:00','4109841','12','',''),
('525538420959233','16:15:00','16:15:00','4109839','13','',''),
('525538420959233','16:16:00','16:16:00','4109837','14','',''),
('525538420959233','16:17:00','16:17:00','4109835','15','',''),
('525538420959233','16:19:00','16:19:00','4109833','16','',''),
('525538420959233','16:20:00','16:20:00','4109865','17','',''),
('525538420959233','16:23:00','16:23:00','4109830','18','',''),
('624809940959233','10:15:00','10:15:00','4109862','1','',''),
('624809940959233','10:17:00','10:17:00','4109863','2','',''),
('624809940959233','10:18:00','10:18:00','4109858','3','',''),
('624809940959233','10:20:00','10:20:00','4109864','4','',''),
('624809940959233','10:21:00','10:21:00','4109855','5','',''),
('624809940959233','10:22:00','10:22:00','4109853','6','',''),
('624809940959233','10:24:00','10:24:00','4109851','7','',''),
('624809940959233','10:24:00','10:24:00','4109849','8','',''),
('624809940959233','10:25:00','10:25:00','4109847','9','',''),
('624809940959233','10:27:00','10:27:00','4109845','10','',''),
('624809940959233','10:28:00','10:28:00','4109843','11','',''),
('624809940959233','10:29:00','10:29:00','4109841','12','',''),
('624809940959233','10:30:00','10:30:00','4109839','13','',''),
('624809940959233','10:31:00','10:31:00','4109837','14','',''),
('624809940959233','10:32:00','10:32:00','4109835','15','',''),
('624809940959233','10:34:00','10:34:00','4109833','16','',''),
('624809940959233','10:35:00','10:35:00','4109865','17','',''),
('624809940959233','10:38:00','10:38:00','4109830','18','',''),
('624809950959233','16:30:00','16:30:00','4109862','1','',''),
('624809950959233','16:32:00','16:32:00','4109863','2','',''),
('624809950959233','16:33:00','16:33:00','4109858','3','',''),
('624809950959233','16:35:00','16:35:00','4109864','4','',''),
('624809950959233','16:36:00','16:36:00','4109855','5','',''),
('624809950959233','16:37:00','16:37:00','4109853','6','',''),
('624809950959233','16:39:00','16:39:00','4109851','7','',''),
('624809950959233','16:39:00','16:39:00','4109849','8','',''),
('624809950959233','16:40:00','16:40:00','4109847','9','',''),
('624809950959233','16:42:00','16:42:00','4109845','10','',''),
('624809950959233','16:43:00','16:43:00','4109843','11','',''),
('624809950959233','16:44:00','16:44:00','4109841','12','',''),
('624809950959233','16:45:00','16:45:00','4109839','13','',''),
('624809950959233','16:46:00','16:46:00','4109837','14','',''),
('624809950959233','16:47:00','16:47:00','4109835','15','',''),
('624809950959233','16:49:00','16:49:00','4109833','16','',''),
('624809950959233','16:50:00','16:50:00','4109865','17','',''),
('624809950959233','16:53:00','16:53:00','4109830','18','',''),
('625538410959233','10:15:00','10:15:00','4109862','1','',''),
('625538410959233','10:17:00','10:17:00','4109863','2','',''),
('625538410959233','10:18:00','10:18:00','4109858','3','',''),
('625538410959233','10:20:00','10:20:00','4109864','4','',''),
('625538410959233','10:21:00','10:21:00','4109855','5','',''),
('625538410959233','10:22:00','10:22:00','4109853','6','',''),
('625538410959233','10:24:00','10:24:00','4109851','7','',''),
('625538410959233','10:25:00','10:25:00','4109849','8','',''),
('625538410959233','10:25:00','10:25:00','4109847','9','',''),
('625538410959233','10:27:00','10:27:00','4109845','10','',''),
('625538410959233','10:28:00','10:28:00','4109843','11','',''),
('625538410959233','10:30:00','10:30:00','4109841','12','',''),
('625538410959233','10:30:00','10:30:00','4109839','13','',''),
('625538410959233','10:31:00','10:31:00','4109837','14','',''),
('625538410959233','10:32:00','10:32:00','4109835','15','',''),
('625538410959233','10:34:00','10:34:00','4109833','16','',''),
('625538410959233','10:35:00','10:35:00','4109865','17','',''),
('625538410959233','10:38:00','10:38:00','4109830','18','',''),
('625538420959233','16:30:00','16:30:00','4109862','1','',''),
('625538420959233','16:32:00','16:32:00','4109863','2','',''),
('625538420959233','16:33:00','16:33:00','4109858','3','',''),
('625538420959233','16:35:00','16:35:00','4109864','4','',''),
('625538420959233','16:36:00','16:36:00','4109855','5','',''),
('625538420959233','16:37:00','16:37:00','4109853','6','',''),
('625538420959233','16:39:00','16:39:00','4109851','7','',''),
('625538420959233','16:40:00','16:40:00','4109849','8','',''),
('625538420959233','16:40:00','16:40:00','4109847','9','',''),
('625538420959233','16:42:00','16:42:00','4109845','10','',''),
('625538420959233','16:43:00','16:43:00','4109843','11','',''),
('625538420959233','16:45:00','16:45:00','4109841','12','',''),
('625538420959233','16:45:00','16:45:00','4109839','13','',''),
('625538420959233','16:46:00','16:46:00','4109837','14','',''),
('625538420959233','16:47:00','16:47:00','4109835','15','',''),
('625538420959233','16:49:00','16:49:00','4109833','16','',''),
('625538420959233','16:50:00','16:50:00','4109865','17','',''),
('625538420959233','16:53:00','16:53:00','4109830','18','',''),
('724809940959233','10:45:00','10:45:00','4109862','1','',''),
('724809940959233','10:47:00','10:47:00','4109863','2','',''),
('724809940959233','10:48:00','10:48:00','4109858','3','',''),
('724809940959233','10:50:00','10:50:00','4109864','4','',''),
('724809940959233','10:51:00','10:51:00','4109855','5','',''),
('724809940959233','10:52:00','10:52:00','4109853','6','',''),
('724809940959233','10:54:00','10:54:00','4109851','7','',''),
('724809940959233','10:54:00','10:54:00','4109849','8','',''),
('724809940959233','10:55:00','10:55:00','4109847','9','',''),
('724809940959233','10:57:00','10:57:00','4109845','10','',''),
('724809940959233','10:58:00','10:58:00','4109843','11','',''),
('724809940959233','10:59:00','10:59:00','4109841','12','',''),
('724809940959233','11:00:00','11:00:00','4109839','13','',''),
('724809940959233','11:01:00','11:01:00','4109837','14','',''),
('724809940959233','11:02:00','11:02:00','4109835','15','',''),
('724809940959233','11:04:00','11:04:00','4109833','16','',''),
('724809940959233','11:05:00','11:05:00','4109865','17','',''),
('724809940959233','11:08:00','11:08:00','4109830','18','',''),
('724809950959233','17:00:00','17:00:00','4109862','1','',''),
('724809950959233','17:02:00','17:02:00','4109863','2','',''),
('724809950959233','17:03:00','17:03:00','4109858','3','',''),
('724809950959233','17:05:00','17:05:00','4109864','4','',''),
('724809950959233','17:06:00','17:06:00','4109855','5','',''),
('724809950959233','17:07:00','17:07:00','4109853','6','',''),
('724809950959233','17:09:00','17:09:00','4109851','7','',''),
('724809950959233','17:09:00','17:09:00','4109849','8','',''),
('724809950959233','17:10:00','17:10:00','4109847','9','',''),
('724809950959233','17:12:00','17:12:00','4109845','10','',''),
('724809950959233','17:13:00','17:13:00','4109843','11','',''),
('724809950959233','17:14:00','17:14:00','4109841','12','',''),
('724809950959233','17:15:00','17:15:00','4109839','13','',''),
('724809950959233','17:16:00','17:16:00','4109837','14','',''),
('724809950959233','17:17:00','17:17:00','4109835','15','',''),
('724809950959233','17:19:00','17:19:00','4109833','16','',''),
('724809950959233','17:20:00','17:20:00','4109865','17','',''),
('724809950959233','17:23:00','17:23:00','4109830','18','',''),
('725538410959233','10:45:00','10:45:00','4109862','1','',''),
('725538410959233','10:47:00','10:47:00','4109863','2','',''),
('725538410959233','10:48:00','10:48:00','4109858','3','',''),
('725538410959233','10:50:00','10:50:00','4109864','4','',''),
('725538410959233','10:51:00','10:51:00','4109855','5','',''),
('725538410959233','10:52:00','10:52:00','4109853','6','',''),
('725538410959233','10:54:00','10:54:00','4109851','7','',''),
('725538410959233','10:55:00','10:55:00','4109849','8','',''),
('725538410959233','10:55:00','10:55:00','4109847','9','',''),
('725538410959233','10:57:00','10:57:00','4109845','10','',''),
('725538410959233','10:58:00','10:58:00','4109843','11','',''),
('725538410959233','11:00:00','11:00:00','4109841','12','',''),
('725538410959233','11:00:00','11:00:00','4109839','13','',''),
('725538410959233','11:01:00','11:01:00','4109837','14','',''),
('725538410959233','11:02:00','11:02:00','4109835','15','',''),
('725538410959233','11:04:00','11:04:00','4109833','16','',''),
('725538410959233','11:05:00','11:05:00','4109865','17','',''),
('725538410959233','11:08:00','11:08:00','4109830','18','',''),
('725538420959233','17:00:00','17:00:00','4109862','1','',''),
('725538420959233','17:02:00','17:02:00','4109863','2','',''),
('725538420959233','17:03:00','17:03:00','4109858','3','',''),
('725538420959233','17:05:00','17:05:00','4109864','4','',''),
('725538420959233','17:06:00','17:06:00','4109855','5','',''),
('725538420959233','17:07:00','17:07:00','4109853','6','',''),
('725538420959233','17:09:00','17:09:00','4109851','7','',''),
('725538420959233','17:10:00','17:10:00','4109849','8','',''),
('725538420959233','17:10:00','17:10:00','4109847','9','',''),
('725538420959233','17:12:00','17:12:00','4109845','10','',''),
('725538420959233','17:13:00','17:13:00','4109843','11','',''),
('725538420959233','17:15:00','17:15:00','4109841','12','',''),
('725538420959233','17:15:00','17:15:00','4109839','13','',''),
('725538420959233','17:16:00','17:16:00','4109837','14','',''),
('725538420959233','17:17:00','17:17:00','4109835','15','',''),
('725538420959233','17:19:00','17:19:00','4109833','16','',''),
('725538420959233','17:20:00','17:20:00','4109865','17','',''),
('725538420959233','17:23:00','17:23:00','4109830','18','',''),
('824809940959233','11:15:00','11:15:00','4109862','1','',''),
('824809940959233','11:17:00','11:17:00','4109863','2','',''),
('824809940959233','11:18:00','11:18:00','4109858','3','',''),
('824809940959233','11:20:00','11:20:00','4109864','4','',''),
('824809940959233','11:21:00','11:21:00','4109855','5','',''),
('824809940959233','11:22:00','11:22:00','4109853','6','',''),
('824809940959233','11:24:00','11:24:00','4109851','7','',''),
('824809940959233','11:24:00','11:24:00','4109849','8','',''),
('824809940959233','11:25:00','11:25:00','4109847','9','',''),
('824809940959233','11:27:00','11:27:00','4109845','10','',''),
('824809940959233','11:28:00','11:28:00','4109843','11','',''),
('824809940959233','11:29:00','11:29:00','4109841','12','',''),
('824809940959233','11:30:00','11:30:00','4109839','13','',''),
('824809940959233','11:31:00','11:31:00','4109837','14','',''),
('824809940959233','11:32:00','11:32:00','4109835','15','',''),
('824809940959233','11:34:00','11:34:00','4109833','16','',''),
('824809940959233','11:35:00','11:35:00','4109865','17','',''),
('824809940959233','11:38:00','11:38:00','4109830','18','',''),
('824809950959233','17:30:00','17:30:00','4109862','1','',''),
('824809950959233','17:32:00','17:32:00','4109863','2','',''),
('824809950959233','17:33:00','17:33:00','4109858','3','',''),
('824809950959233','17:35:00','17:35:00','4109864','4','',''),
('824809950959233','17:36:00','17:36:00','4109855','5','',''),
('824809950959233','17:37:00','17:37:00','4109853','6','',''),
('824809950959233','17:39:00','17:39:00','4109851','7','',''),
('824809950959233','17:39:00','17:39:00','4109849','8','',''),
('824809950959233','17:40:00','17:40:00','4109847','9','',''),
('824809950959233','17:42:00','17:42:00','4109845','10','',''),
('824809950959233','17:43:00','17:43:00','4109843','11','',''),
('824809950959233','17:44:00','17:44:00','4109841','12','',''),
('824809950959233','17:45:00','17:45:00','4109839','13','',''),
('824809950959233','17:46:00','17:46:00','4109837','14','',''),
('824809950959233','17:47:00','17:47:00','4109835','15','',''),
('824809950959233','17:49:00','17:49:00','4109833','16','',''),
('824809950959233','17:50:00','17:50:00','4109865','17','',''),
('824809950959233','17:53:00','17:53:00','4109830','18','',''),
('825538410959233','11:15:00','11:15:00','4109862','1','',''),
('825538410959233','11:17:00','11:17:00','4109863','2','',''),
('825538410959233','11:18:00','11:18:00','4109858','3','',''),
('825538410959233','11:20:00','11:20:00','4109864','4','',''),
('825538410959233','11:21:00','11:21:00','4109855','5','',''),
('825538410959233','11:22:00','11:22:00','4109853','6','',''),
('825538410959233','11:24:00','11:24:00','4109851','7','',''),
('825538410959233','11:25:00','11:25:00','4109849','8','',''),
('825538410959233','11:25:00','11:25:00','4109847','9','',''),
('825538410959233','11:27:00','11:27:00','4109845','10','',''),
('825538410959233','11:28:00','11:28:00','4109843','11','',''),
('825538410959233','11:30:00','11:30:00','4109841','12','',''),
('825538410959233','11:30:00','11:30:00','4109839','13','',''),
('825538410959233','11:31:00','11:31:00','4109837','14','',''),
('825538410959233','11:32:00','11:32:00','4109835','15','',''),
('825538410959233','11:34:00','11:34:00','4109833','16','',''),
('825538410959233','11:35:00','11:35:00','4109865','17','',''),
('825538410959233','11:38:00','11:38:00','4109830','18','',''),
('825538420959233','17:30:00','17:30:00','4109862','1','',''),
('825538420959233','17:32:00','17:32:00','4109863','2','',''),
('825538420959233','17:33:00','17:33:00','4109858','3','',''),
('825538420959233','17:35:00','17:35:00','4109864','4','',''),
('825538420959233','17:36:00','17:36:00','4109855','5','',''),
('825538420959233','17:37:00','17:37:00','4109853','6','',''),
('825538420959233','17:39:00','17:39:00','4109851','7','',''),
('825538420959233','17:40:00','17:40:00','4109849','8','',''),
('825538420959233','17:40:00','17:40:00','4109847','9','',''),
('825538420959233','17:42:00','17:42:00','4109845','10','',''),
('825538420959233','17:43:00','17:43:00','4109843','11','',''),
('825538420959233','17:45:00','17:45:00','4109841','12','',''),
('825538420959233','17:45:00','17:45:00','4109839','13','',''),
('825538420959233','17:46:00','17:46:00','4109837','14','',''),
('825538420959233','17:47:00','17:47:00','4109835','15','',''),
('825538420959233','17:49:00','17:49:00','4109833','16','',''),
('825538420959233','17:50:00','17:50:00','4109865','17','',''),
('825538420959233','17:53:00','17:53:00','4109830','18','',''),
('924809940959233','11:45:00','11:45:00','4109862','1','',''),
('924809940959233','11:47:00','11:47:00','4109863','2','',''),
('924809940959233','11:48:00','11:48:00','4109858','3','',''),
('924809940959233','11:50:00','11:50:00','4109864','4','',''),
('924809940959233','11:51:00','11:51:00','4109855','5','',''),
('924809940959233','11:52:00','11:52:00','4109853','6','',''),
('924809940959233','11:54:00','11:54:00','4109851','7','',''),
('924809940959233','11:54:00','11:54:00','4109849','8','',''),
('924809940959233','11:55:00','11:55:00','4109847','9','',''),
('924809940959233','11:57:00','11:57:00','4109845','10','',''),
('924809940959233','11:58:00','11:58:00','4109843','11','',''),
('924809940959233','11:59:00','11:59:00','4109841','12','',''),
('924809940959233','12:00:00','12:00:00','4109839','13','',''),
('924809940959233','12:01:00','12:01:00','4109837','14','',''),
('924809940959233','12:02:00','12:02:00','4109835','15','',''),
('924809940959233','12:04:00','12:04:00','4109833','16','',''),
('924809940959233','12:05:00','12:05:00','4109865','17','',''),
('924809940959233','12:08:00','12:08:00','4109830','18','',''),
('924809950959233','18:00:00','18:00:00','4109862','1','',''),
('924809950959233','18:02:00','18:02:00','4109863','2','',''),
('924809950959233','18:03:00','18:03:00','4109858','3','',''),
('924809950959233','18:05:00','18:05:00','4109864','4','',''),
('924809950959233','18:06:00','18:06:00','4109855','5','',''),
('924809950959233','18:07:00','18:07:00','4109853','6','',''),
('924809950959233','18:09:00','18:09:00','4109851','7','',''),
('924809950959233','18:09:00','18:09:00','4109849','8','',''),
('924809950959233','18:10:00','18:10:00','4109847','9','',''),
('924809950959233','18:12:00','18:12:00','4109845','10','',''),
('924809950959233','18:13:00','18:13:00','4109843','11','',''),
('924809950959233','18:14:00','18:14:00','4109841','12','',''),
('924809950959233','18:15:00','18:15:00','4109839','13','',''),
('924809950959233','18:16:00','18:16:00','4109837','14','',''),
('924809950959233','18:17:00','18:17:00','4109835','15','',''),
('924809950959233','18:19:00','18:19:00','4109833','16','',''),
('924809950959233','18:20:00','18:20:00','4109865','17','',''),
('924809950959233','18:23:00','18:23:00','4109830','18','',''),
('925538410959233','11:45:00','11:45:00','4109862','1','',''),
('925538410959233','11:47:00','11:47:00','4109863','2','',''),
('925538410959233','11:48:00','11:48:00','4109858','3','',''),
('925538410959233','11:50:00','11:50:00','4109864','4','',''),
('925538410959233','11:51:00','11:51:00','4109855','5','',''),
('925538410959233','11:52:00','11:52:00','4109853','6','',''),
('925538410959233','11:54:00','11:54:00','4109851','7','',''),
('925538410959233','11:55:00','11:55:00','4109849','8','',''),
('925538410959233','11:55:00','11:55:00','4109847','9','',''),
('925538410959233','11:57:00','11:57:00','4109845','10','',''),
('925538410959233','11:58:00','11:58:00','4109843','11','',''),
('925538410959233','12:00:00','12:00:00','4109841','12','',''),
('925538410959233','12:00:00','12:00:00','4109839','13','',''),
('925538410959233','12:01:00','12:01:00','4109837','14','',''),
('925538410959233','12:02:00','12:02:00','4109835','15','',''),
('925538410959233','12:04:00','12:04:00','4109833','16','',''),
('925538410959233','12:05:00','12:05:00','4109865','17','',''),
('925538410959233','12:08:00','12:08:00','4109830','18','',''),
('925538420959233','18:00:00','18:00:00','4109862','1','',''),
('925538420959233','18:02:00','18:02:00','4109863','2','',''),
('925538420959233','18:03:00','18:03:00','4109858','3','',''),
('925538420959233','18:05:00','18:05:00','4109864','4','',''),
('925538420959233','18:06:00','18:06:00','4109855','5','',''),
('925538420959233','18:07:00','18:07:00','4109853','6','',''),
('925538420959233','18:09:00','18:09:00','4109851','7','',''),
('925538420959233','18:10:00','18:10:00','4109849','8','',''),
('925538420959233','18:10:00','18:10:00','4109847','9','',''),
('925538420959233','18:12:00','18:12:00','4109845','10','',''),
('925538420959233','18:13:00','18:13:00','4109843','11','',''),
('925538420959233','18:15:00','18:15:00','4109841','12','',''),
('925538420959233','18:15:00','18:15:00','4109839','13','',''),
('925538420959233','18:16:00','18:16:00','4109837','14','',''),
('925538420959233','18:17:00','18:17:00','4109835','15','',''),
('925538420959233','18:19:00','18:19:00','4109833','16','',''),
('925538420959233','18:20:00','18:20:00','4109865','17','',''),
('925538420959233','18:23:00','18:23:00','4109830','18','','');
INSERT INTO calendar (service_id,monday,tuesday,wednesday,thursday,friday,saturday,sunday,start_date,end_date) VALUES
('2480995','0','0','0','0','0','0','0','20171223','20171230'),
('2553842','0','0','0','0','0','0','0','20180106','20180127'),
('2553841','0','0','0','0','0','0','0','20180102','20180131'),
('2480994','0','0','0','0','0','0','0','20171221','20171229');
INSERT INTO calendar_dates (service_id,date,exception_type) VALUES
('2480995','20171223','1'),
('2480995','20171230','1'),
('2553842','20180106','1'),
('2553842','20180113','1'),
('2553842','20180120','1'),
('2553842','20180127','1'),
('2553841','20180102','1'),
('2553841','20180103','1'),
('2553841','20180104','1'),
('2553841','20180105','1'),
('2553841','20180108','1'),
('2553841','20180109','1'),
('2553841','20180110','1'),
('2553841','20180111','1'),
('2553841','20180112','1'),
('2553841','20180115','1'),
('2553841','20180116','1'),
('2553841','20180117','1'),
('2553841','20180118','1'),
('2553841','20180119','1'),
('2553841','20180122','1'),
('2553841','20180123','1'),
('2553841','20180124','1'),
('2553841','20180125','1'),
('2553841','20180126','1'),
('2553841','20180129','1'),
('2553841','20180130','1'),
('2553841','20180131','1'),
('2480994','20171221','1'),
('2480994','20171222','1'),
('2480994','20171226','1'),
('2480994','20171227','1'),
('2480994','20171228','1'),
('2480994','20171229','1');
INSERT INTO routes (route_id,agency_id,route_short_name,route_long_name,route_desc,route_type,route_url,route_color,route_text_color) VALUES
('1788138','100','563','(PLACE DE LA BOULE - GAMBETTA <-> SURESNES DE GAULLE) - Aller','','3','','FFFFFF','000000'),
('1788139','100','563','(PLACE DE LA BOULE - GAMBETTA <-> SURESNES DE GAULLE) - Retour','','3','','FFFFFF','000000');
INSERT INTO agency (agency_id,agency_name,agency_url,agency_timezone,agency_lang,agency_phone) VALUES
('100','RATP (100)','http://www.ratp.fr/','CET','','');
INSERT INTO trips (route_id,service_id,trip_id,trip_headsign,trip_short_name,direction_id,shape_id) VALUES
('1788138','2480994','1024809940959234','','10','0',''),
('1788138','2480995','1024809950959234','','10','0',''),
('1788138','2553841','1025538410959234','','10','0',''),
('1788138','2553842','1025538420959234','','10','0',''),
('1788138','2480994','1124809940959234','','11','0',''),
('1788138','2480995','1124809950959234','','11','0',''),
('1788138','2553841','1125538410959234','','11','0',''),
('1788138','2553842','1125538420959234','','11','0',''),
('1788138','2480994','1224809940959234','','12','0',''),
('1788138','2480995','1224809950959234','','12','0',''),
('1788138','2553841','1225538410959234','','12','0',''),
('1788138','2553842','1225538420959234','','12','0',''),
('1788138','2480994','124809940959234','','1','0',''),
('1788138','2480995','124809950959234','','1','0',''),
('1788138','2553841','125538410959234','','1','0',''),
('1788138','2553842','125538420959234','','1','0',''),
('1788138','2480994','1324809940959234','','13','0',''),
('1788138','2553841','1325538410959234','','13','0',''),
('1788138','2480994','1424809940959234','','14','0',''),
('1788138','2553841','1425538410959234','','14','0',''),
('1788138','2480994','1524809940959234','','15','0',''),
('1788138','2553841','1525538410959234','','15','0',''),
('1788138','2480994','1624809940959234','','16','0',''),
('1788138','2553841','1625538410959234','','16','0',''),
('1788138','2480994','1724809940959234','','17','0',''),
('1788138','2553841','1725538410959234','','17','0',''),
('1788138','2480994','1824809940959234','','18','0',''),
('1788138','2553841','1825538410959234','','18','0',''),
('1788138','2480994','1924809940959234','','19','0',''),
('1788138','2553841','1925538410959234','','19','0',''),
('1788138','2480994','2024809940959234','','20','0',''),
('1788138','2553841','2025538410959234','','20','0',''),
('1788138','2480994','2124809940959234','','21','0',''),
('1788138','2553841','2125538410959234','','21','0',''),
('1788138','2480994','2224809940959234','','22','0',''),
('1788138','2553841','2225538410959234','','22','0',''),
('1788138','2480994','224809940959234','','2','0',''),
('1788138','2480995','224809950959234','','2','0',''),
('1788138','2553841','225538410959234','','2','0',''),
('1788138','2553842','225538420959234','','2','0',''),
('1788138','2480994','2324809940959234','','23','0',''),
('1788138','2553841','2325538410959234','','23','0',''),
('1788138','2480994','324809940959234','','3','0',''),
('1788138','2480995','324809950959234','','3','0',''),
('1788138','2553841','325538410959234','','3','0',''),
('1788138','2553842','325538420959234','','3','0',''),
('1788138','2480994','424809940959234','','4','0',''),
('1788138','2480995','424809950959234','','4','0',''),
('1788138','2553841','425538410959234','','4','0',''),
('1788138','2553842','425538420959234','','4','0',''),
('1788138','2480994','524809940959234','','5','0',''),
('1788138','2480995','524809950959234','','5','0',''),
('1788138','2553841','525538410959234','','5','0',''),
('1788138','2553842','525538420959234','','5','0',''),
('1788138','2480994','624809940959234','','6','0',''),
('1788138','2480995','624809950959234','','6','0',''),
('1788138','2553841','625538410959234','','6','0',''),
('1788138','2553842','625538420959234','','6','0',''),
('1788138','2480994','724809940959234','','7','0',''),
('1788138','2480995','724809950959234','','7','0',''),
('1788138','2553841','725538410959234','','7','0',''),
('1788138','2553842','725538420959234','','7','0',''),
('1788138','2480994','824809940959234','','8','0',''),
('1788138','2480995','824809950959234','','8','0',''),
('1788138','2553841','825538410959234','','8','0',''),
('1788138','2553842','825538420959234','','8','0',''),
('1788138','2480994','924809940959234','','9','0',''),
('1788138','2480995','924809950959234','','9','0',''),
('1788138','2553841','925538410959234','','9','0',''),
('1788138','2553842','925538420959234','','9','0',''),
('1788139','2480994','1024809940959233','','10','1',''),
('1788139','2480995','1024809950959233','','10','1',''),
('1788139','2553841','1025538410959233','','10','1',''),
('1788139','2553842','1025538420959233','','10','1',''),
('1788139','2480994','1124809940959233','','11','1',''),
('1788139','2480995','1124809950959233','','11','1',''),
('1788139','2553841','1125538410959233','','11','1',''),
('1788139','2553842','1125538420959233','','11','1',''),
('1788139','2480994','1224809940959233','','12','1',''),
('1788139','2480995','1224809950959233','','12','1',''),
('1788139','2553841','1225538410959233','','12','1',''),
('1788139','2553842','1225538420959233','','12','1',''),
('1788139','2480994','124809940959233','','1','1',''),
('1788139','2480995','124809950959233','','1','1',''),
('1788139','2553841','125538410959233','','1','1',''),
('1788139','2553842','125538420959233','','1','1',''),
('1788139','2480994','1324809940959233','','13','1',''),
('1788139','2553841','1325538410959233','','13','1',''),
('1788139','2480994','1424809940959233','','14','1',''),
('1788139','2553841','1425538410959233','','14','1',''),
('1788139','2480994','1524809940959233','','15','1',''),
('1788139','2553841','1525538410959233','','15','1',''),
('1788139','2480994','1624809940959233','','16','1',''),
('1788139','2553841','1625538410959233','','16','1',''),
('1788139','2480994','1724809940959233','','17','1',''),
('1788139','2553841','1725538410959233','','17','1',''),
('1788139','2480994','1824809940959233','','18','1',''),
('1788139','2553841','1825538410959233','','18','1',''),
('1788139','2480994','1924809940959233','','19','1',''),
('1788139','2553841','1925538410959233','','19','1',''),
('1788139','2480994','2024809940959233','','20','1',''),
('1788139','2553841','2025538410959233','','20','1',''),
('1788139','2480994','2124809940959233','','21','1',''),
('1788139','2553841','2125538410959233','','21','1',''),
('1788139','2480994','2224809940959233','','22','1',''),
('1788139','2553841','2225538410959233','','22','1',''),
('1788139','2480994','224809940959233','','2','1',''),
('1788139','2480995','224809950959233','','2','1',''),
('1788139','2553841','225538410959233','','2','1',''),
('1788139','2553842','225538420959233','','2','1',''),
('1788139','2480994','2324809940959233','','23','1',''),
('1788139','2553841','2325538410959233','','23','1',''),
('1788139','2480994','324809940959233','','3','1',''),
('1788139','2480995','324809950959233','','3','1',''),
('1788139','2553841','325538410959233','','3','1',''),
('1788139','2553842','325538420959233','','3','1',''),
('1788139','2480994','424809940959233','','4','1',''),
('1788139','2480995','424809950959233','','4','1',''),
('1788139','2553841','425538410959233','','4','1',''),
('1788139','2553842','425538420959233','','4','1',''),
('1788139','2480994','524809940959233','','5','1',''),
('1788139','2480995','524809950959233','','5','1',''),
('1788139','2553841','525538410959233','','5','1',''),
('1788139','2553842','525538420959233','','5','1',''),
('1788139','2480994','624809940959233','','6','1',''),
('1788139','2480995','624809950959233','','6','1',''),
('1788139','2553841','625538410959233','','6','1',''),
('1788139','2553842','625538420959233','','6','1',''),
('1788139','2480994','724809940959233','','7','1',''),
('1788139','2480995','724809950959233','','7','1',''),
('1788139','2553841','725538410959233','','7','1',''),
('1788139','2553842','725538420959233','','7','1',''),
('1788139','2480994','824809940959233','','8','1',''),
('1788139','2480995','824809950959233','','8','1',''),
('1788139','2553841','825538410959233','','8','1',''),
('1788139','2553842','825538420959233','','8','1',''),
('1788139','2480994','924809940959233','','9','1',''),
('1788139','2480995','924809950959233','','9','1',''),
('1788139','2553841','925538410959233','','9','1',''),
('1788139','2553842','925538420959233','','9','1','');
INSERT INTO transfers (from_stop_id,to_stop_id,transfer_type,min_transfer_time) VALUES
('4109830','6187528','2','71'),
('4109830','6187527','2','80'),
('4109830','6187526','2','75'),
('4109840','4024041','2','43'),
('4109840','4024042','2','44'),
('4109862','4024211','2','57'),
('4109861','4023017','2','104'),
('4109862','4024210','2','97'),
('4109861','4023015','2','114'),
('4109861','4023016','2','114'),
('4109838','4024043','2','9'),
('4109832','4025245','2','134'),
('4109832','6578339','2','134'),
('6195717','4109830','2','90'),
('4109829','3877794','2','107'),
('4109838','4024133','2','9'),
('4109829','3877795','2','36'),
('4109829','3877796','2','49'),
('4109841','4023985','2','60'),
('4109853','4024102','2','87'),
('4109829','3877793','2','90'),
('4109853','4024103','2','89'),
('4109838','5150155','2','74'),
('4109838','5150153','2','74'),
('4109838','5150151','2','74'),
('4109829','6578370','2','49'),
('4109862','6951509','2','35'),
('4109848','4024053','2','21'),
('4109848','4023996','2','21'),
('4109848','4024143','2','21'),
('4109862','6951510','2','100'),
('4109831','6578371','2','137'),
('4109853','4024610','2','87'),
('7069300','4109857','2','69'),
('4109830','4024094','2','49'),
('7069300','4109858','2','47'),
('4109830','4024095','2','36'),
('4109829','4025243','2','49'),
('4109841','4024132','2','60'),
('4109847','4024050','2','17'),
('4109863','4024544','2','56'),
('4109841','4024607','2','60'),
('4109863','4024545','2','41'),
('4109829','6187526','2','75'),
('4109829','6187527','2','80'),
('4109862','4024248','2','70'),
('4109862','6951525','2','18'),
('4109862','6951524','2','40'),
('4109862','6951523','2','70'),
('4109829','6187528','2','71'),
('7069301','4109857','2','32'),
('7069301','4109858','2','111'),
('6195718','4109829','2','107'),
('4109841','4024042','2','60'),
('4109832','6578371','2','134'),
('4109852','4024610','2','86'),
('4109862','6951532','2','35'),
('5761360','4109844','2','55'),
('5761360','4109845','2','45'),
('6195739','4109830','2','71'),
('4109862','4023017','2','104'),
('4109862','4023016','2','114'),
('4109862','4023015','2','114'),
('4023214','4109852','2','85'),
('5251784','4109845','2','38'),
('4109862','6951533','2','104'),
('4109861','4024210','2','97'),
('4109861','4024211','2','57'),
('4109861','4024268','2','142'),
('4109840','4024607','2','44'),
('4109861','4024269','2','97'),
('4109862','6951543','2','97'),
('4109862','6951542','2','51'),
('4109862','6951541','2','142'),
('6195718','4109830','2','107'),
('4109861','4024209','2','142'),
('4109830','4025377','2','107'),
('4109829','6578326','2','107'),
('4109830','4025376','2','90'),
('4109829','6578325','2','49'),
('4109847','4023993','2','17'),
('4109829','4025255','2','69'),
('4109829','4025256','2','36'),
('7069310','4109831','2','135'),
('4109830','4025243','2','49'),
('6195717','4109829','2','90'),
('6217355','4109829','2','140'),
('4109862','6951553','2','18'),
('4023208','4109831','2','135'),
('4109852','4024102','2','86'),
('4109852','4024103','2','85'),
('5251779','4109852','2','85'),
('5251779','4109853','2','89'),
('5761357','4109852','2','86'),
('4109831','6578339','2','137'),
('4109831','6578338','2','135'),
('4109829','6578340','2','69'),
('4109830','6456140','2','134'),
('4109830','6456141','2','140'),
('4109847','4024140','2','17'),
('4109830','6456142','2','27'),
('7069310','4109865','2','110'),
('4109830','6456143','2','27'),
('4109838','4024578','2','9'),
('4109844','4023991','2','140'),
('4109830','4025256','2','36'),
('4109841','4024577','2','60'),
('4023205','4109829','2','49'),
('4109830','4025255','2','69'),
('6195739','4109829','2','71'),
('4109861','4024248','2','70'),
('4109844','4024138','2','140'),
('4109862','4024209','2','142'),
('7069313','4109829','2','75'),
('4109836','4024580','2','98'),
('4109829','4025280','2','90'),
('4109836','4024581','2','50'),
('4023214','4109853','2','89'),
('4109858','4024855','2','111'),
('4109846','4024141','2','17'),
('4109829','6578343','2','49'),
('4109829','4208630','2','36'),
('4109839','4024579','2','9'),
('4109858','4024856','2','47'),
('4109829','4208629','2','107'),
('4109829','4208628','2','90'),
('6217355','4109830','2','140'),
('5761357','4109853','2','87'),
('4109858','4024551','2','47'),
('7069313','4109830','2','75'),
('4023205','4109830','2','49'),
('4109858','4024550','2','111'),
('4109839','4024606','2','9'),
('4109861','4024543','2','40'),
('4109861','4024542','2','100'),
('4109833','6578371','2','110'),
('4109836','5150153','2','136'),
('6217354','4109830','2','75'),
('4109836','5150151','2','136'),
('4109830','4208630','2','36'),
('4109829','6456143','2','27'),
('4109836','5150155','2','136'),
('4109861','4024541','2','97'),
('4109865','4025246','2','88'),
('4109861','6951523','2','70'),
('4109861','6951524','2','40'),
('4109846','4024051','2','17'),
('4109861','6951525','2','18'),
('4109865','4025245','2','104'),
('4109865','4025244','2','96'),
('4023206','4109829','2','80'),
('4109846','4023994','2','17'),
('4109831','4025245','2','137'),
('4109831','4025246','2','135'),
('4109861','6951532','2','35'),
('4109861','6951533','2','104'),
('4023206','4109830','2','80'),
('4109861','6951542','2','51'),
('4109861','6951541','2','142'),
('4109865','6578371','2','104'),
('4109857','4024551','2','69'),
('4109857','4024550','2','32'),
('4109833','4025246','2','133'),
('4109833','4025245','2','110'),
('4109849','4024052','2','21'),
('4109830','6578326','2','107'),
('4109865','6578338','2','88'),
('7069311','4109865','2','81'),
('4109829','4025377','2','107'),
('4109837','4024581','2','64'),
('4109829','4025376','2','90'),
('4109837','4024580','2','113'),
('4023207','4109865','2','81'),
('4109844','4024048','2','140'),
('4109830','4025280','2','90'),
('4109830','6578325','2','49'),
('4109865','6578339','2','104'),
('4109849','4023995','2','21'),
('4109840','4024131','2','43'),
('4109861','6951543','2','97'),
('4109840','4024132','2','44'),
('5251783','4109845','2','45'),
('5251783','4109844','2','55'),
('4109861','6951553','2','18'),
('4109830','4208629','2','107'),
('4109865','6578344','2','96'),
('4109862','4024185','2','57'),
('4109862','4024186','2','70'),
('4109830','4208628','2','90'),
('4023208','4109865','2','110'),
('4109830','3877796','2','49'),
('4109830','3877795','2','36'),
('4109830','3877794','2','107'),
('4109830','3877793','2','90'),
('4109833','6578338','2','133'),
('4109859','4009372','2','117'),
('4109833','6578339','2','110'),
('4109859','4009371','2','109'),
('4109862','4024543','2','40'),
('4109862','4024541','2','97'),
('4109862','4024542','2','100'),
('4109830','6578343','2','49'),
('4109829','4024094','2','49'),
('4109829','4024095','2','36'),
('4109830','6578340','2','69'),
('4109837','5150155','2','127'),
('4109857','4024855','2','32'),
('4109857','4024856','2','69'),
('4023213','4109852','2','86'),
('4109853','4024571','2','87'),
('4023213','4109853','2','87'),
('4109853','4024570','2','89'),
('4109837','5150151','2','127'),
('7069339','4109829','2','49'),
('4109837','5150153','2','127'),
('4109837','4024605','2','64'),
('4109863','6951511','2','56'),
('4109862','4024268','2','142'),
('5761361','4109845','2','38'),
('4109862','4024269','2','97'),
('7069339','4109830','2','49'),
('6217356','4109829','2','71'),
('4109852','4024570','2','85'),
('4109839','5150155','2','83'),
('4109852','4024571','2','86'),
('4109839','5150153','2','83'),
('4109863','6951522','2','36'),
('4109861','4024185','2','57'),
('4109861','4024186','2','70'),
('4109831','4024097','2','135'),
('4109839','5150151','2','83'),
('6217356','4109830','2','71'),
('4109861','6951509','2','35'),
('4109829','6456140','2','134'),
('4109829','6456142','2','27'),
('4109829','6456141','2','140'),
('4109865','4024096','2','81'),
('4109865','4024097','2','110'),
('4109836','4024605','2','50'),
('6217354','4109829','2','75'),
('7069312','4109829','2','88'),
('4109849','4024142','2','21'),
('5251780','4109853','2','87'),
('5251780','4109852','2','86'),
('5761356','4109852','2','85'),
('4109830','6578370','2','49'),
('5761356','4109853','2','89'),
('4109861','6951510','2','100'),
('7069312','4109830','2','88'),
('4109840','4024577','2','44'),
('4109840','4024576','2','43'),
('4109838','4023986','2','9'),
('4109840','4023984','2','43'),
('4109840','4023985','2','44');
INSERT INTO stops (stop_id,stop_code,stop_name,stop_desc,stop_lat,stop_lon,location_type,parent_station) VALUES
('4109849','','RACINE','103 AVENUE DU PRESIDENT POMPIDOU - 92063','48.86921083861','2.1981050688502193','0',''),
('4109848','','RACINE','120 AVENUE DU PRESIDENT POMPIDOU - 92063','48.86902191369568','2.1979420952336834','0',''),
('4109860','','HOPITAL FOCH','FACE 33 R WORTH - 92073','48.87008007301693','2.2208814945368083','0',''),
('4109861','','SURESNES DE GAULLE','24 AV DU GENERAL CHARLES DE GAULLE - 92073','48.870173404903845','2.2244779366653864','0',''),
('4109842','','LE BRIX','56 R VOLTAIRE - 92063','48.87476292813592','2.196332556319265','0',''),
('4109843','','LE BRIX','31 R VOLTAIRE - 92063','48.87477217303847','2.1965505295283134','0',''),
('4109840','','VOLTAIRE','4-6 R VOLTAIRE - 92063','48.87701244848112','2.1986291485160367','0',''),
('4109841','','VOLTAIRE','125 RUE DANTON - 92063','48.87744385318489','2.1986416205603554','0',''),
('4109846','','LA PAIX','FACE 83 AVENUE DU PRESIDENT POMPIDOU - 92063','48.87044862023422','2.1960036880384797','0',''),
('4109864','','MONT VALERIEN','FACE 14 R DES LANDES - 92073','48.87052093243255','2.2124746370212707','0',''),
('4109865','','ECOLE JULES FERRY','29 R PIERRE SERGENT - 92050','48.883352634097406','2.202250642322521','0',''),
('4109847','','LA PAIX','83 AVENUE DU PRESIDENT POMPIDOU - 92063','48.87060156604863','2.1961395093841154','0',''),
('4109844','','LES GODARDES','54 RUE DES BONS RAISINS - 92063','48.87259559896122','2.1951667551910075','0',''),
('4109862','','SURESNES DE GAULLE','24 AV DU GENERAL CHARLES DE GAULLE - 92073','48.870173404903845','2.2244779366653864','0',''),
('4109845','','LES GODARDES','FACE 84 R VOLTAIRE - 92063','48.872981922822056','2.1950567010670765','0',''),
('4109829','','PLACE DE LA BOULE - GAMBETTA','PL DE LA BOULE - 92050','48.88736726938604','2.1999233908349463','0',''),
('4109863','','GARE DE SURESNES - MONT VALERIEN','R WORTH - 92073','48.87152742989966','2.2212869671153754','0',''),
('4109836','','DANTON - GAMBETTA','11 R GAMBETTA - 92063','48.87862431561169','2.1936922594530874','0',''),
('4109835','','LES GIBETS','FACE 73 R GAMBETTA - 92063','48.8805237484064','2.1963032696465157','0',''),
('4109859','','WORTH','FACE 18 R CLUSERET - 92073','48.8682005706917','2.219714120722742','0',''),
('4109834','','LES GIBETS','75 R GAMBETTA - 92063','48.880397475116645','2.195922074489025','0',''),
('4109833','','DOCTEUR CHARCOT','FACE 38 R DU DOCTEUR CHARCOT - 92050','48.882414733772684','2.199432315918497','0',''),
('4109832','','DOCTEUR CHARCOT','42 R DU DOCTEUR CHARCOT - 92050','48.88237837459262','2.1990781133319444','0',''),
('4109831','','OMBRAIES','FACE 57 R DE SAINT-CLOUD - 92050','48.88401647962881','2.2011859820808213','0',''),
('4109830','','PLACE DE LA BOULE - GAMBETTA','PL DE LA BOULE - 92050','48.88736726938604','2.1999233908349463','0',''),
('4109850','','LA CHAPELLE','FACE 25 R DE LA CHAPELLE - 92063','48.87030928440779','2.1998187100323046','0',''),
('4109851','','LA CHAPELLE','27 R DE LA CHAPELLE - 92063','48.870497970936604','2.199777338578445','0',''),
('4109852','','PLACE DU 8 MAI 1945','FACE 3 R DES ROSIERS - 92063','48.871194899116894','2.2040942842434','0',''),
('4109853','','PLACE DU 8 MAI 1945','1-3 R DES ROSIERS - 92063','48.87130250305342','2.203876024180731','0',''),
('4109854','','BUFFON','100 R DES ROSIERS - 92063','48.86988873094465','2.2095607061834173','0',''),
('4109839','','FABRE D''EGLANTINE','101 RUE DANTON - 92063','48.87787266990819','2.1964467346108356','0',''),
('4109855','','BUFFON','115 R DES ROSIERS - 92063','48.87000527381598','2.209287946378304','0',''),
('4109856','','AVENUE DES LANDES','FACE 58 AV DES LANDES - 92073','48.868221256238435','2.213515531952819','0',''),
('4109837','','DANTON - GAMBETTA','6-8 R GAMBETTA - 92063','48.878651556217484','2.193923824597682','0',''),
('4109857','','WASHINGTON','AV DES LANDES - 92073','48.869797734009694','2.21712201942896','0',''),
('4109838','','FABRE D''EGLANTINE','86 RUE DANTON - 92063','48.87780961410154','2.196324274624862','0',''),
('4109858','','WASHINGTON','AV DU PROFESSEUR LEON BERNARD - 92073','48.87059814029176','2.2176514928946722','0','');
