INSERT INTO stop_times (trip_id,arrival_time,departure_time,stop_id,stop_sequence,stop_headsign,shape_dist_traveled) VALUES
('124401601084406','13:23:00','13:23:00','4695664','1','',''),
('124401601084406','13:25:00','13:25:00','4695665','2','',''),
('124401601084406','13:26:00','13:26:00','4695666','3','',''),
('124401601084406','13:28:00','13:28:00','4695667','4','',''),
('124401601084406','13:29:00','13:29:00','4695668','5','',''),
('124401601084406','13:30:00','13:30:00','4695669','6','',''),
('124401601084406','13:31:00','13:31:00','4695670','7','',''),
('124401601084406','13:32:00','13:32:00','4695671','8','',''),
('124401601084406','13:33:00','13:33:00','4695672','9','',''),
('124401601084406','13:34:00','13:34:00','4695673','10','',''),
('124401601084406','13:35:00','13:35:00','4695674','11','',''),
('124401601084406','13:37:00','13:37:00','4695675','12','',''),
('124401601084406','13:38:00','13:38:00','4695676','13','',''),
('124401601084406','13:40:00','13:40:00','4695677','14','',''),
('124988821084406','13:23:00','13:23:00','4695664','1','',''),
('124988821084406','13:25:00','13:25:00','4695665','2','',''),
('124988821084406','13:26:00','13:26:00','4695666','3','',''),
('124988821084406','13:28:00','13:28:00','4695667','4','',''),
('124988821084406','13:29:00','13:29:00','4695668','5','',''),
('124988821084406','13:30:00','13:30:00','4695669','6','',''),
('124988821084406','13:31:00','13:31:00','4695670','7','',''),
('124988821084406','13:32:00','13:32:00','4695671','8','',''),
('124988821084406','13:33:00','13:33:00','4695672','9','',''),
('124988821084406','13:34:00','13:34:00','4695673','10','',''),
('124988821084406','13:35:00','13:35:00','4695674','11','',''),
('124988821084406','13:37:00','13:37:00','4695675','12','',''),
('124988821084406','13:38:00','13:38:00','4695676','13','',''),
('124988821084406','13:40:00','13:40:00','4695677','14','',''),
('124401611084402','08:24:00','08:24:00','4695636','1','',''),
('124401611084402','08:26:00','08:26:00','4695637','2','',''),
('124401611084402','08:27:00','08:27:00','4695638','3','',''),
('124401611084402','08:28:00','08:28:00','4695639','4','',''),
('124401611084402','08:29:00','08:29:00','4695640','5','',''),
('124401611084402','08:30:00','08:30:00','4695641','6','',''),
('124401611084402','08:31:00','08:31:00','4695642','7','',''),
('124401611084402','08:32:00','08:32:00','4695643','8','',''),
('124401611084402','08:33:00','08:33:00','4695644','9','',''),
('124401611084402','08:33:00','08:33:00','4695645','10','',''),
('124401611084402','08:35:00','08:35:00','4695646','11','',''),
('124401611084402','08:37:00','08:37:00','4695647','12','',''),
('124401611084402','08:38:00','08:38:00','4695648','13','',''),
('124401611084402','08:40:00','08:40:00','4695649','14','',''),
('124988781084402','08:24:00','08:24:00','4695636','1','',''),
('124988781084402','08:26:00','08:26:00','4695637','2','',''),
('124988781084402','08:27:00','08:27:00','4695638','3','',''),
('124988781084402','08:28:00','08:28:00','4695639','4','',''),
('124988781084402','08:29:00','08:29:00','4695640','5','',''),
('124988781084402','08:30:00','08:30:00','4695641','6','',''),
('124988781084402','08:31:00','08:31:00','4695642','7','',''),
('124988781084402','08:32:00','08:32:00','4695643','8','',''),
('124988781084402','08:33:00','08:33:00','4695644','9','',''),
('124988781084402','08:33:00','08:33:00','4695645','10','',''),
('124988781084402','08:35:00','08:35:00','4695646','11','',''),
('124988781084402','08:37:00','08:37:00','4695647','12','',''),
('124988781084402','08:38:00','08:38:00','4695648','13','',''),
('124988781084402','08:40:00','08:40:00','4695649','14','',''),
('124988791084402','08:24:00','08:24:00','4695636','1','',''),
('124988791084402','08:26:00','08:26:00','4695637','2','',''),
('124988791084402','08:27:00','08:27:00','4695638','3','',''),
('124988791084402','08:28:00','08:28:00','4695639','4','',''),
('124988791084402','08:29:00','08:29:00','4695640','5','',''),
('124988791084402','08:30:00','08:30:00','4695641','6','',''),
('124988791084402','08:31:00','08:31:00','4695642','7','',''),
('124988791084402','08:32:00','08:32:00','4695643','8','',''),
('124988791084402','08:33:00','08:33:00','4695644','9','',''),
('124988791084402','08:33:00','08:33:00','4695645','10','',''),
('124988791084402','08:35:00','08:35:00','4695646','11','',''),
('124988791084402','08:37:00','08:37:00','4695647','12','',''),
('124988791084402','08:38:00','08:38:00','4695648','13','',''),
('124988791084402','08:40:00','08:40:00','4695649','14','',''),
('224401611084402','08:45:00','08:45:00','4695636','1','',''),
('224401611084402','08:47:00','08:47:00','4695637','2','',''),
('224401611084402','08:48:00','08:48:00','4695638','3','',''),
('224401611084402','08:49:00','08:49:00','4695639','4','',''),
('224401611084402','08:50:00','08:50:00','4695640','5','',''),
('224401611084402','08:51:00','08:51:00','4695641','6','',''),
('224401611084402','08:52:00','08:52:00','4695642','7','',''),
('224401611084402','08:53:00','08:53:00','4695643','8','',''),
('224401611084402','08:54:00','08:54:00','4695644','9','',''),
('224401611084402','08:54:00','08:54:00','4695645','10','',''),
('224401611084402','08:56:00','08:56:00','4695646','11','',''),
('224401611084402','08:58:00','08:58:00','4695647','12','',''),
('224401611084402','08:59:00','08:59:00','4695648','13','',''),
('224401611084402','09:01:00','09:01:00','4695649','14','',''),
('224988781084402','08:45:00','08:45:00','4695636','1','',''),
('224988781084402','08:47:00','08:47:00','4695637','2','',''),
('224988781084402','08:48:00','08:48:00','4695638','3','',''),
('224988781084402','08:49:00','08:49:00','4695639','4','',''),
('224988781084402','08:50:00','08:50:00','4695640','5','',''),
('224988781084402','08:51:00','08:51:00','4695641','6','',''),
('224988781084402','08:52:00','08:52:00','4695642','7','',''),
('224988781084402','08:53:00','08:53:00','4695643','8','',''),
('224988781084402','08:54:00','08:54:00','4695644','9','',''),
('224988781084402','08:54:00','08:54:00','4695645','10','',''),
('224988781084402','08:56:00','08:56:00','4695646','11','',''),
('224988781084402','08:58:00','08:58:00','4695647','12','',''),
('224988781084402','08:59:00','08:59:00','4695648','13','',''),
('224988781084402','09:01:00','09:01:00','4695649','14','',''),
('224988791084402','08:45:00','08:45:00','4695636','1','',''),
('224988791084402','08:47:00','08:47:00','4695637','2','',''),
('224988791084402','08:48:00','08:48:00','4695638','3','',''),
('224988791084402','08:49:00','08:49:00','4695639','4','',''),
('224988791084402','08:50:00','08:50:00','4695640','5','',''),
('224988791084402','08:51:00','08:51:00','4695641','6','',''),
('224988791084402','08:52:00','08:52:00','4695642','7','',''),
('224988791084402','08:53:00','08:53:00','4695643','8','',''),
('224988791084402','08:54:00','08:54:00','4695644','9','',''),
('224988791084402','08:54:00','08:54:00','4695645','10','',''),
('224988791084402','08:56:00','08:56:00','4695646','11','',''),
('224988791084402','08:58:00','08:58:00','4695647','12','',''),
('224988791084402','08:59:00','08:59:00','4695648','13','',''),
('224988791084402','09:01:00','09:01:00','4695649','14','',''),
('124401611358377','08:08:00','08:08:00','4695639','1','',''),
('124401611358377','08:09:00','08:09:00','4695640','2','',''),
('124401611358377','08:10:00','08:10:00','4695641','3','',''),
('124401611358377','08:11:00','08:11:00','4695642','4','',''),
('124401611358377','08:12:00','08:12:00','4695643','5','',''),
('124401611358377','08:13:00','08:13:00','4695644','6','',''),
('124401611358377','08:13:00','08:13:00','4695645','7','',''),
('124401611358377','08:15:00','08:15:00','4695646','8','',''),
('124401611358377','08:17:00','08:17:00','4695647','9','',''),
('124401611358377','08:18:00','08:18:00','4695648','10','',''),
('124401611358377','08:20:00','08:20:00','4695649','11','',''),
('124988781358377','08:08:00','08:08:00','4695639','1','',''),
('124988781358377','08:09:00','08:09:00','4695640','2','',''),
('124988781358377','08:10:00','08:10:00','4695641','3','',''),
('124988781358377','08:11:00','08:11:00','4695642','4','',''),
('124988781358377','08:12:00','08:12:00','4695643','5','',''),
('124988781358377','08:13:00','08:13:00','4695644','6','',''),
('124988781358377','08:13:00','08:13:00','4695645','7','',''),
('124988781358377','08:15:00','08:15:00','4695646','8','',''),
('124988781358377','08:17:00','08:17:00','4695647','9','',''),
('124988781358377','08:18:00','08:18:00','4695648','10','',''),
('124988781358377','08:20:00','08:20:00','4695649','11','',''),
('124988791358377','08:08:00','08:08:00','4695639','1','',''),
('124988791358377','08:09:00','08:09:00','4695640','2','',''),
('124988791358377','08:10:00','08:10:00','4695641','3','',''),
('124988791358377','08:11:00','08:11:00','4695642','4','',''),
('124988791358377','08:12:00','08:12:00','4695643','5','',''),
('124988791358377','08:13:00','08:13:00','4695644','6','',''),
('124988791358377','08:13:00','08:13:00','4695645','7','',''),
('124988791358377','08:15:00','08:15:00','4695646','8','',''),
('124988791358377','08:17:00','08:17:00','4695647','9','',''),
('124988791358377','08:18:00','08:18:00','4695648','10','',''),
('124988791358377','08:20:00','08:20:00','4695649','11','',''),
('124401631084405','12:45:00','12:45:00','4695650','1','',''),
('124401631084405','12:47:00','12:47:00','4695651','2','',''),
('124401631084405','12:48:00','12:48:00','4695652','3','',''),
('124401631084405','12:50:00','12:50:00','4695653','4','',''),
('124401631084405','12:51:00','12:51:00','4695654','5','',''),
('124401631084405','12:52:00','12:52:00','4695655','6','',''),
('124401631084405','12:53:00','12:53:00','4695656','7','',''),
('124401631084405','12:54:00','12:54:00','4695657','8','',''),
('124401631084405','12:55:00','12:55:00','4695658','9','',''),
('124401631084405','12:56:00','12:56:00','4695659','10','',''),
('124401631084405','12:57:00','12:57:00','4695660','11','',''),
('124401631084405','12:58:00','12:58:00','4695661','12','',''),
('124401631084405','12:59:00','12:59:00','4695662','13','',''),
('124401631084405','13:01:00','13:01:00','4695663','14','',''),
('124988801084405','12:45:00','12:45:00','4695650','1','',''),
('124988801084405','12:47:00','12:47:00','4695651','2','',''),
('124988801084405','12:48:00','12:48:00','4695652','3','',''),
('124988801084405','12:50:00','12:50:00','4695653','4','',''),
('124988801084405','12:51:00','12:51:00','4695654','5','',''),
('124988801084405','12:52:00','12:52:00','4695655','6','',''),
('124988801084405','12:53:00','12:53:00','4695656','7','',''),
('124988801084405','12:54:00','12:54:00','4695657','8','',''),
('124988801084405','12:55:00','12:55:00','4695658','9','',''),
('124988801084405','12:56:00','12:56:00','4695659','10','',''),
('124988801084405','12:57:00','12:57:00','4695660','11','',''),
('124988801084405','12:58:00','12:58:00','4695661','12','',''),
('124988801084405','12:59:00','12:59:00','4695662','13','',''),
('124988801084405','13:01:00','13:01:00','4695663','14','',''),
('124988811084405','12:45:00','12:45:00','4695650','1','',''),
('124988811084405','12:47:00','12:47:00','4695651','2','',''),
('124988811084405','12:48:00','12:48:00','4695652','3','',''),
('124988811084405','12:50:00','12:50:00','4695653','4','',''),
('124988811084405','12:51:00','12:51:00','4695654','5','',''),
('124988811084405','12:52:00','12:52:00','4695655','6','',''),
('124988811084405','12:53:00','12:53:00','4695656','7','',''),
('124988811084405','12:54:00','12:54:00','4695657','8','',''),
('124988811084405','12:55:00','12:55:00','4695658','9','',''),
('124988811084405','12:56:00','12:56:00','4695659','10','',''),
('124988811084405','12:57:00','12:57:00','4695660','11','',''),
('124988811084405','12:58:00','12:58:00','4695661','12','',''),
('124988811084405','12:59:00','12:59:00','4695662','13','',''),
('124988811084405','13:01:00','13:01:00','4695663','14','',''),
('224401631084405','16:10:00','16:10:00','4695650','1','',''),
('224401631084405','16:12:00','16:12:00','4695651','2','',''),
('224401631084405','16:13:00','16:13:00','4695652','3','',''),
('224401631084405','16:15:00','16:15:00','4695653','4','',''),
('224401631084405','16:16:00','16:16:00','4695654','5','',''),
('224401631084405','16:17:00','16:17:00','4695655','6','',''),
('224401631084405','16:18:00','16:18:00','4695656','7','',''),
('224401631084405','16:19:00','16:19:00','4695657','8','',''),
('224401631084405','16:20:00','16:20:00','4695658','9','',''),
('224401631084405','16:21:00','16:21:00','4695659','10','',''),
('224401631084405','16:22:00','16:22:00','4695660','11','',''),
('224401631084405','16:23:00','16:23:00','4695661','12','',''),
('224401631084405','16:24:00','16:24:00','4695662','13','',''),
('224401631084405','16:26:00','16:26:00','4695663','14','',''),
('224988801084405','16:10:00','16:10:00','4695650','1','',''),
('224988801084405','16:12:00','16:12:00','4695651','2','',''),
('224988801084405','16:13:00','16:13:00','4695652','3','',''),
('224988801084405','16:15:00','16:15:00','4695653','4','',''),
('224988801084405','16:16:00','16:16:00','4695654','5','',''),
('224988801084405','16:17:00','16:17:00','4695655','6','',''),
('224988801084405','16:18:00','16:18:00','4695656','7','',''),
('224988801084405','16:19:00','16:19:00','4695657','8','',''),
('224988801084405','16:20:00','16:20:00','4695658','9','',''),
('224988801084405','16:21:00','16:21:00','4695659','10','',''),
('224988801084405','16:22:00','16:22:00','4695660','11','',''),
('224988801084405','16:23:00','16:23:00','4695661','12','',''),
('224988801084405','16:24:00','16:24:00','4695662','13','',''),
('224988801084405','16:26:00','16:26:00','4695663','14','',''),
('324401631084405','16:30:00','16:30:00','4695650','1','',''),
('324401631084405','16:32:00','16:32:00','4695651','2','',''),
('324401631084405','16:33:00','16:33:00','4695652','3','',''),
('324401631084405','16:35:00','16:35:00','4695653','4','',''),
('324401631084405','16:36:00','16:36:00','4695654','5','',''),
('324401631084405','16:37:00','16:37:00','4695655','6','',''),
('324401631084405','16:38:00','16:38:00','4695656','7','',''),
('324401631084405','16:39:00','16:39:00','4695657','8','',''),
('324401631084405','16:40:00','16:40:00','4695658','9','',''),
('324401631084405','16:41:00','16:41:00','4695659','10','',''),
('324401631084405','16:42:00','16:42:00','4695660','11','',''),
('324401631084405','16:43:00','16:43:00','4695661','12','',''),
('324401631084405','16:44:00','16:44:00','4695662','13','',''),
('324401631084405','16:46:00','16:46:00','4695663','14','',''),
('324988801084405','16:30:00','16:30:00','4695650','1','',''),
('324988801084405','16:32:00','16:32:00','4695651','2','',''),
('324988801084405','16:33:00','16:33:00','4695652','3','',''),
('324988801084405','16:35:00','16:35:00','4695653','4','',''),
('324988801084405','16:36:00','16:36:00','4695654','5','',''),
('324988801084405','16:37:00','16:37:00','4695655','6','',''),
('324988801084405','16:38:00','16:38:00','4695656','7','',''),
('324988801084405','16:39:00','16:39:00','4695657','8','',''),
('324988801084405','16:40:00','16:40:00','4695658','9','',''),
('324988801084405','16:41:00','16:41:00','4695659','10','',''),
('324988801084405','16:42:00','16:42:00','4695660','11','',''),
('324988801084405','16:43:00','16:43:00','4695661','12','',''),
('324988801084405','16:44:00','16:44:00','4695662','13','',''),
('324988801084405','16:46:00','16:46:00','4695663','14','',''),
('424401631084405','16:50:00','16:50:00','4695650','1','',''),
('424401631084405','16:52:00','16:52:00','4695651','2','',''),
('424401631084405','16:53:00','16:53:00','4695652','3','',''),
('424401631084405','16:55:00','16:55:00','4695653','4','',''),
('424401631084405','16:56:00','16:56:00','4695654','5','',''),
('424401631084405','16:57:00','16:57:00','4695655','6','',''),
('424401631084405','16:58:00','16:58:00','4695656','7','',''),
('424401631084405','16:59:00','16:59:00','4695657','8','',''),
('424401631084405','17:00:00','17:00:00','4695658','9','',''),
('424401631084405','17:01:00','17:01:00','4695659','10','',''),
('424401631084405','17:02:00','17:02:00','4695660','11','',''),
('424401631084405','17:03:00','17:03:00','4695661','12','',''),
('424401631084405','17:04:00','17:04:00','4695662','13','',''),
('424401631084405','17:06:00','17:06:00','4695663','14','',''),
('424988801084405','16:50:00','16:50:00','4695650','1','',''),
('424988801084405','16:52:00','16:52:00','4695651','2','',''),
('424988801084405','16:53:00','16:53:00','4695652','3','',''),
('424988801084405','16:55:00','16:55:00','4695653','4','',''),
('424988801084405','16:56:00','16:56:00','4695654','5','',''),
('424988801084405','16:57:00','16:57:00','4695655','6','',''),
('424988801084405','16:58:00','16:58:00','4695656','7','',''),
('424988801084405','16:59:00','16:59:00','4695657','8','',''),
('424988801084405','17:00:00','17:00:00','4695658','9','',''),
('424988801084405','17:01:00','17:01:00','4695659','10','',''),
('424988801084405','17:02:00','17:02:00','4695660','11','',''),
('424988801084405','17:03:00','17:03:00','4695661','12','',''),
('424988801084405','17:04:00','17:04:00','4695662','13','',''),
('424988801084405','17:06:00','17:06:00','4695663','14','',''),
('524401631084405','17:10:00','17:10:00','4695650','1','',''),
('524401631084405','17:12:00','17:12:00','4695651','2','',''),
('524401631084405','17:13:00','17:13:00','4695652','3','',''),
('524401631084405','17:15:00','17:15:00','4695653','4','',''),
('524401631084405','17:16:00','17:16:00','4695654','5','',''),
('524401631084405','17:17:00','17:17:00','4695655','6','',''),
('524401631084405','17:18:00','17:18:00','4695656','7','',''),
('524401631084405','17:19:00','17:19:00','4695657','8','',''),
('524401631084405','17:20:00','17:20:00','4695658','9','',''),
('524401631084405','17:21:00','17:21:00','4695659','10','',''),
('524401631084405','17:22:00','17:22:00','4695660','11','',''),
('524401631084405','17:23:00','17:23:00','4695661','12','',''),
('524401631084405','17:24:00','17:24:00','4695662','13','',''),
('524401631084405','17:26:00','17:26:00','4695663','14','',''),
('524988801084405','17:10:00','17:10:00','4695650','1','',''),
('524988801084405','17:12:00','17:12:00','4695651','2','',''),
('524988801084405','17:13:00','17:13:00','4695652','3','',''),
('524988801084405','17:15:00','17:15:00','4695653','4','',''),
('524988801084405','17:16:00','17:16:00','4695654','5','',''),
('524988801084405','17:17:00','17:17:00','4695655','6','',''),
('524988801084405','17:18:00','17:18:00','4695656','7','',''),
('524988801084405','17:19:00','17:19:00','4695657','8','',''),
('524988801084405','17:20:00','17:20:00','4695658','9','',''),
('524988801084405','17:21:00','17:21:00','4695659','10','',''),
('524988801084405','17:22:00','17:22:00','4695660','11','',''),
('524988801084405','17:23:00','17:23:00','4695661','12','',''),
('524988801084405','17:24:00','17:24:00','4695662','13','',''),
('524988801084405','17:26:00','17:26:00','4695663','14','','');
INSERT INTO calendar (service_id,monday,tuesday,wednesday,thursday,friday,saturday,sunday,start_date,end_date) VALUES
('2498882','0','0','0','0','0','0','0','20180108','20180619'),
('2498880','0','0','0','0','0','0','0','20180108','20180619'),
('2498881','0','0','0','0','0','0','0','20180110','20180613'),
('2498879','0','0','0','0','0','0','0','20180110','20180613'),
('2498878','0','0','0','0','0','0','0','20180108','20180619'),
('2440163','0','0','0','0','0','0','0','20171221','20171222'),
('2440160','0','0','0','0','0','0','0','20171221','20171222'),
('2440161','0','0','0','0','0','0','0','20171221','20171222');
INSERT INTO calendar_dates (service_id,date,exception_type) VALUES
('2498882','20180108','1'),
('2498882','20180109','1'),
('2498882','20180111','1'),
('2498882','20180112','1'),
('2498882','20180115','1'),
('2498882','20180116','1'),
('2498882','20180118','1'),
('2498882','20180119','1'),
('2498882','20180122','1'),
('2498882','20180123','1'),
('2498882','20180125','1'),
('2498882','20180126','1'),
('2498882','20180129','1'),
('2498882','20180130','1'),
('2498882','20180201','1'),
('2498882','20180202','1'),
('2498882','20180205','1'),
('2498882','20180206','1'),
('2498882','20180208','1'),
('2498882','20180209','1'),
('2498882','20180212','1'),
('2498882','20180213','1'),
('2498882','20180215','1'),
('2498882','20180216','1'),
('2498882','20180305','1'),
('2498882','20180306','1'),
('2498882','20180308','1'),
('2498882','20180309','1'),
('2498882','20180312','1'),
('2498882','20180313','1'),
('2498882','20180315','1'),
('2498882','20180316','1'),
('2498882','20180319','1'),
('2498882','20180320','1'),
('2498882','20180322','1'),
('2498882','20180323','1'),
('2498882','20180326','1'),
('2498882','20180327','1'),
('2498882','20180329','1'),
('2498882','20180330','1'),
('2498882','20180403','1'),
('2498882','20180405','1'),
('2498882','20180406','1'),
('2498882','20180409','1'),
('2498882','20180410','1'),
('2498882','20180412','1'),
('2498882','20180413','1'),
('2498882','20180430','1'),
('2498882','20180503','1'),
('2498882','20180504','1'),
('2498882','20180507','1'),
('2498882','20180511','1'),
('2498882','20180514','1'),
('2498882','20180515','1'),
('2498882','20180517','1'),
('2498882','20180518','1'),
('2498882','20180522','1'),
('2498882','20180524','1'),
('2498882','20180525','1'),
('2498882','20180528','1'),
('2498882','20180529','1'),
('2498882','20180531','1'),
('2498882','20180601','1'),
('2498882','20180604','1'),
('2498882','20180605','1'),
('2498882','20180607','1'),
('2498882','20180608','1'),
('2498882','20180611','1'),
('2498882','20180612','1'),
('2498882','20180614','1'),
('2498882','20180615','1'),
('2498882','20180618','1'),
('2498882','20180619','1'),
('2498880','20180108','1'),
('2498880','20180109','1'),
('2498880','20180111','1'),
('2498880','20180112','1'),
('2498880','20180115','1'),
('2498880','20180116','1'),
('2498880','20180118','1'),
('2498880','20180119','1'),
('2498880','20180122','1'),
('2498880','20180123','1'),
('2498880','20180125','1'),
('2498880','20180126','1'),
('2498880','20180129','1'),
('2498880','20180130','1'),
('2498880','20180201','1'),
('2498880','20180202','1'),
('2498880','20180205','1'),
('2498880','20180206','1'),
('2498880','20180208','1'),
('2498880','20180209','1'),
('2498880','20180212','1'),
('2498880','20180213','1'),
('2498880','20180215','1'),
('2498880','20180216','1'),
('2498880','20180305','1'),
('2498880','20180306','1'),
('2498880','20180308','1'),
('2498880','20180309','1'),
('2498880','20180312','1'),
('2498880','20180313','1'),
('2498880','20180315','1'),
('2498880','20180316','1'),
('2498880','20180319','1'),
('2498880','20180320','1'),
('2498880','20180322','1'),
('2498880','20180323','1'),
('2498880','20180326','1'),
('2498880','20180327','1'),
('2498880','20180329','1'),
('2498880','20180330','1'),
('2498880','20180403','1'),
('2498880','20180405','1'),
('2498880','20180406','1'),
('2498880','20180409','1'),
('2498880','20180410','1'),
('2498880','20180412','1'),
('2498880','20180413','1'),
('2498880','20180430','1'),
('2498880','20180503','1'),
('2498880','20180504','1'),
('2498880','20180507','1'),
('2498880','20180511','1'),
('2498880','20180514','1'),
('2498880','20180515','1'),
('2498880','20180517','1'),
('2498880','20180518','1'),
('2498880','20180522','1'),
('2498880','20180524','1'),
('2498880','20180525','1'),
('2498880','20180528','1'),
('2498880','20180529','1'),
('2498880','20180531','1'),
('2498880','20180601','1'),
('2498880','20180604','1'),
('2498880','20180605','1'),
('2498880','20180607','1'),
('2498880','20180608','1'),
('2498880','20180611','1'),
('2498880','20180612','1'),
('2498880','20180614','1'),
('2498880','20180615','1'),
('2498880','20180618','1'),
('2498880','20180619','1'),
('2498881','20180110','1'),
('2498881','20180117','1'),
('2498881','20180124','1'),
('2498881','20180131','1'),
('2498881','20180207','1'),
('2498881','20180214','1'),
('2498881','20180307','1'),
('2498881','20180314','1'),
('2498881','20180321','1'),
('2498881','20180328','1'),
('2498881','20180404','1'),
('2498881','20180411','1'),
('2498881','20180502','1'),
('2498881','20180509','1'),
('2498881','20180516','1'),
('2498881','20180523','1'),
('2498881','20180530','1'),
('2498881','20180606','1'),
('2498881','20180613','1'),
('2498879','20180110','1'),
('2498879','20180117','1'),
('2498879','20180124','1'),
('2498879','20180131','1'),
('2498879','20180207','1'),
('2498879','20180214','1'),
('2498879','20180307','1'),
('2498879','20180314','1'),
('2498879','20180321','1'),
('2498879','20180328','1'),
('2498879','20180404','1'),
('2498879','20180411','1'),
('2498879','20180502','1'),
('2498879','20180509','1'),
('2498879','20180516','1'),
('2498879','20180523','1'),
('2498879','20180530','1'),
('2498879','20180606','1'),
('2498879','20180613','1'),
('2498878','20180108','1'),
('2498878','20180109','1'),
('2498878','20180111','1'),
('2498878','20180112','1'),
('2498878','20180115','1'),
('2498878','20180116','1'),
('2498878','20180118','1'),
('2498878','20180119','1'),
('2498878','20180122','1'),
('2498878','20180123','1'),
('2498878','20180125','1'),
('2498878','20180126','1'),
('2498878','20180129','1'),
('2498878','20180130','1'),
('2498878','20180201','1'),
('2498878','20180202','1'),
('2498878','20180205','1'),
('2498878','20180206','1'),
('2498878','20180208','1'),
('2498878','20180209','1'),
('2498878','20180212','1'),
('2498878','20180213','1'),
('2498878','20180215','1'),
('2498878','20180216','1'),
('2498878','20180305','1'),
('2498878','20180306','1'),
('2498878','20180308','1'),
('2498878','20180309','1'),
('2498878','20180312','1'),
('2498878','20180313','1'),
('2498878','20180315','1'),
('2498878','20180316','1'),
('2498878','20180319','1'),
('2498878','20180320','1'),
('2498878','20180322','1'),
('2498878','20180323','1'),
('2498878','20180326','1'),
('2498878','20180327','1'),
('2498878','20180329','1'),
('2498878','20180330','1'),
('2498878','20180403','1'),
('2498878','20180405','1'),
('2498878','20180406','1'),
('2498878','20180409','1'),
('2498878','20180410','1'),
('2498878','20180412','1'),
('2498878','20180413','1'),
('2498878','20180430','1'),
('2498878','20180503','1'),
('2498878','20180504','1'),
('2498878','20180507','1'),
('2498878','20180511','1'),
('2498878','20180514','1'),
('2498878','20180515','1'),
('2498878','20180517','1'),
('2498878','20180518','1'),
('2498878','20180522','1'),
('2498878','20180524','1'),
('2498878','20180525','1'),
('2498878','20180528','1'),
('2498878','20180529','1'),
('2498878','20180531','1'),
('2498878','20180601','1'),
('2498878','20180604','1'),
('2498878','20180605','1'),
('2498878','20180607','1'),
('2498878','20180608','1'),
('2498878','20180611','1'),
('2498878','20180612','1'),
('2498878','20180614','1'),
('2498878','20180615','1'),
('2498878','20180618','1'),
('2498878','20180619','1'),
('2440163','20171221','1'),
('2440163','20171222','1'),
('2440160','20171221','1'),
('2440160','20171222','1'),
('2440161','20171221','1'),
('2440161','20171222','1');
INSERT INTO routes (route_id,agency_id,route_short_name,route_long_name,route_desc,route_type,route_url,route_color,route_text_color) VALUES
('1086437','100','355','((JJ ROUSSEAU CIRCULAIRE) <-> LYCEE JEAN-JACQUES ROUSSEAU.) - Aller','','3','','FFFFFF','000000'),
('1086484','100','355','((CIRCULAIRE) <-> LYCEE JEAN-JACQUES ROUSSEAU.) - Aller','','3','','FFFFFF','000000'),
('1086485','100','355','((LYCEE JJ ROUSSEAU CIRCULAIRE) <-> LYCEE JEAN-JACQUES ROUSSEAU.) - Aller','','3','','FFFFFF','000000');
INSERT INTO agency (agency_id,agency_name,agency_url,agency_timezone,agency_lang,agency_phone) VALUES
('100','RATP (100)','http://www.ratp.fr/','CET','','');
INSERT INTO trips (route_id,service_id,trip_id,trip_headsign,trip_short_name,direction_id,shape_id) VALUES
('1086437','2440160','124401601084406','','1','0',''),
('1086437','2498882','124988821084406','','1','0',''),
('1086484','2440161','124401611084402','','1','0',''),
('1086484','2498878','124988781084402','','1','0',''),
('1086484','2498879','124988791084402','','1','0',''),
('1086484','2440161','224401611084402','','2','0',''),
('1086484','2498878','224988781084402','','2','0',''),
('1086484','2498879','224988791084402','','2','0',''),
('1086484','2440161','124401611358377','','1','0',''),
('1086484','2498878','124988781358377','','1','0',''),
('1086484','2498879','124988791358377','','1','0',''),
('1086485','2440163','124401631084405','','1','0',''),
('1086485','2498880','124988801084405','','1','0',''),
('1086485','2498881','124988811084405','','1','0',''),
('1086485','2440163','224401631084405','','2','0',''),
('1086485','2498880','224988801084405','','2','0',''),
('1086485','2440163','324401631084405','','3','0',''),
('1086485','2498880','324988801084405','','3','0',''),
('1086485','2440163','424401631084405','','4','0',''),
('1086485','2498880','424988801084405','','4','0',''),
('1086485','2440163','524401631084405','','5','0',''),
('1086485','2498880','524988801084405','','5','0','');
INSERT INTO transfers (from_stop_id,to_stop_id,transfer_type,min_transfer_time) VALUES
('6742446','4695663','2','102'),
('6742270','4695651','2','53'),
('6742446','4695664','2','110'),
('4230043','4695676','2','21'),
('4230045','4695649','2','10'),
('4238759','4695658','2','12'),
('6742274','4695667','2','33'),
('4238760','4695659','2','131'),
('4238760','4695658','2','135'),
('6742444','4695647','2','7'),
('6741454','4695637','2','40'),
('6742274','4695660','2','29'),
('4238643','4695659','2','121'),
('6742272','4695675','2','7'),
('6741456','4695675','2','7'),
('4238758','4695671','2','16'),
('6741457','4695646','2','63'),
('4230043','4695665','2','53'),
('4238645','4695673','2','127'),
('4238757','4695670','2','92'),
('4238757','4695671','2','120'),
('6741617','4695662','2','40'),
('6742444','4695652','2','36'),
('6742272','4695661','2','7'),
('4238640','4695641','2','135'),
('6742273','4695674','2','63'),
('4238643','4695645','2','121'),
('4230045','4695650','2','72'),
('4230041','4695638','2','36'),
('4238760','4695645','2','131'),
('4238760','4695644','2','135'),
('6742446','4695677','2','83'),
('4238758','4695669','2','135'),
('4238640','4695643','2','16'),
('6742272','4695666','2','36'),
('6741456','4695666','2','36'),
('4695664','6742336','2','97'),
('4230042','4695675','2','34'),
('4695664','6742335','2','110'),
('6742274','4695674','2','29'),
('6741456','4695661','2','7'),
('6741457','4695639','2','37'),
('4238644','4695644','2','135'),
('4238644','4695645','2','131'),
('6742270','4695676','2','21'),
('4230045','4695664','2','72'),
('4695650','6742336','2','97'),
('4230045','4695663','2','63'),
('6742267','4695677','2','61'),
('4238759','4695672','2','12'),
('4238643','4695673','2','121'),
('6742446','4695649','2','83'),
('4695650','6742335','2','110'),
('6742274','4695646','2','29'),
('6741618','4695647','2','34'),
('4238758','4695657','2','16'),
('4238758','4695655','2','135'),
('4230042','4695661','2','34'),
('6741457','4695660','2','63'),
('4695677','6742336','2','80'),
('4238760','4695673','2','131'),
('4695677','6742335','2','83'),
('4230044','4695648','2','53'),
('4238641','4695671','2','125'),
('4238760','4695672','2','135'),
('4230046','4695636','2','72'),
('6741457','4695667','2','37'),
('6742443','4695639','2','33'),
('4695663','6742336','2','90'),
('4695663','6742335','2','102'),
('6742443','4695646','2','29'),
('4230045','4695677','2','10'),
('6742270','4695665','2','53'),
('6742446','4695650','2','110'),
('6742271','4695647','2','34'),
('4238642','4695672','2','12'),
('6741458','4695639','2','33'),
('6741618','4695661','2','34'),
('6742269','4695676','2','33'),
('6742274','4695653','2','33'),
('4238758','4695643','2','16'),
('6742444','4695638','2','36'),
('4238638','4695643','2','120'),
('6741457','4695653','2','37'),
('4238638','4695642','2','92'),
('6742445','4695676','2','21'),
('4238638','4695641','2','124'),
('6741455','4695647','2','34'),
('4230046','4695649','2','61'),
('4238758','4695641','2','135'),
('4238641','4695657','2','125'),
('6741619','4695646','2','63'),
('4238640','4695671','2','16'),
('6741618','4695675','2','34'),
('4230042','4695647','2','34'),
('6742443','4695653','2','33'),
('4238757','4695642','2','92'),
('4238757','4695643','2','120'),
('6742268','4695663','2','63'),
('6742268','4695664','2','72'),
('4238638','4695655','2','124'),
('6741458','4695674','2','29'),
('4238638','4695656','2','92'),
('6742446','4695636','2','80'),
('4238638','4695657','2','120'),
('6741619','4695653','2','37'),
('6741453','4695662','2','40'),
('6742445','4695665','2','53'),
('6741456','4695638','2','36'),
('4230041','4695666','2','36'),
('6742272','4695638','2','36'),
('6742273','4695646','2','63'),
('4230041','4695661','2','7'),
('4238757','4695641','2','124'),
('6742443','4695660','2','29'),
('6741619','4695639','2','37'),
('4238644','4695673','2','131'),
('4238644','4695672','2','135'),
('6742443','4695667','2','33'),
('4230046','4695663','2','9'),
('6742267','4695663','2','9'),
('6741455','4695661','2','34'),
('6741458','4695660','2','29'),
('6742271','4695661','2','34'),
('6742268','4695677','2','10'),
('6742445','4695651','2','53'),
('4238638','4695669','2','124'),
('6742274','4695639','2','33'),
('6741458','4695667','2','33'),
('4230041','4695675','2','7'),
('6741457','4695674','2','63'),
('4238641','4695643','2','125'),
('4238642','4695658','2','12'),
('6742273','4695639','2','37'),
('4230041','4695647','2','7'),
('6742269','4695648','2','53'),
('6741619','4695667','2','37'),
('6742444','4695666','2','36'),
('4238642','4695644','2','12'),
('6742273','4695660','2','63'),
('4230046','4695677','2','61'),
('6742272','4695652','2','36'),
('6742444','4695661','2','7'),
('6742443','4695674','2','29'),
('6742271','4695675','2','34'),
('4230043','4695651','2','53'),
('6742268','4695649','2','10'),
('6741458','4695653','2','33'),
('4238757','4695669','2','124'),
('6742267','4695636','2','72'),
('6741456','4695652','2','36'),
('4238640','4695657','2','16'),
('4238638','4695670','2','92'),
('6741455','4695675','2','34'),
('4238645','4695645','2','127'),
('4238640','4695655','2','135'),
('4695636','6742335','2','80'),
('4238638','4695671','2','120'),
('4695636','6742336','2','79'),
('6742273','4695667','2','37'),
('6741619','4695674','2','63'),
('6742273','4695653','2','37'),
('4238645','4695659','2','127'),
('6742444','4695675','2','7'),
('4238759','4695644','2','12'),
('6742267','4695649','2','61'),
('4238757','4695657','2','120'),
('4238757','4695655','2','124'),
('4238757','4695656','2','92'),
('4238644','4695658','2','135'),
('4695649','6742336','2','80'),
('4230041','4695652','2','36'),
('4238644','4695659','2','131'),
('6742268','4695650','2','72'),
('6741619','4695660','2','63'),
('4695649','6742335','2','83'),
('4230044','4695676','2','33'),
('4238640','4695669','2','135'),
('6741456','4695647','2','7'),
('6742272','4695647','2','7'),
('6741458','4695646','2','29');
INSERT INTO stops (stop_id,stop_code,stop_name,stop_desc,stop_lat,stop_lon,location_type,parent_station) VALUES
('4695645','','AVENUE DU NID','12-14 AVENUE DES FAUVETTES - 95585','49.00213819553513','2.3764407214189807','0',''),
('4695644','','ECOLE JULES FERRY.','FACE 18 RUE GABRIEL PERI - 95585','49.0020851548009','2.3736680224056275','0',''),
('4695669','','CHAMP DE CHARTRES','41 RUE DU FOUR DEFAIT - 95585','49.00543684496062','2.374353347795506','0',''),
('4695643','','CHAMP DE CHARTRES.','33 RUE GABRIEL PERI - 95585','49.00456558843109','2.3729868154366365','0',''),
('4695668','','ECOLE JULES FERRY','9 RUE ANDRE GRUNIG - 95585','49.00334228360203','2.376687491356626','0',''),
('4695642','','BEL AIR - GOSSEROTS','FACE 75 RUE DES GOSSEROTS - 95585','49.006632690879485','2.372141347510079','0',''),
('4695649','','LYCEE JEAN-JACQUES ROUSSEAU.','1 RUE JEAN-JACQUES ROUSSEAU - 95585','48.994057366862776','2.382334119863101','0',''),
('4695667','','LES CHARDONNERETTES','RUE ANDRE GRUNIG - 95585','49.002621884294484','2.3809757298407406','0',''),
('4695648','','MARCELIN BERTHELOT - VICTOR HUGO','RUE MARCELLIN BERTHELOT - 95585','48.99678034628397','2.3820633529596043','0',''),
('4695666','','PLACE DU SOUVENIR FRANCAIS','PLACE DU SOUVENIR FRANCAIS - 95585','48.998632157678905','2.3803850841361296','0',''),
('4695647','','PLACE DU SOUVENIR FRANCAIS.','1 PLACE DU SOUVENIR FRANCAIS - 95585','48.998722202731486','2.3798798306175426','0',''),
('4695665','','MARCELIN BERTHELOT - VICTOR HUGO','RUE DU DOCTEUR DUMOULIN - 95585','48.99723880462299','2.3816540360152865','0',''),
('4695664','','LYCEE JEAN-JACQUES ROUSSEAU','FACE 9 RUE JEAN-JACQUES ROUSSEAU - 95585','48.99436259243544','2.38315376864614','0',''),
('4695646','','LES CHARDONNERETTES.','FACE 48 AVENUE MARX DORMOY - 95585','49.002064656160755','2.381180134920911','0',''),
('4695662','','MAIRIE DE SARCELLES','FACE 116 RUE PIERRE BROSSOLETTE - 95585','48.996152321652765','2.379249497427796','0',''),
('4695663','','LYCEE JEAN-JACQUES ROUSSEAU.','FACE 9 RUE JEAN-JACQUES ROUSSEAU - 95585','48.99429074316839','2.3830444540022824','0',''),
('4695660','','LES CHARDONNERETTES.','FACE 48 AVENUE MARX DORMOY - 95585','49.002064656160755','2.381180134920911','0',''),
('4695661','','PLACE DU SOUVENIR FRANCAIS.','1 PLACE DU SOUVENIR FRANCAIS - 95585','48.998722202731486','2.3798798306175426','0',''),
('4695640','','ECOLE JULES FERRY','9 RUE ANDRE GRUNIG - 95585','49.00334228360203','2.376687491356626','0',''),
('4695641','','CHAMP DE CHARTRES','41 RUE DU FOUR DEFAIT - 95585','49.00543684496062','2.374353347795506','0',''),
('4695658','','ECOLE JULES FERRY.','FACE 18 RUE GABRIEL PERI - 95585','49.0020851548009','2.3736680224056275','0',''),
('4695670','','BEL AIR - GOSSEROTS','FACE 75 RUE DES GOSSEROTS - 95585','49.006632690879485','2.372141347510079','0',''),
('4695657','','CHAMP DE CHARTRES.','33 RUE GABRIEL PERI - 95585','49.00456558843109','2.3729868154366365','0',''),
('4695659','','AVENUE DU NID','12-14 AVENUE DES FAUVETTES - 95585','49.00213819553513','2.3764407214189807','0',''),
('4695654','','ECOLE JULES FERRY','9 RUE ANDRE GRUNIG - 95585','49.00334228360203','2.376687491356626','0',''),
('4695674','','LES CHARDONNERETTES.','FACE 48 AVENUE MARX DORMOY - 95585','49.002064656160755','2.381180134920911','0',''),
('4695636','','LYCEE JEAN-JACQUES ROUSSEAU','1 RUE JEAN-JACQUES ROUSSEAU - 95585','48.99397653556502','2.3822111429168356','0',''),
('4695653','','LES CHARDONNERETTES','RUE ANDRE GRUNIG - 95585','49.002621884294484','2.3809757298407406','0',''),
('4695673','','AVENUE DU NID','12-14 AVENUE DES FAUVETTES - 95585','49.00213819553513','2.3764407214189807','0',''),
('4695656','','BEL AIR - GOSSEROTS','FACE 75 RUE DES GOSSEROTS - 95585','49.006632690879485','2.372141347510079','0',''),
('4695672','','ECOLE JULES FERRY.','FACE 18 RUE GABRIEL PERI - 95585','49.0020851548009','2.3736680224056275','0',''),
('4695638','','PLACE DU SOUVENIR FRANCAIS','PLACE DU SOUVENIR FRANCAIS - 95585','48.998632157678905','2.3803850841361296','0',''),
('4695655','','CHAMP DE CHARTRES','41 RUE DU FOUR DEFAIT - 95585','49.00543684496062','2.374353347795506','0',''),
('4695671','','CHAMP DE CHARTRES.','33 RUE GABRIEL PERI - 95585','49.00456558843109','2.3729868154366365','0',''),
('4695637','','MAIRIE DE SARCELLES','FACE 141 RUE PIERRE BROSSOLETTE - 95585','48.996475701301144','2.3796184973023964','0',''),
('4695639','','LES CHARDONNERETTES','RUE ANDRE GRUNIG - 95585','49.002621884294484','2.3809757298407406','0',''),
('4695677','','LYCEE JEAN-JACQUES ROUSSEAU.','1 RUE JEAN-JACQUES ROUSSEAU - 95585','48.994057366862776','2.382334119863101','0',''),
('4695650','','LYCEE JEAN-JACQUES ROUSSEAU','FACE 9 RUE JEAN-JACQUES ROUSSEAU - 95585','48.99436259243544','2.38315376864614','0',''),
('4695651','','MARCELIN BERTHELOT - VICTOR HUGO','RUE DU DOCTEUR DUMOULIN - 95585','48.99723880462299','2.3816540360152865','0',''),
('4695675','','PLACE DU SOUVENIR FRANCAIS.','1 PLACE DU SOUVENIR FRANCAIS - 95585','48.998722202731486','2.3798798306175426','0',''),
('4695652','','PLACE DU SOUVENIR FRANCAIS','PLACE DU SOUVENIR FRANCAIS - 95585','48.998632157678905','2.3803850841361296','0',''),
('4695676','','MARCELIN BERTHELOT - VICTOR HUGO.','RUE MARCELLIN BERTHELOT - 95585','48.996924220336204','2.381817650613694','0','');
