INSERT INTO stop_times (trip_id,arrival_time,departure_time,stop_id,stop_sequence,stop_headsign,shape_dist_traveled) VALUES
('124809991623773','11:20:00','11:20:00','6578324','1','',''),
('124809991623773','11:22:00','11:22:00','6578325','2','',''),
('124809991623773','11:23:00','11:23:00','6578326','3','',''),
('124809991623773','11:25:00','11:25:00','6578327','4','',''),
('124809991623773','11:25:00','11:25:00','6578328','5','',''),
('124809991623773','11:27:00','11:27:00','6578329','6','',''),
('124809991623773','11:29:00','11:29:00','6578330','7','',''),
('124809991623773','11:31:00','11:31:00','6578331','8','',''),
('125538291623773','11:20:00','11:20:00','6578324','1','',''),
('125538291623773','11:22:00','11:22:00','6578325','2','',''),
('125538291623773','11:23:00','11:23:00','6578326','3','',''),
('125538291623773','11:25:00','11:25:00','6578327','4','',''),
('125538291623773','11:25:00','11:25:00','6578328','5','',''),
('125538291623773','11:27:00','11:27:00','6578329','6','',''),
('125538291623773','11:29:00','11:29:00','6578330','7','',''),
('125538291623773','11:31:00','11:31:00','6578331','8','',''),
('124810011623774','09:00:00','09:00:00','6578332','1','',''),
('124810011623774','09:02:00','09:02:00','6578334','2','',''),
('124810011623774','09:03:00','09:03:00','6578336','3','',''),
('124810011623774','09:04:00','09:04:00','6578338','4','',''),
('124810011623774','09:08:00','09:08:00','6578340','5','',''),
('124810011623774','09:10:00','09:10:00','6578341','6','',''),
('125538311623774','09:00:00','09:00:00','6578332','1','',''),
('125538311623774','09:02:00','09:02:00','6578334','2','',''),
('125538311623774','09:03:00','09:03:00','6578336','3','',''),
('125538311623774','09:04:00','09:04:00','6578338','4','',''),
('125538311623774','09:08:00','09:08:00','6578340','5','',''),
('125538311623774','09:10:00','09:10:00','6578341','6','',''),
('124810021623776','10:00:00','10:00:00','6578346','1','',''),
('124810021623776','10:02:00','10:02:00','6578348','2','',''),
('124810021623776','10:04:00','10:04:00','6578350','3','',''),
('124810021623776','10:04:00','10:04:00','6578352','4','',''),
('124810021623776','10:06:00','10:06:00','6578353','5','',''),
('124810021623776','10:08:00','10:08:00','6578354','6','',''),
('124810021623776','10:08:00','10:08:00','6578356','7','',''),
('124810021623776','10:11:00','10:11:00','6578357','8','',''),
('125538321623776','10:00:00','10:00:00','6578346','1','',''),
('125538321623776','10:02:00','10:02:00','6578348','2','',''),
('125538321623776','10:04:00','10:04:00','6578350','3','',''),
('125538321623776','10:04:00','10:04:00','6578352','4','',''),
('125538321623776','10:06:00','10:06:00','6578353','5','',''),
('125538321623776','10:08:00','10:08:00','6578354','6','',''),
('125538321623776','10:08:00','10:08:00','6578356','7','',''),
('125538321623776','10:11:00','10:11:00','6578357','8','',''),
('124810031623777','10:30:00','10:30:00','6578361','1','',''),
('124810031623777','10:31:00','10:31:00','6578362','2','',''),
('124810031623777','10:34:00','10:34:00','6578363','3','',''),
('124810031623777','10:35:00','10:35:00','6578364','4','',''),
('124810031623777','10:35:00','10:35:00','6578365','5','',''),
('124810031623777','10:37:00','10:37:00','6578366','6','',''),
('124810031623777','10:38:00','10:38:00','6578367','7','',''),
('124810031623777','10:41:00','10:41:00','6578368','8','',''),
('125538331623777','10:30:00','10:30:00','6578361','1','',''),
('125538331623777','10:31:00','10:31:00','6578362','2','',''),
('125538331623777','10:34:00','10:34:00','6578363','3','',''),
('125538331623777','10:35:00','10:35:00','6578364','4','',''),
('125538331623777','10:35:00','10:35:00','6578365','5','',''),
('125538331623777','10:37:00','10:37:00','6578366','6','',''),
('125538331623777','10:38:00','10:38:00','6578367','7','',''),
('125538331623777','10:41:00','10:41:00','6578368','8','',''),
('124810041623778','10:50:00','10:50:00','6578369','1','',''),
('124810041623778','10:52:00','10:52:00','6578370','2','',''),
('124810041623778','10:55:00','10:55:00','6578371','3','',''),
('124810041623778','10:59:00','10:59:00','6578372','4','',''),
('124810041623778','11:01:00','11:01:00','6578373','5','',''),
('124810041623778','11:03:00','11:03:00','6578374','6','',''),
('125538341623778','10:50:00','10:50:00','6578369','1','',''),
('125538341623778','10:52:00','10:52:00','6578370','2','',''),
('125538341623778','10:55:00','10:55:00','6578371','3','',''),
('125538341623778','10:59:00','10:59:00','6578372','4','',''),
('125538341623778','11:01:00','11:01:00','6578373','5','',''),
('125538341623778','11:03:00','11:03:00','6578374','6','',''),
('124810051623779','11:50:00','11:50:00','6578375','1','',''),
('124810051623779','11:52:00','11:52:00','6578376','2','',''),
('124810051623779','11:54:00','11:54:00','6578377','3','',''),
('124810051623779','11:56:00','11:56:00','6578378','4','',''),
('124810051623779','11:58:00','11:58:00','6578379','5','',''),
('124810051623779','11:59:00','11:59:00','6578380','6','',''),
('124810051623779','12:01:00','12:01:00','6578381','7','',''),
('125538351623779','11:50:00','11:50:00','6578375','1','',''),
('125538351623779','11:52:00','11:52:00','6578376','2','',''),
('125538351623779','11:54:00','11:54:00','6578377','3','',''),
('125538351623779','11:56:00','11:56:00','6578378','4','',''),
('125538351623779','11:58:00','11:58:00','6578379','5','',''),
('125538351623779','11:59:00','11:59:00','6578380','6','',''),
('125538351623779','12:01:00','12:01:00','6578381','7','',''),
('124810061623780','12:20:00','12:20:00','6578382','1','',''),
('124810061623780','12:22:00','12:22:00','6578383','2','',''),
('124810061623780','12:22:00','12:22:00','6578384','3','',''),
('124810061623780','12:24:00','12:24:00','6578385','4','',''),
('124810061623780','12:26:00','12:26:00','6578386','5','',''),
('124810061623780','12:28:00','12:28:00','6578387','6','',''),
('124810061623780','12:30:00','12:30:00','6578388','7','',''),
('125538361623780','12:20:00','12:20:00','6578382','1','',''),
('125538361623780','12:22:00','12:22:00','6578383','2','',''),
('125538361623780','12:22:00','12:22:00','6578384','3','',''),
('125538361623780','12:24:00','12:24:00','6578385','4','',''),
('125538361623780','12:26:00','12:26:00','6578386','5','',''),
('125538361623780','12:28:00','12:28:00','6578387','6','',''),
('125538361623780','12:30:00','12:30:00','6578388','7','',''),
('1024809970941220','12:30:00','12:30:00','4025230','1','',''),
('1024809970941220','12:31:00','12:31:00','4025232','2','',''),
('1024809970941220','12:34:00','12:34:00','4025234','3','',''),
('1024809970941220','12:34:00','12:34:00','4025235','4','',''),
('1024809970941220','12:35:00','12:35:00','4025237','5','',''),
('1024809970941220','12:37:00','12:37:00','4025238','6','',''),
('1024809970941220','12:38:00','12:38:00','4025239','7','',''),
('1024809970941220','12:39:00','12:39:00','4025240','8','',''),
('1024809970941220','12:40:00','12:40:00','4025241','9','',''),
('1024809970941220','12:42:00','12:42:00','4025242','10','',''),
('1024809970941220','12:44:00','12:44:00','4025243','11','',''),
('1024809970941220','12:46:00','12:46:00','4025244','12','',''),
('1024809970941220','12:46:00','12:46:00','4025245','13','',''),
('1024809970941220','12:48:00','12:48:00','4296818','14','',''),
('1024809970941220','12:49:00','12:49:00','4025247','15','',''),
('1024809970941220','12:50:00','12:50:00','4025249','16','',''),
('1024809970941220','12:51:00','12:51:00','4025251','17','',''),
('1024809970941220','12:52:00','12:52:00','4025253','18','',''),
('1024809980941220','13:30:00','13:30:00','4025230','1','',''),
('1024809980941220','13:31:00','13:31:00','4025232','2','',''),
('1024809980941220','13:34:00','13:34:00','4025234','3','',''),
('1024809980941220','13:34:00','13:34:00','4025235','4','',''),
('1024809980941220','13:35:00','13:35:00','4025237','5','',''),
('1024809980941220','13:37:00','13:37:00','4025238','6','',''),
('1024809980941220','13:38:00','13:38:00','4025239','7','',''),
('1024809980941220','13:39:00','13:39:00','4025240','8','',''),
('1024809980941220','13:40:00','13:40:00','4025241','9','',''),
('1024809980941220','13:42:00','13:42:00','4025242','10','',''),
('1024809980941220','13:44:00','13:44:00','4025243','11','',''),
('1024809980941220','13:46:00','13:46:00','4025244','12','',''),
('1024809980941220','13:46:00','13:46:00','4025245','13','',''),
('1024809980941220','13:48:00','13:48:00','4296818','14','',''),
('1024809980941220','13:49:00','13:49:00','4025247','15','',''),
('1024809980941220','13:50:00','13:50:00','4025249','16','',''),
('1024809980941220','13:51:00','13:51:00','4025251','17','',''),
('1024809980941220','13:52:00','13:52:00','4025253','18','',''),
('1025538270941220','12:30:00','12:30:00','4025230','1','',''),
('1025538270941220','12:31:00','12:31:00','4025232','2','',''),
('1025538270941220','12:34:00','12:34:00','4025234','3','',''),
('1025538270941220','12:34:00','12:34:00','4025235','4','',''),
('1025538270941220','12:35:00','12:35:00','4025237','5','',''),
('1025538270941220','12:37:00','12:37:00','4025238','6','',''),
('1025538270941220','12:38:00','12:38:00','4025239','7','',''),
('1025538270941220','12:39:00','12:39:00','4025240','8','',''),
('1025538270941220','12:40:00','12:40:00','4025241','9','',''),
('1025538270941220','12:42:00','12:42:00','4025242','10','',''),
('1025538270941220','12:44:00','12:44:00','4025243','11','',''),
('1025538270941220','12:46:00','12:46:00','4025244','12','',''),
('1025538270941220','12:46:00','12:46:00','4025245','13','',''),
('1025538270941220','12:48:00','12:48:00','4296818','14','',''),
('1025538270941220','12:49:00','12:49:00','4025247','15','',''),
('1025538270941220','12:50:00','12:50:00','4025249','16','',''),
('1025538270941220','12:51:00','12:51:00','4025251','17','',''),
('1025538270941220','12:52:00','12:52:00','4025253','18','',''),
('1025538280941220','13:30:00','13:30:00','4025230','1','',''),
('1025538280941220','13:31:00','13:31:00','4025232','2','',''),
('1025538280941220','13:34:00','13:34:00','4025234','3','',''),
('1025538280941220','13:34:00','13:34:00','4025235','4','',''),
('1025538280941220','13:35:00','13:35:00','4025237','5','',''),
('1025538280941220','13:37:00','13:37:00','4025238','6','',''),
('1025538280941220','13:38:00','13:38:00','4025239','7','',''),
('1025538280941220','13:39:00','13:39:00','4025240','8','',''),
('1025538280941220','13:40:00','13:40:00','4025241','9','',''),
('1025538280941220','13:42:00','13:42:00','4025242','10','',''),
('1025538280941220','13:44:00','13:44:00','4025243','11','',''),
('1025538280941220','13:46:00','13:46:00','4025244','12','',''),
('1025538280941220','13:46:00','13:46:00','4025245','13','',''),
('1025538280941220','13:48:00','13:48:00','4296818','14','',''),
('1025538280941220','13:49:00','13:49:00','4025247','15','',''),
('1025538280941220','13:50:00','13:50:00','4025249','16','',''),
('1025538280941220','13:51:00','13:51:00','4025251','17','',''),
('1025538280941220','13:52:00','13:52:00','4025253','18','',''),
('1124809970941220','13:00:00','13:00:00','4025230','1','',''),
('1124809970941220','13:01:00','13:01:00','4025232','2','',''),
('1124809970941220','13:04:00','13:04:00','4025234','3','',''),
('1124809970941220','13:04:00','13:04:00','4025235','4','',''),
('1124809970941220','13:05:00','13:05:00','4025237','5','',''),
('1124809970941220','13:07:00','13:07:00','4025238','6','',''),
('1124809970941220','13:08:00','13:08:00','4025239','7','',''),
('1124809970941220','13:09:00','13:09:00','4025240','8','',''),
('1124809970941220','13:10:00','13:10:00','4025241','9','',''),
('1124809970941220','13:12:00','13:12:00','4025242','10','',''),
('1124809970941220','13:14:00','13:14:00','4025243','11','',''),
('1124809970941220','13:16:00','13:16:00','4025244','12','',''),
('1124809970941220','13:16:00','13:16:00','4025245','13','',''),
('1124809970941220','13:18:00','13:18:00','4296818','14','',''),
('1124809970941220','13:19:00','13:19:00','4025247','15','',''),
('1124809970941220','13:20:00','13:20:00','4025249','16','',''),
('1124809970941220','13:21:00','13:21:00','4025251','17','',''),
('1124809970941220','13:22:00','13:22:00','4025253','18','',''),
('1124809980941220','14:00:00','14:00:00','4025230','1','',''),
('1124809980941220','14:01:00','14:01:00','4025232','2','',''),
('1124809980941220','14:04:00','14:04:00','4025234','3','',''),
('1124809980941220','14:04:00','14:04:00','4025235','4','',''),
('1124809980941220','14:05:00','14:05:00','4025237','5','',''),
('1124809980941220','14:07:00','14:07:00','4025238','6','',''),
('1124809980941220','14:08:00','14:08:00','4025239','7','',''),
('1124809980941220','14:09:00','14:09:00','4025240','8','',''),
('1124809980941220','14:10:00','14:10:00','4025241','9','',''),
('1124809980941220','14:12:00','14:12:00','4025242','10','',''),
('1124809980941220','14:14:00','14:14:00','4025243','11','',''),
('1124809980941220','14:16:00','14:16:00','4025244','12','',''),
('1124809980941220','14:16:00','14:16:00','4025245','13','',''),
('1124809980941220','14:18:00','14:18:00','4296818','14','',''),
('1124809980941220','14:19:00','14:19:00','4025247','15','',''),
('1124809980941220','14:20:00','14:20:00','4025249','16','',''),
('1124809980941220','14:21:00','14:21:00','4025251','17','',''),
('1124809980941220','14:22:00','14:22:00','4025253','18','',''),
('1125538270941220','13:00:00','13:00:00','4025230','1','',''),
('1125538270941220','13:01:00','13:01:00','4025232','2','',''),
('1125538270941220','13:04:00','13:04:00','4025234','3','',''),
('1125538270941220','13:04:00','13:04:00','4025235','4','',''),
('1125538270941220','13:05:00','13:05:00','4025237','5','',''),
('1125538270941220','13:07:00','13:07:00','4025238','6','',''),
('1125538270941220','13:08:00','13:08:00','4025239','7','',''),
('1125538270941220','13:09:00','13:09:00','4025240','8','',''),
('1125538270941220','13:10:00','13:10:00','4025241','9','',''),
('1125538270941220','13:12:00','13:12:00','4025242','10','',''),
('1125538270941220','13:14:00','13:14:00','4025243','11','',''),
('1125538270941220','13:16:00','13:16:00','4025244','12','',''),
('1125538270941220','13:16:00','13:16:00','4025245','13','',''),
('1125538270941220','13:18:00','13:18:00','4296818','14','',''),
('1125538270941220','13:19:00','13:19:00','4025247','15','',''),
('1125538270941220','13:20:00','13:20:00','4025249','16','',''),
('1125538270941220','13:21:00','13:21:00','4025251','17','',''),
('1125538270941220','13:22:00','13:22:00','4025253','18','',''),
('1125538280941220','14:00:00','14:00:00','4025230','1','',''),
('1125538280941220','14:01:00','14:01:00','4025232','2','',''),
('1125538280941220','14:04:00','14:04:00','4025234','3','',''),
('1125538280941220','14:04:00','14:04:00','4025235','4','',''),
('1125538280941220','14:05:00','14:05:00','4025237','5','',''),
('1125538280941220','14:07:00','14:07:00','4025238','6','',''),
('1125538280941220','14:08:00','14:08:00','4025239','7','',''),
('1125538280941220','14:09:00','14:09:00','4025240','8','',''),
('1125538280941220','14:10:00','14:10:00','4025241','9','',''),
('1125538280941220','14:12:00','14:12:00','4025242','10','',''),
('1125538280941220','14:14:00','14:14:00','4025243','11','',''),
('1125538280941220','14:16:00','14:16:00','4025244','12','',''),
('1125538280941220','14:16:00','14:16:00','4025245','13','',''),
('1125538280941220','14:18:00','14:18:00','4296818','14','',''),
('1125538280941220','14:19:00','14:19:00','4025247','15','',''),
('1125538280941220','14:20:00','14:20:00','4025249','16','',''),
('1125538280941220','14:21:00','14:21:00','4025251','17','',''),
('1125538280941220','14:22:00','14:22:00','4025253','18','',''),
('1224809970941220','13:30:00','13:30:00','4025230','1','',''),
('1224809970941220','13:31:00','13:31:00','4025232','2','',''),
('1224809970941220','13:34:00','13:34:00','4025234','3','',''),
('1224809970941220','13:34:00','13:34:00','4025235','4','',''),
('1224809970941220','13:35:00','13:35:00','4025237','5','',''),
('1224809970941220','13:37:00','13:37:00','4025238','6','',''),
('1224809970941220','13:38:00','13:38:00','4025239','7','',''),
('1224809970941220','13:39:00','13:39:00','4025240','8','',''),
('1224809970941220','13:40:00','13:40:00','4025241','9','',''),
('1224809970941220','13:42:00','13:42:00','4025242','10','',''),
('1224809970941220','13:44:00','13:44:00','4025243','11','',''),
('1224809970941220','13:46:00','13:46:00','4025244','12','',''),
('1224809970941220','13:46:00','13:46:00','4025245','13','',''),
('1224809970941220','13:48:00','13:48:00','4296818','14','',''),
('1224809970941220','13:49:00','13:49:00','4025247','15','',''),
('1224809970941220','13:50:00','13:50:00','4025249','16','',''),
('1224809970941220','13:51:00','13:51:00','4025251','17','',''),
('1224809970941220','13:52:00','13:52:00','4025253','18','',''),
('1224809980941220','14:30:00','14:30:00','4025230','1','',''),
('1224809980941220','14:31:00','14:31:00','4025232','2','',''),
('1224809980941220','14:34:00','14:34:00','4025234','3','',''),
('1224809980941220','14:34:00','14:34:00','4025235','4','',''),
('1224809980941220','14:35:00','14:35:00','4025237','5','',''),
('1224809980941220','14:37:00','14:37:00','4025238','6','',''),
('1224809980941220','14:38:00','14:38:00','4025239','7','',''),
('1224809980941220','14:39:00','14:39:00','4025240','8','',''),
('1224809980941220','14:40:00','14:40:00','4025241','9','',''),
('1224809980941220','14:42:00','14:42:00','4025242','10','',''),
('1224809980941220','14:44:00','14:44:00','4025243','11','',''),
('1224809980941220','14:46:00','14:46:00','4025244','12','',''),
('1224809980941220','14:46:00','14:46:00','4025245','13','',''),
('1224809980941220','14:48:00','14:48:00','4296818','14','',''),
('1224809980941220','14:49:00','14:49:00','4025247','15','',''),
('1224809980941220','14:50:00','14:50:00','4025249','16','',''),
('1224809980941220','14:51:00','14:51:00','4025251','17','',''),
('1224809980941220','14:52:00','14:52:00','4025253','18','',''),
('1225538270941220','13:30:00','13:30:00','4025230','1','',''),
('1225538270941220','13:31:00','13:31:00','4025232','2','',''),
('1225538270941220','13:34:00','13:34:00','4025234','3','',''),
('1225538270941220','13:34:00','13:34:00','4025235','4','',''),
('1225538270941220','13:35:00','13:35:00','4025237','5','',''),
('1225538270941220','13:37:00','13:37:00','4025238','6','',''),
('1225538270941220','13:38:00','13:38:00','4025239','7','',''),
('1225538270941220','13:39:00','13:39:00','4025240','8','',''),
('1225538270941220','13:40:00','13:40:00','4025241','9','',''),
('1225538270941220','13:42:00','13:42:00','4025242','10','',''),
('1225538270941220','13:44:00','13:44:00','4025243','11','',''),
('1225538270941220','13:46:00','13:46:00','4025244','12','',''),
('1225538270941220','13:46:00','13:46:00','4025245','13','',''),
('1225538270941220','13:48:00','13:48:00','4296818','14','',''),
('1225538270941220','13:49:00','13:49:00','4025247','15','',''),
('1225538270941220','13:50:00','13:50:00','4025249','16','',''),
('1225538270941220','13:51:00','13:51:00','4025251','17','',''),
('1225538270941220','13:52:00','13:52:00','4025253','18','',''),
('1225538280941220','14:30:00','14:30:00','4025230','1','',''),
('1225538280941220','14:31:00','14:31:00','4025232','2','',''),
('1225538280941220','14:34:00','14:34:00','4025234','3','',''),
('1225538280941220','14:34:00','14:34:00','4025235','4','',''),
('1225538280941220','14:35:00','14:35:00','4025237','5','',''),
('1225538280941220','14:37:00','14:37:00','4025238','6','',''),
('1225538280941220','14:38:00','14:38:00','4025239','7','',''),
('1225538280941220','14:39:00','14:39:00','4025240','8','',''),
('1225538280941220','14:40:00','14:40:00','4025241','9','',''),
('1225538280941220','14:42:00','14:42:00','4025242','10','',''),
('1225538280941220','14:44:00','14:44:00','4025243','11','',''),
('1225538280941220','14:46:00','14:46:00','4025244','12','',''),
('1225538280941220','14:46:00','14:46:00','4025245','13','',''),
('1225538280941220','14:48:00','14:48:00','4296818','14','',''),
('1225538280941220','14:49:00','14:49:00','4025247','15','',''),
('1225538280941220','14:50:00','14:50:00','4025249','16','',''),
('1225538280941220','14:51:00','14:51:00','4025251','17','',''),
('1225538280941220','14:52:00','14:52:00','4025253','18','',''),
('124809970941220','08:00:00','08:00:00','4025230','1','',''),
('124809970941220','08:01:00','08:01:00','4025232','2','',''),
('124809970941220','08:04:00','08:04:00','4025234','3','',''),
('124809970941220','08:04:00','08:04:00','4025235','4','',''),
('124809970941220','08:05:00','08:05:00','4025237','5','',''),
('124809970941220','08:07:00','08:07:00','4025238','6','',''),
('124809970941220','08:08:00','08:08:00','4025239','7','',''),
('124809970941220','08:09:00','08:09:00','4025240','8','',''),
('124809970941220','08:10:00','08:10:00','4025241','9','',''),
('124809970941220','08:12:00','08:12:00','4025242','10','',''),
('124809970941220','08:14:00','08:14:00','4025243','11','',''),
('124809970941220','08:16:00','08:16:00','4025244','12','',''),
('124809970941220','08:16:00','08:16:00','4025245','13','',''),
('124809970941220','08:18:00','08:18:00','4296818','14','',''),
('124809970941220','08:19:00','08:19:00','4025247','15','',''),
('124809970941220','08:20:00','08:20:00','4025249','16','',''),
('124809970941220','08:21:00','08:21:00','4025251','17','',''),
('124809970941220','08:22:00','08:22:00','4025253','18','',''),
('124809980941220','09:00:00','09:00:00','4025230','1','',''),
('124809980941220','09:01:00','09:01:00','4025232','2','',''),
('124809980941220','09:04:00','09:04:00','4025234','3','',''),
('124809980941220','09:04:00','09:04:00','4025235','4','',''),
('124809980941220','09:05:00','09:05:00','4025237','5','',''),
('124809980941220','09:07:00','09:07:00','4025238','6','',''),
('124809980941220','09:08:00','09:08:00','4025239','7','',''),
('124809980941220','09:09:00','09:09:00','4025240','8','',''),
('124809980941220','09:10:00','09:10:00','4025241','9','',''),
('124809980941220','09:12:00','09:12:00','4025242','10','',''),
('124809980941220','09:14:00','09:14:00','4025243','11','',''),
('124809980941220','09:16:00','09:16:00','4025244','12','',''),
('124809980941220','09:16:00','09:16:00','4025245','13','',''),
('124809980941220','09:18:00','09:18:00','4296818','14','',''),
('124809980941220','09:19:00','09:19:00','4025247','15','',''),
('124809980941220','09:20:00','09:20:00','4025249','16','',''),
('124809980941220','09:21:00','09:21:00','4025251','17','',''),
('124809980941220','09:22:00','09:22:00','4025253','18','',''),
('125538270941220','08:00:00','08:00:00','4025230','1','',''),
('125538270941220','08:01:00','08:01:00','4025232','2','',''),
('125538270941220','08:04:00','08:04:00','4025234','3','',''),
('125538270941220','08:04:00','08:04:00','4025235','4','',''),
('125538270941220','08:05:00','08:05:00','4025237','5','',''),
('125538270941220','08:07:00','08:07:00','4025238','6','',''),
('125538270941220','08:08:00','08:08:00','4025239','7','',''),
('125538270941220','08:09:00','08:09:00','4025240','8','',''),
('125538270941220','08:10:00','08:10:00','4025241','9','',''),
('125538270941220','08:12:00','08:12:00','4025242','10','',''),
('125538270941220','08:14:00','08:14:00','4025243','11','',''),
('125538270941220','08:16:00','08:16:00','4025244','12','',''),
('125538270941220','08:16:00','08:16:00','4025245','13','',''),
('125538270941220','08:18:00','08:18:00','4296818','14','',''),
('125538270941220','08:19:00','08:19:00','4025247','15','',''),
('125538270941220','08:20:00','08:20:00','4025249','16','',''),
('125538270941220','08:21:00','08:21:00','4025251','17','',''),
('125538270941220','08:22:00','08:22:00','4025253','18','',''),
('125538280941220','09:00:00','09:00:00','4025230','1','',''),
('125538280941220','09:01:00','09:01:00','4025232','2','',''),
('125538280941220','09:04:00','09:04:00','4025234','3','',''),
('125538280941220','09:04:00','09:04:00','4025235','4','',''),
('125538280941220','09:05:00','09:05:00','4025237','5','',''),
('125538280941220','09:07:00','09:07:00','4025238','6','',''),
('125538280941220','09:08:00','09:08:00','4025239','7','',''),
('125538280941220','09:09:00','09:09:00','4025240','8','',''),
('125538280941220','09:10:00','09:10:00','4025241','9','',''),
('125538280941220','09:12:00','09:12:00','4025242','10','',''),
('125538280941220','09:14:00','09:14:00','4025243','11','',''),
('125538280941220','09:16:00','09:16:00','4025244','12','',''),
('125538280941220','09:16:00','09:16:00','4025245','13','',''),
('125538280941220','09:18:00','09:18:00','4296818','14','',''),
('125538280941220','09:19:00','09:19:00','4025247','15','',''),
('125538280941220','09:20:00','09:20:00','4025249','16','',''),
('125538280941220','09:21:00','09:21:00','4025251','17','',''),
('125538280941220','09:22:00','09:22:00','4025253','18','',''),
('1324809970941220','14:00:00','14:00:00','4025230','1','',''),
('1324809970941220','14:01:00','14:01:00','4025232','2','',''),
('1324809970941220','14:04:00','14:04:00','4025234','3','',''),
('1324809970941220','14:04:00','14:04:00','4025235','4','',''),
('1324809970941220','14:05:00','14:05:00','4025237','5','',''),
('1324809970941220','14:07:00','14:07:00','4025238','6','',''),
('1324809970941220','14:08:00','14:08:00','4025239','7','',''),
('1324809970941220','14:09:00','14:09:00','4025240','8','',''),
('1324809970941220','14:10:00','14:10:00','4025241','9','',''),
('1324809970941220','14:12:00','14:12:00','4025242','10','',''),
('1324809970941220','14:14:00','14:14:00','4025243','11','',''),
('1324809970941220','14:16:00','14:16:00','4025244','12','',''),
('1324809970941220','14:16:00','14:16:00','4025245','13','',''),
('1324809970941220','14:18:00','14:18:00','4296818','14','',''),
('1324809970941220','14:19:00','14:19:00','4025247','15','',''),
('1324809970941220','14:20:00','14:20:00','4025249','16','',''),
('1324809970941220','14:21:00','14:21:00','4025251','17','',''),
('1324809970941220','14:22:00','14:22:00','4025253','18','',''),
('1324809980941220','15:00:00','15:00:00','4025230','1','',''),
('1324809980941220','15:01:00','15:01:00','4025232','2','',''),
('1324809980941220','15:04:00','15:04:00','4025234','3','',''),
('1324809980941220','15:04:00','15:04:00','4025235','4','',''),
('1324809980941220','15:05:00','15:05:00','4025237','5','',''),
('1324809980941220','15:07:00','15:07:00','4025238','6','',''),
('1324809980941220','15:08:00','15:08:00','4025239','7','',''),
('1324809980941220','15:09:00','15:09:00','4025240','8','',''),
('1324809980941220','15:10:00','15:10:00','4025241','9','',''),
('1324809980941220','15:12:00','15:12:00','4025242','10','',''),
('1324809980941220','15:14:00','15:14:00','4025243','11','',''),
('1324809980941220','15:16:00','15:16:00','4025244','12','',''),
('1324809980941220','15:16:00','15:16:00','4025245','13','',''),
('1324809980941220','15:18:00','15:18:00','4296818','14','',''),
('1324809980941220','15:19:00','15:19:00','4025247','15','',''),
('1324809980941220','15:20:00','15:20:00','4025249','16','',''),
('1324809980941220','15:21:00','15:21:00','4025251','17','',''),
('1324809980941220','15:22:00','15:22:00','4025253','18','',''),
('1325538270941220','14:00:00','14:00:00','4025230','1','',''),
('1325538270941220','14:01:00','14:01:00','4025232','2','',''),
('1325538270941220','14:04:00','14:04:00','4025234','3','',''),
('1325538270941220','14:04:00','14:04:00','4025235','4','',''),
('1325538270941220','14:05:00','14:05:00','4025237','5','',''),
('1325538270941220','14:07:00','14:07:00','4025238','6','',''),
('1325538270941220','14:08:00','14:08:00','4025239','7','',''),
('1325538270941220','14:09:00','14:09:00','4025240','8','',''),
('1325538270941220','14:10:00','14:10:00','4025241','9','',''),
('1325538270941220','14:12:00','14:12:00','4025242','10','',''),
('1325538270941220','14:14:00','14:14:00','4025243','11','',''),
('1325538270941220','14:16:00','14:16:00','4025244','12','',''),
('1325538270941220','14:16:00','14:16:00','4025245','13','',''),
('1325538270941220','14:18:00','14:18:00','4296818','14','',''),
('1325538270941220','14:19:00','14:19:00','4025247','15','',''),
('1325538270941220','14:20:00','14:20:00','4025249','16','',''),
('1325538270941220','14:21:00','14:21:00','4025251','17','',''),
('1325538270941220','14:22:00','14:22:00','4025253','18','',''),
('1325538280941220','15:00:00','15:00:00','4025230','1','',''),
('1325538280941220','15:01:00','15:01:00','4025232','2','',''),
('1325538280941220','15:04:00','15:04:00','4025234','3','',''),
('1325538280941220','15:04:00','15:04:00','4025235','4','',''),
('1325538280941220','15:05:00','15:05:00','4025237','5','',''),
('1325538280941220','15:07:00','15:07:00','4025238','6','',''),
('1325538280941220','15:08:00','15:08:00','4025239','7','',''),
('1325538280941220','15:09:00','15:09:00','4025240','8','',''),
('1325538280941220','15:10:00','15:10:00','4025241','9','',''),
('1325538280941220','15:12:00','15:12:00','4025242','10','',''),
('1325538280941220','15:14:00','15:14:00','4025243','11','',''),
('1325538280941220','15:16:00','15:16:00','4025244','12','',''),
('1325538280941220','15:16:00','15:16:00','4025245','13','',''),
('1325538280941220','15:18:00','15:18:00','4296818','14','',''),
('1325538280941220','15:19:00','15:19:00','4025247','15','',''),
('1325538280941220','15:20:00','15:20:00','4025249','16','',''),
('1325538280941220','15:21:00','15:21:00','4025251','17','',''),
('1325538280941220','15:22:00','15:22:00','4025253','18','',''),
('1424809970941220','14:30:00','14:30:00','4025230','1','',''),
('1424809970941220','14:31:00','14:31:00','4025232','2','',''),
('1424809970941220','14:34:00','14:34:00','4025234','3','',''),
('1424809970941220','14:34:00','14:34:00','4025235','4','',''),
('1424809970941220','14:35:00','14:35:00','4025237','5','',''),
('1424809970941220','14:37:00','14:37:00','4025238','6','',''),
('1424809970941220','14:38:00','14:38:00','4025239','7','',''),
('1424809970941220','14:39:00','14:39:00','4025240','8','',''),
('1424809970941220','14:40:00','14:40:00','4025241','9','',''),
('1424809970941220','14:42:00','14:42:00','4025242','10','',''),
('1424809970941220','14:44:00','14:44:00','4025243','11','',''),
('1424809970941220','14:46:00','14:46:00','4025244','12','',''),
('1424809970941220','14:46:00','14:46:00','4025245','13','',''),
('1424809970941220','14:48:00','14:48:00','4296818','14','',''),
('1424809970941220','14:49:00','14:49:00','4025247','15','',''),
('1424809970941220','14:50:00','14:50:00','4025249','16','',''),
('1424809970941220','14:51:00','14:51:00','4025251','17','',''),
('1424809970941220','14:52:00','14:52:00','4025253','18','',''),
('1424809980941220','15:30:00','15:30:00','4025230','1','',''),
('1424809980941220','15:31:00','15:31:00','4025232','2','',''),
('1424809980941220','15:34:00','15:34:00','4025234','3','',''),
('1424809980941220','15:34:00','15:34:00','4025235','4','',''),
('1424809980941220','15:35:00','15:35:00','4025237','5','',''),
('1424809980941220','15:37:00','15:37:00','4025238','6','',''),
('1424809980941220','15:38:00','15:38:00','4025239','7','',''),
('1424809980941220','15:39:00','15:39:00','4025240','8','',''),
('1424809980941220','15:40:00','15:40:00','4025241','9','',''),
('1424809980941220','15:42:00','15:42:00','4025242','10','',''),
('1424809980941220','15:44:00','15:44:00','4025243','11','',''),
('1424809980941220','15:46:00','15:46:00','4025244','12','',''),
('1424809980941220','15:46:00','15:46:00','4025245','13','',''),
('1424809980941220','15:48:00','15:48:00','4296818','14','',''),
('1424809980941220','15:49:00','15:49:00','4025247','15','',''),
('1424809980941220','15:50:00','15:50:00','4025249','16','',''),
('1424809980941220','15:51:00','15:51:00','4025251','17','',''),
('1424809980941220','15:52:00','15:52:00','4025253','18','',''),
('1425538270941220','14:30:00','14:30:00','4025230','1','',''),
('1425538270941220','14:31:00','14:31:00','4025232','2','',''),
('1425538270941220','14:34:00','14:34:00','4025234','3','',''),
('1425538270941220','14:34:00','14:34:00','4025235','4','',''),
('1425538270941220','14:35:00','14:35:00','4025237','5','',''),
('1425538270941220','14:37:00','14:37:00','4025238','6','',''),
('1425538270941220','14:38:00','14:38:00','4025239','7','',''),
('1425538270941220','14:39:00','14:39:00','4025240','8','',''),
('1425538270941220','14:40:00','14:40:00','4025241','9','',''),
('1425538270941220','14:42:00','14:42:00','4025242','10','',''),
('1425538270941220','14:44:00','14:44:00','4025243','11','',''),
('1425538270941220','14:46:00','14:46:00','4025244','12','',''),
('1425538270941220','14:46:00','14:46:00','4025245','13','',''),
('1425538270941220','14:48:00','14:48:00','4296818','14','',''),
('1425538270941220','14:49:00','14:49:00','4025247','15','',''),
('1425538270941220','14:50:00','14:50:00','4025249','16','',''),
('1425538270941220','14:51:00','14:51:00','4025251','17','',''),
('1425538270941220','14:52:00','14:52:00','4025253','18','',''),
('1425538280941220','15:30:00','15:30:00','4025230','1','',''),
('1425538280941220','15:31:00','15:31:00','4025232','2','',''),
('1425538280941220','15:34:00','15:34:00','4025234','3','',''),
('1425538280941220','15:34:00','15:34:00','4025235','4','',''),
('1425538280941220','15:35:00','15:35:00','4025237','5','',''),
('1425538280941220','15:37:00','15:37:00','4025238','6','',''),
('1425538280941220','15:38:00','15:38:00','4025239','7','',''),
('1425538280941220','15:39:00','15:39:00','4025240','8','',''),
('1425538280941220','15:40:00','15:40:00','4025241','9','',''),
('1425538280941220','15:42:00','15:42:00','4025242','10','',''),
('1425538280941220','15:44:00','15:44:00','4025243','11','',''),
('1425538280941220','15:46:00','15:46:00','4025244','12','',''),
('1425538280941220','15:46:00','15:46:00','4025245','13','',''),
('1425538280941220','15:48:00','15:48:00','4296818','14','',''),
('1425538280941220','15:49:00','15:49:00','4025247','15','',''),
('1425538280941220','15:50:00','15:50:00','4025249','16','',''),
('1425538280941220','15:51:00','15:51:00','4025251','17','',''),
('1425538280941220','15:52:00','15:52:00','4025253','18','',''),
('1524809970941220','15:00:00','15:00:00','4025230','1','',''),
('1524809970941220','15:01:00','15:01:00','4025232','2','',''),
('1524809970941220','15:04:00','15:04:00','4025234','3','',''),
('1524809970941220','15:04:00','15:04:00','4025235','4','',''),
('1524809970941220','15:05:00','15:05:00','4025237','5','',''),
('1524809970941220','15:07:00','15:07:00','4025238','6','',''),
('1524809970941220','15:08:00','15:08:00','4025239','7','',''),
('1524809970941220','15:09:00','15:09:00','4025240','8','',''),
('1524809970941220','15:10:00','15:10:00','4025241','9','',''),
('1524809970941220','15:12:00','15:12:00','4025242','10','',''),
('1524809970941220','15:14:00','15:14:00','4025243','11','',''),
('1524809970941220','15:16:00','15:16:00','4025244','12','',''),
('1524809970941220','15:16:00','15:16:00','4025245','13','',''),
('1524809970941220','15:18:00','15:18:00','4296818','14','',''),
('1524809970941220','15:19:00','15:19:00','4025247','15','',''),
('1524809970941220','15:20:00','15:20:00','4025249','16','',''),
('1524809970941220','15:21:00','15:21:00','4025251','17','',''),
('1524809970941220','15:22:00','15:22:00','4025253','18','',''),
('1524809980941220','16:00:00','16:00:00','4025230','1','',''),
('1524809980941220','16:01:00','16:01:00','4025232','2','',''),
('1524809980941220','16:04:00','16:04:00','4025234','3','',''),
('1524809980941220','16:04:00','16:04:00','4025235','4','',''),
('1524809980941220','16:05:00','16:05:00','4025237','5','',''),
('1524809980941220','16:07:00','16:07:00','4025238','6','',''),
('1524809980941220','16:08:00','16:08:00','4025239','7','',''),
('1524809980941220','16:09:00','16:09:00','4025240','8','',''),
('1524809980941220','16:10:00','16:10:00','4025241','9','',''),
('1524809980941220','16:12:00','16:12:00','4025242','10','',''),
('1524809980941220','16:14:00','16:14:00','4025243','11','',''),
('1524809980941220','16:16:00','16:16:00','4025244','12','',''),
('1524809980941220','16:16:00','16:16:00','4025245','13','',''),
('1524809980941220','16:18:00','16:18:00','4296818','14','',''),
('1524809980941220','16:19:00','16:19:00','4025247','15','',''),
('1524809980941220','16:20:00','16:20:00','4025249','16','',''),
('1524809980941220','16:21:00','16:21:00','4025251','17','',''),
('1524809980941220','16:22:00','16:22:00','4025253','18','',''),
('1525538270941220','15:00:00','15:00:00','4025230','1','',''),
('1525538270941220','15:01:00','15:01:00','4025232','2','',''),
('1525538270941220','15:04:00','15:04:00','4025234','3','',''),
('1525538270941220','15:04:00','15:04:00','4025235','4','',''),
('1525538270941220','15:05:00','15:05:00','4025237','5','',''),
('1525538270941220','15:07:00','15:07:00','4025238','6','',''),
('1525538270941220','15:08:00','15:08:00','4025239','7','',''),
('1525538270941220','15:09:00','15:09:00','4025240','8','',''),
('1525538270941220','15:10:00','15:10:00','4025241','9','',''),
('1525538270941220','15:12:00','15:12:00','4025242','10','',''),
('1525538270941220','15:14:00','15:14:00','4025243','11','',''),
('1525538270941220','15:16:00','15:16:00','4025244','12','',''),
('1525538270941220','15:16:00','15:16:00','4025245','13','',''),
('1525538270941220','15:18:00','15:18:00','4296818','14','',''),
('1525538270941220','15:19:00','15:19:00','4025247','15','',''),
('1525538270941220','15:20:00','15:20:00','4025249','16','',''),
('1525538270941220','15:21:00','15:21:00','4025251','17','',''),
('1525538270941220','15:22:00','15:22:00','4025253','18','',''),
('1525538280941220','16:00:00','16:00:00','4025230','1','',''),
('1525538280941220','16:01:00','16:01:00','4025232','2','',''),
('1525538280941220','16:04:00','16:04:00','4025234','3','',''),
('1525538280941220','16:04:00','16:04:00','4025235','4','',''),
('1525538280941220','16:05:00','16:05:00','4025237','5','',''),
('1525538280941220','16:07:00','16:07:00','4025238','6','',''),
('1525538280941220','16:08:00','16:08:00','4025239','7','',''),
('1525538280941220','16:09:00','16:09:00','4025240','8','',''),
('1525538280941220','16:10:00','16:10:00','4025241','9','',''),
('1525538280941220','16:12:00','16:12:00','4025242','10','',''),
('1525538280941220','16:14:00','16:14:00','4025243','11','',''),
('1525538280941220','16:16:00','16:16:00','4025244','12','',''),
('1525538280941220','16:16:00','16:16:00','4025245','13','',''),
('1525538280941220','16:18:00','16:18:00','4296818','14','',''),
('1525538280941220','16:19:00','16:19:00','4025247','15','',''),
('1525538280941220','16:20:00','16:20:00','4025249','16','',''),
('1525538280941220','16:21:00','16:21:00','4025251','17','',''),
('1525538280941220','16:22:00','16:22:00','4025253','18','',''),
('1624809970941220','15:30:00','15:30:00','4025230','1','',''),
('1624809970941220','15:31:00','15:31:00','4025232','2','',''),
('1624809970941220','15:34:00','15:34:00','4025234','3','',''),
('1624809970941220','15:34:00','15:34:00','4025235','4','',''),
('1624809970941220','15:35:00','15:35:00','4025237','5','',''),
('1624809970941220','15:37:00','15:37:00','4025238','6','',''),
('1624809970941220','15:38:00','15:38:00','4025239','7','',''),
('1624809970941220','15:39:00','15:39:00','4025240','8','',''),
('1624809970941220','15:40:00','15:40:00','4025241','9','',''),
('1624809970941220','15:42:00','15:42:00','4025242','10','',''),
('1624809970941220','15:44:00','15:44:00','4025243','11','',''),
('1624809970941220','15:46:00','15:46:00','4025244','12','',''),
('1624809970941220','15:46:00','15:46:00','4025245','13','',''),
('1624809970941220','15:48:00','15:48:00','4296818','14','',''),
('1624809970941220','15:49:00','15:49:00','4025247','15','',''),
('1624809970941220','15:50:00','15:50:00','4025249','16','',''),
('1624809970941220','15:51:00','15:51:00','4025251','17','',''),
('1624809970941220','15:52:00','15:52:00','4025253','18','',''),
('1624809980941220','16:30:00','16:30:00','4025230','1','',''),
('1624809980941220','16:31:00','16:31:00','4025232','2','',''),
('1624809980941220','16:34:00','16:34:00','4025234','3','',''),
('1624809980941220','16:34:00','16:34:00','4025235','4','',''),
('1624809980941220','16:35:00','16:35:00','4025237','5','',''),
('1624809980941220','16:37:00','16:37:00','4025238','6','',''),
('1624809980941220','16:38:00','16:38:00','4025239','7','',''),
('1624809980941220','16:39:00','16:39:00','4025240','8','',''),
('1624809980941220','16:40:00','16:40:00','4025241','9','',''),
('1624809980941220','16:42:00','16:42:00','4025242','10','',''),
('1624809980941220','16:44:00','16:44:00','4025243','11','',''),
('1624809980941220','16:46:00','16:46:00','4025244','12','',''),
('1624809980941220','16:46:00','16:46:00','4025245','13','',''),
('1624809980941220','16:48:00','16:48:00','4296818','14','',''),
('1624809980941220','16:49:00','16:49:00','4025247','15','',''),
('1624809980941220','16:50:00','16:50:00','4025249','16','',''),
('1624809980941220','16:51:00','16:51:00','4025251','17','',''),
('1624809980941220','16:52:00','16:52:00','4025253','18','',''),
('1625538270941220','15:30:00','15:30:00','4025230','1','',''),
('1625538270941220','15:31:00','15:31:00','4025232','2','',''),
('1625538270941220','15:34:00','15:34:00','4025234','3','',''),
('1625538270941220','15:34:00','15:34:00','4025235','4','',''),
('1625538270941220','15:35:00','15:35:00','4025237','5','',''),
('1625538270941220','15:37:00','15:37:00','4025238','6','',''),
('1625538270941220','15:38:00','15:38:00','4025239','7','',''),
('1625538270941220','15:39:00','15:39:00','4025240','8','',''),
('1625538270941220','15:40:00','15:40:00','4025241','9','',''),
('1625538270941220','15:42:00','15:42:00','4025242','10','',''),
('1625538270941220','15:44:00','15:44:00','4025243','11','',''),
('1625538270941220','15:46:00','15:46:00','4025244','12','',''),
('1625538270941220','15:46:00','15:46:00','4025245','13','',''),
('1625538270941220','15:48:00','15:48:00','4296818','14','',''),
('1625538270941220','15:49:00','15:49:00','4025247','15','',''),
('1625538270941220','15:50:00','15:50:00','4025249','16','',''),
('1625538270941220','15:51:00','15:51:00','4025251','17','',''),
('1625538270941220','15:52:00','15:52:00','4025253','18','',''),
('1625538280941220','16:30:00','16:30:00','4025230','1','',''),
('1625538280941220','16:31:00','16:31:00','4025232','2','',''),
('1625538280941220','16:34:00','16:34:00','4025234','3','',''),
('1625538280941220','16:34:00','16:34:00','4025235','4','',''),
('1625538280941220','16:35:00','16:35:00','4025237','5','',''),
('1625538280941220','16:37:00','16:37:00','4025238','6','',''),
('1625538280941220','16:38:00','16:38:00','4025239','7','',''),
('1625538280941220','16:39:00','16:39:00','4025240','8','',''),
('1625538280941220','16:40:00','16:40:00','4025241','9','',''),
('1625538280941220','16:42:00','16:42:00','4025242','10','',''),
('1625538280941220','16:44:00','16:44:00','4025243','11','',''),
('1625538280941220','16:46:00','16:46:00','4025244','12','',''),
('1625538280941220','16:46:00','16:46:00','4025245','13','',''),
('1625538280941220','16:48:00','16:48:00','4296818','14','',''),
('1625538280941220','16:49:00','16:49:00','4025247','15','',''),
('1625538280941220','16:50:00','16:50:00','4025249','16','',''),
('1625538280941220','16:51:00','16:51:00','4025251','17','',''),
('1625538280941220','16:52:00','16:52:00','4025253','18','',''),
('1724809970941220','16:00:00','16:00:00','4025230','1','',''),
('1724809970941220','16:01:00','16:01:00','4025232','2','',''),
('1724809970941220','16:04:00','16:04:00','4025234','3','',''),
('1724809970941220','16:04:00','16:04:00','4025235','4','',''),
('1724809970941220','16:05:00','16:05:00','4025237','5','',''),
('1724809970941220','16:07:00','16:07:00','4025238','6','',''),
('1724809970941220','16:08:00','16:08:00','4025239','7','',''),
('1724809970941220','16:09:00','16:09:00','4025240','8','',''),
('1724809970941220','16:10:00','16:10:00','4025241','9','',''),
('1724809970941220','16:12:00','16:12:00','4025242','10','',''),
('1724809970941220','16:14:00','16:14:00','4025243','11','',''),
('1724809970941220','16:16:00','16:16:00','4025244','12','',''),
('1724809970941220','16:16:00','16:16:00','4025245','13','',''),
('1724809970941220','16:18:00','16:18:00','4296818','14','',''),
('1724809970941220','16:19:00','16:19:00','4025247','15','',''),
('1724809970941220','16:20:00','16:20:00','4025249','16','',''),
('1724809970941220','16:21:00','16:21:00','4025251','17','',''),
('1724809970941220','16:22:00','16:22:00','4025253','18','',''),
('1724809980941220','17:00:00','17:00:00','4025230','1','',''),
('1724809980941220','17:01:00','17:01:00','4025232','2','',''),
('1724809980941220','17:04:00','17:04:00','4025234','3','',''),
('1724809980941220','17:04:00','17:04:00','4025235','4','',''),
('1724809980941220','17:05:00','17:05:00','4025237','5','',''),
('1724809980941220','17:07:00','17:07:00','4025238','6','',''),
('1724809980941220','17:08:00','17:08:00','4025239','7','',''),
('1724809980941220','17:09:00','17:09:00','4025240','8','',''),
('1724809980941220','17:10:00','17:10:00','4025241','9','',''),
('1724809980941220','17:12:00','17:12:00','4025242','10','',''),
('1724809980941220','17:14:00','17:14:00','4025243','11','',''),
('1724809980941220','17:16:00','17:16:00','4025244','12','',''),
('1724809980941220','17:16:00','17:16:00','4025245','13','',''),
('1724809980941220','17:18:00','17:18:00','4296818','14','',''),
('1724809980941220','17:19:00','17:19:00','4025247','15','',''),
('1724809980941220','17:20:00','17:20:00','4025249','16','',''),
('1724809980941220','17:21:00','17:21:00','4025251','17','',''),
('1724809980941220','17:22:00','17:22:00','4025253','18','',''),
('1725538270941220','16:00:00','16:00:00','4025230','1','',''),
('1725538270941220','16:01:00','16:01:00','4025232','2','',''),
('1725538270941220','16:04:00','16:04:00','4025234','3','',''),
('1725538270941220','16:04:00','16:04:00','4025235','4','',''),
('1725538270941220','16:05:00','16:05:00','4025237','5','',''),
('1725538270941220','16:07:00','16:07:00','4025238','6','',''),
('1725538270941220','16:08:00','16:08:00','4025239','7','',''),
('1725538270941220','16:09:00','16:09:00','4025240','8','',''),
('1725538270941220','16:10:00','16:10:00','4025241','9','',''),
('1725538270941220','16:12:00','16:12:00','4025242','10','',''),
('1725538270941220','16:14:00','16:14:00','4025243','11','',''),
('1725538270941220','16:16:00','16:16:00','4025244','12','',''),
('1725538270941220','16:16:00','16:16:00','4025245','13','',''),
('1725538270941220','16:18:00','16:18:00','4296818','14','',''),
('1725538270941220','16:19:00','16:19:00','4025247','15','',''),
('1725538270941220','16:20:00','16:20:00','4025249','16','',''),
('1725538270941220','16:21:00','16:21:00','4025251','17','',''),
('1725538270941220','16:22:00','16:22:00','4025253','18','',''),
('1725538280941220','17:00:00','17:00:00','4025230','1','',''),
('1725538280941220','17:01:00','17:01:00','4025232','2','',''),
('1725538280941220','17:04:00','17:04:00','4025234','3','',''),
('1725538280941220','17:04:00','17:04:00','4025235','4','',''),
('1725538280941220','17:05:00','17:05:00','4025237','5','',''),
('1725538280941220','17:07:00','17:07:00','4025238','6','',''),
('1725538280941220','17:08:00','17:08:00','4025239','7','',''),
('1725538280941220','17:09:00','17:09:00','4025240','8','',''),
('1725538280941220','17:10:00','17:10:00','4025241','9','',''),
('1725538280941220','17:12:00','17:12:00','4025242','10','',''),
('1725538280941220','17:14:00','17:14:00','4025243','11','',''),
('1725538280941220','17:16:00','17:16:00','4025244','12','',''),
('1725538280941220','17:16:00','17:16:00','4025245','13','',''),
('1725538280941220','17:18:00','17:18:00','4296818','14','',''),
('1725538280941220','17:19:00','17:19:00','4025247','15','',''),
('1725538280941220','17:20:00','17:20:00','4025249','16','',''),
('1725538280941220','17:21:00','17:21:00','4025251','17','',''),
('1725538280941220','17:22:00','17:22:00','4025253','18','',''),
('1824809970941220','16:30:00','16:30:00','4025230','1','',''),
('1824809970941220','16:31:00','16:31:00','4025232','2','',''),
('1824809970941220','16:34:00','16:34:00','4025234','3','',''),
('1824809970941220','16:34:00','16:34:00','4025235','4','',''),
('1824809970941220','16:35:00','16:35:00','4025237','5','',''),
('1824809970941220','16:37:00','16:37:00','4025238','6','',''),
('1824809970941220','16:38:00','16:38:00','4025239','7','',''),
('1824809970941220','16:39:00','16:39:00','4025240','8','',''),
('1824809970941220','16:40:00','16:40:00','4025241','9','',''),
('1824809970941220','16:42:00','16:42:00','4025242','10','',''),
('1824809970941220','16:44:00','16:44:00','4025243','11','',''),
('1824809970941220','16:46:00','16:46:00','4025244','12','',''),
('1824809970941220','16:46:00','16:46:00','4025245','13','',''),
('1824809970941220','16:48:00','16:48:00','4296818','14','',''),
('1824809970941220','16:49:00','16:49:00','4025247','15','',''),
('1824809970941220','16:50:00','16:50:00','4025249','16','',''),
('1824809970941220','16:51:00','16:51:00','4025251','17','',''),
('1824809970941220','16:52:00','16:52:00','4025253','18','',''),
('1824809980941220','17:30:00','17:30:00','4025230','1','',''),
('1824809980941220','17:31:00','17:31:00','4025232','2','',''),
('1824809980941220','17:34:00','17:34:00','4025234','3','',''),
('1824809980941220','17:34:00','17:34:00','4025235','4','',''),
('1824809980941220','17:35:00','17:35:00','4025237','5','',''),
('1824809980941220','17:37:00','17:37:00','4025238','6','',''),
('1824809980941220','17:38:00','17:38:00','4025239','7','',''),
('1824809980941220','17:39:00','17:39:00','4025240','8','',''),
('1824809980941220','17:40:00','17:40:00','4025241','9','',''),
('1824809980941220','17:42:00','17:42:00','4025242','10','',''),
('1824809980941220','17:44:00','17:44:00','4025243','11','',''),
('1824809980941220','17:46:00','17:46:00','4025244','12','',''),
('1824809980941220','17:46:00','17:46:00','4025245','13','',''),
('1824809980941220','17:48:00','17:48:00','4296818','14','',''),
('1824809980941220','17:49:00','17:49:00','4025247','15','',''),
('1824809980941220','17:50:00','17:50:00','4025249','16','',''),
('1824809980941220','17:51:00','17:51:00','4025251','17','',''),
('1824809980941220','17:52:00','17:52:00','4025253','18','',''),
('1825538270941220','16:30:00','16:30:00','4025230','1','',''),
('1825538270941220','16:31:00','16:31:00','4025232','2','',''),
('1825538270941220','16:34:00','16:34:00','4025234','3','',''),
('1825538270941220','16:34:00','16:34:00','4025235','4','',''),
('1825538270941220','16:35:00','16:35:00','4025237','5','',''),
('1825538270941220','16:37:00','16:37:00','4025238','6','',''),
('1825538270941220','16:38:00','16:38:00','4025239','7','',''),
('1825538270941220','16:39:00','16:39:00','4025240','8','',''),
('1825538270941220','16:40:00','16:40:00','4025241','9','',''),
('1825538270941220','16:42:00','16:42:00','4025242','10','',''),
('1825538270941220','16:44:00','16:44:00','4025243','11','',''),
('1825538270941220','16:46:00','16:46:00','4025244','12','',''),
('1825538270941220','16:46:00','16:46:00','4025245','13','',''),
('1825538270941220','16:48:00','16:48:00','4296818','14','',''),
('1825538270941220','16:49:00','16:49:00','4025247','15','',''),
('1825538270941220','16:50:00','16:50:00','4025249','16','',''),
('1825538270941220','16:51:00','16:51:00','4025251','17','',''),
('1825538270941220','16:52:00','16:52:00','4025253','18','',''),
('1825538280941220','17:30:00','17:30:00','4025230','1','',''),
('1825538280941220','17:31:00','17:31:00','4025232','2','',''),
('1825538280941220','17:34:00','17:34:00','4025234','3','',''),
('1825538280941220','17:34:00','17:34:00','4025235','4','',''),
('1825538280941220','17:35:00','17:35:00','4025237','5','',''),
('1825538280941220','17:37:00','17:37:00','4025238','6','',''),
('1825538280941220','17:38:00','17:38:00','4025239','7','',''),
('1825538280941220','17:39:00','17:39:00','4025240','8','',''),
('1825538280941220','17:40:00','17:40:00','4025241','9','',''),
('1825538280941220','17:42:00','17:42:00','4025242','10','',''),
('1825538280941220','17:44:00','17:44:00','4025243','11','',''),
('1825538280941220','17:46:00','17:46:00','4025244','12','',''),
('1825538280941220','17:46:00','17:46:00','4025245','13','',''),
('1825538280941220','17:48:00','17:48:00','4296818','14','',''),
('1825538280941220','17:49:00','17:49:00','4025247','15','',''),
('1825538280941220','17:50:00','17:50:00','4025249','16','',''),
('1825538280941220','17:51:00','17:51:00','4025251','17','',''),
('1825538280941220','17:52:00','17:52:00','4025253','18','',''),
('1924809970941220','17:00:00','17:00:00','4025230','1','',''),
('1924809970941220','17:01:00','17:01:00','4025232','2','',''),
('1924809970941220','17:04:00','17:04:00','4025234','3','',''),
('1924809970941220','17:04:00','17:04:00','4025235','4','',''),
('1924809970941220','17:05:00','17:05:00','4025237','5','',''),
('1924809970941220','17:07:00','17:07:00','4025238','6','',''),
('1924809970941220','17:08:00','17:08:00','4025239','7','',''),
('1924809970941220','17:09:00','17:09:00','4025240','8','',''),
('1924809970941220','17:10:00','17:10:00','4025241','9','',''),
('1924809970941220','17:12:00','17:12:00','4025242','10','',''),
('1924809970941220','17:14:00','17:14:00','4025243','11','',''),
('1924809970941220','17:16:00','17:16:00','4025244','12','',''),
('1924809970941220','17:16:00','17:16:00','4025245','13','',''),
('1924809970941220','17:18:00','17:18:00','4296818','14','',''),
('1924809970941220','17:19:00','17:19:00','4025247','15','',''),
('1924809970941220','17:20:00','17:20:00','4025249','16','',''),
('1924809970941220','17:21:00','17:21:00','4025251','17','',''),
('1924809970941220','17:22:00','17:22:00','4025253','18','',''),
('1924809980941220','18:00:00','18:00:00','4025230','1','',''),
('1924809980941220','18:01:00','18:01:00','4025232','2','',''),
('1924809980941220','18:04:00','18:04:00','4025234','3','',''),
('1924809980941220','18:04:00','18:04:00','4025235','4','',''),
('1924809980941220','18:05:00','18:05:00','4025237','5','',''),
('1924809980941220','18:07:00','18:07:00','4025238','6','',''),
('1924809980941220','18:08:00','18:08:00','4025239','7','',''),
('1924809980941220','18:09:00','18:09:00','4025240','8','',''),
('1924809980941220','18:10:00','18:10:00','4025241','9','',''),
('1924809980941220','18:12:00','18:12:00','4025242','10','',''),
('1924809980941220','18:14:00','18:14:00','4025243','11','',''),
('1924809980941220','18:16:00','18:16:00','4025244','12','',''),
('1924809980941220','18:16:00','18:16:00','4025245','13','',''),
('1924809980941220','18:18:00','18:18:00','4296818','14','',''),
('1924809980941220','18:19:00','18:19:00','4025247','15','',''),
('1924809980941220','18:20:00','18:20:00','4025249','16','',''),
('1924809980941220','18:21:00','18:21:00','4025251','17','',''),
('1924809980941220','18:22:00','18:22:00','4025253','18','',''),
('1925538270941220','17:00:00','17:00:00','4025230','1','',''),
('1925538270941220','17:01:00','17:01:00','4025232','2','',''),
('1925538270941220','17:04:00','17:04:00','4025234','3','',''),
('1925538270941220','17:04:00','17:04:00','4025235','4','',''),
('1925538270941220','17:05:00','17:05:00','4025237','5','',''),
('1925538270941220','17:07:00','17:07:00','4025238','6','',''),
('1925538270941220','17:08:00','17:08:00','4025239','7','',''),
('1925538270941220','17:09:00','17:09:00','4025240','8','',''),
('1925538270941220','17:10:00','17:10:00','4025241','9','',''),
('1925538270941220','17:12:00','17:12:00','4025242','10','',''),
('1925538270941220','17:14:00','17:14:00','4025243','11','',''),
('1925538270941220','17:16:00','17:16:00','4025244','12','',''),
('1925538270941220','17:16:00','17:16:00','4025245','13','',''),
('1925538270941220','17:18:00','17:18:00','4296818','14','',''),
('1925538270941220','17:19:00','17:19:00','4025247','15','',''),
('1925538270941220','17:20:00','17:20:00','4025249','16','',''),
('1925538270941220','17:21:00','17:21:00','4025251','17','',''),
('1925538270941220','17:22:00','17:22:00','4025253','18','',''),
('1925538280941220','18:00:00','18:00:00','4025230','1','',''),
('1925538280941220','18:01:00','18:01:00','4025232','2','',''),
('1925538280941220','18:04:00','18:04:00','4025234','3','',''),
('1925538280941220','18:04:00','18:04:00','4025235','4','',''),
('1925538280941220','18:05:00','18:05:00','4025237','5','',''),
('1925538280941220','18:07:00','18:07:00','4025238','6','',''),
('1925538280941220','18:08:00','18:08:00','4025239','7','',''),
('1925538280941220','18:09:00','18:09:00','4025240','8','',''),
('1925538280941220','18:10:00','18:10:00','4025241','9','',''),
('1925538280941220','18:12:00','18:12:00','4025242','10','',''),
('1925538280941220','18:14:00','18:14:00','4025243','11','',''),
('1925538280941220','18:16:00','18:16:00','4025244','12','',''),
('1925538280941220','18:16:00','18:16:00','4025245','13','',''),
('1925538280941220','18:18:00','18:18:00','4296818','14','',''),
('1925538280941220','18:19:00','18:19:00','4025247','15','',''),
('1925538280941220','18:20:00','18:20:00','4025249','16','',''),
('1925538280941220','18:21:00','18:21:00','4025251','17','',''),
('1925538280941220','18:22:00','18:22:00','4025253','18','',''),
('2024809970941220','17:30:00','17:30:00','4025230','1','',''),
('2024809970941220','17:31:00','17:31:00','4025232','2','',''),
('2024809970941220','17:34:00','17:34:00','4025234','3','',''),
('2024809970941220','17:34:00','17:34:00','4025235','4','',''),
('2024809970941220','17:35:00','17:35:00','4025237','5','',''),
('2024809970941220','17:37:00','17:37:00','4025238','6','',''),
('2024809970941220','17:38:00','17:38:00','4025239','7','',''),
('2024809970941220','17:39:00','17:39:00','4025240','8','',''),
('2024809970941220','17:40:00','17:40:00','4025241','9','',''),
('2024809970941220','17:42:00','17:42:00','4025242','10','',''),
('2024809970941220','17:44:00','17:44:00','4025243','11','',''),
('2024809970941220','17:46:00','17:46:00','4025244','12','',''),
('2024809970941220','17:46:00','17:46:00','4025245','13','',''),
('2024809970941220','17:48:00','17:48:00','4296818','14','',''),
('2024809970941220','17:49:00','17:49:00','4025247','15','',''),
('2024809970941220','17:50:00','17:50:00','4025249','16','',''),
('2024809970941220','17:51:00','17:51:00','4025251','17','',''),
('2024809970941220','17:52:00','17:52:00','4025253','18','',''),
('2024809980941220','18:30:00','18:30:00','4025230','1','',''),
('2024809980941220','18:31:00','18:31:00','4025232','2','',''),
('2024809980941220','18:34:00','18:34:00','4025234','3','',''),
('2024809980941220','18:34:00','18:34:00','4025235','4','',''),
('2024809980941220','18:35:00','18:35:00','4025237','5','',''),
('2024809980941220','18:37:00','18:37:00','4025238','6','',''),
('2024809980941220','18:38:00','18:38:00','4025239','7','',''),
('2024809980941220','18:39:00','18:39:00','4025240','8','',''),
('2024809980941220','18:40:00','18:40:00','4025241','9','',''),
('2024809980941220','18:42:00','18:42:00','4025242','10','',''),
('2024809980941220','18:44:00','18:44:00','4025243','11','',''),
('2024809980941220','18:46:00','18:46:00','4025244','12','',''),
('2024809980941220','18:46:00','18:46:00','4025245','13','',''),
('2024809980941220','18:48:00','18:48:00','4296818','14','',''),
('2024809980941220','18:49:00','18:49:00','4025247','15','',''),
('2024809980941220','18:50:00','18:50:00','4025249','16','',''),
('2024809980941220','18:51:00','18:51:00','4025251','17','',''),
('2024809980941220','18:52:00','18:52:00','4025253','18','',''),
('2025538270941220','17:30:00','17:30:00','4025230','1','',''),
('2025538270941220','17:31:00','17:31:00','4025232','2','',''),
('2025538270941220','17:34:00','17:34:00','4025234','3','',''),
('2025538270941220','17:34:00','17:34:00','4025235','4','',''),
('2025538270941220','17:35:00','17:35:00','4025237','5','',''),
('2025538270941220','17:37:00','17:37:00','4025238','6','',''),
('2025538270941220','17:38:00','17:38:00','4025239','7','',''),
('2025538270941220','17:39:00','17:39:00','4025240','8','',''),
('2025538270941220','17:40:00','17:40:00','4025241','9','',''),
('2025538270941220','17:42:00','17:42:00','4025242','10','',''),
('2025538270941220','17:44:00','17:44:00','4025243','11','',''),
('2025538270941220','17:46:00','17:46:00','4025244','12','',''),
('2025538270941220','17:46:00','17:46:00','4025245','13','',''),
('2025538270941220','17:48:00','17:48:00','4296818','14','',''),
('2025538270941220','17:49:00','17:49:00','4025247','15','',''),
('2025538270941220','17:50:00','17:50:00','4025249','16','',''),
('2025538270941220','17:51:00','17:51:00','4025251','17','',''),
('2025538270941220','17:52:00','17:52:00','4025253','18','',''),
('2025538280941220','18:30:00','18:30:00','4025230','1','',''),
('2025538280941220','18:31:00','18:31:00','4025232','2','',''),
('2025538280941220','18:34:00','18:34:00','4025234','3','',''),
('2025538280941220','18:34:00','18:34:00','4025235','4','',''),
('2025538280941220','18:35:00','18:35:00','4025237','5','',''),
('2025538280941220','18:37:00','18:37:00','4025238','6','',''),
('2025538280941220','18:38:00','18:38:00','4025239','7','',''),
('2025538280941220','18:39:00','18:39:00','4025240','8','',''),
('2025538280941220','18:40:00','18:40:00','4025241','9','',''),
('2025538280941220','18:42:00','18:42:00','4025242','10','',''),
('2025538280941220','18:44:00','18:44:00','4025243','11','',''),
('2025538280941220','18:46:00','18:46:00','4025244','12','',''),
('2025538280941220','18:46:00','18:46:00','4025245','13','',''),
('2025538280941220','18:48:00','18:48:00','4296818','14','',''),
('2025538280941220','18:49:00','18:49:00','4025247','15','',''),
('2025538280941220','18:50:00','18:50:00','4025249','16','',''),
('2025538280941220','18:51:00','18:51:00','4025251','17','',''),
('2025538280941220','18:52:00','18:52:00','4025253','18','',''),
('2124809970941220','18:00:00','18:00:00','4025230','1','',''),
('2124809970941220','18:01:00','18:01:00','4025232','2','',''),
('2124809970941220','18:04:00','18:04:00','4025234','3','',''),
('2124809970941220','18:04:00','18:04:00','4025235','4','',''),
('2124809970941220','18:05:00','18:05:00','4025237','5','',''),
('2124809970941220','18:07:00','18:07:00','4025238','6','',''),
('2124809970941220','18:08:00','18:08:00','4025239','7','',''),
('2124809970941220','18:09:00','18:09:00','4025240','8','',''),
('2124809970941220','18:10:00','18:10:00','4025241','9','',''),
('2124809970941220','18:12:00','18:12:00','4025242','10','',''),
('2124809970941220','18:14:00','18:14:00','4025243','11','',''),
('2124809970941220','18:16:00','18:16:00','4025244','12','',''),
('2124809970941220','18:16:00','18:16:00','4025245','13','',''),
('2124809970941220','18:18:00','18:18:00','4296818','14','',''),
('2124809970941220','18:19:00','18:19:00','4025247','15','',''),
('2124809970941220','18:20:00','18:20:00','4025249','16','',''),
('2124809970941220','18:21:00','18:21:00','4025251','17','',''),
('2124809970941220','18:22:00','18:22:00','4025253','18','',''),
('2124809980941220','19:00:00','19:00:00','4025230','1','',''),
('2124809980941220','19:01:00','19:01:00','4025232','2','',''),
('2124809980941220','19:04:00','19:04:00','4025234','3','',''),
('2124809980941220','19:04:00','19:04:00','4025235','4','',''),
('2124809980941220','19:05:00','19:05:00','4025237','5','',''),
('2124809980941220','19:07:00','19:07:00','4025238','6','',''),
('2124809980941220','19:08:00','19:08:00','4025239','7','',''),
('2124809980941220','19:09:00','19:09:00','4025240','8','',''),
('2124809980941220','19:10:00','19:10:00','4025241','9','',''),
('2124809980941220','19:12:00','19:12:00','4025242','10','',''),
('2124809980941220','19:14:00','19:14:00','4025243','11','',''),
('2124809980941220','19:16:00','19:16:00','4025244','12','',''),
('2124809980941220','19:16:00','19:16:00','4025245','13','',''),
('2124809980941220','19:18:00','19:18:00','4296818','14','',''),
('2124809980941220','19:19:00','19:19:00','4025247','15','',''),
('2124809980941220','19:20:00','19:20:00','4025249','16','',''),
('2124809980941220','19:21:00','19:21:00','4025251','17','',''),
('2124809980941220','19:22:00','19:22:00','4025253','18','',''),
('2125538270941220','18:00:00','18:00:00','4025230','1','',''),
('2125538270941220','18:01:00','18:01:00','4025232','2','',''),
('2125538270941220','18:04:00','18:04:00','4025234','3','',''),
('2125538270941220','18:04:00','18:04:00','4025235','4','',''),
('2125538270941220','18:05:00','18:05:00','4025237','5','',''),
('2125538270941220','18:07:00','18:07:00','4025238','6','',''),
('2125538270941220','18:08:00','18:08:00','4025239','7','',''),
('2125538270941220','18:09:00','18:09:00','4025240','8','',''),
('2125538270941220','18:10:00','18:10:00','4025241','9','',''),
('2125538270941220','18:12:00','18:12:00','4025242','10','',''),
('2125538270941220','18:14:00','18:14:00','4025243','11','',''),
('2125538270941220','18:16:00','18:16:00','4025244','12','',''),
('2125538270941220','18:16:00','18:16:00','4025245','13','',''),
('2125538270941220','18:18:00','18:18:00','4296818','14','',''),
('2125538270941220','18:19:00','18:19:00','4025247','15','',''),
('2125538270941220','18:20:00','18:20:00','4025249','16','',''),
('2125538270941220','18:21:00','18:21:00','4025251','17','',''),
('2125538270941220','18:22:00','18:22:00','4025253','18','',''),
('2125538280941220','19:00:00','19:00:00','4025230','1','',''),
('2125538280941220','19:01:00','19:01:00','4025232','2','',''),
('2125538280941220','19:04:00','19:04:00','4025234','3','',''),
('2125538280941220','19:04:00','19:04:00','4025235','4','',''),
('2125538280941220','19:05:00','19:05:00','4025237','5','',''),
('2125538280941220','19:07:00','19:07:00','4025238','6','',''),
('2125538280941220','19:08:00','19:08:00','4025239','7','',''),
('2125538280941220','19:09:00','19:09:00','4025240','8','',''),
('2125538280941220','19:10:00','19:10:00','4025241','9','',''),
('2125538280941220','19:12:00','19:12:00','4025242','10','',''),
('2125538280941220','19:14:00','19:14:00','4025243','11','',''),
('2125538280941220','19:16:00','19:16:00','4025244','12','',''),
('2125538280941220','19:16:00','19:16:00','4025245','13','',''),
('2125538280941220','19:18:00','19:18:00','4296818','14','',''),
('2125538280941220','19:19:00','19:19:00','4025247','15','',''),
('2125538280941220','19:20:00','19:20:00','4025249','16','',''),
('2125538280941220','19:21:00','19:21:00','4025251','17','',''),
('2125538280941220','19:22:00','19:22:00','4025253','18','',''),
('2224809970941220','18:30:00','18:30:00','4025230','1','',''),
('2224809970941220','18:31:00','18:31:00','4025232','2','',''),
('2224809970941220','18:34:00','18:34:00','4025234','3','',''),
('2224809970941220','18:34:00','18:34:00','4025235','4','',''),
('2224809970941220','18:35:00','18:35:00','4025237','5','',''),
('2224809970941220','18:37:00','18:37:00','4025238','6','',''),
('2224809970941220','18:38:00','18:38:00','4025239','7','',''),
('2224809970941220','18:39:00','18:39:00','4025240','8','',''),
('2224809970941220','18:40:00','18:40:00','4025241','9','',''),
('2224809970941220','18:42:00','18:42:00','4025242','10','',''),
('2224809970941220','18:44:00','18:44:00','4025243','11','',''),
('2224809970941220','18:46:00','18:46:00','4025244','12','',''),
('2224809970941220','18:46:00','18:46:00','4025245','13','',''),
('2224809970941220','18:48:00','18:48:00','4296818','14','',''),
('2224809970941220','18:49:00','18:49:00','4025247','15','',''),
('2224809970941220','18:50:00','18:50:00','4025249','16','',''),
('2224809970941220','18:51:00','18:51:00','4025251','17','',''),
('2224809970941220','18:52:00','18:52:00','4025253','18','',''),
('2225538270941220','18:30:00','18:30:00','4025230','1','',''),
('2225538270941220','18:31:00','18:31:00','4025232','2','',''),
('2225538270941220','18:34:00','18:34:00','4025234','3','',''),
('2225538270941220','18:34:00','18:34:00','4025235','4','',''),
('2225538270941220','18:35:00','18:35:00','4025237','5','',''),
('2225538270941220','18:37:00','18:37:00','4025238','6','',''),
('2225538270941220','18:38:00','18:38:00','4025239','7','',''),
('2225538270941220','18:39:00','18:39:00','4025240','8','',''),
('2225538270941220','18:40:00','18:40:00','4025241','9','',''),
('2225538270941220','18:42:00','18:42:00','4025242','10','',''),
('2225538270941220','18:44:00','18:44:00','4025243','11','',''),
('2225538270941220','18:46:00','18:46:00','4025244','12','',''),
('2225538270941220','18:46:00','18:46:00','4025245','13','',''),
('2225538270941220','18:48:00','18:48:00','4296818','14','',''),
('2225538270941220','18:49:00','18:49:00','4025247','15','',''),
('2225538270941220','18:50:00','18:50:00','4025249','16','',''),
('2225538270941220','18:51:00','18:51:00','4025251','17','',''),
('2225538270941220','18:52:00','18:52:00','4025253','18','',''),
('224809970941220','08:30:00','08:30:00','4025230','1','',''),
('224809970941220','08:31:00','08:31:00','4025232','2','',''),
('224809970941220','08:34:00','08:34:00','4025234','3','',''),
('224809970941220','08:34:00','08:34:00','4025235','4','',''),
('224809970941220','08:35:00','08:35:00','4025237','5','',''),
('224809970941220','08:37:00','08:37:00','4025238','6','',''),
('224809970941220','08:38:00','08:38:00','4025239','7','',''),
('224809970941220','08:39:00','08:39:00','4025240','8','',''),
('224809970941220','08:40:00','08:40:00','4025241','9','',''),
('224809970941220','08:42:00','08:42:00','4025242','10','',''),
('224809970941220','08:44:00','08:44:00','4025243','11','',''),
('224809970941220','08:46:00','08:46:00','4025244','12','',''),
('224809970941220','08:46:00','08:46:00','4025245','13','',''),
('224809970941220','08:48:00','08:48:00','4296818','14','',''),
('224809970941220','08:49:00','08:49:00','4025247','15','',''),
('224809970941220','08:50:00','08:50:00','4025249','16','',''),
('224809970941220','08:51:00','08:51:00','4025251','17','',''),
('224809970941220','08:52:00','08:52:00','4025253','18','',''),
('224809980941220','09:30:00','09:30:00','4025230','1','',''),
('224809980941220','09:31:00','09:31:00','4025232','2','',''),
('224809980941220','09:34:00','09:34:00','4025234','3','',''),
('224809980941220','09:34:00','09:34:00','4025235','4','',''),
('224809980941220','09:35:00','09:35:00','4025237','5','',''),
('224809980941220','09:37:00','09:37:00','4025238','6','',''),
('224809980941220','09:38:00','09:38:00','4025239','7','',''),
('224809980941220','09:39:00','09:39:00','4025240','8','',''),
('224809980941220','09:40:00','09:40:00','4025241','9','',''),
('224809980941220','09:42:00','09:42:00','4025242','10','',''),
('224809980941220','09:44:00','09:44:00','4025243','11','',''),
('224809980941220','09:46:00','09:46:00','4025244','12','',''),
('224809980941220','09:46:00','09:46:00','4025245','13','',''),
('224809980941220','09:48:00','09:48:00','4296818','14','',''),
('224809980941220','09:49:00','09:49:00','4025247','15','',''),
('224809980941220','09:50:00','09:50:00','4025249','16','',''),
('224809980941220','09:51:00','09:51:00','4025251','17','',''),
('224809980941220','09:52:00','09:52:00','4025253','18','',''),
('225538270941220','08:30:00','08:30:00','4025230','1','',''),
('225538270941220','08:31:00','08:31:00','4025232','2','',''),
('225538270941220','08:34:00','08:34:00','4025234','3','',''),
('225538270941220','08:34:00','08:34:00','4025235','4','',''),
('225538270941220','08:35:00','08:35:00','4025237','5','',''),
('225538270941220','08:37:00','08:37:00','4025238','6','',''),
('225538270941220','08:38:00','08:38:00','4025239','7','',''),
('225538270941220','08:39:00','08:39:00','4025240','8','',''),
('225538270941220','08:40:00','08:40:00','4025241','9','',''),
('225538270941220','08:42:00','08:42:00','4025242','10','',''),
('225538270941220','08:44:00','08:44:00','4025243','11','',''),
('225538270941220','08:46:00','08:46:00','4025244','12','',''),
('225538270941220','08:46:00','08:46:00','4025245','13','',''),
('225538270941220','08:48:00','08:48:00','4296818','14','',''),
('225538270941220','08:49:00','08:49:00','4025247','15','',''),
('225538270941220','08:50:00','08:50:00','4025249','16','',''),
('225538270941220','08:51:00','08:51:00','4025251','17','',''),
('225538270941220','08:52:00','08:52:00','4025253','18','',''),
('225538280941220','09:30:00','09:30:00','4025230','1','',''),
('225538280941220','09:31:00','09:31:00','4025232','2','',''),
('225538280941220','09:34:00','09:34:00','4025234','3','',''),
('225538280941220','09:34:00','09:34:00','4025235','4','',''),
('225538280941220','09:35:00','09:35:00','4025237','5','',''),
('225538280941220','09:37:00','09:37:00','4025238','6','',''),
('225538280941220','09:38:00','09:38:00','4025239','7','',''),
('225538280941220','09:39:00','09:39:00','4025240','8','',''),
('225538280941220','09:40:00','09:40:00','4025241','9','',''),
('225538280941220','09:42:00','09:42:00','4025242','10','',''),
('225538280941220','09:44:00','09:44:00','4025243','11','',''),
('225538280941220','09:46:00','09:46:00','4025244','12','',''),
('225538280941220','09:46:00','09:46:00','4025245','13','',''),
('225538280941220','09:48:00','09:48:00','4296818','14','',''),
('225538280941220','09:49:00','09:49:00','4025247','15','',''),
('225538280941220','09:50:00','09:50:00','4025249','16','',''),
('225538280941220','09:51:00','09:51:00','4025251','17','',''),
('225538280941220','09:52:00','09:52:00','4025253','18','',''),
('2324809970941220','19:00:00','19:00:00','4025230','1','',''),
('2324809970941220','19:01:00','19:01:00','4025232','2','',''),
('2324809970941220','19:04:00','19:04:00','4025234','3','',''),
('2324809970941220','19:04:00','19:04:00','4025235','4','',''),
('2324809970941220','19:05:00','19:05:00','4025237','5','',''),
('2324809970941220','19:07:00','19:07:00','4025238','6','',''),
('2324809970941220','19:08:00','19:08:00','4025239','7','',''),
('2324809970941220','19:09:00','19:09:00','4025240','8','',''),
('2324809970941220','19:10:00','19:10:00','4025241','9','',''),
('2324809970941220','19:12:00','19:12:00','4025242','10','',''),
('2324809970941220','19:14:00','19:14:00','4025243','11','',''),
('2324809970941220','19:16:00','19:16:00','4025244','12','',''),
('2324809970941220','19:16:00','19:16:00','4025245','13','',''),
('2324809970941220','19:18:00','19:18:00','4296818','14','',''),
('2324809970941220','19:19:00','19:19:00','4025247','15','',''),
('2324809970941220','19:20:00','19:20:00','4025249','16','',''),
('2324809970941220','19:21:00','19:21:00','4025251','17','',''),
('2324809970941220','19:22:00','19:22:00','4025253','18','',''),
('2325538270941220','19:00:00','19:00:00','4025230','1','',''),
('2325538270941220','19:01:00','19:01:00','4025232','2','',''),
('2325538270941220','19:04:00','19:04:00','4025234','3','',''),
('2325538270941220','19:04:00','19:04:00','4025235','4','',''),
('2325538270941220','19:05:00','19:05:00','4025237','5','',''),
('2325538270941220','19:07:00','19:07:00','4025238','6','',''),
('2325538270941220','19:08:00','19:08:00','4025239','7','',''),
('2325538270941220','19:09:00','19:09:00','4025240','8','',''),
('2325538270941220','19:10:00','19:10:00','4025241','9','',''),
('2325538270941220','19:12:00','19:12:00','4025242','10','',''),
('2325538270941220','19:14:00','19:14:00','4025243','11','',''),
('2325538270941220','19:16:00','19:16:00','4025244','12','',''),
('2325538270941220','19:16:00','19:16:00','4025245','13','',''),
('2325538270941220','19:18:00','19:18:00','4296818','14','',''),
('2325538270941220','19:19:00','19:19:00','4025247','15','',''),
('2325538270941220','19:20:00','19:20:00','4025249','16','',''),
('2325538270941220','19:21:00','19:21:00','4025251','17','',''),
('2325538270941220','19:22:00','19:22:00','4025253','18','',''),
('324809970941220','09:00:00','09:00:00','4025230','1','',''),
('324809970941220','09:01:00','09:01:00','4025232','2','',''),
('324809970941220','09:04:00','09:04:00','4025234','3','',''),
('324809970941220','09:04:00','09:04:00','4025235','4','',''),
('324809970941220','09:05:00','09:05:00','4025237','5','',''),
('324809970941220','09:07:00','09:07:00','4025238','6','',''),
('324809970941220','09:08:00','09:08:00','4025239','7','',''),
('324809970941220','09:09:00','09:09:00','4025240','8','',''),
('324809970941220','09:10:00','09:10:00','4025241','9','',''),
('324809970941220','09:12:00','09:12:00','4025242','10','',''),
('324809970941220','09:14:00','09:14:00','4025243','11','',''),
('324809970941220','09:16:00','09:16:00','4025244','12','',''),
('324809970941220','09:16:00','09:16:00','4025245','13','',''),
('324809970941220','09:18:00','09:18:00','4296818','14','',''),
('324809970941220','09:19:00','09:19:00','4025247','15','',''),
('324809970941220','09:20:00','09:20:00','4025249','16','',''),
('324809970941220','09:21:00','09:21:00','4025251','17','',''),
('324809970941220','09:22:00','09:22:00','4025253','18','',''),
('324809980941220','10:00:00','10:00:00','4025230','1','',''),
('324809980941220','10:01:00','10:01:00','4025232','2','',''),
('324809980941220','10:04:00','10:04:00','4025234','3','',''),
('324809980941220','10:04:00','10:04:00','4025235','4','',''),
('324809980941220','10:05:00','10:05:00','4025237','5','',''),
('324809980941220','10:07:00','10:07:00','4025238','6','',''),
('324809980941220','10:08:00','10:08:00','4025239','7','',''),
('324809980941220','10:09:00','10:09:00','4025240','8','',''),
('324809980941220','10:10:00','10:10:00','4025241','9','',''),
('324809980941220','10:12:00','10:12:00','4025242','10','',''),
('324809980941220','10:14:00','10:14:00','4025243','11','',''),
('324809980941220','10:16:00','10:16:00','4025244','12','',''),
('324809980941220','10:16:00','10:16:00','4025245','13','',''),
('324809980941220','10:18:00','10:18:00','4296818','14','',''),
('324809980941220','10:19:00','10:19:00','4025247','15','',''),
('324809980941220','10:20:00','10:20:00','4025249','16','',''),
('324809980941220','10:21:00','10:21:00','4025251','17','',''),
('324809980941220','10:22:00','10:22:00','4025253','18','',''),
('325538270941220','09:00:00','09:00:00','4025230','1','',''),
('325538270941220','09:01:00','09:01:00','4025232','2','',''),
('325538270941220','09:04:00','09:04:00','4025234','3','',''),
('325538270941220','09:04:00','09:04:00','4025235','4','',''),
('325538270941220','09:05:00','09:05:00','4025237','5','',''),
('325538270941220','09:07:00','09:07:00','4025238','6','',''),
('325538270941220','09:08:00','09:08:00','4025239','7','',''),
('325538270941220','09:09:00','09:09:00','4025240','8','',''),
('325538270941220','09:10:00','09:10:00','4025241','9','',''),
('325538270941220','09:12:00','09:12:00','4025242','10','',''),
('325538270941220','09:14:00','09:14:00','4025243','11','',''),
('325538270941220','09:16:00','09:16:00','4025244','12','',''),
('325538270941220','09:16:00','09:16:00','4025245','13','',''),
('325538270941220','09:18:00','09:18:00','4296818','14','',''),
('325538270941220','09:19:00','09:19:00','4025247','15','',''),
('325538270941220','09:20:00','09:20:00','4025249','16','',''),
('325538270941220','09:21:00','09:21:00','4025251','17','',''),
('325538270941220','09:22:00','09:22:00','4025253','18','',''),
('325538280941220','10:00:00','10:00:00','4025230','1','',''),
('325538280941220','10:01:00','10:01:00','4025232','2','',''),
('325538280941220','10:04:00','10:04:00','4025234','3','',''),
('325538280941220','10:04:00','10:04:00','4025235','4','',''),
('325538280941220','10:05:00','10:05:00','4025237','5','',''),
('325538280941220','10:07:00','10:07:00','4025238','6','',''),
('325538280941220','10:08:00','10:08:00','4025239','7','',''),
('325538280941220','10:09:00','10:09:00','4025240','8','',''),
('325538280941220','10:10:00','10:10:00','4025241','9','',''),
('325538280941220','10:12:00','10:12:00','4025242','10','',''),
('325538280941220','10:14:00','10:14:00','4025243','11','',''),
('325538280941220','10:16:00','10:16:00','4025244','12','',''),
('325538280941220','10:16:00','10:16:00','4025245','13','',''),
('325538280941220','10:18:00','10:18:00','4296818','14','',''),
('325538280941220','10:19:00','10:19:00','4025247','15','',''),
('325538280941220','10:20:00','10:20:00','4025249','16','',''),
('325538280941220','10:21:00','10:21:00','4025251','17','',''),
('325538280941220','10:22:00','10:22:00','4025253','18','',''),
('424809970941220','09:30:00','09:30:00','4025230','1','',''),
('424809970941220','09:31:00','09:31:00','4025232','2','',''),
('424809970941220','09:34:00','09:34:00','4025234','3','',''),
('424809970941220','09:34:00','09:34:00','4025235','4','',''),
('424809970941220','09:35:00','09:35:00','4025237','5','',''),
('424809970941220','09:37:00','09:37:00','4025238','6','',''),
('424809970941220','09:38:00','09:38:00','4025239','7','',''),
('424809970941220','09:39:00','09:39:00','4025240','8','',''),
('424809970941220','09:40:00','09:40:00','4025241','9','',''),
('424809970941220','09:42:00','09:42:00','4025242','10','',''),
('424809970941220','09:44:00','09:44:00','4025243','11','',''),
('424809970941220','09:46:00','09:46:00','4025244','12','',''),
('424809970941220','09:46:00','09:46:00','4025245','13','',''),
('424809970941220','09:48:00','09:48:00','4296818','14','',''),
('424809970941220','09:49:00','09:49:00','4025247','15','',''),
('424809970941220','09:50:00','09:50:00','4025249','16','',''),
('424809970941220','09:51:00','09:51:00','4025251','17','',''),
('424809970941220','09:52:00','09:52:00','4025253','18','',''),
('424809980941220','10:30:00','10:30:00','4025230','1','',''),
('424809980941220','10:31:00','10:31:00','4025232','2','',''),
('424809980941220','10:34:00','10:34:00','4025234','3','',''),
('424809980941220','10:34:00','10:34:00','4025235','4','',''),
('424809980941220','10:35:00','10:35:00','4025237','5','',''),
('424809980941220','10:37:00','10:37:00','4025238','6','',''),
('424809980941220','10:38:00','10:38:00','4025239','7','',''),
('424809980941220','10:39:00','10:39:00','4025240','8','',''),
('424809980941220','10:40:00','10:40:00','4025241','9','',''),
('424809980941220','10:42:00','10:42:00','4025242','10','',''),
('424809980941220','10:44:00','10:44:00','4025243','11','',''),
('424809980941220','10:46:00','10:46:00','4025244','12','',''),
('424809980941220','10:46:00','10:46:00','4025245','13','',''),
('424809980941220','10:48:00','10:48:00','4296818','14','',''),
('424809980941220','10:49:00','10:49:00','4025247','15','',''),
('424809980941220','10:50:00','10:50:00','4025249','16','',''),
('424809980941220','10:51:00','10:51:00','4025251','17','',''),
('424809980941220','10:52:00','10:52:00','4025253','18','',''),
('425538270941220','09:30:00','09:30:00','4025230','1','',''),
('425538270941220','09:31:00','09:31:00','4025232','2','',''),
('425538270941220','09:34:00','09:34:00','4025234','3','',''),
('425538270941220','09:34:00','09:34:00','4025235','4','',''),
('425538270941220','09:35:00','09:35:00','4025237','5','',''),
('425538270941220','09:37:00','09:37:00','4025238','6','',''),
('425538270941220','09:38:00','09:38:00','4025239','7','',''),
('425538270941220','09:39:00','09:39:00','4025240','8','',''),
('425538270941220','09:40:00','09:40:00','4025241','9','',''),
('425538270941220','09:42:00','09:42:00','4025242','10','',''),
('425538270941220','09:44:00','09:44:00','4025243','11','',''),
('425538270941220','09:46:00','09:46:00','4025244','12','',''),
('425538270941220','09:46:00','09:46:00','4025245','13','',''),
('425538270941220','09:48:00','09:48:00','4296818','14','',''),
('425538270941220','09:49:00','09:49:00','4025247','15','',''),
('425538270941220','09:50:00','09:50:00','4025249','16','',''),
('425538270941220','09:51:00','09:51:00','4025251','17','',''),
('425538270941220','09:52:00','09:52:00','4025253','18','',''),
('425538280941220','10:30:00','10:30:00','4025230','1','',''),
('425538280941220','10:31:00','10:31:00','4025232','2','',''),
('425538280941220','10:34:00','10:34:00','4025234','3','',''),
('425538280941220','10:34:00','10:34:00','4025235','4','',''),
('425538280941220','10:35:00','10:35:00','4025237','5','',''),
('425538280941220','10:37:00','10:37:00','4025238','6','',''),
('425538280941220','10:38:00','10:38:00','4025239','7','',''),
('425538280941220','10:39:00','10:39:00','4025240','8','',''),
('425538280941220','10:40:00','10:40:00','4025241','9','',''),
('425538280941220','10:42:00','10:42:00','4025242','10','',''),
('425538280941220','10:44:00','10:44:00','4025243','11','',''),
('425538280941220','10:46:00','10:46:00','4025244','12','',''),
('425538280941220','10:46:00','10:46:00','4025245','13','',''),
('425538280941220','10:48:00','10:48:00','4296818','14','',''),
('425538280941220','10:49:00','10:49:00','4025247','15','',''),
('425538280941220','10:50:00','10:50:00','4025249','16','',''),
('425538280941220','10:51:00','10:51:00','4025251','17','',''),
('425538280941220','10:52:00','10:52:00','4025253','18','',''),
('524809970941220','10:00:00','10:00:00','4025230','1','',''),
('524809970941220','10:01:00','10:01:00','4025232','2','',''),
('524809970941220','10:04:00','10:04:00','4025234','3','',''),
('524809970941220','10:04:00','10:04:00','4025235','4','',''),
('524809970941220','10:05:00','10:05:00','4025237','5','',''),
('524809970941220','10:07:00','10:07:00','4025238','6','',''),
('524809970941220','10:08:00','10:08:00','4025239','7','',''),
('524809970941220','10:09:00','10:09:00','4025240','8','',''),
('524809970941220','10:10:00','10:10:00','4025241','9','',''),
('524809970941220','10:12:00','10:12:00','4025242','10','',''),
('524809970941220','10:14:00','10:14:00','4025243','11','',''),
('524809970941220','10:16:00','10:16:00','4025244','12','',''),
('524809970941220','10:16:00','10:16:00','4025245','13','',''),
('524809970941220','10:18:00','10:18:00','4296818','14','',''),
('524809970941220','10:19:00','10:19:00','4025247','15','',''),
('524809970941220','10:20:00','10:20:00','4025249','16','',''),
('524809970941220','10:21:00','10:21:00','4025251','17','',''),
('524809970941220','10:22:00','10:22:00','4025253','18','',''),
('524809980941220','11:00:00','11:00:00','4025230','1','',''),
('524809980941220','11:01:00','11:01:00','4025232','2','',''),
('524809980941220','11:04:00','11:04:00','4025234','3','',''),
('524809980941220','11:04:00','11:04:00','4025235','4','',''),
('524809980941220','11:05:00','11:05:00','4025237','5','',''),
('524809980941220','11:07:00','11:07:00','4025238','6','',''),
('524809980941220','11:08:00','11:08:00','4025239','7','',''),
('524809980941220','11:09:00','11:09:00','4025240','8','',''),
('524809980941220','11:10:00','11:10:00','4025241','9','',''),
('524809980941220','11:12:00','11:12:00','4025242','10','',''),
('524809980941220','11:14:00','11:14:00','4025243','11','',''),
('524809980941220','11:16:00','11:16:00','4025244','12','',''),
('524809980941220','11:16:00','11:16:00','4025245','13','',''),
('524809980941220','11:18:00','11:18:00','4296818','14','',''),
('524809980941220','11:19:00','11:19:00','4025247','15','',''),
('524809980941220','11:20:00','11:20:00','4025249','16','',''),
('524809980941220','11:21:00','11:21:00','4025251','17','',''),
('524809980941220','11:22:00','11:22:00','4025253','18','',''),
('525538270941220','10:00:00','10:00:00','4025230','1','',''),
('525538270941220','10:01:00','10:01:00','4025232','2','',''),
('525538270941220','10:04:00','10:04:00','4025234','3','',''),
('525538270941220','10:04:00','10:04:00','4025235','4','',''),
('525538270941220','10:05:00','10:05:00','4025237','5','',''),
('525538270941220','10:07:00','10:07:00','4025238','6','',''),
('525538270941220','10:08:00','10:08:00','4025239','7','',''),
('525538270941220','10:09:00','10:09:00','4025240','8','',''),
('525538270941220','10:10:00','10:10:00','4025241','9','',''),
('525538270941220','10:12:00','10:12:00','4025242','10','',''),
('525538270941220','10:14:00','10:14:00','4025243','11','',''),
('525538270941220','10:16:00','10:16:00','4025244','12','',''),
('525538270941220','10:16:00','10:16:00','4025245','13','',''),
('525538270941220','10:18:00','10:18:00','4296818','14','',''),
('525538270941220','10:19:00','10:19:00','4025247','15','',''),
('525538270941220','10:20:00','10:20:00','4025249','16','',''),
('525538270941220','10:21:00','10:21:00','4025251','17','',''),
('525538270941220','10:22:00','10:22:00','4025253','18','',''),
('525538280941220','11:00:00','11:00:00','4025230','1','',''),
('525538280941220','11:01:00','11:01:00','4025232','2','',''),
('525538280941220','11:04:00','11:04:00','4025234','3','',''),
('525538280941220','11:04:00','11:04:00','4025235','4','',''),
('525538280941220','11:05:00','11:05:00','4025237','5','',''),
('525538280941220','11:07:00','11:07:00','4025238','6','',''),
('525538280941220','11:08:00','11:08:00','4025239','7','',''),
('525538280941220','11:09:00','11:09:00','4025240','8','',''),
('525538280941220','11:10:00','11:10:00','4025241','9','',''),
('525538280941220','11:12:00','11:12:00','4025242','10','',''),
('525538280941220','11:14:00','11:14:00','4025243','11','',''),
('525538280941220','11:16:00','11:16:00','4025244','12','',''),
('525538280941220','11:16:00','11:16:00','4025245','13','',''),
('525538280941220','11:18:00','11:18:00','4296818','14','',''),
('525538280941220','11:19:00','11:19:00','4025247','15','',''),
('525538280941220','11:20:00','11:20:00','4025249','16','',''),
('525538280941220','11:21:00','11:21:00','4025251','17','',''),
('525538280941220','11:22:00','11:22:00','4025253','18','',''),
('624809970941220','10:30:00','10:30:00','4025230','1','',''),
('624809970941220','10:31:00','10:31:00','4025232','2','',''),
('624809970941220','10:34:00','10:34:00','4025234','3','',''),
('624809970941220','10:34:00','10:34:00','4025235','4','',''),
('624809970941220','10:35:00','10:35:00','4025237','5','',''),
('624809970941220','10:37:00','10:37:00','4025238','6','',''),
('624809970941220','10:38:00','10:38:00','4025239','7','',''),
('624809970941220','10:39:00','10:39:00','4025240','8','',''),
('624809970941220','10:40:00','10:40:00','4025241','9','',''),
('624809970941220','10:42:00','10:42:00','4025242','10','',''),
('624809970941220','10:44:00','10:44:00','4025243','11','',''),
('624809970941220','10:46:00','10:46:00','4025244','12','',''),
('624809970941220','10:46:00','10:46:00','4025245','13','',''),
('624809970941220','10:48:00','10:48:00','4296818','14','',''),
('624809970941220','10:49:00','10:49:00','4025247','15','',''),
('624809970941220','10:50:00','10:50:00','4025249','16','',''),
('624809970941220','10:51:00','10:51:00','4025251','17','',''),
('624809970941220','10:52:00','10:52:00','4025253','18','',''),
('624809980941220','11:30:00','11:30:00','4025230','1','',''),
('624809980941220','11:31:00','11:31:00','4025232','2','',''),
('624809980941220','11:34:00','11:34:00','4025234','3','',''),
('624809980941220','11:34:00','11:34:00','4025235','4','',''),
('624809980941220','11:35:00','11:35:00','4025237','5','',''),
('624809980941220','11:37:00','11:37:00','4025238','6','',''),
('624809980941220','11:38:00','11:38:00','4025239','7','',''),
('624809980941220','11:39:00','11:39:00','4025240','8','',''),
('624809980941220','11:40:00','11:40:00','4025241','9','',''),
('624809980941220','11:42:00','11:42:00','4025242','10','',''),
('624809980941220','11:44:00','11:44:00','4025243','11','',''),
('624809980941220','11:46:00','11:46:00','4025244','12','',''),
('624809980941220','11:46:00','11:46:00','4025245','13','',''),
('624809980941220','11:48:00','11:48:00','4296818','14','',''),
('624809980941220','11:49:00','11:49:00','4025247','15','',''),
('624809980941220','11:50:00','11:50:00','4025249','16','',''),
('624809980941220','11:51:00','11:51:00','4025251','17','',''),
('624809980941220','11:52:00','11:52:00','4025253','18','',''),
('625538270941220','10:30:00','10:30:00','4025230','1','',''),
('625538270941220','10:31:00','10:31:00','4025232','2','',''),
('625538270941220','10:34:00','10:34:00','4025234','3','',''),
('625538270941220','10:34:00','10:34:00','4025235','4','',''),
('625538270941220','10:35:00','10:35:00','4025237','5','',''),
('625538270941220','10:37:00','10:37:00','4025238','6','',''),
('625538270941220','10:38:00','10:38:00','4025239','7','',''),
('625538270941220','10:39:00','10:39:00','4025240','8','',''),
('625538270941220','10:40:00','10:40:00','4025241','9','',''),
('625538270941220','10:42:00','10:42:00','4025242','10','',''),
('625538270941220','10:44:00','10:44:00','4025243','11','',''),
('625538270941220','10:46:00','10:46:00','4025244','12','',''),
('625538270941220','10:46:00','10:46:00','4025245','13','',''),
('625538270941220','10:48:00','10:48:00','4296818','14','',''),
('625538270941220','10:49:00','10:49:00','4025247','15','',''),
('625538270941220','10:50:00','10:50:00','4025249','16','',''),
('625538270941220','10:51:00','10:51:00','4025251','17','',''),
('625538270941220','10:52:00','10:52:00','4025253','18','',''),
('625538280941220','11:30:00','11:30:00','4025230','1','',''),
('625538280941220','11:31:00','11:31:00','4025232','2','',''),
('625538280941220','11:34:00','11:34:00','4025234','3','',''),
('625538280941220','11:34:00','11:34:00','4025235','4','',''),
('625538280941220','11:35:00','11:35:00','4025237','5','',''),
('625538280941220','11:37:00','11:37:00','4025238','6','',''),
('625538280941220','11:38:00','11:38:00','4025239','7','',''),
('625538280941220','11:39:00','11:39:00','4025240','8','',''),
('625538280941220','11:40:00','11:40:00','4025241','9','',''),
('625538280941220','11:42:00','11:42:00','4025242','10','',''),
('625538280941220','11:44:00','11:44:00','4025243','11','',''),
('625538280941220','11:46:00','11:46:00','4025244','12','',''),
('625538280941220','11:46:00','11:46:00','4025245','13','',''),
('625538280941220','11:48:00','11:48:00','4296818','14','',''),
('625538280941220','11:49:00','11:49:00','4025247','15','',''),
('625538280941220','11:50:00','11:50:00','4025249','16','',''),
('625538280941220','11:51:00','11:51:00','4025251','17','',''),
('625538280941220','11:52:00','11:52:00','4025253','18','',''),
('724809970941220','11:00:00','11:00:00','4025230','1','',''),
('724809970941220','11:01:00','11:01:00','4025232','2','',''),
('724809970941220','11:04:00','11:04:00','4025234','3','',''),
('724809970941220','11:04:00','11:04:00','4025235','4','',''),
('724809970941220','11:05:00','11:05:00','4025237','5','',''),
('724809970941220','11:07:00','11:07:00','4025238','6','',''),
('724809970941220','11:08:00','11:08:00','4025239','7','',''),
('724809970941220','11:09:00','11:09:00','4025240','8','',''),
('724809970941220','11:10:00','11:10:00','4025241','9','',''),
('724809970941220','11:12:00','11:12:00','4025242','10','',''),
('724809970941220','11:14:00','11:14:00','4025243','11','',''),
('724809970941220','11:16:00','11:16:00','4025244','12','',''),
('724809970941220','11:16:00','11:16:00','4025245','13','',''),
('724809970941220','11:18:00','11:18:00','4296818','14','',''),
('724809970941220','11:19:00','11:19:00','4025247','15','',''),
('724809970941220','11:20:00','11:20:00','4025249','16','',''),
('724809970941220','11:21:00','11:21:00','4025251','17','',''),
('724809970941220','11:22:00','11:22:00','4025253','18','',''),
('724809980941220','12:00:00','12:00:00','4025230','1','',''),
('724809980941220','12:01:00','12:01:00','4025232','2','',''),
('724809980941220','12:04:00','12:04:00','4025234','3','',''),
('724809980941220','12:04:00','12:04:00','4025235','4','',''),
('724809980941220','12:05:00','12:05:00','4025237','5','',''),
('724809980941220','12:07:00','12:07:00','4025238','6','',''),
('724809980941220','12:08:00','12:08:00','4025239','7','',''),
('724809980941220','12:09:00','12:09:00','4025240','8','',''),
('724809980941220','12:10:00','12:10:00','4025241','9','',''),
('724809980941220','12:12:00','12:12:00','4025242','10','',''),
('724809980941220','12:14:00','12:14:00','4025243','11','',''),
('724809980941220','12:16:00','12:16:00','4025244','12','',''),
('724809980941220','12:16:00','12:16:00','4025245','13','',''),
('724809980941220','12:18:00','12:18:00','4296818','14','',''),
('724809980941220','12:19:00','12:19:00','4025247','15','',''),
('724809980941220','12:20:00','12:20:00','4025249','16','',''),
('724809980941220','12:21:00','12:21:00','4025251','17','',''),
('724809980941220','12:22:00','12:22:00','4025253','18','',''),
('725538270941220','11:00:00','11:00:00','4025230','1','',''),
('725538270941220','11:01:00','11:01:00','4025232','2','',''),
('725538270941220','11:04:00','11:04:00','4025234','3','',''),
('725538270941220','11:04:00','11:04:00','4025235','4','',''),
('725538270941220','11:05:00','11:05:00','4025237','5','',''),
('725538270941220','11:07:00','11:07:00','4025238','6','',''),
('725538270941220','11:08:00','11:08:00','4025239','7','',''),
('725538270941220','11:09:00','11:09:00','4025240','8','',''),
('725538270941220','11:10:00','11:10:00','4025241','9','',''),
('725538270941220','11:12:00','11:12:00','4025242','10','',''),
('725538270941220','11:14:00','11:14:00','4025243','11','',''),
('725538270941220','11:16:00','11:16:00','4025244','12','',''),
('725538270941220','11:16:00','11:16:00','4025245','13','',''),
('725538270941220','11:18:00','11:18:00','4296818','14','',''),
('725538270941220','11:19:00','11:19:00','4025247','15','',''),
('725538270941220','11:20:00','11:20:00','4025249','16','',''),
('725538270941220','11:21:00','11:21:00','4025251','17','',''),
('725538270941220','11:22:00','11:22:00','4025253','18','',''),
('725538280941220','12:00:00','12:00:00','4025230','1','',''),
('725538280941220','12:01:00','12:01:00','4025232','2','',''),
('725538280941220','12:04:00','12:04:00','4025234','3','',''),
('725538280941220','12:04:00','12:04:00','4025235','4','',''),
('725538280941220','12:05:00','12:05:00','4025237','5','',''),
('725538280941220','12:07:00','12:07:00','4025238','6','',''),
('725538280941220','12:08:00','12:08:00','4025239','7','',''),
('725538280941220','12:09:00','12:09:00','4025240','8','',''),
('725538280941220','12:10:00','12:10:00','4025241','9','',''),
('725538280941220','12:12:00','12:12:00','4025242','10','',''),
('725538280941220','12:14:00','12:14:00','4025243','11','',''),
('725538280941220','12:16:00','12:16:00','4025244','12','',''),
('725538280941220','12:16:00','12:16:00','4025245','13','',''),
('725538280941220','12:18:00','12:18:00','4296818','14','',''),
('725538280941220','12:19:00','12:19:00','4025247','15','',''),
('725538280941220','12:20:00','12:20:00','4025249','16','',''),
('725538280941220','12:21:00','12:21:00','4025251','17','',''),
('725538280941220','12:22:00','12:22:00','4025253','18','',''),
('824809970941220','11:30:00','11:30:00','4025230','1','',''),
('824809970941220','11:31:00','11:31:00','4025232','2','',''),
('824809970941220','11:34:00','11:34:00','4025234','3','',''),
('824809970941220','11:34:00','11:34:00','4025235','4','',''),
('824809970941220','11:35:00','11:35:00','4025237','5','',''),
('824809970941220','11:37:00','11:37:00','4025238','6','',''),
('824809970941220','11:38:00','11:38:00','4025239','7','',''),
('824809970941220','11:39:00','11:39:00','4025240','8','',''),
('824809970941220','11:40:00','11:40:00','4025241','9','',''),
('824809970941220','11:42:00','11:42:00','4025242','10','',''),
('824809970941220','11:44:00','11:44:00','4025243','11','',''),
('824809970941220','11:46:00','11:46:00','4025244','12','',''),
('824809970941220','11:46:00','11:46:00','4025245','13','',''),
('824809970941220','11:48:00','11:48:00','4296818','14','',''),
('824809970941220','11:49:00','11:49:00','4025247','15','',''),
('824809970941220','11:50:00','11:50:00','4025249','16','',''),
('824809970941220','11:51:00','11:51:00','4025251','17','',''),
('824809970941220','11:52:00','11:52:00','4025253','18','',''),
('824809980941220','12:30:00','12:30:00','4025230','1','',''),
('824809980941220','12:31:00','12:31:00','4025232','2','',''),
('824809980941220','12:34:00','12:34:00','4025234','3','',''),
('824809980941220','12:34:00','12:34:00','4025235','4','',''),
('824809980941220','12:35:00','12:35:00','4025237','5','',''),
('824809980941220','12:37:00','12:37:00','4025238','6','',''),
('824809980941220','12:38:00','12:38:00','4025239','7','',''),
('824809980941220','12:39:00','12:39:00','4025240','8','',''),
('824809980941220','12:40:00','12:40:00','4025241','9','',''),
('824809980941220','12:42:00','12:42:00','4025242','10','',''),
('824809980941220','12:44:00','12:44:00','4025243','11','',''),
('824809980941220','12:46:00','12:46:00','4025244','12','',''),
('824809980941220','12:46:00','12:46:00','4025245','13','',''),
('824809980941220','12:48:00','12:48:00','4296818','14','',''),
('824809980941220','12:49:00','12:49:00','4025247','15','',''),
('824809980941220','12:50:00','12:50:00','4025249','16','',''),
('824809980941220','12:51:00','12:51:00','4025251','17','',''),
('824809980941220','12:52:00','12:52:00','4025253','18','',''),
('825538270941220','11:30:00','11:30:00','4025230','1','',''),
('825538270941220','11:31:00','11:31:00','4025232','2','',''),
('825538270941220','11:34:00','11:34:00','4025234','3','',''),
('825538270941220','11:34:00','11:34:00','4025235','4','',''),
('825538270941220','11:35:00','11:35:00','4025237','5','',''),
('825538270941220','11:37:00','11:37:00','4025238','6','',''),
('825538270941220','11:38:00','11:38:00','4025239','7','',''),
('825538270941220','11:39:00','11:39:00','4025240','8','',''),
('825538270941220','11:40:00','11:40:00','4025241','9','',''),
('825538270941220','11:42:00','11:42:00','4025242','10','',''),
('825538270941220','11:44:00','11:44:00','4025243','11','',''),
('825538270941220','11:46:00','11:46:00','4025244','12','',''),
('825538270941220','11:46:00','11:46:00','4025245','13','',''),
('825538270941220','11:48:00','11:48:00','4296818','14','',''),
('825538270941220','11:49:00','11:49:00','4025247','15','',''),
('825538270941220','11:50:00','11:50:00','4025249','16','',''),
('825538270941220','11:51:00','11:51:00','4025251','17','',''),
('825538270941220','11:52:00','11:52:00','4025253','18','',''),
('825538280941220','12:30:00','12:30:00','4025230','1','',''),
('825538280941220','12:31:00','12:31:00','4025232','2','',''),
('825538280941220','12:34:00','12:34:00','4025234','3','',''),
('825538280941220','12:34:00','12:34:00','4025235','4','',''),
('825538280941220','12:35:00','12:35:00','4025237','5','',''),
('825538280941220','12:37:00','12:37:00','4025238','6','',''),
('825538280941220','12:38:00','12:38:00','4025239','7','',''),
('825538280941220','12:39:00','12:39:00','4025240','8','',''),
('825538280941220','12:40:00','12:40:00','4025241','9','',''),
('825538280941220','12:42:00','12:42:00','4025242','10','',''),
('825538280941220','12:44:00','12:44:00','4025243','11','',''),
('825538280941220','12:46:00','12:46:00','4025244','12','',''),
('825538280941220','12:46:00','12:46:00','4025245','13','',''),
('825538280941220','12:48:00','12:48:00','4296818','14','',''),
('825538280941220','12:49:00','12:49:00','4025247','15','',''),
('825538280941220','12:50:00','12:50:00','4025249','16','',''),
('825538280941220','12:51:00','12:51:00','4025251','17','',''),
('825538280941220','12:52:00','12:52:00','4025253','18','',''),
('924809970941220','12:00:00','12:00:00','4025230','1','',''),
('924809970941220','12:01:00','12:01:00','4025232','2','',''),
('924809970941220','12:04:00','12:04:00','4025234','3','',''),
('924809970941220','12:04:00','12:04:00','4025235','4','',''),
('924809970941220','12:05:00','12:05:00','4025237','5','',''),
('924809970941220','12:07:00','12:07:00','4025238','6','',''),
('924809970941220','12:08:00','12:08:00','4025239','7','',''),
('924809970941220','12:09:00','12:09:00','4025240','8','',''),
('924809970941220','12:10:00','12:10:00','4025241','9','',''),
('924809970941220','12:12:00','12:12:00','4025242','10','',''),
('924809970941220','12:14:00','12:14:00','4025243','11','',''),
('924809970941220','12:16:00','12:16:00','4025244','12','',''),
('924809970941220','12:16:00','12:16:00','4025245','13','',''),
('924809970941220','12:18:00','12:18:00','4296818','14','',''),
('924809970941220','12:19:00','12:19:00','4025247','15','',''),
('924809970941220','12:20:00','12:20:00','4025249','16','',''),
('924809970941220','12:21:00','12:21:00','4025251','17','',''),
('924809970941220','12:22:00','12:22:00','4025253','18','',''),
('924809980941220','13:00:00','13:00:00','4025230','1','',''),
('924809980941220','13:01:00','13:01:00','4025232','2','',''),
('924809980941220','13:04:00','13:04:00','4025234','3','',''),
('924809980941220','13:04:00','13:04:00','4025235','4','',''),
('924809980941220','13:05:00','13:05:00','4025237','5','',''),
('924809980941220','13:07:00','13:07:00','4025238','6','',''),
('924809980941220','13:08:00','13:08:00','4025239','7','',''),
('924809980941220','13:09:00','13:09:00','4025240','8','',''),
('924809980941220','13:10:00','13:10:00','4025241','9','',''),
('924809980941220','13:12:00','13:12:00','4025242','10','',''),
('924809980941220','13:14:00','13:14:00','4025243','11','',''),
('924809980941220','13:16:00','13:16:00','4025244','12','',''),
('924809980941220','13:16:00','13:16:00','4025245','13','',''),
('924809980941220','13:18:00','13:18:00','4296818','14','',''),
('924809980941220','13:19:00','13:19:00','4025247','15','',''),
('924809980941220','13:20:00','13:20:00','4025249','16','',''),
('924809980941220','13:21:00','13:21:00','4025251','17','',''),
('924809980941220','13:22:00','13:22:00','4025253','18','',''),
('925538270941220','12:00:00','12:00:00','4025230','1','',''),
('925538270941220','12:01:00','12:01:00','4025232','2','',''),
('925538270941220','12:04:00','12:04:00','4025234','3','',''),
('925538270941220','12:04:00','12:04:00','4025235','4','',''),
('925538270941220','12:05:00','12:05:00','4025237','5','',''),
('925538270941220','12:07:00','12:07:00','4025238','6','',''),
('925538270941220','12:08:00','12:08:00','4025239','7','',''),
('925538270941220','12:09:00','12:09:00','4025240','8','',''),
('925538270941220','12:10:00','12:10:00','4025241','9','',''),
('925538270941220','12:12:00','12:12:00','4025242','10','',''),
('925538270941220','12:14:00','12:14:00','4025243','11','',''),
('925538270941220','12:16:00','12:16:00','4025244','12','',''),
('925538270941220','12:16:00','12:16:00','4025245','13','',''),
('925538270941220','12:18:00','12:18:00','4296818','14','',''),
('925538270941220','12:19:00','12:19:00','4025247','15','',''),
('925538270941220','12:20:00','12:20:00','4025249','16','',''),
('925538270941220','12:21:00','12:21:00','4025251','17','',''),
('925538270941220','12:22:00','12:22:00','4025253','18','',''),
('925538280941220','13:00:00','13:00:00','4025230','1','',''),
('925538280941220','13:01:00','13:01:00','4025232','2','',''),
('925538280941220','13:04:00','13:04:00','4025234','3','',''),
('925538280941220','13:04:00','13:04:00','4025235','4','',''),
('925538280941220','13:05:00','13:05:00','4025237','5','',''),
('925538280941220','13:07:00','13:07:00','4025238','6','',''),
('925538280941220','13:08:00','13:08:00','4025239','7','',''),
('925538280941220','13:09:00','13:09:00','4025240','8','',''),
('925538280941220','13:10:00','13:10:00','4025241','9','',''),
('925538280941220','13:12:00','13:12:00','4025242','10','',''),
('925538280941220','13:14:00','13:14:00','4025243','11','',''),
('925538280941220','13:16:00','13:16:00','4025244','12','',''),
('925538280941220','13:16:00','13:16:00','4025245','13','',''),
('925538280941220','13:18:00','13:18:00','4296818','14','',''),
('925538280941220','13:19:00','13:19:00','4025247','15','',''),
('925538280941220','13:20:00','13:20:00','4025249','16','',''),
('925538280941220','13:21:00','13:21:00','4025251','17','',''),
('925538280941220','13:22:00','13:22:00','4025253','18','',''),
('1024809970941221','12:30:00','12:30:00','4025254','1','',''),
('1024809970941221','12:31:00','12:31:00','4025252','2','',''),
('1024809970941221','12:33:00','12:33:00','4025250','3','',''),
('1024809970941221','12:34:00','12:34:00','4025248','4','',''),
('1024809970941221','12:35:00','12:35:00','4025246','5','',''),
('1024809970941221','12:37:00','12:37:00','4025255','6','',''),
('1024809970941221','12:38:00','12:38:00','4025256','7','',''),
('1024809970941221','12:39:00','12:39:00','4025257','8','',''),
('1024809970941221','12:41:00','12:41:00','4025258','9','',''),
('1024809970941221','12:42:00','12:42:00','4025259','10','',''),
('1024809970941221','12:43:00','12:43:00','4025260','11','',''),
('1024809970941221','12:44:00','12:44:00','4025236','12','',''),
('1024809970941221','12:47:00','12:47:00','4025233','13','',''),
('1024809970941221','12:48:00','12:48:00','4025231','14','',''),
('1024809980941221','13:30:00','13:30:00','4025254','1','',''),
('1024809980941221','13:31:00','13:31:00','4025252','2','',''),
('1024809980941221','13:33:00','13:33:00','4025250','3','',''),
('1024809980941221','13:34:00','13:34:00','4025248','4','',''),
('1024809980941221','13:35:00','13:35:00','4025246','5','',''),
('1024809980941221','13:37:00','13:37:00','4025255','6','',''),
('1024809980941221','13:38:00','13:38:00','4025256','7','',''),
('1024809980941221','13:39:00','13:39:00','4025257','8','',''),
('1024809980941221','13:41:00','13:41:00','4025258','9','',''),
('1024809980941221','13:42:00','13:42:00','4025259','10','',''),
('1024809980941221','13:43:00','13:43:00','4025260','11','',''),
('1024809980941221','13:44:00','13:44:00','4025236','12','',''),
('1024809980941221','13:47:00','13:47:00','4025233','13','',''),
('1024809980941221','13:48:00','13:48:00','4025231','14','',''),
('1025538270941221','12:30:00','12:30:00','4025254','1','',''),
('1025538270941221','12:31:00','12:31:00','4025252','2','',''),
('1025538270941221','12:33:00','12:33:00','4025250','3','',''),
('1025538270941221','12:34:00','12:34:00','4025248','4','',''),
('1025538270941221','12:35:00','12:35:00','4025246','5','',''),
('1025538270941221','12:37:00','12:37:00','4025255','6','',''),
('1025538270941221','12:38:00','12:38:00','4025256','7','',''),
('1025538270941221','12:39:00','12:39:00','4025257','8','',''),
('1025538270941221','12:41:00','12:41:00','4025258','9','',''),
('1025538270941221','12:42:00','12:42:00','4025259','10','',''),
('1025538270941221','12:43:00','12:43:00','4025260','11','',''),
('1025538270941221','12:44:00','12:44:00','4025236','12','',''),
('1025538270941221','12:47:00','12:47:00','4025233','13','',''),
('1025538270941221','12:48:00','12:48:00','4025231','14','',''),
('1025538280941221','13:30:00','13:30:00','4025254','1','',''),
('1025538280941221','13:31:00','13:31:00','4025252','2','',''),
('1025538280941221','13:33:00','13:33:00','4025250','3','',''),
('1025538280941221','13:34:00','13:34:00','4025248','4','',''),
('1025538280941221','13:35:00','13:35:00','4025246','5','',''),
('1025538280941221','13:37:00','13:37:00','4025255','6','',''),
('1025538280941221','13:38:00','13:38:00','4025256','7','',''),
('1025538280941221','13:39:00','13:39:00','4025257','8','',''),
('1025538280941221','13:41:00','13:41:00','4025258','9','',''),
('1025538280941221','13:42:00','13:42:00','4025259','10','',''),
('1025538280941221','13:43:00','13:43:00','4025260','11','',''),
('1025538280941221','13:44:00','13:44:00','4025236','12','',''),
('1025538280941221','13:47:00','13:47:00','4025233','13','',''),
('1025538280941221','13:48:00','13:48:00','4025231','14','',''),
('1124809970941221','13:00:00','13:00:00','4025254','1','',''),
('1124809970941221','13:01:00','13:01:00','4025252','2','',''),
('1124809970941221','13:03:00','13:03:00','4025250','3','',''),
('1124809970941221','13:04:00','13:04:00','4025248','4','',''),
('1124809970941221','13:05:00','13:05:00','4025246','5','',''),
('1124809970941221','13:07:00','13:07:00','4025255','6','',''),
('1124809970941221','13:08:00','13:08:00','4025256','7','',''),
('1124809970941221','13:09:00','13:09:00','4025257','8','',''),
('1124809970941221','13:11:00','13:11:00','4025258','9','',''),
('1124809970941221','13:12:00','13:12:00','4025259','10','',''),
('1124809970941221','13:13:00','13:13:00','4025260','11','',''),
('1124809970941221','13:14:00','13:14:00','4025236','12','',''),
('1124809970941221','13:17:00','13:17:00','4025233','13','',''),
('1124809970941221','13:18:00','13:18:00','4025231','14','',''),
('1124809980941221','14:00:00','14:00:00','4025254','1','',''),
('1124809980941221','14:01:00','14:01:00','4025252','2','',''),
('1124809980941221','14:03:00','14:03:00','4025250','3','',''),
('1124809980941221','14:04:00','14:04:00','4025248','4','',''),
('1124809980941221','14:05:00','14:05:00','4025246','5','',''),
('1124809980941221','14:07:00','14:07:00','4025255','6','',''),
('1124809980941221','14:08:00','14:08:00','4025256','7','',''),
('1124809980941221','14:09:00','14:09:00','4025257','8','',''),
('1124809980941221','14:11:00','14:11:00','4025258','9','',''),
('1124809980941221','14:12:00','14:12:00','4025259','10','',''),
('1124809980941221','14:13:00','14:13:00','4025260','11','',''),
('1124809980941221','14:14:00','14:14:00','4025236','12','',''),
('1124809980941221','14:17:00','14:17:00','4025233','13','',''),
('1124809980941221','14:18:00','14:18:00','4025231','14','',''),
('1125538270941221','13:00:00','13:00:00','4025254','1','',''),
('1125538270941221','13:01:00','13:01:00','4025252','2','',''),
('1125538270941221','13:03:00','13:03:00','4025250','3','',''),
('1125538270941221','13:04:00','13:04:00','4025248','4','',''),
('1125538270941221','13:05:00','13:05:00','4025246','5','',''),
('1125538270941221','13:07:00','13:07:00','4025255','6','',''),
('1125538270941221','13:08:00','13:08:00','4025256','7','',''),
('1125538270941221','13:09:00','13:09:00','4025257','8','',''),
('1125538270941221','13:11:00','13:11:00','4025258','9','',''),
('1125538270941221','13:12:00','13:12:00','4025259','10','',''),
('1125538270941221','13:13:00','13:13:00','4025260','11','',''),
('1125538270941221','13:14:00','13:14:00','4025236','12','',''),
('1125538270941221','13:17:00','13:17:00','4025233','13','',''),
('1125538270941221','13:18:00','13:18:00','4025231','14','',''),
('1125538280941221','14:00:00','14:00:00','4025254','1','',''),
('1125538280941221','14:01:00','14:01:00','4025252','2','',''),
('1125538280941221','14:03:00','14:03:00','4025250','3','',''),
('1125538280941221','14:04:00','14:04:00','4025248','4','',''),
('1125538280941221','14:05:00','14:05:00','4025246','5','',''),
('1125538280941221','14:07:00','14:07:00','4025255','6','',''),
('1125538280941221','14:08:00','14:08:00','4025256','7','',''),
('1125538280941221','14:09:00','14:09:00','4025257','8','',''),
('1125538280941221','14:11:00','14:11:00','4025258','9','',''),
('1125538280941221','14:12:00','14:12:00','4025259','10','',''),
('1125538280941221','14:13:00','14:13:00','4025260','11','',''),
('1125538280941221','14:14:00','14:14:00','4025236','12','',''),
('1125538280941221','14:17:00','14:17:00','4025233','13','',''),
('1125538280941221','14:18:00','14:18:00','4025231','14','',''),
('1224809970941221','13:30:00','13:30:00','4025254','1','',''),
('1224809970941221','13:31:00','13:31:00','4025252','2','',''),
('1224809970941221','13:33:00','13:33:00','4025250','3','',''),
('1224809970941221','13:34:00','13:34:00','4025248','4','',''),
('1224809970941221','13:35:00','13:35:00','4025246','5','',''),
('1224809970941221','13:37:00','13:37:00','4025255','6','',''),
('1224809970941221','13:38:00','13:38:00','4025256','7','',''),
('1224809970941221','13:39:00','13:39:00','4025257','8','',''),
('1224809970941221','13:41:00','13:41:00','4025258','9','',''),
('1224809970941221','13:42:00','13:42:00','4025259','10','',''),
('1224809970941221','13:43:00','13:43:00','4025260','11','',''),
('1224809970941221','13:44:00','13:44:00','4025236','12','',''),
('1224809970941221','13:47:00','13:47:00','4025233','13','',''),
('1224809970941221','13:48:00','13:48:00','4025231','14','',''),
('1224809980941221','14:30:00','14:30:00','4025254','1','',''),
('1224809980941221','14:31:00','14:31:00','4025252','2','',''),
('1224809980941221','14:33:00','14:33:00','4025250','3','',''),
('1224809980941221','14:34:00','14:34:00','4025248','4','',''),
('1224809980941221','14:35:00','14:35:00','4025246','5','',''),
('1224809980941221','14:37:00','14:37:00','4025255','6','',''),
('1224809980941221','14:38:00','14:38:00','4025256','7','',''),
('1224809980941221','14:39:00','14:39:00','4025257','8','',''),
('1224809980941221','14:41:00','14:41:00','4025258','9','',''),
('1224809980941221','14:42:00','14:42:00','4025259','10','',''),
('1224809980941221','14:43:00','14:43:00','4025260','11','',''),
('1224809980941221','14:44:00','14:44:00','4025236','12','',''),
('1224809980941221','14:47:00','14:47:00','4025233','13','',''),
('1224809980941221','14:48:00','14:48:00','4025231','14','',''),
('1225538270941221','13:30:00','13:30:00','4025254','1','',''),
('1225538270941221','13:31:00','13:31:00','4025252','2','',''),
('1225538270941221','13:33:00','13:33:00','4025250','3','',''),
('1225538270941221','13:34:00','13:34:00','4025248','4','',''),
('1225538270941221','13:35:00','13:35:00','4025246','5','',''),
('1225538270941221','13:37:00','13:37:00','4025255','6','',''),
('1225538270941221','13:38:00','13:38:00','4025256','7','',''),
('1225538270941221','13:39:00','13:39:00','4025257','8','',''),
('1225538270941221','13:41:00','13:41:00','4025258','9','',''),
('1225538270941221','13:42:00','13:42:00','4025259','10','',''),
('1225538270941221','13:43:00','13:43:00','4025260','11','',''),
('1225538270941221','13:44:00','13:44:00','4025236','12','',''),
('1225538270941221','13:47:00','13:47:00','4025233','13','',''),
('1225538270941221','13:48:00','13:48:00','4025231','14','',''),
('1225538280941221','14:30:00','14:30:00','4025254','1','',''),
('1225538280941221','14:31:00','14:31:00','4025252','2','',''),
('1225538280941221','14:33:00','14:33:00','4025250','3','',''),
('1225538280941221','14:34:00','14:34:00','4025248','4','',''),
('1225538280941221','14:35:00','14:35:00','4025246','5','',''),
('1225538280941221','14:37:00','14:37:00','4025255','6','',''),
('1225538280941221','14:38:00','14:38:00','4025256','7','',''),
('1225538280941221','14:39:00','14:39:00','4025257','8','',''),
('1225538280941221','14:41:00','14:41:00','4025258','9','',''),
('1225538280941221','14:42:00','14:42:00','4025259','10','',''),
('1225538280941221','14:43:00','14:43:00','4025260','11','',''),
('1225538280941221','14:44:00','14:44:00','4025236','12','',''),
('1225538280941221','14:47:00','14:47:00','4025233','13','',''),
('1225538280941221','14:48:00','14:48:00','4025231','14','',''),
('124809970941221','08:00:00','08:00:00','4025254','1','',''),
('124809970941221','08:01:00','08:01:00','4025252','2','',''),
('124809970941221','08:03:00','08:03:00','4025250','3','',''),
('124809970941221','08:04:00','08:04:00','4025248','4','',''),
('124809970941221','08:06:00','08:06:00','4025246','5','',''),
('124809970941221','08:08:00','08:08:00','4025255','6','',''),
('124809970941221','08:09:00','08:09:00','4025256','7','',''),
('124809970941221','08:11:00','08:11:00','4025257','8','',''),
('124809970941221','08:13:00','08:13:00','4025258','9','',''),
('124809970941221','08:14:00','08:14:00','4025259','10','',''),
('124809970941221','08:15:00','08:15:00','4025260','11','',''),
('124809970941221','08:16:00','08:16:00','4025236','12','',''),
('124809970941221','08:19:00','08:19:00','4025233','13','',''),
('124809970941221','08:20:00','08:20:00','4025231','14','',''),
('124809980941221','09:00:00','09:00:00','4025254','1','',''),
('124809980941221','09:01:00','09:01:00','4025252','2','',''),
('124809980941221','09:03:00','09:03:00','4025250','3','',''),
('124809980941221','09:04:00','09:04:00','4025248','4','',''),
('124809980941221','09:05:00','09:05:00','4025246','5','',''),
('124809980941221','09:07:00','09:07:00','4025255','6','',''),
('124809980941221','09:08:00','09:08:00','4025256','7','',''),
('124809980941221','09:10:00','09:10:00','4025257','8','',''),
('124809980941221','09:12:00','09:12:00','4025258','9','',''),
('124809980941221','09:13:00','09:13:00','4025259','10','',''),
('124809980941221','09:14:00','09:14:00','4025260','11','',''),
('124809980941221','09:15:00','09:15:00','4025236','12','',''),
('124809980941221','09:18:00','09:18:00','4025233','13','',''),
('124809980941221','09:19:00','09:19:00','4025231','14','',''),
('125538270941221','08:00:00','08:00:00','4025254','1','',''),
('125538270941221','08:01:00','08:01:00','4025252','2','',''),
('125538270941221','08:03:00','08:03:00','4025250','3','',''),
('125538270941221','08:04:00','08:04:00','4025248','4','',''),
('125538270941221','08:06:00','08:06:00','4025246','5','',''),
('125538270941221','08:08:00','08:08:00','4025255','6','',''),
('125538270941221','08:09:00','08:09:00','4025256','7','',''),
('125538270941221','08:11:00','08:11:00','4025257','8','',''),
('125538270941221','08:13:00','08:13:00','4025258','9','',''),
('125538270941221','08:14:00','08:14:00','4025259','10','',''),
('125538270941221','08:15:00','08:15:00','4025260','11','',''),
('125538270941221','08:16:00','08:16:00','4025236','12','',''),
('125538270941221','08:19:00','08:19:00','4025233','13','',''),
('125538270941221','08:20:00','08:20:00','4025231','14','',''),
('125538280941221','09:00:00','09:00:00','4025254','1','',''),
('125538280941221','09:01:00','09:01:00','4025252','2','',''),
('125538280941221','09:03:00','09:03:00','4025250','3','',''),
('125538280941221','09:04:00','09:04:00','4025248','4','',''),
('125538280941221','09:05:00','09:05:00','4025246','5','',''),
('125538280941221','09:07:00','09:07:00','4025255','6','',''),
('125538280941221','09:08:00','09:08:00','4025256','7','',''),
('125538280941221','09:10:00','09:10:00','4025257','8','',''),
('125538280941221','09:12:00','09:12:00','4025258','9','',''),
('125538280941221','09:13:00','09:13:00','4025259','10','',''),
('125538280941221','09:14:00','09:14:00','4025260','11','',''),
('125538280941221','09:15:00','09:15:00','4025236','12','',''),
('125538280941221','09:18:00','09:18:00','4025233','13','',''),
('125538280941221','09:19:00','09:19:00','4025231','14','',''),
('1324809970941221','14:00:00','14:00:00','4025254','1','',''),
('1324809970941221','14:01:00','14:01:00','4025252','2','',''),
('1324809970941221','14:03:00','14:03:00','4025250','3','',''),
('1324809970941221','14:04:00','14:04:00','4025248','4','',''),
('1324809970941221','14:05:00','14:05:00','4025246','5','',''),
('1324809970941221','14:07:00','14:07:00','4025255','6','',''),
('1324809970941221','14:08:00','14:08:00','4025256','7','',''),
('1324809970941221','14:09:00','14:09:00','4025257','8','',''),
('1324809970941221','14:11:00','14:11:00','4025258','9','',''),
('1324809970941221','14:12:00','14:12:00','4025259','10','',''),
('1324809970941221','14:13:00','14:13:00','4025260','11','',''),
('1324809970941221','14:14:00','14:14:00','4025236','12','',''),
('1324809970941221','14:17:00','14:17:00','4025233','13','',''),
('1324809970941221','14:18:00','14:18:00','4025231','14','',''),
('1324809980941221','15:00:00','15:00:00','4025254','1','',''),
('1324809980941221','15:01:00','15:01:00','4025252','2','',''),
('1324809980941221','15:03:00','15:03:00','4025250','3','',''),
('1324809980941221','15:04:00','15:04:00','4025248','4','',''),
('1324809980941221','15:05:00','15:05:00','4025246','5','',''),
('1324809980941221','15:07:00','15:07:00','4025255','6','',''),
('1324809980941221','15:08:00','15:08:00','4025256','7','',''),
('1324809980941221','15:09:00','15:09:00','4025257','8','',''),
('1324809980941221','15:11:00','15:11:00','4025258','9','',''),
('1324809980941221','15:12:00','15:12:00','4025259','10','',''),
('1324809980941221','15:13:00','15:13:00','4025260','11','',''),
('1324809980941221','15:14:00','15:14:00','4025236','12','',''),
('1324809980941221','15:17:00','15:17:00','4025233','13','',''),
('1324809980941221','15:18:00','15:18:00','4025231','14','',''),
('1325538270941221','14:00:00','14:00:00','4025254','1','',''),
('1325538270941221','14:01:00','14:01:00','4025252','2','',''),
('1325538270941221','14:03:00','14:03:00','4025250','3','',''),
('1325538270941221','14:04:00','14:04:00','4025248','4','',''),
('1325538270941221','14:05:00','14:05:00','4025246','5','',''),
('1325538270941221','14:07:00','14:07:00','4025255','6','',''),
('1325538270941221','14:08:00','14:08:00','4025256','7','',''),
('1325538270941221','14:09:00','14:09:00','4025257','8','',''),
('1325538270941221','14:11:00','14:11:00','4025258','9','',''),
('1325538270941221','14:12:00','14:12:00','4025259','10','',''),
('1325538270941221','14:13:00','14:13:00','4025260','11','',''),
('1325538270941221','14:14:00','14:14:00','4025236','12','',''),
('1325538270941221','14:17:00','14:17:00','4025233','13','',''),
('1325538270941221','14:18:00','14:18:00','4025231','14','',''),
('1325538280941221','15:00:00','15:00:00','4025254','1','',''),
('1325538280941221','15:01:00','15:01:00','4025252','2','',''),
('1325538280941221','15:03:00','15:03:00','4025250','3','',''),
('1325538280941221','15:04:00','15:04:00','4025248','4','',''),
('1325538280941221','15:05:00','15:05:00','4025246','5','',''),
('1325538280941221','15:07:00','15:07:00','4025255','6','',''),
('1325538280941221','15:08:00','15:08:00','4025256','7','',''),
('1325538280941221','15:09:00','15:09:00','4025257','8','',''),
('1325538280941221','15:11:00','15:11:00','4025258','9','',''),
('1325538280941221','15:12:00','15:12:00','4025259','10','',''),
('1325538280941221','15:13:00','15:13:00','4025260','11','',''),
('1325538280941221','15:14:00','15:14:00','4025236','12','',''),
('1325538280941221','15:17:00','15:17:00','4025233','13','',''),
('1325538280941221','15:18:00','15:18:00','4025231','14','',''),
('1424809970941221','14:30:00','14:30:00','4025254','1','',''),
('1424809970941221','14:31:00','14:31:00','4025252','2','',''),
('1424809970941221','14:33:00','14:33:00','4025250','3','',''),
('1424809970941221','14:34:00','14:34:00','4025248','4','',''),
('1424809970941221','14:35:00','14:35:00','4025246','5','',''),
('1424809970941221','14:37:00','14:37:00','4025255','6','',''),
('1424809970941221','14:38:00','14:38:00','4025256','7','',''),
('1424809970941221','14:39:00','14:39:00','4025257','8','',''),
('1424809970941221','14:41:00','14:41:00','4025258','9','',''),
('1424809970941221','14:42:00','14:42:00','4025259','10','',''),
('1424809970941221','14:43:00','14:43:00','4025260','11','',''),
('1424809970941221','14:44:00','14:44:00','4025236','12','',''),
('1424809970941221','14:47:00','14:47:00','4025233','13','',''),
('1424809970941221','14:48:00','14:48:00','4025231','14','',''),
('1424809980941221','15:30:00','15:30:00','4025254','1','',''),
('1424809980941221','15:31:00','15:31:00','4025252','2','',''),
('1424809980941221','15:33:00','15:33:00','4025250','3','',''),
('1424809980941221','15:34:00','15:34:00','4025248','4','',''),
('1424809980941221','15:35:00','15:35:00','4025246','5','',''),
('1424809980941221','15:37:00','15:37:00','4025255','6','',''),
('1424809980941221','15:38:00','15:38:00','4025256','7','',''),
('1424809980941221','15:39:00','15:39:00','4025257','8','',''),
('1424809980941221','15:41:00','15:41:00','4025258','9','',''),
('1424809980941221','15:42:00','15:42:00','4025259','10','',''),
('1424809980941221','15:43:00','15:43:00','4025260','11','',''),
('1424809980941221','15:44:00','15:44:00','4025236','12','',''),
('1424809980941221','15:47:00','15:47:00','4025233','13','',''),
('1424809980941221','15:48:00','15:48:00','4025231','14','',''),
('1425538270941221','14:30:00','14:30:00','4025254','1','',''),
('1425538270941221','14:31:00','14:31:00','4025252','2','',''),
('1425538270941221','14:33:00','14:33:00','4025250','3','',''),
('1425538270941221','14:34:00','14:34:00','4025248','4','',''),
('1425538270941221','14:35:00','14:35:00','4025246','5','',''),
('1425538270941221','14:37:00','14:37:00','4025255','6','',''),
('1425538270941221','14:38:00','14:38:00','4025256','7','',''),
('1425538270941221','14:39:00','14:39:00','4025257','8','',''),
('1425538270941221','14:41:00','14:41:00','4025258','9','',''),
('1425538270941221','14:42:00','14:42:00','4025259','10','',''),
('1425538270941221','14:43:00','14:43:00','4025260','11','',''),
('1425538270941221','14:44:00','14:44:00','4025236','12','',''),
('1425538270941221','14:47:00','14:47:00','4025233','13','',''),
('1425538270941221','14:48:00','14:48:00','4025231','14','',''),
('1425538280941221','15:30:00','15:30:00','4025254','1','',''),
('1425538280941221','15:31:00','15:31:00','4025252','2','',''),
('1425538280941221','15:33:00','15:33:00','4025250','3','',''),
('1425538280941221','15:34:00','15:34:00','4025248','4','',''),
('1425538280941221','15:35:00','15:35:00','4025246','5','',''),
('1425538280941221','15:37:00','15:37:00','4025255','6','',''),
('1425538280941221','15:38:00','15:38:00','4025256','7','',''),
('1425538280941221','15:39:00','15:39:00','4025257','8','',''),
('1425538280941221','15:41:00','15:41:00','4025258','9','',''),
('1425538280941221','15:42:00','15:42:00','4025259','10','',''),
('1425538280941221','15:43:00','15:43:00','4025260','11','',''),
('1425538280941221','15:44:00','15:44:00','4025236','12','',''),
('1425538280941221','15:47:00','15:47:00','4025233','13','',''),
('1425538280941221','15:48:00','15:48:00','4025231','14','',''),
('1524809970941221','15:00:00','15:00:00','4025254','1','',''),
('1524809970941221','15:01:00','15:01:00','4025252','2','',''),
('1524809970941221','15:03:00','15:03:00','4025250','3','',''),
('1524809970941221','15:04:00','15:04:00','4025248','4','',''),
('1524809970941221','15:05:00','15:05:00','4025246','5','',''),
('1524809970941221','15:07:00','15:07:00','4025255','6','',''),
('1524809970941221','15:08:00','15:08:00','4025256','7','',''),
('1524809970941221','15:09:00','15:09:00','4025257','8','',''),
('1524809970941221','15:11:00','15:11:00','4025258','9','',''),
('1524809970941221','15:12:00','15:12:00','4025259','10','',''),
('1524809970941221','15:13:00','15:13:00','4025260','11','',''),
('1524809970941221','15:14:00','15:14:00','4025236','12','',''),
('1524809970941221','15:17:00','15:17:00','4025233','13','',''),
('1524809970941221','15:18:00','15:18:00','4025231','14','',''),
('1524809980941221','16:00:00','16:00:00','4025254','1','',''),
('1524809980941221','16:01:00','16:01:00','4025252','2','',''),
('1524809980941221','16:03:00','16:03:00','4025250','3','',''),
('1524809980941221','16:04:00','16:04:00','4025248','4','',''),
('1524809980941221','16:05:00','16:05:00','4025246','5','',''),
('1524809980941221','16:07:00','16:07:00','4025255','6','',''),
('1524809980941221','16:08:00','16:08:00','4025256','7','',''),
('1524809980941221','16:09:00','16:09:00','4025257','8','',''),
('1524809980941221','16:11:00','16:11:00','4025258','9','',''),
('1524809980941221','16:12:00','16:12:00','4025259','10','',''),
('1524809980941221','16:13:00','16:13:00','4025260','11','',''),
('1524809980941221','16:14:00','16:14:00','4025236','12','',''),
('1524809980941221','16:17:00','16:17:00','4025233','13','',''),
('1524809980941221','16:18:00','16:18:00','4025231','14','',''),
('1525538270941221','15:00:00','15:00:00','4025254','1','',''),
('1525538270941221','15:01:00','15:01:00','4025252','2','',''),
('1525538270941221','15:03:00','15:03:00','4025250','3','',''),
('1525538270941221','15:04:00','15:04:00','4025248','4','',''),
('1525538270941221','15:05:00','15:05:00','4025246','5','',''),
('1525538270941221','15:07:00','15:07:00','4025255','6','',''),
('1525538270941221','15:08:00','15:08:00','4025256','7','',''),
('1525538270941221','15:09:00','15:09:00','4025257','8','',''),
('1525538270941221','15:11:00','15:11:00','4025258','9','',''),
('1525538270941221','15:12:00','15:12:00','4025259','10','',''),
('1525538270941221','15:13:00','15:13:00','4025260','11','',''),
('1525538270941221','15:14:00','15:14:00','4025236','12','',''),
('1525538270941221','15:17:00','15:17:00','4025233','13','',''),
('1525538270941221','15:18:00','15:18:00','4025231','14','',''),
('1525538280941221','16:00:00','16:00:00','4025254','1','',''),
('1525538280941221','16:01:00','16:01:00','4025252','2','',''),
('1525538280941221','16:03:00','16:03:00','4025250','3','',''),
('1525538280941221','16:04:00','16:04:00','4025248','4','',''),
('1525538280941221','16:05:00','16:05:00','4025246','5','',''),
('1525538280941221','16:07:00','16:07:00','4025255','6','',''),
('1525538280941221','16:08:00','16:08:00','4025256','7','',''),
('1525538280941221','16:09:00','16:09:00','4025257','8','',''),
('1525538280941221','16:11:00','16:11:00','4025258','9','',''),
('1525538280941221','16:12:00','16:12:00','4025259','10','',''),
('1525538280941221','16:13:00','16:13:00','4025260','11','',''),
('1525538280941221','16:14:00','16:14:00','4025236','12','',''),
('1525538280941221','16:17:00','16:17:00','4025233','13','',''),
('1525538280941221','16:18:00','16:18:00','4025231','14','',''),
('1624809970941221','15:30:00','15:30:00','4025254','1','',''),
('1624809970941221','15:31:00','15:31:00','4025252','2','',''),
('1624809970941221','15:33:00','15:33:00','4025250','3','',''),
('1624809970941221','15:34:00','15:34:00','4025248','4','',''),
('1624809970941221','15:35:00','15:35:00','4025246','5','',''),
('1624809970941221','15:37:00','15:37:00','4025255','6','',''),
('1624809970941221','15:38:00','15:38:00','4025256','7','',''),
('1624809970941221','15:39:00','15:39:00','4025257','8','',''),
('1624809970941221','15:41:00','15:41:00','4025258','9','',''),
('1624809970941221','15:42:00','15:42:00','4025259','10','',''),
('1624809970941221','15:43:00','15:43:00','4025260','11','',''),
('1624809970941221','15:44:00','15:44:00','4025236','12','',''),
('1624809970941221','15:47:00','15:47:00','4025233','13','',''),
('1624809970941221','15:48:00','15:48:00','4025231','14','',''),
('1624809980941221','16:30:00','16:30:00','4025254','1','',''),
('1624809980941221','16:31:00','16:31:00','4025252','2','',''),
('1624809980941221','16:33:00','16:33:00','4025250','3','',''),
('1624809980941221','16:34:00','16:34:00','4025248','4','',''),
('1624809980941221','16:36:00','16:36:00','4025246','5','',''),
('1624809980941221','16:38:00','16:38:00','4025255','6','',''),
('1624809980941221','16:39:00','16:39:00','4025256','7','',''),
('1624809980941221','16:41:00','16:41:00','4025257','8','',''),
('1624809980941221','16:43:00','16:43:00','4025258','9','',''),
('1624809980941221','16:44:00','16:44:00','4025259','10','',''),
('1624809980941221','16:45:00','16:45:00','4025260','11','',''),
('1624809980941221','16:46:00','16:46:00','4025236','12','',''),
('1624809980941221','16:49:00','16:49:00','4025233','13','',''),
('1624809980941221','16:50:00','16:50:00','4025231','14','',''),
('1625538270941221','15:30:00','15:30:00','4025254','1','',''),
('1625538270941221','15:31:00','15:31:00','4025252','2','',''),
('1625538270941221','15:33:00','15:33:00','4025250','3','',''),
('1625538270941221','15:34:00','15:34:00','4025248','4','',''),
('1625538270941221','15:35:00','15:35:00','4025246','5','',''),
('1625538270941221','15:37:00','15:37:00','4025255','6','',''),
('1625538270941221','15:38:00','15:38:00','4025256','7','',''),
('1625538270941221','15:39:00','15:39:00','4025257','8','',''),
('1625538270941221','15:41:00','15:41:00','4025258','9','',''),
('1625538270941221','15:42:00','15:42:00','4025259','10','',''),
('1625538270941221','15:43:00','15:43:00','4025260','11','',''),
('1625538270941221','15:44:00','15:44:00','4025236','12','',''),
('1625538270941221','15:47:00','15:47:00','4025233','13','',''),
('1625538270941221','15:48:00','15:48:00','4025231','14','',''),
('1625538280941221','16:30:00','16:30:00','4025254','1','',''),
('1625538280941221','16:31:00','16:31:00','4025252','2','',''),
('1625538280941221','16:33:00','16:33:00','4025250','3','',''),
('1625538280941221','16:34:00','16:34:00','4025248','4','',''),
('1625538280941221','16:36:00','16:36:00','4025246','5','',''),
('1625538280941221','16:38:00','16:38:00','4025255','6','',''),
('1625538280941221','16:39:00','16:39:00','4025256','7','',''),
('1625538280941221','16:41:00','16:41:00','4025257','8','',''),
('1625538280941221','16:43:00','16:43:00','4025258','9','',''),
('1625538280941221','16:44:00','16:44:00','4025259','10','',''),
('1625538280941221','16:45:00','16:45:00','4025260','11','',''),
('1625538280941221','16:46:00','16:46:00','4025236','12','',''),
('1625538280941221','16:49:00','16:49:00','4025233','13','',''),
('1625538280941221','16:50:00','16:50:00','4025231','14','',''),
('1724809970941221','16:00:00','16:00:00','4025254','1','',''),
('1724809970941221','16:01:00','16:01:00','4025252','2','',''),
('1724809970941221','16:03:00','16:03:00','4025250','3','',''),
('1724809970941221','16:04:00','16:04:00','4025248','4','',''),
('1724809970941221','16:05:00','16:05:00','4025246','5','',''),
('1724809970941221','16:07:00','16:07:00','4025255','6','',''),
('1724809970941221','16:08:00','16:08:00','4025256','7','',''),
('1724809970941221','16:09:00','16:09:00','4025257','8','',''),
('1724809970941221','16:11:00','16:11:00','4025258','9','',''),
('1724809970941221','16:12:00','16:12:00','4025259','10','',''),
('1724809970941221','16:13:00','16:13:00','4025260','11','',''),
('1724809970941221','16:14:00','16:14:00','4025236','12','',''),
('1724809970941221','16:17:00','16:17:00','4025233','13','',''),
('1724809970941221','16:18:00','16:18:00','4025231','14','',''),
('1724809980941221','17:00:00','17:00:00','4025254','1','',''),
('1724809980941221','17:01:00','17:01:00','4025252','2','',''),
('1724809980941221','17:03:00','17:03:00','4025250','3','',''),
('1724809980941221','17:04:00','17:04:00','4025248','4','',''),
('1724809980941221','17:06:00','17:06:00','4025246','5','',''),
('1724809980941221','17:08:00','17:08:00','4025255','6','',''),
('1724809980941221','17:09:00','17:09:00','4025256','7','',''),
('1724809980941221','17:11:00','17:11:00','4025257','8','',''),
('1724809980941221','17:13:00','17:13:00','4025258','9','',''),
('1724809980941221','17:14:00','17:14:00','4025259','10','',''),
('1724809980941221','17:15:00','17:15:00','4025260','11','',''),
('1724809980941221','17:16:00','17:16:00','4025236','12','',''),
('1724809980941221','17:19:00','17:19:00','4025233','13','',''),
('1724809980941221','17:20:00','17:20:00','4025231','14','',''),
('1725538270941221','16:00:00','16:00:00','4025254','1','',''),
('1725538270941221','16:01:00','16:01:00','4025252','2','',''),
('1725538270941221','16:03:00','16:03:00','4025250','3','',''),
('1725538270941221','16:04:00','16:04:00','4025248','4','',''),
('1725538270941221','16:05:00','16:05:00','4025246','5','',''),
('1725538270941221','16:07:00','16:07:00','4025255','6','',''),
('1725538270941221','16:08:00','16:08:00','4025256','7','',''),
('1725538270941221','16:09:00','16:09:00','4025257','8','',''),
('1725538270941221','16:11:00','16:11:00','4025258','9','',''),
('1725538270941221','16:12:00','16:12:00','4025259','10','',''),
('1725538270941221','16:13:00','16:13:00','4025260','11','',''),
('1725538270941221','16:14:00','16:14:00','4025236','12','',''),
('1725538270941221','16:17:00','16:17:00','4025233','13','',''),
('1725538270941221','16:18:00','16:18:00','4025231','14','',''),
('1725538280941221','17:00:00','17:00:00','4025254','1','',''),
('1725538280941221','17:01:00','17:01:00','4025252','2','',''),
('1725538280941221','17:03:00','17:03:00','4025250','3','',''),
('1725538280941221','17:04:00','17:04:00','4025248','4','',''),
('1725538280941221','17:06:00','17:06:00','4025246','5','',''),
('1725538280941221','17:08:00','17:08:00','4025255','6','',''),
('1725538280941221','17:09:00','17:09:00','4025256','7','',''),
('1725538280941221','17:11:00','17:11:00','4025257','8','',''),
('1725538280941221','17:13:00','17:13:00','4025258','9','',''),
('1725538280941221','17:14:00','17:14:00','4025259','10','',''),
('1725538280941221','17:15:00','17:15:00','4025260','11','',''),
('1725538280941221','17:16:00','17:16:00','4025236','12','',''),
('1725538280941221','17:19:00','17:19:00','4025233','13','',''),
('1725538280941221','17:20:00','17:20:00','4025231','14','',''),
('1824809970941221','16:30:00','16:30:00','4025254','1','',''),
('1824809970941221','16:31:00','16:31:00','4025252','2','',''),
('1824809970941221','16:33:00','16:33:00','4025250','3','',''),
('1824809970941221','16:34:00','16:34:00','4025248','4','',''),
('1824809970941221','16:36:00','16:36:00','4025246','5','',''),
('1824809970941221','16:38:00','16:38:00','4025255','6','',''),
('1824809970941221','16:39:00','16:39:00','4025256','7','',''),
('1824809970941221','16:41:00','16:41:00','4025257','8','',''),
('1824809970941221','16:43:00','16:43:00','4025258','9','',''),
('1824809970941221','16:44:00','16:44:00','4025259','10','',''),
('1824809970941221','16:45:00','16:45:00','4025260','11','',''),
('1824809970941221','16:46:00','16:46:00','4025236','12','',''),
('1824809970941221','16:49:00','16:49:00','4025233','13','',''),
('1824809970941221','16:50:00','16:50:00','4025231','14','',''),
('1824809980941221','17:30:00','17:30:00','4025254','1','',''),
('1824809980941221','17:31:00','17:31:00','4025252','2','',''),
('1824809980941221','17:33:00','17:33:00','4025250','3','',''),
('1824809980941221','17:34:00','17:34:00','4025248','4','',''),
('1824809980941221','17:36:00','17:36:00','4025246','5','',''),
('1824809980941221','17:38:00','17:38:00','4025255','6','',''),
('1824809980941221','17:39:00','17:39:00','4025256','7','',''),
('1824809980941221','17:41:00','17:41:00','4025257','8','',''),
('1824809980941221','17:43:00','17:43:00','4025258','9','',''),
('1824809980941221','17:44:00','17:44:00','4025259','10','',''),
('1824809980941221','17:45:00','17:45:00','4025260','11','',''),
('1824809980941221','17:46:00','17:46:00','4025236','12','',''),
('1824809980941221','17:49:00','17:49:00','4025233','13','',''),
('1824809980941221','17:50:00','17:50:00','4025231','14','',''),
('1825538270941221','16:30:00','16:30:00','4025254','1','',''),
('1825538270941221','16:31:00','16:31:00','4025252','2','',''),
('1825538270941221','16:33:00','16:33:00','4025250','3','',''),
('1825538270941221','16:34:00','16:34:00','4025248','4','',''),
('1825538270941221','16:36:00','16:36:00','4025246','5','',''),
('1825538270941221','16:38:00','16:38:00','4025255','6','',''),
('1825538270941221','16:39:00','16:39:00','4025256','7','',''),
('1825538270941221','16:41:00','16:41:00','4025257','8','',''),
('1825538270941221','16:43:00','16:43:00','4025258','9','',''),
('1825538270941221','16:44:00','16:44:00','4025259','10','',''),
('1825538270941221','16:45:00','16:45:00','4025260','11','',''),
('1825538270941221','16:46:00','16:46:00','4025236','12','',''),
('1825538270941221','16:49:00','16:49:00','4025233','13','',''),
('1825538270941221','16:50:00','16:50:00','4025231','14','',''),
('1825538280941221','17:30:00','17:30:00','4025254','1','',''),
('1825538280941221','17:31:00','17:31:00','4025252','2','',''),
('1825538280941221','17:33:00','17:33:00','4025250','3','',''),
('1825538280941221','17:34:00','17:34:00','4025248','4','',''),
('1825538280941221','17:36:00','17:36:00','4025246','5','',''),
('1825538280941221','17:38:00','17:38:00','4025255','6','',''),
('1825538280941221','17:39:00','17:39:00','4025256','7','',''),
('1825538280941221','17:41:00','17:41:00','4025257','8','',''),
('1825538280941221','17:43:00','17:43:00','4025258','9','',''),
('1825538280941221','17:44:00','17:44:00','4025259','10','',''),
('1825538280941221','17:45:00','17:45:00','4025260','11','',''),
('1825538280941221','17:46:00','17:46:00','4025236','12','',''),
('1825538280941221','17:49:00','17:49:00','4025233','13','',''),
('1825538280941221','17:50:00','17:50:00','4025231','14','',''),
('1924809970941221','17:00:00','17:00:00','4025254','1','',''),
('1924809970941221','17:01:00','17:01:00','4025252','2','',''),
('1924809970941221','17:03:00','17:03:00','4025250','3','',''),
('1924809970941221','17:04:00','17:04:00','4025248','4','',''),
('1924809970941221','17:06:00','17:06:00','4025246','5','',''),
('1924809970941221','17:08:00','17:08:00','4025255','6','',''),
('1924809970941221','17:09:00','17:09:00','4025256','7','',''),
('1924809970941221','17:11:00','17:11:00','4025257','8','',''),
('1924809970941221','17:13:00','17:13:00','4025258','9','',''),
('1924809970941221','17:14:00','17:14:00','4025259','10','',''),
('1924809970941221','17:15:00','17:15:00','4025260','11','',''),
('1924809970941221','17:16:00','17:16:00','4025236','12','',''),
('1924809970941221','17:19:00','17:19:00','4025233','13','',''),
('1924809970941221','17:20:00','17:20:00','4025231','14','',''),
('1924809980941221','18:00:00','18:00:00','4025254','1','',''),
('1924809980941221','18:01:00','18:01:00','4025252','2','',''),
('1924809980941221','18:03:00','18:03:00','4025250','3','',''),
('1924809980941221','18:04:00','18:04:00','4025248','4','',''),
('1924809980941221','18:06:00','18:06:00','4025246','5','',''),
('1924809980941221','18:08:00','18:08:00','4025255','6','',''),
('1924809980941221','18:09:00','18:09:00','4025256','7','',''),
('1924809980941221','18:11:00','18:11:00','4025257','8','',''),
('1924809980941221','18:13:00','18:13:00','4025258','9','',''),
('1924809980941221','18:14:00','18:14:00','4025259','10','',''),
('1924809980941221','18:15:00','18:15:00','4025260','11','',''),
('1924809980941221','18:16:00','18:16:00','4025236','12','',''),
('1924809980941221','18:19:00','18:19:00','4025233','13','',''),
('1924809980941221','18:20:00','18:20:00','4025231','14','',''),
('1925538270941221','17:00:00','17:00:00','4025254','1','',''),
('1925538270941221','17:01:00','17:01:00','4025252','2','',''),
('1925538270941221','17:03:00','17:03:00','4025250','3','',''),
('1925538270941221','17:04:00','17:04:00','4025248','4','',''),
('1925538270941221','17:06:00','17:06:00','4025246','5','',''),
('1925538270941221','17:08:00','17:08:00','4025255','6','',''),
('1925538270941221','17:09:00','17:09:00','4025256','7','',''),
('1925538270941221','17:11:00','17:11:00','4025257','8','',''),
('1925538270941221','17:13:00','17:13:00','4025258','9','',''),
('1925538270941221','17:14:00','17:14:00','4025259','10','',''),
('1925538270941221','17:15:00','17:15:00','4025260','11','',''),
('1925538270941221','17:16:00','17:16:00','4025236','12','',''),
('1925538270941221','17:19:00','17:19:00','4025233','13','',''),
('1925538270941221','17:20:00','17:20:00','4025231','14','',''),
('1925538280941221','18:00:00','18:00:00','4025254','1','',''),
('1925538280941221','18:01:00','18:01:00','4025252','2','',''),
('1925538280941221','18:03:00','18:03:00','4025250','3','',''),
('1925538280941221','18:04:00','18:04:00','4025248','4','',''),
('1925538280941221','18:06:00','18:06:00','4025246','5','',''),
('1925538280941221','18:08:00','18:08:00','4025255','6','',''),
('1925538280941221','18:09:00','18:09:00','4025256','7','',''),
('1925538280941221','18:11:00','18:11:00','4025257','8','',''),
('1925538280941221','18:13:00','18:13:00','4025258','9','',''),
('1925538280941221','18:14:00','18:14:00','4025259','10','',''),
('1925538280941221','18:15:00','18:15:00','4025260','11','',''),
('1925538280941221','18:16:00','18:16:00','4025236','12','',''),
('1925538280941221','18:19:00','18:19:00','4025233','13','',''),
('1925538280941221','18:20:00','18:20:00','4025231','14','',''),
('2024809970941221','17:30:00','17:30:00','4025254','1','',''),
('2024809970941221','17:31:00','17:31:00','4025252','2','',''),
('2024809970941221','17:33:00','17:33:00','4025250','3','',''),
('2024809970941221','17:34:00','17:34:00','4025248','4','',''),
('2024809970941221','17:36:00','17:36:00','4025246','5','',''),
('2024809970941221','17:38:00','17:38:00','4025255','6','',''),
('2024809970941221','17:39:00','17:39:00','4025256','7','',''),
('2024809970941221','17:41:00','17:41:00','4025257','8','',''),
('2024809970941221','17:43:00','17:43:00','4025258','9','',''),
('2024809970941221','17:44:00','17:44:00','4025259','10','',''),
('2024809970941221','17:45:00','17:45:00','4025260','11','',''),
('2024809970941221','17:46:00','17:46:00','4025236','12','',''),
('2024809970941221','17:49:00','17:49:00','4025233','13','',''),
('2024809970941221','17:50:00','17:50:00','4025231','14','',''),
('2024809980941221','18:30:00','18:30:00','4025254','1','',''),
('2024809980941221','18:31:00','18:31:00','4025252','2','',''),
('2024809980941221','18:33:00','18:33:00','4025250','3','',''),
('2024809980941221','18:34:00','18:34:00','4025248','4','',''),
('2024809980941221','18:36:00','18:36:00','4025246','5','',''),
('2024809980941221','18:38:00','18:38:00','4025255','6','',''),
('2024809980941221','18:39:00','18:39:00','4025256','7','',''),
('2024809980941221','18:41:00','18:41:00','4025257','8','',''),
('2024809980941221','18:43:00','18:43:00','4025258','9','',''),
('2024809980941221','18:44:00','18:44:00','4025259','10','',''),
('2024809980941221','18:45:00','18:45:00','4025260','11','',''),
('2024809980941221','18:46:00','18:46:00','4025236','12','',''),
('2024809980941221','18:49:00','18:49:00','4025233','13','',''),
('2024809980941221','18:50:00','18:50:00','4025231','14','',''),
('2025538270941221','17:30:00','17:30:00','4025254','1','',''),
('2025538270941221','17:31:00','17:31:00','4025252','2','',''),
('2025538270941221','17:33:00','17:33:00','4025250','3','',''),
('2025538270941221','17:34:00','17:34:00','4025248','4','',''),
('2025538270941221','17:36:00','17:36:00','4025246','5','',''),
('2025538270941221','17:38:00','17:38:00','4025255','6','',''),
('2025538270941221','17:39:00','17:39:00','4025256','7','',''),
('2025538270941221','17:41:00','17:41:00','4025257','8','',''),
('2025538270941221','17:43:00','17:43:00','4025258','9','',''),
('2025538270941221','17:44:00','17:44:00','4025259','10','',''),
('2025538270941221','17:45:00','17:45:00','4025260','11','',''),
('2025538270941221','17:46:00','17:46:00','4025236','12','',''),
('2025538270941221','17:49:00','17:49:00','4025233','13','',''),
('2025538270941221','17:50:00','17:50:00','4025231','14','',''),
('2025538280941221','18:30:00','18:30:00','4025254','1','',''),
('2025538280941221','18:31:00','18:31:00','4025252','2','',''),
('2025538280941221','18:33:00','18:33:00','4025250','3','',''),
('2025538280941221','18:34:00','18:34:00','4025248','4','',''),
('2025538280941221','18:36:00','18:36:00','4025246','5','',''),
('2025538280941221','18:38:00','18:38:00','4025255','6','',''),
('2025538280941221','18:39:00','18:39:00','4025256','7','',''),
('2025538280941221','18:41:00','18:41:00','4025257','8','',''),
('2025538280941221','18:43:00','18:43:00','4025258','9','',''),
('2025538280941221','18:44:00','18:44:00','4025259','10','',''),
('2025538280941221','18:45:00','18:45:00','4025260','11','',''),
('2025538280941221','18:46:00','18:46:00','4025236','12','',''),
('2025538280941221','18:49:00','18:49:00','4025233','13','',''),
('2025538280941221','18:50:00','18:50:00','4025231','14','',''),
('2124809970941221','18:00:00','18:00:00','4025254','1','',''),
('2124809970941221','18:01:00','18:01:00','4025252','2','',''),
('2124809970941221','18:03:00','18:03:00','4025250','3','',''),
('2124809970941221','18:04:00','18:04:00','4025248','4','',''),
('2124809970941221','18:06:00','18:06:00','4025246','5','',''),
('2124809970941221','18:08:00','18:08:00','4025255','6','',''),
('2124809970941221','18:09:00','18:09:00','4025256','7','',''),
('2124809970941221','18:11:00','18:11:00','4025257','8','',''),
('2124809970941221','18:13:00','18:13:00','4025258','9','',''),
('2124809970941221','18:14:00','18:14:00','4025259','10','',''),
('2124809970941221','18:15:00','18:15:00','4025260','11','',''),
('2124809970941221','18:16:00','18:16:00','4025236','12','',''),
('2124809970941221','18:19:00','18:19:00','4025233','13','',''),
('2124809970941221','18:20:00','18:20:00','4025231','14','',''),
('2124809980941221','19:00:00','19:00:00','4025254','1','',''),
('2124809980941221','19:01:00','19:01:00','4025252','2','',''),
('2124809980941221','19:03:00','19:03:00','4025250','3','',''),
('2124809980941221','19:04:00','19:04:00','4025248','4','',''),
('2124809980941221','19:06:00','19:06:00','4025246','5','',''),
('2124809980941221','19:08:00','19:08:00','4025255','6','',''),
('2124809980941221','19:09:00','19:09:00','4025256','7','',''),
('2124809980941221','19:11:00','19:11:00','4025257','8','',''),
('2124809980941221','19:13:00','19:13:00','4025258','9','',''),
('2124809980941221','19:14:00','19:14:00','4025259','10','',''),
('2124809980941221','19:15:00','19:15:00','4025260','11','',''),
('2124809980941221','19:16:00','19:16:00','4025236','12','',''),
('2124809980941221','19:19:00','19:19:00','4025233','13','',''),
('2124809980941221','19:20:00','19:20:00','4025231','14','',''),
('2125538270941221','18:00:00','18:00:00','4025254','1','',''),
('2125538270941221','18:01:00','18:01:00','4025252','2','',''),
('2125538270941221','18:03:00','18:03:00','4025250','3','',''),
('2125538270941221','18:04:00','18:04:00','4025248','4','',''),
('2125538270941221','18:06:00','18:06:00','4025246','5','',''),
('2125538270941221','18:08:00','18:08:00','4025255','6','',''),
('2125538270941221','18:09:00','18:09:00','4025256','7','',''),
('2125538270941221','18:11:00','18:11:00','4025257','8','',''),
('2125538270941221','18:13:00','18:13:00','4025258','9','',''),
('2125538270941221','18:14:00','18:14:00','4025259','10','',''),
('2125538270941221','18:15:00','18:15:00','4025260','11','',''),
('2125538270941221','18:16:00','18:16:00','4025236','12','',''),
('2125538270941221','18:19:00','18:19:00','4025233','13','',''),
('2125538270941221','18:20:00','18:20:00','4025231','14','',''),
('2125538280941221','19:00:00','19:00:00','4025254','1','',''),
('2125538280941221','19:01:00','19:01:00','4025252','2','',''),
('2125538280941221','19:03:00','19:03:00','4025250','3','',''),
('2125538280941221','19:04:00','19:04:00','4025248','4','',''),
('2125538280941221','19:06:00','19:06:00','4025246','5','',''),
('2125538280941221','19:08:00','19:08:00','4025255','6','',''),
('2125538280941221','19:09:00','19:09:00','4025256','7','',''),
('2125538280941221','19:11:00','19:11:00','4025257','8','',''),
('2125538280941221','19:13:00','19:13:00','4025258','9','',''),
('2125538280941221','19:14:00','19:14:00','4025259','10','',''),
('2125538280941221','19:15:00','19:15:00','4025260','11','',''),
('2125538280941221','19:16:00','19:16:00','4025236','12','',''),
('2125538280941221','19:19:00','19:19:00','4025233','13','',''),
('2125538280941221','19:20:00','19:20:00','4025231','14','',''),
('2224809970941221','18:30:00','18:30:00','4025254','1','',''),
('2224809970941221','18:31:00','18:31:00','4025252','2','',''),
('2224809970941221','18:33:00','18:33:00','4025250','3','',''),
('2224809970941221','18:34:00','18:34:00','4025248','4','',''),
('2224809970941221','18:36:00','18:36:00','4025246','5','',''),
('2224809970941221','18:38:00','18:38:00','4025255','6','',''),
('2224809970941221','18:39:00','18:39:00','4025256','7','',''),
('2224809970941221','18:41:00','18:41:00','4025257','8','',''),
('2224809970941221','18:43:00','18:43:00','4025258','9','',''),
('2224809970941221','18:44:00','18:44:00','4025259','10','',''),
('2224809970941221','18:45:00','18:45:00','4025260','11','',''),
('2224809970941221','18:46:00','18:46:00','4025236','12','',''),
('2224809970941221','18:49:00','18:49:00','4025233','13','',''),
('2224809970941221','18:50:00','18:50:00','4025231','14','',''),
('2225538270941221','18:30:00','18:30:00','4025254','1','',''),
('2225538270941221','18:31:00','18:31:00','4025252','2','',''),
('2225538270941221','18:33:00','18:33:00','4025250','3','',''),
('2225538270941221','18:34:00','18:34:00','4025248','4','',''),
('2225538270941221','18:36:00','18:36:00','4025246','5','',''),
('2225538270941221','18:38:00','18:38:00','4025255','6','',''),
('2225538270941221','18:39:00','18:39:00','4025256','7','',''),
('2225538270941221','18:41:00','18:41:00','4025257','8','',''),
('2225538270941221','18:43:00','18:43:00','4025258','9','',''),
('2225538270941221','18:44:00','18:44:00','4025259','10','',''),
('2225538270941221','18:45:00','18:45:00','4025260','11','',''),
('2225538270941221','18:46:00','18:46:00','4025236','12','',''),
('2225538270941221','18:49:00','18:49:00','4025233','13','',''),
('2225538270941221','18:50:00','18:50:00','4025231','14','',''),
('224809970941221','08:30:00','08:30:00','4025254','1','',''),
('224809970941221','08:31:00','08:31:00','4025252','2','',''),
('224809970941221','08:33:00','08:33:00','4025250','3','',''),
('224809970941221','08:34:00','08:34:00','4025248','4','',''),
('224809970941221','08:35:00','08:35:00','4025246','5','',''),
('224809970941221','08:37:00','08:37:00','4025255','6','',''),
('224809970941221','08:38:00','08:38:00','4025256','7','',''),
('224809970941221','08:40:00','08:40:00','4025257','8','',''),
('224809970941221','08:42:00','08:42:00','4025258','9','',''),
('224809970941221','08:43:00','08:43:00','4025259','10','',''),
('224809970941221','08:44:00','08:44:00','4025260','11','',''),
('224809970941221','08:45:00','08:45:00','4025236','12','',''),
('224809970941221','08:48:00','08:48:00','4025233','13','',''),
('224809970941221','08:49:00','08:49:00','4025231','14','',''),
('224809980941221','09:30:00','09:30:00','4025254','1','',''),
('224809980941221','09:31:00','09:31:00','4025252','2','',''),
('224809980941221','09:33:00','09:33:00','4025250','3','',''),
('224809980941221','09:34:00','09:34:00','4025248','4','',''),
('224809980941221','09:35:00','09:35:00','4025246','5','',''),
('224809980941221','09:37:00','09:37:00','4025255','6','',''),
('224809980941221','09:38:00','09:38:00','4025256','7','',''),
('224809980941221','09:40:00','09:40:00','4025257','8','',''),
('224809980941221','09:42:00','09:42:00','4025258','9','',''),
('224809980941221','09:43:00','09:43:00','4025259','10','',''),
('224809980941221','09:44:00','09:44:00','4025260','11','',''),
('224809980941221','09:45:00','09:45:00','4025236','12','',''),
('224809980941221','09:48:00','09:48:00','4025233','13','',''),
('224809980941221','09:49:00','09:49:00','4025231','14','',''),
('225538270941221','08:30:00','08:30:00','4025254','1','',''),
('225538270941221','08:31:00','08:31:00','4025252','2','',''),
('225538270941221','08:33:00','08:33:00','4025250','3','',''),
('225538270941221','08:34:00','08:34:00','4025248','4','',''),
('225538270941221','08:35:00','08:35:00','4025246','5','',''),
('225538270941221','08:37:00','08:37:00','4025255','6','',''),
('225538270941221','08:38:00','08:38:00','4025256','7','',''),
('225538270941221','08:40:00','08:40:00','4025257','8','',''),
('225538270941221','08:42:00','08:42:00','4025258','9','',''),
('225538270941221','08:43:00','08:43:00','4025259','10','',''),
('225538270941221','08:44:00','08:44:00','4025260','11','',''),
('225538270941221','08:45:00','08:45:00','4025236','12','',''),
('225538270941221','08:48:00','08:48:00','4025233','13','',''),
('225538270941221','08:49:00','08:49:00','4025231','14','',''),
('225538280941221','09:30:00','09:30:00','4025254','1','',''),
('225538280941221','09:31:00','09:31:00','4025252','2','',''),
('225538280941221','09:33:00','09:33:00','4025250','3','',''),
('225538280941221','09:34:00','09:34:00','4025248','4','',''),
('225538280941221','09:35:00','09:35:00','4025246','5','',''),
('225538280941221','09:37:00','09:37:00','4025255','6','',''),
('225538280941221','09:38:00','09:38:00','4025256','7','',''),
('225538280941221','09:40:00','09:40:00','4025257','8','',''),
('225538280941221','09:42:00','09:42:00','4025258','9','',''),
('225538280941221','09:43:00','09:43:00','4025259','10','',''),
('225538280941221','09:44:00','09:44:00','4025260','11','',''),
('225538280941221','09:45:00','09:45:00','4025236','12','',''),
('225538280941221','09:48:00','09:48:00','4025233','13','',''),
('225538280941221','09:49:00','09:49:00','4025231','14','',''),
('2324809970941221','19:00:00','19:00:00','4025254','1','',''),
('2324809970941221','19:01:00','19:01:00','4025252','2','',''),
('2324809970941221','19:03:00','19:03:00','4025250','3','',''),
('2324809970941221','19:04:00','19:04:00','4025248','4','',''),
('2324809970941221','19:06:00','19:06:00','4025246','5','',''),
('2324809970941221','19:08:00','19:08:00','4025255','6','',''),
('2324809970941221','19:09:00','19:09:00','4025256','7','',''),
('2324809970941221','19:11:00','19:11:00','4025257','8','',''),
('2324809970941221','19:13:00','19:13:00','4025258','9','',''),
('2324809970941221','19:14:00','19:14:00','4025259','10','',''),
('2324809970941221','19:15:00','19:15:00','4025260','11','',''),
('2324809970941221','19:16:00','19:16:00','4025236','12','',''),
('2324809970941221','19:19:00','19:19:00','4025233','13','',''),
('2324809970941221','19:20:00','19:20:00','4025231','14','',''),
('2325538270941221','19:00:00','19:00:00','4025254','1','',''),
('2325538270941221','19:01:00','19:01:00','4025252','2','',''),
('2325538270941221','19:03:00','19:03:00','4025250','3','',''),
('2325538270941221','19:04:00','19:04:00','4025248','4','',''),
('2325538270941221','19:06:00','19:06:00','4025246','5','',''),
('2325538270941221','19:08:00','19:08:00','4025255','6','',''),
('2325538270941221','19:09:00','19:09:00','4025256','7','',''),
('2325538270941221','19:11:00','19:11:00','4025257','8','',''),
('2325538270941221','19:13:00','19:13:00','4025258','9','',''),
('2325538270941221','19:14:00','19:14:00','4025259','10','',''),
('2325538270941221','19:15:00','19:15:00','4025260','11','',''),
('2325538270941221','19:16:00','19:16:00','4025236','12','',''),
('2325538270941221','19:19:00','19:19:00','4025233','13','',''),
('2325538270941221','19:20:00','19:20:00','4025231','14','',''),
('324809970941221','09:00:00','09:00:00','4025254','1','',''),
('324809970941221','09:01:00','09:01:00','4025252','2','',''),
('324809970941221','09:03:00','09:03:00','4025250','3','',''),
('324809970941221','09:04:00','09:04:00','4025248','4','',''),
('324809970941221','09:05:00','09:05:00','4025246','5','',''),
('324809970941221','09:07:00','09:07:00','4025255','6','',''),
('324809970941221','09:08:00','09:08:00','4025256','7','',''),
('324809970941221','09:10:00','09:10:00','4025257','8','',''),
('324809970941221','09:12:00','09:12:00','4025258','9','',''),
('324809970941221','09:13:00','09:13:00','4025259','10','',''),
('324809970941221','09:14:00','09:14:00','4025260','11','',''),
('324809970941221','09:15:00','09:15:00','4025236','12','',''),
('324809970941221','09:18:00','09:18:00','4025233','13','',''),
('324809970941221','09:19:00','09:19:00','4025231','14','',''),
('324809980941221','10:00:00','10:00:00','4025254','1','',''),
('324809980941221','10:01:00','10:01:00','4025252','2','',''),
('324809980941221','10:03:00','10:03:00','4025250','3','',''),
('324809980941221','10:04:00','10:04:00','4025248','4','',''),
('324809980941221','10:05:00','10:05:00','4025246','5','',''),
('324809980941221','10:07:00','10:07:00','4025255','6','',''),
('324809980941221','10:08:00','10:08:00','4025256','7','',''),
('324809980941221','10:09:00','10:09:00','4025257','8','',''),
('324809980941221','10:11:00','10:11:00','4025258','9','',''),
('324809980941221','10:12:00','10:12:00','4025259','10','',''),
('324809980941221','10:13:00','10:13:00','4025260','11','',''),
('324809980941221','10:14:00','10:14:00','4025236','12','',''),
('324809980941221','10:17:00','10:17:00','4025233','13','',''),
('324809980941221','10:18:00','10:18:00','4025231','14','',''),
('325538270941221','09:00:00','09:00:00','4025254','1','',''),
('325538270941221','09:01:00','09:01:00','4025252','2','',''),
('325538270941221','09:03:00','09:03:00','4025250','3','',''),
('325538270941221','09:04:00','09:04:00','4025248','4','',''),
('325538270941221','09:05:00','09:05:00','4025246','5','',''),
('325538270941221','09:07:00','09:07:00','4025255','6','',''),
('325538270941221','09:08:00','09:08:00','4025256','7','',''),
('325538270941221','09:10:00','09:10:00','4025257','8','',''),
('325538270941221','09:12:00','09:12:00','4025258','9','',''),
('325538270941221','09:13:00','09:13:00','4025259','10','',''),
('325538270941221','09:14:00','09:14:00','4025260','11','',''),
('325538270941221','09:15:00','09:15:00','4025236','12','',''),
('325538270941221','09:18:00','09:18:00','4025233','13','',''),
('325538270941221','09:19:00','09:19:00','4025231','14','',''),
('325538280941221','10:00:00','10:00:00','4025254','1','',''),
('325538280941221','10:01:00','10:01:00','4025252','2','',''),
('325538280941221','10:03:00','10:03:00','4025250','3','',''),
('325538280941221','10:04:00','10:04:00','4025248','4','',''),
('325538280941221','10:05:00','10:05:00','4025246','5','',''),
('325538280941221','10:07:00','10:07:00','4025255','6','',''),
('325538280941221','10:08:00','10:08:00','4025256','7','',''),
('325538280941221','10:09:00','10:09:00','4025257','8','',''),
('325538280941221','10:11:00','10:11:00','4025258','9','',''),
('325538280941221','10:12:00','10:12:00','4025259','10','',''),
('325538280941221','10:13:00','10:13:00','4025260','11','',''),
('325538280941221','10:14:00','10:14:00','4025236','12','',''),
('325538280941221','10:17:00','10:17:00','4025233','13','',''),
('325538280941221','10:18:00','10:18:00','4025231','14','',''),
('424809970941221','09:30:00','09:30:00','4025254','1','',''),
('424809970941221','09:31:00','09:31:00','4025252','2','',''),
('424809970941221','09:33:00','09:33:00','4025250','3','',''),
('424809970941221','09:34:00','09:34:00','4025248','4','',''),
('424809970941221','09:35:00','09:35:00','4025246','5','',''),
('424809970941221','09:37:00','09:37:00','4025255','6','',''),
('424809970941221','09:38:00','09:38:00','4025256','7','',''),
('424809970941221','09:39:00','09:39:00','4025257','8','',''),
('424809970941221','09:41:00','09:41:00','4025258','9','',''),
('424809970941221','09:42:00','09:42:00','4025259','10','',''),
('424809970941221','09:43:00','09:43:00','4025260','11','',''),
('424809970941221','09:44:00','09:44:00','4025236','12','',''),
('424809970941221','09:47:00','09:47:00','4025233','13','',''),
('424809970941221','09:48:00','09:48:00','4025231','14','',''),
('424809980941221','10:30:00','10:30:00','4025254','1','',''),
('424809980941221','10:31:00','10:31:00','4025252','2','',''),
('424809980941221','10:33:00','10:33:00','4025250','3','',''),
('424809980941221','10:34:00','10:34:00','4025248','4','',''),
('424809980941221','10:35:00','10:35:00','4025246','5','',''),
('424809980941221','10:37:00','10:37:00','4025255','6','',''),
('424809980941221','10:38:00','10:38:00','4025256','7','',''),
('424809980941221','10:39:00','10:39:00','4025257','8','',''),
('424809980941221','10:41:00','10:41:00','4025258','9','',''),
('424809980941221','10:42:00','10:42:00','4025259','10','',''),
('424809980941221','10:43:00','10:43:00','4025260','11','',''),
('424809980941221','10:44:00','10:44:00','4025236','12','',''),
('424809980941221','10:47:00','10:47:00','4025233','13','',''),
('424809980941221','10:48:00','10:48:00','4025231','14','',''),
('425538270941221','09:30:00','09:30:00','4025254','1','',''),
('425538270941221','09:31:00','09:31:00','4025252','2','',''),
('425538270941221','09:33:00','09:33:00','4025250','3','',''),
('425538270941221','09:34:00','09:34:00','4025248','4','',''),
('425538270941221','09:35:00','09:35:00','4025246','5','',''),
('425538270941221','09:37:00','09:37:00','4025255','6','',''),
('425538270941221','09:38:00','09:38:00','4025256','7','',''),
('425538270941221','09:39:00','09:39:00','4025257','8','',''),
('425538270941221','09:41:00','09:41:00','4025258','9','',''),
('425538270941221','09:42:00','09:42:00','4025259','10','',''),
('425538270941221','09:43:00','09:43:00','4025260','11','',''),
('425538270941221','09:44:00','09:44:00','4025236','12','',''),
('425538270941221','09:47:00','09:47:00','4025233','13','',''),
('425538270941221','09:48:00','09:48:00','4025231','14','',''),
('425538280941221','10:30:00','10:30:00','4025254','1','',''),
('425538280941221','10:31:00','10:31:00','4025252','2','',''),
('425538280941221','10:33:00','10:33:00','4025250','3','',''),
('425538280941221','10:34:00','10:34:00','4025248','4','',''),
('425538280941221','10:35:00','10:35:00','4025246','5','',''),
('425538280941221','10:37:00','10:37:00','4025255','6','',''),
('425538280941221','10:38:00','10:38:00','4025256','7','',''),
('425538280941221','10:39:00','10:39:00','4025257','8','',''),
('425538280941221','10:41:00','10:41:00','4025258','9','',''),
('425538280941221','10:42:00','10:42:00','4025259','10','',''),
('425538280941221','10:43:00','10:43:00','4025260','11','',''),
('425538280941221','10:44:00','10:44:00','4025236','12','',''),
('425538280941221','10:47:00','10:47:00','4025233','13','',''),
('425538280941221','10:48:00','10:48:00','4025231','14','',''),
('524809970941221','10:00:00','10:00:00','4025254','1','',''),
('524809970941221','10:01:00','10:01:00','4025252','2','',''),
('524809970941221','10:03:00','10:03:00','4025250','3','',''),
('524809970941221','10:04:00','10:04:00','4025248','4','',''),
('524809970941221','10:05:00','10:05:00','4025246','5','',''),
('524809970941221','10:07:00','10:07:00','4025255','6','',''),
('524809970941221','10:08:00','10:08:00','4025256','7','',''),
('524809970941221','10:09:00','10:09:00','4025257','8','',''),
('524809970941221','10:11:00','10:11:00','4025258','9','',''),
('524809970941221','10:12:00','10:12:00','4025259','10','',''),
('524809970941221','10:13:00','10:13:00','4025260','11','',''),
('524809970941221','10:14:00','10:14:00','4025236','12','',''),
('524809970941221','10:17:00','10:17:00','4025233','13','',''),
('524809970941221','10:18:00','10:18:00','4025231','14','',''),
('524809980941221','11:00:00','11:00:00','4025254','1','',''),
('524809980941221','11:01:00','11:01:00','4025252','2','',''),
('524809980941221','11:03:00','11:03:00','4025250','3','',''),
('524809980941221','11:04:00','11:04:00','4025248','4','',''),
('524809980941221','11:05:00','11:05:00','4025246','5','',''),
('524809980941221','11:07:00','11:07:00','4025255','6','',''),
('524809980941221','11:08:00','11:08:00','4025256','7','',''),
('524809980941221','11:09:00','11:09:00','4025257','8','',''),
('524809980941221','11:11:00','11:11:00','4025258','9','',''),
('524809980941221','11:12:00','11:12:00','4025259','10','',''),
('524809980941221','11:13:00','11:13:00','4025260','11','',''),
('524809980941221','11:14:00','11:14:00','4025236','12','',''),
('524809980941221','11:17:00','11:17:00','4025233','13','',''),
('524809980941221','11:18:00','11:18:00','4025231','14','',''),
('525538270941221','10:00:00','10:00:00','4025254','1','',''),
('525538270941221','10:01:00','10:01:00','4025252','2','',''),
('525538270941221','10:03:00','10:03:00','4025250','3','',''),
('525538270941221','10:04:00','10:04:00','4025248','4','',''),
('525538270941221','10:05:00','10:05:00','4025246','5','',''),
('525538270941221','10:07:00','10:07:00','4025255','6','',''),
('525538270941221','10:08:00','10:08:00','4025256','7','',''),
('525538270941221','10:09:00','10:09:00','4025257','8','',''),
('525538270941221','10:11:00','10:11:00','4025258','9','',''),
('525538270941221','10:12:00','10:12:00','4025259','10','',''),
('525538270941221','10:13:00','10:13:00','4025260','11','',''),
('525538270941221','10:14:00','10:14:00','4025236','12','',''),
('525538270941221','10:17:00','10:17:00','4025233','13','',''),
('525538270941221','10:18:00','10:18:00','4025231','14','',''),
('525538280941221','11:00:00','11:00:00','4025254','1','',''),
('525538280941221','11:01:00','11:01:00','4025252','2','',''),
('525538280941221','11:03:00','11:03:00','4025250','3','',''),
('525538280941221','11:04:00','11:04:00','4025248','4','',''),
('525538280941221','11:05:00','11:05:00','4025246','5','',''),
('525538280941221','11:07:00','11:07:00','4025255','6','',''),
('525538280941221','11:08:00','11:08:00','4025256','7','',''),
('525538280941221','11:09:00','11:09:00','4025257','8','',''),
('525538280941221','11:11:00','11:11:00','4025258','9','',''),
('525538280941221','11:12:00','11:12:00','4025259','10','',''),
('525538280941221','11:13:00','11:13:00','4025260','11','',''),
('525538280941221','11:14:00','11:14:00','4025236','12','',''),
('525538280941221','11:17:00','11:17:00','4025233','13','',''),
('525538280941221','11:18:00','11:18:00','4025231','14','',''),
('624809970941221','10:30:00','10:30:00','4025254','1','',''),
('624809970941221','10:31:00','10:31:00','4025252','2','',''),
('624809970941221','10:33:00','10:33:00','4025250','3','',''),
('624809970941221','10:34:00','10:34:00','4025248','4','',''),
('624809970941221','10:35:00','10:35:00','4025246','5','',''),
('624809970941221','10:37:00','10:37:00','4025255','6','',''),
('624809970941221','10:38:00','10:38:00','4025256','7','',''),
('624809970941221','10:39:00','10:39:00','4025257','8','',''),
('624809970941221','10:41:00','10:41:00','4025258','9','',''),
('624809970941221','10:42:00','10:42:00','4025259','10','',''),
('624809970941221','10:43:00','10:43:00','4025260','11','',''),
('624809970941221','10:44:00','10:44:00','4025236','12','',''),
('624809970941221','10:47:00','10:47:00','4025233','13','',''),
('624809970941221','10:48:00','10:48:00','4025231','14','',''),
('624809980941221','11:30:00','11:30:00','4025254','1','',''),
('624809980941221','11:31:00','11:31:00','4025252','2','',''),
('624809980941221','11:33:00','11:33:00','4025250','3','',''),
('624809980941221','11:34:00','11:34:00','4025248','4','',''),
('624809980941221','11:35:00','11:35:00','4025246','5','',''),
('624809980941221','11:37:00','11:37:00','4025255','6','',''),
('624809980941221','11:38:00','11:38:00','4025256','7','',''),
('624809980941221','11:39:00','11:39:00','4025257','8','',''),
('624809980941221','11:41:00','11:41:00','4025258','9','',''),
('624809980941221','11:42:00','11:42:00','4025259','10','',''),
('624809980941221','11:43:00','11:43:00','4025260','11','',''),
('624809980941221','11:44:00','11:44:00','4025236','12','',''),
('624809980941221','11:47:00','11:47:00','4025233','13','',''),
('624809980941221','11:48:00','11:48:00','4025231','14','',''),
('625538270941221','10:30:00','10:30:00','4025254','1','',''),
('625538270941221','10:31:00','10:31:00','4025252','2','',''),
('625538270941221','10:33:00','10:33:00','4025250','3','',''),
('625538270941221','10:34:00','10:34:00','4025248','4','',''),
('625538270941221','10:35:00','10:35:00','4025246','5','',''),
('625538270941221','10:37:00','10:37:00','4025255','6','',''),
('625538270941221','10:38:00','10:38:00','4025256','7','',''),
('625538270941221','10:39:00','10:39:00','4025257','8','',''),
('625538270941221','10:41:00','10:41:00','4025258','9','',''),
('625538270941221','10:42:00','10:42:00','4025259','10','',''),
('625538270941221','10:43:00','10:43:00','4025260','11','',''),
('625538270941221','10:44:00','10:44:00','4025236','12','',''),
('625538270941221','10:47:00','10:47:00','4025233','13','',''),
('625538270941221','10:48:00','10:48:00','4025231','14','',''),
('625538280941221','11:30:00','11:30:00','4025254','1','',''),
('625538280941221','11:31:00','11:31:00','4025252','2','',''),
('625538280941221','11:33:00','11:33:00','4025250','3','',''),
('625538280941221','11:34:00','11:34:00','4025248','4','',''),
('625538280941221','11:35:00','11:35:00','4025246','5','',''),
('625538280941221','11:37:00','11:37:00','4025255','6','',''),
('625538280941221','11:38:00','11:38:00','4025256','7','',''),
('625538280941221','11:39:00','11:39:00','4025257','8','',''),
('625538280941221','11:41:00','11:41:00','4025258','9','',''),
('625538280941221','11:42:00','11:42:00','4025259','10','',''),
('625538280941221','11:43:00','11:43:00','4025260','11','',''),
('625538280941221','11:44:00','11:44:00','4025236','12','',''),
('625538280941221','11:47:00','11:47:00','4025233','13','',''),
('625538280941221','11:48:00','11:48:00','4025231','14','',''),
('724809970941221','11:00:00','11:00:00','4025254','1','',''),
('724809970941221','11:01:00','11:01:00','4025252','2','',''),
('724809970941221','11:03:00','11:03:00','4025250','3','',''),
('724809970941221','11:04:00','11:04:00','4025248','4','',''),
('724809970941221','11:05:00','11:05:00','4025246','5','',''),
('724809970941221','11:07:00','11:07:00','4025255','6','',''),
('724809970941221','11:08:00','11:08:00','4025256','7','',''),
('724809970941221','11:09:00','11:09:00','4025257','8','',''),
('724809970941221','11:11:00','11:11:00','4025258','9','',''),
('724809970941221','11:12:00','11:12:00','4025259','10','',''),
('724809970941221','11:13:00','11:13:00','4025260','11','',''),
('724809970941221','11:14:00','11:14:00','4025236','12','',''),
('724809970941221','11:17:00','11:17:00','4025233','13','',''),
('724809970941221','11:18:00','11:18:00','4025231','14','',''),
('724809980941221','12:00:00','12:00:00','4025254','1','',''),
('724809980941221','12:01:00','12:01:00','4025252','2','',''),
('724809980941221','12:03:00','12:03:00','4025250','3','',''),
('724809980941221','12:04:00','12:04:00','4025248','4','',''),
('724809980941221','12:05:00','12:05:00','4025246','5','',''),
('724809980941221','12:07:00','12:07:00','4025255','6','',''),
('724809980941221','12:08:00','12:08:00','4025256','7','',''),
('724809980941221','12:09:00','12:09:00','4025257','8','',''),
('724809980941221','12:11:00','12:11:00','4025258','9','',''),
('724809980941221','12:12:00','12:12:00','4025259','10','',''),
('724809980941221','12:13:00','12:13:00','4025260','11','',''),
('724809980941221','12:14:00','12:14:00','4025236','12','',''),
('724809980941221','12:17:00','12:17:00','4025233','13','',''),
('724809980941221','12:18:00','12:18:00','4025231','14','',''),
('725538270941221','11:00:00','11:00:00','4025254','1','',''),
('725538270941221','11:01:00','11:01:00','4025252','2','',''),
('725538270941221','11:03:00','11:03:00','4025250','3','',''),
('725538270941221','11:04:00','11:04:00','4025248','4','',''),
('725538270941221','11:05:00','11:05:00','4025246','5','',''),
('725538270941221','11:07:00','11:07:00','4025255','6','',''),
('725538270941221','11:08:00','11:08:00','4025256','7','',''),
('725538270941221','11:09:00','11:09:00','4025257','8','',''),
('725538270941221','11:11:00','11:11:00','4025258','9','',''),
('725538270941221','11:12:00','11:12:00','4025259','10','',''),
('725538270941221','11:13:00','11:13:00','4025260','11','',''),
('725538270941221','11:14:00','11:14:00','4025236','12','',''),
('725538270941221','11:17:00','11:17:00','4025233','13','',''),
('725538270941221','11:18:00','11:18:00','4025231','14','',''),
('725538280941221','12:00:00','12:00:00','4025254','1','',''),
('725538280941221','12:01:00','12:01:00','4025252','2','',''),
('725538280941221','12:03:00','12:03:00','4025250','3','',''),
('725538280941221','12:04:00','12:04:00','4025248','4','',''),
('725538280941221','12:05:00','12:05:00','4025246','5','',''),
('725538280941221','12:07:00','12:07:00','4025255','6','',''),
('725538280941221','12:08:00','12:08:00','4025256','7','',''),
('725538280941221','12:09:00','12:09:00','4025257','8','',''),
('725538280941221','12:11:00','12:11:00','4025258','9','',''),
('725538280941221','12:12:00','12:12:00','4025259','10','',''),
('725538280941221','12:13:00','12:13:00','4025260','11','',''),
('725538280941221','12:14:00','12:14:00','4025236','12','',''),
('725538280941221','12:17:00','12:17:00','4025233','13','',''),
('725538280941221','12:18:00','12:18:00','4025231','14','',''),
('824809970941221','11:30:00','11:30:00','4025254','1','',''),
('824809970941221','11:31:00','11:31:00','4025252','2','',''),
('824809970941221','11:33:00','11:33:00','4025250','3','',''),
('824809970941221','11:34:00','11:34:00','4025248','4','',''),
('824809970941221','11:35:00','11:35:00','4025246','5','',''),
('824809970941221','11:37:00','11:37:00','4025255','6','',''),
('824809970941221','11:38:00','11:38:00','4025256','7','',''),
('824809970941221','11:39:00','11:39:00','4025257','8','',''),
('824809970941221','11:41:00','11:41:00','4025258','9','',''),
('824809970941221','11:42:00','11:42:00','4025259','10','',''),
('824809970941221','11:43:00','11:43:00','4025260','11','',''),
('824809970941221','11:44:00','11:44:00','4025236','12','',''),
('824809970941221','11:47:00','11:47:00','4025233','13','',''),
('824809970941221','11:48:00','11:48:00','4025231','14','',''),
('824809980941221','12:30:00','12:30:00','4025254','1','',''),
('824809980941221','12:31:00','12:31:00','4025252','2','',''),
('824809980941221','12:33:00','12:33:00','4025250','3','',''),
('824809980941221','12:34:00','12:34:00','4025248','4','',''),
('824809980941221','12:35:00','12:35:00','4025246','5','',''),
('824809980941221','12:37:00','12:37:00','4025255','6','',''),
('824809980941221','12:38:00','12:38:00','4025256','7','',''),
('824809980941221','12:39:00','12:39:00','4025257','8','',''),
('824809980941221','12:41:00','12:41:00','4025258','9','',''),
('824809980941221','12:42:00','12:42:00','4025259','10','',''),
('824809980941221','12:43:00','12:43:00','4025260','11','',''),
('824809980941221','12:44:00','12:44:00','4025236','12','',''),
('824809980941221','12:47:00','12:47:00','4025233','13','',''),
('824809980941221','12:48:00','12:48:00','4025231','14','',''),
('825538270941221','11:30:00','11:30:00','4025254','1','',''),
('825538270941221','11:31:00','11:31:00','4025252','2','',''),
('825538270941221','11:33:00','11:33:00','4025250','3','',''),
('825538270941221','11:34:00','11:34:00','4025248','4','',''),
('825538270941221','11:35:00','11:35:00','4025246','5','',''),
('825538270941221','11:37:00','11:37:00','4025255','6','',''),
('825538270941221','11:38:00','11:38:00','4025256','7','',''),
('825538270941221','11:39:00','11:39:00','4025257','8','',''),
('825538270941221','11:41:00','11:41:00','4025258','9','',''),
('825538270941221','11:42:00','11:42:00','4025259','10','',''),
('825538270941221','11:43:00','11:43:00','4025260','11','',''),
('825538270941221','11:44:00','11:44:00','4025236','12','',''),
('825538270941221','11:47:00','11:47:00','4025233','13','',''),
('825538270941221','11:48:00','11:48:00','4025231','14','',''),
('825538280941221','12:30:00','12:30:00','4025254','1','',''),
('825538280941221','12:31:00','12:31:00','4025252','2','',''),
('825538280941221','12:33:00','12:33:00','4025250','3','',''),
('825538280941221','12:34:00','12:34:00','4025248','4','',''),
('825538280941221','12:35:00','12:35:00','4025246','5','',''),
('825538280941221','12:37:00','12:37:00','4025255','6','',''),
('825538280941221','12:38:00','12:38:00','4025256','7','',''),
('825538280941221','12:39:00','12:39:00','4025257','8','',''),
('825538280941221','12:41:00','12:41:00','4025258','9','',''),
('825538280941221','12:42:00','12:42:00','4025259','10','',''),
('825538280941221','12:43:00','12:43:00','4025260','11','',''),
('825538280941221','12:44:00','12:44:00','4025236','12','',''),
('825538280941221','12:47:00','12:47:00','4025233','13','',''),
('825538280941221','12:48:00','12:48:00','4025231','14','',''),
('924809970941221','12:00:00','12:00:00','4025254','1','',''),
('924809970941221','12:01:00','12:01:00','4025252','2','',''),
('924809970941221','12:03:00','12:03:00','4025250','3','',''),
('924809970941221','12:04:00','12:04:00','4025248','4','',''),
('924809970941221','12:05:00','12:05:00','4025246','5','',''),
('924809970941221','12:07:00','12:07:00','4025255','6','',''),
('924809970941221','12:08:00','12:08:00','4025256','7','',''),
('924809970941221','12:09:00','12:09:00','4025257','8','',''),
('924809970941221','12:11:00','12:11:00','4025258','9','',''),
('924809970941221','12:12:00','12:12:00','4025259','10','',''),
('924809970941221','12:13:00','12:13:00','4025260','11','',''),
('924809970941221','12:14:00','12:14:00','4025236','12','',''),
('924809970941221','12:17:00','12:17:00','4025233','13','',''),
('924809970941221','12:18:00','12:18:00','4025231','14','',''),
('924809980941221','13:00:00','13:00:00','4025254','1','',''),
('924809980941221','13:01:00','13:01:00','4025252','2','',''),
('924809980941221','13:03:00','13:03:00','4025250','3','',''),
('924809980941221','13:04:00','13:04:00','4025248','4','',''),
('924809980941221','13:05:00','13:05:00','4025246','5','',''),
('924809980941221','13:07:00','13:07:00','4025255','6','',''),
('924809980941221','13:08:00','13:08:00','4025256','7','',''),
('924809980941221','13:09:00','13:09:00','4025257','8','',''),
('924809980941221','13:11:00','13:11:00','4025258','9','',''),
('924809980941221','13:12:00','13:12:00','4025259','10','',''),
('924809980941221','13:13:00','13:13:00','4025260','11','',''),
('924809980941221','13:14:00','13:14:00','4025236','12','',''),
('924809980941221','13:17:00','13:17:00','4025233','13','',''),
('924809980941221','13:18:00','13:18:00','4025231','14','',''),
('925538270941221','12:00:00','12:00:00','4025254','1','',''),
('925538270941221','12:01:00','12:01:00','4025252','2','',''),
('925538270941221','12:03:00','12:03:00','4025250','3','',''),
('925538270941221','12:04:00','12:04:00','4025248','4','',''),
('925538270941221','12:05:00','12:05:00','4025246','5','',''),
('925538270941221','12:07:00','12:07:00','4025255','6','',''),
('925538270941221','12:08:00','12:08:00','4025256','7','',''),
('925538270941221','12:09:00','12:09:00','4025257','8','',''),
('925538270941221','12:11:00','12:11:00','4025258','9','',''),
('925538270941221','12:12:00','12:12:00','4025259','10','',''),
('925538270941221','12:13:00','12:13:00','4025260','11','',''),
('925538270941221','12:14:00','12:14:00','4025236','12','',''),
('925538270941221','12:17:00','12:17:00','4025233','13','',''),
('925538270941221','12:18:00','12:18:00','4025231','14','',''),
('925538280941221','13:00:00','13:00:00','4025254','1','',''),
('925538280941221','13:01:00','13:01:00','4025252','2','',''),
('925538280941221','13:03:00','13:03:00','4025250','3','',''),
('925538280941221','13:04:00','13:04:00','4025248','4','',''),
('925538280941221','13:05:00','13:05:00','4025246','5','',''),
('925538280941221','13:07:00','13:07:00','4025255','6','',''),
('925538280941221','13:08:00','13:08:00','4025256','7','',''),
('925538280941221','13:09:00','13:09:00','4025257','8','',''),
('925538280941221','13:11:00','13:11:00','4025258','9','',''),
('925538280941221','13:12:00','13:12:00','4025259','10','',''),
('925538280941221','13:13:00','13:13:00','4025260','11','',''),
('925538280941221','13:14:00','13:14:00','4025236','12','',''),
('925538280941221','13:17:00','13:17:00','4025233','13','',''),
('925538280941221','13:18:00','13:18:00','4025231','14','',''),
('124810000941224','09:28:00','09:28:00','4025274','1','',''),
('124810000941224','09:30:00','09:30:00','4025275','2','',''),
('124810000941224','09:32:00','09:32:00','4025276','3','',''),
('124810000941224','09:34:00','09:34:00','4025277','4','',''),
('124810000941224','09:35:00','09:35:00','4025278','5','',''),
('124810000941224','09:37:00','09:37:00','4025279','6','',''),
('124810000941224','09:38:00','09:38:00','4025280','7','',''),
('124810000941224','09:40:00','09:40:00','4025281','8','',''),
('125538300941224','09:28:00','09:28:00','4025274','1','',''),
('125538300941224','09:30:00','09:30:00','4025275','2','',''),
('125538300941224','09:32:00','09:32:00','4025276','3','',''),
('125538300941224','09:34:00','09:34:00','4025277','4','',''),
('125538300941224','09:35:00','09:35:00','4025278','5','',''),
('125538300941224','09:37:00','09:37:00','4025279','6','',''),
('125538300941224','09:38:00','09:38:00','4025280','7','',''),
('125538300941224','09:40:00','09:40:00','4025281','8','','');
INSERT INTO calendar (service_id,monday,tuesday,wednesday,thursday,friday,saturday,sunday,start_date,end_date) VALUES
('2553830','0','0','0','0','0','0','0','20180107','20180128'),
('2480999','0','0','0','0','0','0','0','20171224','20171231'),
('2553832','0','0','0','0','0','0','0','20180107','20180128'),
('2481006','0','0','0','0','0','0','0','20171224','20171231'),
('2553831','0','0','0','0','0','0','0','20180107','20180128'),
('2553834','0','0','0','0','0','0','0','20180107','20180128'),
('2553833','0','0','0','0','0','0','0','20180107','20180128'),
('2480997','0','0','0','0','0','0','0','20171221','20171229'),
('2553836','0','0','0','0','0','0','0','20180107','20180128'),
('2480998','0','0','0','0','0','0','0','20171223','20171230'),
('2553835','0','0','0','0','0','0','0','20180107','20180128'),
('2481000','0','0','0','0','0','0','0','20171224','20171231'),
('2553829','0','0','0','0','0','0','0','20180107','20180128'),
('2553828','0','0','0','0','0','0','0','20180106','20180127'),
('2481001','0','0','0','0','0','0','0','20171224','20171231'),
('2553827','0','0','0','0','0','0','0','20180102','20180131'),
('2481004','0','0','0','0','0','0','0','20171224','20171231'),
('2481005','0','0','0','0','0','0','0','20171224','20171231'),
('2481002','0','0','0','0','0','0','0','20171224','20171231'),
('2481003','0','0','0','0','0','0','0','20171224','20171231');
INSERT INTO calendar_dates (service_id,date,exception_type) VALUES
('2553830','20180107','1'),
('2553830','20180114','1'),
('2553830','20180121','1'),
('2553830','20180128','1'),
('2480999','20171224','1'),
('2480999','20171231','1'),
('2553832','20180107','1'),
('2553832','20180114','1'),
('2553832','20180121','1'),
('2553832','20180128','1'),
('2481006','20171224','1'),
('2481006','20171231','1'),
('2553831','20180107','1'),
('2553831','20180114','1'),
('2553831','20180121','1'),
('2553831','20180128','1'),
('2553834','20180107','1'),
('2553834','20180114','1'),
('2553834','20180121','1'),
('2553834','20180128','1'),
('2553833','20180107','1'),
('2553833','20180114','1'),
('2553833','20180121','1'),
('2553833','20180128','1'),
('2480997','20171221','1'),
('2480997','20171222','1'),
('2480997','20171226','1'),
('2480997','20171227','1'),
('2480997','20171228','1'),
('2480997','20171229','1'),
('2553836','20180107','1'),
('2553836','20180114','1'),
('2553836','20180121','1'),
('2553836','20180128','1'),
('2480998','20171223','1'),
('2480998','20171230','1'),
('2553835','20180107','1'),
('2553835','20180114','1'),
('2553835','20180121','1'),
('2553835','20180128','1'),
('2481000','20171224','1'),
('2481000','20171231','1'),
('2553829','20180107','1'),
('2553829','20180114','1'),
('2553829','20180121','1'),
('2553829','20180128','1'),
('2553828','20180106','1'),
('2553828','20180113','1'),
('2553828','20180120','1'),
('2553828','20180127','1'),
('2481001','20171224','1'),
('2481001','20171231','1'),
('2553827','20180102','1'),
('2553827','20180103','1'),
('2553827','20180104','1'),
('2553827','20180105','1'),
('2553827','20180108','1'),
('2553827','20180109','1'),
('2553827','20180110','1'),
('2553827','20180111','1'),
('2553827','20180112','1'),
('2553827','20180115','1'),
('2553827','20180116','1'),
('2553827','20180117','1'),
('2553827','20180118','1'),
('2553827','20180119','1'),
('2553827','20180122','1'),
('2553827','20180123','1'),
('2553827','20180124','1'),
('2553827','20180125','1'),
('2553827','20180126','1'),
('2553827','20180129','1'),
('2553827','20180130','1'),
('2553827','20180131','1'),
('2481004','20171224','1'),
('2481004','20171231','1'),
('2481005','20171224','1'),
('2481005','20171231','1'),
('2481002','20171224','1'),
('2481002','20171231','1'),
('2481003','20171224','1'),
('2481003','20171231','1');
INSERT INTO routes (route_id,agency_id,route_short_name,route_long_name,route_desc,route_type,route_url,route_color,route_text_color) VALUES
('1625182','100','559',' (GABRIEL PERI <-> VERDUN) - Retour','','3','','FFFFFF','000000'),
('1625183','100','559',' (GARCHES <-> GABRIEL PERI) - Aller','','3','','FFFFFF','000000'),
('1625184','100','559',' (SOUFFLOT <-> GABRIEL PERI) - Aller','','3','','FFFFFF','000000'),
('1625185','100','559',' (CHEMIN DE L''ILE <-> PLACE FOCH) - Aller','','3','','FFFFFF','000000'),
('1625186','100','559',' (GABRIEL PERI <-> GARCHES) - Retour','','3','','FFFFFF','000000'),
('1625187','100','559',' (GABRIEL PERI <-> SOUFFLOT) - Retour','','3','','FFFFFF','000000'),
('1625188','100','559',' (GABRIEL PERI <-> CHEMIN DE L''ILE) - Retour','','3','','FFFFFF','000000'),
('1788106','100','559','LIGNE-B (CHEMIN DE L''ILE <-> CIMETIERE DU MONT VALERIEN) - Aller','','3','','FFFFFF','000000'),
('1788107','100','559','LIGNE-B (CHEMIN DE L''ILE <-> CIMETIERE DU MONT VALERIEN) - Retour','','3','','FFFFFF','000000'),
('942334','100','559',' (SURESNES <-> GABRIEL PERI) - Aller','','3','','FFFFFF','000000');
INSERT INTO agency (agency_id,agency_name,agency_url,agency_timezone,agency_lang,agency_phone) VALUES
('100','RATP (100)','http://www.ratp.fr/','CET','','');
INSERT INTO trips (route_id,service_id,trip_id,trip_headsign,trip_short_name,direction_id,shape_id) VALUES
('1625182','2480999','124809991623773','','1','1',''),
('1625182','2553829','125538291623773','','1','1',''),
('1625183','2481001','124810011623774','','1','0',''),
('1625183','2553831','125538311623774','','1','0',''),
('1625184','2481002','124810021623776','','1','0',''),
('1625184','2553832','125538321623776','','1','0',''),
('1625185','2481003','124810031623777','','1','0',''),
('1625185','2553833','125538331623777','','1','0',''),
('1625186','2481004','124810041623778','','1','1',''),
('1625186','2553834','125538341623778','','1','1',''),
('1625187','2481005','124810051623779','','1','1',''),
('1625187','2553835','125538351623779','','1','1',''),
('1625188','2481006','124810061623780','','1','1',''),
('1625188','2553836','125538361623780','','1','1',''),
('1788106','2480997','1024809970941220','','10','0',''),
('1788106','2480998','1024809980941220','','10','0',''),
('1788106','2553827','1025538270941220','','10','0',''),
('1788106','2553828','1025538280941220','','10','0',''),
('1788106','2480997','1124809970941220','','11','0',''),
('1788106','2480998','1124809980941220','','11','0',''),
('1788106','2553827','1125538270941220','','11','0',''),
('1788106','2553828','1125538280941220','','11','0',''),
('1788106','2480997','1224809970941220','','12','0',''),
('1788106','2480998','1224809980941220','','12','0',''),
('1788106','2553827','1225538270941220','','12','0',''),
('1788106','2553828','1225538280941220','','12','0',''),
('1788106','2480997','124809970941220','','1','0',''),
('1788106','2480998','124809980941220','','1','0',''),
('1788106','2553827','125538270941220','','1','0',''),
('1788106','2553828','125538280941220','','1','0',''),
('1788106','2480997','1324809970941220','','13','0',''),
('1788106','2480998','1324809980941220','','13','0',''),
('1788106','2553827','1325538270941220','','13','0',''),
('1788106','2553828','1325538280941220','','13','0',''),
('1788106','2480997','1424809970941220','','14','0',''),
('1788106','2480998','1424809980941220','','14','0',''),
('1788106','2553827','1425538270941220','','14','0',''),
('1788106','2553828','1425538280941220','','14','0',''),
('1788106','2480997','1524809970941220','','15','0',''),
('1788106','2480998','1524809980941220','','15','0',''),
('1788106','2553827','1525538270941220','','15','0',''),
('1788106','2553828','1525538280941220','','15','0',''),
('1788106','2480997','1624809970941220','','16','0',''),
('1788106','2480998','1624809980941220','','16','0',''),
('1788106','2553827','1625538270941220','','16','0',''),
('1788106','2553828','1625538280941220','','16','0',''),
('1788106','2480997','1724809970941220','','17','0',''),
('1788106','2480998','1724809980941220','','17','0',''),
('1788106','2553827','1725538270941220','','17','0',''),
('1788106','2553828','1725538280941220','','17','0',''),
('1788106','2480997','1824809970941220','','18','0',''),
('1788106','2480998','1824809980941220','','18','0',''),
('1788106','2553827','1825538270941220','','18','0',''),
('1788106','2553828','1825538280941220','','18','0',''),
('1788106','2480997','1924809970941220','','19','0',''),
('1788106','2480998','1924809980941220','','19','0',''),
('1788106','2553827','1925538270941220','','19','0',''),
('1788106','2553828','1925538280941220','','19','0',''),
('1788106','2480997','2024809970941220','','20','0',''),
('1788106','2480998','2024809980941220','','20','0',''),
('1788106','2553827','2025538270941220','','20','0',''),
('1788106','2553828','2025538280941220','','20','0',''),
('1788106','2480997','2124809970941220','','21','0',''),
('1788106','2480998','2124809980941220','','21','0',''),
('1788106','2553827','2125538270941220','','21','0',''),
('1788106','2553828','2125538280941220','','21','0',''),
('1788106','2480997','2224809970941220','','22','0',''),
('1788106','2553827','2225538270941220','','22','0',''),
('1788106','2480997','224809970941220','','2','0',''),
('1788106','2480998','224809980941220','','2','0',''),
('1788106','2553827','225538270941220','','2','0',''),
('1788106','2553828','225538280941220','','2','0',''),
('1788106','2480997','2324809970941220','','23','0',''),
('1788106','2553827','2325538270941220','','23','0',''),
('1788106','2480997','324809970941220','','3','0',''),
('1788106','2480998','324809980941220','','3','0',''),
('1788106','2553827','325538270941220','','3','0',''),
('1788106','2553828','325538280941220','','3','0',''),
('1788106','2480997','424809970941220','','4','0',''),
('1788106','2480998','424809980941220','','4','0',''),
('1788106','2553827','425538270941220','','4','0',''),
('1788106','2553828','425538280941220','','4','0',''),
('1788106','2480997','524809970941220','','5','0',''),
('1788106','2480998','524809980941220','','5','0',''),
('1788106','2553827','525538270941220','','5','0',''),
('1788106','2553828','525538280941220','','5','0',''),
('1788106','2480997','624809970941220','','6','0',''),
('1788106','2480998','624809980941220','','6','0',''),
('1788106','2553827','625538270941220','','6','0',''),
('1788106','2553828','625538280941220','','6','0',''),
('1788106','2480997','724809970941220','','7','0',''),
('1788106','2480998','724809980941220','','7','0',''),
('1788106','2553827','725538270941220','','7','0',''),
('1788106','2553828','725538280941220','','7','0',''),
('1788106','2480997','824809970941220','','8','0',''),
('1788106','2480998','824809980941220','','8','0',''),
('1788106','2553827','825538270941220','','8','0',''),
('1788106','2553828','825538280941220','','8','0',''),
('1788106','2480997','924809970941220','','9','0',''),
('1788106','2480998','924809980941220','','9','0',''),
('1788106','2553827','925538270941220','','9','0',''),
('1788106','2553828','925538280941220','','9','0',''),
('1788107','2480997','1024809970941221','','10','1',''),
('1788107','2480998','1024809980941221','','10','1',''),
('1788107','2553827','1025538270941221','','10','1',''),
('1788107','2553828','1025538280941221','','10','1',''),
('1788107','2480997','1124809970941221','','11','1',''),
('1788107','2480998','1124809980941221','','11','1',''),
('1788107','2553827','1125538270941221','','11','1',''),
('1788107','2553828','1125538280941221','','11','1',''),
('1788107','2480997','1224809970941221','','12','1',''),
('1788107','2480998','1224809980941221','','12','1',''),
('1788107','2553827','1225538270941221','','12','1',''),
('1788107','2553828','1225538280941221','','12','1',''),
('1788107','2480997','124809970941221','','1','1',''),
('1788107','2480998','124809980941221','','1','1',''),
('1788107','2553827','125538270941221','','1','1',''),
('1788107','2553828','125538280941221','','1','1',''),
('1788107','2480997','1324809970941221','','13','1',''),
('1788107','2480998','1324809980941221','','13','1',''),
('1788107','2553827','1325538270941221','','13','1',''),
('1788107','2553828','1325538280941221','','13','1',''),
('1788107','2480997','1424809970941221','','14','1',''),
('1788107','2480998','1424809980941221','','14','1',''),
('1788107','2553827','1425538270941221','','14','1',''),
('1788107','2553828','1425538280941221','','14','1',''),
('1788107','2480997','1524809970941221','','15','1',''),
('1788107','2480998','1524809980941221','','15','1',''),
('1788107','2553827','1525538270941221','','15','1',''),
('1788107','2553828','1525538280941221','','15','1',''),
('1788107','2480997','1624809970941221','','16','1',''),
('1788107','2480998','1624809980941221','','16','1',''),
('1788107','2553827','1625538270941221','','16','1',''),
('1788107','2553828','1625538280941221','','16','1',''),
('1788107','2480997','1724809970941221','','17','1',''),
('1788107','2480998','1724809980941221','','17','1',''),
('1788107','2553827','1725538270941221','','17','1',''),
('1788107','2553828','1725538280941221','','17','1',''),
('1788107','2480997','1824809970941221','','18','1',''),
('1788107','2480998','1824809980941221','','18','1',''),
('1788107','2553827','1825538270941221','','18','1',''),
('1788107','2553828','1825538280941221','','18','1',''),
('1788107','2480997','1924809970941221','','19','1',''),
('1788107','2480998','1924809980941221','','19','1',''),
('1788107','2553827','1925538270941221','','19','1',''),
('1788107','2553828','1925538280941221','','19','1',''),
('1788107','2480997','2024809970941221','','20','1',''),
('1788107','2480998','2024809980941221','','20','1',''),
('1788107','2553827','2025538270941221','','20','1',''),
('1788107','2553828','2025538280941221','','20','1',''),
('1788107','2480997','2124809970941221','','21','1',''),
('1788107','2480998','2124809980941221','','21','1',''),
('1788107','2553827','2125538270941221','','21','1',''),
('1788107','2553828','2125538280941221','','21','1',''),
('1788107','2480997','2224809970941221','','22','1',''),
('1788107','2553827','2225538270941221','','22','1',''),
('1788107','2480997','224809970941221','','2','1',''),
('1788107','2480998','224809980941221','','2','1',''),
('1788107','2553827','225538270941221','','2','1',''),
('1788107','2553828','225538280941221','','2','1',''),
('1788107','2480997','2324809970941221','','23','1',''),
('1788107','2553827','2325538270941221','','23','1',''),
('1788107','2480997','324809970941221','','3','1',''),
('1788107','2480998','324809980941221','','3','1',''),
('1788107','2553827','325538270941221','','3','1',''),
('1788107','2553828','325538280941221','','3','1',''),
('1788107','2480997','424809970941221','','4','1',''),
('1788107','2480998','424809980941221','','4','1',''),
('1788107','2553827','425538270941221','','4','1',''),
('1788107','2553828','425538280941221','','4','1',''),
('1788107','2480997','524809970941221','','5','1',''),
('1788107','2480998','524809980941221','','5','1',''),
('1788107','2553827','525538270941221','','5','1',''),
('1788107','2553828','525538280941221','','5','1',''),
('1788107','2480997','624809970941221','','6','1',''),
('1788107','2480998','624809980941221','','6','1',''),
('1788107','2553827','625538270941221','','6','1',''),
('1788107','2553828','625538280941221','','6','1',''),
('1788107','2480997','724809970941221','','7','1',''),
('1788107','2480998','724809980941221','','7','1',''),
('1788107','2553827','725538270941221','','7','1',''),
('1788107','2553828','725538280941221','','7','1',''),
('1788107','2480997','824809970941221','','8','1',''),
('1788107','2480998','824809980941221','','8','1',''),
('1788107','2553827','825538270941221','','8','1',''),
('1788107','2553828','825538280941221','','8','1',''),
('1788107','2480997','924809970941221','','9','1',''),
('1788107','2480998','924809980941221','','9','1',''),
('1788107','2553827','925538270941221','','9','1',''),
('1788107','2553828','925538280941221','','9','1',''),
('942334','2481000','124810000941224','','1','0',''),
('942334','2553830','125538300941224','','1','0','');
INSERT INTO transfers (from_stop_id,to_stop_id,transfer_type,min_transfer_time) VALUES
('6578350','4024370','2','42'),
('6578363','4024938','2','101'),
('7069337','6578382','2','75'),
('6578363','4024935','2','46'),
('4109832','4025245','2','134'),
('6578331','4208621','2','94'),
('6578363','4024936','2','126'),
('6195739','6578370','2','20'),
('4025256','3877794','2','128'),
('4025256','3877793','2','102'),
('4025235','4024089','2','62'),
('4025256','3877796','2','81'),
('4025235','4024088','2','35'),
('4025256','3877795','2','44'),
('6578346','4024366','2','110'),
('6578376','4024373','2','109'),
('4025236','4473167','2','49'),
('6217354','6578370','2','119'),
('4025280','3877794','2','40'),
('4025278','4025380','2','71'),
('4109829','6578370','2','49'),
('4025280','3877795','2','127'),
('4025279','4208627','2','127'),
('4025236','4473166','2','94'),
('4025280','3877796','2','123'),
('6578348','4024930','2','13'),
('6578326','3877796','2','123'),
('6578364','4023609','2','62'),
('4109831','6578371','2','137'),
('4025275','4208639','2','77'),
('6578385','4024933','2','85'),
('6217354','6578340','2','87'),
('4025249','4024127','2','22'),
('4109829','4025243','2','49'),
('6578382','4024338','2','75'),
('6578331','4208640','2','49'),
('6578327','3877791','2','127'),
('6578327','3877792','2','60'),
('4025234','4024935','2','46'),
('6217339','6578381','2','70'),
('4025234','4024936','2','126'),
('4025234','4024938','2','101'),
('4025249','4024037','2','22'),
('6578350','4024369','2','91'),
('6578379','4024954','2','112'),
('6578326','3877793','2','40'),
('6578327','3877789','2','110'),
('6578326','3877795','2','143'),
('4025278','4208637','2','71'),
('4025257','4024338','2','75'),
('6195718','4025243','2','123'),
('4025255','4208629','2','52'),
('6578363','4024977','2','101'),
('6578363','4024978','2','126'),
('7069335','6578365','2','82'),
('6578353','6456135','2','101'),
('6578353','6456134','2','46'),
('4025255','4208628','2','65'),
('6578370','3877794','2','123'),
('6578370','3877793','2','123'),
('6578370','3877795','2','48'),
('6578382','4208631','2','70'),
('7069337','4025281','2','75'),
('6578382','4208635','2','75'),
('6217355','6578340','2','136'),
('7069313','6578340','2','87'),
('4109829','6578326','2','107'),
('6578348','4024368','2','13'),
('4109829','6578325','2','49'),
('4109829','4025255','2','69'),
('6578365','4023609','2','91'),
('4109829','4025256','2','36'),
('6578330','4208622','2','77'),
('4025236','4023609','2','117'),
('6578340','4208636','2','69'),
('4025255','4208636','2','69'),
('6578368','3877797','2','71'),
('6217348','6578353','2','46'),
('6578365','4023608','2','109'),
('6578340','4208630','2','100'),
('4025255','4208630','2','100'),
('6578368','3877798','2','88'),
('6578385','4024979','2','121'),
('4109830','4025243','2','49'),
('6578386','4035032','2','49'),
('6217339','6578346','2','89'),
('7069313','6578370','2','119'),
('4025260','4024087','2','78'),
('4025280','6456143','2','66'),
('6578327','4208626','2','127'),
('6578386','4024379','2','50'),
('4025280','6456141','2','71'),
('4025280','6456142','2','66'),
('6578340','4208629','2','52'),
('6578386','4035031','2','94'),
('4025280','6456140','2','81'),
('7069304','6578374','2','138'),
('4109831','6578338','2','135'),
('6578340','4208628','2','65'),
('4109829','6578340','2','69'),
('4025280','4025379','2','90'),
('4025280','4025378','2','90'),
('6195739','4025280','2','139'),
('4025280','4025377','2','40'),
('6195717','6578326','2','40'),
('6195717','6578325','2','123'),
('4025251','4023979','2','106'),
('4025251','4023978','2','90'),
('6578357','4024338','2','125'),
('6578375','4208635','2','75'),
('6578386','4024380','2','83'),
('4109830','4025256','2','36'),
('4109830','4025255','2','69'),
('4025234','4024977','2','101'),
('6578386','4023609','2','117'),
('4025242','4024093','2','20'),
('4109829','4025280','2','90'),
('6578327','4208637','2','118'),
('6217355','6578326','2','105'),
('6578375','4208631','2','70'),
('7069335','6578385','2','78'),
('6578357','4208635','2','125'),
('4025241','3877799','2','23'),
('4025234','4024978','2','126'),
('6578386','4024089','2','117'),
('4025235','4023609','2','62'),
('6578386','4024088','2','50'),
('6578385','4024087','2','78'),
('4025237','4024337','2','82'),
('4025252','4024125','2','95'),
('4025252','4024126','2','103'),
('6195720','4025279','2','36'),
('6578363','4024379','2','96'),
('6195718','4025280','2','40'),
('4025279','4025375','2','127'),
('4023208','4025244','2','135'),
('6195717','4025256','2','102'),
('6195717','4025255','2','65'),
('6578370','6456143','2','73'),
('6578370','6456142','2','73'),
('6217354','4025243','2','119'),
('6578331','4025369','2','94'),
('6578340','6187527','2','69'),
('6578340','6187526','2','87'),
('6578340','6187528','2','82'),
('4025237','4024324','2','78'),
('4025280','4024095','2','127'),
('4025280','4024094','2','123'),
('6578354','4024372','2','99'),
('6578327','4024340','2','96'),
('6195717','4025243','2','123'),
('7069339','6578340','2','72'),
('7069315','6578376','2','109'),
('6217355','4025255','2','136'),
('6217354','4025256','2','72'),
('4025279','3877792','2','36'),
('6217355','4025256','2','134'),
('6217356','6578340','2','82'),
('6217354','4025255','2','87'),
('6578326','4208630','2','128'),
('6578364','4024935','2','83'),
('6578327','4025380','2','118'),
('6578364','4024933','2','125'),
('4109833','4025246','2','133'),
('4109833','4025245','2','110'),
('4109830','6578326','2','107'),
('6578385','4023607','2','121'),
('7069339','6578326','2','123'),
('6578385','4023608','2','84'),
('6578373','4024037','2','22'),
('4109830','4025280','2','90'),
('6578363','4024088','2','96'),
('4109830','6578325','2','49'),
('6217355','4025280','2','71'),
('6578364','4035032','2','55'),
('6578326','4208628','2','40'),
('6578364','4035031','2','32'),
('6578385','4024378','2','80'),
('6578327','4025374','2','127'),
('6578374','4023979','2','106'),
('6578374','4023978','2','90'),
('6578341','4208631','2','70'),
('6578341','4024338','2','75'),
('6578341','4208635','2','75'),
('4025274','4025383','2','144'),
('4025257','4208631','2','70'),
('6578376','4208632','2','29'),
('6578376','4208634','2','104'),
('6578376','4208633','2','29'),
('4025257','4208635','2','75'),
('6195718','4025256','2','128'),
('7069312','4025280','2','20'),
('6195718','4025255','2','52'),
('6217356','6578326','2','135'),
('6217356','6578325','2','20'),
('4025260','1831','2','258'),
('4025237','4024377','2','78'),
('7069312','4025243','2','126'),
('4025274','4024315','2','133'),
('7069325','6578378','2','53'),
('6578379','4024369','2','123'),
('4025237','4024380','2','115'),
('6578365','4024380','2','115'),
('4025274','4024312','2','94'),
('4025256','6187526','2','72'),
('4025256','6187527','2','87'),
('6217354','4025280','2','42'),
('4025256','6187528','2','101'),
('4023210','4025250','2','48'),
('4109830','6578340','2','69'),
('6578365','4024087','2','82'),
('7069312','4025255','2','80'),
('4025260','4024979','2','121'),
('6578381','6456128','2','71'),
('6578381','6456129','2','70'),
('7069312','4025256','2','92'),
('6578331','4024313','2','92'),
('6578369','4208635','2','75'),
('4025256','6456143','2','38'),
('4025256','6456142','2','38'),
('6578369','4208631','2','70'),
('4025256','6456141','2','134'),
('4023205','4025256','2','81'),
('4025256','6456140','2','122'),
('4023206','4025280','2','17'),
('6578365','4024089','2','91'),
('4023205','4025255','2','72'),
('6578326','4208636','2','107'),
('4025260','2370','2','258'),
('6578380','4024929','2','13'),
('4025250','4024128','2','48'),
('4025250','4024127','2','26'),
('4025280','4208629','2','40'),
('4025280','4208630','2','102'),
('4025255','3877794','2','52'),
('4025255','3877795','2','100'),
('4025255','3877793','2','65'),
('4025255','3877796','2','72'),
('6578368','4024093','2','71'),
('6578368','4024092','2','88'),
('4025280','4208636','2','90'),
('4025281','4024338','2','75'),
('4025252','4024036','2','103'),
('4025252','4024035','2','95'),
('6217356','4025280','2','139'),
('6578373','4024127','2','22'),
('6578363','4024380','2','126'),
('4023205','4025280','2','123'),
('7069335','4025237','2','82'),
('6578365','4024377','2','78'),
('4109830','6578370','2','49'),
('4025243','3877795','2','48'),
('4025275','4025382','2','77'),
('4023210','6578334','2','48'),
('4025243','3877793','2','123'),
('6578365','4035031','2','101'),
('4025243','3877794','2','123'),
('7069313','4025243','2','119'),
('6578332','4023979','2','103'),
('6578325','3877795','2','48'),
('6578332','4023978','2','95'),
('6578332','4024125','2','95'),
('6578332','4024126','2','103'),
('4025260','4024325','2','80'),
('6578381','4024365','2','110'),
('4023202','6578353','2','101'),
('4025237','4035031','2','101'),
('6578329','4208624','2','91'),
('4025237','4024936','2','115'),
('4025237','4024933','2','54'),
('4025241','4024091','2','23'),
('6578328','4208627','2','118'),
('6578328','4208625','2','71'),
('6578364','4473166','2','32'),
('6578364','4473167','2','55'),
('6578365','2370','2','265'),
('4025249','4023980','2','22'),
('6578329','4025372','2','91'),
('4023201','6578353','2','46'),
('7069322','6578379','2','112'),
('4025255','6187527','2','69'),
('4025255','6187526','2','87'),
('4025255','6187528','2','82'),
('7069336','6578385','2','80'),
('4025256','4208636','2','36'),
('4025243','4024095','2','48'),
('7069339','4025280','2','123'),
('6578324','4024338','2','75'),
('6578365','4024337','2','82'),
('6217356','4025243','2','20'),
('4025274','4208640','2','144'),
('4025255','6456143','2','65'),
('4025255','6456142','2','65'),
('4025255','6456141','2','136'),
('4025255','6456140','2','143'),
('6578385','2370','2','258'),
('6578370','6187526','2','119'),
('7069335','4025260','2','78'),
('6217349','6578353','2','101'),
('6578350','4024954','2','119'),
('6578370','6187527','2','117'),
('4025277','4208638','2','91'),
('6578370','6187528','2','20'),
('7069313','4025256','2','72'),
('7069313','4025255','2','87'),
('6578328','3877789','2','124'),
('6578370','4025376','2','123'),
('4025237','2370','2','265'),
('4025260','4024337','2','78'),
('6578365','4024324','2','78'),
('6217356','4025256','2','101'),
('6578340','4025379','2','69'),
('6578340','4025378','2','69'),
('6578340','4025377','2','52'),
('6578340','4025376','2','65'),
('6217356','4025255','2','82'),
('6578370','4025379','2','49'),
('6578370','4025377','2','123'),
('6578370','4025378','2','49'),
('6578325','3877793','2','123'),
('6578325','3877794','2','123'),
('4025234','4473166','2','141'),
('4025234','4473167','2','96'),
('4025237','4024087','2','82'),
('4109832','6578371','2','134'),
('6578364','4024379','2','35'),
('4025237','4024089','2','91'),
('6195718','6578325','2','123'),
('6578386','4473166','2','94'),
('6578386','4473167','2','49'),
('4023206','4025256','2','87'),
('4023206','4025255','2','69'),
('6578340','6456140','2','143'),
('6578340','6456141','2','136'),
('4025251','4024035','2','90'),
('6578340','6456142','2','65'),
('4025251','4024036','2','106'),
('6578340','6456143','2','65'),
('7069310','4025244','2','135'),
('4025256','4208628','2','102'),
('4025281','4208631','2','70'),
('4025256','4208629','2','128'),
('4025281','4208635','2','75'),
('6578381','4024927','2','110'),
('6578365','1831','2','265'),
('4025251','4024126','2','106'),
('4025243','6187526','2','119'),
('4025243','6187528','2','20'),
('4025243','6187527','2','117'),
('7069313','4025280','2','42'),
('4025251','4024125','2','90'),
('4025252','4023979','2','103'),
('4025252','4023978','2','95'),
('7069322','6578350','2','119'),
('6578326','6187527','2','55'),
('4023206','4025243','2','117'),
('6578326','6187526','2','81'),
('4025236','4024088','2','50'),
('6195718','6578340','2','52'),
('6578326','6187528','2','135'),
('4025236','4024089','2','117'),
('6578380','4024367','2','13'),
('6578373','4023980','2','22'),
('6195749','6578327','2','110'),
('4025277','4025381','2','91'),
('6578326','4024094','2','123'),
('6578326','4024095','2','143'),
('6195749','6578328','2','124'),
('6578375','4024338','2','75'),
('6578332','4024036','2','103'),
('4025260','4024378','2','80'),
('6578332','4024035','2','95'),
('6578334','4024037','2','26'),
('6217356','6578370','2','20'),
('6578334','4024038','2','48'),
('6195720','6578327','2','60'),
('6578373','4024098','2','22'),
('4025260','4023608','2','84'),
('4025234','4024088','2','96'),
('7069339','4025256','2','81'),
('7069339','4025255','2','72'),
('6578364','4024088','2','35'),
('6578331','4025383','2','49'),
('6578364','4024089','2','62'),
('4025260','4023607','2','121'),
('7069323','6578350','2','42'),
('4025243','4025379','2','49'),
('4025243','4025377','2','123'),
('7069307','4025252','2','142'),
('4025243','4025378','2','49'),
('7069307','4025251','2','124'),
('4025243','4025376','2','123'),
('4025237','4473166','2','101'),
('6578385','4024337','2','78'),
('4109833','6578371','2','110'),
('4025237','4023609','2','91'),
('4025237','4023608','2','109'),
('4025256','4024094','2','81'),
('6578325','4024095','2','48'),
('6578365','4024978','2','115'),
('4025234','4024380','2','126'),
('4025256','4024095','2','44'),
('6578340','3877796','2','72'),
('6578385','1831','2','258'),
('7069312','6578370','2','126'),
('6578370','4208636','2','49'),
('6578340','3877793','2','65'),
('4109865','4025246','2','88'),
('6578340','3877794','2','52'),
('6578386','4024978','2','83'),
('4025237','1831','2','265'),
('6578340','3877795','2','100'),
('4109865','4025245','2','104'),
('6578370','4208630','2','81'),
('4109865','4025244','2','96'),
('4025234','4024379','2','96'),
('4023209','6578373','2','22'),
('6578385','4024325','2','80'),
('4025255','4025377','2','52'),
('4025255','4025376','2','65'),
('6195717','6578340','2','65'),
('4025255','4025379','2','69'),
('4025255','4025378','2','69'),
('7069313','6578325','2','119'),
('6578363','4473167','2','96'),
('6578363','4473166','2','141'),
('7069313','6578326','2','81'),
('7069316','6578376','2','104'),
('4109831','4025245','2','137'),
('4109831','4025246','2','135'),
('6578334','4024098','2','26'),
('6578334','4024099','2','48'),
('6578369','4024338','2','75'),
('4025236','4024978','2','83'),
('4025250','4023980','2','26'),
('4025250','4023981','2','48'),
('6578365','4473166','2','101'),
('7069337','4025257','2','75'),
('7069307','6578374','2','124'),
('6578328','4025373','2','71'),
('4109865','6578371','2','104'),
('6578326','4025378','2','107'),
('4025236','4024379','2','50'),
('6578326','4025379','2','107'),
('6578326','4025376','2','40'),
('4025243','4208630','2','81'),
('4025249','4024098','2','22'),
('6578346','6456073','2','121'),
('4109865','6578338','2','88'),
('4025243','4208636','2','49'),
('6578377','4024372','2','93'),
('6195717','6578370','2','123'),
('7069337','6578324','2','75'),
('6195739','4025256','2','101'),
('4025236','4024380','2','83'),
('6195739','4025255','2','82'),
('4025236','4035032','2','49'),
('4025236','4035031','2','94'),
('4025242','3877797','2','20'),
('4025280','6187528','2','139'),
('4025280','6187527','2','17'),
('4025280','6187526','2','42'),
('6578370','4208629','2','123'),
('6578370','4208628','2','123'),
('6578330','4025370','2','77'),
('6578346','6456128','2','45'),
('4025250','4024099','2','48'),
('6195718','6578370','2','123'),
('4025243','4208628','2','123'),
('4025243','4208629','2','123'),
('6578334','4023981','2','48'),
('6578334','4023980','2','26'),
('6578346','6456129','2','89'),
('4025250','4024098','2','26'),
('7069304','6578332','2','137'),
('6578376','4024321','2','104'),
('6195739','4025243','2','20'),
('6578376','4024320','2','109'),
('6578374','4024126','2','106'),
('4025256','4025376','2','102'),
('6578374','4024125','2','90'),
('6217354','6578325','2','119'),
('4025256','4025378','2','36'),
('6217354','6578326','2','81'),
('4025256','4025377','2','128'),
('6578346','4024928','2','110'),
('4025256','4025379','2','36'),
('6578328','4025375','2','118'),
('6578346','4024925','2','121'),
('4025255','4024095','2','100'),
('4025255','4024094','2','72'),
('6578365','4024936','2','115'),
('4025237','4024978','2','115'),
('7069312','6578326','2','61'),
('7069312','6578325','2','126'),
('6578365','4024933','2','54'),
('6578370','4024095','2','48'),
('6578326','6456140','2','118'),
('4109833','6578338','2','133'),
('6578325','6456142','2','73'),
('6578325','6456143','2','73'),
('6578386','4024936','2','83'),
('6578374','4024035','2','90'),
('6578374','4024036','2','106'),
('6578324','4208635','2','75'),
('6578324','4208631','2','70'),
('6578325','4208636','2','49'),
('6578340','4024094','2','72'),
('6578340','4024095','2','100'),
('7069337','6578341','2','75'),
('7069336','4025260','2','80'),
('6578325','4208630','2','81'),
('4023209','6578334','2','26'),
('4023205','6578340','2','72'),
('6195739','6578326','2','135'),
('4025236','4024936','2','83'),
('6195739','6578325','2','20'),
('6578325','4208629','2','123'),
('6578334','4024127','2','26'),
('6578325','4208628','2','123'),
('6578334','4024128','2','48'),
('4025235','4035031','2','32'),
('6578326','6456143','2','90'),
('6578325','4025379','2','49'),
('4025235','4035032','2','55'),
('6578326','6456141','2','105'),
('6217338','6578381','2','71'),
('6578326','6456142','2','90'),
('4025250','4024038','2','48'),
('6578325','4025376','2','123'),
('4025250','4024037','2','26'),
('6578325','4025377','2','123'),
('6578325','4025378','2','49'),
('4025235','4473167','2','55'),
('4025235','4473166','2','32'),
('7069312','6578340','2','80'),
('4025235','4024935','2','83'),
('7069337','6578375','2','75'),
('6217338','6578346','2','45'),
('4023206','6578325','2','117'),
('7069307','6578332','2','142'),
('4023206','6578326','2','55'),
('4023206','6578370','2','117'),
('4023205','6578326','2','123'),
('7069337','6578369','2','75'),
('4025235','4024933','2','125'),
('6578325','6187528','2','20'),
('6578325','6187527','2','117'),
('4023209','4025249','2','22'),
('6578325','6187526','2','119'),
('4025235','4024379','2','35'),
('6195739','6578340','2','82'),
('4025260','4024933','2','85'),
('6578363','4035031','2','141'),
('6578363','4035032','2','96'),
('4023206','6578340','2','69'),
('6195719','6578327','2','127'),
('4025244','4024097','2','135'),
('4023209','4025250','2','26'),
('4025243','6456143','2','73'),
('7069337','6578357','2','125'),
('4025243','6456142','2','73'),
('7069304','4025251','2','138'),
('4025234','4035032','2','96'),
('7069304','4025252','2','137'),
('4025234','4035031','2','141');
INSERT INTO stops (stop_id,stop_code,stop_name,stop_desc,stop_lat,stop_lon,location_type,parent_station) VALUES
('4025239','','PLACE DES MARRONNIERS','70 R HENRI BARBUSSE - 92050','48.89159964737942','2.1918436187226766','0',''),
('4025238','','JEAN-BAPTISTE LEBON','FACE 3 R JEAN-BAPTISTE LEBON - 92050','48.89150331423726','2.193929171222875','0',''),
('4025237','','STALINGRAD','49-51 R DE STALINGRAD - 92050','48.894254020546555','2.1944531347544096','0',''),
('4025236','','JULES QUENTIN','FACE 27 AVENUE JULES QUENTIN - 92050','48.895131546394346','2.1917928180547155','0',''),
('6578338','','SAINT-CLOUD','1 R DES CHAILLIERS - 92050','48.88265967317021','2.2014212020225927','0',''),
('6578336','','CAMILLE DESMOULINS','71 R DES CHAILLIERS - 92050','48.880046515332474','2.2033084758163977','0',''),
('4025279','','LA SOURCE','FACE 48 AVENUE GEORGES CLEMENCEAU - 92050','48.88703095931309','2.2045169572232255','0',''),
('6578331','','VERDUN','113 RUE DE SURESNES - 92050','48.88301777132864','2.2168460952034277','0',''),
('4025278','','LIBERATION','43 R DE LA SOURCE - 92050','48.88495723387458','2.206620913412666','0',''),
('6578330','','LES LOUVETIERS','214-216 RUE PHILIPPE TRIAIRE - 92050','48.88133334185547','2.213129941737652','0',''),
('4025277','','LES DAMADES','97-99 R DE LA SOURCE - 92050','48.883116502284224','2.2081381587657183','0',''),
('4025276','','LUAPS','161 R DE LA SOURCE - 92050','48.88066535817667','2.210351747286266','0',''),
('4025275','','PAUL BERTIN','7 R PAUL BERTIN - 92050','48.88186447998276','2.213987155533238','0',''),
('6578370','','PLACE DE LA BOULE - LENINE','PLACE DE LA BOULE - 92050','48.886962342334975','2.199488364504161','0',''),
('4025274','','SURESNES','130 R DE SURESNES - 92050','48.88354681399069','2.2156593002014677','0',''),
('6578334','','LES CHAILLIERS','123 R DES CHAILLIERS - 92050','48.878223793029576','2.204825649143524','0',''),
('6578371','','SAINT-CLOUD','98-100 AV DE SAINT-CLOUD - 92050','48.88264130993699','2.201080576067','0',''),
('6578332','','GARCHES','41-43 R DU CALVAIRE - 92050','48.877895545964726','2.2087370675198024','0',''),
('4025234','','BENOIT FRACHON','29 AV JULES QUENTIN - 92050','48.895193589340884','2.1910838700502313','0',''),
('6578374','','GARCHES','40 R DU CALVAIRE - 92050','48.87805706667851','2.208505029260346','0',''),
('4025235','','JULES QUENTIN','31 RUE DE STALINGRAD - 92050','48.89460251535587','2.1927893010232644','0',''),
('6578375','','GABRIEL PERI','1 R GAMBETTA - 92050','48.889378423932584','2.1982144701789568','0',''),
('4025232','','ZILINA','RUE DE ZILINA - 92050','48.89787377975509','2.1927392886770676','0',''),
('6578372','','CAMILLE DESMOULINS','R DES CHAILLIERS - 92050','48.880064167852545','2.203022278221524','0',''),
('4025233','','ZILINA','R DE ZILINA - 92050','48.897811249596465','2.1930529750110748','0',''),
('6578373','','LES CHAILLIERS','77 RUE DE GARCHES - 92050','48.87808078212805','2.205534554136397','0',''),
('4025230','','CHEMIN DE L''ILE','BD DU GENERAL LECLERC - 92050','48.899497631405985','2.1904310537164156','0',''),
('6578378','','BALZAC - ZOLA','BOULEVARD HONORE DE BALZAC - 92050','48.89471164228751','2.209663106182034','0',''),
('4025231','','CHEMIN DE L''ILE','BD DU GENERAL LECLERC - 92050','48.899497631405985','2.1904310537164156','0',''),
('6578379','','GOUNOD','FACE 23 BOULEVARD FRANCOIS VINCENT RASPAIL - 92050','48.89779086071002','2.20654766939271','0',''),
('6578376','','PLAINCHAMP','FACE 5 RUE DE COURBEVOIE - 92050','48.891430616233855','2.200907561091466','0',''),
('6578377','','HOTEL DE VILLE - CITE ADMINISTRATIVE','FACE 97 R DU 8 MAI 1945 - 92050','48.89247011636236','2.2062339790895042','0',''),
('4025248','','CAMILLE DESMOULINS','71 R DES CHAILLIERS - 92050','48.880046515332474','2.2033084758163977','0',''),
('4025247','','CAMILLE DESMOULINS','R DES CHAILLIERS - 92050','48.880064167852545','2.203022278221524','0',''),
('4025249','','LES CHAILLIERS','77 RUE DE GARCHES - 92050','48.87808078212805','2.205534554136397','0',''),
('6578348','','PASCAL','3 BOULEVARD BLAISE PASCAL - 92050','48.89937497841858','2.2087383229403086','0',''),
('6578340','','PLACE LA BOULE - JOFFRE','PL DE LA BOULE - 92050','48.88681079957387','2.2005653839860857','0',''),
('6578341','','GABRIEL PERI','1 R GAMBETTA - 92050','48.889378423932584','2.1982144701789568','0',''),
('6578380','','PASCAL','RUE PASCAL - 92050','48.89925827822141','2.208861294335981','0',''),
('6578346','','SOUFFLOT','BOULEVARD JULES MANSARD - 92050','48.89893064237258','2.2134830976924333','0',''),
('6578381','','SOUFFLOT','BOULEVARD JULES MANSARD - 92050','48.897851749188334','2.2130631147976536','0',''),
('6578382','','GABRIEL PERI','1 R GAMBETTA - 92050','48.889378423932584','2.1982144701789568','0',''),
('4025280','','PLACE DE LA BOULE - CLEMENCEAU','1 AVENUE GEORGES CLEMENCEAU - 92050','48.88726100109216','2.2013001183399865','0',''),
('4025243','','PLACE DE LA BOULE - LENINE','PLACE DE LA BOULE - 92050','48.886962342334975','2.199488364504161','0',''),
('6578383','','EGLISE DE NANTERRE','4 R MAURICE THOREZ - 92050','48.89076767281286','2.1950215336606456','0',''),
('4025244','','OMBRAIES','FACE 57 R DE SAINT-CLOUD - 92050','48.88401647962881','2.2011859820808213','0',''),
('6578384','','PARC DES ANCIENNES MAIRIES','FACE 27-29 R MAURICE THOREZ - 92050','48.89188289226897','2.195699942857088','0',''),
('4025245','','SAINT-CLOUD','98-100 AV DE SAINT-CLOUD - 92050','48.88264130993699','2.201080576067','0',''),
('6578385','','MAURICE THOREZ','FACE 43 RUE DE STALINGRAD - 92050','48.8942015123512','2.195639089828312','0',''),
('4025281','','GABRIEL PERI','1 R GAMBETTA - 92050','48.889378423932584','2.1982144701789568','0',''),
('4025246','','SAINT-CLOUD','1 R DES CHAILLIERS - 92050','48.88265967317021','2.2014212020225927','0',''),
('6578386','','JULES QUENTIN','FACE 27 AVENUE JULES QUENTIN - 92050','48.895131546394346','2.1917928180547155','0',''),
('6578387','','ZILINA','R DE ZILINA - 92050','48.897811249596465','2.1930529750110748','0',''),
('4025240','','THOMAS LEMAITRE','2 R DES GOULVENTS - 92050','48.890069839605914','2.190226069290537','0',''),
('6578388','','CHEMIN DE L''ILE','BD DU GENERAL LECLERC - 92050','48.899497631405985','2.1904310537164156','0',''),
('4025241','','LES GOULVENTS','85 AVENUE LENINE - 92050','48.88773054840441','2.188120317758764','0',''),
('4025242','','FOCH','41 AVENUE LENINE - 92050','48.88810459861579','2.1926438712047345','0',''),
('4025258','','EGLISE DE NANTERRE','4 R MAURICE THOREZ - 92050','48.89076767281286','2.1950215336606456','0',''),
('4025259','','PARC DES ANCIENNES MAIRIES','FACE 27-29 R MAURICE THOREZ - 92050','48.89188289226897','2.195699942857088','0',''),
('4025253','','CIMETIERE DU MONT VALERIEN','102 CHE DU CALVAIRE - 92050','48.87625031586917','2.2082233852282602','0',''),
('4025252','','GARCHES','41-43 R DU CALVAIRE - 92050','48.877895545964726','2.2087370675198024','0',''),
('4025251','','GARCHES','40 R DU CALVAIRE - 92050','48.87805706667851','2.208505029260346','0',''),
('4025250','','LES CHAILLIERS','123 R DES CHAILLIERS - 92050','48.878223793029576','2.204825649143524','0',''),
('4025257','','GABRIEL PERI','1 R GAMBETTA - 92050','48.889378423932584','2.1982144701789568','0',''),
('4025256','','GAMBETTA','19 R GAMBETTA - 92050','48.88772674136297','2.1999088101019866','0',''),
('4025255','','PLACE LA BOULE - JOFFRE','PL DE LA BOULE - 92050','48.88681079957387','2.2005653839860857','0',''),
('4025254','','CIMETIERE DU MONT VALERIEN','102 CHE DU CALVAIRE - 92050','48.87625031586917','2.2082233852282602','0',''),
('6578356','','RUE DES AMANDIERS','47 R DU 8 MAI 1945 - 92050','48.89150584467613','2.2038512905464818','0',''),
('6578357','','GABRIEL PERI','FACE 13 PLACE GABRIEL PERI - 92050','48.88990783850749','2.197504348487156','0',''),
('6578354','','HOTEL DE VILLE - CITE ADMINISTRATIVE','69-89 R DU 8 MAI 1945 - 92050','48.89223559380681','2.205457691363943','0',''),
('6578352','','BERTHELOT','BOULEVARD HONORE DE BALZAC - 92050','48.89588719523416','2.2080245586894116','0',''),
('6578353','','POLITZER','FACE 85 ALL GEORGES POLITZER - 92050','48.89274275478342','2.209013731737813','0',''),
('6578350','','GOUNOD','15 BD RASPAIL - 92050','48.89736833154283','2.206426057598736','0',''),
('6578369','','GABRIEL PERI','1 R GAMBETTA - 92050','48.889378423932584','2.1982144701789568','0',''),
('6578329','','DANIEL BECKER','122 RUE PHILIPPE TRIAIRE - 92050','48.88275839405862','2.209419987945448','0',''),
('6578325','','PLACE DE LA BOULE - LENINE','PLACE DE LA BOULE - 92050','48.886962342334975','2.199488364504161','0',''),
('6578326','','PLACE DE LA BOULE - CLEMENCEAU','10 AVENUE GEORGES CLEMENCEAU - 92050','48.886856639445476','2.201355691235118','0',''),
('6578327','','LA SOURCE','68 AVENUE GEORGES CLEMENCEAU - 92050','48.88653863826318','2.2063034841934472','0',''),
('6578328','','LES CHENEVREUX','50 RUE PHILIPPE TRIAIRE - 92050','48.88553311566029','2.207259964985575','0',''),
('6578324','','GABRIEL PERI','1 R GAMBETTA - 92050','48.889378423932584','2.1982144701789568','0',''),
('6578365','','STALINGRAD','49-51 R DE STALINGRAD - 92050','48.894254020546555','2.1944531347544096','0',''),
('6578366','','JEAN-BAPTISTE LEBON','FACE 3 R JEAN-BAPTISTE LEBON - 92050','48.89150331423726','2.193929171222875','0',''),
('6578367','','PLACE DES MARRONNIERS','70 R HENRI BARBUSSE - 92050','48.89159964737942','2.1918436187226766','0',''),
('4296818','','LES GIBETS','RUE DE SAINT-CLOUD - 92050','48.87980929870296','2.2001886847316494','0',''),
('6578368','','PLACE FOCH','FACE 2 R THOMAS LEMAITRE - 92050','48.8887438094835','2.1935688305364764','0',''),
('6578361','','CHEMIN DE L''ILE','BD DU GENERAL LECLERC - 92050','48.899497631405985','2.1904310537164156','0',''),
('6578362','','ZILINA','RUE DE ZILINA - 92050','48.89787377975509','2.1927392886770676','0',''),
('4025260','','MAURICE THOREZ','FACE 43 RUE DE STALINGRAD - 92050','48.8942015123512','2.195639089828312','0',''),
('6578363','','BENOIT FRACHON','29 AV JULES QUENTIN - 92050','48.895193589340884','2.1910838700502313','0',''),
('6578364','','JULES QUENTIN','31 RUE DE STALINGRAD - 92050','48.89460251535587','2.1927893010232644','0','');
