INSERT INTO stop_times (trip_id,arrival_time,departure_time,stop_id,stop_sequence,stop_headsign,shape_dist_traveled) VALUES
('125345401408157','07:50:00','07:50:00','5821500','1','',''),
('125345401408157','07:51:00','07:51:00','5821501','2','',''),
('125345401408157','07:53:00','07:53:00','5821502','3','',''),
('125345401408157','07:57:00','07:57:00','5821503','4','',''),
('125345401408157','07:58:00','07:58:00','5821504','5','',''),
('125345401408157','08:00:00','08:00:00','5821505','6','',''),
('225345401408157','08:50:00','08:50:00','5821500','1','',''),
('225345401408157','08:51:00','08:51:00','5821501','2','',''),
('225345401408157','08:53:00','08:53:00','5821502','3','',''),
('225345401408157','08:57:00','08:57:00','5821503','4','',''),
('225345401408157','08:58:00','08:58:00','5821504','5','',''),
('225345401408157','09:00:00','09:00:00','5821505','6','',''),
('1025345410939968','13:20:00','13:20:00','4016090','1','',''),
('1025345410939968','13:22:00','13:22:00','4016092','2','',''),
('1025345410939968','13:24:00','13:24:00','4016093','3','',''),
('1025345410939968','13:26:00','13:26:00','4016094','4','',''),
('1025345410939968','13:27:00','13:27:00','4016095','5','',''),
('1025345410939968','13:28:00','13:28:00','4016096','6','',''),
('1025345410939968','13:29:00','13:29:00','4016097','7','',''),
('1025345410939968','13:30:00','13:30:00','4016098','8','',''),
('1025345410939968','13:32:00','13:32:00','4016099','9','',''),
('1025345410939968','13:33:00','13:33:00','4016100','10','',''),
('1025345410939968','13:34:00','13:34:00','4016101','11','',''),
('1025345410939968','13:36:00','13:36:00','5794239','12','',''),
('1025345410939968','13:37:00','13:37:00','4016105','13','',''),
('1025345410939968','13:38:00','13:38:00','4016106','14','',''),
('1025345410939968','13:42:00','13:42:00','4016107','15','',''),
('1025345410939968','13:47:00','13:47:00','4016108','16','',''),
('1025345410939968','13:49:00','13:49:00','4016110','17','',''),
('1025345410939968','13:55:00','13:55:00','4016112','18','',''),
('1025345420939968','13:20:00','13:20:00','4016090','1','',''),
('1025345420939968','13:22:00','13:22:00','4016092','2','',''),
('1025345420939968','13:24:00','13:24:00','4016093','3','',''),
('1025345420939968','13:26:00','13:26:00','4016094','4','',''),
('1025345420939968','13:27:00','13:27:00','4016095','5','',''),
('1025345420939968','13:28:00','13:28:00','4016096','6','',''),
('1025345420939968','13:29:00','13:29:00','4016097','7','',''),
('1025345420939968','13:30:00','13:30:00','4016098','8','',''),
('1025345420939968','13:32:00','13:32:00','4016099','9','',''),
('1025345420939968','13:33:00','13:33:00','4016100','10','',''),
('1025345420939968','13:34:00','13:34:00','4016101','11','',''),
('1025345420939968','13:36:00','13:36:00','5794239','12','',''),
('1025345420939968','13:37:00','13:37:00','4016105','13','',''),
('1025345420939968','13:38:00','13:38:00','4016106','14','',''),
('1025345420939968','13:42:00','13:42:00','4016107','15','',''),
('1025345420939968','13:47:00','13:47:00','4016108','16','',''),
('1025345420939968','13:49:00','13:49:00','4016110','17','',''),
('1025345420939968','13:55:00','13:55:00','4016112','18','',''),
('1025345430939968','13:20:00','13:20:00','4016090','1','',''),
('1025345430939968','13:22:00','13:22:00','4016092','2','',''),
('1025345430939968','13:24:00','13:24:00','4016093','3','',''),
('1025345430939968','13:26:00','13:26:00','4016094','4','',''),
('1025345430939968','13:27:00','13:27:00','4016095','5','',''),
('1025345430939968','13:28:00','13:28:00','4016096','6','',''),
('1025345430939968','13:29:00','13:29:00','4016097','7','',''),
('1025345430939968','13:30:00','13:30:00','4016098','8','',''),
('1025345430939968','13:32:00','13:32:00','4016099','9','',''),
('1025345430939968','13:33:00','13:33:00','4016100','10','',''),
('1025345430939968','13:34:00','13:34:00','4016101','11','',''),
('1025345430939968','13:36:00','13:36:00','5794239','12','',''),
('1025345430939968','13:37:00','13:37:00','4016105','13','',''),
('1025345430939968','13:38:00','13:38:00','4016106','14','',''),
('1025345430939968','13:42:00','13:42:00','4016107','15','',''),
('1025345430939968','13:47:00','13:47:00','4016108','16','',''),
('1025345430939968','13:49:00','13:49:00','4016110','17','',''),
('1025345430939968','13:55:00','13:55:00','4016112','18','',''),
('1025345440939968','13:20:00','13:20:00','4016090','1','',''),
('1025345440939968','13:22:00','13:22:00','4016092','2','',''),
('1025345440939968','13:24:00','13:24:00','4016093','3','',''),
('1025345440939968','13:26:00','13:26:00','4016094','4','',''),
('1025345440939968','13:27:00','13:27:00','4016095','5','',''),
('1025345440939968','13:28:00','13:28:00','4016096','6','',''),
('1025345440939968','13:29:00','13:29:00','4016097','7','',''),
('1025345440939968','13:30:00','13:30:00','4016098','8','',''),
('1025345440939968','13:32:00','13:32:00','4016099','9','',''),
('1025345440939968','13:33:00','13:33:00','4016100','10','',''),
('1025345440939968','13:34:00','13:34:00','4016101','11','',''),
('1025345440939968','13:36:00','13:36:00','5794239','12','',''),
('1025345440939968','13:37:00','13:37:00','4016105','13','',''),
('1025345440939968','13:38:00','13:38:00','4016106','14','',''),
('1025345440939968','13:42:00','13:42:00','4016107','15','',''),
('1025345440939968','13:47:00','13:47:00','4016108','16','',''),
('1025345440939968','13:49:00','13:49:00','4016110','17','',''),
('1025345440939968','13:55:00','13:55:00','4016112','18','',''),
('1125345410939968','14:00:00','14:00:00','4016090','1','',''),
('1125345410939968','14:02:00','14:02:00','4016092','2','',''),
('1125345410939968','14:04:00','14:04:00','4016093','3','',''),
('1125345410939968','14:06:00','14:06:00','4016094','4','',''),
('1125345410939968','14:07:00','14:07:00','4016095','5','',''),
('1125345410939968','14:08:00','14:08:00','4016096','6','',''),
('1125345410939968','14:09:00','14:09:00','4016097','7','',''),
('1125345410939968','14:10:00','14:10:00','4016098','8','',''),
('1125345410939968','14:12:00','14:12:00','4016099','9','',''),
('1125345410939968','14:13:00','14:13:00','4016100','10','',''),
('1125345410939968','14:14:00','14:14:00','4016101','11','',''),
('1125345410939968','14:16:00','14:16:00','5794239','12','',''),
('1125345410939968','14:17:00','14:17:00','4016105','13','',''),
('1125345410939968','14:18:00','14:18:00','4016106','14','',''),
('1125345410939968','14:22:00','14:22:00','4016107','15','',''),
('1125345410939968','14:27:00','14:27:00','4016108','16','',''),
('1125345410939968','14:29:00','14:29:00','4016110','17','',''),
('1125345410939968','14:35:00','14:35:00','4016112','18','',''),
('1125345420939968','14:00:00','14:00:00','4016090','1','',''),
('1125345420939968','14:02:00','14:02:00','4016092','2','',''),
('1125345420939968','14:04:00','14:04:00','4016093','3','',''),
('1125345420939968','14:06:00','14:06:00','4016094','4','',''),
('1125345420939968','14:07:00','14:07:00','4016095','5','',''),
('1125345420939968','14:08:00','14:08:00','4016096','6','',''),
('1125345420939968','14:09:00','14:09:00','4016097','7','',''),
('1125345420939968','14:10:00','14:10:00','4016098','8','',''),
('1125345420939968','14:12:00','14:12:00','4016099','9','',''),
('1125345420939968','14:13:00','14:13:00','4016100','10','',''),
('1125345420939968','14:14:00','14:14:00','4016101','11','',''),
('1125345420939968','14:16:00','14:16:00','5794239','12','',''),
('1125345420939968','14:17:00','14:17:00','4016105','13','',''),
('1125345420939968','14:18:00','14:18:00','4016106','14','',''),
('1125345420939968','14:22:00','14:22:00','4016107','15','',''),
('1125345420939968','14:27:00','14:27:00','4016108','16','',''),
('1125345420939968','14:29:00','14:29:00','4016110','17','',''),
('1125345420939968','14:35:00','14:35:00','4016112','18','',''),
('1125345430939968','14:00:00','14:00:00','4016090','1','',''),
('1125345430939968','14:02:00','14:02:00','4016092','2','',''),
('1125345430939968','14:04:00','14:04:00','4016093','3','',''),
('1125345430939968','14:06:00','14:06:00','4016094','4','',''),
('1125345430939968','14:07:00','14:07:00','4016095','5','',''),
('1125345430939968','14:08:00','14:08:00','4016096','6','',''),
('1125345430939968','14:09:00','14:09:00','4016097','7','',''),
('1125345430939968','14:10:00','14:10:00','4016098','8','',''),
('1125345430939968','14:12:00','14:12:00','4016099','9','',''),
('1125345430939968','14:13:00','14:13:00','4016100','10','',''),
('1125345430939968','14:14:00','14:14:00','4016101','11','',''),
('1125345430939968','14:16:00','14:16:00','5794239','12','',''),
('1125345430939968','14:17:00','14:17:00','4016105','13','',''),
('1125345430939968','14:18:00','14:18:00','4016106','14','',''),
('1125345430939968','14:22:00','14:22:00','4016107','15','',''),
('1125345430939968','14:27:00','14:27:00','4016108','16','',''),
('1125345430939968','14:29:00','14:29:00','4016110','17','',''),
('1125345430939968','14:35:00','14:35:00','4016112','18','',''),
('1125345440939968','14:00:00','14:00:00','4016090','1','',''),
('1125345440939968','14:02:00','14:02:00','4016092','2','',''),
('1125345440939968','14:04:00','14:04:00','4016093','3','',''),
('1125345440939968','14:06:00','14:06:00','4016094','4','',''),
('1125345440939968','14:07:00','14:07:00','4016095','5','',''),
('1125345440939968','14:08:00','14:08:00','4016096','6','',''),
('1125345440939968','14:09:00','14:09:00','4016097','7','',''),
('1125345440939968','14:10:00','14:10:00','4016098','8','',''),
('1125345440939968','14:12:00','14:12:00','4016099','9','',''),
('1125345440939968','14:13:00','14:13:00','4016100','10','',''),
('1125345440939968','14:14:00','14:14:00','4016101','11','',''),
('1125345440939968','14:16:00','14:16:00','5794239','12','',''),
('1125345440939968','14:17:00','14:17:00','4016105','13','',''),
('1125345440939968','14:18:00','14:18:00','4016106','14','',''),
('1125345440939968','14:22:00','14:22:00','4016107','15','',''),
('1125345440939968','14:27:00','14:27:00','4016108','16','',''),
('1125345440939968','14:29:00','14:29:00','4016110','17','',''),
('1125345440939968','14:35:00','14:35:00','4016112','18','',''),
('1225345410939968','14:40:00','14:40:00','4016090','1','',''),
('1225345410939968','14:42:00','14:42:00','4016092','2','',''),
('1225345410939968','14:44:00','14:44:00','4016093','3','',''),
('1225345410939968','14:46:00','14:46:00','4016094','4','',''),
('1225345410939968','14:47:00','14:47:00','4016095','5','',''),
('1225345410939968','14:48:00','14:48:00','4016096','6','',''),
('1225345410939968','14:49:00','14:49:00','4016097','7','',''),
('1225345410939968','14:50:00','14:50:00','4016098','8','',''),
('1225345410939968','14:52:00','14:52:00','4016099','9','',''),
('1225345410939968','14:53:00','14:53:00','4016100','10','',''),
('1225345410939968','14:54:00','14:54:00','4016101','11','',''),
('1225345410939968','14:56:00','14:56:00','5794239','12','',''),
('1225345410939968','14:57:00','14:57:00','4016105','13','',''),
('1225345410939968','14:58:00','14:58:00','4016106','14','',''),
('1225345410939968','15:02:00','15:02:00','4016107','15','',''),
('1225345410939968','15:07:00','15:07:00','4016108','16','',''),
('1225345410939968','15:09:00','15:09:00','4016110','17','',''),
('1225345410939968','15:15:00','15:15:00','4016112','18','',''),
('1225345420939968','14:40:00','14:40:00','4016090','1','',''),
('1225345420939968','14:42:00','14:42:00','4016092','2','',''),
('1225345420939968','14:44:00','14:44:00','4016093','3','',''),
('1225345420939968','14:46:00','14:46:00','4016094','4','',''),
('1225345420939968','14:47:00','14:47:00','4016095','5','',''),
('1225345420939968','14:48:00','14:48:00','4016096','6','',''),
('1225345420939968','14:49:00','14:49:00','4016097','7','',''),
('1225345420939968','14:50:00','14:50:00','4016098','8','',''),
('1225345420939968','14:52:00','14:52:00','4016099','9','',''),
('1225345420939968','14:53:00','14:53:00','4016100','10','',''),
('1225345420939968','14:54:00','14:54:00','4016101','11','',''),
('1225345420939968','14:56:00','14:56:00','5794239','12','',''),
('1225345420939968','14:57:00','14:57:00','4016105','13','',''),
('1225345420939968','14:58:00','14:58:00','4016106','14','',''),
('1225345420939968','15:02:00','15:02:00','4016107','15','',''),
('1225345420939968','15:07:00','15:07:00','4016108','16','',''),
('1225345420939968','15:09:00','15:09:00','4016110','17','',''),
('1225345420939968','15:15:00','15:15:00','4016112','18','',''),
('1225345430939968','14:40:00','14:40:00','4016090','1','',''),
('1225345430939968','14:42:00','14:42:00','4016092','2','',''),
('1225345430939968','14:44:00','14:44:00','4016093','3','',''),
('1225345430939968','14:46:00','14:46:00','4016094','4','',''),
('1225345430939968','14:47:00','14:47:00','4016095','5','',''),
('1225345430939968','14:48:00','14:48:00','4016096','6','',''),
('1225345430939968','14:49:00','14:49:00','4016097','7','',''),
('1225345430939968','14:50:00','14:50:00','4016098','8','',''),
('1225345430939968','14:52:00','14:52:00','4016099','9','',''),
('1225345430939968','14:53:00','14:53:00','4016100','10','',''),
('1225345430939968','14:54:00','14:54:00','4016101','11','',''),
('1225345430939968','14:56:00','14:56:00','5794239','12','',''),
('1225345430939968','14:57:00','14:57:00','4016105','13','',''),
('1225345430939968','14:58:00','14:58:00','4016106','14','',''),
('1225345430939968','15:02:00','15:02:00','4016107','15','',''),
('1225345430939968','15:07:00','15:07:00','4016108','16','',''),
('1225345430939968','15:09:00','15:09:00','4016110','17','',''),
('1225345430939968','15:15:00','15:15:00','4016112','18','',''),
('1225345440939968','14:40:00','14:40:00','4016090','1','',''),
('1225345440939968','14:42:00','14:42:00','4016092','2','',''),
('1225345440939968','14:44:00','14:44:00','4016093','3','',''),
('1225345440939968','14:46:00','14:46:00','4016094','4','',''),
('1225345440939968','14:47:00','14:47:00','4016095','5','',''),
('1225345440939968','14:48:00','14:48:00','4016096','6','',''),
('1225345440939968','14:49:00','14:49:00','4016097','7','',''),
('1225345440939968','14:50:00','14:50:00','4016098','8','',''),
('1225345440939968','14:52:00','14:52:00','4016099','9','',''),
('1225345440939968','14:53:00','14:53:00','4016100','10','',''),
('1225345440939968','14:54:00','14:54:00','4016101','11','',''),
('1225345440939968','14:56:00','14:56:00','5794239','12','',''),
('1225345440939968','14:57:00','14:57:00','4016105','13','',''),
('1225345440939968','14:58:00','14:58:00','4016106','14','',''),
('1225345440939968','15:02:00','15:02:00','4016107','15','',''),
('1225345440939968','15:07:00','15:07:00','4016108','16','',''),
('1225345440939968','15:09:00','15:09:00','4016110','17','',''),
('1225345440939968','15:15:00','15:15:00','4016112','18','',''),
('125345410939968','07:20:00','07:20:00','4016090','1','',''),
('125345410939968','07:22:00','07:22:00','4016092','2','',''),
('125345410939968','07:24:00','07:24:00','4016093','3','',''),
('125345410939968','07:26:00','07:26:00','4016094','4','',''),
('125345410939968','07:27:00','07:27:00','4016095','5','',''),
('125345410939968','07:28:00','07:28:00','4016096','6','',''),
('125345410939968','07:29:00','07:29:00','4016097','7','',''),
('125345410939968','07:30:00','07:30:00','4016098','8','',''),
('125345410939968','07:32:00','07:32:00','4016099','9','',''),
('125345410939968','07:33:00','07:33:00','4016100','10','',''),
('125345410939968','07:34:00','07:34:00','4016101','11','',''),
('125345410939968','07:36:00','07:36:00','5794239','12','',''),
('125345410939968','07:37:00','07:37:00','4016105','13','',''),
('125345410939968','07:38:00','07:38:00','4016106','14','',''),
('125345410939968','07:42:00','07:42:00','4016107','15','',''),
('125345410939968','07:47:00','07:47:00','4016108','16','',''),
('125345410939968','07:49:00','07:49:00','4016110','17','',''),
('125345410939968','07:55:00','07:55:00','4016112','18','',''),
('125345420939968','07:20:00','07:20:00','4016090','1','',''),
('125345420939968','07:22:00','07:22:00','4016092','2','',''),
('125345420939968','07:24:00','07:24:00','4016093','3','',''),
('125345420939968','07:26:00','07:26:00','4016094','4','',''),
('125345420939968','07:27:00','07:27:00','4016095','5','',''),
('125345420939968','07:28:00','07:28:00','4016096','6','',''),
('125345420939968','07:29:00','07:29:00','4016097','7','',''),
('125345420939968','07:30:00','07:30:00','4016098','8','',''),
('125345420939968','07:32:00','07:32:00','4016099','9','',''),
('125345420939968','07:33:00','07:33:00','4016100','10','',''),
('125345420939968','07:34:00','07:34:00','4016101','11','',''),
('125345420939968','07:36:00','07:36:00','5794239','12','',''),
('125345420939968','07:37:00','07:37:00','4016105','13','',''),
('125345420939968','07:38:00','07:38:00','4016106','14','',''),
('125345420939968','07:42:00','07:42:00','4016107','15','',''),
('125345420939968','07:47:00','07:47:00','4016108','16','',''),
('125345420939968','07:49:00','07:49:00','4016110','17','',''),
('125345420939968','07:55:00','07:55:00','4016112','18','',''),
('125345430939968','07:20:00','07:20:00','4016090','1','',''),
('125345430939968','07:22:00','07:22:00','4016092','2','',''),
('125345430939968','07:24:00','07:24:00','4016093','3','',''),
('125345430939968','07:26:00','07:26:00','4016094','4','',''),
('125345430939968','07:27:00','07:27:00','4016095','5','',''),
('125345430939968','07:28:00','07:28:00','4016096','6','',''),
('125345430939968','07:29:00','07:29:00','4016097','7','',''),
('125345430939968','07:30:00','07:30:00','4016098','8','',''),
('125345430939968','07:32:00','07:32:00','4016099','9','',''),
('125345430939968','07:33:00','07:33:00','4016100','10','',''),
('125345430939968','07:34:00','07:34:00','4016101','11','',''),
('125345430939968','07:36:00','07:36:00','5794239','12','',''),
('125345430939968','07:37:00','07:37:00','4016105','13','',''),
('125345430939968','07:38:00','07:38:00','4016106','14','',''),
('125345430939968','07:42:00','07:42:00','4016107','15','',''),
('125345430939968','07:47:00','07:47:00','4016108','16','',''),
('125345430939968','07:49:00','07:49:00','4016110','17','',''),
('125345430939968','07:55:00','07:55:00','4016112','18','',''),
('125345440939968','07:20:00','07:20:00','4016090','1','',''),
('125345440939968','07:22:00','07:22:00','4016092','2','',''),
('125345440939968','07:24:00','07:24:00','4016093','3','',''),
('125345440939968','07:26:00','07:26:00','4016094','4','',''),
('125345440939968','07:27:00','07:27:00','4016095','5','',''),
('125345440939968','07:28:00','07:28:00','4016096','6','',''),
('125345440939968','07:29:00','07:29:00','4016097','7','',''),
('125345440939968','07:30:00','07:30:00','4016098','8','',''),
('125345440939968','07:32:00','07:32:00','4016099','9','',''),
('125345440939968','07:33:00','07:33:00','4016100','10','',''),
('125345440939968','07:34:00','07:34:00','4016101','11','',''),
('125345440939968','07:36:00','07:36:00','5794239','12','',''),
('125345440939968','07:37:00','07:37:00','4016105','13','',''),
('125345440939968','07:38:00','07:38:00','4016106','14','',''),
('125345440939968','07:42:00','07:42:00','4016107','15','',''),
('125345440939968','07:47:00','07:47:00','4016108','16','',''),
('125345440939968','07:49:00','07:49:00','4016110','17','',''),
('125345440939968','07:55:00','07:55:00','4016112','18','',''),
('1325345410939968','15:20:00','15:20:00','4016090','1','',''),
('1325345410939968','15:22:00','15:22:00','4016092','2','',''),
('1325345410939968','15:24:00','15:24:00','4016093','3','',''),
('1325345410939968','15:26:00','15:26:00','4016094','4','',''),
('1325345410939968','15:27:00','15:27:00','4016095','5','',''),
('1325345410939968','15:28:00','15:28:00','4016096','6','',''),
('1325345410939968','15:29:00','15:29:00','4016097','7','',''),
('1325345410939968','15:30:00','15:30:00','4016098','8','',''),
('1325345410939968','15:32:00','15:32:00','4016099','9','',''),
('1325345410939968','15:33:00','15:33:00','4016100','10','',''),
('1325345410939968','15:34:00','15:34:00','4016101','11','',''),
('1325345410939968','15:36:00','15:36:00','5794239','12','',''),
('1325345410939968','15:37:00','15:37:00','4016105','13','',''),
('1325345410939968','15:38:00','15:38:00','4016106','14','',''),
('1325345410939968','15:42:00','15:42:00','4016107','15','',''),
('1325345410939968','15:47:00','15:47:00','4016108','16','',''),
('1325345410939968','15:49:00','15:49:00','4016110','17','',''),
('1325345410939968','15:55:00','15:55:00','4016112','18','',''),
('1325345420939968','15:20:00','15:20:00','4016090','1','',''),
('1325345420939968','15:22:00','15:22:00','4016092','2','',''),
('1325345420939968','15:24:00','15:24:00','4016093','3','',''),
('1325345420939968','15:26:00','15:26:00','4016094','4','',''),
('1325345420939968','15:27:00','15:27:00','4016095','5','',''),
('1325345420939968','15:28:00','15:28:00','4016096','6','',''),
('1325345420939968','15:29:00','15:29:00','4016097','7','',''),
('1325345420939968','15:30:00','15:30:00','4016098','8','',''),
('1325345420939968','15:32:00','15:32:00','4016099','9','',''),
('1325345420939968','15:33:00','15:33:00','4016100','10','',''),
('1325345420939968','15:34:00','15:34:00','4016101','11','',''),
('1325345420939968','15:36:00','15:36:00','5794239','12','',''),
('1325345420939968','15:37:00','15:37:00','4016105','13','',''),
('1325345420939968','15:38:00','15:38:00','4016106','14','',''),
('1325345420939968','15:42:00','15:42:00','4016107','15','',''),
('1325345420939968','15:47:00','15:47:00','4016108','16','',''),
('1325345420939968','15:49:00','15:49:00','4016110','17','',''),
('1325345420939968','15:55:00','15:55:00','4016112','18','',''),
('1325345430939968','15:20:00','15:20:00','4016090','1','',''),
('1325345430939968','15:22:00','15:22:00','4016092','2','',''),
('1325345430939968','15:24:00','15:24:00','4016093','3','',''),
('1325345430939968','15:26:00','15:26:00','4016094','4','',''),
('1325345430939968','15:27:00','15:27:00','4016095','5','',''),
('1325345430939968','15:28:00','15:28:00','4016096','6','',''),
('1325345430939968','15:29:00','15:29:00','4016097','7','',''),
('1325345430939968','15:30:00','15:30:00','4016098','8','',''),
('1325345430939968','15:32:00','15:32:00','4016099','9','',''),
('1325345430939968','15:33:00','15:33:00','4016100','10','',''),
('1325345430939968','15:34:00','15:34:00','4016101','11','',''),
('1325345430939968','15:36:00','15:36:00','5794239','12','',''),
('1325345430939968','15:37:00','15:37:00','4016105','13','',''),
('1325345430939968','15:38:00','15:38:00','4016106','14','',''),
('1325345430939968','15:42:00','15:42:00','4016107','15','',''),
('1325345430939968','15:47:00','15:47:00','4016108','16','',''),
('1325345430939968','15:49:00','15:49:00','4016110','17','',''),
('1325345430939968','15:55:00','15:55:00','4016112','18','',''),
('1325345440939968','15:20:00','15:20:00','4016090','1','',''),
('1325345440939968','15:22:00','15:22:00','4016092','2','',''),
('1325345440939968','15:24:00','15:24:00','4016093','3','',''),
('1325345440939968','15:26:00','15:26:00','4016094','4','',''),
('1325345440939968','15:27:00','15:27:00','4016095','5','',''),
('1325345440939968','15:28:00','15:28:00','4016096','6','',''),
('1325345440939968','15:29:00','15:29:00','4016097','7','',''),
('1325345440939968','15:30:00','15:30:00','4016098','8','',''),
('1325345440939968','15:32:00','15:32:00','4016099','9','',''),
('1325345440939968','15:33:00','15:33:00','4016100','10','',''),
('1325345440939968','15:34:00','15:34:00','4016101','11','',''),
('1325345440939968','15:36:00','15:36:00','5794239','12','',''),
('1325345440939968','15:37:00','15:37:00','4016105','13','',''),
('1325345440939968','15:38:00','15:38:00','4016106','14','',''),
('1325345440939968','15:42:00','15:42:00','4016107','15','',''),
('1325345440939968','15:47:00','15:47:00','4016108','16','',''),
('1325345440939968','15:49:00','15:49:00','4016110','17','',''),
('1325345440939968','15:55:00','15:55:00','4016112','18','',''),
('1425345410939968','16:00:00','16:00:00','4016090','1','',''),
('1425345410939968','16:02:00','16:02:00','4016092','2','',''),
('1425345410939968','16:04:00','16:04:00','4016093','3','',''),
('1425345410939968','16:06:00','16:06:00','4016094','4','',''),
('1425345410939968','16:07:00','16:07:00','4016095','5','',''),
('1425345410939968','16:08:00','16:08:00','4016096','6','',''),
('1425345410939968','16:09:00','16:09:00','4016097','7','',''),
('1425345410939968','16:10:00','16:10:00','4016098','8','',''),
('1425345410939968','16:12:00','16:12:00','4016099','9','',''),
('1425345410939968','16:13:00','16:13:00','4016100','10','',''),
('1425345410939968','16:14:00','16:14:00','4016101','11','',''),
('1425345410939968','16:16:00','16:16:00','5794239','12','',''),
('1425345410939968','16:17:00','16:17:00','4016105','13','',''),
('1425345410939968','16:18:00','16:18:00','4016106','14','',''),
('1425345410939968','16:22:00','16:22:00','4016107','15','',''),
('1425345410939968','16:27:00','16:27:00','4016108','16','',''),
('1425345410939968','16:29:00','16:29:00','4016110','17','',''),
('1425345410939968','16:35:00','16:35:00','4016112','18','',''),
('1425345420939968','16:00:00','16:00:00','4016090','1','',''),
('1425345420939968','16:02:00','16:02:00','4016092','2','',''),
('1425345420939968','16:04:00','16:04:00','4016093','3','',''),
('1425345420939968','16:06:00','16:06:00','4016094','4','',''),
('1425345420939968','16:07:00','16:07:00','4016095','5','',''),
('1425345420939968','16:08:00','16:08:00','4016096','6','',''),
('1425345420939968','16:09:00','16:09:00','4016097','7','',''),
('1425345420939968','16:10:00','16:10:00','4016098','8','',''),
('1425345420939968','16:12:00','16:12:00','4016099','9','',''),
('1425345420939968','16:13:00','16:13:00','4016100','10','',''),
('1425345420939968','16:14:00','16:14:00','4016101','11','',''),
('1425345420939968','16:16:00','16:16:00','5794239','12','',''),
('1425345420939968','16:17:00','16:17:00','4016105','13','',''),
('1425345420939968','16:18:00','16:18:00','4016106','14','',''),
('1425345420939968','16:22:00','16:22:00','4016107','15','',''),
('1425345420939968','16:27:00','16:27:00','4016108','16','',''),
('1425345420939968','16:29:00','16:29:00','4016110','17','',''),
('1425345420939968','16:35:00','16:35:00','4016112','18','',''),
('1425345430939968','16:00:00','16:00:00','4016090','1','',''),
('1425345430939968','16:02:00','16:02:00','4016092','2','',''),
('1425345430939968','16:04:00','16:04:00','4016093','3','',''),
('1425345430939968','16:06:00','16:06:00','4016094','4','',''),
('1425345430939968','16:07:00','16:07:00','4016095','5','',''),
('1425345430939968','16:08:00','16:08:00','4016096','6','',''),
('1425345430939968','16:09:00','16:09:00','4016097','7','',''),
('1425345430939968','16:10:00','16:10:00','4016098','8','',''),
('1425345430939968','16:12:00','16:12:00','4016099','9','',''),
('1425345430939968','16:13:00','16:13:00','4016100','10','',''),
('1425345430939968','16:14:00','16:14:00','4016101','11','',''),
('1425345430939968','16:16:00','16:16:00','5794239','12','',''),
('1425345430939968','16:17:00','16:17:00','4016105','13','',''),
('1425345430939968','16:18:00','16:18:00','4016106','14','',''),
('1425345430939968','16:22:00','16:22:00','4016107','15','',''),
('1425345430939968','16:27:00','16:27:00','4016108','16','',''),
('1425345430939968','16:29:00','16:29:00','4016110','17','',''),
('1425345430939968','16:35:00','16:35:00','4016112','18','',''),
('1425345440939968','16:00:00','16:00:00','4016090','1','',''),
('1425345440939968','16:02:00','16:02:00','4016092','2','',''),
('1425345440939968','16:04:00','16:04:00','4016093','3','',''),
('1425345440939968','16:06:00','16:06:00','4016094','4','',''),
('1425345440939968','16:07:00','16:07:00','4016095','5','',''),
('1425345440939968','16:08:00','16:08:00','4016096','6','',''),
('1425345440939968','16:09:00','16:09:00','4016097','7','',''),
('1425345440939968','16:10:00','16:10:00','4016098','8','',''),
('1425345440939968','16:12:00','16:12:00','4016099','9','',''),
('1425345440939968','16:13:00','16:13:00','4016100','10','',''),
('1425345440939968','16:14:00','16:14:00','4016101','11','',''),
('1425345440939968','16:16:00','16:16:00','5794239','12','',''),
('1425345440939968','16:17:00','16:17:00','4016105','13','',''),
('1425345440939968','16:18:00','16:18:00','4016106','14','',''),
('1425345440939968','16:22:00','16:22:00','4016107','15','',''),
('1425345440939968','16:27:00','16:27:00','4016108','16','',''),
('1425345440939968','16:29:00','16:29:00','4016110','17','',''),
('1425345440939968','16:35:00','16:35:00','4016112','18','',''),
('1525345410939968','16:40:00','16:40:00','4016090','1','',''),
('1525345410939968','16:42:00','16:42:00','4016092','2','',''),
('1525345410939968','16:44:00','16:44:00','4016093','3','',''),
('1525345410939968','16:46:00','16:46:00','4016094','4','',''),
('1525345410939968','16:47:00','16:47:00','4016095','5','',''),
('1525345410939968','16:48:00','16:48:00','4016096','6','',''),
('1525345410939968','16:49:00','16:49:00','4016097','7','',''),
('1525345410939968','16:50:00','16:50:00','4016098','8','',''),
('1525345410939968','16:52:00','16:52:00','4016099','9','',''),
('1525345410939968','16:53:00','16:53:00','4016100','10','',''),
('1525345410939968','16:54:00','16:54:00','4016101','11','',''),
('1525345410939968','16:56:00','16:56:00','5794239','12','',''),
('1525345410939968','16:57:00','16:57:00','4016105','13','',''),
('1525345410939968','16:58:00','16:58:00','4016106','14','',''),
('1525345410939968','17:02:00','17:02:00','4016107','15','',''),
('1525345410939968','17:07:00','17:07:00','4016108','16','',''),
('1525345410939968','17:09:00','17:09:00','4016110','17','',''),
('1525345410939968','17:15:00','17:15:00','4016112','18','',''),
('1525345420939968','16:40:00','16:40:00','4016090','1','',''),
('1525345420939968','16:42:00','16:42:00','4016092','2','',''),
('1525345420939968','16:44:00','16:44:00','4016093','3','',''),
('1525345420939968','16:46:00','16:46:00','4016094','4','',''),
('1525345420939968','16:47:00','16:47:00','4016095','5','',''),
('1525345420939968','16:48:00','16:48:00','4016096','6','',''),
('1525345420939968','16:49:00','16:49:00','4016097','7','',''),
('1525345420939968','16:50:00','16:50:00','4016098','8','',''),
('1525345420939968','16:52:00','16:52:00','4016099','9','',''),
('1525345420939968','16:53:00','16:53:00','4016100','10','',''),
('1525345420939968','16:54:00','16:54:00','4016101','11','',''),
('1525345420939968','16:56:00','16:56:00','5794239','12','',''),
('1525345420939968','16:57:00','16:57:00','4016105','13','',''),
('1525345420939968','16:58:00','16:58:00','4016106','14','',''),
('1525345420939968','17:02:00','17:02:00','4016107','15','',''),
('1525345420939968','17:07:00','17:07:00','4016108','16','',''),
('1525345420939968','17:09:00','17:09:00','4016110','17','',''),
('1525345420939968','17:15:00','17:15:00','4016112','18','',''),
('1525345430939968','16:40:00','16:40:00','4016090','1','',''),
('1525345430939968','16:42:00','16:42:00','4016092','2','',''),
('1525345430939968','16:44:00','16:44:00','4016093','3','',''),
('1525345430939968','16:46:00','16:46:00','4016094','4','',''),
('1525345430939968','16:47:00','16:47:00','4016095','5','',''),
('1525345430939968','16:48:00','16:48:00','4016096','6','',''),
('1525345430939968','16:49:00','16:49:00','4016097','7','',''),
('1525345430939968','16:50:00','16:50:00','4016098','8','',''),
('1525345430939968','16:52:00','16:52:00','4016099','9','',''),
('1525345430939968','16:53:00','16:53:00','4016100','10','',''),
('1525345430939968','16:54:00','16:54:00','4016101','11','',''),
('1525345430939968','16:56:00','16:56:00','5794239','12','',''),
('1525345430939968','16:57:00','16:57:00','4016105','13','',''),
('1525345430939968','16:58:00','16:58:00','4016106','14','',''),
('1525345430939968','17:02:00','17:02:00','4016107','15','',''),
('1525345430939968','17:07:00','17:07:00','4016108','16','',''),
('1525345430939968','17:09:00','17:09:00','4016110','17','',''),
('1525345430939968','17:15:00','17:15:00','4016112','18','',''),
('1525345440939968','16:40:00','16:40:00','4016090','1','',''),
('1525345440939968','16:42:00','16:42:00','4016092','2','',''),
('1525345440939968','16:44:00','16:44:00','4016093','3','',''),
('1525345440939968','16:46:00','16:46:00','4016094','4','',''),
('1525345440939968','16:47:00','16:47:00','4016095','5','',''),
('1525345440939968','16:48:00','16:48:00','4016096','6','',''),
('1525345440939968','16:49:00','16:49:00','4016097','7','',''),
('1525345440939968','16:50:00','16:50:00','4016098','8','',''),
('1525345440939968','16:52:00','16:52:00','4016099','9','',''),
('1525345440939968','16:53:00','16:53:00','4016100','10','',''),
('1525345440939968','16:54:00','16:54:00','4016101','11','',''),
('1525345440939968','16:56:00','16:56:00','5794239','12','',''),
('1525345440939968','16:57:00','16:57:00','4016105','13','',''),
('1525345440939968','16:58:00','16:58:00','4016106','14','',''),
('1525345440939968','17:02:00','17:02:00','4016107','15','',''),
('1525345440939968','17:07:00','17:07:00','4016108','16','',''),
('1525345440939968','17:09:00','17:09:00','4016110','17','',''),
('1525345440939968','17:15:00','17:15:00','4016112','18','',''),
('1625345410939968','17:20:00','17:20:00','4016090','1','',''),
('1625345410939968','17:22:00','17:22:00','4016092','2','',''),
('1625345410939968','17:24:00','17:24:00','4016093','3','',''),
('1625345410939968','17:26:00','17:26:00','4016094','4','',''),
('1625345410939968','17:27:00','17:27:00','4016095','5','',''),
('1625345410939968','17:28:00','17:28:00','4016096','6','',''),
('1625345410939968','17:29:00','17:29:00','4016097','7','',''),
('1625345410939968','17:30:00','17:30:00','4016098','8','',''),
('1625345410939968','17:32:00','17:32:00','4016099','9','',''),
('1625345410939968','17:33:00','17:33:00','4016100','10','',''),
('1625345410939968','17:34:00','17:34:00','4016101','11','',''),
('1625345410939968','17:36:00','17:36:00','5794239','12','',''),
('1625345410939968','17:37:00','17:37:00','4016105','13','',''),
('1625345410939968','17:38:00','17:38:00','4016106','14','',''),
('1625345410939968','17:42:00','17:42:00','4016107','15','',''),
('1625345410939968','17:47:00','17:47:00','4016108','16','',''),
('1625345410939968','17:49:00','17:49:00','4016110','17','',''),
('1625345410939968','17:55:00','17:55:00','4016112','18','',''),
('1625345420939968','17:20:00','17:20:00','4016090','1','',''),
('1625345420939968','17:22:00','17:22:00','4016092','2','',''),
('1625345420939968','17:24:00','17:24:00','4016093','3','',''),
('1625345420939968','17:26:00','17:26:00','4016094','4','',''),
('1625345420939968','17:27:00','17:27:00','4016095','5','',''),
('1625345420939968','17:28:00','17:28:00','4016096','6','',''),
('1625345420939968','17:29:00','17:29:00','4016097','7','',''),
('1625345420939968','17:30:00','17:30:00','4016098','8','',''),
('1625345420939968','17:32:00','17:32:00','4016099','9','',''),
('1625345420939968','17:33:00','17:33:00','4016100','10','',''),
('1625345420939968','17:34:00','17:34:00','4016101','11','',''),
('1625345420939968','17:36:00','17:36:00','5794239','12','',''),
('1625345420939968','17:37:00','17:37:00','4016105','13','',''),
('1625345420939968','17:38:00','17:38:00','4016106','14','',''),
('1625345420939968','17:42:00','17:42:00','4016107','15','',''),
('1625345420939968','17:47:00','17:47:00','4016108','16','',''),
('1625345420939968','17:49:00','17:49:00','4016110','17','',''),
('1625345420939968','17:55:00','17:55:00','4016112','18','',''),
('1625345430939968','17:20:00','17:20:00','4016090','1','',''),
('1625345430939968','17:22:00','17:22:00','4016092','2','',''),
('1625345430939968','17:24:00','17:24:00','4016093','3','',''),
('1625345430939968','17:26:00','17:26:00','4016094','4','',''),
('1625345430939968','17:27:00','17:27:00','4016095','5','',''),
('1625345430939968','17:28:00','17:28:00','4016096','6','',''),
('1625345430939968','17:29:00','17:29:00','4016097','7','',''),
('1625345430939968','17:30:00','17:30:00','4016098','8','',''),
('1625345430939968','17:32:00','17:32:00','4016099','9','',''),
('1625345430939968','17:33:00','17:33:00','4016100','10','',''),
('1625345430939968','17:34:00','17:34:00','4016101','11','',''),
('1625345430939968','17:36:00','17:36:00','5794239','12','',''),
('1625345430939968','17:37:00','17:37:00','4016105','13','',''),
('1625345430939968','17:38:00','17:38:00','4016106','14','',''),
('1625345430939968','17:42:00','17:42:00','4016107','15','',''),
('1625345430939968','17:47:00','17:47:00','4016108','16','',''),
('1625345430939968','17:49:00','17:49:00','4016110','17','',''),
('1625345430939968','17:55:00','17:55:00','4016112','18','',''),
('1625345440939968','17:20:00','17:20:00','4016090','1','',''),
('1625345440939968','17:22:00','17:22:00','4016092','2','',''),
('1625345440939968','17:24:00','17:24:00','4016093','3','',''),
('1625345440939968','17:26:00','17:26:00','4016094','4','',''),
('1625345440939968','17:27:00','17:27:00','4016095','5','',''),
('1625345440939968','17:28:00','17:28:00','4016096','6','',''),
('1625345440939968','17:29:00','17:29:00','4016097','7','',''),
('1625345440939968','17:30:00','17:30:00','4016098','8','',''),
('1625345440939968','17:32:00','17:32:00','4016099','9','',''),
('1625345440939968','17:33:00','17:33:00','4016100','10','',''),
('1625345440939968','17:34:00','17:34:00','4016101','11','',''),
('1625345440939968','17:36:00','17:36:00','5794239','12','',''),
('1625345440939968','17:37:00','17:37:00','4016105','13','',''),
('1625345440939968','17:38:00','17:38:00','4016106','14','',''),
('1625345440939968','17:42:00','17:42:00','4016107','15','',''),
('1625345440939968','17:47:00','17:47:00','4016108','16','',''),
('1625345440939968','17:49:00','17:49:00','4016110','17','',''),
('1625345440939968','17:55:00','17:55:00','4016112','18','',''),
('1725345410939968','18:00:00','18:00:00','4016090','1','',''),
('1725345410939968','18:02:00','18:02:00','4016092','2','',''),
('1725345410939968','18:04:00','18:04:00','4016093','3','',''),
('1725345410939968','18:06:00','18:06:00','4016094','4','',''),
('1725345410939968','18:07:00','18:07:00','4016095','5','',''),
('1725345410939968','18:08:00','18:08:00','4016096','6','',''),
('1725345410939968','18:09:00','18:09:00','4016097','7','',''),
('1725345410939968','18:10:00','18:10:00','4016098','8','',''),
('1725345410939968','18:12:00','18:12:00','4016099','9','',''),
('1725345410939968','18:13:00','18:13:00','4016100','10','',''),
('1725345410939968','18:14:00','18:14:00','4016101','11','',''),
('1725345410939968','18:16:00','18:16:00','5794239','12','',''),
('1725345410939968','18:17:00','18:17:00','4016105','13','',''),
('1725345410939968','18:18:00','18:18:00','4016106','14','',''),
('1725345410939968','18:22:00','18:22:00','4016107','15','',''),
('1725345410939968','18:27:00','18:27:00','4016108','16','',''),
('1725345410939968','18:29:00','18:29:00','4016110','17','',''),
('1725345410939968','18:35:00','18:35:00','4016112','18','',''),
('1725345420939968','18:00:00','18:00:00','4016090','1','',''),
('1725345420939968','18:02:00','18:02:00','4016092','2','',''),
('1725345420939968','18:04:00','18:04:00','4016093','3','',''),
('1725345420939968','18:06:00','18:06:00','4016094','4','',''),
('1725345420939968','18:07:00','18:07:00','4016095','5','',''),
('1725345420939968','18:08:00','18:08:00','4016096','6','',''),
('1725345420939968','18:09:00','18:09:00','4016097','7','',''),
('1725345420939968','18:10:00','18:10:00','4016098','8','',''),
('1725345420939968','18:12:00','18:12:00','4016099','9','',''),
('1725345420939968','18:13:00','18:13:00','4016100','10','',''),
('1725345420939968','18:14:00','18:14:00','4016101','11','',''),
('1725345420939968','18:16:00','18:16:00','5794239','12','',''),
('1725345420939968','18:17:00','18:17:00','4016105','13','',''),
('1725345420939968','18:18:00','18:18:00','4016106','14','',''),
('1725345420939968','18:22:00','18:22:00','4016107','15','',''),
('1725345420939968','18:27:00','18:27:00','4016108','16','',''),
('1725345420939968','18:29:00','18:29:00','4016110','17','',''),
('1725345420939968','18:35:00','18:35:00','4016112','18','',''),
('1725345430939968','18:00:00','18:00:00','4016090','1','',''),
('1725345430939968','18:02:00','18:02:00','4016092','2','',''),
('1725345430939968','18:04:00','18:04:00','4016093','3','',''),
('1725345430939968','18:06:00','18:06:00','4016094','4','',''),
('1725345430939968','18:07:00','18:07:00','4016095','5','',''),
('1725345430939968','18:08:00','18:08:00','4016096','6','',''),
('1725345430939968','18:09:00','18:09:00','4016097','7','',''),
('1725345430939968','18:10:00','18:10:00','4016098','8','',''),
('1725345430939968','18:12:00','18:12:00','4016099','9','',''),
('1725345430939968','18:13:00','18:13:00','4016100','10','',''),
('1725345430939968','18:14:00','18:14:00','4016101','11','',''),
('1725345430939968','18:16:00','18:16:00','5794239','12','',''),
('1725345430939968','18:17:00','18:17:00','4016105','13','',''),
('1725345430939968','18:18:00','18:18:00','4016106','14','',''),
('1725345430939968','18:22:00','18:22:00','4016107','15','',''),
('1725345430939968','18:27:00','18:27:00','4016108','16','',''),
('1725345430939968','18:29:00','18:29:00','4016110','17','',''),
('1725345430939968','18:35:00','18:35:00','4016112','18','',''),
('1725345440939968','18:00:00','18:00:00','4016090','1','',''),
('1725345440939968','18:02:00','18:02:00','4016092','2','',''),
('1725345440939968','18:04:00','18:04:00','4016093','3','',''),
('1725345440939968','18:06:00','18:06:00','4016094','4','',''),
('1725345440939968','18:07:00','18:07:00','4016095','5','',''),
('1725345440939968','18:08:00','18:08:00','4016096','6','',''),
('1725345440939968','18:09:00','18:09:00','4016097','7','',''),
('1725345440939968','18:10:00','18:10:00','4016098','8','',''),
('1725345440939968','18:12:00','18:12:00','4016099','9','',''),
('1725345440939968','18:13:00','18:13:00','4016100','10','',''),
('1725345440939968','18:14:00','18:14:00','4016101','11','',''),
('1725345440939968','18:16:00','18:16:00','5794239','12','',''),
('1725345440939968','18:17:00','18:17:00','4016105','13','',''),
('1725345440939968','18:18:00','18:18:00','4016106','14','',''),
('1725345440939968','18:22:00','18:22:00','4016107','15','',''),
('1725345440939968','18:27:00','18:27:00','4016108','16','',''),
('1725345440939968','18:29:00','18:29:00','4016110','17','',''),
('1725345440939968','18:35:00','18:35:00','4016112','18','',''),
('1825345410939968','18:40:00','18:40:00','4016090','1','',''),
('1825345410939968','18:42:00','18:42:00','4016092','2','',''),
('1825345410939968','18:44:00','18:44:00','4016093','3','',''),
('1825345410939968','18:46:00','18:46:00','4016094','4','',''),
('1825345410939968','18:47:00','18:47:00','4016095','5','',''),
('1825345410939968','18:48:00','18:48:00','4016096','6','',''),
('1825345410939968','18:49:00','18:49:00','4016097','7','',''),
('1825345410939968','18:50:00','18:50:00','4016098','8','',''),
('1825345410939968','18:52:00','18:52:00','4016099','9','',''),
('1825345410939968','18:53:00','18:53:00','4016100','10','',''),
('1825345410939968','18:54:00','18:54:00','4016101','11','',''),
('1825345410939968','18:56:00','18:56:00','5794239','12','',''),
('1825345410939968','18:57:00','18:57:00','4016105','13','',''),
('1825345410939968','18:58:00','18:58:00','4016106','14','',''),
('1825345410939968','19:02:00','19:02:00','4016107','15','',''),
('1825345410939968','19:07:00','19:07:00','4016108','16','',''),
('1825345410939968','19:09:00','19:09:00','4016110','17','',''),
('1825345410939968','19:15:00','19:15:00','4016112','18','',''),
('1825345420939968','18:40:00','18:40:00','4016090','1','',''),
('1825345420939968','18:42:00','18:42:00','4016092','2','',''),
('1825345420939968','18:44:00','18:44:00','4016093','3','',''),
('1825345420939968','18:46:00','18:46:00','4016094','4','',''),
('1825345420939968','18:47:00','18:47:00','4016095','5','',''),
('1825345420939968','18:48:00','18:48:00','4016096','6','',''),
('1825345420939968','18:49:00','18:49:00','4016097','7','',''),
('1825345420939968','18:50:00','18:50:00','4016098','8','',''),
('1825345420939968','18:52:00','18:52:00','4016099','9','',''),
('1825345420939968','18:53:00','18:53:00','4016100','10','',''),
('1825345420939968','18:54:00','18:54:00','4016101','11','',''),
('1825345420939968','18:56:00','18:56:00','5794239','12','',''),
('1825345420939968','18:57:00','18:57:00','4016105','13','',''),
('1825345420939968','18:58:00','18:58:00','4016106','14','',''),
('1825345420939968','19:02:00','19:02:00','4016107','15','',''),
('1825345420939968','19:07:00','19:07:00','4016108','16','',''),
('1825345420939968','19:09:00','19:09:00','4016110','17','',''),
('1825345420939968','19:15:00','19:15:00','4016112','18','',''),
('1825345430939968','18:40:00','18:40:00','4016090','1','',''),
('1825345430939968','18:42:00','18:42:00','4016092','2','',''),
('1825345430939968','18:44:00','18:44:00','4016093','3','',''),
('1825345430939968','18:46:00','18:46:00','4016094','4','',''),
('1825345430939968','18:47:00','18:47:00','4016095','5','',''),
('1825345430939968','18:48:00','18:48:00','4016096','6','',''),
('1825345430939968','18:49:00','18:49:00','4016097','7','',''),
('1825345430939968','18:50:00','18:50:00','4016098','8','',''),
('1825345430939968','18:52:00','18:52:00','4016099','9','',''),
('1825345430939968','18:53:00','18:53:00','4016100','10','',''),
('1825345430939968','18:54:00','18:54:00','4016101','11','',''),
('1825345430939968','18:56:00','18:56:00','5794239','12','',''),
('1825345430939968','18:57:00','18:57:00','4016105','13','',''),
('1825345430939968','18:58:00','18:58:00','4016106','14','',''),
('1825345430939968','19:02:00','19:02:00','4016107','15','',''),
('1825345430939968','19:07:00','19:07:00','4016108','16','',''),
('1825345430939968','19:09:00','19:09:00','4016110','17','',''),
('1825345430939968','19:15:00','19:15:00','4016112','18','',''),
('1825345440939968','18:40:00','18:40:00','4016090','1','',''),
('1825345440939968','18:42:00','18:42:00','4016092','2','',''),
('1825345440939968','18:44:00','18:44:00','4016093','3','',''),
('1825345440939968','18:46:00','18:46:00','4016094','4','',''),
('1825345440939968','18:47:00','18:47:00','4016095','5','',''),
('1825345440939968','18:48:00','18:48:00','4016096','6','',''),
('1825345440939968','18:49:00','18:49:00','4016097','7','',''),
('1825345440939968','18:50:00','18:50:00','4016098','8','',''),
('1825345440939968','18:52:00','18:52:00','4016099','9','',''),
('1825345440939968','18:53:00','18:53:00','4016100','10','',''),
('1825345440939968','18:54:00','18:54:00','4016101','11','',''),
('1825345440939968','18:56:00','18:56:00','5794239','12','',''),
('1825345440939968','18:57:00','18:57:00','4016105','13','',''),
('1825345440939968','18:58:00','18:58:00','4016106','14','',''),
('1825345440939968','19:02:00','19:02:00','4016107','15','',''),
('1825345440939968','19:07:00','19:07:00','4016108','16','',''),
('1825345440939968','19:09:00','19:09:00','4016110','17','',''),
('1825345440939968','19:15:00','19:15:00','4016112','18','',''),
('225345410939968','08:00:00','08:00:00','4016090','1','',''),
('225345410939968','08:02:00','08:02:00','4016092','2','',''),
('225345410939968','08:04:00','08:04:00','4016093','3','',''),
('225345410939968','08:06:00','08:06:00','4016094','4','',''),
('225345410939968','08:07:00','08:07:00','4016095','5','',''),
('225345410939968','08:08:00','08:08:00','4016096','6','',''),
('225345410939968','08:09:00','08:09:00','4016097','7','',''),
('225345410939968','08:10:00','08:10:00','4016098','8','',''),
('225345410939968','08:12:00','08:12:00','4016099','9','',''),
('225345410939968','08:13:00','08:13:00','4016100','10','',''),
('225345410939968','08:14:00','08:14:00','4016101','11','',''),
('225345410939968','08:16:00','08:16:00','5794239','12','',''),
('225345410939968','08:17:00','08:17:00','4016105','13','',''),
('225345410939968','08:18:00','08:18:00','4016106','14','',''),
('225345410939968','08:22:00','08:22:00','4016107','15','',''),
('225345410939968','08:27:00','08:27:00','4016108','16','',''),
('225345410939968','08:29:00','08:29:00','4016110','17','',''),
('225345410939968','08:35:00','08:35:00','4016112','18','',''),
('225345420939968','08:00:00','08:00:00','4016090','1','',''),
('225345420939968','08:02:00','08:02:00','4016092','2','',''),
('225345420939968','08:04:00','08:04:00','4016093','3','',''),
('225345420939968','08:06:00','08:06:00','4016094','4','',''),
('225345420939968','08:07:00','08:07:00','4016095','5','',''),
('225345420939968','08:08:00','08:08:00','4016096','6','',''),
('225345420939968','08:09:00','08:09:00','4016097','7','',''),
('225345420939968','08:10:00','08:10:00','4016098','8','',''),
('225345420939968','08:12:00','08:12:00','4016099','9','',''),
('225345420939968','08:13:00','08:13:00','4016100','10','',''),
('225345420939968','08:14:00','08:14:00','4016101','11','',''),
('225345420939968','08:16:00','08:16:00','5794239','12','',''),
('225345420939968','08:17:00','08:17:00','4016105','13','',''),
('225345420939968','08:18:00','08:18:00','4016106','14','',''),
('225345420939968','08:22:00','08:22:00','4016107','15','',''),
('225345420939968','08:27:00','08:27:00','4016108','16','',''),
('225345420939968','08:29:00','08:29:00','4016110','17','',''),
('225345420939968','08:35:00','08:35:00','4016112','18','',''),
('225345430939968','08:00:00','08:00:00','4016090','1','',''),
('225345430939968','08:02:00','08:02:00','4016092','2','',''),
('225345430939968','08:04:00','08:04:00','4016093','3','',''),
('225345430939968','08:06:00','08:06:00','4016094','4','',''),
('225345430939968','08:07:00','08:07:00','4016095','5','',''),
('225345430939968','08:08:00','08:08:00','4016096','6','',''),
('225345430939968','08:09:00','08:09:00','4016097','7','',''),
('225345430939968','08:10:00','08:10:00','4016098','8','',''),
('225345430939968','08:12:00','08:12:00','4016099','9','',''),
('225345430939968','08:13:00','08:13:00','4016100','10','',''),
('225345430939968','08:14:00','08:14:00','4016101','11','',''),
('225345430939968','08:16:00','08:16:00','5794239','12','',''),
('225345430939968','08:17:00','08:17:00','4016105','13','',''),
('225345430939968','08:18:00','08:18:00','4016106','14','',''),
('225345430939968','08:22:00','08:22:00','4016107','15','',''),
('225345430939968','08:27:00','08:27:00','4016108','16','',''),
('225345430939968','08:29:00','08:29:00','4016110','17','',''),
('225345430939968','08:35:00','08:35:00','4016112','18','',''),
('225345440939968','08:00:00','08:00:00','4016090','1','',''),
('225345440939968','08:02:00','08:02:00','4016092','2','',''),
('225345440939968','08:04:00','08:04:00','4016093','3','',''),
('225345440939968','08:06:00','08:06:00','4016094','4','',''),
('225345440939968','08:07:00','08:07:00','4016095','5','',''),
('225345440939968','08:08:00','08:08:00','4016096','6','',''),
('225345440939968','08:09:00','08:09:00','4016097','7','',''),
('225345440939968','08:10:00','08:10:00','4016098','8','',''),
('225345440939968','08:12:00','08:12:00','4016099','9','',''),
('225345440939968','08:13:00','08:13:00','4016100','10','',''),
('225345440939968','08:14:00','08:14:00','4016101','11','',''),
('225345440939968','08:16:00','08:16:00','5794239','12','',''),
('225345440939968','08:17:00','08:17:00','4016105','13','',''),
('225345440939968','08:18:00','08:18:00','4016106','14','',''),
('225345440939968','08:22:00','08:22:00','4016107','15','',''),
('225345440939968','08:27:00','08:27:00','4016108','16','',''),
('225345440939968','08:29:00','08:29:00','4016110','17','',''),
('225345440939968','08:35:00','08:35:00','4016112','18','',''),
('325345410939968','08:40:00','08:40:00','4016090','1','',''),
('325345410939968','08:42:00','08:42:00','4016092','2','',''),
('325345410939968','08:44:00','08:44:00','4016093','3','',''),
('325345410939968','08:46:00','08:46:00','4016094','4','',''),
('325345410939968','08:47:00','08:47:00','4016095','5','',''),
('325345410939968','08:48:00','08:48:00','4016096','6','',''),
('325345410939968','08:49:00','08:49:00','4016097','7','',''),
('325345410939968','08:50:00','08:50:00','4016098','8','',''),
('325345410939968','08:52:00','08:52:00','4016099','9','',''),
('325345410939968','08:53:00','08:53:00','4016100','10','',''),
('325345410939968','08:54:00','08:54:00','4016101','11','',''),
('325345410939968','08:56:00','08:56:00','5794239','12','',''),
('325345410939968','08:57:00','08:57:00','4016105','13','',''),
('325345410939968','08:58:00','08:58:00','4016106','14','',''),
('325345410939968','09:02:00','09:02:00','4016107','15','',''),
('325345410939968','09:07:00','09:07:00','4016108','16','',''),
('325345410939968','09:09:00','09:09:00','4016110','17','',''),
('325345410939968','09:15:00','09:15:00','4016112','18','',''),
('325345420939968','08:40:00','08:40:00','4016090','1','',''),
('325345420939968','08:42:00','08:42:00','4016092','2','',''),
('325345420939968','08:44:00','08:44:00','4016093','3','',''),
('325345420939968','08:46:00','08:46:00','4016094','4','',''),
('325345420939968','08:47:00','08:47:00','4016095','5','',''),
('325345420939968','08:48:00','08:48:00','4016096','6','',''),
('325345420939968','08:49:00','08:49:00','4016097','7','',''),
('325345420939968','08:50:00','08:50:00','4016098','8','',''),
('325345420939968','08:52:00','08:52:00','4016099','9','',''),
('325345420939968','08:53:00','08:53:00','4016100','10','',''),
('325345420939968','08:54:00','08:54:00','4016101','11','',''),
('325345420939968','08:56:00','08:56:00','5794239','12','',''),
('325345420939968','08:57:00','08:57:00','4016105','13','',''),
('325345420939968','08:58:00','08:58:00','4016106','14','',''),
('325345420939968','09:02:00','09:02:00','4016107','15','',''),
('325345420939968','09:07:00','09:07:00','4016108','16','',''),
('325345420939968','09:09:00','09:09:00','4016110','17','',''),
('325345420939968','09:15:00','09:15:00','4016112','18','',''),
('325345430939968','08:40:00','08:40:00','4016090','1','',''),
('325345430939968','08:42:00','08:42:00','4016092','2','',''),
('325345430939968','08:44:00','08:44:00','4016093','3','',''),
('325345430939968','08:46:00','08:46:00','4016094','4','',''),
('325345430939968','08:47:00','08:47:00','4016095','5','',''),
('325345430939968','08:48:00','08:48:00','4016096','6','',''),
('325345430939968','08:49:00','08:49:00','4016097','7','',''),
('325345430939968','08:50:00','08:50:00','4016098','8','',''),
('325345430939968','08:52:00','08:52:00','4016099','9','',''),
('325345430939968','08:53:00','08:53:00','4016100','10','',''),
('325345430939968','08:54:00','08:54:00','4016101','11','',''),
('325345430939968','08:56:00','08:56:00','5794239','12','',''),
('325345430939968','08:57:00','08:57:00','4016105','13','',''),
('325345430939968','08:58:00','08:58:00','4016106','14','',''),
('325345430939968','09:02:00','09:02:00','4016107','15','',''),
('325345430939968','09:07:00','09:07:00','4016108','16','',''),
('325345430939968','09:09:00','09:09:00','4016110','17','',''),
('325345430939968','09:15:00','09:15:00','4016112','18','',''),
('325345440939968','08:40:00','08:40:00','4016090','1','',''),
('325345440939968','08:42:00','08:42:00','4016092','2','',''),
('325345440939968','08:44:00','08:44:00','4016093','3','',''),
('325345440939968','08:46:00','08:46:00','4016094','4','',''),
('325345440939968','08:47:00','08:47:00','4016095','5','',''),
('325345440939968','08:48:00','08:48:00','4016096','6','',''),
('325345440939968','08:49:00','08:49:00','4016097','7','',''),
('325345440939968','08:50:00','08:50:00','4016098','8','',''),
('325345440939968','08:52:00','08:52:00','4016099','9','',''),
('325345440939968','08:53:00','08:53:00','4016100','10','',''),
('325345440939968','08:54:00','08:54:00','4016101','11','',''),
('325345440939968','08:56:00','08:56:00','5794239','12','',''),
('325345440939968','08:57:00','08:57:00','4016105','13','',''),
('325345440939968','08:58:00','08:58:00','4016106','14','',''),
('325345440939968','09:02:00','09:02:00','4016107','15','',''),
('325345440939968','09:07:00','09:07:00','4016108','16','',''),
('325345440939968','09:09:00','09:09:00','4016110','17','',''),
('325345440939968','09:15:00','09:15:00','4016112','18','',''),
('425345410939968','09:20:00','09:20:00','4016090','1','',''),
('425345410939968','09:22:00','09:22:00','4016092','2','',''),
('425345410939968','09:24:00','09:24:00','4016093','3','',''),
('425345410939968','09:26:00','09:26:00','4016094','4','',''),
('425345410939968','09:27:00','09:27:00','4016095','5','',''),
('425345410939968','09:28:00','09:28:00','4016096','6','',''),
('425345410939968','09:29:00','09:29:00','4016097','7','',''),
('425345410939968','09:30:00','09:30:00','4016098','8','',''),
('425345410939968','09:32:00','09:32:00','4016099','9','',''),
('425345410939968','09:33:00','09:33:00','4016100','10','',''),
('425345410939968','09:34:00','09:34:00','4016101','11','',''),
('425345410939968','09:36:00','09:36:00','5794239','12','',''),
('425345410939968','09:37:00','09:37:00','4016105','13','',''),
('425345410939968','09:38:00','09:38:00','4016106','14','',''),
('425345410939968','09:42:00','09:42:00','4016107','15','',''),
('425345410939968','09:47:00','09:47:00','4016108','16','',''),
('425345410939968','09:49:00','09:49:00','4016110','17','',''),
('425345410939968','09:55:00','09:55:00','4016112','18','',''),
('425345420939968','09:20:00','09:20:00','4016090','1','',''),
('425345420939968','09:22:00','09:22:00','4016092','2','',''),
('425345420939968','09:24:00','09:24:00','4016093','3','',''),
('425345420939968','09:26:00','09:26:00','4016094','4','',''),
('425345420939968','09:27:00','09:27:00','4016095','5','',''),
('425345420939968','09:28:00','09:28:00','4016096','6','',''),
('425345420939968','09:29:00','09:29:00','4016097','7','',''),
('425345420939968','09:30:00','09:30:00','4016098','8','',''),
('425345420939968','09:32:00','09:32:00','4016099','9','',''),
('425345420939968','09:33:00','09:33:00','4016100','10','',''),
('425345420939968','09:34:00','09:34:00','4016101','11','',''),
('425345420939968','09:36:00','09:36:00','5794239','12','',''),
('425345420939968','09:37:00','09:37:00','4016105','13','',''),
('425345420939968','09:38:00','09:38:00','4016106','14','',''),
('425345420939968','09:42:00','09:42:00','4016107','15','',''),
('425345420939968','09:47:00','09:47:00','4016108','16','',''),
('425345420939968','09:49:00','09:49:00','4016110','17','',''),
('425345420939968','09:55:00','09:55:00','4016112','18','',''),
('425345430939968','09:20:00','09:20:00','4016090','1','',''),
('425345430939968','09:22:00','09:22:00','4016092','2','',''),
('425345430939968','09:24:00','09:24:00','4016093','3','',''),
('425345430939968','09:26:00','09:26:00','4016094','4','',''),
('425345430939968','09:27:00','09:27:00','4016095','5','',''),
('425345430939968','09:28:00','09:28:00','4016096','6','',''),
('425345430939968','09:29:00','09:29:00','4016097','7','',''),
('425345430939968','09:30:00','09:30:00','4016098','8','',''),
('425345430939968','09:32:00','09:32:00','4016099','9','',''),
('425345430939968','09:33:00','09:33:00','4016100','10','',''),
('425345430939968','09:34:00','09:34:00','4016101','11','',''),
('425345430939968','09:36:00','09:36:00','5794239','12','',''),
('425345430939968','09:37:00','09:37:00','4016105','13','',''),
('425345430939968','09:38:00','09:38:00','4016106','14','',''),
('425345430939968','09:42:00','09:42:00','4016107','15','',''),
('425345430939968','09:47:00','09:47:00','4016108','16','',''),
('425345430939968','09:49:00','09:49:00','4016110','17','',''),
('425345430939968','09:55:00','09:55:00','4016112','18','',''),
('425345440939968','09:20:00','09:20:00','4016090','1','',''),
('425345440939968','09:22:00','09:22:00','4016092','2','',''),
('425345440939968','09:24:00','09:24:00','4016093','3','',''),
('425345440939968','09:26:00','09:26:00','4016094','4','',''),
('425345440939968','09:27:00','09:27:00','4016095','5','',''),
('425345440939968','09:28:00','09:28:00','4016096','6','',''),
('425345440939968','09:29:00','09:29:00','4016097','7','',''),
('425345440939968','09:30:00','09:30:00','4016098','8','',''),
('425345440939968','09:32:00','09:32:00','4016099','9','',''),
('425345440939968','09:33:00','09:33:00','4016100','10','',''),
('425345440939968','09:34:00','09:34:00','4016101','11','',''),
('425345440939968','09:36:00','09:36:00','5794239','12','',''),
('425345440939968','09:37:00','09:37:00','4016105','13','',''),
('425345440939968','09:38:00','09:38:00','4016106','14','',''),
('425345440939968','09:42:00','09:42:00','4016107','15','',''),
('425345440939968','09:47:00','09:47:00','4016108','16','',''),
('425345440939968','09:49:00','09:49:00','4016110','17','',''),
('425345440939968','09:55:00','09:55:00','4016112','18','',''),
('525345410939968','10:00:00','10:00:00','4016090','1','',''),
('525345410939968','10:02:00','10:02:00','4016092','2','',''),
('525345410939968','10:04:00','10:04:00','4016093','3','',''),
('525345410939968','10:06:00','10:06:00','4016094','4','',''),
('525345410939968','10:07:00','10:07:00','4016095','5','',''),
('525345410939968','10:08:00','10:08:00','4016096','6','',''),
('525345410939968','10:09:00','10:09:00','4016097','7','',''),
('525345410939968','10:10:00','10:10:00','4016098','8','',''),
('525345410939968','10:12:00','10:12:00','4016099','9','',''),
('525345410939968','10:13:00','10:13:00','4016100','10','',''),
('525345410939968','10:14:00','10:14:00','4016101','11','',''),
('525345410939968','10:16:00','10:16:00','5794239','12','',''),
('525345410939968','10:17:00','10:17:00','4016105','13','',''),
('525345410939968','10:18:00','10:18:00','4016106','14','',''),
('525345410939968','10:22:00','10:22:00','4016107','15','',''),
('525345410939968','10:27:00','10:27:00','4016108','16','',''),
('525345410939968','10:29:00','10:29:00','4016110','17','',''),
('525345410939968','10:35:00','10:35:00','4016112','18','',''),
('525345420939968','10:00:00','10:00:00','4016090','1','',''),
('525345420939968','10:02:00','10:02:00','4016092','2','',''),
('525345420939968','10:04:00','10:04:00','4016093','3','',''),
('525345420939968','10:06:00','10:06:00','4016094','4','',''),
('525345420939968','10:07:00','10:07:00','4016095','5','',''),
('525345420939968','10:08:00','10:08:00','4016096','6','',''),
('525345420939968','10:09:00','10:09:00','4016097','7','',''),
('525345420939968','10:10:00','10:10:00','4016098','8','',''),
('525345420939968','10:12:00','10:12:00','4016099','9','',''),
('525345420939968','10:13:00','10:13:00','4016100','10','',''),
('525345420939968','10:14:00','10:14:00','4016101','11','',''),
('525345420939968','10:16:00','10:16:00','5794239','12','',''),
('525345420939968','10:17:00','10:17:00','4016105','13','',''),
('525345420939968','10:18:00','10:18:00','4016106','14','',''),
('525345420939968','10:22:00','10:22:00','4016107','15','',''),
('525345420939968','10:27:00','10:27:00','4016108','16','',''),
('525345420939968','10:29:00','10:29:00','4016110','17','',''),
('525345420939968','10:35:00','10:35:00','4016112','18','',''),
('525345430939968','10:00:00','10:00:00','4016090','1','',''),
('525345430939968','10:02:00','10:02:00','4016092','2','',''),
('525345430939968','10:04:00','10:04:00','4016093','3','',''),
('525345430939968','10:06:00','10:06:00','4016094','4','',''),
('525345430939968','10:07:00','10:07:00','4016095','5','',''),
('525345430939968','10:08:00','10:08:00','4016096','6','',''),
('525345430939968','10:09:00','10:09:00','4016097','7','',''),
('525345430939968','10:10:00','10:10:00','4016098','8','',''),
('525345430939968','10:12:00','10:12:00','4016099','9','',''),
('525345430939968','10:13:00','10:13:00','4016100','10','',''),
('525345430939968','10:14:00','10:14:00','4016101','11','',''),
('525345430939968','10:16:00','10:16:00','5794239','12','',''),
('525345430939968','10:17:00','10:17:00','4016105','13','',''),
('525345430939968','10:18:00','10:18:00','4016106','14','',''),
('525345430939968','10:22:00','10:22:00','4016107','15','',''),
('525345430939968','10:27:00','10:27:00','4016108','16','',''),
('525345430939968','10:29:00','10:29:00','4016110','17','',''),
('525345430939968','10:35:00','10:35:00','4016112','18','',''),
('525345440939968','10:00:00','10:00:00','4016090','1','',''),
('525345440939968','10:02:00','10:02:00','4016092','2','',''),
('525345440939968','10:04:00','10:04:00','4016093','3','',''),
('525345440939968','10:06:00','10:06:00','4016094','4','',''),
('525345440939968','10:07:00','10:07:00','4016095','5','',''),
('525345440939968','10:08:00','10:08:00','4016096','6','',''),
('525345440939968','10:09:00','10:09:00','4016097','7','',''),
('525345440939968','10:10:00','10:10:00','4016098','8','',''),
('525345440939968','10:12:00','10:12:00','4016099','9','',''),
('525345440939968','10:13:00','10:13:00','4016100','10','',''),
('525345440939968','10:14:00','10:14:00','4016101','11','',''),
('525345440939968','10:16:00','10:16:00','5794239','12','',''),
('525345440939968','10:17:00','10:17:00','4016105','13','',''),
('525345440939968','10:18:00','10:18:00','4016106','14','',''),
('525345440939968','10:22:00','10:22:00','4016107','15','',''),
('525345440939968','10:27:00','10:27:00','4016108','16','',''),
('525345440939968','10:29:00','10:29:00','4016110','17','',''),
('525345440939968','10:35:00','10:35:00','4016112','18','',''),
('625345410939968','10:40:00','10:40:00','4016090','1','',''),
('625345410939968','10:42:00','10:42:00','4016092','2','',''),
('625345410939968','10:44:00','10:44:00','4016093','3','',''),
('625345410939968','10:46:00','10:46:00','4016094','4','',''),
('625345410939968','10:47:00','10:47:00','4016095','5','',''),
('625345410939968','10:48:00','10:48:00','4016096','6','',''),
('625345410939968','10:49:00','10:49:00','4016097','7','',''),
('625345410939968','10:50:00','10:50:00','4016098','8','',''),
('625345410939968','10:52:00','10:52:00','4016099','9','',''),
('625345410939968','10:53:00','10:53:00','4016100','10','',''),
('625345410939968','10:54:00','10:54:00','4016101','11','',''),
('625345410939968','10:56:00','10:56:00','5794239','12','',''),
('625345410939968','10:57:00','10:57:00','4016105','13','',''),
('625345410939968','10:58:00','10:58:00','4016106','14','',''),
('625345410939968','11:02:00','11:02:00','4016107','15','',''),
('625345410939968','11:07:00','11:07:00','4016108','16','',''),
('625345410939968','11:09:00','11:09:00','4016110','17','',''),
('625345410939968','11:15:00','11:15:00','4016112','18','',''),
('625345420939968','10:40:00','10:40:00','4016090','1','',''),
('625345420939968','10:42:00','10:42:00','4016092','2','',''),
('625345420939968','10:44:00','10:44:00','4016093','3','',''),
('625345420939968','10:46:00','10:46:00','4016094','4','',''),
('625345420939968','10:47:00','10:47:00','4016095','5','',''),
('625345420939968','10:48:00','10:48:00','4016096','6','',''),
('625345420939968','10:49:00','10:49:00','4016097','7','',''),
('625345420939968','10:50:00','10:50:00','4016098','8','',''),
('625345420939968','10:52:00','10:52:00','4016099','9','',''),
('625345420939968','10:53:00','10:53:00','4016100','10','',''),
('625345420939968','10:54:00','10:54:00','4016101','11','',''),
('625345420939968','10:56:00','10:56:00','5794239','12','',''),
('625345420939968','10:57:00','10:57:00','4016105','13','',''),
('625345420939968','10:58:00','10:58:00','4016106','14','',''),
('625345420939968','11:02:00','11:02:00','4016107','15','',''),
('625345420939968','11:07:00','11:07:00','4016108','16','',''),
('625345420939968','11:09:00','11:09:00','4016110','17','',''),
('625345420939968','11:15:00','11:15:00','4016112','18','',''),
('625345430939968','10:40:00','10:40:00','4016090','1','',''),
('625345430939968','10:42:00','10:42:00','4016092','2','',''),
('625345430939968','10:44:00','10:44:00','4016093','3','',''),
('625345430939968','10:46:00','10:46:00','4016094','4','',''),
('625345430939968','10:47:00','10:47:00','4016095','5','',''),
('625345430939968','10:48:00','10:48:00','4016096','6','',''),
('625345430939968','10:49:00','10:49:00','4016097','7','',''),
('625345430939968','10:50:00','10:50:00','4016098','8','',''),
('625345430939968','10:52:00','10:52:00','4016099','9','',''),
('625345430939968','10:53:00','10:53:00','4016100','10','',''),
('625345430939968','10:54:00','10:54:00','4016101','11','',''),
('625345430939968','10:56:00','10:56:00','5794239','12','',''),
('625345430939968','10:57:00','10:57:00','4016105','13','',''),
('625345430939968','10:58:00','10:58:00','4016106','14','',''),
('625345430939968','11:02:00','11:02:00','4016107','15','',''),
('625345430939968','11:07:00','11:07:00','4016108','16','',''),
('625345430939968','11:09:00','11:09:00','4016110','17','',''),
('625345430939968','11:15:00','11:15:00','4016112','18','',''),
('625345440939968','10:40:00','10:40:00','4016090','1','',''),
('625345440939968','10:42:00','10:42:00','4016092','2','',''),
('625345440939968','10:44:00','10:44:00','4016093','3','',''),
('625345440939968','10:46:00','10:46:00','4016094','4','',''),
('625345440939968','10:47:00','10:47:00','4016095','5','',''),
('625345440939968','10:48:00','10:48:00','4016096','6','',''),
('625345440939968','10:49:00','10:49:00','4016097','7','',''),
('625345440939968','10:50:00','10:50:00','4016098','8','',''),
('625345440939968','10:52:00','10:52:00','4016099','9','',''),
('625345440939968','10:53:00','10:53:00','4016100','10','',''),
('625345440939968','10:54:00','10:54:00','4016101','11','',''),
('625345440939968','10:56:00','10:56:00','5794239','12','',''),
('625345440939968','10:57:00','10:57:00','4016105','13','',''),
('625345440939968','10:58:00','10:58:00','4016106','14','',''),
('625345440939968','11:02:00','11:02:00','4016107','15','',''),
('625345440939968','11:07:00','11:07:00','4016108','16','',''),
('625345440939968','11:09:00','11:09:00','4016110','17','',''),
('625345440939968','11:15:00','11:15:00','4016112','18','',''),
('725345410939968','11:20:00','11:20:00','4016090','1','',''),
('725345410939968','11:22:00','11:22:00','4016092','2','',''),
('725345410939968','11:24:00','11:24:00','4016093','3','',''),
('725345410939968','11:26:00','11:26:00','4016094','4','',''),
('725345410939968','11:27:00','11:27:00','4016095','5','',''),
('725345410939968','11:28:00','11:28:00','4016096','6','',''),
('725345410939968','11:29:00','11:29:00','4016097','7','',''),
('725345410939968','11:30:00','11:30:00','4016098','8','',''),
('725345410939968','11:32:00','11:32:00','4016099','9','',''),
('725345410939968','11:33:00','11:33:00','4016100','10','',''),
('725345410939968','11:34:00','11:34:00','4016101','11','',''),
('725345410939968','11:36:00','11:36:00','5794239','12','',''),
('725345410939968','11:37:00','11:37:00','4016105','13','',''),
('725345410939968','11:38:00','11:38:00','4016106','14','',''),
('725345410939968','11:42:00','11:42:00','4016107','15','',''),
('725345410939968','11:47:00','11:47:00','4016108','16','',''),
('725345410939968','11:49:00','11:49:00','4016110','17','',''),
('725345410939968','11:55:00','11:55:00','4016112','18','',''),
('725345420939968','11:20:00','11:20:00','4016090','1','',''),
('725345420939968','11:22:00','11:22:00','4016092','2','',''),
('725345420939968','11:24:00','11:24:00','4016093','3','',''),
('725345420939968','11:26:00','11:26:00','4016094','4','',''),
('725345420939968','11:27:00','11:27:00','4016095','5','',''),
('725345420939968','11:28:00','11:28:00','4016096','6','',''),
('725345420939968','11:29:00','11:29:00','4016097','7','',''),
('725345420939968','11:30:00','11:30:00','4016098','8','',''),
('725345420939968','11:32:00','11:32:00','4016099','9','',''),
('725345420939968','11:33:00','11:33:00','4016100','10','',''),
('725345420939968','11:34:00','11:34:00','4016101','11','',''),
('725345420939968','11:36:00','11:36:00','5794239','12','',''),
('725345420939968','11:37:00','11:37:00','4016105','13','',''),
('725345420939968','11:38:00','11:38:00','4016106','14','',''),
('725345420939968','11:42:00','11:42:00','4016107','15','',''),
('725345420939968','11:47:00','11:47:00','4016108','16','',''),
('725345420939968','11:49:00','11:49:00','4016110','17','',''),
('725345420939968','11:55:00','11:55:00','4016112','18','',''),
('725345430939968','11:20:00','11:20:00','4016090','1','',''),
('725345430939968','11:22:00','11:22:00','4016092','2','',''),
('725345430939968','11:24:00','11:24:00','4016093','3','',''),
('725345430939968','11:26:00','11:26:00','4016094','4','',''),
('725345430939968','11:27:00','11:27:00','4016095','5','',''),
('725345430939968','11:28:00','11:28:00','4016096','6','',''),
('725345430939968','11:29:00','11:29:00','4016097','7','',''),
('725345430939968','11:30:00','11:30:00','4016098','8','',''),
('725345430939968','11:32:00','11:32:00','4016099','9','',''),
('725345430939968','11:33:00','11:33:00','4016100','10','',''),
('725345430939968','11:34:00','11:34:00','4016101','11','',''),
('725345430939968','11:36:00','11:36:00','5794239','12','',''),
('725345430939968','11:37:00','11:37:00','4016105','13','',''),
('725345430939968','11:38:00','11:38:00','4016106','14','',''),
('725345430939968','11:42:00','11:42:00','4016107','15','',''),
('725345430939968','11:47:00','11:47:00','4016108','16','',''),
('725345430939968','11:49:00','11:49:00','4016110','17','',''),
('725345430939968','11:55:00','11:55:00','4016112','18','',''),
('725345440939968','11:20:00','11:20:00','4016090','1','',''),
('725345440939968','11:22:00','11:22:00','4016092','2','',''),
('725345440939968','11:24:00','11:24:00','4016093','3','',''),
('725345440939968','11:26:00','11:26:00','4016094','4','',''),
('725345440939968','11:27:00','11:27:00','4016095','5','',''),
('725345440939968','11:28:00','11:28:00','4016096','6','',''),
('725345440939968','11:29:00','11:29:00','4016097','7','',''),
('725345440939968','11:30:00','11:30:00','4016098','8','',''),
('725345440939968','11:32:00','11:32:00','4016099','9','',''),
('725345440939968','11:33:00','11:33:00','4016100','10','',''),
('725345440939968','11:34:00','11:34:00','4016101','11','',''),
('725345440939968','11:36:00','11:36:00','5794239','12','',''),
('725345440939968','11:37:00','11:37:00','4016105','13','',''),
('725345440939968','11:38:00','11:38:00','4016106','14','',''),
('725345440939968','11:42:00','11:42:00','4016107','15','',''),
('725345440939968','11:47:00','11:47:00','4016108','16','',''),
('725345440939968','11:49:00','11:49:00','4016110','17','',''),
('725345440939968','11:55:00','11:55:00','4016112','18','',''),
('825345410939968','12:00:00','12:00:00','4016090','1','',''),
('825345410939968','12:02:00','12:02:00','4016092','2','',''),
('825345410939968','12:04:00','12:04:00','4016093','3','',''),
('825345410939968','12:06:00','12:06:00','4016094','4','',''),
('825345410939968','12:07:00','12:07:00','4016095','5','',''),
('825345410939968','12:08:00','12:08:00','4016096','6','',''),
('825345410939968','12:09:00','12:09:00','4016097','7','',''),
('825345410939968','12:10:00','12:10:00','4016098','8','',''),
('825345410939968','12:12:00','12:12:00','4016099','9','',''),
('825345410939968','12:13:00','12:13:00','4016100','10','',''),
('825345410939968','12:14:00','12:14:00','4016101','11','',''),
('825345410939968','12:16:00','12:16:00','5794239','12','',''),
('825345410939968','12:17:00','12:17:00','4016105','13','',''),
('825345410939968','12:18:00','12:18:00','4016106','14','',''),
('825345410939968','12:22:00','12:22:00','4016107','15','',''),
('825345410939968','12:27:00','12:27:00','4016108','16','',''),
('825345410939968','12:29:00','12:29:00','4016110','17','',''),
('825345410939968','12:35:00','12:35:00','4016112','18','',''),
('825345420939968','12:00:00','12:00:00','4016090','1','',''),
('825345420939968','12:02:00','12:02:00','4016092','2','',''),
('825345420939968','12:04:00','12:04:00','4016093','3','',''),
('825345420939968','12:06:00','12:06:00','4016094','4','',''),
('825345420939968','12:07:00','12:07:00','4016095','5','',''),
('825345420939968','12:08:00','12:08:00','4016096','6','',''),
('825345420939968','12:09:00','12:09:00','4016097','7','',''),
('825345420939968','12:10:00','12:10:00','4016098','8','',''),
('825345420939968','12:12:00','12:12:00','4016099','9','',''),
('825345420939968','12:13:00','12:13:00','4016100','10','',''),
('825345420939968','12:14:00','12:14:00','4016101','11','',''),
('825345420939968','12:16:00','12:16:00','5794239','12','',''),
('825345420939968','12:17:00','12:17:00','4016105','13','',''),
('825345420939968','12:18:00','12:18:00','4016106','14','',''),
('825345420939968','12:22:00','12:22:00','4016107','15','',''),
('825345420939968','12:27:00','12:27:00','4016108','16','',''),
('825345420939968','12:29:00','12:29:00','4016110','17','',''),
('825345420939968','12:35:00','12:35:00','4016112','18','',''),
('825345430939968','12:00:00','12:00:00','4016090','1','',''),
('825345430939968','12:02:00','12:02:00','4016092','2','',''),
('825345430939968','12:04:00','12:04:00','4016093','3','',''),
('825345430939968','12:06:00','12:06:00','4016094','4','',''),
('825345430939968','12:07:00','12:07:00','4016095','5','',''),
('825345430939968','12:08:00','12:08:00','4016096','6','',''),
('825345430939968','12:09:00','12:09:00','4016097','7','',''),
('825345430939968','12:10:00','12:10:00','4016098','8','',''),
('825345430939968','12:12:00','12:12:00','4016099','9','',''),
('825345430939968','12:13:00','12:13:00','4016100','10','',''),
('825345430939968','12:14:00','12:14:00','4016101','11','',''),
('825345430939968','12:16:00','12:16:00','5794239','12','',''),
('825345430939968','12:17:00','12:17:00','4016105','13','',''),
('825345430939968','12:18:00','12:18:00','4016106','14','',''),
('825345430939968','12:22:00','12:22:00','4016107','15','',''),
('825345430939968','12:27:00','12:27:00','4016108','16','',''),
('825345430939968','12:29:00','12:29:00','4016110','17','',''),
('825345430939968','12:35:00','12:35:00','4016112','18','',''),
('825345440939968','12:00:00','12:00:00','4016090','1','',''),
('825345440939968','12:02:00','12:02:00','4016092','2','',''),
('825345440939968','12:04:00','12:04:00','4016093','3','',''),
('825345440939968','12:06:00','12:06:00','4016094','4','',''),
('825345440939968','12:07:00','12:07:00','4016095','5','',''),
('825345440939968','12:08:00','12:08:00','4016096','6','',''),
('825345440939968','12:09:00','12:09:00','4016097','7','',''),
('825345440939968','12:10:00','12:10:00','4016098','8','',''),
('825345440939968','12:12:00','12:12:00','4016099','9','',''),
('825345440939968','12:13:00','12:13:00','4016100','10','',''),
('825345440939968','12:14:00','12:14:00','4016101','11','',''),
('825345440939968','12:16:00','12:16:00','5794239','12','',''),
('825345440939968','12:17:00','12:17:00','4016105','13','',''),
('825345440939968','12:18:00','12:18:00','4016106','14','',''),
('825345440939968','12:22:00','12:22:00','4016107','15','',''),
('825345440939968','12:27:00','12:27:00','4016108','16','',''),
('825345440939968','12:29:00','12:29:00','4016110','17','',''),
('825345440939968','12:35:00','12:35:00','4016112','18','',''),
('925345410939968','12:40:00','12:40:00','4016090','1','',''),
('925345410939968','12:42:00','12:42:00','4016092','2','',''),
('925345410939968','12:44:00','12:44:00','4016093','3','',''),
('925345410939968','12:46:00','12:46:00','4016094','4','',''),
('925345410939968','12:47:00','12:47:00','4016095','5','',''),
('925345410939968','12:48:00','12:48:00','4016096','6','',''),
('925345410939968','12:49:00','12:49:00','4016097','7','',''),
('925345410939968','12:50:00','12:50:00','4016098','8','',''),
('925345410939968','12:52:00','12:52:00','4016099','9','',''),
('925345410939968','12:53:00','12:53:00','4016100','10','',''),
('925345410939968','12:54:00','12:54:00','4016101','11','',''),
('925345410939968','12:56:00','12:56:00','5794239','12','',''),
('925345410939968','12:57:00','12:57:00','4016105','13','',''),
('925345410939968','12:58:00','12:58:00','4016106','14','',''),
('925345410939968','13:02:00','13:02:00','4016107','15','',''),
('925345410939968','13:07:00','13:07:00','4016108','16','',''),
('925345410939968','13:09:00','13:09:00','4016110','17','',''),
('925345410939968','13:15:00','13:15:00','4016112','18','',''),
('925345420939968','12:40:00','12:40:00','4016090','1','',''),
('925345420939968','12:42:00','12:42:00','4016092','2','',''),
('925345420939968','12:44:00','12:44:00','4016093','3','',''),
('925345420939968','12:46:00','12:46:00','4016094','4','',''),
('925345420939968','12:47:00','12:47:00','4016095','5','',''),
('925345420939968','12:48:00','12:48:00','4016096','6','',''),
('925345420939968','12:49:00','12:49:00','4016097','7','',''),
('925345420939968','12:50:00','12:50:00','4016098','8','',''),
('925345420939968','12:52:00','12:52:00','4016099','9','',''),
('925345420939968','12:53:00','12:53:00','4016100','10','',''),
('925345420939968','12:54:00','12:54:00','4016101','11','',''),
('925345420939968','12:56:00','12:56:00','5794239','12','',''),
('925345420939968','12:57:00','12:57:00','4016105','13','',''),
('925345420939968','12:58:00','12:58:00','4016106','14','',''),
('925345420939968','13:02:00','13:02:00','4016107','15','',''),
('925345420939968','13:07:00','13:07:00','4016108','16','',''),
('925345420939968','13:09:00','13:09:00','4016110','17','',''),
('925345420939968','13:15:00','13:15:00','4016112','18','',''),
('925345430939968','12:40:00','12:40:00','4016090','1','',''),
('925345430939968','12:42:00','12:42:00','4016092','2','',''),
('925345430939968','12:44:00','12:44:00','4016093','3','',''),
('925345430939968','12:46:00','12:46:00','4016094','4','',''),
('925345430939968','12:47:00','12:47:00','4016095','5','',''),
('925345430939968','12:48:00','12:48:00','4016096','6','',''),
('925345430939968','12:49:00','12:49:00','4016097','7','',''),
('925345430939968','12:50:00','12:50:00','4016098','8','',''),
('925345430939968','12:52:00','12:52:00','4016099','9','',''),
('925345430939968','12:53:00','12:53:00','4016100','10','',''),
('925345430939968','12:54:00','12:54:00','4016101','11','',''),
('925345430939968','12:56:00','12:56:00','5794239','12','',''),
('925345430939968','12:57:00','12:57:00','4016105','13','',''),
('925345430939968','12:58:00','12:58:00','4016106','14','',''),
('925345430939968','13:02:00','13:02:00','4016107','15','',''),
('925345430939968','13:07:00','13:07:00','4016108','16','',''),
('925345430939968','13:09:00','13:09:00','4016110','17','',''),
('925345430939968','13:15:00','13:15:00','4016112','18','',''),
('925345440939968','12:40:00','12:40:00','4016090','1','',''),
('925345440939968','12:42:00','12:42:00','4016092','2','',''),
('925345440939968','12:44:00','12:44:00','4016093','3','',''),
('925345440939968','12:46:00','12:46:00','4016094','4','',''),
('925345440939968','12:47:00','12:47:00','4016095','5','',''),
('925345440939968','12:48:00','12:48:00','4016096','6','',''),
('925345440939968','12:49:00','12:49:00','4016097','7','',''),
('925345440939968','12:50:00','12:50:00','4016098','8','',''),
('925345440939968','12:52:00','12:52:00','4016099','9','',''),
('925345440939968','12:53:00','12:53:00','4016100','10','',''),
('925345440939968','12:54:00','12:54:00','4016101','11','',''),
('925345440939968','12:56:00','12:56:00','5794239','12','',''),
('925345440939968','12:57:00','12:57:00','4016105','13','',''),
('925345440939968','12:58:00','12:58:00','4016106','14','',''),
('925345440939968','13:02:00','13:02:00','4016107','15','',''),
('925345440939968','13:07:00','13:07:00','4016108','16','',''),
('925345440939968','13:09:00','13:09:00','4016110','17','',''),
('925345440939968','13:15:00','13:15:00','4016112','18','',''),
('1025345411428070','13:20:00','13:20:00','4016113','1','',''),
('1025345411428070','13:21:00','13:21:00','4016114','2','',''),
('1025345411428070','13:23:00','13:23:00','4016115','3','',''),
('1025345411428070','13:23:00','13:23:00','4016116','4','',''),
('1025345411428070','13:24:00','13:24:00','4016117','5','',''),
('1025345411428070','13:26:00','13:26:00','4016118','6','',''),
('1025345411428070','13:27:00','13:27:00','4016119','7','',''),
('1025345411428070','13:28:00','13:28:00','4016120','8','',''),
('1025345411428070','13:29:00','13:29:00','4016121','9','',''),
('1025345411428070','13:30:00','13:30:00','4016122','10','',''),
('1025345411428070','13:32:00','13:32:00','4016123','11','',''),
('1025345411428070','13:34:00','13:34:00','4016124','12','',''),
('1025345411428070','13:37:00','13:37:00','4016125','13','',''),
('1025345411428070','13:37:00','13:37:00','4016126','14','',''),
('1025345411428070','13:38:00','13:38:00','4016127','15','',''),
('1025345411428070','13:44:00','13:44:00','4016128','16','',''),
('1025345411428070','13:46:00','13:46:00','4016109','17','',''),
('1025345411428070','13:48:00','13:48:00','4016111','18','',''),
('1025345411428070','13:52:00','13:52:00','4016091','19','',''),
('1025345421428070','13:20:00','13:20:00','4016113','1','',''),
('1025345421428070','13:21:00','13:21:00','4016114','2','',''),
('1025345421428070','13:23:00','13:23:00','4016115','3','',''),
('1025345421428070','13:23:00','13:23:00','4016116','4','',''),
('1025345421428070','13:24:00','13:24:00','4016117','5','',''),
('1025345421428070','13:26:00','13:26:00','4016118','6','',''),
('1025345421428070','13:27:00','13:27:00','4016119','7','',''),
('1025345421428070','13:28:00','13:28:00','4016120','8','',''),
('1025345421428070','13:29:00','13:29:00','4016121','9','',''),
('1025345421428070','13:30:00','13:30:00','4016122','10','',''),
('1025345421428070','13:32:00','13:32:00','4016123','11','',''),
('1025345421428070','13:34:00','13:34:00','4016124','12','',''),
('1025345421428070','13:37:00','13:37:00','4016125','13','',''),
('1025345421428070','13:37:00','13:37:00','4016126','14','',''),
('1025345421428070','13:38:00','13:38:00','4016127','15','',''),
('1025345421428070','13:44:00','13:44:00','4016128','16','',''),
('1025345421428070','13:46:00','13:46:00','4016109','17','',''),
('1025345421428070','13:48:00','13:48:00','4016111','18','',''),
('1025345421428070','13:52:00','13:52:00','4016091','19','',''),
('1025345431428070','13:20:00','13:20:00','4016113','1','',''),
('1025345431428070','13:21:00','13:21:00','4016114','2','',''),
('1025345431428070','13:23:00','13:23:00','4016115','3','',''),
('1025345431428070','13:23:00','13:23:00','4016116','4','',''),
('1025345431428070','13:24:00','13:24:00','4016117','5','',''),
('1025345431428070','13:26:00','13:26:00','4016118','6','',''),
('1025345431428070','13:27:00','13:27:00','4016119','7','',''),
('1025345431428070','13:28:00','13:28:00','4016120','8','',''),
('1025345431428070','13:29:00','13:29:00','4016121','9','',''),
('1025345431428070','13:30:00','13:30:00','4016122','10','',''),
('1025345431428070','13:32:00','13:32:00','4016123','11','',''),
('1025345431428070','13:34:00','13:34:00','4016124','12','',''),
('1025345431428070','13:37:00','13:37:00','4016125','13','',''),
('1025345431428070','13:37:00','13:37:00','4016126','14','',''),
('1025345431428070','13:38:00','13:38:00','4016127','15','',''),
('1025345431428070','13:44:00','13:44:00','4016128','16','',''),
('1025345431428070','13:46:00','13:46:00','4016109','17','',''),
('1025345431428070','13:48:00','13:48:00','4016111','18','',''),
('1025345431428070','13:52:00','13:52:00','4016091','19','',''),
('1025345441428070','13:20:00','13:20:00','4016113','1','',''),
('1025345441428070','13:21:00','13:21:00','4016114','2','',''),
('1025345441428070','13:23:00','13:23:00','4016115','3','',''),
('1025345441428070','13:23:00','13:23:00','4016116','4','',''),
('1025345441428070','13:24:00','13:24:00','4016117','5','',''),
('1025345441428070','13:26:00','13:26:00','4016118','6','',''),
('1025345441428070','13:27:00','13:27:00','4016119','7','',''),
('1025345441428070','13:28:00','13:28:00','4016120','8','',''),
('1025345441428070','13:29:00','13:29:00','4016121','9','',''),
('1025345441428070','13:30:00','13:30:00','4016122','10','',''),
('1025345441428070','13:32:00','13:32:00','4016123','11','',''),
('1025345441428070','13:34:00','13:34:00','4016124','12','',''),
('1025345441428070','13:37:00','13:37:00','4016125','13','',''),
('1025345441428070','13:37:00','13:37:00','4016126','14','',''),
('1025345441428070','13:38:00','13:38:00','4016127','15','',''),
('1025345441428070','13:44:00','13:44:00','4016128','16','',''),
('1025345441428070','13:46:00','13:46:00','4016109','17','',''),
('1025345441428070','13:48:00','13:48:00','4016111','18','',''),
('1025345441428070','13:52:00','13:52:00','4016091','19','',''),
('1125345411428070','14:00:00','14:00:00','4016113','1','',''),
('1125345411428070','14:01:00','14:01:00','4016114','2','',''),
('1125345411428070','14:03:00','14:03:00','4016115','3','',''),
('1125345411428070','14:03:00','14:03:00','4016116','4','',''),
('1125345411428070','14:04:00','14:04:00','4016117','5','',''),
('1125345411428070','14:06:00','14:06:00','4016118','6','',''),
('1125345411428070','14:07:00','14:07:00','4016119','7','',''),
('1125345411428070','14:08:00','14:08:00','4016120','8','',''),
('1125345411428070','14:09:00','14:09:00','4016121','9','',''),
('1125345411428070','14:10:00','14:10:00','4016122','10','',''),
('1125345411428070','14:12:00','14:12:00','4016123','11','',''),
('1125345411428070','14:14:00','14:14:00','4016124','12','',''),
('1125345411428070','14:17:00','14:17:00','4016125','13','',''),
('1125345411428070','14:17:00','14:17:00','4016126','14','',''),
('1125345411428070','14:18:00','14:18:00','4016127','15','',''),
('1125345411428070','14:24:00','14:24:00','4016128','16','',''),
('1125345411428070','14:26:00','14:26:00','4016109','17','',''),
('1125345411428070','14:28:00','14:28:00','4016111','18','',''),
('1125345411428070','14:32:00','14:32:00','4016091','19','',''),
('1125345421428070','14:00:00','14:00:00','4016113','1','',''),
('1125345421428070','14:01:00','14:01:00','4016114','2','',''),
('1125345421428070','14:03:00','14:03:00','4016115','3','',''),
('1125345421428070','14:03:00','14:03:00','4016116','4','',''),
('1125345421428070','14:04:00','14:04:00','4016117','5','',''),
('1125345421428070','14:06:00','14:06:00','4016118','6','',''),
('1125345421428070','14:07:00','14:07:00','4016119','7','',''),
('1125345421428070','14:08:00','14:08:00','4016120','8','',''),
('1125345421428070','14:09:00','14:09:00','4016121','9','',''),
('1125345421428070','14:10:00','14:10:00','4016122','10','',''),
('1125345421428070','14:12:00','14:12:00','4016123','11','',''),
('1125345421428070','14:14:00','14:14:00','4016124','12','',''),
('1125345421428070','14:17:00','14:17:00','4016125','13','',''),
('1125345421428070','14:17:00','14:17:00','4016126','14','',''),
('1125345421428070','14:18:00','14:18:00','4016127','15','',''),
('1125345421428070','14:24:00','14:24:00','4016128','16','',''),
('1125345421428070','14:26:00','14:26:00','4016109','17','',''),
('1125345421428070','14:28:00','14:28:00','4016111','18','',''),
('1125345421428070','14:32:00','14:32:00','4016091','19','',''),
('1125345431428070','14:00:00','14:00:00','4016113','1','',''),
('1125345431428070','14:01:00','14:01:00','4016114','2','',''),
('1125345431428070','14:03:00','14:03:00','4016115','3','',''),
('1125345431428070','14:03:00','14:03:00','4016116','4','',''),
('1125345431428070','14:04:00','14:04:00','4016117','5','',''),
('1125345431428070','14:06:00','14:06:00','4016118','6','',''),
('1125345431428070','14:07:00','14:07:00','4016119','7','',''),
('1125345431428070','14:08:00','14:08:00','4016120','8','',''),
('1125345431428070','14:09:00','14:09:00','4016121','9','',''),
('1125345431428070','14:10:00','14:10:00','4016122','10','',''),
('1125345431428070','14:12:00','14:12:00','4016123','11','',''),
('1125345431428070','14:14:00','14:14:00','4016124','12','',''),
('1125345431428070','14:17:00','14:17:00','4016125','13','',''),
('1125345431428070','14:17:00','14:17:00','4016126','14','',''),
('1125345431428070','14:18:00','14:18:00','4016127','15','',''),
('1125345431428070','14:24:00','14:24:00','4016128','16','',''),
('1125345431428070','14:26:00','14:26:00','4016109','17','',''),
('1125345431428070','14:28:00','14:28:00','4016111','18','',''),
('1125345431428070','14:32:00','14:32:00','4016091','19','',''),
('1125345441428070','14:00:00','14:00:00','4016113','1','',''),
('1125345441428070','14:01:00','14:01:00','4016114','2','',''),
('1125345441428070','14:03:00','14:03:00','4016115','3','',''),
('1125345441428070','14:03:00','14:03:00','4016116','4','',''),
('1125345441428070','14:04:00','14:04:00','4016117','5','',''),
('1125345441428070','14:06:00','14:06:00','4016118','6','',''),
('1125345441428070','14:07:00','14:07:00','4016119','7','',''),
('1125345441428070','14:08:00','14:08:00','4016120','8','',''),
('1125345441428070','14:09:00','14:09:00','4016121','9','',''),
('1125345441428070','14:10:00','14:10:00','4016122','10','',''),
('1125345441428070','14:12:00','14:12:00','4016123','11','',''),
('1125345441428070','14:14:00','14:14:00','4016124','12','',''),
('1125345441428070','14:17:00','14:17:00','4016125','13','',''),
('1125345441428070','14:17:00','14:17:00','4016126','14','',''),
('1125345441428070','14:18:00','14:18:00','4016127','15','',''),
('1125345441428070','14:24:00','14:24:00','4016128','16','',''),
('1125345441428070','14:26:00','14:26:00','4016109','17','',''),
('1125345441428070','14:28:00','14:28:00','4016111','18','',''),
('1125345441428070','14:32:00','14:32:00','4016091','19','',''),
('1225345411428070','14:40:00','14:40:00','4016113','1','',''),
('1225345411428070','14:41:00','14:41:00','4016114','2','',''),
('1225345411428070','14:43:00','14:43:00','4016115','3','',''),
('1225345411428070','14:43:00','14:43:00','4016116','4','',''),
('1225345411428070','14:44:00','14:44:00','4016117','5','',''),
('1225345411428070','14:46:00','14:46:00','4016118','6','',''),
('1225345411428070','14:47:00','14:47:00','4016119','7','',''),
('1225345411428070','14:48:00','14:48:00','4016120','8','',''),
('1225345411428070','14:49:00','14:49:00','4016121','9','',''),
('1225345411428070','14:50:00','14:50:00','4016122','10','',''),
('1225345411428070','14:52:00','14:52:00','4016123','11','',''),
('1225345411428070','14:54:00','14:54:00','4016124','12','',''),
('1225345411428070','14:57:00','14:57:00','4016125','13','',''),
('1225345411428070','14:57:00','14:57:00','4016126','14','',''),
('1225345411428070','14:58:00','14:58:00','4016127','15','',''),
('1225345411428070','15:04:00','15:04:00','4016128','16','',''),
('1225345411428070','15:06:00','15:06:00','4016109','17','',''),
('1225345411428070','15:08:00','15:08:00','4016111','18','',''),
('1225345411428070','15:12:00','15:12:00','4016091','19','',''),
('1225345421428070','14:40:00','14:40:00','4016113','1','',''),
('1225345421428070','14:41:00','14:41:00','4016114','2','',''),
('1225345421428070','14:43:00','14:43:00','4016115','3','',''),
('1225345421428070','14:43:00','14:43:00','4016116','4','',''),
('1225345421428070','14:44:00','14:44:00','4016117','5','',''),
('1225345421428070','14:46:00','14:46:00','4016118','6','',''),
('1225345421428070','14:47:00','14:47:00','4016119','7','',''),
('1225345421428070','14:48:00','14:48:00','4016120','8','',''),
('1225345421428070','14:49:00','14:49:00','4016121','9','',''),
('1225345421428070','14:50:00','14:50:00','4016122','10','',''),
('1225345421428070','14:52:00','14:52:00','4016123','11','',''),
('1225345421428070','14:54:00','14:54:00','4016124','12','',''),
('1225345421428070','14:57:00','14:57:00','4016125','13','',''),
('1225345421428070','14:57:00','14:57:00','4016126','14','',''),
('1225345421428070','14:58:00','14:58:00','4016127','15','',''),
('1225345421428070','15:04:00','15:04:00','4016128','16','',''),
('1225345421428070','15:06:00','15:06:00','4016109','17','',''),
('1225345421428070','15:08:00','15:08:00','4016111','18','',''),
('1225345421428070','15:12:00','15:12:00','4016091','19','',''),
('1225345431428070','14:40:00','14:40:00','4016113','1','',''),
('1225345431428070','14:41:00','14:41:00','4016114','2','',''),
('1225345431428070','14:43:00','14:43:00','4016115','3','',''),
('1225345431428070','14:43:00','14:43:00','4016116','4','',''),
('1225345431428070','14:44:00','14:44:00','4016117','5','',''),
('1225345431428070','14:46:00','14:46:00','4016118','6','',''),
('1225345431428070','14:47:00','14:47:00','4016119','7','',''),
('1225345431428070','14:48:00','14:48:00','4016120','8','',''),
('1225345431428070','14:49:00','14:49:00','4016121','9','',''),
('1225345431428070','14:50:00','14:50:00','4016122','10','',''),
('1225345431428070','14:52:00','14:52:00','4016123','11','',''),
('1225345431428070','14:54:00','14:54:00','4016124','12','',''),
('1225345431428070','14:57:00','14:57:00','4016125','13','',''),
('1225345431428070','14:57:00','14:57:00','4016126','14','',''),
('1225345431428070','14:58:00','14:58:00','4016127','15','',''),
('1225345431428070','15:04:00','15:04:00','4016128','16','',''),
('1225345431428070','15:06:00','15:06:00','4016109','17','',''),
('1225345431428070','15:08:00','15:08:00','4016111','18','',''),
('1225345431428070','15:12:00','15:12:00','4016091','19','',''),
('1225345441428070','14:40:00','14:40:00','4016113','1','',''),
('1225345441428070','14:41:00','14:41:00','4016114','2','',''),
('1225345441428070','14:43:00','14:43:00','4016115','3','',''),
('1225345441428070','14:43:00','14:43:00','4016116','4','',''),
('1225345441428070','14:44:00','14:44:00','4016117','5','',''),
('1225345441428070','14:46:00','14:46:00','4016118','6','',''),
('1225345441428070','14:47:00','14:47:00','4016119','7','',''),
('1225345441428070','14:48:00','14:48:00','4016120','8','',''),
('1225345441428070','14:49:00','14:49:00','4016121','9','',''),
('1225345441428070','14:50:00','14:50:00','4016122','10','',''),
('1225345441428070','14:52:00','14:52:00','4016123','11','',''),
('1225345441428070','14:54:00','14:54:00','4016124','12','',''),
('1225345441428070','14:57:00','14:57:00','4016125','13','',''),
('1225345441428070','14:57:00','14:57:00','4016126','14','',''),
('1225345441428070','14:58:00','14:58:00','4016127','15','',''),
('1225345441428070','15:04:00','15:04:00','4016128','16','',''),
('1225345441428070','15:06:00','15:06:00','4016109','17','',''),
('1225345441428070','15:08:00','15:08:00','4016111','18','',''),
('1225345441428070','15:12:00','15:12:00','4016091','19','',''),
('125345411428070','07:20:00','07:20:00','4016113','1','',''),
('125345411428070','07:21:00','07:21:00','4016114','2','',''),
('125345411428070','07:23:00','07:23:00','4016115','3','',''),
('125345411428070','07:23:00','07:23:00','4016116','4','',''),
('125345411428070','07:24:00','07:24:00','4016117','5','',''),
('125345411428070','07:26:00','07:26:00','4016118','6','',''),
('125345411428070','07:27:00','07:27:00','4016119','7','',''),
('125345411428070','07:28:00','07:28:00','4016120','8','',''),
('125345411428070','07:29:00','07:29:00','4016121','9','',''),
('125345411428070','07:30:00','07:30:00','4016122','10','',''),
('125345411428070','07:32:00','07:32:00','4016123','11','',''),
('125345411428070','07:34:00','07:34:00','4016124','12','',''),
('125345411428070','07:37:00','07:37:00','4016125','13','',''),
('125345411428070','07:37:00','07:37:00','4016126','14','',''),
('125345411428070','07:38:00','07:38:00','4016127','15','',''),
('125345411428070','07:44:00','07:44:00','4016128','16','',''),
('125345411428070','07:46:00','07:46:00','4016109','17','',''),
('125345411428070','07:48:00','07:48:00','4016111','18','',''),
('125345411428070','07:52:00','07:52:00','4016091','19','',''),
('125345421428070','07:20:00','07:20:00','4016113','1','',''),
('125345421428070','07:21:00','07:21:00','4016114','2','',''),
('125345421428070','07:23:00','07:23:00','4016115','3','',''),
('125345421428070','07:23:00','07:23:00','4016116','4','',''),
('125345421428070','07:24:00','07:24:00','4016117','5','',''),
('125345421428070','07:26:00','07:26:00','4016118','6','',''),
('125345421428070','07:27:00','07:27:00','4016119','7','',''),
('125345421428070','07:28:00','07:28:00','4016120','8','',''),
('125345421428070','07:29:00','07:29:00','4016121','9','',''),
('125345421428070','07:30:00','07:30:00','4016122','10','',''),
('125345421428070','07:32:00','07:32:00','4016123','11','',''),
('125345421428070','07:34:00','07:34:00','4016124','12','',''),
('125345421428070','07:37:00','07:37:00','4016125','13','',''),
('125345421428070','07:37:00','07:37:00','4016126','14','',''),
('125345421428070','07:38:00','07:38:00','4016127','15','',''),
('125345421428070','07:44:00','07:44:00','4016128','16','',''),
('125345421428070','07:46:00','07:46:00','4016109','17','',''),
('125345421428070','07:48:00','07:48:00','4016111','18','',''),
('125345421428070','07:52:00','07:52:00','4016091','19','',''),
('125345431428070','07:20:00','07:20:00','4016113','1','',''),
('125345431428070','07:21:00','07:21:00','4016114','2','',''),
('125345431428070','07:23:00','07:23:00','4016115','3','',''),
('125345431428070','07:23:00','07:23:00','4016116','4','',''),
('125345431428070','07:24:00','07:24:00','4016117','5','',''),
('125345431428070','07:26:00','07:26:00','4016118','6','',''),
('125345431428070','07:27:00','07:27:00','4016119','7','',''),
('125345431428070','07:28:00','07:28:00','4016120','8','',''),
('125345431428070','07:29:00','07:29:00','4016121','9','',''),
('125345431428070','07:30:00','07:30:00','4016122','10','',''),
('125345431428070','07:32:00','07:32:00','4016123','11','',''),
('125345431428070','07:34:00','07:34:00','4016124','12','',''),
('125345431428070','07:37:00','07:37:00','4016125','13','',''),
('125345431428070','07:37:00','07:37:00','4016126','14','',''),
('125345431428070','07:38:00','07:38:00','4016127','15','',''),
('125345431428070','07:44:00','07:44:00','4016128','16','',''),
('125345431428070','07:46:00','07:46:00','4016109','17','',''),
('125345431428070','07:48:00','07:48:00','4016111','18','',''),
('125345431428070','07:52:00','07:52:00','4016091','19','',''),
('125345441428070','07:20:00','07:20:00','4016113','1','',''),
('125345441428070','07:21:00','07:21:00','4016114','2','',''),
('125345441428070','07:23:00','07:23:00','4016115','3','',''),
('125345441428070','07:23:00','07:23:00','4016116','4','',''),
('125345441428070','07:24:00','07:24:00','4016117','5','',''),
('125345441428070','07:26:00','07:26:00','4016118','6','',''),
('125345441428070','07:27:00','07:27:00','4016119','7','',''),
('125345441428070','07:28:00','07:28:00','4016120','8','',''),
('125345441428070','07:29:00','07:29:00','4016121','9','',''),
('125345441428070','07:30:00','07:30:00','4016122','10','',''),
('125345441428070','07:32:00','07:32:00','4016123','11','',''),
('125345441428070','07:34:00','07:34:00','4016124','12','',''),
('125345441428070','07:37:00','07:37:00','4016125','13','',''),
('125345441428070','07:37:00','07:37:00','4016126','14','',''),
('125345441428070','07:38:00','07:38:00','4016127','15','',''),
('125345441428070','07:44:00','07:44:00','4016128','16','',''),
('125345441428070','07:46:00','07:46:00','4016109','17','',''),
('125345441428070','07:48:00','07:48:00','4016111','18','',''),
('125345441428070','07:52:00','07:52:00','4016091','19','',''),
('1325345411428070','15:20:00','15:20:00','4016113','1','',''),
('1325345411428070','15:21:00','15:21:00','4016114','2','',''),
('1325345411428070','15:23:00','15:23:00','4016115','3','',''),
('1325345411428070','15:23:00','15:23:00','4016116','4','',''),
('1325345411428070','15:24:00','15:24:00','4016117','5','',''),
('1325345411428070','15:26:00','15:26:00','4016118','6','',''),
('1325345411428070','15:27:00','15:27:00','4016119','7','',''),
('1325345411428070','15:28:00','15:28:00','4016120','8','',''),
('1325345411428070','15:29:00','15:29:00','4016121','9','',''),
('1325345411428070','15:30:00','15:30:00','4016122','10','',''),
('1325345411428070','15:32:00','15:32:00','4016123','11','',''),
('1325345411428070','15:34:00','15:34:00','4016124','12','',''),
('1325345411428070','15:37:00','15:37:00','4016125','13','',''),
('1325345411428070','15:37:00','15:37:00','4016126','14','',''),
('1325345411428070','15:38:00','15:38:00','4016127','15','',''),
('1325345411428070','15:44:00','15:44:00','4016128','16','',''),
('1325345411428070','15:46:00','15:46:00','4016109','17','',''),
('1325345411428070','15:48:00','15:48:00','4016111','18','',''),
('1325345411428070','15:52:00','15:52:00','4016091','19','',''),
('1325345421428070','15:20:00','15:20:00','4016113','1','',''),
('1325345421428070','15:21:00','15:21:00','4016114','2','',''),
('1325345421428070','15:23:00','15:23:00','4016115','3','',''),
('1325345421428070','15:23:00','15:23:00','4016116','4','',''),
('1325345421428070','15:24:00','15:24:00','4016117','5','',''),
('1325345421428070','15:26:00','15:26:00','4016118','6','',''),
('1325345421428070','15:27:00','15:27:00','4016119','7','',''),
('1325345421428070','15:28:00','15:28:00','4016120','8','',''),
('1325345421428070','15:29:00','15:29:00','4016121','9','',''),
('1325345421428070','15:30:00','15:30:00','4016122','10','',''),
('1325345421428070','15:32:00','15:32:00','4016123','11','',''),
('1325345421428070','15:34:00','15:34:00','4016124','12','',''),
('1325345421428070','15:37:00','15:37:00','4016125','13','',''),
('1325345421428070','15:37:00','15:37:00','4016126','14','',''),
('1325345421428070','15:38:00','15:38:00','4016127','15','',''),
('1325345421428070','15:44:00','15:44:00','4016128','16','',''),
('1325345421428070','15:46:00','15:46:00','4016109','17','',''),
('1325345421428070','15:48:00','15:48:00','4016111','18','',''),
('1325345421428070','15:52:00','15:52:00','4016091','19','',''),
('1325345431428070','15:20:00','15:20:00','4016113','1','',''),
('1325345431428070','15:21:00','15:21:00','4016114','2','',''),
('1325345431428070','15:23:00','15:23:00','4016115','3','',''),
('1325345431428070','15:23:00','15:23:00','4016116','4','',''),
('1325345431428070','15:24:00','15:24:00','4016117','5','',''),
('1325345431428070','15:26:00','15:26:00','4016118','6','',''),
('1325345431428070','15:27:00','15:27:00','4016119','7','',''),
('1325345431428070','15:28:00','15:28:00','4016120','8','',''),
('1325345431428070','15:29:00','15:29:00','4016121','9','',''),
('1325345431428070','15:30:00','15:30:00','4016122','10','',''),
('1325345431428070','15:32:00','15:32:00','4016123','11','',''),
('1325345431428070','15:34:00','15:34:00','4016124','12','',''),
('1325345431428070','15:37:00','15:37:00','4016125','13','',''),
('1325345431428070','15:37:00','15:37:00','4016126','14','',''),
('1325345431428070','15:38:00','15:38:00','4016127','15','',''),
('1325345431428070','15:44:00','15:44:00','4016128','16','',''),
('1325345431428070','15:46:00','15:46:00','4016109','17','',''),
('1325345431428070','15:48:00','15:48:00','4016111','18','',''),
('1325345431428070','15:52:00','15:52:00','4016091','19','',''),
('1325345441428070','15:20:00','15:20:00','4016113','1','',''),
('1325345441428070','15:21:00','15:21:00','4016114','2','',''),
('1325345441428070','15:23:00','15:23:00','4016115','3','',''),
('1325345441428070','15:23:00','15:23:00','4016116','4','',''),
('1325345441428070','15:24:00','15:24:00','4016117','5','',''),
('1325345441428070','15:26:00','15:26:00','4016118','6','',''),
('1325345441428070','15:27:00','15:27:00','4016119','7','',''),
('1325345441428070','15:28:00','15:28:00','4016120','8','',''),
('1325345441428070','15:29:00','15:29:00','4016121','9','',''),
('1325345441428070','15:30:00','15:30:00','4016122','10','',''),
('1325345441428070','15:32:00','15:32:00','4016123','11','',''),
('1325345441428070','15:34:00','15:34:00','4016124','12','',''),
('1325345441428070','15:37:00','15:37:00','4016125','13','',''),
('1325345441428070','15:37:00','15:37:00','4016126','14','',''),
('1325345441428070','15:38:00','15:38:00','4016127','15','',''),
('1325345441428070','15:44:00','15:44:00','4016128','16','',''),
('1325345441428070','15:46:00','15:46:00','4016109','17','',''),
('1325345441428070','15:48:00','15:48:00','4016111','18','',''),
('1325345441428070','15:52:00','15:52:00','4016091','19','',''),
('1425345411428070','16:00:00','16:00:00','4016113','1','',''),
('1425345411428070','16:01:00','16:01:00','4016114','2','',''),
('1425345411428070','16:03:00','16:03:00','4016115','3','',''),
('1425345411428070','16:03:00','16:03:00','4016116','4','',''),
('1425345411428070','16:04:00','16:04:00','4016117','5','',''),
('1425345411428070','16:06:00','16:06:00','4016118','6','',''),
('1425345411428070','16:07:00','16:07:00','4016119','7','',''),
('1425345411428070','16:08:00','16:08:00','4016120','8','',''),
('1425345411428070','16:09:00','16:09:00','4016121','9','',''),
('1425345411428070','16:10:00','16:10:00','4016122','10','',''),
('1425345411428070','16:12:00','16:12:00','4016123','11','',''),
('1425345411428070','16:14:00','16:14:00','4016124','12','',''),
('1425345411428070','16:17:00','16:17:00','4016125','13','',''),
('1425345411428070','16:17:00','16:17:00','4016126','14','',''),
('1425345411428070','16:18:00','16:18:00','4016127','15','',''),
('1425345411428070','16:24:00','16:24:00','4016128','16','',''),
('1425345411428070','16:26:00','16:26:00','4016109','17','',''),
('1425345411428070','16:28:00','16:28:00','4016111','18','',''),
('1425345411428070','16:32:00','16:32:00','4016091','19','',''),
('1425345421428070','16:00:00','16:00:00','4016113','1','',''),
('1425345421428070','16:01:00','16:01:00','4016114','2','',''),
('1425345421428070','16:03:00','16:03:00','4016115','3','',''),
('1425345421428070','16:03:00','16:03:00','4016116','4','',''),
('1425345421428070','16:04:00','16:04:00','4016117','5','',''),
('1425345421428070','16:06:00','16:06:00','4016118','6','',''),
('1425345421428070','16:07:00','16:07:00','4016119','7','',''),
('1425345421428070','16:08:00','16:08:00','4016120','8','',''),
('1425345421428070','16:09:00','16:09:00','4016121','9','',''),
('1425345421428070','16:10:00','16:10:00','4016122','10','',''),
('1425345421428070','16:12:00','16:12:00','4016123','11','',''),
('1425345421428070','16:14:00','16:14:00','4016124','12','',''),
('1425345421428070','16:17:00','16:17:00','4016125','13','',''),
('1425345421428070','16:17:00','16:17:00','4016126','14','',''),
('1425345421428070','16:18:00','16:18:00','4016127','15','',''),
('1425345421428070','16:24:00','16:24:00','4016128','16','',''),
('1425345421428070','16:26:00','16:26:00','4016109','17','',''),
('1425345421428070','16:28:00','16:28:00','4016111','18','',''),
('1425345421428070','16:32:00','16:32:00','4016091','19','',''),
('1425345431428070','16:00:00','16:00:00','4016113','1','',''),
('1425345431428070','16:01:00','16:01:00','4016114','2','',''),
('1425345431428070','16:03:00','16:03:00','4016115','3','',''),
('1425345431428070','16:03:00','16:03:00','4016116','4','',''),
('1425345431428070','16:04:00','16:04:00','4016117','5','',''),
('1425345431428070','16:06:00','16:06:00','4016118','6','',''),
('1425345431428070','16:07:00','16:07:00','4016119','7','',''),
('1425345431428070','16:08:00','16:08:00','4016120','8','',''),
('1425345431428070','16:09:00','16:09:00','4016121','9','',''),
('1425345431428070','16:10:00','16:10:00','4016122','10','',''),
('1425345431428070','16:12:00','16:12:00','4016123','11','',''),
('1425345431428070','16:14:00','16:14:00','4016124','12','',''),
('1425345431428070','16:17:00','16:17:00','4016125','13','',''),
('1425345431428070','16:17:00','16:17:00','4016126','14','',''),
('1425345431428070','16:18:00','16:18:00','4016127','15','',''),
('1425345431428070','16:24:00','16:24:00','4016128','16','',''),
('1425345431428070','16:26:00','16:26:00','4016109','17','',''),
('1425345431428070','16:28:00','16:28:00','4016111','18','',''),
('1425345431428070','16:32:00','16:32:00','4016091','19','',''),
('1425345441428070','16:00:00','16:00:00','4016113','1','',''),
('1425345441428070','16:01:00','16:01:00','4016114','2','',''),
('1425345441428070','16:03:00','16:03:00','4016115','3','',''),
('1425345441428070','16:03:00','16:03:00','4016116','4','',''),
('1425345441428070','16:04:00','16:04:00','4016117','5','',''),
('1425345441428070','16:06:00','16:06:00','4016118','6','',''),
('1425345441428070','16:07:00','16:07:00','4016119','7','',''),
('1425345441428070','16:08:00','16:08:00','4016120','8','',''),
('1425345441428070','16:09:00','16:09:00','4016121','9','',''),
('1425345441428070','16:10:00','16:10:00','4016122','10','',''),
('1425345441428070','16:12:00','16:12:00','4016123','11','',''),
('1425345441428070','16:14:00','16:14:00','4016124','12','',''),
('1425345441428070','16:17:00','16:17:00','4016125','13','',''),
('1425345441428070','16:17:00','16:17:00','4016126','14','',''),
('1425345441428070','16:18:00','16:18:00','4016127','15','',''),
('1425345441428070','16:24:00','16:24:00','4016128','16','',''),
('1425345441428070','16:26:00','16:26:00','4016109','17','',''),
('1425345441428070','16:28:00','16:28:00','4016111','18','',''),
('1425345441428070','16:32:00','16:32:00','4016091','19','',''),
('1525345411428070','16:40:00','16:40:00','4016113','1','',''),
('1525345411428070','16:41:00','16:41:00','4016114','2','',''),
('1525345411428070','16:43:00','16:43:00','4016115','3','',''),
('1525345411428070','16:43:00','16:43:00','4016116','4','',''),
('1525345411428070','16:44:00','16:44:00','4016117','5','',''),
('1525345411428070','16:46:00','16:46:00','4016118','6','',''),
('1525345411428070','16:47:00','16:47:00','4016119','7','',''),
('1525345411428070','16:48:00','16:48:00','4016120','8','',''),
('1525345411428070','16:49:00','16:49:00','4016121','9','',''),
('1525345411428070','16:50:00','16:50:00','4016122','10','',''),
('1525345411428070','16:52:00','16:52:00','4016123','11','',''),
('1525345411428070','16:54:00','16:54:00','4016124','12','',''),
('1525345411428070','16:57:00','16:57:00','4016125','13','',''),
('1525345411428070','16:57:00','16:57:00','4016126','14','',''),
('1525345411428070','16:58:00','16:58:00','4016127','15','',''),
('1525345411428070','17:04:00','17:04:00','4016128','16','',''),
('1525345411428070','17:06:00','17:06:00','4016109','17','',''),
('1525345411428070','17:08:00','17:08:00','4016111','18','',''),
('1525345411428070','17:12:00','17:12:00','4016091','19','',''),
('1525345421428070','16:40:00','16:40:00','4016113','1','',''),
('1525345421428070','16:41:00','16:41:00','4016114','2','',''),
('1525345421428070','16:43:00','16:43:00','4016115','3','',''),
('1525345421428070','16:43:00','16:43:00','4016116','4','',''),
('1525345421428070','16:44:00','16:44:00','4016117','5','',''),
('1525345421428070','16:46:00','16:46:00','4016118','6','',''),
('1525345421428070','16:47:00','16:47:00','4016119','7','',''),
('1525345421428070','16:48:00','16:48:00','4016120','8','',''),
('1525345421428070','16:49:00','16:49:00','4016121','9','',''),
('1525345421428070','16:50:00','16:50:00','4016122','10','',''),
('1525345421428070','16:52:00','16:52:00','4016123','11','',''),
('1525345421428070','16:54:00','16:54:00','4016124','12','',''),
('1525345421428070','16:57:00','16:57:00','4016125','13','',''),
('1525345421428070','16:57:00','16:57:00','4016126','14','',''),
('1525345421428070','16:58:00','16:58:00','4016127','15','',''),
('1525345421428070','17:04:00','17:04:00','4016128','16','',''),
('1525345421428070','17:06:00','17:06:00','4016109','17','',''),
('1525345421428070','17:08:00','17:08:00','4016111','18','',''),
('1525345421428070','17:12:00','17:12:00','4016091','19','',''),
('1525345431428070','16:40:00','16:40:00','4016113','1','',''),
('1525345431428070','16:41:00','16:41:00','4016114','2','',''),
('1525345431428070','16:43:00','16:43:00','4016115','3','',''),
('1525345431428070','16:43:00','16:43:00','4016116','4','',''),
('1525345431428070','16:44:00','16:44:00','4016117','5','',''),
('1525345431428070','16:46:00','16:46:00','4016118','6','',''),
('1525345431428070','16:47:00','16:47:00','4016119','7','',''),
('1525345431428070','16:48:00','16:48:00','4016120','8','',''),
('1525345431428070','16:49:00','16:49:00','4016121','9','',''),
('1525345431428070','16:50:00','16:50:00','4016122','10','',''),
('1525345431428070','16:52:00','16:52:00','4016123','11','',''),
('1525345431428070','16:54:00','16:54:00','4016124','12','',''),
('1525345431428070','16:57:00','16:57:00','4016125','13','',''),
('1525345431428070','16:57:00','16:57:00','4016126','14','',''),
('1525345431428070','16:58:00','16:58:00','4016127','15','',''),
('1525345431428070','17:04:00','17:04:00','4016128','16','',''),
('1525345431428070','17:06:00','17:06:00','4016109','17','',''),
('1525345431428070','17:08:00','17:08:00','4016111','18','',''),
('1525345431428070','17:12:00','17:12:00','4016091','19','',''),
('1525345441428070','16:40:00','16:40:00','4016113','1','',''),
('1525345441428070','16:41:00','16:41:00','4016114','2','',''),
('1525345441428070','16:43:00','16:43:00','4016115','3','',''),
('1525345441428070','16:43:00','16:43:00','4016116','4','',''),
('1525345441428070','16:44:00','16:44:00','4016117','5','',''),
('1525345441428070','16:46:00','16:46:00','4016118','6','',''),
('1525345441428070','16:47:00','16:47:00','4016119','7','',''),
('1525345441428070','16:48:00','16:48:00','4016120','8','',''),
('1525345441428070','16:49:00','16:49:00','4016121','9','',''),
('1525345441428070','16:50:00','16:50:00','4016122','10','',''),
('1525345441428070','16:52:00','16:52:00','4016123','11','',''),
('1525345441428070','16:54:00','16:54:00','4016124','12','',''),
('1525345441428070','16:57:00','16:57:00','4016125','13','',''),
('1525345441428070','16:57:00','16:57:00','4016126','14','',''),
('1525345441428070','16:58:00','16:58:00','4016127','15','',''),
('1525345441428070','17:04:00','17:04:00','4016128','16','',''),
('1525345441428070','17:06:00','17:06:00','4016109','17','',''),
('1525345441428070','17:08:00','17:08:00','4016111','18','',''),
('1525345441428070','17:12:00','17:12:00','4016091','19','',''),
('1625345411428070','17:20:00','17:20:00','4016113','1','',''),
('1625345411428070','17:21:00','17:21:00','4016114','2','',''),
('1625345411428070','17:23:00','17:23:00','4016115','3','',''),
('1625345411428070','17:23:00','17:23:00','4016116','4','',''),
('1625345411428070','17:24:00','17:24:00','4016117','5','',''),
('1625345411428070','17:26:00','17:26:00','4016118','6','',''),
('1625345411428070','17:27:00','17:27:00','4016119','7','',''),
('1625345411428070','17:28:00','17:28:00','4016120','8','',''),
('1625345411428070','17:29:00','17:29:00','4016121','9','',''),
('1625345411428070','17:30:00','17:30:00','4016122','10','',''),
('1625345411428070','17:32:00','17:32:00','4016123','11','',''),
('1625345411428070','17:34:00','17:34:00','4016124','12','',''),
('1625345411428070','17:37:00','17:37:00','4016125','13','',''),
('1625345411428070','17:37:00','17:37:00','4016126','14','',''),
('1625345411428070','17:38:00','17:38:00','4016127','15','',''),
('1625345411428070','17:44:00','17:44:00','4016128','16','',''),
('1625345411428070','17:46:00','17:46:00','4016109','17','',''),
('1625345411428070','17:48:00','17:48:00','4016111','18','',''),
('1625345411428070','17:52:00','17:52:00','4016091','19','',''),
('1625345421428070','17:20:00','17:20:00','4016113','1','',''),
('1625345421428070','17:21:00','17:21:00','4016114','2','',''),
('1625345421428070','17:23:00','17:23:00','4016115','3','',''),
('1625345421428070','17:23:00','17:23:00','4016116','4','',''),
('1625345421428070','17:24:00','17:24:00','4016117','5','',''),
('1625345421428070','17:26:00','17:26:00','4016118','6','',''),
('1625345421428070','17:27:00','17:27:00','4016119','7','',''),
('1625345421428070','17:28:00','17:28:00','4016120','8','',''),
('1625345421428070','17:29:00','17:29:00','4016121','9','',''),
('1625345421428070','17:30:00','17:30:00','4016122','10','',''),
('1625345421428070','17:32:00','17:32:00','4016123','11','',''),
('1625345421428070','17:34:00','17:34:00','4016124','12','',''),
('1625345421428070','17:37:00','17:37:00','4016125','13','',''),
('1625345421428070','17:37:00','17:37:00','4016126','14','',''),
('1625345421428070','17:38:00','17:38:00','4016127','15','',''),
('1625345421428070','17:44:00','17:44:00','4016128','16','',''),
('1625345421428070','17:46:00','17:46:00','4016109','17','',''),
('1625345421428070','17:48:00','17:48:00','4016111','18','',''),
('1625345421428070','17:52:00','17:52:00','4016091','19','',''),
('1625345431428070','17:20:00','17:20:00','4016113','1','',''),
('1625345431428070','17:21:00','17:21:00','4016114','2','',''),
('1625345431428070','17:23:00','17:23:00','4016115','3','',''),
('1625345431428070','17:23:00','17:23:00','4016116','4','',''),
('1625345431428070','17:24:00','17:24:00','4016117','5','',''),
('1625345431428070','17:26:00','17:26:00','4016118','6','',''),
('1625345431428070','17:27:00','17:27:00','4016119','7','',''),
('1625345431428070','17:28:00','17:28:00','4016120','8','',''),
('1625345431428070','17:29:00','17:29:00','4016121','9','',''),
('1625345431428070','17:30:00','17:30:00','4016122','10','',''),
('1625345431428070','17:32:00','17:32:00','4016123','11','',''),
('1625345431428070','17:34:00','17:34:00','4016124','12','',''),
('1625345431428070','17:37:00','17:37:00','4016125','13','',''),
('1625345431428070','17:37:00','17:37:00','4016126','14','',''),
('1625345431428070','17:38:00','17:38:00','4016127','15','',''),
('1625345431428070','17:44:00','17:44:00','4016128','16','',''),
('1625345431428070','17:46:00','17:46:00','4016109','17','',''),
('1625345431428070','17:48:00','17:48:00','4016111','18','',''),
('1625345431428070','17:52:00','17:52:00','4016091','19','',''),
('1625345441428070','17:20:00','17:20:00','4016113','1','',''),
('1625345441428070','17:21:00','17:21:00','4016114','2','',''),
('1625345441428070','17:23:00','17:23:00','4016115','3','',''),
('1625345441428070','17:23:00','17:23:00','4016116','4','',''),
('1625345441428070','17:24:00','17:24:00','4016117','5','',''),
('1625345441428070','17:26:00','17:26:00','4016118','6','',''),
('1625345441428070','17:27:00','17:27:00','4016119','7','',''),
('1625345441428070','17:28:00','17:28:00','4016120','8','',''),
('1625345441428070','17:29:00','17:29:00','4016121','9','',''),
('1625345441428070','17:30:00','17:30:00','4016122','10','',''),
('1625345441428070','17:32:00','17:32:00','4016123','11','',''),
('1625345441428070','17:34:00','17:34:00','4016124','12','',''),
('1625345441428070','17:37:00','17:37:00','4016125','13','',''),
('1625345441428070','17:37:00','17:37:00','4016126','14','',''),
('1625345441428070','17:38:00','17:38:00','4016127','15','',''),
('1625345441428070','17:44:00','17:44:00','4016128','16','',''),
('1625345441428070','17:46:00','17:46:00','4016109','17','',''),
('1625345441428070','17:48:00','17:48:00','4016111','18','',''),
('1625345441428070','17:52:00','17:52:00','4016091','19','',''),
('1725345411428070','18:00:00','18:00:00','4016113','1','',''),
('1725345411428070','18:01:00','18:01:00','4016114','2','',''),
('1725345411428070','18:03:00','18:03:00','4016115','3','',''),
('1725345411428070','18:03:00','18:03:00','4016116','4','',''),
('1725345411428070','18:04:00','18:04:00','4016117','5','',''),
('1725345411428070','18:06:00','18:06:00','4016118','6','',''),
('1725345411428070','18:07:00','18:07:00','4016119','7','',''),
('1725345411428070','18:08:00','18:08:00','4016120','8','',''),
('1725345411428070','18:09:00','18:09:00','4016121','9','',''),
('1725345411428070','18:10:00','18:10:00','4016122','10','',''),
('1725345411428070','18:12:00','18:12:00','4016123','11','',''),
('1725345411428070','18:14:00','18:14:00','4016124','12','',''),
('1725345411428070','18:17:00','18:17:00','4016125','13','',''),
('1725345411428070','18:17:00','18:17:00','4016126','14','',''),
('1725345411428070','18:18:00','18:18:00','4016127','15','',''),
('1725345411428070','18:24:00','18:24:00','4016128','16','',''),
('1725345411428070','18:26:00','18:26:00','4016109','17','',''),
('1725345411428070','18:28:00','18:28:00','4016111','18','',''),
('1725345411428070','18:32:00','18:32:00','4016091','19','',''),
('1725345421428070','18:00:00','18:00:00','4016113','1','',''),
('1725345421428070','18:01:00','18:01:00','4016114','2','',''),
('1725345421428070','18:03:00','18:03:00','4016115','3','',''),
('1725345421428070','18:03:00','18:03:00','4016116','4','',''),
('1725345421428070','18:04:00','18:04:00','4016117','5','',''),
('1725345421428070','18:06:00','18:06:00','4016118','6','',''),
('1725345421428070','18:07:00','18:07:00','4016119','7','',''),
('1725345421428070','18:08:00','18:08:00','4016120','8','',''),
('1725345421428070','18:09:00','18:09:00','4016121','9','',''),
('1725345421428070','18:10:00','18:10:00','4016122','10','',''),
('1725345421428070','18:12:00','18:12:00','4016123','11','',''),
('1725345421428070','18:14:00','18:14:00','4016124','12','',''),
('1725345421428070','18:17:00','18:17:00','4016125','13','',''),
('1725345421428070','18:17:00','18:17:00','4016126','14','',''),
('1725345421428070','18:18:00','18:18:00','4016127','15','',''),
('1725345421428070','18:24:00','18:24:00','4016128','16','',''),
('1725345421428070','18:26:00','18:26:00','4016109','17','',''),
('1725345421428070','18:28:00','18:28:00','4016111','18','',''),
('1725345421428070','18:32:00','18:32:00','4016091','19','',''),
('1725345431428070','18:00:00','18:00:00','4016113','1','',''),
('1725345431428070','18:01:00','18:01:00','4016114','2','',''),
('1725345431428070','18:03:00','18:03:00','4016115','3','',''),
('1725345431428070','18:03:00','18:03:00','4016116','4','',''),
('1725345431428070','18:04:00','18:04:00','4016117','5','',''),
('1725345431428070','18:06:00','18:06:00','4016118','6','',''),
('1725345431428070','18:07:00','18:07:00','4016119','7','',''),
('1725345431428070','18:08:00','18:08:00','4016120','8','',''),
('1725345431428070','18:09:00','18:09:00','4016121','9','',''),
('1725345431428070','18:10:00','18:10:00','4016122','10','',''),
('1725345431428070','18:12:00','18:12:00','4016123','11','',''),
('1725345431428070','18:14:00','18:14:00','4016124','12','',''),
('1725345431428070','18:17:00','18:17:00','4016125','13','',''),
('1725345431428070','18:17:00','18:17:00','4016126','14','',''),
('1725345431428070','18:18:00','18:18:00','4016127','15','',''),
('1725345431428070','18:24:00','18:24:00','4016128','16','',''),
('1725345431428070','18:26:00','18:26:00','4016109','17','',''),
('1725345431428070','18:28:00','18:28:00','4016111','18','',''),
('1725345431428070','18:32:00','18:32:00','4016091','19','',''),
('1725345441428070','18:00:00','18:00:00','4016113','1','',''),
('1725345441428070','18:01:00','18:01:00','4016114','2','',''),
('1725345441428070','18:03:00','18:03:00','4016115','3','',''),
('1725345441428070','18:03:00','18:03:00','4016116','4','',''),
('1725345441428070','18:04:00','18:04:00','4016117','5','',''),
('1725345441428070','18:06:00','18:06:00','4016118','6','',''),
('1725345441428070','18:07:00','18:07:00','4016119','7','',''),
('1725345441428070','18:08:00','18:08:00','4016120','8','',''),
('1725345441428070','18:09:00','18:09:00','4016121','9','',''),
('1725345441428070','18:10:00','18:10:00','4016122','10','',''),
('1725345441428070','18:12:00','18:12:00','4016123','11','',''),
('1725345441428070','18:14:00','18:14:00','4016124','12','',''),
('1725345441428070','18:17:00','18:17:00','4016125','13','',''),
('1725345441428070','18:17:00','18:17:00','4016126','14','',''),
('1725345441428070','18:18:00','18:18:00','4016127','15','',''),
('1725345441428070','18:24:00','18:24:00','4016128','16','',''),
('1725345441428070','18:26:00','18:26:00','4016109','17','',''),
('1725345441428070','18:28:00','18:28:00','4016111','18','',''),
('1725345441428070','18:32:00','18:32:00','4016091','19','',''),
('1825345411428070','18:40:00','18:40:00','4016113','1','',''),
('1825345411428070','18:41:00','18:41:00','4016114','2','',''),
('1825345411428070','18:43:00','18:43:00','4016115','3','',''),
('1825345411428070','18:43:00','18:43:00','4016116','4','',''),
('1825345411428070','18:44:00','18:44:00','4016117','5','',''),
('1825345411428070','18:46:00','18:46:00','4016118','6','',''),
('1825345411428070','18:47:00','18:47:00','4016119','7','',''),
('1825345411428070','18:48:00','18:48:00','4016120','8','',''),
('1825345411428070','18:49:00','18:49:00','4016121','9','',''),
('1825345411428070','18:50:00','18:50:00','4016122','10','',''),
('1825345411428070','18:52:00','18:52:00','4016123','11','',''),
('1825345411428070','18:54:00','18:54:00','4016124','12','',''),
('1825345411428070','18:57:00','18:57:00','4016125','13','',''),
('1825345411428070','18:57:00','18:57:00','4016126','14','',''),
('1825345411428070','18:58:00','18:58:00','4016127','15','',''),
('1825345411428070','19:04:00','19:04:00','4016128','16','',''),
('1825345411428070','19:06:00','19:06:00','4016109','17','',''),
('1825345411428070','19:08:00','19:08:00','4016111','18','',''),
('1825345411428070','19:12:00','19:12:00','4016091','19','',''),
('1825345421428070','18:40:00','18:40:00','4016113','1','',''),
('1825345421428070','18:41:00','18:41:00','4016114','2','',''),
('1825345421428070','18:43:00','18:43:00','4016115','3','',''),
('1825345421428070','18:43:00','18:43:00','4016116','4','',''),
('1825345421428070','18:44:00','18:44:00','4016117','5','',''),
('1825345421428070','18:46:00','18:46:00','4016118','6','',''),
('1825345421428070','18:47:00','18:47:00','4016119','7','',''),
('1825345421428070','18:48:00','18:48:00','4016120','8','',''),
('1825345421428070','18:49:00','18:49:00','4016121','9','',''),
('1825345421428070','18:50:00','18:50:00','4016122','10','',''),
('1825345421428070','18:52:00','18:52:00','4016123','11','',''),
('1825345421428070','18:54:00','18:54:00','4016124','12','',''),
('1825345421428070','18:57:00','18:57:00','4016125','13','',''),
('1825345421428070','18:57:00','18:57:00','4016126','14','',''),
('1825345421428070','18:58:00','18:58:00','4016127','15','',''),
('1825345421428070','19:04:00','19:04:00','4016128','16','',''),
('1825345421428070','19:06:00','19:06:00','4016109','17','',''),
('1825345421428070','19:08:00','19:08:00','4016111','18','',''),
('1825345421428070','19:12:00','19:12:00','4016091','19','',''),
('1825345431428070','18:40:00','18:40:00','4016113','1','',''),
('1825345431428070','18:41:00','18:41:00','4016114','2','',''),
('1825345431428070','18:43:00','18:43:00','4016115','3','',''),
('1825345431428070','18:43:00','18:43:00','4016116','4','',''),
('1825345431428070','18:44:00','18:44:00','4016117','5','',''),
('1825345431428070','18:46:00','18:46:00','4016118','6','',''),
('1825345431428070','18:47:00','18:47:00','4016119','7','',''),
('1825345431428070','18:48:00','18:48:00','4016120','8','',''),
('1825345431428070','18:49:00','18:49:00','4016121','9','',''),
('1825345431428070','18:50:00','18:50:00','4016122','10','',''),
('1825345431428070','18:52:00','18:52:00','4016123','11','',''),
('1825345431428070','18:54:00','18:54:00','4016124','12','',''),
('1825345431428070','18:57:00','18:57:00','4016125','13','',''),
('1825345431428070','18:57:00','18:57:00','4016126','14','',''),
('1825345431428070','18:58:00','18:58:00','4016127','15','',''),
('1825345431428070','19:04:00','19:04:00','4016128','16','',''),
('1825345431428070','19:06:00','19:06:00','4016109','17','',''),
('1825345431428070','19:08:00','19:08:00','4016111','18','',''),
('1825345431428070','19:12:00','19:12:00','4016091','19','',''),
('1825345441428070','18:40:00','18:40:00','4016113','1','',''),
('1825345441428070','18:41:00','18:41:00','4016114','2','',''),
('1825345441428070','18:43:00','18:43:00','4016115','3','',''),
('1825345441428070','18:43:00','18:43:00','4016116','4','',''),
('1825345441428070','18:44:00','18:44:00','4016117','5','',''),
('1825345441428070','18:46:00','18:46:00','4016118','6','',''),
('1825345441428070','18:47:00','18:47:00','4016119','7','',''),
('1825345441428070','18:48:00','18:48:00','4016120','8','',''),
('1825345441428070','18:49:00','18:49:00','4016121','9','',''),
('1825345441428070','18:50:00','18:50:00','4016122','10','',''),
('1825345441428070','18:52:00','18:52:00','4016123','11','',''),
('1825345441428070','18:54:00','18:54:00','4016124','12','',''),
('1825345441428070','18:57:00','18:57:00','4016125','13','',''),
('1825345441428070','18:57:00','18:57:00','4016126','14','',''),
('1825345441428070','18:58:00','18:58:00','4016127','15','',''),
('1825345441428070','19:04:00','19:04:00','4016128','16','',''),
('1825345441428070','19:06:00','19:06:00','4016109','17','',''),
('1825345441428070','19:08:00','19:08:00','4016111','18','',''),
('1825345441428070','19:12:00','19:12:00','4016091','19','',''),
('225345411428070','08:00:00','08:00:00','4016113','1','',''),
('225345411428070','08:01:00','08:01:00','4016114','2','',''),
('225345411428070','08:03:00','08:03:00','4016115','3','',''),
('225345411428070','08:03:00','08:03:00','4016116','4','',''),
('225345411428070','08:04:00','08:04:00','4016117','5','',''),
('225345411428070','08:06:00','08:06:00','4016118','6','',''),
('225345411428070','08:07:00','08:07:00','4016119','7','',''),
('225345411428070','08:08:00','08:08:00','4016120','8','',''),
('225345411428070','08:09:00','08:09:00','4016121','9','',''),
('225345411428070','08:10:00','08:10:00','4016122','10','',''),
('225345411428070','08:12:00','08:12:00','4016123','11','',''),
('225345411428070','08:14:00','08:14:00','4016124','12','',''),
('225345411428070','08:17:00','08:17:00','4016125','13','',''),
('225345411428070','08:17:00','08:17:00','4016126','14','',''),
('225345411428070','08:18:00','08:18:00','4016127','15','',''),
('225345411428070','08:24:00','08:24:00','4016128','16','',''),
('225345411428070','08:26:00','08:26:00','4016109','17','',''),
('225345411428070','08:28:00','08:28:00','4016111','18','',''),
('225345411428070','08:32:00','08:32:00','4016091','19','',''),
('225345421428070','08:00:00','08:00:00','4016113','1','',''),
('225345421428070','08:01:00','08:01:00','4016114','2','',''),
('225345421428070','08:03:00','08:03:00','4016115','3','',''),
('225345421428070','08:03:00','08:03:00','4016116','4','',''),
('225345421428070','08:04:00','08:04:00','4016117','5','',''),
('225345421428070','08:06:00','08:06:00','4016118','6','',''),
('225345421428070','08:07:00','08:07:00','4016119','7','',''),
('225345421428070','08:08:00','08:08:00','4016120','8','',''),
('225345421428070','08:09:00','08:09:00','4016121','9','',''),
('225345421428070','08:10:00','08:10:00','4016122','10','',''),
('225345421428070','08:12:00','08:12:00','4016123','11','',''),
('225345421428070','08:14:00','08:14:00','4016124','12','',''),
('225345421428070','08:17:00','08:17:00','4016125','13','',''),
('225345421428070','08:17:00','08:17:00','4016126','14','',''),
('225345421428070','08:18:00','08:18:00','4016127','15','',''),
('225345421428070','08:24:00','08:24:00','4016128','16','',''),
('225345421428070','08:26:00','08:26:00','4016109','17','',''),
('225345421428070','08:28:00','08:28:00','4016111','18','',''),
('225345421428070','08:32:00','08:32:00','4016091','19','',''),
('225345431428070','08:00:00','08:00:00','4016113','1','',''),
('225345431428070','08:01:00','08:01:00','4016114','2','',''),
('225345431428070','08:03:00','08:03:00','4016115','3','',''),
('225345431428070','08:03:00','08:03:00','4016116','4','',''),
('225345431428070','08:04:00','08:04:00','4016117','5','',''),
('225345431428070','08:06:00','08:06:00','4016118','6','',''),
('225345431428070','08:07:00','08:07:00','4016119','7','',''),
('225345431428070','08:08:00','08:08:00','4016120','8','',''),
('225345431428070','08:09:00','08:09:00','4016121','9','',''),
('225345431428070','08:10:00','08:10:00','4016122','10','',''),
('225345431428070','08:12:00','08:12:00','4016123','11','',''),
('225345431428070','08:14:00','08:14:00','4016124','12','',''),
('225345431428070','08:17:00','08:17:00','4016125','13','',''),
('225345431428070','08:17:00','08:17:00','4016126','14','',''),
('225345431428070','08:18:00','08:18:00','4016127','15','',''),
('225345431428070','08:24:00','08:24:00','4016128','16','',''),
('225345431428070','08:26:00','08:26:00','4016109','17','',''),
('225345431428070','08:28:00','08:28:00','4016111','18','',''),
('225345431428070','08:32:00','08:32:00','4016091','19','',''),
('225345441428070','08:00:00','08:00:00','4016113','1','',''),
('225345441428070','08:01:00','08:01:00','4016114','2','',''),
('225345441428070','08:03:00','08:03:00','4016115','3','',''),
('225345441428070','08:03:00','08:03:00','4016116','4','',''),
('225345441428070','08:04:00','08:04:00','4016117','5','',''),
('225345441428070','08:06:00','08:06:00','4016118','6','',''),
('225345441428070','08:07:00','08:07:00','4016119','7','',''),
('225345441428070','08:08:00','08:08:00','4016120','8','',''),
('225345441428070','08:09:00','08:09:00','4016121','9','',''),
('225345441428070','08:10:00','08:10:00','4016122','10','',''),
('225345441428070','08:12:00','08:12:00','4016123','11','',''),
('225345441428070','08:14:00','08:14:00','4016124','12','',''),
('225345441428070','08:17:00','08:17:00','4016125','13','',''),
('225345441428070','08:17:00','08:17:00','4016126','14','',''),
('225345441428070','08:18:00','08:18:00','4016127','15','',''),
('225345441428070','08:24:00','08:24:00','4016128','16','',''),
('225345441428070','08:26:00','08:26:00','4016109','17','',''),
('225345441428070','08:28:00','08:28:00','4016111','18','',''),
('225345441428070','08:32:00','08:32:00','4016091','19','',''),
('325345411428070','08:40:00','08:40:00','4016113','1','',''),
('325345411428070','08:41:00','08:41:00','4016114','2','',''),
('325345411428070','08:43:00','08:43:00','4016115','3','',''),
('325345411428070','08:43:00','08:43:00','4016116','4','',''),
('325345411428070','08:44:00','08:44:00','4016117','5','',''),
('325345411428070','08:46:00','08:46:00','4016118','6','',''),
('325345411428070','08:47:00','08:47:00','4016119','7','',''),
('325345411428070','08:48:00','08:48:00','4016120','8','',''),
('325345411428070','08:49:00','08:49:00','4016121','9','',''),
('325345411428070','08:50:00','08:50:00','4016122','10','',''),
('325345411428070','08:52:00','08:52:00','4016123','11','',''),
('325345411428070','08:54:00','08:54:00','4016124','12','',''),
('325345411428070','08:57:00','08:57:00','4016125','13','',''),
('325345411428070','08:57:00','08:57:00','4016126','14','',''),
('325345411428070','08:58:00','08:58:00','4016127','15','',''),
('325345411428070','09:04:00','09:04:00','4016128','16','',''),
('325345411428070','09:06:00','09:06:00','4016109','17','',''),
('325345411428070','09:08:00','09:08:00','4016111','18','',''),
('325345411428070','09:12:00','09:12:00','4016091','19','',''),
('325345421428070','08:40:00','08:40:00','4016113','1','',''),
('325345421428070','08:41:00','08:41:00','4016114','2','',''),
('325345421428070','08:43:00','08:43:00','4016115','3','',''),
('325345421428070','08:43:00','08:43:00','4016116','4','',''),
('325345421428070','08:44:00','08:44:00','4016117','5','',''),
('325345421428070','08:46:00','08:46:00','4016118','6','',''),
('325345421428070','08:47:00','08:47:00','4016119','7','',''),
('325345421428070','08:48:00','08:48:00','4016120','8','',''),
('325345421428070','08:49:00','08:49:00','4016121','9','',''),
('325345421428070','08:50:00','08:50:00','4016122','10','',''),
('325345421428070','08:52:00','08:52:00','4016123','11','',''),
('325345421428070','08:54:00','08:54:00','4016124','12','',''),
('325345421428070','08:57:00','08:57:00','4016125','13','',''),
('325345421428070','08:57:00','08:57:00','4016126','14','',''),
('325345421428070','08:58:00','08:58:00','4016127','15','',''),
('325345421428070','09:04:00','09:04:00','4016128','16','',''),
('325345421428070','09:06:00','09:06:00','4016109','17','',''),
('325345421428070','09:08:00','09:08:00','4016111','18','',''),
('325345421428070','09:12:00','09:12:00','4016091','19','',''),
('325345431428070','08:40:00','08:40:00','4016113','1','',''),
('325345431428070','08:41:00','08:41:00','4016114','2','',''),
('325345431428070','08:43:00','08:43:00','4016115','3','',''),
('325345431428070','08:43:00','08:43:00','4016116','4','',''),
('325345431428070','08:44:00','08:44:00','4016117','5','',''),
('325345431428070','08:46:00','08:46:00','4016118','6','',''),
('325345431428070','08:47:00','08:47:00','4016119','7','',''),
('325345431428070','08:48:00','08:48:00','4016120','8','',''),
('325345431428070','08:49:00','08:49:00','4016121','9','',''),
('325345431428070','08:50:00','08:50:00','4016122','10','',''),
('325345431428070','08:52:00','08:52:00','4016123','11','',''),
('325345431428070','08:54:00','08:54:00','4016124','12','',''),
('325345431428070','08:57:00','08:57:00','4016125','13','',''),
('325345431428070','08:57:00','08:57:00','4016126','14','',''),
('325345431428070','08:58:00','08:58:00','4016127','15','',''),
('325345431428070','09:04:00','09:04:00','4016128','16','',''),
('325345431428070','09:06:00','09:06:00','4016109','17','',''),
('325345431428070','09:08:00','09:08:00','4016111','18','',''),
('325345431428070','09:12:00','09:12:00','4016091','19','',''),
('325345441428070','08:40:00','08:40:00','4016113','1','',''),
('325345441428070','08:41:00','08:41:00','4016114','2','',''),
('325345441428070','08:43:00','08:43:00','4016115','3','',''),
('325345441428070','08:43:00','08:43:00','4016116','4','',''),
('325345441428070','08:44:00','08:44:00','4016117','5','',''),
('325345441428070','08:46:00','08:46:00','4016118','6','',''),
('325345441428070','08:47:00','08:47:00','4016119','7','',''),
('325345441428070','08:48:00','08:48:00','4016120','8','',''),
('325345441428070','08:49:00','08:49:00','4016121','9','',''),
('325345441428070','08:50:00','08:50:00','4016122','10','',''),
('325345441428070','08:52:00','08:52:00','4016123','11','',''),
('325345441428070','08:54:00','08:54:00','4016124','12','',''),
('325345441428070','08:57:00','08:57:00','4016125','13','',''),
('325345441428070','08:57:00','08:57:00','4016126','14','',''),
('325345441428070','08:58:00','08:58:00','4016127','15','',''),
('325345441428070','09:04:00','09:04:00','4016128','16','',''),
('325345441428070','09:06:00','09:06:00','4016109','17','',''),
('325345441428070','09:08:00','09:08:00','4016111','18','',''),
('325345441428070','09:12:00','09:12:00','4016091','19','',''),
('425345411428070','09:20:00','09:20:00','4016113','1','',''),
('425345411428070','09:21:00','09:21:00','4016114','2','',''),
('425345411428070','09:23:00','09:23:00','4016115','3','',''),
('425345411428070','09:23:00','09:23:00','4016116','4','',''),
('425345411428070','09:24:00','09:24:00','4016117','5','',''),
('425345411428070','09:26:00','09:26:00','4016118','6','',''),
('425345411428070','09:27:00','09:27:00','4016119','7','',''),
('425345411428070','09:28:00','09:28:00','4016120','8','',''),
('425345411428070','09:29:00','09:29:00','4016121','9','',''),
('425345411428070','09:30:00','09:30:00','4016122','10','',''),
('425345411428070','09:32:00','09:32:00','4016123','11','',''),
('425345411428070','09:34:00','09:34:00','4016124','12','',''),
('425345411428070','09:37:00','09:37:00','4016125','13','',''),
('425345411428070','09:37:00','09:37:00','4016126','14','',''),
('425345411428070','09:38:00','09:38:00','4016127','15','',''),
('425345411428070','09:44:00','09:44:00','4016128','16','',''),
('425345411428070','09:46:00','09:46:00','4016109','17','',''),
('425345411428070','09:48:00','09:48:00','4016111','18','',''),
('425345411428070','09:52:00','09:52:00','4016091','19','',''),
('425345421428070','09:20:00','09:20:00','4016113','1','',''),
('425345421428070','09:21:00','09:21:00','4016114','2','',''),
('425345421428070','09:23:00','09:23:00','4016115','3','',''),
('425345421428070','09:23:00','09:23:00','4016116','4','',''),
('425345421428070','09:24:00','09:24:00','4016117','5','',''),
('425345421428070','09:26:00','09:26:00','4016118','6','',''),
('425345421428070','09:27:00','09:27:00','4016119','7','',''),
('425345421428070','09:28:00','09:28:00','4016120','8','',''),
('425345421428070','09:29:00','09:29:00','4016121','9','',''),
('425345421428070','09:30:00','09:30:00','4016122','10','',''),
('425345421428070','09:32:00','09:32:00','4016123','11','',''),
('425345421428070','09:34:00','09:34:00','4016124','12','',''),
('425345421428070','09:37:00','09:37:00','4016125','13','',''),
('425345421428070','09:37:00','09:37:00','4016126','14','',''),
('425345421428070','09:38:00','09:38:00','4016127','15','',''),
('425345421428070','09:44:00','09:44:00','4016128','16','',''),
('425345421428070','09:46:00','09:46:00','4016109','17','',''),
('425345421428070','09:48:00','09:48:00','4016111','18','',''),
('425345421428070','09:52:00','09:52:00','4016091','19','',''),
('425345431428070','09:20:00','09:20:00','4016113','1','',''),
('425345431428070','09:21:00','09:21:00','4016114','2','',''),
('425345431428070','09:23:00','09:23:00','4016115','3','',''),
('425345431428070','09:23:00','09:23:00','4016116','4','',''),
('425345431428070','09:24:00','09:24:00','4016117','5','',''),
('425345431428070','09:26:00','09:26:00','4016118','6','',''),
('425345431428070','09:27:00','09:27:00','4016119','7','',''),
('425345431428070','09:28:00','09:28:00','4016120','8','',''),
('425345431428070','09:29:00','09:29:00','4016121','9','',''),
('425345431428070','09:30:00','09:30:00','4016122','10','',''),
('425345431428070','09:32:00','09:32:00','4016123','11','',''),
('425345431428070','09:34:00','09:34:00','4016124','12','',''),
('425345431428070','09:37:00','09:37:00','4016125','13','',''),
('425345431428070','09:37:00','09:37:00','4016126','14','',''),
('425345431428070','09:38:00','09:38:00','4016127','15','',''),
('425345431428070','09:44:00','09:44:00','4016128','16','',''),
('425345431428070','09:46:00','09:46:00','4016109','17','',''),
('425345431428070','09:48:00','09:48:00','4016111','18','',''),
('425345431428070','09:52:00','09:52:00','4016091','19','',''),
('425345441428070','09:20:00','09:20:00','4016113','1','',''),
('425345441428070','09:21:00','09:21:00','4016114','2','',''),
('425345441428070','09:23:00','09:23:00','4016115','3','',''),
('425345441428070','09:23:00','09:23:00','4016116','4','',''),
('425345441428070','09:24:00','09:24:00','4016117','5','',''),
('425345441428070','09:26:00','09:26:00','4016118','6','',''),
('425345441428070','09:27:00','09:27:00','4016119','7','',''),
('425345441428070','09:28:00','09:28:00','4016120','8','',''),
('425345441428070','09:29:00','09:29:00','4016121','9','',''),
('425345441428070','09:30:00','09:30:00','4016122','10','',''),
('425345441428070','09:32:00','09:32:00','4016123','11','',''),
('425345441428070','09:34:00','09:34:00','4016124','12','',''),
('425345441428070','09:37:00','09:37:00','4016125','13','',''),
('425345441428070','09:37:00','09:37:00','4016126','14','',''),
('425345441428070','09:38:00','09:38:00','4016127','15','',''),
('425345441428070','09:44:00','09:44:00','4016128','16','',''),
('425345441428070','09:46:00','09:46:00','4016109','17','',''),
('425345441428070','09:48:00','09:48:00','4016111','18','',''),
('425345441428070','09:52:00','09:52:00','4016091','19','',''),
('525345411428070','10:00:00','10:00:00','4016113','1','',''),
('525345411428070','10:01:00','10:01:00','4016114','2','',''),
('525345411428070','10:03:00','10:03:00','4016115','3','',''),
('525345411428070','10:03:00','10:03:00','4016116','4','',''),
('525345411428070','10:04:00','10:04:00','4016117','5','',''),
('525345411428070','10:06:00','10:06:00','4016118','6','',''),
('525345411428070','10:07:00','10:07:00','4016119','7','',''),
('525345411428070','10:08:00','10:08:00','4016120','8','',''),
('525345411428070','10:09:00','10:09:00','4016121','9','',''),
('525345411428070','10:10:00','10:10:00','4016122','10','',''),
('525345411428070','10:12:00','10:12:00','4016123','11','',''),
('525345411428070','10:14:00','10:14:00','4016124','12','',''),
('525345411428070','10:17:00','10:17:00','4016125','13','',''),
('525345411428070','10:17:00','10:17:00','4016126','14','',''),
('525345411428070','10:18:00','10:18:00','4016127','15','',''),
('525345411428070','10:24:00','10:24:00','4016128','16','',''),
('525345411428070','10:26:00','10:26:00','4016109','17','',''),
('525345411428070','10:28:00','10:28:00','4016111','18','',''),
('525345411428070','10:32:00','10:32:00','4016091','19','',''),
('525345421428070','10:00:00','10:00:00','4016113','1','',''),
('525345421428070','10:01:00','10:01:00','4016114','2','',''),
('525345421428070','10:03:00','10:03:00','4016115','3','',''),
('525345421428070','10:03:00','10:03:00','4016116','4','',''),
('525345421428070','10:04:00','10:04:00','4016117','5','',''),
('525345421428070','10:06:00','10:06:00','4016118','6','',''),
('525345421428070','10:07:00','10:07:00','4016119','7','',''),
('525345421428070','10:08:00','10:08:00','4016120','8','',''),
('525345421428070','10:09:00','10:09:00','4016121','9','',''),
('525345421428070','10:10:00','10:10:00','4016122','10','',''),
('525345421428070','10:12:00','10:12:00','4016123','11','',''),
('525345421428070','10:14:00','10:14:00','4016124','12','',''),
('525345421428070','10:17:00','10:17:00','4016125','13','',''),
('525345421428070','10:17:00','10:17:00','4016126','14','',''),
('525345421428070','10:18:00','10:18:00','4016127','15','',''),
('525345421428070','10:24:00','10:24:00','4016128','16','',''),
('525345421428070','10:26:00','10:26:00','4016109','17','',''),
('525345421428070','10:28:00','10:28:00','4016111','18','',''),
('525345421428070','10:32:00','10:32:00','4016091','19','',''),
('525345431428070','10:00:00','10:00:00','4016113','1','',''),
('525345431428070','10:01:00','10:01:00','4016114','2','',''),
('525345431428070','10:03:00','10:03:00','4016115','3','',''),
('525345431428070','10:03:00','10:03:00','4016116','4','',''),
('525345431428070','10:04:00','10:04:00','4016117','5','',''),
('525345431428070','10:06:00','10:06:00','4016118','6','',''),
('525345431428070','10:07:00','10:07:00','4016119','7','',''),
('525345431428070','10:08:00','10:08:00','4016120','8','',''),
('525345431428070','10:09:00','10:09:00','4016121','9','',''),
('525345431428070','10:10:00','10:10:00','4016122','10','',''),
('525345431428070','10:12:00','10:12:00','4016123','11','',''),
('525345431428070','10:14:00','10:14:00','4016124','12','',''),
('525345431428070','10:17:00','10:17:00','4016125','13','',''),
('525345431428070','10:17:00','10:17:00','4016126','14','',''),
('525345431428070','10:18:00','10:18:00','4016127','15','',''),
('525345431428070','10:24:00','10:24:00','4016128','16','',''),
('525345431428070','10:26:00','10:26:00','4016109','17','',''),
('525345431428070','10:28:00','10:28:00','4016111','18','',''),
('525345431428070','10:32:00','10:32:00','4016091','19','',''),
('525345441428070','10:00:00','10:00:00','4016113','1','',''),
('525345441428070','10:01:00','10:01:00','4016114','2','',''),
('525345441428070','10:03:00','10:03:00','4016115','3','',''),
('525345441428070','10:03:00','10:03:00','4016116','4','',''),
('525345441428070','10:04:00','10:04:00','4016117','5','',''),
('525345441428070','10:06:00','10:06:00','4016118','6','',''),
('525345441428070','10:07:00','10:07:00','4016119','7','',''),
('525345441428070','10:08:00','10:08:00','4016120','8','',''),
('525345441428070','10:09:00','10:09:00','4016121','9','',''),
('525345441428070','10:10:00','10:10:00','4016122','10','',''),
('525345441428070','10:12:00','10:12:00','4016123','11','',''),
('525345441428070','10:14:00','10:14:00','4016124','12','',''),
('525345441428070','10:17:00','10:17:00','4016125','13','',''),
('525345441428070','10:17:00','10:17:00','4016126','14','',''),
('525345441428070','10:18:00','10:18:00','4016127','15','',''),
('525345441428070','10:24:00','10:24:00','4016128','16','',''),
('525345441428070','10:26:00','10:26:00','4016109','17','',''),
('525345441428070','10:28:00','10:28:00','4016111','18','',''),
('525345441428070','10:32:00','10:32:00','4016091','19','',''),
('625345411428070','10:40:00','10:40:00','4016113','1','',''),
('625345411428070','10:41:00','10:41:00','4016114','2','',''),
('625345411428070','10:43:00','10:43:00','4016115','3','',''),
('625345411428070','10:43:00','10:43:00','4016116','4','',''),
('625345411428070','10:44:00','10:44:00','4016117','5','',''),
('625345411428070','10:46:00','10:46:00','4016118','6','',''),
('625345411428070','10:47:00','10:47:00','4016119','7','',''),
('625345411428070','10:48:00','10:48:00','4016120','8','',''),
('625345411428070','10:49:00','10:49:00','4016121','9','',''),
('625345411428070','10:50:00','10:50:00','4016122','10','',''),
('625345411428070','10:52:00','10:52:00','4016123','11','',''),
('625345411428070','10:54:00','10:54:00','4016124','12','',''),
('625345411428070','10:57:00','10:57:00','4016125','13','',''),
('625345411428070','10:57:00','10:57:00','4016126','14','',''),
('625345411428070','10:58:00','10:58:00','4016127','15','',''),
('625345411428070','11:04:00','11:04:00','4016128','16','',''),
('625345411428070','11:06:00','11:06:00','4016109','17','',''),
('625345411428070','11:08:00','11:08:00','4016111','18','',''),
('625345411428070','11:12:00','11:12:00','4016091','19','',''),
('625345421428070','10:40:00','10:40:00','4016113','1','',''),
('625345421428070','10:41:00','10:41:00','4016114','2','',''),
('625345421428070','10:43:00','10:43:00','4016115','3','',''),
('625345421428070','10:43:00','10:43:00','4016116','4','',''),
('625345421428070','10:44:00','10:44:00','4016117','5','',''),
('625345421428070','10:46:00','10:46:00','4016118','6','',''),
('625345421428070','10:47:00','10:47:00','4016119','7','',''),
('625345421428070','10:48:00','10:48:00','4016120','8','',''),
('625345421428070','10:49:00','10:49:00','4016121','9','',''),
('625345421428070','10:50:00','10:50:00','4016122','10','',''),
('625345421428070','10:52:00','10:52:00','4016123','11','',''),
('625345421428070','10:54:00','10:54:00','4016124','12','',''),
('625345421428070','10:57:00','10:57:00','4016125','13','',''),
('625345421428070','10:57:00','10:57:00','4016126','14','',''),
('625345421428070','10:58:00','10:58:00','4016127','15','',''),
('625345421428070','11:04:00','11:04:00','4016128','16','',''),
('625345421428070','11:06:00','11:06:00','4016109','17','',''),
('625345421428070','11:08:00','11:08:00','4016111','18','',''),
('625345421428070','11:12:00','11:12:00','4016091','19','',''),
('625345431428070','10:40:00','10:40:00','4016113','1','',''),
('625345431428070','10:41:00','10:41:00','4016114','2','',''),
('625345431428070','10:43:00','10:43:00','4016115','3','',''),
('625345431428070','10:43:00','10:43:00','4016116','4','',''),
('625345431428070','10:44:00','10:44:00','4016117','5','',''),
('625345431428070','10:46:00','10:46:00','4016118','6','',''),
('625345431428070','10:47:00','10:47:00','4016119','7','',''),
('625345431428070','10:48:00','10:48:00','4016120','8','',''),
('625345431428070','10:49:00','10:49:00','4016121','9','',''),
('625345431428070','10:50:00','10:50:00','4016122','10','',''),
('625345431428070','10:52:00','10:52:00','4016123','11','',''),
('625345431428070','10:54:00','10:54:00','4016124','12','',''),
('625345431428070','10:57:00','10:57:00','4016125','13','',''),
('625345431428070','10:57:00','10:57:00','4016126','14','',''),
('625345431428070','10:58:00','10:58:00','4016127','15','',''),
('625345431428070','11:04:00','11:04:00','4016128','16','',''),
('625345431428070','11:06:00','11:06:00','4016109','17','',''),
('625345431428070','11:08:00','11:08:00','4016111','18','',''),
('625345431428070','11:12:00','11:12:00','4016091','19','',''),
('625345441428070','10:40:00','10:40:00','4016113','1','',''),
('625345441428070','10:41:00','10:41:00','4016114','2','',''),
('625345441428070','10:43:00','10:43:00','4016115','3','',''),
('625345441428070','10:43:00','10:43:00','4016116','4','',''),
('625345441428070','10:44:00','10:44:00','4016117','5','',''),
('625345441428070','10:46:00','10:46:00','4016118','6','',''),
('625345441428070','10:47:00','10:47:00','4016119','7','',''),
('625345441428070','10:48:00','10:48:00','4016120','8','',''),
('625345441428070','10:49:00','10:49:00','4016121','9','',''),
('625345441428070','10:50:00','10:50:00','4016122','10','',''),
('625345441428070','10:52:00','10:52:00','4016123','11','',''),
('625345441428070','10:54:00','10:54:00','4016124','12','',''),
('625345441428070','10:57:00','10:57:00','4016125','13','',''),
('625345441428070','10:57:00','10:57:00','4016126','14','',''),
('625345441428070','10:58:00','10:58:00','4016127','15','',''),
('625345441428070','11:04:00','11:04:00','4016128','16','',''),
('625345441428070','11:06:00','11:06:00','4016109','17','',''),
('625345441428070','11:08:00','11:08:00','4016111','18','',''),
('625345441428070','11:12:00','11:12:00','4016091','19','',''),
('725345411428070','11:20:00','11:20:00','4016113','1','',''),
('725345411428070','11:21:00','11:21:00','4016114','2','',''),
('725345411428070','11:23:00','11:23:00','4016115','3','',''),
('725345411428070','11:23:00','11:23:00','4016116','4','',''),
('725345411428070','11:24:00','11:24:00','4016117','5','',''),
('725345411428070','11:26:00','11:26:00','4016118','6','',''),
('725345411428070','11:27:00','11:27:00','4016119','7','',''),
('725345411428070','11:28:00','11:28:00','4016120','8','',''),
('725345411428070','11:29:00','11:29:00','4016121','9','',''),
('725345411428070','11:30:00','11:30:00','4016122','10','',''),
('725345411428070','11:32:00','11:32:00','4016123','11','',''),
('725345411428070','11:34:00','11:34:00','4016124','12','',''),
('725345411428070','11:37:00','11:37:00','4016125','13','',''),
('725345411428070','11:37:00','11:37:00','4016126','14','',''),
('725345411428070','11:38:00','11:38:00','4016127','15','',''),
('725345411428070','11:44:00','11:44:00','4016128','16','',''),
('725345411428070','11:46:00','11:46:00','4016109','17','',''),
('725345411428070','11:48:00','11:48:00','4016111','18','',''),
('725345411428070','11:52:00','11:52:00','4016091','19','',''),
('725345421428070','11:20:00','11:20:00','4016113','1','',''),
('725345421428070','11:21:00','11:21:00','4016114','2','',''),
('725345421428070','11:23:00','11:23:00','4016115','3','',''),
('725345421428070','11:23:00','11:23:00','4016116','4','',''),
('725345421428070','11:24:00','11:24:00','4016117','5','',''),
('725345421428070','11:26:00','11:26:00','4016118','6','',''),
('725345421428070','11:27:00','11:27:00','4016119','7','',''),
('725345421428070','11:28:00','11:28:00','4016120','8','',''),
('725345421428070','11:29:00','11:29:00','4016121','9','',''),
('725345421428070','11:30:00','11:30:00','4016122','10','',''),
('725345421428070','11:32:00','11:32:00','4016123','11','',''),
('725345421428070','11:34:00','11:34:00','4016124','12','',''),
('725345421428070','11:37:00','11:37:00','4016125','13','',''),
('725345421428070','11:37:00','11:37:00','4016126','14','',''),
('725345421428070','11:38:00','11:38:00','4016127','15','',''),
('725345421428070','11:44:00','11:44:00','4016128','16','',''),
('725345421428070','11:46:00','11:46:00','4016109','17','',''),
('725345421428070','11:48:00','11:48:00','4016111','18','',''),
('725345421428070','11:52:00','11:52:00','4016091','19','',''),
('725345431428070','11:20:00','11:20:00','4016113','1','',''),
('725345431428070','11:21:00','11:21:00','4016114','2','',''),
('725345431428070','11:23:00','11:23:00','4016115','3','',''),
('725345431428070','11:23:00','11:23:00','4016116','4','',''),
('725345431428070','11:24:00','11:24:00','4016117','5','',''),
('725345431428070','11:26:00','11:26:00','4016118','6','',''),
('725345431428070','11:27:00','11:27:00','4016119','7','',''),
('725345431428070','11:28:00','11:28:00','4016120','8','',''),
('725345431428070','11:29:00','11:29:00','4016121','9','',''),
('725345431428070','11:30:00','11:30:00','4016122','10','',''),
('725345431428070','11:32:00','11:32:00','4016123','11','',''),
('725345431428070','11:34:00','11:34:00','4016124','12','',''),
('725345431428070','11:37:00','11:37:00','4016125','13','',''),
('725345431428070','11:37:00','11:37:00','4016126','14','',''),
('725345431428070','11:38:00','11:38:00','4016127','15','',''),
('725345431428070','11:44:00','11:44:00','4016128','16','',''),
('725345431428070','11:46:00','11:46:00','4016109','17','',''),
('725345431428070','11:48:00','11:48:00','4016111','18','',''),
('725345431428070','11:52:00','11:52:00','4016091','19','',''),
('725345441428070','11:20:00','11:20:00','4016113','1','',''),
('725345441428070','11:21:00','11:21:00','4016114','2','',''),
('725345441428070','11:23:00','11:23:00','4016115','3','',''),
('725345441428070','11:23:00','11:23:00','4016116','4','',''),
('725345441428070','11:24:00','11:24:00','4016117','5','',''),
('725345441428070','11:26:00','11:26:00','4016118','6','',''),
('725345441428070','11:27:00','11:27:00','4016119','7','',''),
('725345441428070','11:28:00','11:28:00','4016120','8','',''),
('725345441428070','11:29:00','11:29:00','4016121','9','',''),
('725345441428070','11:30:00','11:30:00','4016122','10','',''),
('725345441428070','11:32:00','11:32:00','4016123','11','',''),
('725345441428070','11:34:00','11:34:00','4016124','12','',''),
('725345441428070','11:37:00','11:37:00','4016125','13','',''),
('725345441428070','11:37:00','11:37:00','4016126','14','',''),
('725345441428070','11:38:00','11:38:00','4016127','15','',''),
('725345441428070','11:44:00','11:44:00','4016128','16','',''),
('725345441428070','11:46:00','11:46:00','4016109','17','',''),
('725345441428070','11:48:00','11:48:00','4016111','18','',''),
('725345441428070','11:52:00','11:52:00','4016091','19','',''),
('825345411428070','12:00:00','12:00:00','4016113','1','',''),
('825345411428070','12:01:00','12:01:00','4016114','2','',''),
('825345411428070','12:03:00','12:03:00','4016115','3','',''),
('825345411428070','12:03:00','12:03:00','4016116','4','',''),
('825345411428070','12:04:00','12:04:00','4016117','5','',''),
('825345411428070','12:06:00','12:06:00','4016118','6','',''),
('825345411428070','12:07:00','12:07:00','4016119','7','',''),
('825345411428070','12:08:00','12:08:00','4016120','8','',''),
('825345411428070','12:09:00','12:09:00','4016121','9','',''),
('825345411428070','12:10:00','12:10:00','4016122','10','',''),
('825345411428070','12:12:00','12:12:00','4016123','11','',''),
('825345411428070','12:14:00','12:14:00','4016124','12','',''),
('825345411428070','12:17:00','12:17:00','4016125','13','',''),
('825345411428070','12:17:00','12:17:00','4016126','14','',''),
('825345411428070','12:18:00','12:18:00','4016127','15','',''),
('825345411428070','12:24:00','12:24:00','4016128','16','',''),
('825345411428070','12:26:00','12:26:00','4016109','17','',''),
('825345411428070','12:28:00','12:28:00','4016111','18','',''),
('825345411428070','12:32:00','12:32:00','4016091','19','',''),
('825345421428070','12:00:00','12:00:00','4016113','1','',''),
('825345421428070','12:01:00','12:01:00','4016114','2','',''),
('825345421428070','12:03:00','12:03:00','4016115','3','',''),
('825345421428070','12:03:00','12:03:00','4016116','4','',''),
('825345421428070','12:04:00','12:04:00','4016117','5','',''),
('825345421428070','12:06:00','12:06:00','4016118','6','',''),
('825345421428070','12:07:00','12:07:00','4016119','7','',''),
('825345421428070','12:08:00','12:08:00','4016120','8','',''),
('825345421428070','12:09:00','12:09:00','4016121','9','',''),
('825345421428070','12:10:00','12:10:00','4016122','10','',''),
('825345421428070','12:12:00','12:12:00','4016123','11','',''),
('825345421428070','12:14:00','12:14:00','4016124','12','',''),
('825345421428070','12:17:00','12:17:00','4016125','13','',''),
('825345421428070','12:17:00','12:17:00','4016126','14','',''),
('825345421428070','12:18:00','12:18:00','4016127','15','',''),
('825345421428070','12:24:00','12:24:00','4016128','16','',''),
('825345421428070','12:26:00','12:26:00','4016109','17','',''),
('825345421428070','12:28:00','12:28:00','4016111','18','',''),
('825345421428070','12:32:00','12:32:00','4016091','19','',''),
('825345431428070','12:00:00','12:00:00','4016113','1','',''),
('825345431428070','12:01:00','12:01:00','4016114','2','',''),
('825345431428070','12:03:00','12:03:00','4016115','3','',''),
('825345431428070','12:03:00','12:03:00','4016116','4','',''),
('825345431428070','12:04:00','12:04:00','4016117','5','',''),
('825345431428070','12:06:00','12:06:00','4016118','6','',''),
('825345431428070','12:07:00','12:07:00','4016119','7','',''),
('825345431428070','12:08:00','12:08:00','4016120','8','',''),
('825345431428070','12:09:00','12:09:00','4016121','9','',''),
('825345431428070','12:10:00','12:10:00','4016122','10','',''),
('825345431428070','12:12:00','12:12:00','4016123','11','',''),
('825345431428070','12:14:00','12:14:00','4016124','12','',''),
('825345431428070','12:17:00','12:17:00','4016125','13','',''),
('825345431428070','12:17:00','12:17:00','4016126','14','',''),
('825345431428070','12:18:00','12:18:00','4016127','15','',''),
('825345431428070','12:24:00','12:24:00','4016128','16','',''),
('825345431428070','12:26:00','12:26:00','4016109','17','',''),
('825345431428070','12:28:00','12:28:00','4016111','18','',''),
('825345431428070','12:32:00','12:32:00','4016091','19','',''),
('825345441428070','12:00:00','12:00:00','4016113','1','',''),
('825345441428070','12:01:00','12:01:00','4016114','2','',''),
('825345441428070','12:03:00','12:03:00','4016115','3','',''),
('825345441428070','12:03:00','12:03:00','4016116','4','',''),
('825345441428070','12:04:00','12:04:00','4016117','5','',''),
('825345441428070','12:06:00','12:06:00','4016118','6','',''),
('825345441428070','12:07:00','12:07:00','4016119','7','',''),
('825345441428070','12:08:00','12:08:00','4016120','8','',''),
('825345441428070','12:09:00','12:09:00','4016121','9','',''),
('825345441428070','12:10:00','12:10:00','4016122','10','',''),
('825345441428070','12:12:00','12:12:00','4016123','11','',''),
('825345441428070','12:14:00','12:14:00','4016124','12','',''),
('825345441428070','12:17:00','12:17:00','4016125','13','',''),
('825345441428070','12:17:00','12:17:00','4016126','14','',''),
('825345441428070','12:18:00','12:18:00','4016127','15','',''),
('825345441428070','12:24:00','12:24:00','4016128','16','',''),
('825345441428070','12:26:00','12:26:00','4016109','17','',''),
('825345441428070','12:28:00','12:28:00','4016111','18','',''),
('825345441428070','12:32:00','12:32:00','4016091','19','',''),
('925345411428070','12:40:00','12:40:00','4016113','1','',''),
('925345411428070','12:41:00','12:41:00','4016114','2','',''),
('925345411428070','12:43:00','12:43:00','4016115','3','',''),
('925345411428070','12:43:00','12:43:00','4016116','4','',''),
('925345411428070','12:44:00','12:44:00','4016117','5','',''),
('925345411428070','12:46:00','12:46:00','4016118','6','',''),
('925345411428070','12:47:00','12:47:00','4016119','7','',''),
('925345411428070','12:48:00','12:48:00','4016120','8','',''),
('925345411428070','12:49:00','12:49:00','4016121','9','',''),
('925345411428070','12:50:00','12:50:00','4016122','10','',''),
('925345411428070','12:52:00','12:52:00','4016123','11','',''),
('925345411428070','12:54:00','12:54:00','4016124','12','',''),
('925345411428070','12:57:00','12:57:00','4016125','13','',''),
('925345411428070','12:57:00','12:57:00','4016126','14','',''),
('925345411428070','12:58:00','12:58:00','4016127','15','',''),
('925345411428070','13:04:00','13:04:00','4016128','16','',''),
('925345411428070','13:06:00','13:06:00','4016109','17','',''),
('925345411428070','13:08:00','13:08:00','4016111','18','',''),
('925345411428070','13:12:00','13:12:00','4016091','19','',''),
('925345421428070','12:40:00','12:40:00','4016113','1','',''),
('925345421428070','12:41:00','12:41:00','4016114','2','',''),
('925345421428070','12:43:00','12:43:00','4016115','3','',''),
('925345421428070','12:43:00','12:43:00','4016116','4','',''),
('925345421428070','12:44:00','12:44:00','4016117','5','',''),
('925345421428070','12:46:00','12:46:00','4016118','6','',''),
('925345421428070','12:47:00','12:47:00','4016119','7','',''),
('925345421428070','12:48:00','12:48:00','4016120','8','',''),
('925345421428070','12:49:00','12:49:00','4016121','9','',''),
('925345421428070','12:50:00','12:50:00','4016122','10','',''),
('925345421428070','12:52:00','12:52:00','4016123','11','',''),
('925345421428070','12:54:00','12:54:00','4016124','12','',''),
('925345421428070','12:57:00','12:57:00','4016125','13','',''),
('925345421428070','12:57:00','12:57:00','4016126','14','',''),
('925345421428070','12:58:00','12:58:00','4016127','15','',''),
('925345421428070','13:04:00','13:04:00','4016128','16','',''),
('925345421428070','13:06:00','13:06:00','4016109','17','',''),
('925345421428070','13:08:00','13:08:00','4016111','18','',''),
('925345421428070','13:12:00','13:12:00','4016091','19','',''),
('925345431428070','12:40:00','12:40:00','4016113','1','',''),
('925345431428070','12:41:00','12:41:00','4016114','2','',''),
('925345431428070','12:43:00','12:43:00','4016115','3','',''),
('925345431428070','12:43:00','12:43:00','4016116','4','',''),
('925345431428070','12:44:00','12:44:00','4016117','5','',''),
('925345431428070','12:46:00','12:46:00','4016118','6','',''),
('925345431428070','12:47:00','12:47:00','4016119','7','',''),
('925345431428070','12:48:00','12:48:00','4016120','8','',''),
('925345431428070','12:49:00','12:49:00','4016121','9','',''),
('925345431428070','12:50:00','12:50:00','4016122','10','',''),
('925345431428070','12:52:00','12:52:00','4016123','11','',''),
('925345431428070','12:54:00','12:54:00','4016124','12','',''),
('925345431428070','12:57:00','12:57:00','4016125','13','',''),
('925345431428070','12:57:00','12:57:00','4016126','14','',''),
('925345431428070','12:58:00','12:58:00','4016127','15','',''),
('925345431428070','13:04:00','13:04:00','4016128','16','',''),
('925345431428070','13:06:00','13:06:00','4016109','17','',''),
('925345431428070','13:08:00','13:08:00','4016111','18','',''),
('925345431428070','13:12:00','13:12:00','4016091','19','',''),
('925345441428070','12:40:00','12:40:00','4016113','1','',''),
('925345441428070','12:41:00','12:41:00','4016114','2','',''),
('925345441428070','12:43:00','12:43:00','4016115','3','',''),
('925345441428070','12:43:00','12:43:00','4016116','4','',''),
('925345441428070','12:44:00','12:44:00','4016117','5','',''),
('925345441428070','12:46:00','12:46:00','4016118','6','',''),
('925345441428070','12:47:00','12:47:00','4016119','7','',''),
('925345441428070','12:48:00','12:48:00','4016120','8','',''),
('925345441428070','12:49:00','12:49:00','4016121','9','',''),
('925345441428070','12:50:00','12:50:00','4016122','10','',''),
('925345441428070','12:52:00','12:52:00','4016123','11','',''),
('925345441428070','12:54:00','12:54:00','4016124','12','',''),
('925345441428070','12:57:00','12:57:00','4016125','13','',''),
('925345441428070','12:57:00','12:57:00','4016126','14','',''),
('925345441428070','12:58:00','12:58:00','4016127','15','',''),
('925345441428070','13:04:00','13:04:00','4016128','16','',''),
('925345441428070','13:06:00','13:06:00','4016109','17','',''),
('925345441428070','13:08:00','13:08:00','4016111','18','',''),
('925345441428070','13:12:00','13:12:00','4016091','19','','');
INSERT INTO calendar (service_id,monday,tuesday,wednesday,thursday,friday,saturday,sunday,start_date,end_date) VALUES
('2534542','0','0','0','0','0','0','0','20171221','20180330'),
('2534543','0','0','0','0','0','0','0','20180110','20180328'),
('2534544','0','0','0','0','0','0','0','20171223','20180331'),
('2534540','0','0','0','0','0','0','0','20171221','20180330'),
('2534541','0','0','0','0','0','0','0','20171226','20180302');
INSERT INTO calendar_dates (service_id,date,exception_type) VALUES
('2534542','20171221','1'),
('2534542','20171222','1'),
('2534542','20180108','1'),
('2534542','20180109','1'),
('2534542','20180111','1'),
('2534542','20180112','1'),
('2534542','20180115','1'),
('2534542','20180116','1'),
('2534542','20180118','1'),
('2534542','20180119','1'),
('2534542','20180122','1'),
('2534542','20180123','1'),
('2534542','20180125','1'),
('2534542','20180126','1'),
('2534542','20180129','1'),
('2534542','20180130','1'),
('2534542','20180201','1'),
('2534542','20180202','1'),
('2534542','20180205','1'),
('2534542','20180206','1'),
('2534542','20180208','1'),
('2534542','20180209','1'),
('2534542','20180212','1'),
('2534542','20180213','1'),
('2534542','20180215','1'),
('2534542','20180216','1'),
('2534542','20180305','1'),
('2534542','20180306','1'),
('2534542','20180308','1'),
('2534542','20180309','1'),
('2534542','20180312','1'),
('2534542','20180313','1'),
('2534542','20180315','1'),
('2534542','20180316','1'),
('2534542','20180319','1'),
('2534542','20180320','1'),
('2534542','20180322','1'),
('2534542','20180323','1'),
('2534542','20180326','1'),
('2534542','20180327','1'),
('2534542','20180329','1'),
('2534542','20180330','1'),
('2534543','20180110','1'),
('2534543','20180117','1'),
('2534543','20180124','1'),
('2534543','20180131','1'),
('2534543','20180207','1'),
('2534543','20180214','1'),
('2534543','20180307','1'),
('2534543','20180314','1'),
('2534543','20180321','1'),
('2534543','20180328','1'),
('2534544','20171223','1'),
('2534544','20171230','1'),
('2534544','20180106','1'),
('2534544','20180113','1'),
('2534544','20180120','1'),
('2534544','20180127','1'),
('2534544','20180203','1'),
('2534544','20180210','1'),
('2534544','20180217','1'),
('2534544','20180224','1'),
('2534544','20180303','1'),
('2534544','20180310','1'),
('2534544','20180317','1'),
('2534544','20180324','1'),
('2534544','20180331','1'),
('2534540','20171221','1'),
('2534540','20171222','1'),
('2534540','20180108','1'),
('2534540','20180109','1'),
('2534540','20180111','1'),
('2534540','20180112','1'),
('2534540','20180115','1'),
('2534540','20180116','1'),
('2534540','20180118','1'),
('2534540','20180119','1'),
('2534540','20180122','1'),
('2534540','20180123','1'),
('2534540','20180125','1'),
('2534540','20180126','1'),
('2534540','20180129','1'),
('2534540','20180130','1'),
('2534540','20180201','1'),
('2534540','20180202','1'),
('2534540','20180205','1'),
('2534540','20180206','1'),
('2534540','20180208','1'),
('2534540','20180209','1'),
('2534540','20180212','1'),
('2534540','20180213','1'),
('2534540','20180215','1'),
('2534540','20180216','1'),
('2534540','20180305','1'),
('2534540','20180306','1'),
('2534540','20180308','1'),
('2534540','20180309','1'),
('2534540','20180312','1'),
('2534540','20180313','1'),
('2534540','20180315','1'),
('2534540','20180316','1'),
('2534540','20180319','1'),
('2534540','20180320','1'),
('2534540','20180322','1'),
('2534540','20180323','1'),
('2534540','20180326','1'),
('2534540','20180327','1'),
('2534540','20180329','1'),
('2534540','20180330','1'),
('2534541','20171226','1'),
('2534541','20171227','1'),
('2534541','20171228','1'),
('2534541','20171229','1'),
('2534541','20180102','1'),
('2534541','20180103','1'),
('2534541','20180104','1'),
('2534541','20180105','1'),
('2534541','20180219','1'),
('2534541','20180220','1'),
('2534541','20180221','1'),
('2534541','20180222','1'),
('2534541','20180223','1'),
('2534541','20180226','1'),
('2534541','20180227','1'),
('2534541','20180228','1'),
('2534541','20180301','1'),
('2534541','20180302','1');
INSERT INTO routes (route_id,agency_id,route_short_name,route_long_name,route_desc,route_type,route_url,route_color,route_text_color) VALUES
('1414429','100','574','TUC (VAN GOGH <-> CAILLOUX) - Retour','','3','','FFFFFF','000000'),
('1788044','100','574','TUC (RUE MARTRE - MAIRIE DE CLICHY <-> RUE MARTRE - MAIRIE DE CLICHY.) - Aller','','3','','FFFFFF','000000'),
('1788045','100','574','TUC (RUE MARTRE - MAIRIE DE CLICHY <-> RUE MARTRE - MAIRIE DE CLICHY.) - Retour','','3','','FFFFFF','000000');
INSERT INTO agency (agency_id,agency_name,agency_url,agency_timezone,agency_lang,agency_phone) VALUES
('100','RATP (100)','http://www.ratp.fr/','CET','','');
INSERT INTO trips (route_id,service_id,trip_id,trip_headsign,trip_short_name,direction_id,shape_id) VALUES
('1414429','2534540','125345401408157','','1','1',''),
('1414429','2534540','225345401408157','','2','1',''),
('1788044','2534541','1025345410939968','','10','0',''),
('1788044','2534542','1025345420939968','','10','0',''),
('1788044','2534543','1025345430939968','','10','0',''),
('1788044','2534544','1025345440939968','','10','0',''),
('1788044','2534541','1125345410939968','','11','0',''),
('1788044','2534542','1125345420939968','','11','0',''),
('1788044','2534543','1125345430939968','','11','0',''),
('1788044','2534544','1125345440939968','','11','0',''),
('1788044','2534541','1225345410939968','','12','0',''),
('1788044','2534542','1225345420939968','','12','0',''),
('1788044','2534543','1225345430939968','','12','0',''),
('1788044','2534544','1225345440939968','','12','0',''),
('1788044','2534541','125345410939968','','1','0',''),
('1788044','2534542','125345420939968','','1','0',''),
('1788044','2534543','125345430939968','','1','0',''),
('1788044','2534544','125345440939968','','1','0',''),
('1788044','2534541','1325345410939968','','13','0',''),
('1788044','2534542','1325345420939968','','13','0',''),
('1788044','2534543','1325345430939968','','13','0',''),
('1788044','2534544','1325345440939968','','13','0',''),
('1788044','2534541','1425345410939968','','14','0',''),
('1788044','2534542','1425345420939968','','14','0',''),
('1788044','2534543','1425345430939968','','14','0',''),
('1788044','2534544','1425345440939968','','14','0',''),
('1788044','2534541','1525345410939968','','15','0',''),
('1788044','2534542','1525345420939968','','15','0',''),
('1788044','2534543','1525345430939968','','15','0',''),
('1788044','2534544','1525345440939968','','15','0',''),
('1788044','2534541','1625345410939968','','16','0',''),
('1788044','2534542','1625345420939968','','16','0',''),
('1788044','2534543','1625345430939968','','16','0',''),
('1788044','2534544','1625345440939968','','16','0',''),
('1788044','2534541','1725345410939968','','17','0',''),
('1788044','2534542','1725345420939968','','17','0',''),
('1788044','2534543','1725345430939968','','17','0',''),
('1788044','2534544','1725345440939968','','17','0',''),
('1788044','2534541','1825345410939968','','18','0',''),
('1788044','2534542','1825345420939968','','18','0',''),
('1788044','2534543','1825345430939968','','18','0',''),
('1788044','2534544','1825345440939968','','18','0',''),
('1788044','2534541','225345410939968','','2','0',''),
('1788044','2534542','225345420939968','','2','0',''),
('1788044','2534543','225345430939968','','2','0',''),
('1788044','2534544','225345440939968','','2','0',''),
('1788044','2534541','325345410939968','','3','0',''),
('1788044','2534542','325345420939968','','3','0',''),
('1788044','2534543','325345430939968','','3','0',''),
('1788044','2534544','325345440939968','','3','0',''),
('1788044','2534541','425345410939968','','4','0',''),
('1788044','2534542','425345420939968','','4','0',''),
('1788044','2534543','425345430939968','','4','0',''),
('1788044','2534544','425345440939968','','4','0',''),
('1788044','2534541','525345410939968','','5','0',''),
('1788044','2534542','525345420939968','','5','0',''),
('1788044','2534543','525345430939968','','5','0',''),
('1788044','2534544','525345440939968','','5','0',''),
('1788044','2534541','625345410939968','','6','0',''),
('1788044','2534542','625345420939968','','6','0',''),
('1788044','2534543','625345430939968','','6','0',''),
('1788044','2534544','625345440939968','','6','0',''),
('1788044','2534541','725345410939968','','7','0',''),
('1788044','2534542','725345420939968','','7','0',''),
('1788044','2534543','725345430939968','','7','0',''),
('1788044','2534544','725345440939968','','7','0',''),
('1788044','2534541','825345410939968','','8','0',''),
('1788044','2534542','825345420939968','','8','0',''),
('1788044','2534543','825345430939968','','8','0',''),
('1788044','2534544','825345440939968','','8','0',''),
('1788044','2534541','925345410939968','','9','0',''),
('1788044','2534542','925345420939968','','9','0',''),
('1788044','2534543','925345430939968','','9','0',''),
('1788044','2534544','925345440939968','','9','0',''),
('1788045','2534541','1025345411428070','','10','1',''),
('1788045','2534542','1025345421428070','','10','1',''),
('1788045','2534543','1025345431428070','','10','1',''),
('1788045','2534544','1025345441428070','','10','1',''),
('1788045','2534541','1125345411428070','','11','1',''),
('1788045','2534542','1125345421428070','','11','1',''),
('1788045','2534543','1125345431428070','','11','1',''),
('1788045','2534544','1125345441428070','','11','1',''),
('1788045','2534541','1225345411428070','','12','1',''),
('1788045','2534542','1225345421428070','','12','1',''),
('1788045','2534543','1225345431428070','','12','1',''),
('1788045','2534544','1225345441428070','','12','1',''),
('1788045','2534541','125345411428070','','1','1',''),
('1788045','2534542','125345421428070','','1','1',''),
('1788045','2534543','125345431428070','','1','1',''),
('1788045','2534544','125345441428070','','1','1',''),
('1788045','2534541','1325345411428070','','13','1',''),
('1788045','2534542','1325345421428070','','13','1',''),
('1788045','2534543','1325345431428070','','13','1',''),
('1788045','2534544','1325345441428070','','13','1',''),
('1788045','2534541','1425345411428070','','14','1',''),
('1788045','2534542','1425345421428070','','14','1',''),
('1788045','2534543','1425345431428070','','14','1',''),
('1788045','2534544','1425345441428070','','14','1',''),
('1788045','2534541','1525345411428070','','15','1',''),
('1788045','2534542','1525345421428070','','15','1',''),
('1788045','2534543','1525345431428070','','15','1',''),
('1788045','2534544','1525345441428070','','15','1',''),
('1788045','2534541','1625345411428070','','16','1',''),
('1788045','2534542','1625345421428070','','16','1',''),
('1788045','2534543','1625345431428070','','16','1',''),
('1788045','2534544','1625345441428070','','16','1',''),
('1788045','2534541','1725345411428070','','17','1',''),
('1788045','2534542','1725345421428070','','17','1',''),
('1788045','2534543','1725345431428070','','17','1',''),
('1788045','2534544','1725345441428070','','17','1',''),
('1788045','2534541','1825345411428070','','18','1',''),
('1788045','2534542','1825345421428070','','18','1',''),
('1788045','2534543','1825345431428070','','18','1',''),
('1788045','2534544','1825345441428070','','18','1',''),
('1788045','2534541','225345411428070','','2','1',''),
('1788045','2534542','225345421428070','','2','1',''),
('1788045','2534543','225345431428070','','2','1',''),
('1788045','2534544','225345441428070','','2','1',''),
('1788045','2534541','325345411428070','','3','1',''),
('1788045','2534542','325345421428070','','3','1',''),
('1788045','2534543','325345431428070','','3','1',''),
('1788045','2534544','325345441428070','','3','1',''),
('1788045','2534541','425345411428070','','4','1',''),
('1788045','2534542','425345421428070','','4','1',''),
('1788045','2534543','425345431428070','','4','1',''),
('1788045','2534544','425345441428070','','4','1',''),
('1788045','2534541','525345411428070','','5','1',''),
('1788045','2534542','525345421428070','','5','1',''),
('1788045','2534543','525345431428070','','5','1',''),
('1788045','2534544','525345441428070','','5','1',''),
('1788045','2534541','625345411428070','','6','1',''),
('1788045','2534542','625345421428070','','6','1',''),
('1788045','2534543','625345431428070','','6','1',''),
('1788045','2534544','625345441428070','','6','1',''),
('1788045','2534541','725345411428070','','7','1',''),
('1788045','2534542','725345421428070','','7','1',''),
('1788045','2534543','725345431428070','','7','1',''),
('1788045','2534544','725345441428070','','7','1',''),
('1788045','2534541','825345411428070','','8','1',''),
('1788045','2534542','825345421428070','','8','1',''),
('1788045','2534543','825345431428070','','8','1',''),
('1788045','2534544','825345441428070','','8','1',''),
('1788045','2534541','925345411428070','','9','1',''),
('1788045','2534542','925345421428070','','9','1',''),
('1788045','2534543','925345431428070','','9','1',''),
('1788045','2534544','925345441428070','','9','1','');
INSERT INTO transfers (from_stop_id,to_stop_id,transfer_type,min_transfer_time) VALUES
('5821501','4017031','2','125'),
('4016093','5158086','2','72'),
('4016127','5121466','2','135'),
('4016113','1872','2','221'),
('4016036','4016106','2','71'),
('4016126','4016771','2','133'),
('4016126','4016772','2','126'),
('4016091','5158087','2','143'),
('4016122','4017030','2','72'),
('4016112','5158060','2','25'),
('4016091','4036833','2','143'),
('4016090','4036728','2','13'),
('4016113','5158087','2','130'),
('4016122','4017031','2','116'),
('4016087','4016114','2','131'),
('4677627','4016125','2','126'),
('4016091','1872','2','224'),
('4016025','4016112','2','130'),
('4016027','4016108','2','58'),
('4016027','4016109','2','58'),
('3765171','4016123','2','131'),
('4016025','4016113','2','130'),
('4016096','4016298','2','107'),
('4016096','4016299','2','85'),
('4016112','4036728','2','25'),
('4016114','4472758','2','112'),
('4016112','1872','2','221'),
('4016092','3749973','2','126'),
('4016106','3749972','2','25'),
('4016106','3749971','2','71'),
('4016095','4036730','2','118'),
('4016112','4036833','2','130'),
('5762011','4016109','2','129'),
('4016115','4016773','2','19'),
('5762011','4016108','2','129'),
('5762011','4016107','2','109'),
('4016038','4016092','2','126'),
('5821503','4016771','2','133'),
('5821503','4016772','2','126'),
('5081727','4016099','2','68'),
('4016113','5158060','2','25'),
('4016094','4036729','2','41'),
('4016095','4472778','2','94'),
('4016033','4016105','2','144'),
('4016093','4036832','2','72'),
('4016098','4016303','2','73'),
('4016113','3749975','2','130'),
('4016112','4017047','2','40'),
('4016098','4016302','2','92'),
('3765171','5821502','2','131'),
('4016114','5158059','2','112'),
('4016108','4472756','2','58'),
('4016108','4472757','2','129'),
('4016090','4036833','2','143'),
('4016095','4472761','2','118'),
('4016107','4472757','2','109'),
('4016095','5158085','2','94'),
('4016092','4016306','2','82'),
('5762017','4016114','2','131'),
('4016096','4758995','2','85'),
('4016096','4758994','2','136'),
('5762008','4016113','2','25'),
('4016113','4036728','2','25'),
('4016091','4017047','2','46'),
('5762008','4016112','2','25'),
('5762009','4016114','2','112'),
('4016128','4016775','2','69'),
('4016095','4016299','2','133'),
('4016113','4036833','2','130'),
('4016107','5158058','2','109'),
('4016091','4472780','2','143'),
('5081721','4016096','2','107'),
('5762010','4016090','2','143'),
('4016112','4472759','2','25'),
('5762010','4016091','2','143'),
('4016090','4472759','2','13'),
('5762010','4016112','2','130'),
('5762010','4016113','2','130'),
('4016112','3749975','2','130'),
('4016091','5158060','2','13'),
('5762018','4016094','2','41'),
('5821504','5121466','2','135'),
('4016100','4758993','2','90'),
('4016123','3749977','2','47'),
('4016112','5158087','2','130'),
('4016108','5158058','2','129'),
('4016108','5158057','2','58'),
('4016088','4016114','2','112'),
('4016113','4016780','2','40'),
('4016093','4017046','2','72'),
('4016090','4016780','2','46'),
('4016094','4472760','2','41'),
('4016090','2268','2','224'),
('4016090','4472780','2','143'),
('5821502','4017033','2','47'),
('4016030','4016114','2','131'),
('5821501','4017030','2','81'),
('4016025','4016091','2','143'),
('4016025','4016090','2','143'),
('4016094','5158061','2','41'),
('4016114','4036727','2','112'),
('4016100','4016786','2','64'),
('4016114','4016778','2','131'),
('5762007','4016093','2','72'),
('4016112','2268','2','221'),
('4016100','4016789','2','127'),
('4016109','5158057','2','58'),
('4016109','5158058','2','129'),
('4016100','3749960','2','57'),
('4016094','4017029','2','41'),
('4016100','3749961','2','53'),
('4016098','4758937','2','73'),
('4016114','5250729','2','112'),
('4016100','3749962','2','27'),
('4016125','4016771','2','12'),
('4016037','4016106','2','25'),
('4016113','2268','2','221'),
('4016113','4472759','2','25'),
('4016099','4016304','2','119'),
('4016108','4036725','2','58'),
('4016042','4016108','2','58'),
('4016105','4016310','2','133'),
('4016105','4016311','2','133'),
('4016096','5158085','2','13'),
('4016099','4016305','2','70'),
('4016108','4036726','2','129'),
('4016042','4016109','2','58'),
('4016089','4016107','2','118'),
('4016105','3749970','2','32'),
('5081726','4016097','2','133'),
('5081726','4016098','2','73'),
('4016090','5158087','2','143'),
('4016095','5158062','2','118'),
('4016099','4017023','2','119'),
('4016108','4016791','2','144'),
('4016095','4758995','2','133'),
('4016026','4016108','2','129'),
('4677628','4016126','2','27'),
('4016112','4472780','2','130'),
('4016026','4016107','2','109'),
('4016026','4016109','2','129'),
('4016090','1872','2','224'),
('4016113','4472780','2','130'),
('4016092','4017025','2','82'),
('4016091','2268','2','224'),
('5762012','4016108','2','58'),
('5081728','4016099','2','70'),
('5762012','4016109','2','58'),
('4016108','4016777','2','58'),
('4016100','4017021','2','64'),
('4016100','4017020','2','127'),
('5081725','4016098','2','92'),
('4016097','4016303','2','133'),
('4016040','4016091','2','143'),
('4016119','4017031','2','125'),
('4016119','4017030','2','81'),
('4016040','4016090','2','143'),
('4016092','4016782','2','82'),
('4016032','4016107','2','118'),
('4016091','4472759','2','13'),
('5821502','4016768','2','129'),
('4016120','4017031','2','122'),
('4016023','4016092','2','126'),
('5821502','4016767','2','105'),
('4016120','4017030','2','128'),
('5762008','4016090','2','13'),
('5762008','4016091','2','13'),
('4016096','4016301','2','136'),
('4016094','5419725','2','72'),
('4016107','3749985','2','118'),
('4016094','5419724','2','41'),
('5081722','4016095','2','133'),
('4016094','5419726','2','72'),
('5081722','4016096','2','85'),
('4016041','4016109','2','129'),
('4016040','4016113','2','130'),
('4016041','4016108','2','129'),
('4016040','4016112','2','130'),
('4016100','4758939','2','111'),
('4016109','4016791','2','144'),
('4016041','4016107','2','109'),
('4016090','4017047','2','46'),
('4016127','6449029','2','135'),
('4016090','5158060','2','13'),
('4016112','4016780','2','40'),
('5821502','3749977','2','47'),
('5821504','6449029','2','135'),
('4016106','4016309','2','71'),
('4016106','4016308','2','25'),
('4016113','4017047','2','40'),
('4016096','4036831','2','13'),
('5081724','4016096','2','136'),
('4016095','4036831','2','94'),
('5762019','4016095','2','118'),
('4016031','4016114','2','112'),
('4677630','5821504','2','18'),
('4016107','4036726','2','109'),
('4016099','4016784','2','119'),
('4016091','4036728','2','13'),
('4016123','4017033','2','47'),
('4677628','5821503','2','27'),
('4016034','4016105','2','144'),
('4016100','3749987','2','111'),
('4677630','4016127','2','18'),
('5762006','4016096','2','13'),
('4016109','4036726','2','129'),
('5762006','4016095','2','94'),
('4016109','4036725','2','58'),
('4016123','4016768','2','129'),
('4016123','4016767','2','105'),
('4016093','4472779','2','72'),
('4016097','4758937','2','133'),
('4016109','4472757','2','129'),
('4016109','4472756','2','58'),
('4016091','4016780','2','46'),
('4016096','4472778','2','13'),
('4016090','3749975','2','143'),
('4016109','4016777','2','58'),
('4016114','5250730','2','112'),
('4016091','3749975','2','143');
INSERT INTO stops (stop_id,stop_code,stop_name,stop_desc,stop_lat,stop_lon,location_type,parent_station) VALUES
('4016119','','CASTERES','27 RUE HENRI BARBUSSE - 92024','48.89880128124929','2.3031358073195363','0',''),
('4016118','','NEUILLY - CASTERES','39 RUE CASTERES - 92024','48.90048145362342','2.301703379352749','0',''),
('4016117','','PASTEUR','11 RUE FERDINAND BUISSON - 92024','48.901846740842636','2.2992623155967955','0',''),
('5821500','','CAILLOUX','FACE 13 RUE DES CAILLOUX - 92024','48.896357602165864','2.3061361372549865','0',''),
('5821502','','GARE DE CLICHY - LEVALLOIS','1 PLACE DU 8 MAI 1945 - 92044','48.89657982025513','2.297821332188748','0',''),
('5821501','','CASTERES','27 RUE HENRI BARBUSSE - 92024','48.89880128124929','2.3031358073195363','0',''),
('5821503','','RUE DES CHASSES','ROUTE D''ASNIERES - 92024','48.9011253545939','2.292310623720337','0',''),
('5821504','','QUAI DE CLICHY','34 ROUTE D''ASNIERES - 92024','48.903146582104675','2.2900595348789694','0',''),
('5821505','','VAN GOGH','2 RUE PAUL DUPONT - 92024','48.904010896001374','2.294162149687809','0',''),
('4016115','','FOURNIER','25 RUE PIERRE BEREGOVOY - 92024','48.904129378994135','2.299001622621233','0',''),
('4016116','','PISCINE','RUE VALITON - 92024','48.90281670085778','2.297284928151246','0',''),
('4016113','','RUE MARTRE - MAIRIE DE CLICHY.','90 RUE MARTRE - 92024','48.90338549673289','2.3060228575188226','0',''),
('4016114','','ANCIENNE MAIRIE DE CLICHY','13 RUE DE L''ANCIENNE MAIRIE - 92024','48.903312709927555','2.302792027282539','0',''),
('4016111','','DANIELLE CASANOVA','FACE 104 BOULEVARD JEAN JAURES - 92024','48.904588740903876','2.302327666250047','0',''),
('4016112','','RUE MARTRE - MAIRIE DE CLICHY.','90 RUE MARTRE - 92024','48.90338549673289','2.3060228575188226','0',''),
('4016110','','DANIELLE CASANOVA','FACE 104 BOULEVARD JEAN JAURES - 92024','48.904588740903876','2.302327666250047','0',''),
('4016128','','RUE DU PORT','27 RUE FOURNIER - 92024','48.906070014499605','2.2972551523114686','0',''),
('4016107','','QUARTIER NORD','RUE LEON BLUM - 92024','48.90822868437015','2.302952361523236','0',''),
('4016106','','HOPITAL BEAUJON','1 PLACE JULES VERNE - 92024','48.90889483249582','2.3070420751740435','0',''),
('4016109','','GABRIEL PERI','133 BOULEVARD JEAN JAURES - 92024','48.90619704877619','2.301058700163011','0',''),
('4016108','','GABRIEL PERI','133 BOULEVARD JEAN JAURES - 92024','48.90619704877619','2.301058700163011','0',''),
('4016099','','REPUBLIQUE - FRANCOIS MITTERRAND','4 R MADAME DE SANZILLON - 92024','48.903189579089386','2.3138752077338864','0',''),
('4016098','','MAISON DU PEUPLE','FACE 5 RUE D''ALSACE - 92024','48.90063734339747','2.314394362882737','0',''),
('4016091','','RUE MARTRE - MAIRIE DE CLICHY','90 RUE MARTRE - 92024','48.90327767307185','2.306104716732455','0',''),
('4016120','','CIMETIERE SUD','FACE 22 RUE CHANCE MILLY - 92024','48.89731842863702','2.3032185684011117','0',''),
('4016121','','CAILLOUX','FACE 13 RUE DES CAILLOUX - 92024','48.896357602165864','2.3061361372549865','0',''),
('4016090','','RUE MARTRE - MAIRIE DE CLICHY','90 RUE MARTRE - 92024','48.90327767307185','2.306104716732455','0',''),
('5794239','','RUE DES TROIS PAVILLONS','17 RUE DES 3 PAVILLONS - 92024','48.91152981895809','2.3151803601377994','0',''),
('4016122','','CASTERES.','27 RUE HENRI BARBUSSE - 92024','48.898756310466794','2.303013156292897','0',''),
('4016093','','THEATRE RUTEBEUF - HOPITAL GOUIN','11 ALLEE LEON GAMBETTA - 92024','48.90180436927663','2.3084094075392527','0',''),
('4016123','','GARE DE CLICHY - LEVALLOIS','1 PLACE DU 8 MAI 1945 - 92044','48.89657982025513','2.297821332188748','0',''),
('4016092','','GENERAL LECLERC - VILLENEUVE-HOPITAL BEAUJON','71 BIS BOULEVARD DU GENERAL LECLERC - 92024','48.905121060238216','2.310357059527946','0',''),
('4016105','','CLAUDE DEBUSSY','19 AVENUE CLAUDE DEBUSSY - 92024','48.90992896434792','2.3096046868542586','0',''),
('4016124','','RUE DE NEUILLY','5 R DE NEUILLY - 92024','48.899149773260554','2.2967288737434712','0',''),
('4016095','','EMILE ROUX','12 RUE DU DOCTEUR EMILE ROUX - 92024','48.898200635177055','2.308820344479695','0',''),
('4016125','','RUE PETIT','FACE 10 RUE PIERRE BEREGOVOY - 92024','48.90149450534568','2.294150610420458','0',''),
('4016094','','HENRI BARBUSSE - JEAN JAURES','53 BOULEVARD JEAN JAURES - 92024','48.900383733945446','2.305752034473139','0',''),
('4016126','','RUE DES CHASSES','ROUTE D''ASNIERES - 92024','48.9011253545939','2.292310623720337','0',''),
('4016097','','DISPENSAIRE','60 BOULEVARD VICTOR HUGO - 92024','48.899648734835466','2.314258484833468','0',''),
('4016100','','GEORGES BOISSEAU','42-44 RUE MADAME DE SANZILLON - 92024','48.903522848561984','2.3180602148539173','0',''),
('4016127','','QUAI DE CLICHY','34 ROUTE D''ASNIERES - 92024','48.903146582104675','2.2900595348789694','0',''),
('4016096','','VICTOR HUGO','1 RUE MARTRE - 92024','48.89855149048615','2.310360469358215','0',''),
('4016101','','PARC MOZART','4 RUE OLOF PALME - 92024','48.906892952931145','2.3177590333454012','0','');
