INSERT INTO stop_times (trip_id,arrival_time,departure_time,stop_id,stop_sequence,stop_headsign,shape_dist_traveled) VALUES
('125009981670508','10:11:00','10:11:00','3616880','1','',''),
('125009981670508','10:12:00','10:12:00','3616881','2','',''),
('125009981670508','10:12:00','10:12:00','3616882','3','',''),
('125009981670508','10:13:00','10:13:00','3616883','4','',''),
('125009981670508','10:16:00','10:16:00','3616884','5','',''),
('125009981670508','10:17:00','10:17:00','3616885','6','',''),
('125009981670508','10:18:00','10:18:00','3616886','7','',''),
('125009981670508','10:19:00','10:19:00','3616887','8','',''),
('225009981670508','10:21:00','10:21:00','3616880','1','',''),
('225009981670508','10:22:00','10:22:00','3616881','2','',''),
('225009981670508','10:22:00','10:22:00','3616882','3','',''),
('225009981670508','10:23:00','10:23:00','3616883','4','',''),
('225009981670508','10:26:00','10:26:00','3616884','5','',''),
('225009981670508','10:27:00','10:27:00','3616885','6','',''),
('225009981670508','10:28:00','10:28:00','3616886','7','',''),
('225009981670508','10:29:00','10:29:00','3616887','8','',''),
('325009981670508','10:37:00','10:37:00','3616880','1','',''),
('325009981670508','10:38:00','10:38:00','3616881','2','',''),
('325009981670508','10:38:00','10:38:00','3616882','3','',''),
('325009981670508','10:39:00','10:39:00','3616883','4','',''),
('325009981670508','10:42:00','10:42:00','3616884','5','',''),
('325009981670508','10:43:00','10:43:00','3616885','6','',''),
('325009981670508','10:44:00','10:44:00','3616886','7','',''),
('325009981670508','10:45:00','10:45:00','3616887','8','',''),
('425009981670508','18:21:00','18:21:00','3616880','1','',''),
('425009981670508','18:22:00','18:22:00','3616881','2','',''),
('425009981670508','18:22:00','18:22:00','3616882','3','',''),
('425009981670508','18:23:00','18:23:00','3616883','4','',''),
('425009981670508','18:26:00','18:26:00','3616884','5','',''),
('425009981670508','18:27:00','18:27:00','3616885','6','',''),
('425009981670508','18:28:00','18:28:00','3616886','7','',''),
('425009981670508','18:29:00','18:29:00','3616887','8','',''),
('525009981670508','18:31:00','18:31:00','3616880','1','',''),
('525009981670508','18:32:00','18:32:00','3616881','2','',''),
('525009981670508','18:32:00','18:32:00','3616882','3','',''),
('525009981670508','18:33:00','18:33:00','3616883','4','',''),
('525009981670508','18:36:00','18:36:00','3616884','5','',''),
('525009981670508','18:37:00','18:37:00','3616885','6','',''),
('525009981670508','18:38:00','18:38:00','3616886','7','',''),
('525009981670508','18:39:00','18:39:00','3616887','8','',''),
('625009981670508','19:01:00','19:01:00','3616880','1','',''),
('625009981670508','19:02:00','19:02:00','3616881','2','',''),
('625009981670508','19:02:00','19:02:00','3616882','3','',''),
('625009981670508','19:03:00','19:03:00','3616883','4','',''),
('625009981670508','19:06:00','19:06:00','3616884','5','',''),
('625009981670508','19:07:00','19:07:00','3616885','6','',''),
('625009981670508','19:08:00','19:08:00','3616886','7','',''),
('625009981670508','19:09:00','19:09:00','3616887','8','',''),
('725009981670508','19:43:00','19:43:00','3616880','1','',''),
('725009981670508','19:44:00','19:44:00','3616881','2','',''),
('725009981670508','19:44:00','19:44:00','3616882','3','',''),
('725009981670508','19:45:00','19:45:00','3616883','4','',''),
('725009981670508','19:48:00','19:48:00','3616884','5','',''),
('725009981670508','19:49:00','19:49:00','3616885','6','',''),
('725009981670508','19:50:00','19:50:00','3616886','7','',''),
('725009981670508','19:51:00','19:51:00','3616887','8','',''),
('825009981670508','20:44:00','20:44:00','3616880','1','',''),
('825009981670508','20:45:00','20:45:00','3616881','2','',''),
('825009981670508','20:45:00','20:45:00','3616882','3','',''),
('825009981670508','20:46:00','20:46:00','3616883','4','',''),
('825009981670508','20:49:00','20:49:00','3616884','5','',''),
('825009981670508','20:50:00','20:50:00','3616885','6','',''),
('825009981670508','20:51:00','20:51:00','3616886','7','',''),
('825009981670508','20:52:00','20:52:00','3616887','8','',''),
('1025009971670507','08:32:00','08:32:00','3616865','1','',''),
('1025009971670507','08:33:00','08:33:00','3616867','2','',''),
('1025009971670507','08:34:00','08:34:00','3616869','3','',''),
('1025009971670507','08:36:00','08:36:00','3616870','4','',''),
('1025009971670507','08:37:00','08:37:00','3616872','5','',''),
('1025009971670507','08:38:00','08:38:00','3616874','6','',''),
('1025009971670507','08:40:00','08:40:00','3616876','7','',''),
('1125009971670507','08:37:00','08:37:00','3616865','1','',''),
('1125009971670507','08:38:00','08:38:00','3616867','2','',''),
('1125009971670507','08:39:00','08:39:00','3616869','3','',''),
('1125009971670507','08:41:00','08:41:00','3616870','4','',''),
('1125009971670507','08:42:00','08:42:00','3616872','5','',''),
('1125009971670507','08:43:00','08:43:00','3616874','6','',''),
('1125009971670507','08:45:00','08:45:00','3616876','7','',''),
('1225009971670507','08:42:00','08:42:00','3616865','1','',''),
('1225009971670507','08:43:00','08:43:00','3616867','2','',''),
('1225009971670507','08:44:00','08:44:00','3616869','3','',''),
('1225009971670507','08:46:00','08:46:00','3616870','4','',''),
('1225009971670507','08:47:00','08:47:00','3616872','5','',''),
('1225009971670507','08:48:00','08:48:00','3616874','6','',''),
('1225009971670507','08:50:00','08:50:00','3616876','7','',''),
('125009971670507','07:28:00','07:28:00','3616865','1','',''),
('125009971670507','07:29:00','07:29:00','3616867','2','',''),
('125009971670507','07:30:00','07:30:00','3616869','3','',''),
('125009971670507','07:32:00','07:32:00','3616870','4','',''),
('125009971670507','07:33:00','07:33:00','3616872','5','',''),
('125009971670507','07:34:00','07:34:00','3616874','6','',''),
('125009971670507','07:36:00','07:36:00','3616876','7','',''),
('1325009971670507','08:47:00','08:47:00','3616865','1','',''),
('1325009971670507','08:48:00','08:48:00','3616867','2','',''),
('1325009971670507','08:49:00','08:49:00','3616869','3','',''),
('1325009971670507','08:51:00','08:51:00','3616870','4','',''),
('1325009971670507','08:52:00','08:52:00','3616872','5','',''),
('1325009971670507','08:53:00','08:53:00','3616874','6','',''),
('1325009971670507','08:55:00','08:55:00','3616876','7','',''),
('1425009971670507','08:52:00','08:52:00','3616865','1','',''),
('1425009971670507','08:53:00','08:53:00','3616867','2','',''),
('1425009971670507','08:54:00','08:54:00','3616869','3','',''),
('1425009971670507','08:56:00','08:56:00','3616870','4','',''),
('1425009971670507','08:57:00','08:57:00','3616872','5','',''),
('1425009971670507','08:58:00','08:58:00','3616874','6','',''),
('1425009971670507','09:00:00','09:00:00','3616876','7','',''),
('1525009971670507','08:57:00','08:57:00','3616865','1','',''),
('1525009971670507','08:58:00','08:58:00','3616867','2','',''),
('1525009971670507','08:59:00','08:59:00','3616869','3','',''),
('1525009971670507','09:01:00','09:01:00','3616870','4','',''),
('1525009971670507','09:02:00','09:02:00','3616872','5','',''),
('1525009971670507','09:03:00','09:03:00','3616874','6','',''),
('1525009971670507','09:05:00','09:05:00','3616876','7','',''),
('1625009971670507','09:02:00','09:02:00','3616865','1','',''),
('1625009971670507','09:03:00','09:03:00','3616867','2','',''),
('1625009971670507','09:04:00','09:04:00','3616869','3','',''),
('1625009971670507','09:06:00','09:06:00','3616870','4','',''),
('1625009971670507','09:07:00','09:07:00','3616872','5','',''),
('1625009971670507','09:08:00','09:08:00','3616874','6','',''),
('1625009971670507','09:10:00','09:10:00','3616876','7','',''),
('1725009971670507','09:07:00','09:07:00','3616865','1','',''),
('1725009971670507','09:08:00','09:08:00','3616867','2','',''),
('1725009971670507','09:09:00','09:09:00','3616869','3','',''),
('1725009971670507','09:11:00','09:11:00','3616870','4','',''),
('1725009971670507','09:12:00','09:12:00','3616872','5','',''),
('1725009971670507','09:13:00','09:13:00','3616874','6','',''),
('1725009971670507','09:15:00','09:15:00','3616876','7','',''),
('1825009971670507','09:12:00','09:12:00','3616865','1','',''),
('1825009971670507','09:13:00','09:13:00','3616867','2','',''),
('1825009971670507','09:14:00','09:14:00','3616869','3','',''),
('1825009971670507','09:16:00','09:16:00','3616870','4','',''),
('1825009971670507','09:17:00','09:17:00','3616872','5','',''),
('1825009971670507','09:18:00','09:18:00','3616874','6','',''),
('1825009971670507','09:20:00','09:20:00','3616876','7','',''),
('1925009971670507','09:17:00','09:17:00','3616865','1','',''),
('1925009971670507','09:18:00','09:18:00','3616867','2','',''),
('1925009971670507','09:19:00','09:19:00','3616869','3','',''),
('1925009971670507','09:21:00','09:21:00','3616870','4','',''),
('1925009971670507','09:22:00','09:22:00','3616872','5','',''),
('1925009971670507','09:23:00','09:23:00','3616874','6','',''),
('1925009971670507','09:25:00','09:25:00','3616876','7','',''),
('2025009971670507','09:22:00','09:22:00','3616865','1','',''),
('2025009971670507','09:23:00','09:23:00','3616867','2','',''),
('2025009971670507','09:24:00','09:24:00','3616869','3','',''),
('2025009971670507','09:26:00','09:26:00','3616870','4','',''),
('2025009971670507','09:27:00','09:27:00','3616872','5','',''),
('2025009971670507','09:28:00','09:28:00','3616874','6','',''),
('2025009971670507','09:30:00','09:30:00','3616876','7','',''),
('2125009971670507','09:27:00','09:27:00','3616865','1','',''),
('2125009971670507','09:28:00','09:28:00','3616867','2','',''),
('2125009971670507','09:29:00','09:29:00','3616869','3','',''),
('2125009971670507','09:31:00','09:31:00','3616870','4','',''),
('2125009971670507','09:32:00','09:32:00','3616872','5','',''),
('2125009971670507','09:33:00','09:33:00','3616874','6','',''),
('2125009971670507','09:35:00','09:35:00','3616876','7','',''),
('2225009971670507','09:32:00','09:32:00','3616865','1','',''),
('2225009971670507','09:33:00','09:33:00','3616867','2','',''),
('2225009971670507','09:34:00','09:34:00','3616869','3','',''),
('2225009971670507','09:36:00','09:36:00','3616870','4','',''),
('2225009971670507','09:37:00','09:37:00','3616872','5','',''),
('2225009971670507','09:38:00','09:38:00','3616874','6','',''),
('2225009971670507','09:40:00','09:40:00','3616876','7','',''),
('225009971670507','07:40:00','07:40:00','3616865','1','',''),
('225009971670507','07:41:00','07:41:00','3616867','2','',''),
('225009971670507','07:42:00','07:42:00','3616869','3','',''),
('225009971670507','07:44:00','07:44:00','3616870','4','',''),
('225009971670507','07:45:00','07:45:00','3616872','5','',''),
('225009971670507','07:46:00','07:46:00','3616874','6','',''),
('225009971670507','07:48:00','07:48:00','3616876','7','',''),
('2325009971670507','09:37:00','09:37:00','3616865','1','',''),
('2325009971670507','09:38:00','09:38:00','3616867','2','',''),
('2325009971670507','09:39:00','09:39:00','3616869','3','',''),
('2325009971670507','09:41:00','09:41:00','3616870','4','',''),
('2325009971670507','09:42:00','09:42:00','3616872','5','',''),
('2325009971670507','09:43:00','09:43:00','3616874','6','',''),
('2325009971670507','09:45:00','09:45:00','3616876','7','',''),
('2425009971670507','09:42:00','09:42:00','3616865','1','',''),
('2425009971670507','09:43:00','09:43:00','3616867','2','',''),
('2425009971670507','09:44:00','09:44:00','3616869','3','',''),
('2425009971670507','09:46:00','09:46:00','3616870','4','',''),
('2425009971670507','09:47:00','09:47:00','3616872','5','',''),
('2425009971670507','09:48:00','09:48:00','3616874','6','',''),
('2425009971670507','09:50:00','09:50:00','3616876','7','',''),
('2525009971670507','09:47:00','09:47:00','3616865','1','',''),
('2525009971670507','09:48:00','09:48:00','3616867','2','',''),
('2525009971670507','09:49:00','09:49:00','3616869','3','',''),
('2525009971670507','09:51:00','09:51:00','3616870','4','',''),
('2525009971670507','09:52:00','09:52:00','3616872','5','',''),
('2525009971670507','09:53:00','09:53:00','3616874','6','',''),
('2525009971670507','09:55:00','09:55:00','3616876','7','',''),
('2625009971670507','09:52:00','09:52:00','3616865','1','',''),
('2625009971670507','09:53:00','09:53:00','3616867','2','',''),
('2625009971670507','09:54:00','09:54:00','3616869','3','',''),
('2625009971670507','09:56:00','09:56:00','3616870','4','',''),
('2625009971670507','09:57:00','09:57:00','3616872','5','',''),
('2625009971670507','09:58:00','09:58:00','3616874','6','',''),
('2625009971670507','10:00:00','10:00:00','3616876','7','',''),
('2725009971670507','09:57:00','09:57:00','3616865','1','',''),
('2725009971670507','09:58:00','09:58:00','3616867','2','',''),
('2725009971670507','09:59:00','09:59:00','3616869','3','',''),
('2725009971670507','10:01:00','10:01:00','3616870','4','',''),
('2725009971670507','10:02:00','10:02:00','3616872','5','',''),
('2725009971670507','10:03:00','10:03:00','3616874','6','',''),
('2725009971670507','10:05:00','10:05:00','3616876','7','',''),
('2825009971670507','10:02:00','10:02:00','3616865','1','',''),
('2825009971670507','10:03:00','10:03:00','3616867','2','',''),
('2825009971670507','10:04:00','10:04:00','3616869','3','',''),
('2825009971670507','10:06:00','10:06:00','3616870','4','',''),
('2825009971670507','10:07:00','10:07:00','3616872','5','',''),
('2825009971670507','10:08:00','10:08:00','3616874','6','',''),
('2825009971670507','10:10:00','10:10:00','3616876','7','',''),
('2925009971670507','10:07:00','10:07:00','3616865','1','',''),
('2925009971670507','10:08:00','10:08:00','3616867','2','',''),
('2925009971670507','10:09:00','10:09:00','3616869','3','',''),
('2925009971670507','10:11:00','10:11:00','3616870','4','',''),
('2925009971670507','10:12:00','10:12:00','3616872','5','',''),
('2925009971670507','10:13:00','10:13:00','3616874','6','',''),
('2925009971670507','10:15:00','10:15:00','3616876','7','',''),
('3025009971670507','10:12:00','10:12:00','3616865','1','',''),
('3025009971670507','10:13:00','10:13:00','3616867','2','',''),
('3025009971670507','10:14:00','10:14:00','3616869','3','',''),
('3025009971670507','10:16:00','10:16:00','3616870','4','',''),
('3025009971670507','10:17:00','10:17:00','3616872','5','',''),
('3025009971670507','10:18:00','10:18:00','3616874','6','',''),
('3025009971670507','10:20:00','10:20:00','3616876','7','',''),
('3125009971670507','10:18:00','10:18:00','3616865','1','',''),
('3125009971670507','10:19:00','10:19:00','3616867','2','',''),
('3125009971670507','10:20:00','10:20:00','3616869','3','',''),
('3125009971670507','10:22:00','10:22:00','3616870','4','',''),
('3125009971670507','10:23:00','10:23:00','3616872','5','',''),
('3125009971670507','10:24:00','10:24:00','3616874','6','',''),
('3125009971670507','10:26:00','10:26:00','3616876','7','',''),
('3225009971670507','10:26:00','10:26:00','3616865','1','',''),
('3225009971670507','10:27:00','10:27:00','3616867','2','',''),
('3225009971670507','10:28:00','10:28:00','3616869','3','',''),
('3225009971670507','10:30:00','10:30:00','3616870','4','',''),
('3225009971670507','10:31:00','10:31:00','3616872','5','',''),
('3225009971670507','10:32:00','10:32:00','3616874','6','',''),
('3225009971670507','10:34:00','10:34:00','3616876','7','',''),
('325009971670507','07:52:00','07:52:00','3616865','1','',''),
('325009971670507','07:53:00','07:53:00','3616867','2','',''),
('325009971670507','07:54:00','07:54:00','3616869','3','',''),
('325009971670507','07:56:00','07:56:00','3616870','4','',''),
('325009971670507','07:57:00','07:57:00','3616872','5','',''),
('325009971670507','07:58:00','07:58:00','3616874','6','',''),
('325009971670507','08:00:00','08:00:00','3616876','7','',''),
('3325009971670507','10:36:00','10:36:00','3616865','1','',''),
('3325009971670507','10:37:00','10:37:00','3616867','2','',''),
('3325009971670507','10:38:00','10:38:00','3616869','3','',''),
('3325009971670507','10:40:00','10:40:00','3616870','4','',''),
('3325009971670507','10:41:00','10:41:00','3616872','5','',''),
('3325009971670507','10:42:00','10:42:00','3616874','6','',''),
('3325009971670507','10:44:00','10:44:00','3616876','7','',''),
('3425009971670507','10:46:00','10:46:00','3616865','1','',''),
('3425009971670507','10:47:00','10:47:00','3616867','2','',''),
('3425009971670507','10:48:00','10:48:00','3616869','3','',''),
('3425009971670507','10:50:00','10:50:00','3616870','4','',''),
('3425009971670507','10:51:00','10:51:00','3616872','5','',''),
('3425009971670507','10:52:00','10:52:00','3616874','6','',''),
('3425009971670507','10:54:00','10:54:00','3616876','7','',''),
('3525009971670507','11:00:00','11:00:00','3616865','1','',''),
('3525009971670507','11:01:00','11:01:00','3616867','2','',''),
('3525009971670507','11:02:00','11:02:00','3616869','3','',''),
('3525009971670507','11:04:00','11:04:00','3616870','4','',''),
('3525009971670507','11:05:00','11:05:00','3616872','5','',''),
('3525009971670507','11:06:00','11:06:00','3616874','6','',''),
('3525009971670507','11:08:00','11:08:00','3616876','7','',''),
('3625009971670507','11:15:00','11:15:00','3616865','1','',''),
('3625009971670507','11:16:00','11:16:00','3616867','2','',''),
('3625009971670507','11:17:00','11:17:00','3616869','3','',''),
('3625009971670507','11:19:00','11:19:00','3616870','4','',''),
('3625009971670507','11:20:00','11:20:00','3616872','5','',''),
('3625009971670507','11:21:00','11:21:00','3616874','6','',''),
('3625009971670507','11:23:00','11:23:00','3616876','7','',''),
('3725009971670507','11:30:00','11:30:00','3616865','1','',''),
('3725009971670507','11:31:00','11:31:00','3616867','2','',''),
('3725009971670507','11:32:00','11:32:00','3616869','3','',''),
('3725009971670507','11:34:00','11:34:00','3616870','4','',''),
('3725009971670507','11:35:00','11:35:00','3616872','5','',''),
('3725009971670507','11:36:00','11:36:00','3616874','6','',''),
('3725009971670507','11:38:00','11:38:00','3616876','7','',''),
('3825009971670507','11:45:00','11:45:00','3616865','1','',''),
('3825009971670507','11:46:00','11:46:00','3616867','2','',''),
('3825009971670507','11:47:00','11:47:00','3616869','3','',''),
('3825009971670507','11:49:00','11:49:00','3616870','4','',''),
('3825009971670507','11:50:00','11:50:00','3616872','5','',''),
('3825009971670507','11:51:00','11:51:00','3616874','6','',''),
('3825009971670507','11:53:00','11:53:00','3616876','7','',''),
('3925009971670507','12:00:00','12:00:00','3616865','1','',''),
('3925009971670507','12:01:00','12:01:00','3616867','2','',''),
('3925009971670507','12:02:00','12:02:00','3616869','3','',''),
('3925009971670507','12:04:00','12:04:00','3616870','4','',''),
('3925009971670507','12:05:00','12:05:00','3616872','5','',''),
('3925009971670507','12:06:00','12:06:00','3616874','6','',''),
('3925009971670507','12:08:00','12:08:00','3616876','7','',''),
('4025009971670507','12:15:00','12:15:00','3616865','1','',''),
('4025009971670507','12:16:00','12:16:00','3616867','2','',''),
('4025009971670507','12:17:00','12:17:00','3616869','3','',''),
('4025009971670507','12:19:00','12:19:00','3616870','4','',''),
('4025009971670507','12:20:00','12:20:00','3616872','5','',''),
('4025009971670507','12:21:00','12:21:00','3616874','6','',''),
('4025009971670507','12:23:00','12:23:00','3616876','7','',''),
('4125009971670507','12:30:00','12:30:00','3616865','1','',''),
('4125009971670507','12:31:00','12:31:00','3616867','2','',''),
('4125009971670507','12:32:00','12:32:00','3616869','3','',''),
('4125009971670507','12:34:00','12:34:00','3616870','4','',''),
('4125009971670507','12:35:00','12:35:00','3616872','5','',''),
('4125009971670507','12:36:00','12:36:00','3616874','6','',''),
('4125009971670507','12:38:00','12:38:00','3616876','7','',''),
('4225009971670507','12:45:00','12:45:00','3616865','1','',''),
('4225009971670507','12:46:00','12:46:00','3616867','2','',''),
('4225009971670507','12:47:00','12:47:00','3616869','3','',''),
('4225009971670507','12:49:00','12:49:00','3616870','4','',''),
('4225009971670507','12:50:00','12:50:00','3616872','5','',''),
('4225009971670507','12:51:00','12:51:00','3616874','6','',''),
('4225009971670507','12:53:00','12:53:00','3616876','7','',''),
('425009971670507','08:02:00','08:02:00','3616865','1','',''),
('425009971670507','08:03:00','08:03:00','3616867','2','',''),
('425009971670507','08:04:00','08:04:00','3616869','3','',''),
('425009971670507','08:06:00','08:06:00','3616870','4','',''),
('425009971670507','08:07:00','08:07:00','3616872','5','',''),
('425009971670507','08:08:00','08:08:00','3616874','6','',''),
('425009971670507','08:10:00','08:10:00','3616876','7','',''),
('4325009971670507','13:00:00','13:00:00','3616865','1','',''),
('4325009971670507','13:01:00','13:01:00','3616867','2','',''),
('4325009971670507','13:02:00','13:02:00','3616869','3','',''),
('4325009971670507','13:04:00','13:04:00','3616870','4','',''),
('4325009971670507','13:05:00','13:05:00','3616872','5','',''),
('4325009971670507','13:06:00','13:06:00','3616874','6','',''),
('4325009971670507','13:08:00','13:08:00','3616876','7','',''),
('4425009971670507','13:15:00','13:15:00','3616865','1','',''),
('4425009971670507','13:16:00','13:16:00','3616867','2','',''),
('4425009971670507','13:17:00','13:17:00','3616869','3','',''),
('4425009971670507','13:19:00','13:19:00','3616870','4','',''),
('4425009971670507','13:20:00','13:20:00','3616872','5','',''),
('4425009971670507','13:21:00','13:21:00','3616874','6','',''),
('4425009971670507','13:23:00','13:23:00','3616876','7','',''),
('4525009971670507','13:30:00','13:30:00','3616865','1','',''),
('4525009971670507','13:31:00','13:31:00','3616867','2','',''),
('4525009971670507','13:32:00','13:32:00','3616869','3','',''),
('4525009971670507','13:34:00','13:34:00','3616870','4','',''),
('4525009971670507','13:35:00','13:35:00','3616872','5','',''),
('4525009971670507','13:36:00','13:36:00','3616874','6','',''),
('4525009971670507','13:38:00','13:38:00','3616876','7','',''),
('4625009971670507','13:45:00','13:45:00','3616865','1','',''),
('4625009971670507','13:46:00','13:46:00','3616867','2','',''),
('4625009971670507','13:47:00','13:47:00','3616869','3','',''),
('4625009971670507','13:49:00','13:49:00','3616870','4','',''),
('4625009971670507','13:50:00','13:50:00','3616872','5','',''),
('4625009971670507','13:51:00','13:51:00','3616874','6','',''),
('4625009971670507','13:53:00','13:53:00','3616876','7','',''),
('4725009971670507','14:00:00','14:00:00','3616865','1','',''),
('4725009971670507','14:01:00','14:01:00','3616867','2','',''),
('4725009971670507','14:02:00','14:02:00','3616869','3','',''),
('4725009971670507','14:04:00','14:04:00','3616870','4','',''),
('4725009971670507','14:05:00','14:05:00','3616872','5','',''),
('4725009971670507','14:06:00','14:06:00','3616874','6','',''),
('4725009971670507','14:08:00','14:08:00','3616876','7','',''),
('4825009971670507','14:15:00','14:15:00','3616865','1','',''),
('4825009971670507','14:16:00','14:16:00','3616867','2','',''),
('4825009971670507','14:17:00','14:17:00','3616869','3','',''),
('4825009971670507','14:19:00','14:19:00','3616870','4','',''),
('4825009971670507','14:20:00','14:20:00','3616872','5','',''),
('4825009971670507','14:21:00','14:21:00','3616874','6','',''),
('4825009971670507','14:23:00','14:23:00','3616876','7','',''),
('4925009971670507','14:30:00','14:30:00','3616865','1','',''),
('4925009971670507','14:31:00','14:31:00','3616867','2','',''),
('4925009971670507','14:32:00','14:32:00','3616869','3','',''),
('4925009971670507','14:34:00','14:34:00','3616870','4','',''),
('4925009971670507','14:35:00','14:35:00','3616872','5','',''),
('4925009971670507','14:36:00','14:36:00','3616874','6','',''),
('4925009971670507','14:38:00','14:38:00','3616876','7','',''),
('5025009971670507','14:43:00','14:43:00','3616865','1','',''),
('5025009971670507','14:44:00','14:44:00','3616867','2','',''),
('5025009971670507','14:45:00','14:45:00','3616869','3','',''),
('5025009971670507','14:47:00','14:47:00','3616870','4','',''),
('5025009971670507','14:48:00','14:48:00','3616872','5','',''),
('5025009971670507','14:49:00','14:49:00','3616874','6','',''),
('5025009971670507','14:51:00','14:51:00','3616876','7','',''),
('5125009971670507','14:55:00','14:55:00','3616865','1','',''),
('5125009971670507','14:56:00','14:56:00','3616867','2','',''),
('5125009971670507','14:57:00','14:57:00','3616869','3','',''),
('5125009971670507','14:59:00','14:59:00','3616870','4','',''),
('5125009971670507','15:00:00','15:00:00','3616872','5','',''),
('5125009971670507','15:01:00','15:01:00','3616874','6','',''),
('5125009971670507','15:03:00','15:03:00','3616876','7','',''),
('5225009971670507','15:07:00','15:07:00','3616865','1','',''),
('5225009971670507','15:08:00','15:08:00','3616867','2','',''),
('5225009971670507','15:09:00','15:09:00','3616869','3','',''),
('5225009971670507','15:11:00','15:11:00','3616870','4','',''),
('5225009971670507','15:12:00','15:12:00','3616872','5','',''),
('5225009971670507','15:13:00','15:13:00','3616874','6','',''),
('5225009971670507','15:15:00','15:15:00','3616876','7','',''),
('525009971670507','08:07:00','08:07:00','3616865','1','',''),
('525009971670507','08:08:00','08:08:00','3616867','2','',''),
('525009971670507','08:09:00','08:09:00','3616869','3','',''),
('525009971670507','08:11:00','08:11:00','3616870','4','',''),
('525009971670507','08:12:00','08:12:00','3616872','5','',''),
('525009971670507','08:13:00','08:13:00','3616874','6','',''),
('525009971670507','08:15:00','08:15:00','3616876','7','',''),
('5325009971670507','15:18:00','15:18:00','3616865','1','',''),
('5325009971670507','15:19:00','15:19:00','3616867','2','',''),
('5325009971670507','15:20:00','15:20:00','3616869','3','',''),
('5325009971670507','15:22:00','15:22:00','3616870','4','',''),
('5325009971670507','15:23:00','15:23:00','3616872','5','',''),
('5325009971670507','15:24:00','15:24:00','3616874','6','',''),
('5325009971670507','15:26:00','15:26:00','3616876','7','',''),
('5425009971670507','15:25:00','15:25:00','3616865','1','',''),
('5425009971670507','15:26:00','15:26:00','3616867','2','',''),
('5425009971670507','15:27:00','15:27:00','3616869','3','',''),
('5425009971670507','15:29:00','15:29:00','3616870','4','',''),
('5425009971670507','15:30:00','15:30:00','3616872','5','',''),
('5425009971670507','15:31:00','15:31:00','3616874','6','',''),
('5425009971670507','15:33:00','15:33:00','3616876','7','',''),
('5525009971670507','15:32:00','15:32:00','3616865','1','',''),
('5525009971670507','15:33:00','15:33:00','3616867','2','',''),
('5525009971670507','15:34:00','15:34:00','3616869','3','',''),
('5525009971670507','15:36:00','15:36:00','3616870','4','',''),
('5525009971670507','15:37:00','15:37:00','3616872','5','',''),
('5525009971670507','15:38:00','15:38:00','3616874','6','',''),
('5525009971670507','15:40:00','15:40:00','3616876','7','',''),
('5625009971670507','15:39:00','15:39:00','3616865','1','',''),
('5625009971670507','15:40:00','15:40:00','3616867','2','',''),
('5625009971670507','15:41:00','15:41:00','3616869','3','',''),
('5625009971670507','15:43:00','15:43:00','3616870','4','',''),
('5625009971670507','15:44:00','15:44:00','3616872','5','',''),
('5625009971670507','15:45:00','15:45:00','3616874','6','',''),
('5625009971670507','15:47:00','15:47:00','3616876','7','',''),
('5725009971670507','15:46:00','15:46:00','3616865','1','',''),
('5725009971670507','15:47:00','15:47:00','3616867','2','',''),
('5725009971670507','15:48:00','15:48:00','3616869','3','',''),
('5725009971670507','15:50:00','15:50:00','3616870','4','',''),
('5725009971670507','15:51:00','15:51:00','3616872','5','',''),
('5725009971670507','15:52:00','15:52:00','3616874','6','',''),
('5725009971670507','15:54:00','15:54:00','3616876','7','',''),
('5825009971670507','15:53:00','15:53:00','3616865','1','',''),
('5825009971670507','15:54:00','15:54:00','3616867','2','',''),
('5825009971670507','15:55:00','15:55:00','3616869','3','',''),
('5825009971670507','15:57:00','15:57:00','3616870','4','',''),
('5825009971670507','15:58:00','15:58:00','3616872','5','',''),
('5825009971670507','15:59:00','15:59:00','3616874','6','',''),
('5825009971670507','16:01:00','16:01:00','3616876','7','',''),
('5925009971670507','16:00:00','16:00:00','3616865','1','',''),
('5925009971670507','16:01:00','16:01:00','3616867','2','',''),
('5925009971670507','16:02:00','16:02:00','3616869','3','',''),
('5925009971670507','16:04:00','16:04:00','3616870','4','',''),
('5925009971670507','16:05:00','16:05:00','3616872','5','',''),
('5925009971670507','16:06:00','16:06:00','3616874','6','',''),
('5925009971670507','16:08:00','16:08:00','3616876','7','',''),
('6025009971670507','16:07:00','16:07:00','3616865','1','',''),
('6025009971670507','16:08:00','16:08:00','3616867','2','',''),
('6025009971670507','16:09:00','16:09:00','3616869','3','',''),
('6025009971670507','16:11:00','16:11:00','3616870','4','',''),
('6025009971670507','16:12:00','16:12:00','3616872','5','',''),
('6025009971670507','16:13:00','16:13:00','3616874','6','',''),
('6025009971670507','16:15:00','16:15:00','3616876','7','',''),
('6125009971670507','16:12:00','16:12:00','3616865','1','',''),
('6125009971670507','16:13:00','16:13:00','3616867','2','',''),
('6125009971670507','16:14:00','16:14:00','3616869','3','',''),
('6125009971670507','16:16:00','16:16:00','3616870','4','',''),
('6125009971670507','16:17:00','16:17:00','3616872','5','',''),
('6125009971670507','16:18:00','16:18:00','3616874','6','',''),
('6125009971670507','16:20:00','16:20:00','3616876','7','',''),
('6225009971670507','16:17:00','16:17:00','3616865','1','',''),
('6225009971670507','16:18:00','16:18:00','3616867','2','',''),
('6225009971670507','16:19:00','16:19:00','3616869','3','',''),
('6225009971670507','16:21:00','16:21:00','3616870','4','',''),
('6225009971670507','16:22:00','16:22:00','3616872','5','',''),
('6225009971670507','16:23:00','16:23:00','3616874','6','',''),
('6225009971670507','16:25:00','16:25:00','3616876','7','',''),
('625009971670507','08:12:00','08:12:00','3616865','1','',''),
('625009971670507','08:13:00','08:13:00','3616867','2','',''),
('625009971670507','08:14:00','08:14:00','3616869','3','',''),
('625009971670507','08:16:00','08:16:00','3616870','4','',''),
('625009971670507','08:17:00','08:17:00','3616872','5','',''),
('625009971670507','08:18:00','08:18:00','3616874','6','',''),
('625009971670507','08:20:00','08:20:00','3616876','7','',''),
('6325009971670507','16:22:00','16:22:00','3616865','1','',''),
('6325009971670507','16:23:00','16:23:00','3616867','2','',''),
('6325009971670507','16:24:00','16:24:00','3616869','3','',''),
('6325009971670507','16:26:00','16:26:00','3616870','4','',''),
('6325009971670507','16:27:00','16:27:00','3616872','5','',''),
('6325009971670507','16:28:00','16:28:00','3616874','6','',''),
('6325009971670507','16:30:00','16:30:00','3616876','7','',''),
('6425009971670507','16:27:00','16:27:00','3616865','1','',''),
('6425009971670507','16:28:00','16:28:00','3616867','2','',''),
('6425009971670507','16:29:00','16:29:00','3616869','3','',''),
('6425009971670507','16:31:00','16:31:00','3616870','4','',''),
('6425009971670507','16:32:00','16:32:00','3616872','5','',''),
('6425009971670507','16:33:00','16:33:00','3616874','6','',''),
('6425009971670507','16:35:00','16:35:00','3616876','7','',''),
('6525009971670507','16:32:00','16:32:00','3616865','1','',''),
('6525009971670507','16:33:00','16:33:00','3616867','2','',''),
('6525009971670507','16:34:00','16:34:00','3616869','3','',''),
('6525009971670507','16:36:00','16:36:00','3616870','4','',''),
('6525009971670507','16:37:00','16:37:00','3616872','5','',''),
('6525009971670507','16:38:00','16:38:00','3616874','6','',''),
('6525009971670507','16:40:00','16:40:00','3616876','7','',''),
('6625009971670507','16:37:00','16:37:00','3616865','1','',''),
('6625009971670507','16:38:00','16:38:00','3616867','2','',''),
('6625009971670507','16:39:00','16:39:00','3616869','3','',''),
('6625009971670507','16:41:00','16:41:00','3616870','4','',''),
('6625009971670507','16:42:00','16:42:00','3616872','5','',''),
('6625009971670507','16:43:00','16:43:00','3616874','6','',''),
('6625009971670507','16:45:00','16:45:00','3616876','7','',''),
('6725009971670507','16:42:00','16:42:00','3616865','1','',''),
('6725009971670507','16:43:00','16:43:00','3616867','2','',''),
('6725009971670507','16:44:00','16:44:00','3616869','3','',''),
('6725009971670507','16:46:00','16:46:00','3616870','4','',''),
('6725009971670507','16:47:00','16:47:00','3616872','5','',''),
('6725009971670507','16:48:00','16:48:00','3616874','6','',''),
('6725009971670507','16:50:00','16:50:00','3616876','7','',''),
('6825009971670507','16:47:00','16:47:00','3616865','1','',''),
('6825009971670507','16:48:00','16:48:00','3616867','2','',''),
('6825009971670507','16:49:00','16:49:00','3616869','3','',''),
('6825009971670507','16:51:00','16:51:00','3616870','4','',''),
('6825009971670507','16:52:00','16:52:00','3616872','5','',''),
('6825009971670507','16:53:00','16:53:00','3616874','6','',''),
('6825009971670507','16:55:00','16:55:00','3616876','7','',''),
('6925009971670507','16:52:00','16:52:00','3616865','1','',''),
('6925009971670507','16:53:00','16:53:00','3616867','2','',''),
('6925009971670507','16:54:00','16:54:00','3616869','3','',''),
('6925009971670507','16:56:00','16:56:00','3616870','4','',''),
('6925009971670507','16:57:00','16:57:00','3616872','5','',''),
('6925009971670507','16:58:00','16:58:00','3616874','6','',''),
('6925009971670507','17:00:00','17:00:00','3616876','7','',''),
('7025009971670507','16:57:00','16:57:00','3616865','1','',''),
('7025009971670507','16:58:00','16:58:00','3616867','2','',''),
('7025009971670507','16:59:00','16:59:00','3616869','3','',''),
('7025009971670507','17:01:00','17:01:00','3616870','4','',''),
('7025009971670507','17:02:00','17:02:00','3616872','5','',''),
('7025009971670507','17:03:00','17:03:00','3616874','6','',''),
('7025009971670507','17:05:00','17:05:00','3616876','7','',''),
('7125009971670507','17:02:00','17:02:00','3616865','1','',''),
('7125009971670507','17:03:00','17:03:00','3616867','2','',''),
('7125009971670507','17:04:00','17:04:00','3616869','3','',''),
('7125009971670507','17:06:00','17:06:00','3616870','4','',''),
('7125009971670507','17:07:00','17:07:00','3616872','5','',''),
('7125009971670507','17:08:00','17:08:00','3616874','6','',''),
('7125009971670507','17:10:00','17:10:00','3616876','7','',''),
('7225009971670507','17:07:00','17:07:00','3616865','1','',''),
('7225009971670507','17:08:00','17:08:00','3616867','2','',''),
('7225009971670507','17:09:00','17:09:00','3616869','3','',''),
('7225009971670507','17:11:00','17:11:00','3616870','4','',''),
('7225009971670507','17:12:00','17:12:00','3616872','5','',''),
('7225009971670507','17:13:00','17:13:00','3616874','6','',''),
('7225009971670507','17:15:00','17:15:00','3616876','7','',''),
('725009971670507','08:17:00','08:17:00','3616865','1','',''),
('725009971670507','08:18:00','08:18:00','3616867','2','',''),
('725009971670507','08:19:00','08:19:00','3616869','3','',''),
('725009971670507','08:21:00','08:21:00','3616870','4','',''),
('725009971670507','08:22:00','08:22:00','3616872','5','',''),
('725009971670507','08:23:00','08:23:00','3616874','6','',''),
('725009971670507','08:25:00','08:25:00','3616876','7','',''),
('7325009971670507','17:12:00','17:12:00','3616865','1','',''),
('7325009971670507','17:13:00','17:13:00','3616867','2','',''),
('7325009971670507','17:14:00','17:14:00','3616869','3','',''),
('7325009971670507','17:16:00','17:16:00','3616870','4','',''),
('7325009971670507','17:17:00','17:17:00','3616872','5','',''),
('7325009971670507','17:18:00','17:18:00','3616874','6','',''),
('7325009971670507','17:20:00','17:20:00','3616876','7','',''),
('7425009971670507','17:17:00','17:17:00','3616865','1','',''),
('7425009971670507','17:18:00','17:18:00','3616867','2','',''),
('7425009971670507','17:19:00','17:19:00','3616869','3','',''),
('7425009971670507','17:21:00','17:21:00','3616870','4','',''),
('7425009971670507','17:22:00','17:22:00','3616872','5','',''),
('7425009971670507','17:23:00','17:23:00','3616874','6','',''),
('7425009971670507','17:25:00','17:25:00','3616876','7','',''),
('7525009971670507','17:22:00','17:22:00','3616865','1','',''),
('7525009971670507','17:23:00','17:23:00','3616867','2','',''),
('7525009971670507','17:24:00','17:24:00','3616869','3','',''),
('7525009971670507','17:26:00','17:26:00','3616870','4','',''),
('7525009971670507','17:27:00','17:27:00','3616872','5','',''),
('7525009971670507','17:28:00','17:28:00','3616874','6','',''),
('7525009971670507','17:30:00','17:30:00','3616876','7','',''),
('7625009971670507','17:27:00','17:27:00','3616865','1','',''),
('7625009971670507','17:28:00','17:28:00','3616867','2','',''),
('7625009971670507','17:29:00','17:29:00','3616869','3','',''),
('7625009971670507','17:31:00','17:31:00','3616870','4','',''),
('7625009971670507','17:32:00','17:32:00','3616872','5','',''),
('7625009971670507','17:33:00','17:33:00','3616874','6','',''),
('7625009971670507','17:35:00','17:35:00','3616876','7','',''),
('7725009971670507','17:32:00','17:32:00','3616865','1','',''),
('7725009971670507','17:33:00','17:33:00','3616867','2','',''),
('7725009971670507','17:34:00','17:34:00','3616869','3','',''),
('7725009971670507','17:36:00','17:36:00','3616870','4','',''),
('7725009971670507','17:37:00','17:37:00','3616872','5','',''),
('7725009971670507','17:38:00','17:38:00','3616874','6','',''),
('7725009971670507','17:40:00','17:40:00','3616876','7','',''),
('7825009971670507','17:37:00','17:37:00','3616865','1','',''),
('7825009971670507','17:38:00','17:38:00','3616867','2','',''),
('7825009971670507','17:39:00','17:39:00','3616869','3','',''),
('7825009971670507','17:41:00','17:41:00','3616870','4','',''),
('7825009971670507','17:42:00','17:42:00','3616872','5','',''),
('7825009971670507','17:43:00','17:43:00','3616874','6','',''),
('7825009971670507','17:45:00','17:45:00','3616876','7','',''),
('7925009971670507','17:42:00','17:42:00','3616865','1','',''),
('7925009971670507','17:43:00','17:43:00','3616867','2','',''),
('7925009971670507','17:44:00','17:44:00','3616869','3','',''),
('7925009971670507','17:46:00','17:46:00','3616870','4','',''),
('7925009971670507','17:47:00','17:47:00','3616872','5','',''),
('7925009971670507','17:48:00','17:48:00','3616874','6','',''),
('7925009971670507','17:50:00','17:50:00','3616876','7','',''),
('8025009971670507','17:47:00','17:47:00','3616865','1','',''),
('8025009971670507','17:48:00','17:48:00','3616867','2','',''),
('8025009971670507','17:49:00','17:49:00','3616869','3','',''),
('8025009971670507','17:51:00','17:51:00','3616870','4','',''),
('8025009971670507','17:52:00','17:52:00','3616872','5','',''),
('8025009971670507','17:53:00','17:53:00','3616874','6','',''),
('8025009971670507','17:55:00','17:55:00','3616876','7','',''),
('8125009971670507','17:52:00','17:52:00','3616865','1','',''),
('8125009971670507','17:53:00','17:53:00','3616867','2','',''),
('8125009971670507','17:54:00','17:54:00','3616869','3','',''),
('8125009971670507','17:56:00','17:56:00','3616870','4','',''),
('8125009971670507','17:57:00','17:57:00','3616872','5','',''),
('8125009971670507','17:58:00','17:58:00','3616874','6','',''),
('8125009971670507','18:00:00','18:00:00','3616876','7','',''),
('8225009971670507','17:57:00','17:57:00','3616865','1','',''),
('8225009971670507','17:58:00','17:58:00','3616867','2','',''),
('8225009971670507','17:59:00','17:59:00','3616869','3','',''),
('8225009971670507','18:01:00','18:01:00','3616870','4','',''),
('8225009971670507','18:02:00','18:02:00','3616872','5','',''),
('8225009971670507','18:03:00','18:03:00','3616874','6','',''),
('8225009971670507','18:05:00','18:05:00','3616876','7','',''),
('825009971670507','08:22:00','08:22:00','3616865','1','',''),
('825009971670507','08:23:00','08:23:00','3616867','2','',''),
('825009971670507','08:24:00','08:24:00','3616869','3','',''),
('825009971670507','08:26:00','08:26:00','3616870','4','',''),
('825009971670507','08:27:00','08:27:00','3616872','5','',''),
('825009971670507','08:28:00','08:28:00','3616874','6','',''),
('825009971670507','08:30:00','08:30:00','3616876','7','',''),
('8325009971670507','18:02:00','18:02:00','3616865','1','',''),
('8325009971670507','18:03:00','18:03:00','3616867','2','',''),
('8325009971670507','18:04:00','18:04:00','3616869','3','',''),
('8325009971670507','18:06:00','18:06:00','3616870','4','',''),
('8325009971670507','18:07:00','18:07:00','3616872','5','',''),
('8325009971670507','18:08:00','18:08:00','3616874','6','',''),
('8325009971670507','18:10:00','18:10:00','3616876','7','',''),
('8425009971670507','18:07:00','18:07:00','3616865','1','',''),
('8425009971670507','18:08:00','18:08:00','3616867','2','',''),
('8425009971670507','18:09:00','18:09:00','3616869','3','',''),
('8425009971670507','18:11:00','18:11:00','3616870','4','',''),
('8425009971670507','18:12:00','18:12:00','3616872','5','',''),
('8425009971670507','18:13:00','18:13:00','3616874','6','',''),
('8425009971670507','18:15:00','18:15:00','3616876','7','',''),
('8525009971670507','18:12:00','18:12:00','3616865','1','',''),
('8525009971670507','18:13:00','18:13:00','3616867','2','',''),
('8525009971670507','18:14:00','18:14:00','3616869','3','',''),
('8525009971670507','18:16:00','18:16:00','3616870','4','',''),
('8525009971670507','18:17:00','18:17:00','3616872','5','',''),
('8525009971670507','18:18:00','18:18:00','3616874','6','',''),
('8525009971670507','18:20:00','18:20:00','3616876','7','',''),
('8625009971670507','18:17:00','18:17:00','3616865','1','',''),
('8625009971670507','18:18:00','18:18:00','3616867','2','',''),
('8625009971670507','18:19:00','18:19:00','3616869','3','',''),
('8625009971670507','18:21:00','18:21:00','3616870','4','',''),
('8625009971670507','18:22:00','18:22:00','3616872','5','',''),
('8625009971670507','18:23:00','18:23:00','3616874','6','',''),
('8625009971670507','18:25:00','18:25:00','3616876','7','',''),
('8725009971670507','18:24:00','18:24:00','3616865','1','',''),
('8725009971670507','18:25:00','18:25:00','3616867','2','',''),
('8725009971670507','18:26:00','18:26:00','3616869','3','',''),
('8725009971670507','18:28:00','18:28:00','3616870','4','',''),
('8725009971670507','18:29:00','18:29:00','3616872','5','',''),
('8725009971670507','18:30:00','18:30:00','3616874','6','',''),
('8725009971670507','18:32:00','18:32:00','3616876','7','',''),
('8825009971670507','18:31:00','18:31:00','3616865','1','',''),
('8825009971670507','18:32:00','18:32:00','3616867','2','',''),
('8825009971670507','18:33:00','18:33:00','3616869','3','',''),
('8825009971670507','18:35:00','18:35:00','3616870','4','',''),
('8825009971670507','18:36:00','18:36:00','3616872','5','',''),
('8825009971670507','18:37:00','18:37:00','3616874','6','',''),
('8825009971670507','18:39:00','18:39:00','3616876','7','',''),
('8925009971670507','18:38:00','18:38:00','3616865','1','',''),
('8925009971670507','18:39:00','18:39:00','3616867','2','',''),
('8925009971670507','18:40:00','18:40:00','3616869','3','',''),
('8925009971670507','18:42:00','18:42:00','3616870','4','',''),
('8925009971670507','18:43:00','18:43:00','3616872','5','',''),
('8925009971670507','18:44:00','18:44:00','3616874','6','',''),
('8925009971670507','18:46:00','18:46:00','3616876','7','',''),
('9025009971670507','18:45:00','18:45:00','3616865','1','',''),
('9025009971670507','18:46:00','18:46:00','3616867','2','',''),
('9025009971670507','18:47:00','18:47:00','3616869','3','',''),
('9025009971670507','18:49:00','18:49:00','3616870','4','',''),
('9025009971670507','18:50:00','18:50:00','3616872','5','',''),
('9025009971670507','18:51:00','18:51:00','3616874','6','',''),
('9025009971670507','18:53:00','18:53:00','3616876','7','',''),
('9125009971670507','18:52:00','18:52:00','3616865','1','',''),
('9125009971670507','18:53:00','18:53:00','3616867','2','',''),
('9125009971670507','18:54:00','18:54:00','3616869','3','',''),
('9125009971670507','18:56:00','18:56:00','3616870','4','',''),
('9125009971670507','18:57:00','18:57:00','3616872','5','',''),
('9125009971670507','18:58:00','18:58:00','3616874','6','',''),
('9125009971670507','19:00:00','19:00:00','3616876','7','',''),
('9225009971670507','19:00:00','19:00:00','3616865','1','',''),
('9225009971670507','19:01:00','19:01:00','3616867','2','',''),
('9225009971670507','19:02:00','19:02:00','3616869','3','',''),
('9225009971670507','19:04:00','19:04:00','3616870','4','',''),
('9225009971670507','19:05:00','19:05:00','3616872','5','',''),
('9225009971670507','19:06:00','19:06:00','3616874','6','',''),
('9225009971670507','19:08:00','19:08:00','3616876','7','',''),
('925009971670507','08:27:00','08:27:00','3616865','1','',''),
('925009971670507','08:28:00','08:28:00','3616867','2','',''),
('925009971670507','08:29:00','08:29:00','3616869','3','',''),
('925009971670507','08:31:00','08:31:00','3616870','4','',''),
('925009971670507','08:32:00','08:32:00','3616872','5','',''),
('925009971670507','08:33:00','08:33:00','3616874','6','',''),
('925009971670507','08:35:00','08:35:00','3616876','7','',''),
('9325009971670507','19:10:00','19:10:00','3616865','1','',''),
('9325009971670507','19:11:00','19:11:00','3616867','2','',''),
('9325009971670507','19:12:00','19:12:00','3616869','3','',''),
('9325009971670507','19:14:00','19:14:00','3616870','4','',''),
('9325009971670507','19:15:00','19:15:00','3616872','5','',''),
('9325009971670507','19:16:00','19:16:00','3616874','6','',''),
('9325009971670507','19:18:00','19:18:00','3616876','7','',''),
('9425009971670507','19:20:00','19:20:00','3616865','1','',''),
('9425009971670507','19:21:00','19:21:00','3616867','2','',''),
('9425009971670507','19:22:00','19:22:00','3616869','3','',''),
('9425009971670507','19:24:00','19:24:00','3616870','4','',''),
('9425009971670507','19:25:00','19:25:00','3616872','5','',''),
('9425009971670507','19:26:00','19:26:00','3616874','6','',''),
('9425009971670507','19:28:00','19:28:00','3616876','7','',''),
('9525009971670507','19:30:00','19:30:00','3616865','1','',''),
('9525009971670507','19:31:00','19:31:00','3616867','2','',''),
('9525009971670507','19:32:00','19:32:00','3616869','3','',''),
('9525009971670507','19:34:00','19:34:00','3616870','4','',''),
('9525009971670507','19:35:00','19:35:00','3616872','5','',''),
('9525009971670507','19:36:00','19:36:00','3616874','6','',''),
('9525009971670507','19:38:00','19:38:00','3616876','7','',''),
('9625009971670507','19:41:00','19:41:00','3616865','1','',''),
('9625009971670507','19:42:00','19:42:00','3616867','2','',''),
('9625009971670507','19:43:00','19:43:00','3616869','3','',''),
('9625009971670507','19:45:00','19:45:00','3616870','4','',''),
('9625009971670507','19:46:00','19:46:00','3616872','5','',''),
('9625009971670507','19:47:00','19:47:00','3616874','6','',''),
('9625009971670507','19:49:00','19:49:00','3616876','7','',''),
('9725009971670507','20:05:00','20:05:00','3616865','1','',''),
('9725009971670507','20:06:00','20:06:00','3616867','2','',''),
('9725009971670507','20:07:00','20:07:00','3616869','3','',''),
('9725009971670507','20:09:00','20:09:00','3616870','4','',''),
('9725009971670507','20:10:00','20:10:00','3616872','5','',''),
('9725009971670507','20:11:00','20:11:00','3616874','6','',''),
('9725009971670507','20:13:00','20:13:00','3616876','7','',''),
('9825009971670507','20:35:00','20:35:00','3616865','1','',''),
('9825009971670507','20:36:00','20:36:00','3616867','2','',''),
('9825009971670507','20:37:00','20:37:00','3616869','3','',''),
('9825009971670507','20:39:00','20:39:00','3616870','4','',''),
('9825009971670507','20:40:00','20:40:00','3616872','5','',''),
('9825009971670507','20:41:00','20:41:00','3616874','6','',''),
('9825009971670507','20:43:00','20:43:00','3616876','7','',''),
('1025009971670506','08:46:00','08:46:00','3616877','1','',''),
('1025009971670506','08:47:00','08:47:00','3616875','2','',''),
('1025009971670506','08:47:00','08:47:00','3616873','3','',''),
('1025009971670506','08:48:00','08:48:00','3616871','4','',''),
('1025009971670506','08:51:00','08:51:00','3616878','5','',''),
('1025009971670506','08:52:00','08:52:00','3616868','6','',''),
('1025009971670506','08:53:00','08:53:00','3616879','7','',''),
('1025009971670506','08:54:00','08:54:00','3616866','8','',''),
('1125009971670506','08:51:00','08:51:00','3616877','1','',''),
('1125009971670506','08:52:00','08:52:00','3616875','2','',''),
('1125009971670506','08:52:00','08:52:00','3616873','3','',''),
('1125009971670506','08:53:00','08:53:00','3616871','4','',''),
('1125009971670506','08:56:00','08:56:00','3616878','5','',''),
('1125009971670506','08:57:00','08:57:00','3616868','6','',''),
('1125009971670506','08:58:00','08:58:00','3616879','7','',''),
('1125009971670506','08:59:00','08:59:00','3616866','8','',''),
('1225009971670506','08:56:00','08:56:00','3616877','1','',''),
('1225009971670506','08:57:00','08:57:00','3616875','2','',''),
('1225009971670506','08:57:00','08:57:00','3616873','3','',''),
('1225009971670506','08:58:00','08:58:00','3616871','4','',''),
('1225009971670506','09:01:00','09:01:00','3616878','5','',''),
('1225009971670506','09:02:00','09:02:00','3616868','6','',''),
('1225009971670506','09:03:00','09:03:00','3616879','7','',''),
('1225009971670506','09:04:00','09:04:00','3616866','8','',''),
('125009971670506','07:37:00','07:37:00','3616877','1','',''),
('125009971670506','07:38:00','07:38:00','3616875','2','',''),
('125009971670506','07:38:00','07:38:00','3616873','3','',''),
('125009971670506','07:39:00','07:39:00','3616871','4','',''),
('125009971670506','07:42:00','07:42:00','3616878','5','',''),
('125009971670506','07:43:00','07:43:00','3616868','6','',''),
('125009971670506','07:44:00','07:44:00','3616879','7','',''),
('125009971670506','07:45:00','07:45:00','3616866','8','',''),
('1325009971670506','09:01:00','09:01:00','3616877','1','',''),
('1325009971670506','09:02:00','09:02:00','3616875','2','',''),
('1325009971670506','09:02:00','09:02:00','3616873','3','',''),
('1325009971670506','09:03:00','09:03:00','3616871','4','',''),
('1325009971670506','09:06:00','09:06:00','3616878','5','',''),
('1325009971670506','09:07:00','09:07:00','3616868','6','',''),
('1325009971670506','09:08:00','09:08:00','3616879','7','',''),
('1325009971670506','09:09:00','09:09:00','3616866','8','',''),
('1425009971670506','09:06:00','09:06:00','3616877','1','',''),
('1425009971670506','09:07:00','09:07:00','3616875','2','',''),
('1425009971670506','09:07:00','09:07:00','3616873','3','',''),
('1425009971670506','09:08:00','09:08:00','3616871','4','',''),
('1425009971670506','09:11:00','09:11:00','3616878','5','',''),
('1425009971670506','09:12:00','09:12:00','3616868','6','',''),
('1425009971670506','09:13:00','09:13:00','3616879','7','',''),
('1425009971670506','09:14:00','09:14:00','3616866','8','',''),
('1525009971670506','09:11:00','09:11:00','3616877','1','',''),
('1525009971670506','09:12:00','09:12:00','3616875','2','',''),
('1525009971670506','09:12:00','09:12:00','3616873','3','',''),
('1525009971670506','09:13:00','09:13:00','3616871','4','',''),
('1525009971670506','09:16:00','09:16:00','3616878','5','',''),
('1525009971670506','09:17:00','09:17:00','3616868','6','',''),
('1525009971670506','09:18:00','09:18:00','3616879','7','',''),
('1525009971670506','09:19:00','09:19:00','3616866','8','',''),
('1625009971670506','09:16:00','09:16:00','3616877','1','',''),
('1625009971670506','09:17:00','09:17:00','3616875','2','',''),
('1625009971670506','09:17:00','09:17:00','3616873','3','',''),
('1625009971670506','09:18:00','09:18:00','3616871','4','',''),
('1625009971670506','09:21:00','09:21:00','3616878','5','',''),
('1625009971670506','09:22:00','09:22:00','3616868','6','',''),
('1625009971670506','09:23:00','09:23:00','3616879','7','',''),
('1625009971670506','09:24:00','09:24:00','3616866','8','',''),
('1725009971670506','09:21:00','09:21:00','3616877','1','',''),
('1725009971670506','09:22:00','09:22:00','3616875','2','',''),
('1725009971670506','09:22:00','09:22:00','3616873','3','',''),
('1725009971670506','09:23:00','09:23:00','3616871','4','',''),
('1725009971670506','09:26:00','09:26:00','3616878','5','',''),
('1725009971670506','09:27:00','09:27:00','3616868','6','',''),
('1725009971670506','09:28:00','09:28:00','3616879','7','',''),
('1725009971670506','09:29:00','09:29:00','3616866','8','',''),
('1825009971670506','09:26:00','09:26:00','3616877','1','',''),
('1825009971670506','09:27:00','09:27:00','3616875','2','',''),
('1825009971670506','09:27:00','09:27:00','3616873','3','',''),
('1825009971670506','09:28:00','09:28:00','3616871','4','',''),
('1825009971670506','09:31:00','09:31:00','3616878','5','',''),
('1825009971670506','09:32:00','09:32:00','3616868','6','',''),
('1825009971670506','09:33:00','09:33:00','3616879','7','',''),
('1825009971670506','09:34:00','09:34:00','3616866','8','',''),
('1925009971670506','09:31:00','09:31:00','3616877','1','',''),
('1925009971670506','09:32:00','09:32:00','3616875','2','',''),
('1925009971670506','09:32:00','09:32:00','3616873','3','',''),
('1925009971670506','09:33:00','09:33:00','3616871','4','',''),
('1925009971670506','09:36:00','09:36:00','3616878','5','',''),
('1925009971670506','09:37:00','09:37:00','3616868','6','',''),
('1925009971670506','09:38:00','09:38:00','3616879','7','',''),
('1925009971670506','09:39:00','09:39:00','3616866','8','',''),
('2025009971670506','09:36:00','09:36:00','3616877','1','',''),
('2025009971670506','09:37:00','09:37:00','3616875','2','',''),
('2025009971670506','09:37:00','09:37:00','3616873','3','',''),
('2025009971670506','09:38:00','09:38:00','3616871','4','',''),
('2025009971670506','09:41:00','09:41:00','3616878','5','',''),
('2025009971670506','09:42:00','09:42:00','3616868','6','',''),
('2025009971670506','09:43:00','09:43:00','3616879','7','',''),
('2025009971670506','09:44:00','09:44:00','3616866','8','',''),
('2125009971670506','09:41:00','09:41:00','3616877','1','',''),
('2125009971670506','09:42:00','09:42:00','3616875','2','',''),
('2125009971670506','09:42:00','09:42:00','3616873','3','',''),
('2125009971670506','09:43:00','09:43:00','3616871','4','',''),
('2125009971670506','09:46:00','09:46:00','3616878','5','',''),
('2125009971670506','09:47:00','09:47:00','3616868','6','',''),
('2125009971670506','09:48:00','09:48:00','3616879','7','',''),
('2125009971670506','09:49:00','09:49:00','3616866','8','',''),
('2225009971670506','09:46:00','09:46:00','3616877','1','',''),
('2225009971670506','09:47:00','09:47:00','3616875','2','',''),
('2225009971670506','09:47:00','09:47:00','3616873','3','',''),
('2225009971670506','09:48:00','09:48:00','3616871','4','',''),
('2225009971670506','09:51:00','09:51:00','3616878','5','',''),
('2225009971670506','09:52:00','09:52:00','3616868','6','',''),
('2225009971670506','09:53:00','09:53:00','3616879','7','',''),
('2225009971670506','09:54:00','09:54:00','3616866','8','',''),
('225009971670506','07:49:00','07:49:00','3616877','1','',''),
('225009971670506','07:50:00','07:50:00','3616875','2','',''),
('225009971670506','07:50:00','07:50:00','3616873','3','',''),
('225009971670506','07:51:00','07:51:00','3616871','4','',''),
('225009971670506','07:54:00','07:54:00','3616878','5','',''),
('225009971670506','07:55:00','07:55:00','3616868','6','',''),
('225009971670506','07:56:00','07:56:00','3616879','7','',''),
('225009971670506','07:57:00','07:57:00','3616866','8','',''),
('2325009971670506','09:51:00','09:51:00','3616877','1','',''),
('2325009971670506','09:52:00','09:52:00','3616875','2','',''),
('2325009971670506','09:52:00','09:52:00','3616873','3','',''),
('2325009971670506','09:53:00','09:53:00','3616871','4','',''),
('2325009971670506','09:56:00','09:56:00','3616878','5','',''),
('2325009971670506','09:57:00','09:57:00','3616868','6','',''),
('2325009971670506','09:58:00','09:58:00','3616879','7','',''),
('2325009971670506','09:59:00','09:59:00','3616866','8','',''),
('2425009971670506','09:56:00','09:56:00','3616877','1','',''),
('2425009971670506','09:57:00','09:57:00','3616875','2','',''),
('2425009971670506','09:57:00','09:57:00','3616873','3','',''),
('2425009971670506','09:58:00','09:58:00','3616871','4','',''),
('2425009971670506','10:01:00','10:01:00','3616878','5','',''),
('2425009971670506','10:02:00','10:02:00','3616868','6','',''),
('2425009971670506','10:03:00','10:03:00','3616879','7','',''),
('2425009971670506','10:04:00','10:04:00','3616866','8','',''),
('2525009971670506','10:01:00','10:01:00','3616877','1','',''),
('2525009971670506','10:02:00','10:02:00','3616875','2','',''),
('2525009971670506','10:02:00','10:02:00','3616873','3','',''),
('2525009971670506','10:03:00','10:03:00','3616871','4','',''),
('2525009971670506','10:06:00','10:06:00','3616878','5','',''),
('2525009971670506','10:07:00','10:07:00','3616868','6','',''),
('2525009971670506','10:08:00','10:08:00','3616879','7','',''),
('2525009971670506','10:09:00','10:09:00','3616866','8','',''),
('2625009971670506','10:06:00','10:06:00','3616877','1','',''),
('2625009971670506','10:07:00','10:07:00','3616875','2','',''),
('2625009971670506','10:07:00','10:07:00','3616873','3','',''),
('2625009971670506','10:08:00','10:08:00','3616871','4','',''),
('2625009971670506','10:11:00','10:11:00','3616878','5','',''),
('2625009971670506','10:12:00','10:12:00','3616868','6','',''),
('2625009971670506','10:13:00','10:13:00','3616879','7','',''),
('2625009971670506','10:14:00','10:14:00','3616866','8','',''),
('2725009971670506','10:16:00','10:16:00','3616877','1','',''),
('2725009971670506','10:17:00','10:17:00','3616875','2','',''),
('2725009971670506','10:17:00','10:17:00','3616873','3','',''),
('2725009971670506','10:18:00','10:18:00','3616871','4','',''),
('2725009971670506','10:21:00','10:21:00','3616878','5','',''),
('2725009971670506','10:22:00','10:22:00','3616868','6','',''),
('2725009971670506','10:23:00','10:23:00','3616879','7','',''),
('2725009971670506','10:24:00','10:24:00','3616866','8','',''),
('2825009971670506','10:26:00','10:26:00','3616877','1','',''),
('2825009971670506','10:27:00','10:27:00','3616875','2','',''),
('2825009971670506','10:27:00','10:27:00','3616873','3','',''),
('2825009971670506','10:28:00','10:28:00','3616871','4','',''),
('2825009971670506','10:31:00','10:31:00','3616878','5','',''),
('2825009971670506','10:32:00','10:32:00','3616868','6','',''),
('2825009971670506','10:33:00','10:33:00','3616879','7','',''),
('2825009971670506','10:34:00','10:34:00','3616866','8','',''),
('2925009971670506','10:31:00','10:31:00','3616877','1','',''),
('2925009971670506','10:32:00','10:32:00','3616875','2','',''),
('2925009971670506','10:32:00','10:32:00','3616873','3','',''),
('2925009971670506','10:33:00','10:33:00','3616871','4','',''),
('2925009971670506','10:36:00','10:36:00','3616878','5','',''),
('2925009971670506','10:37:00','10:37:00','3616868','6','',''),
('2925009971670506','10:38:00','10:38:00','3616879','7','',''),
('2925009971670506','10:39:00','10:39:00','3616866','8','',''),
('3025009971670506','10:51:00','10:51:00','3616877','1','',''),
('3025009971670506','10:52:00','10:52:00','3616875','2','',''),
('3025009971670506','10:52:00','10:52:00','3616873','3','',''),
('3025009971670506','10:53:00','10:53:00','3616871','4','',''),
('3025009971670506','10:56:00','10:56:00','3616878','5','',''),
('3025009971670506','10:57:00','10:57:00','3616868','6','',''),
('3025009971670506','10:58:00','10:58:00','3616879','7','',''),
('3025009971670506','10:59:00','10:59:00','3616866','8','',''),
('3125009971670506','11:05:00','11:05:00','3616877','1','',''),
('3125009971670506','11:06:00','11:06:00','3616875','2','',''),
('3125009971670506','11:06:00','11:06:00','3616873','3','',''),
('3125009971670506','11:07:00','11:07:00','3616871','4','',''),
('3125009971670506','11:10:00','11:10:00','3616878','5','',''),
('3125009971670506','11:11:00','11:11:00','3616868','6','',''),
('3125009971670506','11:12:00','11:12:00','3616879','7','',''),
('3125009971670506','11:13:00','11:13:00','3616866','8','',''),
('3225009971670506','11:20:00','11:20:00','3616877','1','',''),
('3225009971670506','11:21:00','11:21:00','3616875','2','',''),
('3225009971670506','11:21:00','11:21:00','3616873','3','',''),
('3225009971670506','11:22:00','11:22:00','3616871','4','',''),
('3225009971670506','11:25:00','11:25:00','3616878','5','',''),
('3225009971670506','11:26:00','11:26:00','3616868','6','',''),
('3225009971670506','11:27:00','11:27:00','3616879','7','',''),
('3225009971670506','11:28:00','11:28:00','3616866','8','',''),
('325009971670506','08:01:00','08:01:00','3616877','1','',''),
('325009971670506','08:02:00','08:02:00','3616875','2','',''),
('325009971670506','08:02:00','08:02:00','3616873','3','',''),
('325009971670506','08:03:00','08:03:00','3616871','4','',''),
('325009971670506','08:06:00','08:06:00','3616878','5','',''),
('325009971670506','08:07:00','08:07:00','3616868','6','',''),
('325009971670506','08:08:00','08:08:00','3616879','7','',''),
('325009971670506','08:09:00','08:09:00','3616866','8','',''),
('3325009971670506','11:35:00','11:35:00','3616877','1','',''),
('3325009971670506','11:36:00','11:36:00','3616875','2','',''),
('3325009971670506','11:36:00','11:36:00','3616873','3','',''),
('3325009971670506','11:37:00','11:37:00','3616871','4','',''),
('3325009971670506','11:40:00','11:40:00','3616878','5','',''),
('3325009971670506','11:41:00','11:41:00','3616868','6','',''),
('3325009971670506','11:42:00','11:42:00','3616879','7','',''),
('3325009971670506','11:43:00','11:43:00','3616866','8','',''),
('3425009971670506','11:50:00','11:50:00','3616877','1','',''),
('3425009971670506','11:51:00','11:51:00','3616875','2','',''),
('3425009971670506','11:51:00','11:51:00','3616873','3','',''),
('3425009971670506','11:52:00','11:52:00','3616871','4','',''),
('3425009971670506','11:55:00','11:55:00','3616878','5','',''),
('3425009971670506','11:56:00','11:56:00','3616868','6','',''),
('3425009971670506','11:57:00','11:57:00','3616879','7','',''),
('3425009971670506','11:58:00','11:58:00','3616866','8','',''),
('3525009971670506','12:05:00','12:05:00','3616877','1','',''),
('3525009971670506','12:06:00','12:06:00','3616875','2','',''),
('3525009971670506','12:06:00','12:06:00','3616873','3','',''),
('3525009971670506','12:07:00','12:07:00','3616871','4','',''),
('3525009971670506','12:10:00','12:10:00','3616878','5','',''),
('3525009971670506','12:11:00','12:11:00','3616868','6','',''),
('3525009971670506','12:12:00','12:12:00','3616879','7','',''),
('3525009971670506','12:13:00','12:13:00','3616866','8','',''),
('3625009971670506','12:20:00','12:20:00','3616877','1','',''),
('3625009971670506','12:21:00','12:21:00','3616875','2','',''),
('3625009971670506','12:21:00','12:21:00','3616873','3','',''),
('3625009971670506','12:22:00','12:22:00','3616871','4','',''),
('3625009971670506','12:25:00','12:25:00','3616878','5','',''),
('3625009971670506','12:26:00','12:26:00','3616868','6','',''),
('3625009971670506','12:27:00','12:27:00','3616879','7','',''),
('3625009971670506','12:28:00','12:28:00','3616866','8','',''),
('3725009971670506','12:35:00','12:35:00','3616877','1','',''),
('3725009971670506','12:36:00','12:36:00','3616875','2','',''),
('3725009971670506','12:36:00','12:36:00','3616873','3','',''),
('3725009971670506','12:37:00','12:37:00','3616871','4','',''),
('3725009971670506','12:40:00','12:40:00','3616878','5','',''),
('3725009971670506','12:41:00','12:41:00','3616868','6','',''),
('3725009971670506','12:42:00','12:42:00','3616879','7','',''),
('3725009971670506','12:43:00','12:43:00','3616866','8','',''),
('3825009971670506','12:50:00','12:50:00','3616877','1','',''),
('3825009971670506','12:51:00','12:51:00','3616875','2','',''),
('3825009971670506','12:51:00','12:51:00','3616873','3','',''),
('3825009971670506','12:52:00','12:52:00','3616871','4','',''),
('3825009971670506','12:55:00','12:55:00','3616878','5','',''),
('3825009971670506','12:56:00','12:56:00','3616868','6','',''),
('3825009971670506','12:57:00','12:57:00','3616879','7','',''),
('3825009971670506','12:58:00','12:58:00','3616866','8','',''),
('3925009971670506','13:05:00','13:05:00','3616877','1','',''),
('3925009971670506','13:06:00','13:06:00','3616875','2','',''),
('3925009971670506','13:06:00','13:06:00','3616873','3','',''),
('3925009971670506','13:07:00','13:07:00','3616871','4','',''),
('3925009971670506','13:10:00','13:10:00','3616878','5','',''),
('3925009971670506','13:11:00','13:11:00','3616868','6','',''),
('3925009971670506','13:12:00','13:12:00','3616879','7','',''),
('3925009971670506','13:13:00','13:13:00','3616866','8','',''),
('4025009971670506','13:20:00','13:20:00','3616877','1','',''),
('4025009971670506','13:21:00','13:21:00','3616875','2','',''),
('4025009971670506','13:21:00','13:21:00','3616873','3','',''),
('4025009971670506','13:22:00','13:22:00','3616871','4','',''),
('4025009971670506','13:25:00','13:25:00','3616878','5','',''),
('4025009971670506','13:26:00','13:26:00','3616868','6','',''),
('4025009971670506','13:27:00','13:27:00','3616879','7','',''),
('4025009971670506','13:28:00','13:28:00','3616866','8','',''),
('4125009971670506','13:35:00','13:35:00','3616877','1','',''),
('4125009971670506','13:36:00','13:36:00','3616875','2','',''),
('4125009971670506','13:36:00','13:36:00','3616873','3','',''),
('4125009971670506','13:37:00','13:37:00','3616871','4','',''),
('4125009971670506','13:40:00','13:40:00','3616878','5','',''),
('4125009971670506','13:41:00','13:41:00','3616868','6','',''),
('4125009971670506','13:42:00','13:42:00','3616879','7','',''),
('4125009971670506','13:43:00','13:43:00','3616866','8','',''),
('4225009971670506','13:50:00','13:50:00','3616877','1','',''),
('4225009971670506','13:51:00','13:51:00','3616875','2','',''),
('4225009971670506','13:51:00','13:51:00','3616873','3','',''),
('4225009971670506','13:52:00','13:52:00','3616871','4','',''),
('4225009971670506','13:55:00','13:55:00','3616878','5','',''),
('4225009971670506','13:56:00','13:56:00','3616868','6','',''),
('4225009971670506','13:57:00','13:57:00','3616879','7','',''),
('4225009971670506','13:58:00','13:58:00','3616866','8','',''),
('425009971670506','08:13:00','08:13:00','3616877','1','',''),
('425009971670506','08:14:00','08:14:00','3616875','2','',''),
('425009971670506','08:14:00','08:14:00','3616873','3','',''),
('425009971670506','08:15:00','08:15:00','3616871','4','',''),
('425009971670506','08:18:00','08:18:00','3616878','5','',''),
('425009971670506','08:19:00','08:19:00','3616868','6','',''),
('425009971670506','08:20:00','08:20:00','3616879','7','',''),
('425009971670506','08:21:00','08:21:00','3616866','8','',''),
('4325009971670506','14:05:00','14:05:00','3616877','1','',''),
('4325009971670506','14:06:00','14:06:00','3616875','2','',''),
('4325009971670506','14:06:00','14:06:00','3616873','3','',''),
('4325009971670506','14:07:00','14:07:00','3616871','4','',''),
('4325009971670506','14:10:00','14:10:00','3616878','5','',''),
('4325009971670506','14:11:00','14:11:00','3616868','6','',''),
('4325009971670506','14:12:00','14:12:00','3616879','7','',''),
('4325009971670506','14:13:00','14:13:00','3616866','8','',''),
('4425009971670506','14:20:00','14:20:00','3616877','1','',''),
('4425009971670506','14:21:00','14:21:00','3616875','2','',''),
('4425009971670506','14:21:00','14:21:00','3616873','3','',''),
('4425009971670506','14:22:00','14:22:00','3616871','4','',''),
('4425009971670506','14:25:00','14:25:00','3616878','5','',''),
('4425009971670506','14:26:00','14:26:00','3616868','6','',''),
('4425009971670506','14:27:00','14:27:00','3616879','7','',''),
('4425009971670506','14:28:00','14:28:00','3616866','8','',''),
('4525009971670506','14:33:00','14:33:00','3616877','1','',''),
('4525009971670506','14:34:00','14:34:00','3616875','2','',''),
('4525009971670506','14:34:00','14:34:00','3616873','3','',''),
('4525009971670506','14:35:00','14:35:00','3616871','4','',''),
('4525009971670506','14:38:00','14:38:00','3616878','5','',''),
('4525009971670506','14:39:00','14:39:00','3616868','6','',''),
('4525009971670506','14:40:00','14:40:00','3616879','7','',''),
('4525009971670506','14:41:00','14:41:00','3616866','8','',''),
('4625009971670506','14:45:00','14:45:00','3616877','1','',''),
('4625009971670506','14:46:00','14:46:00','3616875','2','',''),
('4625009971670506','14:46:00','14:46:00','3616873','3','',''),
('4625009971670506','14:47:00','14:47:00','3616871','4','',''),
('4625009971670506','14:50:00','14:50:00','3616878','5','',''),
('4625009971670506','14:51:00','14:51:00','3616868','6','',''),
('4625009971670506','14:52:00','14:52:00','3616879','7','',''),
('4625009971670506','14:53:00','14:53:00','3616866','8','',''),
('4725009971670506','14:57:00','14:57:00','3616877','1','',''),
('4725009971670506','14:58:00','14:58:00','3616875','2','',''),
('4725009971670506','14:58:00','14:58:00','3616873','3','',''),
('4725009971670506','14:59:00','14:59:00','3616871','4','',''),
('4725009971670506','15:02:00','15:02:00','3616878','5','',''),
('4725009971670506','15:03:00','15:03:00','3616868','6','',''),
('4725009971670506','15:04:00','15:04:00','3616879','7','',''),
('4725009971670506','15:05:00','15:05:00','3616866','8','',''),
('4825009971670506','15:09:00','15:09:00','3616877','1','',''),
('4825009971670506','15:10:00','15:10:00','3616875','2','',''),
('4825009971670506','15:10:00','15:10:00','3616873','3','',''),
('4825009971670506','15:11:00','15:11:00','3616871','4','',''),
('4825009971670506','15:14:00','15:14:00','3616878','5','',''),
('4825009971670506','15:15:00','15:15:00','3616868','6','',''),
('4825009971670506','15:16:00','15:16:00','3616879','7','',''),
('4825009971670506','15:17:00','15:17:00','3616866','8','',''),
('4925009971670506','15:21:00','15:21:00','3616877','1','',''),
('4925009971670506','15:22:00','15:22:00','3616875','2','',''),
('4925009971670506','15:22:00','15:22:00','3616873','3','',''),
('4925009971670506','15:23:00','15:23:00','3616871','4','',''),
('4925009971670506','15:26:00','15:26:00','3616878','5','',''),
('4925009971670506','15:27:00','15:27:00','3616868','6','',''),
('4925009971670506','15:28:00','15:28:00','3616879','7','',''),
('4925009971670506','15:29:00','15:29:00','3616866','8','',''),
('5025009971670506','15:30:00','15:30:00','3616877','1','',''),
('5025009971670506','15:31:00','15:31:00','3616875','2','',''),
('5025009971670506','15:31:00','15:31:00','3616873','3','',''),
('5025009971670506','15:32:00','15:32:00','3616871','4','',''),
('5025009971670506','15:35:00','15:35:00','3616878','5','',''),
('5025009971670506','15:36:00','15:36:00','3616868','6','',''),
('5025009971670506','15:37:00','15:37:00','3616879','7','',''),
('5025009971670506','15:38:00','15:38:00','3616866','8','',''),
('5125009971670506','15:37:00','15:37:00','3616877','1','',''),
('5125009971670506','15:38:00','15:38:00','3616875','2','',''),
('5125009971670506','15:38:00','15:38:00','3616873','3','',''),
('5125009971670506','15:39:00','15:39:00','3616871','4','',''),
('5125009971670506','15:42:00','15:42:00','3616878','5','',''),
('5125009971670506','15:43:00','15:43:00','3616868','6','',''),
('5125009971670506','15:44:00','15:44:00','3616879','7','',''),
('5125009971670506','15:45:00','15:45:00','3616866','8','',''),
('5225009971670506','15:44:00','15:44:00','3616877','1','',''),
('5225009971670506','15:45:00','15:45:00','3616875','2','',''),
('5225009971670506','15:45:00','15:45:00','3616873','3','',''),
('5225009971670506','15:46:00','15:46:00','3616871','4','',''),
('5225009971670506','15:49:00','15:49:00','3616878','5','',''),
('5225009971670506','15:50:00','15:50:00','3616868','6','',''),
('5225009971670506','15:51:00','15:51:00','3616879','7','',''),
('5225009971670506','15:52:00','15:52:00','3616866','8','',''),
('525009971670506','08:21:00','08:21:00','3616877','1','',''),
('525009971670506','08:22:00','08:22:00','3616875','2','',''),
('525009971670506','08:22:00','08:22:00','3616873','3','',''),
('525009971670506','08:23:00','08:23:00','3616871','4','',''),
('525009971670506','08:26:00','08:26:00','3616878','5','',''),
('525009971670506','08:27:00','08:27:00','3616868','6','',''),
('525009971670506','08:28:00','08:28:00','3616879','7','',''),
('525009971670506','08:29:00','08:29:00','3616866','8','',''),
('5325009971670506','15:51:00','15:51:00','3616877','1','',''),
('5325009971670506','15:52:00','15:52:00','3616875','2','',''),
('5325009971670506','15:52:00','15:52:00','3616873','3','',''),
('5325009971670506','15:53:00','15:53:00','3616871','4','',''),
('5325009971670506','15:56:00','15:56:00','3616878','5','',''),
('5325009971670506','15:57:00','15:57:00','3616868','6','',''),
('5325009971670506','15:58:00','15:58:00','3616879','7','',''),
('5325009971670506','15:59:00','15:59:00','3616866','8','',''),
('5425009971670506','15:58:00','15:58:00','3616877','1','',''),
('5425009971670506','15:59:00','15:59:00','3616875','2','',''),
('5425009971670506','15:59:00','15:59:00','3616873','3','',''),
('5425009971670506','16:00:00','16:00:00','3616871','4','',''),
('5425009971670506','16:03:00','16:03:00','3616878','5','',''),
('5425009971670506','16:04:00','16:04:00','3616868','6','',''),
('5425009971670506','16:05:00','16:05:00','3616879','7','',''),
('5425009971670506','16:06:00','16:06:00','3616866','8','',''),
('5525009971670506','16:05:00','16:05:00','3616877','1','',''),
('5525009971670506','16:06:00','16:06:00','3616875','2','',''),
('5525009971670506','16:06:00','16:06:00','3616873','3','',''),
('5525009971670506','16:07:00','16:07:00','3616871','4','',''),
('5525009971670506','16:10:00','16:10:00','3616878','5','',''),
('5525009971670506','16:11:00','16:11:00','3616868','6','',''),
('5525009971670506','16:12:00','16:12:00','3616879','7','',''),
('5525009971670506','16:13:00','16:13:00','3616866','8','',''),
('5625009971670506','16:12:00','16:12:00','3616877','1','',''),
('5625009971670506','16:13:00','16:13:00','3616875','2','',''),
('5625009971670506','16:13:00','16:13:00','3616873','3','',''),
('5625009971670506','16:14:00','16:14:00','3616871','4','',''),
('5625009971670506','16:17:00','16:17:00','3616878','5','',''),
('5625009971670506','16:18:00','16:18:00','3616868','6','',''),
('5625009971670506','16:19:00','16:19:00','3616879','7','',''),
('5625009971670506','16:20:00','16:20:00','3616866','8','',''),
('5725009971670506','16:19:00','16:19:00','3616877','1','',''),
('5725009971670506','16:20:00','16:20:00','3616875','2','',''),
('5725009971670506','16:20:00','16:20:00','3616873','3','',''),
('5725009971670506','16:21:00','16:21:00','3616871','4','',''),
('5725009971670506','16:24:00','16:24:00','3616878','5','',''),
('5725009971670506','16:25:00','16:25:00','3616868','6','',''),
('5725009971670506','16:26:00','16:26:00','3616879','7','',''),
('5725009971670506','16:27:00','16:27:00','3616866','8','',''),
('5825009971670506','16:26:00','16:26:00','3616877','1','',''),
('5825009971670506','16:27:00','16:27:00','3616875','2','',''),
('5825009971670506','16:27:00','16:27:00','3616873','3','',''),
('5825009971670506','16:28:00','16:28:00','3616871','4','',''),
('5825009971670506','16:31:00','16:31:00','3616878','5','',''),
('5825009971670506','16:32:00','16:32:00','3616868','6','',''),
('5825009971670506','16:33:00','16:33:00','3616879','7','',''),
('5825009971670506','16:34:00','16:34:00','3616866','8','',''),
('5925009971670506','16:31:00','16:31:00','3616877','1','',''),
('5925009971670506','16:32:00','16:32:00','3616875','2','',''),
('5925009971670506','16:32:00','16:32:00','3616873','3','',''),
('5925009971670506','16:33:00','16:33:00','3616871','4','',''),
('5925009971670506','16:36:00','16:36:00','3616878','5','',''),
('5925009971670506','16:37:00','16:37:00','3616868','6','',''),
('5925009971670506','16:38:00','16:38:00','3616879','7','',''),
('5925009971670506','16:39:00','16:39:00','3616866','8','',''),
('6025009971670506','16:36:00','16:36:00','3616877','1','',''),
('6025009971670506','16:37:00','16:37:00','3616875','2','',''),
('6025009971670506','16:37:00','16:37:00','3616873','3','',''),
('6025009971670506','16:38:00','16:38:00','3616871','4','',''),
('6025009971670506','16:41:00','16:41:00','3616878','5','',''),
('6025009971670506','16:42:00','16:42:00','3616868','6','',''),
('6025009971670506','16:43:00','16:43:00','3616879','7','',''),
('6025009971670506','16:44:00','16:44:00','3616866','8','',''),
('6125009971670506','16:41:00','16:41:00','3616877','1','',''),
('6125009971670506','16:42:00','16:42:00','3616875','2','',''),
('6125009971670506','16:42:00','16:42:00','3616873','3','',''),
('6125009971670506','16:43:00','16:43:00','3616871','4','',''),
('6125009971670506','16:46:00','16:46:00','3616878','5','',''),
('6125009971670506','16:47:00','16:47:00','3616868','6','',''),
('6125009971670506','16:48:00','16:48:00','3616879','7','',''),
('6125009971670506','16:49:00','16:49:00','3616866','8','',''),
('6225009971670506','16:46:00','16:46:00','3616877','1','',''),
('6225009971670506','16:47:00','16:47:00','3616875','2','',''),
('6225009971670506','16:47:00','16:47:00','3616873','3','',''),
('6225009971670506','16:48:00','16:48:00','3616871','4','',''),
('6225009971670506','16:51:00','16:51:00','3616878','5','',''),
('6225009971670506','16:52:00','16:52:00','3616868','6','',''),
('6225009971670506','16:53:00','16:53:00','3616879','7','',''),
('6225009971670506','16:54:00','16:54:00','3616866','8','',''),
('625009971670506','08:26:00','08:26:00','3616877','1','',''),
('625009971670506','08:27:00','08:27:00','3616875','2','',''),
('625009971670506','08:27:00','08:27:00','3616873','3','',''),
('625009971670506','08:28:00','08:28:00','3616871','4','',''),
('625009971670506','08:31:00','08:31:00','3616878','5','',''),
('625009971670506','08:32:00','08:32:00','3616868','6','',''),
('625009971670506','08:33:00','08:33:00','3616879','7','',''),
('625009971670506','08:34:00','08:34:00','3616866','8','',''),
('6325009971670506','16:51:00','16:51:00','3616877','1','',''),
('6325009971670506','16:52:00','16:52:00','3616875','2','',''),
('6325009971670506','16:52:00','16:52:00','3616873','3','',''),
('6325009971670506','16:53:00','16:53:00','3616871','4','',''),
('6325009971670506','16:56:00','16:56:00','3616878','5','',''),
('6325009971670506','16:57:00','16:57:00','3616868','6','',''),
('6325009971670506','16:58:00','16:58:00','3616879','7','',''),
('6325009971670506','16:59:00','16:59:00','3616866','8','',''),
('6425009971670506','16:56:00','16:56:00','3616877','1','',''),
('6425009971670506','16:57:00','16:57:00','3616875','2','',''),
('6425009971670506','16:57:00','16:57:00','3616873','3','',''),
('6425009971670506','16:58:00','16:58:00','3616871','4','',''),
('6425009971670506','17:01:00','17:01:00','3616878','5','',''),
('6425009971670506','17:02:00','17:02:00','3616868','6','',''),
('6425009971670506','17:03:00','17:03:00','3616879','7','',''),
('6425009971670506','17:04:00','17:04:00','3616866','8','',''),
('6525009971670506','17:01:00','17:01:00','3616877','1','',''),
('6525009971670506','17:02:00','17:02:00','3616875','2','',''),
('6525009971670506','17:02:00','17:02:00','3616873','3','',''),
('6525009971670506','17:03:00','17:03:00','3616871','4','',''),
('6525009971670506','17:06:00','17:06:00','3616878','5','',''),
('6525009971670506','17:07:00','17:07:00','3616868','6','',''),
('6525009971670506','17:08:00','17:08:00','3616879','7','',''),
('6525009971670506','17:09:00','17:09:00','3616866','8','',''),
('6625009971670506','17:06:00','17:06:00','3616877','1','',''),
('6625009971670506','17:07:00','17:07:00','3616875','2','',''),
('6625009971670506','17:07:00','17:07:00','3616873','3','',''),
('6625009971670506','17:08:00','17:08:00','3616871','4','',''),
('6625009971670506','17:11:00','17:11:00','3616878','5','',''),
('6625009971670506','17:12:00','17:12:00','3616868','6','',''),
('6625009971670506','17:13:00','17:13:00','3616879','7','',''),
('6625009971670506','17:14:00','17:14:00','3616866','8','',''),
('6725009971670506','17:11:00','17:11:00','3616877','1','',''),
('6725009971670506','17:12:00','17:12:00','3616875','2','',''),
('6725009971670506','17:12:00','17:12:00','3616873','3','',''),
('6725009971670506','17:13:00','17:13:00','3616871','4','',''),
('6725009971670506','17:16:00','17:16:00','3616878','5','',''),
('6725009971670506','17:17:00','17:17:00','3616868','6','',''),
('6725009971670506','17:18:00','17:18:00','3616879','7','',''),
('6725009971670506','17:19:00','17:19:00','3616866','8','',''),
('6825009971670506','17:16:00','17:16:00','3616877','1','',''),
('6825009971670506','17:17:00','17:17:00','3616875','2','',''),
('6825009971670506','17:17:00','17:17:00','3616873','3','',''),
('6825009971670506','17:18:00','17:18:00','3616871','4','',''),
('6825009971670506','17:21:00','17:21:00','3616878','5','',''),
('6825009971670506','17:22:00','17:22:00','3616868','6','',''),
('6825009971670506','17:23:00','17:23:00','3616879','7','',''),
('6825009971670506','17:24:00','17:24:00','3616866','8','',''),
('6925009971670506','17:21:00','17:21:00','3616877','1','',''),
('6925009971670506','17:22:00','17:22:00','3616875','2','',''),
('6925009971670506','17:22:00','17:22:00','3616873','3','',''),
('6925009971670506','17:23:00','17:23:00','3616871','4','',''),
('6925009971670506','17:26:00','17:26:00','3616878','5','',''),
('6925009971670506','17:27:00','17:27:00','3616868','6','',''),
('6925009971670506','17:28:00','17:28:00','3616879','7','',''),
('6925009971670506','17:29:00','17:29:00','3616866','8','',''),
('7025009971670506','17:26:00','17:26:00','3616877','1','',''),
('7025009971670506','17:27:00','17:27:00','3616875','2','',''),
('7025009971670506','17:27:00','17:27:00','3616873','3','',''),
('7025009971670506','17:28:00','17:28:00','3616871','4','',''),
('7025009971670506','17:31:00','17:31:00','3616878','5','',''),
('7025009971670506','17:32:00','17:32:00','3616868','6','',''),
('7025009971670506','17:33:00','17:33:00','3616879','7','',''),
('7025009971670506','17:34:00','17:34:00','3616866','8','',''),
('7125009971670506','17:31:00','17:31:00','3616877','1','',''),
('7125009971670506','17:32:00','17:32:00','3616875','2','',''),
('7125009971670506','17:32:00','17:32:00','3616873','3','',''),
('7125009971670506','17:33:00','17:33:00','3616871','4','',''),
('7125009971670506','17:36:00','17:36:00','3616878','5','',''),
('7125009971670506','17:37:00','17:37:00','3616868','6','',''),
('7125009971670506','17:38:00','17:38:00','3616879','7','',''),
('7125009971670506','17:39:00','17:39:00','3616866','8','',''),
('7225009971670506','17:36:00','17:36:00','3616877','1','',''),
('7225009971670506','17:37:00','17:37:00','3616875','2','',''),
('7225009971670506','17:37:00','17:37:00','3616873','3','',''),
('7225009971670506','17:38:00','17:38:00','3616871','4','',''),
('7225009971670506','17:41:00','17:41:00','3616878','5','',''),
('7225009971670506','17:42:00','17:42:00','3616868','6','',''),
('7225009971670506','17:43:00','17:43:00','3616879','7','',''),
('7225009971670506','17:44:00','17:44:00','3616866','8','',''),
('725009971670506','08:31:00','08:31:00','3616877','1','',''),
('725009971670506','08:32:00','08:32:00','3616875','2','',''),
('725009971670506','08:32:00','08:32:00','3616873','3','',''),
('725009971670506','08:33:00','08:33:00','3616871','4','',''),
('725009971670506','08:36:00','08:36:00','3616878','5','',''),
('725009971670506','08:37:00','08:37:00','3616868','6','',''),
('725009971670506','08:38:00','08:38:00','3616879','7','',''),
('725009971670506','08:39:00','08:39:00','3616866','8','',''),
('7325009971670506','17:41:00','17:41:00','3616877','1','',''),
('7325009971670506','17:42:00','17:42:00','3616875','2','',''),
('7325009971670506','17:42:00','17:42:00','3616873','3','',''),
('7325009971670506','17:43:00','17:43:00','3616871','4','',''),
('7325009971670506','17:46:00','17:46:00','3616878','5','',''),
('7325009971670506','17:47:00','17:47:00','3616868','6','',''),
('7325009971670506','17:48:00','17:48:00','3616879','7','',''),
('7325009971670506','17:49:00','17:49:00','3616866','8','',''),
('7425009971670506','17:46:00','17:46:00','3616877','1','',''),
('7425009971670506','17:47:00','17:47:00','3616875','2','',''),
('7425009971670506','17:47:00','17:47:00','3616873','3','',''),
('7425009971670506','17:48:00','17:48:00','3616871','4','',''),
('7425009971670506','17:51:00','17:51:00','3616878','5','',''),
('7425009971670506','17:52:00','17:52:00','3616868','6','',''),
('7425009971670506','17:53:00','17:53:00','3616879','7','',''),
('7425009971670506','17:54:00','17:54:00','3616866','8','',''),
('7525009971670506','17:51:00','17:51:00','3616877','1','',''),
('7525009971670506','17:52:00','17:52:00','3616875','2','',''),
('7525009971670506','17:52:00','17:52:00','3616873','3','',''),
('7525009971670506','17:53:00','17:53:00','3616871','4','',''),
('7525009971670506','17:56:00','17:56:00','3616878','5','',''),
('7525009971670506','17:57:00','17:57:00','3616868','6','',''),
('7525009971670506','17:58:00','17:58:00','3616879','7','',''),
('7525009971670506','17:59:00','17:59:00','3616866','8','',''),
('7625009971670506','17:56:00','17:56:00','3616877','1','',''),
('7625009971670506','17:57:00','17:57:00','3616875','2','',''),
('7625009971670506','17:57:00','17:57:00','3616873','3','',''),
('7625009971670506','17:58:00','17:58:00','3616871','4','',''),
('7625009971670506','18:01:00','18:01:00','3616878','5','',''),
('7625009971670506','18:02:00','18:02:00','3616868','6','',''),
('7625009971670506','18:03:00','18:03:00','3616879','7','',''),
('7625009971670506','18:04:00','18:04:00','3616866','8','',''),
('7725009971670506','18:01:00','18:01:00','3616877','1','',''),
('7725009971670506','18:02:00','18:02:00','3616875','2','',''),
('7725009971670506','18:02:00','18:02:00','3616873','3','',''),
('7725009971670506','18:03:00','18:03:00','3616871','4','',''),
('7725009971670506','18:06:00','18:06:00','3616878','5','',''),
('7725009971670506','18:07:00','18:07:00','3616868','6','',''),
('7725009971670506','18:08:00','18:08:00','3616879','7','',''),
('7725009971670506','18:09:00','18:09:00','3616866','8','',''),
('7825009971670506','18:06:00','18:06:00','3616877','1','',''),
('7825009971670506','18:07:00','18:07:00','3616875','2','',''),
('7825009971670506','18:07:00','18:07:00','3616873','3','',''),
('7825009971670506','18:08:00','18:08:00','3616871','4','',''),
('7825009971670506','18:11:00','18:11:00','3616878','5','',''),
('7825009971670506','18:12:00','18:12:00','3616868','6','',''),
('7825009971670506','18:13:00','18:13:00','3616879','7','',''),
('7825009971670506','18:14:00','18:14:00','3616866','8','',''),
('7925009971670506','18:11:00','18:11:00','3616877','1','',''),
('7925009971670506','18:12:00','18:12:00','3616875','2','',''),
('7925009971670506','18:12:00','18:12:00','3616873','3','',''),
('7925009971670506','18:13:00','18:13:00','3616871','4','',''),
('7925009971670506','18:16:00','18:16:00','3616878','5','',''),
('7925009971670506','18:17:00','18:17:00','3616868','6','',''),
('7925009971670506','18:18:00','18:18:00','3616879','7','',''),
('7925009971670506','18:19:00','18:19:00','3616866','8','',''),
('8025009971670506','18:16:00','18:16:00','3616877','1','',''),
('8025009971670506','18:17:00','18:17:00','3616875','2','',''),
('8025009971670506','18:17:00','18:17:00','3616873','3','',''),
('8025009971670506','18:18:00','18:18:00','3616871','4','',''),
('8025009971670506','18:21:00','18:21:00','3616878','5','',''),
('8025009971670506','18:22:00','18:22:00','3616868','6','',''),
('8025009971670506','18:23:00','18:23:00','3616879','7','',''),
('8025009971670506','18:24:00','18:24:00','3616866','8','',''),
('8125009971670506','18:26:00','18:26:00','3616877','1','',''),
('8125009971670506','18:27:00','18:27:00','3616875','2','',''),
('8125009971670506','18:27:00','18:27:00','3616873','3','',''),
('8125009971670506','18:28:00','18:28:00','3616871','4','',''),
('8125009971670506','18:31:00','18:31:00','3616878','5','',''),
('8125009971670506','18:32:00','18:32:00','3616868','6','',''),
('8125009971670506','18:33:00','18:33:00','3616879','7','',''),
('8125009971670506','18:34:00','18:34:00','3616866','8','',''),
('8225009971670506','18:36:00','18:36:00','3616877','1','',''),
('8225009971670506','18:37:00','18:37:00','3616875','2','',''),
('8225009971670506','18:37:00','18:37:00','3616873','3','',''),
('8225009971670506','18:38:00','18:38:00','3616871','4','',''),
('8225009971670506','18:41:00','18:41:00','3616878','5','',''),
('8225009971670506','18:42:00','18:42:00','3616868','6','',''),
('8225009971670506','18:43:00','18:43:00','3616879','7','',''),
('8225009971670506','18:44:00','18:44:00','3616866','8','',''),
('825009971670506','08:36:00','08:36:00','3616877','1','',''),
('825009971670506','08:37:00','08:37:00','3616875','2','',''),
('825009971670506','08:37:00','08:37:00','3616873','3','',''),
('825009971670506','08:38:00','08:38:00','3616871','4','',''),
('825009971670506','08:41:00','08:41:00','3616878','5','',''),
('825009971670506','08:42:00','08:42:00','3616868','6','',''),
('825009971670506','08:43:00','08:43:00','3616879','7','',''),
('825009971670506','08:44:00','08:44:00','3616866','8','',''),
('8325009971670506','18:42:00','18:42:00','3616877','1','',''),
('8325009971670506','18:43:00','18:43:00','3616875','2','',''),
('8325009971670506','18:43:00','18:43:00','3616873','3','',''),
('8325009971670506','18:44:00','18:44:00','3616871','4','',''),
('8325009971670506','18:47:00','18:47:00','3616878','5','',''),
('8325009971670506','18:48:00','18:48:00','3616868','6','',''),
('8325009971670506','18:49:00','18:49:00','3616879','7','',''),
('8325009971670506','18:50:00','18:50:00','3616866','8','',''),
('8425009971670506','18:48:00','18:48:00','3616877','1','',''),
('8425009971670506','18:49:00','18:49:00','3616875','2','',''),
('8425009971670506','18:49:00','18:49:00','3616873','3','',''),
('8425009971670506','18:50:00','18:50:00','3616871','4','',''),
('8425009971670506','18:53:00','18:53:00','3616878','5','',''),
('8425009971670506','18:54:00','18:54:00','3616868','6','',''),
('8425009971670506','18:55:00','18:55:00','3616879','7','',''),
('8425009971670506','18:56:00','18:56:00','3616866','8','',''),
('8525009971670506','18:54:00','18:54:00','3616877','1','',''),
('8525009971670506','18:55:00','18:55:00','3616875','2','',''),
('8525009971670506','18:55:00','18:55:00','3616873','3','',''),
('8525009971670506','18:56:00','18:56:00','3616871','4','',''),
('8525009971670506','18:59:00','18:59:00','3616878','5','',''),
('8525009971670506','19:00:00','19:00:00','3616868','6','',''),
('8525009971670506','19:01:00','19:01:00','3616879','7','',''),
('8525009971670506','19:02:00','19:02:00','3616866','8','',''),
('8625009971670506','19:11:00','19:11:00','3616877','1','',''),
('8625009971670506','19:12:00','19:12:00','3616875','2','',''),
('8625009971670506','19:12:00','19:12:00','3616873','3','',''),
('8625009971670506','19:13:00','19:13:00','3616871','4','',''),
('8625009971670506','19:16:00','19:16:00','3616878','5','',''),
('8625009971670506','19:17:00','19:17:00','3616868','6','',''),
('8625009971670506','19:18:00','19:18:00','3616879','7','',''),
('8625009971670506','19:19:00','19:19:00','3616866','8','',''),
('8725009971670506','19:21:00','19:21:00','3616877','1','',''),
('8725009971670506','19:22:00','19:22:00','3616875','2','',''),
('8725009971670506','19:22:00','19:22:00','3616873','3','',''),
('8725009971670506','19:23:00','19:23:00','3616871','4','',''),
('8725009971670506','19:26:00','19:26:00','3616878','5','',''),
('8725009971670506','19:27:00','19:27:00','3616868','6','',''),
('8725009971670506','19:28:00','19:28:00','3616879','7','',''),
('8725009971670506','19:29:00','19:29:00','3616866','8','',''),
('8825009971670506','19:32:00','19:32:00','3616877','1','',''),
('8825009971670506','19:33:00','19:33:00','3616875','2','',''),
('8825009971670506','19:33:00','19:33:00','3616873','3','',''),
('8825009971670506','19:34:00','19:34:00','3616871','4','',''),
('8825009971670506','19:37:00','19:37:00','3616878','5','',''),
('8825009971670506','19:38:00','19:38:00','3616868','6','',''),
('8825009971670506','19:39:00','19:39:00','3616879','7','',''),
('8825009971670506','19:40:00','19:40:00','3616866','8','',''),
('8925009971670506','19:56:00','19:56:00','3616877','1','',''),
('8925009971670506','19:57:00','19:57:00','3616875','2','',''),
('8925009971670506','19:57:00','19:57:00','3616873','3','',''),
('8925009971670506','19:58:00','19:58:00','3616871','4','',''),
('8925009971670506','20:01:00','20:01:00','3616878','5','',''),
('8925009971670506','20:02:00','20:02:00','3616868','6','',''),
('8925009971670506','20:03:00','20:03:00','3616879','7','',''),
('8925009971670506','20:04:00','20:04:00','3616866','8','',''),
('9025009971670506','20:20:00','20:20:00','3616877','1','',''),
('9025009971670506','20:21:00','20:21:00','3616875','2','',''),
('9025009971670506','20:21:00','20:21:00','3616873','3','',''),
('9025009971670506','20:22:00','20:22:00','3616871','4','',''),
('9025009971670506','20:25:00','20:25:00','3616878','5','',''),
('9025009971670506','20:26:00','20:26:00','3616868','6','',''),
('9025009971670506','20:27:00','20:27:00','3616879','7','',''),
('9025009971670506','20:28:00','20:28:00','3616866','8','',''),
('925009971670506','08:41:00','08:41:00','3616877','1','',''),
('925009971670506','08:42:00','08:42:00','3616875','2','',''),
('925009971670506','08:42:00','08:42:00','3616873','3','',''),
('925009971670506','08:43:00','08:43:00','3616871','4','',''),
('925009971670506','08:46:00','08:46:00','3616878','5','',''),
('925009971670506','08:47:00','08:47:00','3616868','6','',''),
('925009971670506','08:48:00','08:48:00','3616879','7','',''),
('925009971670506','08:49:00','08:49:00','3616866','8','','');
INSERT INTO calendar (service_id,monday,tuesday,wednesday,thursday,friday,saturday,sunday,start_date,end_date) VALUES
('2500997','0','0','0','0','0','0','0','20171221','20180619'),
('2500998','0','0','0','0','0','0','0','20171221','20180619');
INSERT INTO calendar_dates (service_id,date,exception_type) VALUES
('2500997','20171221','1'),
('2500997','20171222','1'),
('2500997','20171226','1'),
('2500997','20171227','1'),
('2500997','20171228','1'),
('2500997','20171229','1'),
('2500997','20180102','1'),
('2500997','20180103','1'),
('2500997','20180104','1'),
('2500997','20180105','1'),
('2500997','20180108','1'),
('2500997','20180109','1'),
('2500997','20180110','1'),
('2500997','20180111','1'),
('2500997','20180112','1'),
('2500997','20180115','1'),
('2500997','20180116','1'),
('2500997','20180117','1'),
('2500997','20180118','1'),
('2500997','20180119','1'),
('2500997','20180122','1'),
('2500997','20180123','1'),
('2500997','20180124','1'),
('2500997','20180125','1'),
('2500997','20180126','1'),
('2500997','20180129','1'),
('2500997','20180130','1'),
('2500997','20180131','1'),
('2500997','20180201','1'),
('2500997','20180202','1'),
('2500997','20180205','1'),
('2500997','20180206','1'),
('2500997','20180207','1'),
('2500997','20180208','1'),
('2500997','20180209','1'),
('2500997','20180212','1'),
('2500997','20180213','1'),
('2500997','20180214','1'),
('2500997','20180215','1'),
('2500997','20180216','1'),
('2500997','20180219','1'),
('2500997','20180220','1'),
('2500997','20180221','1'),
('2500997','20180222','1'),
('2500997','20180223','1'),
('2500997','20180226','1'),
('2500997','20180227','1'),
('2500997','20180228','1'),
('2500997','20180301','1'),
('2500997','20180302','1'),
('2500997','20180305','1'),
('2500997','20180306','1'),
('2500997','20180307','1'),
('2500997','20180308','1'),
('2500997','20180309','1'),
('2500997','20180312','1'),
('2500997','20180313','1'),
('2500997','20180314','1'),
('2500997','20180315','1'),
('2500997','20180316','1'),
('2500997','20180319','1'),
('2500997','20180320','1'),
('2500997','20180321','1'),
('2500997','20180322','1'),
('2500997','20180323','1'),
('2500997','20180326','1'),
('2500997','20180327','1'),
('2500997','20180328','1'),
('2500997','20180329','1'),
('2500997','20180330','1'),
('2500997','20180403','1'),
('2500997','20180404','1'),
('2500997','20180405','1'),
('2500997','20180406','1'),
('2500997','20180409','1'),
('2500997','20180410','1'),
('2500997','20180411','1'),
('2500997','20180412','1'),
('2500997','20180413','1'),
('2500997','20180416','1'),
('2500997','20180417','1'),
('2500997','20180418','1'),
('2500997','20180419','1'),
('2500997','20180420','1'),
('2500997','20180423','1'),
('2500997','20180424','1'),
('2500997','20180425','1'),
('2500997','20180426','1'),
('2500997','20180427','1'),
('2500997','20180430','1'),
('2500997','20180502','1'),
('2500997','20180503','1'),
('2500997','20180504','1'),
('2500997','20180507','1'),
('2500997','20180509','1'),
('2500997','20180511','1'),
('2500997','20180514','1'),
('2500997','20180515','1'),
('2500997','20180516','1'),
('2500997','20180517','1'),
('2500997','20180518','1'),
('2500997','20180522','1'),
('2500997','20180523','1'),
('2500997','20180524','1'),
('2500997','20180525','1'),
('2500997','20180528','1'),
('2500997','20180529','1'),
('2500997','20180530','1'),
('2500997','20180531','1'),
('2500997','20180601','1'),
('2500997','20180604','1'),
('2500997','20180605','1'),
('2500997','20180606','1'),
('2500997','20180607','1'),
('2500997','20180608','1'),
('2500997','20180611','1'),
('2500997','20180612','1'),
('2500997','20180613','1'),
('2500997','20180614','1'),
('2500997','20180615','1'),
('2500997','20180618','1'),
('2500997','20180619','1'),
('2500998','20171221','1'),
('2500998','20171222','1'),
('2500998','20171226','1'),
('2500998','20171227','1'),
('2500998','20171228','1'),
('2500998','20171229','1'),
('2500998','20180102','1'),
('2500998','20180103','1'),
('2500998','20180104','1'),
('2500998','20180105','1'),
('2500998','20180108','1'),
('2500998','20180109','1'),
('2500998','20180110','1'),
('2500998','20180111','1'),
('2500998','20180112','1'),
('2500998','20180115','1'),
('2500998','20180116','1'),
('2500998','20180117','1'),
('2500998','20180118','1'),
('2500998','20180119','1'),
('2500998','20180122','1'),
('2500998','20180123','1'),
('2500998','20180124','1'),
('2500998','20180125','1'),
('2500998','20180126','1'),
('2500998','20180129','1'),
('2500998','20180130','1'),
('2500998','20180131','1'),
('2500998','20180201','1'),
('2500998','20180202','1'),
('2500998','20180205','1'),
('2500998','20180206','1'),
('2500998','20180207','1'),
('2500998','20180208','1'),
('2500998','20180209','1'),
('2500998','20180212','1'),
('2500998','20180213','1'),
('2500998','20180214','1'),
('2500998','20180215','1'),
('2500998','20180216','1'),
('2500998','20180219','1'),
('2500998','20180220','1'),
('2500998','20180221','1'),
('2500998','20180222','1'),
('2500998','20180223','1'),
('2500998','20180226','1'),
('2500998','20180227','1'),
('2500998','20180228','1'),
('2500998','20180301','1'),
('2500998','20180302','1'),
('2500998','20180305','1'),
('2500998','20180306','1'),
('2500998','20180307','1'),
('2500998','20180308','1'),
('2500998','20180309','1'),
('2500998','20180312','1'),
('2500998','20180313','1'),
('2500998','20180314','1'),
('2500998','20180315','1'),
('2500998','20180316','1'),
('2500998','20180319','1'),
('2500998','20180320','1'),
('2500998','20180321','1'),
('2500998','20180322','1'),
('2500998','20180323','1'),
('2500998','20180326','1'),
('2500998','20180327','1'),
('2500998','20180328','1'),
('2500998','20180329','1'),
('2500998','20180330','1'),
('2500998','20180403','1'),
('2500998','20180404','1'),
('2500998','20180405','1'),
('2500998','20180406','1'),
('2500998','20180409','1'),
('2500998','20180410','1'),
('2500998','20180411','1'),
('2500998','20180412','1'),
('2500998','20180413','1'),
('2500998','20180416','1'),
('2500998','20180417','1'),
('2500998','20180418','1'),
('2500998','20180419','1'),
('2500998','20180420','1'),
('2500998','20180423','1'),
('2500998','20180424','1'),
('2500998','20180425','1'),
('2500998','20180426','1'),
('2500998','20180427','1'),
('2500998','20180430','1'),
('2500998','20180502','1'),
('2500998','20180503','1'),
('2500998','20180504','1'),
('2500998','20180507','1'),
('2500998','20180509','1'),
('2500998','20180511','1'),
('2500998','20180514','1'),
('2500998','20180515','1'),
('2500998','20180516','1'),
('2500998','20180517','1'),
('2500998','20180518','1'),
('2500998','20180522','1'),
('2500998','20180523','1'),
('2500998','20180524','1'),
('2500998','20180525','1'),
('2500998','20180528','1'),
('2500998','20180529','1'),
('2500998','20180530','1'),
('2500998','20180531','1'),
('2500998','20180601','1'),
('2500998','20180604','1'),
('2500998','20180605','1'),
('2500998','20180606','1'),
('2500998','20180607','1'),
('2500998','20180608','1'),
('2500998','20180611','1'),
('2500998','20180612','1'),
('2500998','20180613','1'),
('2500998','20180614','1'),
('2500998','20180615','1'),
('2500998','20180618','1'),
('2500998','20180619','1');
INSERT INTO routes (route_id,agency_id,route_short_name,route_long_name,route_desc,route_type,route_url,route_color,route_text_color) VALUES
('1553191','100','520','(BRY-SUR-MARNE RER <-> (LES HAUTS DE BRY)) - Retour','','3','','FFFFFF','000000'),
('1787788','100','520','(BRY-SUR-MARNE RER <-> LES HAUTS DE BRY) - Aller','','3','','FFFFFF','000000'),
('1787789','100','520','(BRY-SUR-MARNE RER <-> LES HAUTS DE BRY) - Retour','','3','','FFFFFF','000000');
INSERT INTO agency (agency_id,agency_name,agency_url,agency_timezone,agency_lang,agency_phone) VALUES
('100','RATP (100)','http://www.ratp.fr/','CET','','');
INSERT INTO trips (route_id,service_id,trip_id,trip_headsign,trip_short_name,direction_id,shape_id) VALUES
('1553191','2500998','125009981670508','','1','1',''),
('1553191','2500998','225009981670508','','2','1',''),
('1553191','2500998','325009981670508','','3','1',''),
('1553191','2500998','425009981670508','','4','1',''),
('1553191','2500998','525009981670508','','5','1',''),
('1553191','2500998','625009981670508','','6','1',''),
('1553191','2500998','725009981670508','','7','1',''),
('1553191','2500998','825009981670508','','8','1',''),
('1787788','2500997','1025009971670507','','10','0',''),
('1787788','2500997','1125009971670507','','11','0',''),
('1787788','2500997','1225009971670507','','12','0',''),
('1787788','2500997','125009971670507','','1','0',''),
('1787788','2500997','1325009971670507','','13','0',''),
('1787788','2500997','1425009971670507','','14','0',''),
('1787788','2500997','1525009971670507','','15','0',''),
('1787788','2500997','1625009971670507','','16','0',''),
('1787788','2500997','1725009971670507','','17','0',''),
('1787788','2500997','1825009971670507','','18','0',''),
('1787788','2500997','1925009971670507','','19','0',''),
('1787788','2500997','2025009971670507','','20','0',''),
('1787788','2500997','2125009971670507','','21','0',''),
('1787788','2500997','2225009971670507','','22','0',''),
('1787788','2500997','225009971670507','','2','0',''),
('1787788','2500997','2325009971670507','','23','0',''),
('1787788','2500997','2425009971670507','','24','0',''),
('1787788','2500997','2525009971670507','','25','0',''),
('1787788','2500997','2625009971670507','','26','0',''),
('1787788','2500997','2725009971670507','','27','0',''),
('1787788','2500997','2825009971670507','','28','0',''),
('1787788','2500997','2925009971670507','','29','0',''),
('1787788','2500997','3025009971670507','','30','0',''),
('1787788','2500997','3125009971670507','','31','0',''),
('1787788','2500997','3225009971670507','','32','0',''),
('1787788','2500997','325009971670507','','3','0',''),
('1787788','2500997','3325009971670507','','33','0',''),
('1787788','2500997','3425009971670507','','34','0',''),
('1787788','2500997','3525009971670507','','35','0',''),
('1787788','2500997','3625009971670507','','36','0',''),
('1787788','2500997','3725009971670507','','37','0',''),
('1787788','2500997','3825009971670507','','38','0',''),
('1787788','2500997','3925009971670507','','39','0',''),
('1787788','2500997','4025009971670507','','40','0',''),
('1787788','2500997','4125009971670507','','41','0',''),
('1787788','2500997','4225009971670507','','42','0',''),
('1787788','2500997','425009971670507','','4','0',''),
('1787788','2500997','4325009971670507','','43','0',''),
('1787788','2500997','4425009971670507','','44','0',''),
('1787788','2500997','4525009971670507','','45','0',''),
('1787788','2500997','4625009971670507','','46','0',''),
('1787788','2500997','4725009971670507','','47','0',''),
('1787788','2500997','4825009971670507','','48','0',''),
('1787788','2500997','4925009971670507','','49','0',''),
('1787788','2500997','5025009971670507','','50','0',''),
('1787788','2500997','5125009971670507','','51','0',''),
('1787788','2500997','5225009971670507','','52','0',''),
('1787788','2500997','525009971670507','','5','0',''),
('1787788','2500997','5325009971670507','','53','0',''),
('1787788','2500997','5425009971670507','','54','0',''),
('1787788','2500997','5525009971670507','','55','0',''),
('1787788','2500997','5625009971670507','','56','0',''),
('1787788','2500997','5725009971670507','','57','0',''),
('1787788','2500997','5825009971670507','','58','0',''),
('1787788','2500997','5925009971670507','','59','0',''),
('1787788','2500997','6025009971670507','','60','0',''),
('1787788','2500997','6125009971670507','','61','0',''),
('1787788','2500997','6225009971670507','','62','0',''),
('1787788','2500997','625009971670507','','6','0',''),
('1787788','2500997','6325009971670507','','63','0',''),
('1787788','2500997','6425009971670507','','64','0',''),
('1787788','2500997','6525009971670507','','65','0',''),
('1787788','2500997','6625009971670507','','66','0',''),
('1787788','2500997','6725009971670507','','67','0',''),
('1787788','2500997','6825009971670507','','68','0',''),
('1787788','2500997','6925009971670507','','69','0',''),
('1787788','2500997','7025009971670507','','70','0',''),
('1787788','2500997','7125009971670507','','71','0',''),
('1787788','2500997','7225009971670507','','72','0',''),
('1787788','2500997','725009971670507','','7','0',''),
('1787788','2500997','7325009971670507','','73','0',''),
('1787788','2500997','7425009971670507','','74','0',''),
('1787788','2500997','7525009971670507','','75','0',''),
('1787788','2500997','7625009971670507','','76','0',''),
('1787788','2500997','7725009971670507','','77','0',''),
('1787788','2500997','7825009971670507','','78','0',''),
('1787788','2500997','7925009971670507','','79','0',''),
('1787788','2500997','8025009971670507','','80','0',''),
('1787788','2500997','8125009971670507','','81','0',''),
('1787788','2500997','8225009971670507','','82','0',''),
('1787788','2500997','825009971670507','','8','0',''),
('1787788','2500997','8325009971670507','','83','0',''),
('1787788','2500997','8425009971670507','','84','0',''),
('1787788','2500997','8525009971670507','','85','0',''),
('1787788','2500997','8625009971670507','','86','0',''),
('1787788','2500997','8725009971670507','','87','0',''),
('1787788','2500997','8825009971670507','','88','0',''),
('1787788','2500997','8925009971670507','','89','0',''),
('1787788','2500997','9025009971670507','','90','0',''),
('1787788','2500997','9125009971670507','','91','0',''),
('1787788','2500997','9225009971670507','','92','0',''),
('1787788','2500997','925009971670507','','9','0',''),
('1787788','2500997','9325009971670507','','93','0',''),
('1787788','2500997','9425009971670507','','94','0',''),
('1787788','2500997','9525009971670507','','95','0',''),
('1787788','2500997','9625009971670507','','96','0',''),
('1787788','2500997','9725009971670507','','97','0',''),
('1787788','2500997','9825009971670507','','98','0',''),
('1787789','2500997','1025009971670506','','10','1',''),
('1787789','2500997','1125009971670506','','11','1',''),
('1787789','2500997','1225009971670506','','12','1',''),
('1787789','2500997','125009971670506','','1','1',''),
('1787789','2500997','1325009971670506','','13','1',''),
('1787789','2500997','1425009971670506','','14','1',''),
('1787789','2500997','1525009971670506','','15','1',''),
('1787789','2500997','1625009971670506','','16','1',''),
('1787789','2500997','1725009971670506','','17','1',''),
('1787789','2500997','1825009971670506','','18','1',''),
('1787789','2500997','1925009971670506','','19','1',''),
('1787789','2500997','2025009971670506','','20','1',''),
('1787789','2500997','2125009971670506','','21','1',''),
('1787789','2500997','2225009971670506','','22','1',''),
('1787789','2500997','225009971670506','','2','1',''),
('1787789','2500997','2325009971670506','','23','1',''),
('1787789','2500997','2425009971670506','','24','1',''),
('1787789','2500997','2525009971670506','','25','1',''),
('1787789','2500997','2625009971670506','','26','1',''),
('1787789','2500997','2725009971670506','','27','1',''),
('1787789','2500997','2825009971670506','','28','1',''),
('1787789','2500997','2925009971670506','','29','1',''),
('1787789','2500997','3025009971670506','','30','1',''),
('1787789','2500997','3125009971670506','','31','1',''),
('1787789','2500997','3225009971670506','','32','1',''),
('1787789','2500997','325009971670506','','3','1',''),
('1787789','2500997','3325009971670506','','33','1',''),
('1787789','2500997','3425009971670506','','34','1',''),
('1787789','2500997','3525009971670506','','35','1',''),
('1787789','2500997','3625009971670506','','36','1',''),
('1787789','2500997','3725009971670506','','37','1',''),
('1787789','2500997','3825009971670506','','38','1',''),
('1787789','2500997','3925009971670506','','39','1',''),
('1787789','2500997','4025009971670506','','40','1',''),
('1787789','2500997','4125009971670506','','41','1',''),
('1787789','2500997','4225009971670506','','42','1',''),
('1787789','2500997','425009971670506','','4','1',''),
('1787789','2500997','4325009971670506','','43','1',''),
('1787789','2500997','4425009971670506','','44','1',''),
('1787789','2500997','4525009971670506','','45','1',''),
('1787789','2500997','4625009971670506','','46','1',''),
('1787789','2500997','4725009971670506','','47','1',''),
('1787789','2500997','4825009971670506','','48','1',''),
('1787789','2500997','4925009971670506','','49','1',''),
('1787789','2500997','5025009971670506','','50','1',''),
('1787789','2500997','5125009971670506','','51','1',''),
('1787789','2500997','5225009971670506','','52','1',''),
('1787789','2500997','525009971670506','','5','1',''),
('1787789','2500997','5325009971670506','','53','1',''),
('1787789','2500997','5425009971670506','','54','1',''),
('1787789','2500997','5525009971670506','','55','1',''),
('1787789','2500997','5625009971670506','','56','1',''),
('1787789','2500997','5725009971670506','','57','1',''),
('1787789','2500997','5825009971670506','','58','1',''),
('1787789','2500997','5925009971670506','','59','1',''),
('1787789','2500997','6025009971670506','','60','1',''),
('1787789','2500997','6125009971670506','','61','1',''),
('1787789','2500997','6225009971670506','','62','1',''),
('1787789','2500997','625009971670506','','6','1',''),
('1787789','2500997','6325009971670506','','63','1',''),
('1787789','2500997','6425009971670506','','64','1',''),
('1787789','2500997','6525009971670506','','65','1',''),
('1787789','2500997','6625009971670506','','66','1',''),
('1787789','2500997','6725009971670506','','67','1',''),
('1787789','2500997','6825009971670506','','68','1',''),
('1787789','2500997','6925009971670506','','69','1',''),
('1787789','2500997','7025009971670506','','70','1',''),
('1787789','2500997','7125009971670506','','71','1',''),
('1787789','2500997','7225009971670506','','72','1',''),
('1787789','2500997','725009971670506','','7','1',''),
('1787789','2500997','7325009971670506','','73','1',''),
('1787789','2500997','7425009971670506','','74','1',''),
('1787789','2500997','7525009971670506','','75','1',''),
('1787789','2500997','7625009971670506','','76','1',''),
('1787789','2500997','7725009971670506','','77','1',''),
('1787789','2500997','7825009971670506','','78','1',''),
('1787789','2500997','7925009971670506','','79','1',''),
('1787789','2500997','8025009971670506','','80','1',''),
('1787789','2500997','8125009971670506','','81','1',''),
('1787789','2500997','8225009971670506','','82','1',''),
('1787789','2500997','825009971670506','','8','1',''),
('1787789','2500997','8325009971670506','','83','1',''),
('1787789','2500997','8425009971670506','','84','1',''),
('1787789','2500997','8525009971670506','','85','1',''),
('1787789','2500997','8625009971670506','','86','1',''),
('1787789','2500997','8725009971670506','','87','1',''),
('1787789','2500997','8825009971670506','','88','1',''),
('1787789','2500997','8925009971670506','','89','1',''),
('1787789','2500997','9025009971670506','','90','1',''),
('1787789','2500997','925009971670506','','9','1','');
INSERT INTO transfers (from_stop_id,to_stop_id,transfer_type,min_transfer_time) VALUES
('3616865','4028877','2','15'),
('3616887','2129','2','211'),
('3616870','4614247','2','15'),
('3616873','4614246','2','23'),
('3616866','4028811','2','54'),
('3616866','4028810','2','47'),
('3616887','3708146','2','60'),
('3616865','4028878','2','9'),
('3616866','2010','2','209'),
('3616887','4028810','2','15'),
('3616887','4028914','2','9'),
('3616887','4028811','2','9'),
('3616865','2010','2','211'),
('3616866','2129','2','209'),
('3616883','4614248','2','15'),
('3616866','4208517','2','42'),
('3616872','4614245','2','23'),
('3616866','4208518','2','42'),
('3616880','4614246','2','105'),
('3616865','3686084','2','60'),
('3616880','4614245','2','91'),
('3616886','3682635','2','27'),
('3616871','4614248','2','15'),
('3616865','3682633','2','18'),
('3616865','3682634','2','18'),
('3616865','2129','2','211'),
('3616865','4028811','2','9'),
('3616865','4028810','2','15'),
('3616865','4614234','2','9'),
('3616865','4614233','2','15'),
('3616881','4614243','2','34'),
('3616887','4028877','2','15'),
('3616877','4614246','2','105'),
('3616877','4614245','2','91'),
('3616881','4614244','2','20'),
('3616865','3922317','2','60'),
('3616887','4614233','2','15'),
('3616879','3682635','2','27'),
('3616887','4614234','2','9'),
('3616887','4028878','2','9'),
('3616865','4208517','2','18'),
('3616865','4208518','2','18'),
('3616874','4614243','2','15'),
('3616887','4208517','2','18'),
('3616887','4208518','2','18'),
('3616866','4028877','2','47'),
('3616866','4028878','2','54'),
('3616887','3682633','2','18'),
('3616887','3682634','2','18'),
('3616876','4614245','2','91'),
('3616882','4614246','2','23'),
('3616887','2010','2','211'),
('3616876','4614246','2','105'),
('3616887','3686084','2','60'),
('3616866','4614233','2','47'),
('3616866','4614234','2','54'),
('3616875','4614244','2','20'),
('3616865','3708146','2','60'),
('3616866','4028914','2','54'),
('3616875','4614243','2','34'),
('3616886','4208519','2','27'),
('3616887','3922317','2','60'),
('3616866','3682634','2','42'),
('3616879','4208519','2','27'),
('3616866','3682633','2','42'),
('3616865','4028914','2','9');
INSERT INTO stops (stop_id,stop_code,stop_name,stop_desc,stop_lat,stop_lon,location_type,parent_station) VALUES
('3616881','','EUROPE','AV DE L''EUROPE - 94015','48.83440763232223','2.5305367411931674','0',''),
('3616872','','MOLIERE','AV DES FRERES LUMIERE - 94015','48.83614857791696','2.53216338463','0',''),
('3616871','','LA FONTAINE','AV DES FRERES LUMIERE - 94015','48.83798644590723','2.5349478013371','0',''),
('3616880','','LES HAUTS DE BRY','VOIE PRIVEE - 94015','48.83567887624975','2.5335911585549136','0',''),
('3616874','','EUROPE','AV DE L''EUROPE - 94015','48.834435102950806','2.5302237140784376','0',''),
('3616873','','MOLIERE','AV DES FRERES LUMIERE - 94015','48.83623791810155','2.532490475383087','0',''),
('3616885','','CLEMENCEAU','1 RUE LEON MENU - 94015','48.84422929758358','2.531621835506577','0',''),
('3616884','','LAMARTINE','17-19 RUE LEON MENU - 94015','48.8426003519002','2.5329637627590316','0',''),
('3616883','','LA FONTAINE','AV DES FRERES LUMIERE - 94015','48.83798644590723','2.5349478013371','0',''),
('3616870','','LA FONTAINE','8 AV DES FRERES LUMIERE - 94015','48.83813918886252','2.5349756139390753','0',''),
('3616882','','MOLIERE','AV DES FRERES LUMIERE - 94015','48.83623791810155','2.532490475383087','0',''),
('3616879','','MARX DORMOY-CARNOT','FACE 8 BOULEVARD DU MARECHAL FOCH - 93051','48.845457082416395','2.5282357489753844','0',''),
('3616887','','BRY-SUR-MARNE RER','AVENUE ETIENNE DE SILHOUETTE - 94015','48.8440225144832','2.5260790072465844','0',''),
('3616869','','FRANCOIS DE TROY','R FRANCOIS DE TROY - 94015','48.84176361706178','2.5335052561815465','0',''),
('3616868','','CLEMENCEAU','1 RUE LEON MENU - 94015','48.84422929758358','2.531621835506577','0',''),
('3616886','','MARX DORMOY-CARNOT','FACE 8 BOULEVARD DU MARECHAL FOCH - 93051','48.845457082416395','2.5282357489753844','0',''),
('3616876','','LES HAUTS DE BRY','VOIE PRIVEE - 94015','48.83567887624975','2.5335911585549136','0',''),
('3616867','','CLEMENCEAU','FACE 1 RUE DE LA GARENNE - 94015','48.843540466522846','2.52964483125536','0',''),
('3616866','','BRY-SUR-MARNE RER','BD DU GENERAL GALLIENI - 94015','48.84462471993193','2.526053965223131','0',''),
('3616875','','EUROPE','AV DE L''EUROPE - 94015','48.83440763232223','2.5305367411931674','0',''),
('3616878','','LAMARTINE','17-19 RUE LEON MENU - 94015','48.8426003519002','2.5329637627590316','0',''),
('3616865','','BRY-SUR-MARNE RER','AVENUE ETIENNE DE SILHOUETTE - 94015','48.8440225144832','2.5260790072465844','0',''),
('3616877','','LES HAUTS DE BRY','VOIE PRIVEE - 94015','48.83567887624975','2.5335911585549136','0','');
