INSERT INTO stop_times (trip_id,arrival_time,departure_time,stop_id,stop_sequence,stop_headsign,shape_dist_traveled) VALUES
('1025243951392358','18:27:00','18:27:00','5761316','1','',''),
('1025243951392358','18:28:00','18:28:00','5761318','2','',''),
('1025243951392358','18:30:00','18:30:00','5761320','3','',''),
('1025243951392358','18:31:00','18:31:00','5761321','4','',''),
('1025243951392358','18:33:00','18:33:00','5761323','5','',''),
('1025243961392358','18:27:00','18:27:00','5761316','1','',''),
('1025243961392358','18:28:00','18:28:00','5761318','2','',''),
('1025243961392358','18:30:00','18:30:00','5761320','3','',''),
('1025243961392358','18:31:00','18:31:00','5761321','4','',''),
('1025243961392358','18:33:00','18:33:00','5761323','5','',''),
('1125243951392358','18:42:00','18:42:00','5761316','1','',''),
('1125243951392358','18:43:00','18:43:00','5761318','2','',''),
('1125243951392358','18:45:00','18:45:00','5761320','3','',''),
('1125243951392358','18:46:00','18:46:00','5761321','4','',''),
('1125243951392358','18:48:00','18:48:00','5761323','5','',''),
('1125243961392358','18:42:00','18:42:00','5761316','1','',''),
('1125243961392358','18:43:00','18:43:00','5761318','2','',''),
('1125243961392358','18:45:00','18:45:00','5761320','3','',''),
('1125243961392358','18:46:00','18:46:00','5761321','4','',''),
('1125243961392358','18:48:00','18:48:00','5761323','5','',''),
('1225243951392358','19:08:00','19:08:00','5761316','1','',''),
('1225243951392358','19:09:00','19:09:00','5761318','2','',''),
('1225243951392358','19:11:00','19:11:00','5761320','3','',''),
('1225243951392358','19:12:00','19:12:00','5761321','4','',''),
('1225243951392358','19:14:00','19:14:00','5761323','5','',''),
('1225243961392358','19:08:00','19:08:00','5761316','1','',''),
('1225243961392358','19:09:00','19:09:00','5761318','2','',''),
('1225243961392358','19:11:00','19:11:00','5761320','3','',''),
('1225243961392358','19:12:00','19:12:00','5761321','4','',''),
('1225243961392358','19:14:00','19:14:00','5761323','5','',''),
('125243951392358','07:07:00','07:07:00','5761316','1','',''),
('125243951392358','07:08:00','07:08:00','5761318','2','',''),
('125243951392358','07:10:00','07:10:00','5761320','3','',''),
('125243951392358','07:11:00','07:11:00','5761321','4','',''),
('125243951392358','07:13:00','07:13:00','5761323','5','',''),
('125243961392358','07:07:00','07:07:00','5761316','1','',''),
('125243961392358','07:08:00','07:08:00','5761318','2','',''),
('125243961392358','07:10:00','07:10:00','5761320','3','',''),
('125243961392358','07:11:00','07:11:00','5761321','4','',''),
('125243961392358','07:13:00','07:13:00','5761323','5','',''),
('1325243951392358','19:23:00','19:23:00','5761316','1','',''),
('1325243951392358','19:24:00','19:24:00','5761318','2','',''),
('1325243951392358','19:26:00','19:26:00','5761320','3','',''),
('1325243951392358','19:27:00','19:27:00','5761321','4','',''),
('1325243951392358','19:29:00','19:29:00','5761323','5','',''),
('1325243961392358','19:23:00','19:23:00','5761316','1','',''),
('1325243961392358','19:24:00','19:24:00','5761318','2','',''),
('1325243961392358','19:26:00','19:26:00','5761320','3','',''),
('1325243961392358','19:27:00','19:27:00','5761321','4','',''),
('1325243961392358','19:29:00','19:29:00','5761323','5','',''),
('225243951392358','07:22:00','07:22:00','5761316','1','',''),
('225243951392358','07:23:00','07:23:00','5761318','2','',''),
('225243951392358','07:25:00','07:25:00','5761320','3','',''),
('225243951392358','07:26:00','07:26:00','5761321','4','',''),
('225243951392358','07:28:00','07:28:00','5761323','5','',''),
('225243961392358','07:22:00','07:22:00','5761316','1','',''),
('225243961392358','07:23:00','07:23:00','5761318','2','',''),
('225243961392358','07:25:00','07:25:00','5761320','3','',''),
('225243961392358','07:26:00','07:26:00','5761321','4','',''),
('225243961392358','07:28:00','07:28:00','5761323','5','',''),
('325243951392358','07:37:00','07:37:00','5761316','1','',''),
('325243951392358','07:38:00','07:38:00','5761318','2','',''),
('325243951392358','07:40:00','07:40:00','5761320','3','',''),
('325243951392358','07:41:00','07:41:00','5761321','4','',''),
('325243951392358','07:43:00','07:43:00','5761323','5','',''),
('325243961392358','07:37:00','07:37:00','5761316','1','',''),
('325243961392358','07:38:00','07:38:00','5761318','2','',''),
('325243961392358','07:40:00','07:40:00','5761320','3','',''),
('325243961392358','07:41:00','07:41:00','5761321','4','',''),
('325243961392358','07:43:00','07:43:00','5761323','5','',''),
('425243951392358','07:52:00','07:52:00','5761316','1','',''),
('425243951392358','07:53:00','07:53:00','5761318','2','',''),
('425243951392358','07:55:00','07:55:00','5761320','3','',''),
('425243951392358','07:56:00','07:56:00','5761321','4','',''),
('425243951392358','07:58:00','07:58:00','5761323','5','',''),
('425243961392358','07:52:00','07:52:00','5761316','1','',''),
('425243961392358','07:53:00','07:53:00','5761318','2','',''),
('425243961392358','07:55:00','07:55:00','5761320','3','',''),
('425243961392358','07:56:00','07:56:00','5761321','4','',''),
('425243961392358','07:58:00','07:58:00','5761323','5','',''),
('525243951392358','16:55:00','16:55:00','5761316','1','',''),
('525243951392358','16:57:00','16:57:00','5761318','2','',''),
('525243951392358','16:59:00','16:59:00','5761320','3','',''),
('525243951392358','17:00:00','17:00:00','5761321','4','',''),
('525243951392358','17:02:00','17:02:00','5761323','5','',''),
('525243961392358','16:55:00','16:55:00','5761316','1','',''),
('525243961392358','16:57:00','16:57:00','5761318','2','',''),
('525243961392358','16:59:00','16:59:00','5761320','3','',''),
('525243961392358','17:00:00','17:00:00','5761321','4','',''),
('525243961392358','17:02:00','17:02:00','5761323','5','',''),
('625243951392358','17:14:00','17:14:00','5761316','1','',''),
('625243951392358','17:16:00','17:16:00','5761318','2','',''),
('625243951392358','17:18:00','17:18:00','5761320','3','',''),
('625243951392358','17:19:00','17:19:00','5761321','4','',''),
('625243951392358','17:21:00','17:21:00','5761323','5','',''),
('625243961392358','17:14:00','17:14:00','5761316','1','',''),
('625243961392358','17:16:00','17:16:00','5761318','2','',''),
('625243961392358','17:18:00','17:18:00','5761320','3','',''),
('625243961392358','17:19:00','17:19:00','5761321','4','',''),
('625243961392358','17:21:00','17:21:00','5761323','5','',''),
('725243951392358','17:38:00','17:38:00','5761316','1','',''),
('725243951392358','17:40:00','17:40:00','5761318','2','',''),
('725243951392358','17:43:00','17:43:00','5761320','3','',''),
('725243951392358','17:44:00','17:44:00','5761321','4','',''),
('725243951392358','17:46:00','17:46:00','5761323','5','',''),
('725243961392358','17:38:00','17:38:00','5761316','1','',''),
('725243961392358','17:40:00','17:40:00','5761318','2','',''),
('725243961392358','17:43:00','17:43:00','5761320','3','',''),
('725243961392358','17:44:00','17:44:00','5761321','4','',''),
('725243961392358','17:46:00','17:46:00','5761323','5','',''),
('825243951392358','17:53:00','17:53:00','5761316','1','',''),
('825243951392358','17:54:00','17:54:00','5761318','2','',''),
('825243951392358','17:56:00','17:56:00','5761320','3','',''),
('825243951392358','17:57:00','17:57:00','5761321','4','',''),
('825243951392358','17:59:00','17:59:00','5761323','5','',''),
('825243961392358','17:53:00','17:53:00','5761316','1','',''),
('825243961392358','17:54:00','17:54:00','5761318','2','',''),
('825243961392358','17:56:00','17:56:00','5761320','3','',''),
('825243961392358','17:57:00','17:57:00','5761321','4','',''),
('825243961392358','17:59:00','17:59:00','5761323','5','',''),
('925243951392358','18:12:00','18:12:00','5761316','1','',''),
('925243951392358','18:13:00','18:13:00','5761318','2','',''),
('925243951392358','18:15:00','18:15:00','5761320','3','',''),
('925243951392358','18:16:00','18:16:00','5761321','4','',''),
('925243951392358','18:18:00','18:18:00','5761323','5','',''),
('925243961392358','18:12:00','18:12:00','5761316','1','',''),
('925243961392358','18:13:00','18:13:00','5761318','2','',''),
('925243961392358','18:15:00','18:15:00','5761320','3','',''),
('925243961392358','18:16:00','18:16:00','5761321','4','',''),
('925243961392358','18:18:00','18:18:00','5761323','5','',''),
('1025243951392357','18:20:00','18:20:00','5761324','1','',''),
('1025243951392357','18:23:00','18:23:00','5761322','2','',''),
('1025243951392357','18:25:00','18:25:00','5761319','3','',''),
('1025243951392357','18:26:00','18:26:00','5761317','4','',''),
('1025243961392357','18:20:00','18:20:00','5761324','1','',''),
('1025243961392357','18:23:00','18:23:00','5761322','2','',''),
('1025243961392357','18:25:00','18:25:00','5761319','3','',''),
('1025243961392357','18:26:00','18:26:00','5761317','4','',''),
('1125243951392357','18:35:00','18:35:00','5761324','1','',''),
('1125243951392357','18:37:00','18:37:00','5761322','2','',''),
('1125243951392357','18:39:00','18:39:00','5761319','3','',''),
('1125243951392357','18:40:00','18:40:00','5761317','4','',''),
('1125243961392357','18:35:00','18:35:00','5761324','1','',''),
('1125243961392357','18:37:00','18:37:00','5761322','2','',''),
('1125243961392357','18:39:00','18:39:00','5761319','3','',''),
('1125243961392357','18:40:00','18:40:00','5761317','4','',''),
('1225243951392357','19:00:00','19:00:00','5761324','1','',''),
('1225243951392357','19:02:00','19:02:00','5761322','2','',''),
('1225243951392357','19:05:00','19:05:00','5761319','3','',''),
('1225243951392357','19:06:00','19:06:00','5761317','4','',''),
('1225243961392357','19:00:00','19:00:00','5761324','1','',''),
('1225243961392357','19:02:00','19:02:00','5761322','2','',''),
('1225243961392357','19:05:00','19:05:00','5761319','3','',''),
('1225243961392357','19:06:00','19:06:00','5761317','4','',''),
('125243951392357','07:02:00','07:02:00','5761324','1','',''),
('125243951392357','07:04:00','07:04:00','5761322','2','',''),
('125243951392357','07:05:00','07:05:00','5761319','3','',''),
('125243951392357','07:06:00','07:06:00','5761317','4','',''),
('125243961392357','07:02:00','07:02:00','5761324','1','',''),
('125243961392357','07:04:00','07:04:00','5761322','2','',''),
('125243961392357','07:05:00','07:05:00','5761319','3','',''),
('125243961392357','07:06:00','07:06:00','5761317','4','',''),
('1325243951392357','19:15:00','19:15:00','5761324','1','',''),
('1325243951392357','19:17:00','19:17:00','5761322','2','',''),
('1325243951392357','19:19:00','19:19:00','5761319','3','',''),
('1325243951392357','19:20:00','19:20:00','5761317','4','',''),
('1325243961392357','19:15:00','19:15:00','5761324','1','',''),
('1325243961392357','19:17:00','19:17:00','5761322','2','',''),
('1325243961392357','19:19:00','19:19:00','5761319','3','',''),
('1325243961392357','19:20:00','19:20:00','5761317','4','',''),
('225243951392357','07:16:00','07:16:00','5761324','1','',''),
('225243951392357','07:18:00','07:18:00','5761322','2','',''),
('225243951392357','07:19:00','07:19:00','5761319','3','',''),
('225243951392357','07:20:00','07:20:00','5761317','4','',''),
('225243961392357','07:16:00','07:16:00','5761324','1','',''),
('225243961392357','07:18:00','07:18:00','5761322','2','',''),
('225243961392357','07:19:00','07:19:00','5761319','3','',''),
('225243961392357','07:20:00','07:20:00','5761317','4','',''),
('325243951392357','07:31:00','07:31:00','5761324','1','',''),
('325243951392357','07:33:00','07:33:00','5761322','2','',''),
('325243951392357','07:35:00','07:35:00','5761319','3','',''),
('325243951392357','07:36:00','07:36:00','5761317','4','',''),
('325243961392357','07:31:00','07:31:00','5761324','1','',''),
('325243961392357','07:33:00','07:33:00','5761322','2','',''),
('325243961392357','07:35:00','07:35:00','5761319','3','',''),
('325243961392357','07:36:00','07:36:00','5761317','4','',''),
('425243951392357','07:46:00','07:46:00','5761324','1','',''),
('425243951392357','07:48:00','07:48:00','5761322','2','',''),
('425243951392357','07:50:00','07:50:00','5761319','3','',''),
('425243951392357','07:51:00','07:51:00','5761317','4','',''),
('425243961392357','07:46:00','07:46:00','5761324','1','',''),
('425243961392357','07:48:00','07:48:00','5761322','2','',''),
('425243961392357','07:50:00','07:50:00','5761319','3','',''),
('425243961392357','07:51:00','07:51:00','5761317','4','',''),
('525243951392357','08:01:00','08:01:00','5761324','1','',''),
('525243951392357','08:04:00','08:04:00','5761322','2','',''),
('525243951392357','08:06:00','08:06:00','5761319','3','',''),
('525243951392357','08:07:00','08:07:00','5761317','4','',''),
('525243961392357','08:01:00','08:01:00','5761324','1','',''),
('525243961392357','08:04:00','08:04:00','5761322','2','',''),
('525243961392357','08:06:00','08:06:00','5761319','3','',''),
('525243961392357','08:07:00','08:07:00','5761317','4','',''),
('625243951392357','17:05:00','17:05:00','5761324','1','',''),
('625243951392357','17:07:00','17:07:00','5761322','2','',''),
('625243951392357','17:09:00','17:09:00','5761319','3','',''),
('625243951392357','17:10:00','17:10:00','5761317','4','',''),
('625243961392357','17:05:00','17:05:00','5761324','1','',''),
('625243961392357','17:07:00','17:07:00','5761322','2','',''),
('625243961392357','17:09:00','17:09:00','5761319','3','',''),
('625243961392357','17:10:00','17:10:00','5761317','4','',''),
('725243951392357','17:31:00','17:31:00','5761324','1','',''),
('725243951392357','17:33:00','17:33:00','5761322','2','',''),
('725243951392357','17:35:00','17:35:00','5761319','3','',''),
('725243951392357','17:36:00','17:36:00','5761317','4','',''),
('725243961392357','17:31:00','17:31:00','5761324','1','',''),
('725243961392357','17:33:00','17:33:00','5761322','2','',''),
('725243961392357','17:35:00','17:35:00','5761319','3','',''),
('725243961392357','17:36:00','17:36:00','5761317','4','',''),
('825243951392357','17:47:00','17:47:00','5761324','1','',''),
('825243951392357','17:49:00','17:49:00','5761322','2','',''),
('825243951392357','17:51:00','17:51:00','5761319','3','',''),
('825243951392357','17:52:00','17:52:00','5761317','4','',''),
('825243961392357','17:47:00','17:47:00','5761324','1','',''),
('825243961392357','17:49:00','17:49:00','5761322','2','',''),
('825243961392357','17:51:00','17:51:00','5761319','3','',''),
('825243961392357','17:52:00','17:52:00','5761317','4','',''),
('925243951392357','18:05:00','18:05:00','5761324','1','',''),
('925243951392357','18:07:00','18:07:00','5761322','2','',''),
('925243951392357','18:09:00','18:09:00','5761319','3','',''),
('925243951392357','18:10:00','18:10:00','5761317','4','',''),
('925243961392357','18:05:00','18:05:00','5761324','1','',''),
('925243961392357','18:07:00','18:07:00','5761322','2','',''),
('925243961392357','18:09:00','18:09:00','5761319','3','',''),
('925243961392357','18:10:00','18:10:00','5761317','4','','');
INSERT INTO calendar (service_id,monday,tuesday,wednesday,thursday,friday,saturday,sunday,start_date,end_date) VALUES
('2524395','0','0','0','0','0','0','0','20171222','20180131'),
('2524396','0','0','0','0','0','0','0','20171221','20180130');
INSERT INTO calendar_dates (service_id,date,exception_type) VALUES
('2524395','20171222','1'),
('2524395','20171227','1'),
('2524395','20171229','1'),
('2524395','20180103','1'),
('2524395','20180105','1'),
('2524395','20180108','1'),
('2524395','20180110','1'),
('2524395','20180112','1'),
('2524395','20180115','1'),
('2524395','20180117','1'),
('2524395','20180119','1'),
('2524395','20180122','1'),
('2524395','20180124','1'),
('2524395','20180126','1'),
('2524395','20180129','1'),
('2524395','20180131','1'),
('2524396','20171221','1'),
('2524396','20171226','1'),
('2524396','20171228','1'),
('2524396','20180102','1'),
('2524396','20180104','1'),
('2524396','20180109','1'),
('2524396','20180111','1'),
('2524396','20180116','1'),
('2524396','20180118','1'),
('2524396','20180123','1'),
('2524396','20180125','1'),
('2524396','20180130','1');
INSERT INTO routes (route_id,agency_id,route_short_name,route_long_name,route_desc,route_type,route_url,route_color,route_text_color) VALUES
('1788358','100','572','MONAST (SEVRES-VILLE D''AVRAY - GARE SNCF RD <-> MONASTERE) - Aller','','3','','FFFFFF','000000'),
('1788359','100','572','MONAST (SEVRES-VILLE D''AVRAY - GARE SNCF RD <-> MONASTERE) - Retour','','3','','FFFFFF','000000');
INSERT INTO agency (agency_id,agency_name,agency_url,agency_timezone,agency_lang,agency_phone) VALUES
('100','RATP (100)','http://www.ratp.fr/','CET','','');
INSERT INTO trips (route_id,service_id,trip_id,trip_headsign,trip_short_name,direction_id,shape_id) VALUES
('1788358','2524395','1025243951392358','','10','0',''),
('1788358','2524396','1025243961392358','','10','0',''),
('1788358','2524395','1125243951392358','','11','0',''),
('1788358','2524396','1125243961392358','','11','0',''),
('1788358','2524395','1225243951392358','','12','0',''),
('1788358','2524396','1225243961392358','','12','0',''),
('1788358','2524395','125243951392358','','1','0',''),
('1788358','2524396','125243961392358','','1','0',''),
('1788358','2524395','1325243951392358','','13','0',''),
('1788358','2524396','1325243961392358','','13','0',''),
('1788358','2524395','225243951392358','','2','0',''),
('1788358','2524396','225243961392358','','2','0',''),
('1788358','2524395','325243951392358','','3','0',''),
('1788358','2524396','325243961392358','','3','0',''),
('1788358','2524395','425243951392358','','4','0',''),
('1788358','2524396','425243961392358','','4','0',''),
('1788358','2524395','525243951392358','','5','0',''),
('1788358','2524396','525243961392358','','5','0',''),
('1788358','2524395','625243951392358','','6','0',''),
('1788358','2524396','625243961392358','','6','0',''),
('1788358','2524395','725243951392358','','7','0',''),
('1788358','2524396','725243961392358','','7','0',''),
('1788358','2524395','825243951392358','','8','0',''),
('1788358','2524396','825243961392358','','8','0',''),
('1788358','2524395','925243951392358','','9','0',''),
('1788358','2524396','925243961392358','','9','0',''),
('1788359','2524395','1025243951392357','','10','1',''),
('1788359','2524396','1025243961392357','','10','1',''),
('1788359','2524395','1125243951392357','','11','1',''),
('1788359','2524396','1125243961392357','','11','1',''),
('1788359','2524395','1225243951392357','','12','1',''),
('1788359','2524396','1225243961392357','','12','1',''),
('1788359','2524395','125243951392357','','1','1',''),
('1788359','2524396','125243961392357','','1','1',''),
('1788359','2524395','1325243951392357','','13','1',''),
('1788359','2524396','1325243961392357','','13','1',''),
('1788359','2524395','225243951392357','','2','1',''),
('1788359','2524396','225243961392357','','2','1',''),
('1788359','2524395','325243951392357','','3','1',''),
('1788359','2524396','325243961392357','','3','1',''),
('1788359','2524395','425243951392357','','4','1',''),
('1788359','2524396','425243961392357','','4','1',''),
('1788359','2524395','525243951392357','','5','1',''),
('1788359','2524396','525243961392357','','5','1',''),
('1788359','2524395','625243951392357','','6','1',''),
('1788359','2524396','625243961392357','','6','1',''),
('1788359','2524395','725243951392357','','7','1',''),
('1788359','2524396','725243961392357','','7','1',''),
('1788359','2524395','825243951392357','','8','1',''),
('1788359','2524396','825243961392357','','8','1',''),
('1788359','2524395','925243951392357','','9','1',''),
('1788359','2524396','925243961392357','','9','1','');
INSERT INTO transfers (from_stop_id,to_stop_id,transfer_type,min_transfer_time) VALUES
('4533051','5761318','2','114'),
('4834522','5761322','2','56'),
('4834520','5761319','2','123'),
('4834523','5761320','2','137'),
('4834523','5761322','2','90'),
('4834523','5761321','2','117'),
('4533029','5761321','2','57'),
('4834521','5761319','2','138'),
('4533026','5761318','2','135'),
('4533027','5761320','2','75'),
('4533030','5761321','2','68'),
('4533029','5761322','2','94'),
('4533030','5761322','2','95'),
('4533028','5761320','2','56');
INSERT INTO stops (stop_id,stop_code,stop_name,stop_desc,stop_lat,stop_lon,location_type,parent_station) VALUES
('5761323','','MONASTERE','14 AVENUE HALPHEN - 92077','48.82581847327086','2.1829895386338984','0',''),
('5761322','','EGLISE DE VILLE D''AVRAY','RUE DE SAINT-CLOUD - 92077','48.82735393112749','2.1889336147968588','0',''),
('5761324','','MONASTERE','14 AVENUE HALPHEN - 92077','48.82581847327086','2.1829895386338984','0',''),
('5761319','','JOUET LUCOT','46 AVENUE DE BALZAC - 92077','48.82737084788263','2.1954403185271425','0',''),
('5761316','','SEVRES-VILLE D''AVRAY - GARE SNCF RIVE DROITE','AVENUE GAMBETTA - 92072','48.82758148960643','2.198774806816427','0',''),
('5761317','','SEVRES-VILLE D''AVRAY - GARE SNCF RIVE DROITE','AVENUE GAMBETTA - 92072','48.82758148960643','2.198774806816427','0',''),
('5761318','','JOUET LUCOT','67 RUE COROT - 92077','48.82843970923716','2.1948792756019553','0',''),
('5761320','','MAIRIE DE VILLE-D''AVRAY','3 RUE COROT - 92077','48.82802031682577','2.1899798821828482','0',''),
('5761321','','EGLISE DE VILLE D''AVRAY','RUE DE MARNES - 92077','48.8271013082388','2.1881584310056414','0','');
