INSERT INTO stop_times (trip_id,arrival_time,departure_time,stop_id,stop_sequence,stop_headsign,shape_dist_traveled) VALUES
('125210971623030','16:26:00','16:26:00','6578264','1','',''),
('125210971623030','16:27:00','16:27:00','6578266','2','',''),
('125210971623030','16:30:00','16:30:00','6578268','3','',''),
('125210971623030','16:31:00','16:31:00','6578270','4','',''),
('125210971623030','16:32:00','16:32:00','6578271','5','',''),
('125210971623030','16:33:00','16:33:00','6578272','6','',''),
('125210971623030','16:34:00','16:34:00','6578273','7','',''),
('125210971623030','16:35:00','16:35:00','6578274','8','',''),
('125210981623030','16:26:00','16:26:00','6578264','1','',''),
('125210981623030','16:27:00','16:27:00','6578266','2','',''),
('125210981623030','16:30:00','16:30:00','6578268','3','',''),
('125210981623030','16:31:00','16:31:00','6578270','4','',''),
('125210981623030','16:32:00','16:32:00','6578271','5','',''),
('125210981623030','16:33:00','16:33:00','6578272','6','',''),
('125210981623030','16:34:00','16:34:00','6578273','7','',''),
('125210981623030','16:35:00','16:35:00','6578274','8','',''),
('125210991623030','16:26:00','16:26:00','6578264','1','',''),
('125210991623030','16:27:00','16:27:00','6578266','2','',''),
('125210991623030','16:30:00','16:30:00','6578268','3','',''),
('125210991623030','16:31:00','16:31:00','6578270','4','',''),
('125210991623030','16:32:00','16:32:00','6578271','5','',''),
('125210991623030','16:33:00','16:33:00','6578272','6','',''),
('125210991623030','16:34:00','16:34:00','6578273','7','',''),
('125210991623030','16:35:00','16:35:00','6578274','8','',''),
('225210971623030','17:00:00','17:00:00','6578264','1','',''),
('225210971623030','17:01:00','17:01:00','6578266','2','',''),
('225210971623030','17:04:00','17:04:00','6578268','3','',''),
('225210971623030','17:05:00','17:05:00','6578270','4','',''),
('225210971623030','17:06:00','17:06:00','6578271','5','',''),
('225210971623030','17:07:00','17:07:00','6578272','6','',''),
('225210971623030','17:08:00','17:08:00','6578273','7','',''),
('225210971623030','17:09:00','17:09:00','6578274','8','',''),
('225210981623030','17:00:00','17:00:00','6578264','1','',''),
('225210981623030','17:01:00','17:01:00','6578266','2','',''),
('225210981623030','17:04:00','17:04:00','6578268','3','',''),
('225210981623030','17:05:00','17:05:00','6578270','4','',''),
('225210981623030','17:06:00','17:06:00','6578271','5','',''),
('225210981623030','17:07:00','17:07:00','6578272','6','',''),
('225210981623030','17:08:00','17:08:00','6578273','7','',''),
('225210981623030','17:09:00','17:09:00','6578274','8','',''),
('225210991623030','17:00:00','17:00:00','6578264','1','',''),
('225210991623030','17:01:00','17:01:00','6578266','2','',''),
('225210991623030','17:04:00','17:04:00','6578268','3','',''),
('225210991623030','17:05:00','17:05:00','6578270','4','',''),
('225210991623030','17:06:00','17:06:00','6578271','5','',''),
('225210991623030','17:07:00','17:07:00','6578272','6','',''),
('225210991623030','17:08:00','17:08:00','6578273','7','',''),
('225210991623030','17:09:00','17:09:00','6578274','8','',''),
('325210971623030','17:41:00','17:41:00','6578264','1','',''),
('325210971623030','17:42:00','17:42:00','6578266','2','',''),
('325210971623030','17:45:00','17:45:00','6578268','3','',''),
('325210971623030','17:46:00','17:46:00','6578270','4','',''),
('325210971623030','17:47:00','17:47:00','6578271','5','',''),
('325210971623030','17:48:00','17:48:00','6578272','6','',''),
('325210971623030','17:49:00','17:49:00','6578273','7','',''),
('325210971623030','17:50:00','17:50:00','6578274','8','',''),
('325210981623030','17:41:00','17:41:00','6578264','1','',''),
('325210981623030','17:42:00','17:42:00','6578266','2','',''),
('325210981623030','17:45:00','17:45:00','6578268','3','',''),
('325210981623030','17:46:00','17:46:00','6578270','4','',''),
('325210981623030','17:47:00','17:47:00','6578271','5','',''),
('325210981623030','17:48:00','17:48:00','6578272','6','',''),
('325210981623030','17:49:00','17:49:00','6578273','7','',''),
('325210981623030','17:50:00','17:50:00','6578274','8','',''),
('325210991623030','17:41:00','17:41:00','6578264','1','',''),
('325210991623030','17:42:00','17:42:00','6578266','2','',''),
('325210991623030','17:45:00','17:45:00','6578268','3','',''),
('325210991623030','17:46:00','17:46:00','6578270','4','',''),
('325210991623030','17:47:00','17:47:00','6578271','5','',''),
('325210991623030','17:48:00','17:48:00','6578272','6','',''),
('325210991623030','17:49:00','17:49:00','6578273','7','',''),
('325210991623030','17:50:00','17:50:00','6578274','8','',''),
('125210971623029','07:57:00','07:57:00','6578275','1','',''),
('125210971623029','08:03:00','08:03:00','6578269','2','',''),
('125210971623029','08:04:00','08:04:00','6578276','3','',''),
('125210971623029','08:05:00','08:05:00','6578267','4','',''),
('125210971623029','08:06:00','08:06:00','6578265','5','',''),
('125210981623029','07:57:00','07:57:00','6578275','1','',''),
('125210981623029','08:03:00','08:03:00','6578269','2','',''),
('125210981623029','08:04:00','08:04:00','6578276','3','',''),
('125210981623029','08:05:00','08:05:00','6578267','4','',''),
('125210981623029','08:06:00','08:06:00','6578265','5','',''),
('125210991623029','07:57:00','07:57:00','6578275','1','',''),
('125210991623029','08:03:00','08:03:00','6578269','2','',''),
('125210991623029','08:04:00','08:04:00','6578276','3','',''),
('125210991623029','08:05:00','08:05:00','6578267','4','',''),
('125210991623029','08:06:00','08:06:00','6578265','5','',''),
('225210971623029','08:06:00','08:06:00','6578275','1','',''),
('225210971623029','08:12:00','08:12:00','6578269','2','',''),
('225210971623029','08:13:00','08:13:00','6578276','3','',''),
('225210971623029','08:14:00','08:14:00','6578267','4','',''),
('225210971623029','08:15:00','08:15:00','6578265','5','',''),
('225210981623029','08:06:00','08:06:00','6578275','1','',''),
('225210981623029','08:12:00','08:12:00','6578269','2','',''),
('225210981623029','08:13:00','08:13:00','6578276','3','',''),
('225210981623029','08:14:00','08:14:00','6578267','4','',''),
('225210981623029','08:15:00','08:15:00','6578265','5','',''),
('225210991623029','08:06:00','08:06:00','6578275','1','',''),
('225210991623029','08:12:00','08:12:00','6578269','2','',''),
('225210991623029','08:13:00','08:13:00','6578276','3','',''),
('225210991623029','08:14:00','08:14:00','6578267','4','',''),
('225210991623029','08:15:00','08:15:00','6578265','5','',''),
('325210971623029','08:28:00','08:28:00','6578275','1','',''),
('325210971623029','08:34:00','08:34:00','6578269','2','',''),
('325210971623029','08:35:00','08:35:00','6578276','3','',''),
('325210971623029','08:36:00','08:36:00','6578267','4','',''),
('325210971623029','08:37:00','08:37:00','6578265','5','',''),
('325210981623029','08:28:00','08:28:00','6578275','1','',''),
('325210981623029','08:34:00','08:34:00','6578269','2','',''),
('325210981623029','08:35:00','08:35:00','6578276','3','',''),
('325210981623029','08:36:00','08:36:00','6578267','4','',''),
('325210981623029','08:37:00','08:37:00','6578265','5','',''),
('325210991623029','08:28:00','08:28:00','6578275','1','',''),
('325210991623029','08:34:00','08:34:00','6578269','2','',''),
('325210991623029','08:35:00','08:35:00','6578276','3','',''),
('325210991623029','08:36:00','08:36:00','6578267','4','',''),
('325210991623029','08:37:00','08:37:00','6578265','5','',''),
('425210971623029','08:48:00','08:48:00','6578275','1','',''),
('425210971623029','08:54:00','08:54:00','6578269','2','',''),
('425210971623029','08:55:00','08:55:00','6578276','3','',''),
('425210971623029','08:56:00','08:56:00','6578267','4','',''),
('425210971623029','08:57:00','08:57:00','6578265','5','',''),
('425210981623029','08:48:00','08:48:00','6578275','1','',''),
('425210981623029','08:54:00','08:54:00','6578269','2','',''),
('425210981623029','08:55:00','08:55:00','6578276','3','',''),
('425210981623029','08:56:00','08:56:00','6578267','4','',''),
('425210981623029','08:57:00','08:57:00','6578265','5','',''),
('425210991623029','08:48:00','08:48:00','6578275','1','',''),
('425210991623029','08:54:00','08:54:00','6578269','2','',''),
('425210991623029','08:55:00','08:55:00','6578276','3','',''),
('425210991623029','08:56:00','08:56:00','6578267','4','',''),
('425210991623029','08:57:00','08:57:00','6578265','5','',''),
('525210971623029','08:58:00','08:58:00','6578275','1','',''),
('525210971623029','09:04:00','09:04:00','6578269','2','',''),
('525210971623029','09:05:00','09:05:00','6578276','3','',''),
('525210971623029','09:06:00','09:06:00','6578267','4','',''),
('525210971623029','09:07:00','09:07:00','6578265','5','',''),
('525210981623029','08:58:00','08:58:00','6578275','1','',''),
('525210981623029','09:04:00','09:04:00','6578269','2','',''),
('525210981623029','09:05:00','09:05:00','6578276','3','',''),
('525210981623029','09:06:00','09:06:00','6578267','4','',''),
('525210981623029','09:07:00','09:07:00','6578265','5','',''),
('525210991623029','08:58:00','08:58:00','6578275','1','',''),
('525210991623029','09:04:00','09:04:00','6578269','2','',''),
('525210991623029','09:05:00','09:05:00','6578276','3','',''),
('525210991623029','09:06:00','09:06:00','6578267','4','',''),
('525210991623029','09:07:00','09:07:00','6578265','5','',''),
('625210971623029','09:09:00','09:09:00','6578275','1','',''),
('625210971623029','09:15:00','09:15:00','6578269','2','',''),
('625210971623029','09:16:00','09:16:00','6578276','3','',''),
('625210971623029','09:17:00','09:17:00','6578267','4','',''),
('625210971623029','09:18:00','09:18:00','6578265','5','',''),
('625210981623029','09:09:00','09:09:00','6578275','1','',''),
('625210981623029','09:15:00','09:15:00','6578269','2','',''),
('625210981623029','09:16:00','09:16:00','6578276','3','',''),
('625210981623029','09:17:00','09:17:00','6578267','4','',''),
('625210981623029','09:18:00','09:18:00','6578265','5','',''),
('625210991623029','09:09:00','09:09:00','6578275','1','',''),
('625210991623029','09:15:00','09:15:00','6578269','2','',''),
('625210991623029','09:16:00','09:16:00','6578276','3','',''),
('625210991623029','09:17:00','09:17:00','6578267','4','',''),
('625210991623029','09:18:00','09:18:00','6578265','5','',''),
('1025211001623032','15:55:00','15:55:00','6578277','1','',''),
('1025211001623032','15:56:00','15:56:00','6578279','2','',''),
('1025211001623032','15:59:00','15:59:00','6578280','3','',''),
('1025211001623032','16:00:00','16:00:00','6578282','4','',''),
('1025211001623032','16:01:00','16:01:00','6578284','5','',''),
('1025211001623032','16:02:00','16:02:00','6578286','6','',''),
('1025211001623032','16:03:00','16:03:00','6578288','7','',''),
('1025211001623032','16:04:00','16:04:00','6578290','8','',''),
('1025211011623032','15:55:00','15:55:00','6578277','1','',''),
('1025211011623032','15:56:00','15:56:00','6578279','2','',''),
('1025211011623032','15:59:00','15:59:00','6578280','3','',''),
('1025211011623032','16:00:00','16:00:00','6578282','4','',''),
('1025211011623032','16:01:00','16:01:00','6578284','5','',''),
('1025211011623032','16:02:00','16:02:00','6578286','6','',''),
('1025211011623032','16:03:00','16:03:00','6578288','7','',''),
('1025211011623032','16:04:00','16:04:00','6578290','8','',''),
('1025211021623032','15:55:00','15:55:00','6578277','1','',''),
('1025211021623032','15:56:00','15:56:00','6578279','2','',''),
('1025211021623032','15:59:00','15:59:00','6578280','3','',''),
('1025211021623032','16:00:00','16:00:00','6578282','4','',''),
('1025211021623032','16:01:00','16:01:00','6578284','5','',''),
('1025211021623032','16:02:00','16:02:00','6578286','6','',''),
('1025211021623032','16:03:00','16:03:00','6578288','7','',''),
('1025211021623032','16:04:00','16:04:00','6578290','8','',''),
('1125211001623032','16:01:00','16:01:00','6578277','1','',''),
('1125211001623032','16:02:00','16:02:00','6578279','2','',''),
('1125211001623032','16:05:00','16:05:00','6578280','3','',''),
('1125211001623032','16:06:00','16:06:00','6578282','4','',''),
('1125211001623032','16:07:00','16:07:00','6578284','5','',''),
('1125211001623032','16:08:00','16:08:00','6578286','6','',''),
('1125211001623032','16:09:00','16:09:00','6578288','7','',''),
('1125211001623032','16:10:00','16:10:00','6578290','8','',''),
('1125211011623032','16:01:00','16:01:00','6578277','1','',''),
('1125211011623032','16:02:00','16:02:00','6578279','2','',''),
('1125211011623032','16:05:00','16:05:00','6578280','3','',''),
('1125211011623032','16:06:00','16:06:00','6578282','4','',''),
('1125211011623032','16:07:00','16:07:00','6578284','5','',''),
('1125211011623032','16:08:00','16:08:00','6578286','6','',''),
('1125211011623032','16:09:00','16:09:00','6578288','7','',''),
('1125211011623032','16:10:00','16:10:00','6578290','8','',''),
('1125211021623032','16:01:00','16:01:00','6578277','1','',''),
('1125211021623032','16:02:00','16:02:00','6578279','2','',''),
('1125211021623032','16:05:00','16:05:00','6578280','3','',''),
('1125211021623032','16:06:00','16:06:00','6578282','4','',''),
('1125211021623032','16:07:00','16:07:00','6578284','5','',''),
('1125211021623032','16:08:00','16:08:00','6578286','6','',''),
('1125211021623032','16:09:00','16:09:00','6578288','7','',''),
('1125211021623032','16:10:00','16:10:00','6578290','8','',''),
('1225211001623032','16:10:00','16:10:00','6578277','1','',''),
('1225211001623032','16:11:00','16:11:00','6578279','2','',''),
('1225211001623032','16:14:00','16:14:00','6578280','3','',''),
('1225211001623032','16:15:00','16:15:00','6578282','4','',''),
('1225211001623032','16:16:00','16:16:00','6578284','5','',''),
('1225211001623032','16:17:00','16:17:00','6578286','6','',''),
('1225211001623032','16:18:00','16:18:00','6578288','7','',''),
('1225211001623032','16:19:00','16:19:00','6578290','8','',''),
('1225211011623032','16:10:00','16:10:00','6578277','1','',''),
('1225211011623032','16:11:00','16:11:00','6578279','2','',''),
('1225211011623032','16:14:00','16:14:00','6578280','3','',''),
('1225211011623032','16:15:00','16:15:00','6578282','4','',''),
('1225211011623032','16:16:00','16:16:00','6578284','5','',''),
('1225211011623032','16:17:00','16:17:00','6578286','6','',''),
('1225211011623032','16:18:00','16:18:00','6578288','7','',''),
('1225211011623032','16:19:00','16:19:00','6578290','8','',''),
('1225211021623032','16:10:00','16:10:00','6578277','1','',''),
('1225211021623032','16:11:00','16:11:00','6578279','2','',''),
('1225211021623032','16:14:00','16:14:00','6578280','3','',''),
('1225211021623032','16:15:00','16:15:00','6578282','4','',''),
('1225211021623032','16:16:00','16:16:00','6578284','5','',''),
('1225211021623032','16:17:00','16:17:00','6578286','6','',''),
('1225211021623032','16:18:00','16:18:00','6578288','7','',''),
('1225211021623032','16:19:00','16:19:00','6578290','8','',''),
('125211001623032','13:00:00','13:00:00','6578277','1','',''),
('125211001623032','13:01:00','13:01:00','6578279','2','',''),
('125211001623032','13:04:00','13:04:00','6578280','3','',''),
('125211001623032','13:05:00','13:05:00','6578282','4','',''),
('125211001623032','13:06:00','13:06:00','6578284','5','',''),
('125211001623032','13:07:00','13:07:00','6578286','6','',''),
('125211001623032','13:08:00','13:08:00','6578288','7','',''),
('125211001623032','13:09:00','13:09:00','6578290','8','',''),
('125211011623032','13:00:00','13:00:00','6578277','1','',''),
('125211011623032','13:01:00','13:01:00','6578279','2','',''),
('125211011623032','13:04:00','13:04:00','6578280','3','',''),
('125211011623032','13:05:00','13:05:00','6578282','4','',''),
('125211011623032','13:06:00','13:06:00','6578284','5','',''),
('125211011623032','13:07:00','13:07:00','6578286','6','',''),
('125211011623032','13:08:00','13:08:00','6578288','7','',''),
('125211011623032','13:09:00','13:09:00','6578290','8','',''),
('125211021623032','13:00:00','13:00:00','6578277','1','',''),
('125211021623032','13:01:00','13:01:00','6578279','2','',''),
('125211021623032','13:04:00','13:04:00','6578280','3','',''),
('125211021623032','13:05:00','13:05:00','6578282','4','',''),
('125211021623032','13:06:00','13:06:00','6578284','5','',''),
('125211021623032','13:07:00','13:07:00','6578286','6','',''),
('125211021623032','13:08:00','13:08:00','6578288','7','',''),
('125211021623032','13:09:00','13:09:00','6578290','8','',''),
('1325211001623032','16:20:00','16:20:00','6578277','1','',''),
('1325211001623032','16:21:00','16:21:00','6578279','2','',''),
('1325211001623032','16:24:00','16:24:00','6578280','3','',''),
('1325211001623032','16:25:00','16:25:00','6578282','4','',''),
('1325211001623032','16:26:00','16:26:00','6578284','5','',''),
('1325211001623032','16:27:00','16:27:00','6578286','6','',''),
('1325211001623032','16:28:00','16:28:00','6578288','7','',''),
('1325211001623032','16:29:00','16:29:00','6578290','8','',''),
('1325211011623032','16:20:00','16:20:00','6578277','1','',''),
('1325211011623032','16:21:00','16:21:00','6578279','2','',''),
('1325211011623032','16:24:00','16:24:00','6578280','3','',''),
('1325211011623032','16:25:00','16:25:00','6578282','4','',''),
('1325211011623032','16:26:00','16:26:00','6578284','5','',''),
('1325211011623032','16:27:00','16:27:00','6578286','6','',''),
('1325211011623032','16:28:00','16:28:00','6578288','7','',''),
('1325211011623032','16:29:00','16:29:00','6578290','8','',''),
('1325211021623032','16:20:00','16:20:00','6578277','1','',''),
('1325211021623032','16:21:00','16:21:00','6578279','2','',''),
('1325211021623032','16:24:00','16:24:00','6578280','3','',''),
('1325211021623032','16:25:00','16:25:00','6578282','4','',''),
('1325211021623032','16:26:00','16:26:00','6578284','5','',''),
('1325211021623032','16:27:00','16:27:00','6578286','6','',''),
('1325211021623032','16:28:00','16:28:00','6578288','7','',''),
('1325211021623032','16:29:00','16:29:00','6578290','8','',''),
('1425211001623032','16:30:00','16:30:00','6578277','1','',''),
('1425211001623032','16:31:00','16:31:00','6578279','2','',''),
('1425211001623032','16:34:00','16:34:00','6578280','3','',''),
('1425211001623032','16:35:00','16:35:00','6578282','4','',''),
('1425211001623032','16:36:00','16:36:00','6578284','5','',''),
('1425211001623032','16:37:00','16:37:00','6578286','6','',''),
('1425211001623032','16:38:00','16:38:00','6578288','7','',''),
('1425211001623032','16:39:00','16:39:00','6578290','8','',''),
('1425211011623032','16:30:00','16:30:00','6578277','1','',''),
('1425211011623032','16:31:00','16:31:00','6578279','2','',''),
('1425211011623032','16:34:00','16:34:00','6578280','3','',''),
('1425211011623032','16:35:00','16:35:00','6578282','4','',''),
('1425211011623032','16:36:00','16:36:00','6578284','5','',''),
('1425211011623032','16:37:00','16:37:00','6578286','6','',''),
('1425211011623032','16:38:00','16:38:00','6578288','7','',''),
('1425211011623032','16:39:00','16:39:00','6578290','8','',''),
('1425211021623032','16:30:00','16:30:00','6578277','1','',''),
('1425211021623032','16:31:00','16:31:00','6578279','2','',''),
('1425211021623032','16:34:00','16:34:00','6578280','3','',''),
('1425211021623032','16:35:00','16:35:00','6578282','4','',''),
('1425211021623032','16:36:00','16:36:00','6578284','5','',''),
('1425211021623032','16:37:00','16:37:00','6578286','6','',''),
('1425211021623032','16:38:00','16:38:00','6578288','7','',''),
('1425211021623032','16:39:00','16:39:00','6578290','8','',''),
('1525211001623032','16:40:00','16:40:00','6578277','1','',''),
('1525211001623032','16:41:00','16:41:00','6578279','2','',''),
('1525211001623032','16:44:00','16:44:00','6578280','3','',''),
('1525211001623032','16:45:00','16:45:00','6578282','4','',''),
('1525211001623032','16:46:00','16:46:00','6578284','5','',''),
('1525211001623032','16:47:00','16:47:00','6578286','6','',''),
('1525211001623032','16:48:00','16:48:00','6578288','7','',''),
('1525211001623032','16:49:00','16:49:00','6578290','8','',''),
('1525211011623032','16:40:00','16:40:00','6578277','1','',''),
('1525211011623032','16:41:00','16:41:00','6578279','2','',''),
('1525211011623032','16:44:00','16:44:00','6578280','3','',''),
('1525211011623032','16:45:00','16:45:00','6578282','4','',''),
('1525211011623032','16:46:00','16:46:00','6578284','5','',''),
('1525211011623032','16:47:00','16:47:00','6578286','6','',''),
('1525211011623032','16:48:00','16:48:00','6578288','7','',''),
('1525211011623032','16:49:00','16:49:00','6578290','8','',''),
('1525211021623032','16:40:00','16:40:00','6578277','1','',''),
('1525211021623032','16:41:00','16:41:00','6578279','2','',''),
('1525211021623032','16:44:00','16:44:00','6578280','3','',''),
('1525211021623032','16:45:00','16:45:00','6578282','4','',''),
('1525211021623032','16:46:00','16:46:00','6578284','5','',''),
('1525211021623032','16:47:00','16:47:00','6578286','6','',''),
('1525211021623032','16:48:00','16:48:00','6578288','7','',''),
('1525211021623032','16:49:00','16:49:00','6578290','8','',''),
('1625211001623032','16:53:00','16:53:00','6578277','1','',''),
('1625211001623032','16:54:00','16:54:00','6578279','2','',''),
('1625211001623032','16:57:00','16:57:00','6578280','3','',''),
('1625211001623032','16:58:00','16:58:00','6578282','4','',''),
('1625211001623032','16:59:00','16:59:00','6578284','5','',''),
('1625211001623032','17:00:00','17:00:00','6578286','6','',''),
('1625211001623032','17:01:00','17:01:00','6578288','7','',''),
('1625211001623032','17:02:00','17:02:00','6578290','8','',''),
('1625211011623032','16:53:00','16:53:00','6578277','1','',''),
('1625211011623032','16:54:00','16:54:00','6578279','2','',''),
('1625211011623032','16:57:00','16:57:00','6578280','3','',''),
('1625211011623032','16:58:00','16:58:00','6578282','4','',''),
('1625211011623032','16:59:00','16:59:00','6578284','5','',''),
('1625211011623032','17:00:00','17:00:00','6578286','6','',''),
('1625211011623032','17:01:00','17:01:00','6578288','7','',''),
('1625211011623032','17:02:00','17:02:00','6578290','8','',''),
('1625211021623032','16:53:00','16:53:00','6578277','1','',''),
('1625211021623032','16:54:00','16:54:00','6578279','2','',''),
('1625211021623032','16:57:00','16:57:00','6578280','3','',''),
('1625211021623032','16:58:00','16:58:00','6578282','4','',''),
('1625211021623032','16:59:00','16:59:00','6578284','5','',''),
('1625211021623032','17:00:00','17:00:00','6578286','6','',''),
('1625211021623032','17:01:00','17:01:00','6578288','7','',''),
('1625211021623032','17:02:00','17:02:00','6578290','8','',''),
('1725211001623032','16:55:00','16:55:00','6578277','1','',''),
('1725211001623032','16:56:00','16:56:00','6578279','2','',''),
('1725211001623032','16:59:00','16:59:00','6578280','3','',''),
('1725211001623032','17:00:00','17:00:00','6578282','4','',''),
('1725211001623032','17:01:00','17:01:00','6578284','5','',''),
('1725211001623032','17:02:00','17:02:00','6578286','6','',''),
('1725211001623032','17:03:00','17:03:00','6578288','7','',''),
('1725211001623032','17:04:00','17:04:00','6578290','8','',''),
('1725211011623032','16:55:00','16:55:00','6578277','1','',''),
('1725211011623032','16:56:00','16:56:00','6578279','2','',''),
('1725211011623032','16:59:00','16:59:00','6578280','3','',''),
('1725211011623032','17:00:00','17:00:00','6578282','4','',''),
('1725211011623032','17:01:00','17:01:00','6578284','5','',''),
('1725211011623032','17:02:00','17:02:00','6578286','6','',''),
('1725211011623032','17:03:00','17:03:00','6578288','7','',''),
('1725211011623032','17:04:00','17:04:00','6578290','8','',''),
('1725211021623032','16:55:00','16:55:00','6578277','1','',''),
('1725211021623032','16:56:00','16:56:00','6578279','2','',''),
('1725211021623032','16:59:00','16:59:00','6578280','3','',''),
('1725211021623032','17:00:00','17:00:00','6578282','4','',''),
('1725211021623032','17:01:00','17:01:00','6578284','5','',''),
('1725211021623032','17:02:00','17:02:00','6578286','6','',''),
('1725211021623032','17:03:00','17:03:00','6578288','7','',''),
('1725211021623032','17:04:00','17:04:00','6578290','8','',''),
('1825211001623032','17:09:00','17:09:00','6578277','1','',''),
('1825211001623032','17:10:00','17:10:00','6578279','2','',''),
('1825211001623032','17:13:00','17:13:00','6578280','3','',''),
('1825211001623032','17:14:00','17:14:00','6578282','4','',''),
('1825211001623032','17:15:00','17:15:00','6578284','5','',''),
('1825211001623032','17:16:00','17:16:00','6578286','6','',''),
('1825211001623032','17:17:00','17:17:00','6578288','7','',''),
('1825211001623032','17:18:00','17:18:00','6578290','8','',''),
('1825211011623032','17:09:00','17:09:00','6578277','1','',''),
('1825211011623032','17:10:00','17:10:00','6578279','2','',''),
('1825211011623032','17:13:00','17:13:00','6578280','3','',''),
('1825211011623032','17:14:00','17:14:00','6578282','4','',''),
('1825211011623032','17:15:00','17:15:00','6578284','5','',''),
('1825211011623032','17:16:00','17:16:00','6578286','6','',''),
('1825211011623032','17:17:00','17:17:00','6578288','7','',''),
('1825211011623032','17:18:00','17:18:00','6578290','8','',''),
('1825211021623032','17:09:00','17:09:00','6578277','1','',''),
('1825211021623032','17:10:00','17:10:00','6578279','2','',''),
('1825211021623032','17:13:00','17:13:00','6578280','3','',''),
('1825211021623032','17:14:00','17:14:00','6578282','4','',''),
('1825211021623032','17:15:00','17:15:00','6578284','5','',''),
('1825211021623032','17:16:00','17:16:00','6578286','6','',''),
('1825211021623032','17:17:00','17:17:00','6578288','7','',''),
('1825211021623032','17:18:00','17:18:00','6578290','8','',''),
('1925211001623032','17:20:00','17:20:00','6578277','1','',''),
('1925211001623032','17:21:00','17:21:00','6578279','2','',''),
('1925211001623032','17:24:00','17:24:00','6578280','3','',''),
('1925211001623032','17:25:00','17:25:00','6578282','4','',''),
('1925211001623032','17:26:00','17:26:00','6578284','5','',''),
('1925211001623032','17:27:00','17:27:00','6578286','6','',''),
('1925211001623032','17:28:00','17:28:00','6578288','7','',''),
('1925211001623032','17:29:00','17:29:00','6578290','8','',''),
('1925211011623032','17:20:00','17:20:00','6578277','1','',''),
('1925211011623032','17:21:00','17:21:00','6578279','2','',''),
('1925211011623032','17:24:00','17:24:00','6578280','3','',''),
('1925211011623032','17:25:00','17:25:00','6578282','4','',''),
('1925211011623032','17:26:00','17:26:00','6578284','5','',''),
('1925211011623032','17:27:00','17:27:00','6578286','6','',''),
('1925211011623032','17:28:00','17:28:00','6578288','7','',''),
('1925211011623032','17:29:00','17:29:00','6578290','8','',''),
('1925211021623032','17:20:00','17:20:00','6578277','1','',''),
('1925211021623032','17:21:00','17:21:00','6578279','2','',''),
('1925211021623032','17:24:00','17:24:00','6578280','3','',''),
('1925211021623032','17:25:00','17:25:00','6578282','4','',''),
('1925211021623032','17:26:00','17:26:00','6578284','5','',''),
('1925211021623032','17:27:00','17:27:00','6578286','6','',''),
('1925211021623032','17:28:00','17:28:00','6578288','7','',''),
('1925211021623032','17:29:00','17:29:00','6578290','8','',''),
('2025211001623032','17:21:00','17:21:00','6578277','1','',''),
('2025211001623032','17:22:00','17:22:00','6578279','2','',''),
('2025211001623032','17:25:00','17:25:00','6578280','3','',''),
('2025211001623032','17:26:00','17:26:00','6578282','4','',''),
('2025211001623032','17:27:00','17:27:00','6578284','5','',''),
('2025211001623032','17:28:00','17:28:00','6578286','6','',''),
('2025211001623032','17:29:00','17:29:00','6578288','7','',''),
('2025211001623032','17:30:00','17:30:00','6578290','8','',''),
('2025211011623032','17:21:00','17:21:00','6578277','1','',''),
('2025211011623032','17:22:00','17:22:00','6578279','2','',''),
('2025211011623032','17:25:00','17:25:00','6578280','3','',''),
('2025211011623032','17:26:00','17:26:00','6578282','4','',''),
('2025211011623032','17:27:00','17:27:00','6578284','5','',''),
('2025211011623032','17:28:00','17:28:00','6578286','6','',''),
('2025211011623032','17:29:00','17:29:00','6578288','7','',''),
('2025211011623032','17:30:00','17:30:00','6578290','8','',''),
('2025211021623032','17:21:00','17:21:00','6578277','1','',''),
('2025211021623032','17:22:00','17:22:00','6578279','2','',''),
('2025211021623032','17:25:00','17:25:00','6578280','3','',''),
('2025211021623032','17:26:00','17:26:00','6578282','4','',''),
('2025211021623032','17:27:00','17:27:00','6578284','5','',''),
('2025211021623032','17:28:00','17:28:00','6578286','6','',''),
('2025211021623032','17:29:00','17:29:00','6578288','7','',''),
('2025211021623032','17:30:00','17:30:00','6578290','8','',''),
('2125211001623032','17:30:00','17:30:00','6578277','1','',''),
('2125211001623032','17:31:00','17:31:00','6578279','2','',''),
('2125211001623032','17:34:00','17:34:00','6578280','3','',''),
('2125211001623032','17:35:00','17:35:00','6578282','4','',''),
('2125211001623032','17:36:00','17:36:00','6578284','5','',''),
('2125211001623032','17:37:00','17:37:00','6578286','6','',''),
('2125211001623032','17:38:00','17:38:00','6578288','7','',''),
('2125211001623032','17:39:00','17:39:00','6578290','8','',''),
('2125211011623032','17:30:00','17:30:00','6578277','1','',''),
('2125211011623032','17:31:00','17:31:00','6578279','2','',''),
('2125211011623032','17:34:00','17:34:00','6578280','3','',''),
('2125211011623032','17:35:00','17:35:00','6578282','4','',''),
('2125211011623032','17:36:00','17:36:00','6578284','5','',''),
('2125211011623032','17:37:00','17:37:00','6578286','6','',''),
('2125211011623032','17:38:00','17:38:00','6578288','7','',''),
('2125211011623032','17:39:00','17:39:00','6578290','8','',''),
('2125211021623032','17:30:00','17:30:00','6578277','1','',''),
('2125211021623032','17:31:00','17:31:00','6578279','2','',''),
('2125211021623032','17:34:00','17:34:00','6578280','3','',''),
('2125211021623032','17:35:00','17:35:00','6578282','4','',''),
('2125211021623032','17:36:00','17:36:00','6578284','5','',''),
('2125211021623032','17:37:00','17:37:00','6578286','6','',''),
('2125211021623032','17:38:00','17:38:00','6578288','7','',''),
('2125211021623032','17:39:00','17:39:00','6578290','8','',''),
('2225211001623032','17:41:00','17:41:00','6578277','1','',''),
('2225211001623032','17:42:00','17:42:00','6578279','2','',''),
('2225211001623032','17:45:00','17:45:00','6578280','3','',''),
('2225211001623032','17:46:00','17:46:00','6578282','4','',''),
('2225211001623032','17:47:00','17:47:00','6578284','5','',''),
('2225211001623032','17:48:00','17:48:00','6578286','6','',''),
('2225211001623032','17:49:00','17:49:00','6578288','7','',''),
('2225211001623032','17:50:00','17:50:00','6578290','8','',''),
('2225211011623032','17:41:00','17:41:00','6578277','1','',''),
('2225211011623032','17:42:00','17:42:00','6578279','2','',''),
('2225211011623032','17:45:00','17:45:00','6578280','3','',''),
('2225211011623032','17:46:00','17:46:00','6578282','4','',''),
('2225211011623032','17:47:00','17:47:00','6578284','5','',''),
('2225211011623032','17:48:00','17:48:00','6578286','6','',''),
('2225211011623032','17:49:00','17:49:00','6578288','7','',''),
('2225211011623032','17:50:00','17:50:00','6578290','8','',''),
('2225211021623032','17:41:00','17:41:00','6578277','1','',''),
('2225211021623032','17:42:00','17:42:00','6578279','2','',''),
('2225211021623032','17:45:00','17:45:00','6578280','3','',''),
('2225211021623032','17:46:00','17:46:00','6578282','4','',''),
('2225211021623032','17:47:00','17:47:00','6578284','5','',''),
('2225211021623032','17:48:00','17:48:00','6578286','6','',''),
('2225211021623032','17:49:00','17:49:00','6578288','7','',''),
('2225211021623032','17:50:00','17:50:00','6578290','8','',''),
('225211001623032','13:20:00','13:20:00','6578277','1','',''),
('225211001623032','13:21:00','13:21:00','6578279','2','',''),
('225211001623032','13:24:00','13:24:00','6578280','3','',''),
('225211001623032','13:25:00','13:25:00','6578282','4','',''),
('225211001623032','13:26:00','13:26:00','6578284','5','',''),
('225211001623032','13:27:00','13:27:00','6578286','6','',''),
('225211001623032','13:28:00','13:28:00','6578288','7','',''),
('225211001623032','13:29:00','13:29:00','6578290','8','',''),
('225211011623032','13:20:00','13:20:00','6578277','1','',''),
('225211011623032','13:21:00','13:21:00','6578279','2','',''),
('225211011623032','13:24:00','13:24:00','6578280','3','',''),
('225211011623032','13:25:00','13:25:00','6578282','4','',''),
('225211011623032','13:26:00','13:26:00','6578284','5','',''),
('225211011623032','13:27:00','13:27:00','6578286','6','',''),
('225211011623032','13:28:00','13:28:00','6578288','7','',''),
('225211011623032','13:29:00','13:29:00','6578290','8','',''),
('225211021623032','13:20:00','13:20:00','6578277','1','',''),
('225211021623032','13:21:00','13:21:00','6578279','2','',''),
('225211021623032','13:24:00','13:24:00','6578280','3','',''),
('225211021623032','13:25:00','13:25:00','6578282','4','',''),
('225211021623032','13:26:00','13:26:00','6578284','5','',''),
('225211021623032','13:27:00','13:27:00','6578286','6','',''),
('225211021623032','13:28:00','13:28:00','6578288','7','',''),
('225211021623032','13:29:00','13:29:00','6578290','8','',''),
('2325211001623032','17:43:00','17:43:00','6578277','1','',''),
('2325211001623032','17:44:00','17:44:00','6578279','2','',''),
('2325211001623032','17:47:00','17:47:00','6578280','3','',''),
('2325211001623032','17:48:00','17:48:00','6578282','4','',''),
('2325211001623032','17:49:00','17:49:00','6578284','5','',''),
('2325211001623032','17:50:00','17:50:00','6578286','6','',''),
('2325211001623032','17:51:00','17:51:00','6578288','7','',''),
('2325211001623032','17:52:00','17:52:00','6578290','8','',''),
('2325211011623032','17:43:00','17:43:00','6578277','1','',''),
('2325211011623032','17:44:00','17:44:00','6578279','2','',''),
('2325211011623032','17:47:00','17:47:00','6578280','3','',''),
('2325211011623032','17:48:00','17:48:00','6578282','4','',''),
('2325211011623032','17:49:00','17:49:00','6578284','5','',''),
('2325211011623032','17:50:00','17:50:00','6578286','6','',''),
('2325211011623032','17:51:00','17:51:00','6578288','7','',''),
('2325211011623032','17:52:00','17:52:00','6578290','8','',''),
('2325211021623032','17:43:00','17:43:00','6578277','1','',''),
('2325211021623032','17:44:00','17:44:00','6578279','2','',''),
('2325211021623032','17:47:00','17:47:00','6578280','3','',''),
('2325211021623032','17:48:00','17:48:00','6578282','4','',''),
('2325211021623032','17:49:00','17:49:00','6578284','5','',''),
('2325211021623032','17:50:00','17:50:00','6578286','6','',''),
('2325211021623032','17:51:00','17:51:00','6578288','7','',''),
('2325211021623032','17:52:00','17:52:00','6578290','8','',''),
('2425211001623032','18:03:00','18:03:00','6578277','1','',''),
('2425211001623032','18:04:00','18:04:00','6578279','2','',''),
('2425211001623032','18:07:00','18:07:00','6578280','3','',''),
('2425211001623032','18:08:00','18:08:00','6578282','4','',''),
('2425211001623032','18:09:00','18:09:00','6578284','5','',''),
('2425211001623032','18:10:00','18:10:00','6578286','6','',''),
('2425211001623032','18:11:00','18:11:00','6578288','7','',''),
('2425211001623032','18:12:00','18:12:00','6578290','8','',''),
('2425211011623032','18:03:00','18:03:00','6578277','1','',''),
('2425211011623032','18:04:00','18:04:00','6578279','2','',''),
('2425211011623032','18:07:00','18:07:00','6578280','3','',''),
('2425211011623032','18:08:00','18:08:00','6578282','4','',''),
('2425211011623032','18:09:00','18:09:00','6578284','5','',''),
('2425211011623032','18:10:00','18:10:00','6578286','6','',''),
('2425211011623032','18:11:00','18:11:00','6578288','7','',''),
('2425211011623032','18:12:00','18:12:00','6578290','8','',''),
('2425211021623032','18:03:00','18:03:00','6578277','1','',''),
('2425211021623032','18:04:00','18:04:00','6578279','2','',''),
('2425211021623032','18:07:00','18:07:00','6578280','3','',''),
('2425211021623032','18:08:00','18:08:00','6578282','4','',''),
('2425211021623032','18:09:00','18:09:00','6578284','5','',''),
('2425211021623032','18:10:00','18:10:00','6578286','6','',''),
('2425211021623032','18:11:00','18:11:00','6578288','7','',''),
('2425211021623032','18:12:00','18:12:00','6578290','8','',''),
('2525211001623032','18:12:00','18:12:00','6578277','1','',''),
('2525211001623032','18:13:00','18:13:00','6578279','2','',''),
('2525211001623032','18:16:00','18:16:00','6578280','3','',''),
('2525211001623032','18:17:00','18:17:00','6578282','4','',''),
('2525211001623032','18:18:00','18:18:00','6578284','5','',''),
('2525211001623032','18:19:00','18:19:00','6578286','6','',''),
('2525211001623032','18:20:00','18:20:00','6578288','7','',''),
('2525211001623032','18:21:00','18:21:00','6578290','8','',''),
('2525211011623032','18:12:00','18:12:00','6578277','1','',''),
('2525211011623032','18:13:00','18:13:00','6578279','2','',''),
('2525211011623032','18:16:00','18:16:00','6578280','3','',''),
('2525211011623032','18:17:00','18:17:00','6578282','4','',''),
('2525211011623032','18:18:00','18:18:00','6578284','5','',''),
('2525211011623032','18:19:00','18:19:00','6578286','6','',''),
('2525211011623032','18:20:00','18:20:00','6578288','7','',''),
('2525211011623032','18:21:00','18:21:00','6578290','8','',''),
('2525211021623032','18:12:00','18:12:00','6578277','1','',''),
('2525211021623032','18:13:00','18:13:00','6578279','2','',''),
('2525211021623032','18:16:00','18:16:00','6578280','3','',''),
('2525211021623032','18:17:00','18:17:00','6578282','4','',''),
('2525211021623032','18:18:00','18:18:00','6578284','5','',''),
('2525211021623032','18:19:00','18:19:00','6578286','6','',''),
('2525211021623032','18:20:00','18:20:00','6578288','7','',''),
('2525211021623032','18:21:00','18:21:00','6578290','8','',''),
('325211001623032','13:49:00','13:49:00','6578277','1','',''),
('325211001623032','13:50:00','13:50:00','6578279','2','',''),
('325211001623032','13:53:00','13:53:00','6578280','3','',''),
('325211001623032','13:54:00','13:54:00','6578282','4','',''),
('325211001623032','13:55:00','13:55:00','6578284','5','',''),
('325211001623032','13:56:00','13:56:00','6578286','6','',''),
('325211001623032','13:57:00','13:57:00','6578288','7','',''),
('325211001623032','13:58:00','13:58:00','6578290','8','',''),
('325211011623032','13:49:00','13:49:00','6578277','1','',''),
('325211011623032','13:50:00','13:50:00','6578279','2','',''),
('325211011623032','13:53:00','13:53:00','6578280','3','',''),
('325211011623032','13:54:00','13:54:00','6578282','4','',''),
('325211011623032','13:55:00','13:55:00','6578284','5','',''),
('325211011623032','13:56:00','13:56:00','6578286','6','',''),
('325211011623032','13:57:00','13:57:00','6578288','7','',''),
('325211011623032','13:58:00','13:58:00','6578290','8','',''),
('325211021623032','13:49:00','13:49:00','6578277','1','',''),
('325211021623032','13:50:00','13:50:00','6578279','2','',''),
('325211021623032','13:53:00','13:53:00','6578280','3','',''),
('325211021623032','13:54:00','13:54:00','6578282','4','',''),
('325211021623032','13:55:00','13:55:00','6578284','5','',''),
('325211021623032','13:56:00','13:56:00','6578286','6','',''),
('325211021623032','13:57:00','13:57:00','6578288','7','',''),
('325211021623032','13:58:00','13:58:00','6578290','8','',''),
('425211001623032','14:09:00','14:09:00','6578277','1','',''),
('425211001623032','14:10:00','14:10:00','6578279','2','',''),
('425211001623032','14:13:00','14:13:00','6578280','3','',''),
('425211001623032','14:14:00','14:14:00','6578282','4','',''),
('425211001623032','14:15:00','14:15:00','6578284','5','',''),
('425211001623032','14:16:00','14:16:00','6578286','6','',''),
('425211001623032','14:17:00','14:17:00','6578288','7','',''),
('425211001623032','14:18:00','14:18:00','6578290','8','',''),
('425211011623032','14:09:00','14:09:00','6578277','1','',''),
('425211011623032','14:10:00','14:10:00','6578279','2','',''),
('425211011623032','14:13:00','14:13:00','6578280','3','',''),
('425211011623032','14:14:00','14:14:00','6578282','4','',''),
('425211011623032','14:15:00','14:15:00','6578284','5','',''),
('425211011623032','14:16:00','14:16:00','6578286','6','',''),
('425211011623032','14:17:00','14:17:00','6578288','7','',''),
('425211011623032','14:18:00','14:18:00','6578290','8','',''),
('425211021623032','14:09:00','14:09:00','6578277','1','',''),
('425211021623032','14:10:00','14:10:00','6578279','2','',''),
('425211021623032','14:13:00','14:13:00','6578280','3','',''),
('425211021623032','14:14:00','14:14:00','6578282','4','',''),
('425211021623032','14:15:00','14:15:00','6578284','5','',''),
('425211021623032','14:16:00','14:16:00','6578286','6','',''),
('425211021623032','14:17:00','14:17:00','6578288','7','',''),
('425211021623032','14:18:00','14:18:00','6578290','8','',''),
('525211001623032','14:29:00','14:29:00','6578277','1','',''),
('525211001623032','14:30:00','14:30:00','6578279','2','',''),
('525211001623032','14:33:00','14:33:00','6578280','3','',''),
('525211001623032','14:34:00','14:34:00','6578282','4','',''),
('525211001623032','14:35:00','14:35:00','6578284','5','',''),
('525211001623032','14:36:00','14:36:00','6578286','6','',''),
('525211001623032','14:37:00','14:37:00','6578288','7','',''),
('525211001623032','14:38:00','14:38:00','6578290','8','',''),
('525211011623032','14:29:00','14:29:00','6578277','1','',''),
('525211011623032','14:30:00','14:30:00','6578279','2','',''),
('525211011623032','14:33:00','14:33:00','6578280','3','',''),
('525211011623032','14:34:00','14:34:00','6578282','4','',''),
('525211011623032','14:35:00','14:35:00','6578284','5','',''),
('525211011623032','14:36:00','14:36:00','6578286','6','',''),
('525211011623032','14:37:00','14:37:00','6578288','7','',''),
('525211011623032','14:38:00','14:38:00','6578290','8','',''),
('525211021623032','14:29:00','14:29:00','6578277','1','',''),
('525211021623032','14:30:00','14:30:00','6578279','2','',''),
('525211021623032','14:33:00','14:33:00','6578280','3','',''),
('525211021623032','14:34:00','14:34:00','6578282','4','',''),
('525211021623032','14:35:00','14:35:00','6578284','5','',''),
('525211021623032','14:36:00','14:36:00','6578286','6','',''),
('525211021623032','14:37:00','14:37:00','6578288','7','',''),
('525211021623032','14:38:00','14:38:00','6578290','8','',''),
('625211001623032','14:59:00','14:59:00','6578277','1','',''),
('625211001623032','15:00:00','15:00:00','6578279','2','',''),
('625211001623032','15:03:00','15:03:00','6578280','3','',''),
('625211001623032','15:04:00','15:04:00','6578282','4','',''),
('625211001623032','15:05:00','15:05:00','6578284','5','',''),
('625211001623032','15:06:00','15:06:00','6578286','6','',''),
('625211001623032','15:07:00','15:07:00','6578288','7','',''),
('625211001623032','15:08:00','15:08:00','6578290','8','',''),
('625211011623032','14:59:00','14:59:00','6578277','1','',''),
('625211011623032','15:00:00','15:00:00','6578279','2','',''),
('625211011623032','15:03:00','15:03:00','6578280','3','',''),
('625211011623032','15:04:00','15:04:00','6578282','4','',''),
('625211011623032','15:05:00','15:05:00','6578284','5','',''),
('625211011623032','15:06:00','15:06:00','6578286','6','',''),
('625211011623032','15:07:00','15:07:00','6578288','7','',''),
('625211011623032','15:08:00','15:08:00','6578290','8','',''),
('625211021623032','14:59:00','14:59:00','6578277','1','',''),
('625211021623032','15:00:00','15:00:00','6578279','2','',''),
('625211021623032','15:03:00','15:03:00','6578280','3','',''),
('625211021623032','15:04:00','15:04:00','6578282','4','',''),
('625211021623032','15:05:00','15:05:00','6578284','5','',''),
('625211021623032','15:06:00','15:06:00','6578286','6','',''),
('625211021623032','15:07:00','15:07:00','6578288','7','',''),
('625211021623032','15:08:00','15:08:00','6578290','8','',''),
('725211001623032','15:24:00','15:24:00','6578277','1','',''),
('725211001623032','15:25:00','15:25:00','6578279','2','',''),
('725211001623032','15:28:00','15:28:00','6578280','3','',''),
('725211001623032','15:29:00','15:29:00','6578282','4','',''),
('725211001623032','15:30:00','15:30:00','6578284','5','',''),
('725211001623032','15:31:00','15:31:00','6578286','6','',''),
('725211001623032','15:32:00','15:32:00','6578288','7','',''),
('725211001623032','15:33:00','15:33:00','6578290','8','',''),
('725211011623032','15:24:00','15:24:00','6578277','1','',''),
('725211011623032','15:25:00','15:25:00','6578279','2','',''),
('725211011623032','15:28:00','15:28:00','6578280','3','',''),
('725211011623032','15:29:00','15:29:00','6578282','4','',''),
('725211011623032','15:30:00','15:30:00','6578284','5','',''),
('725211011623032','15:31:00','15:31:00','6578286','6','',''),
('725211011623032','15:32:00','15:32:00','6578288','7','',''),
('725211011623032','15:33:00','15:33:00','6578290','8','',''),
('725211021623032','15:24:00','15:24:00','6578277','1','',''),
('725211021623032','15:25:00','15:25:00','6578279','2','',''),
('725211021623032','15:28:00','15:28:00','6578280','3','',''),
('725211021623032','15:29:00','15:29:00','6578282','4','',''),
('725211021623032','15:30:00','15:30:00','6578284','5','',''),
('725211021623032','15:31:00','15:31:00','6578286','6','',''),
('725211021623032','15:32:00','15:32:00','6578288','7','',''),
('725211021623032','15:33:00','15:33:00','6578290','8','',''),
('825211001623032','15:38:00','15:38:00','6578277','1','',''),
('825211001623032','15:39:00','15:39:00','6578279','2','',''),
('825211001623032','15:42:00','15:42:00','6578280','3','',''),
('825211001623032','15:43:00','15:43:00','6578282','4','',''),
('825211001623032','15:44:00','15:44:00','6578284','5','',''),
('825211001623032','15:45:00','15:45:00','6578286','6','',''),
('825211001623032','15:46:00','15:46:00','6578288','7','',''),
('825211001623032','15:47:00','15:47:00','6578290','8','',''),
('825211011623032','15:38:00','15:38:00','6578277','1','',''),
('825211011623032','15:39:00','15:39:00','6578279','2','',''),
('825211011623032','15:42:00','15:42:00','6578280','3','',''),
('825211011623032','15:43:00','15:43:00','6578282','4','',''),
('825211011623032','15:44:00','15:44:00','6578284','5','',''),
('825211011623032','15:45:00','15:45:00','6578286','6','',''),
('825211011623032','15:46:00','15:46:00','6578288','7','',''),
('825211011623032','15:47:00','15:47:00','6578290','8','',''),
('825211021623032','15:38:00','15:38:00','6578277','1','',''),
('825211021623032','15:39:00','15:39:00','6578279','2','',''),
('825211021623032','15:42:00','15:42:00','6578280','3','',''),
('825211021623032','15:43:00','15:43:00','6578282','4','',''),
('825211021623032','15:44:00','15:44:00','6578284','5','',''),
('825211021623032','15:45:00','15:45:00','6578286','6','',''),
('825211021623032','15:46:00','15:46:00','6578288','7','',''),
('825211021623032','15:47:00','15:47:00','6578290','8','',''),
('925211001623032','15:48:00','15:48:00','6578277','1','',''),
('925211001623032','15:49:00','15:49:00','6578279','2','',''),
('925211001623032','15:52:00','15:52:00','6578280','3','',''),
('925211001623032','15:53:00','15:53:00','6578282','4','',''),
('925211001623032','15:54:00','15:54:00','6578284','5','',''),
('925211001623032','15:55:00','15:55:00','6578286','6','',''),
('925211001623032','15:56:00','15:56:00','6578288','7','',''),
('925211001623032','15:57:00','15:57:00','6578290','8','',''),
('925211011623032','15:48:00','15:48:00','6578277','1','',''),
('925211011623032','15:49:00','15:49:00','6578279','2','',''),
('925211011623032','15:52:00','15:52:00','6578280','3','',''),
('925211011623032','15:53:00','15:53:00','6578282','4','',''),
('925211011623032','15:54:00','15:54:00','6578284','5','',''),
('925211011623032','15:55:00','15:55:00','6578286','6','',''),
('925211011623032','15:56:00','15:56:00','6578288','7','',''),
('925211011623032','15:57:00','15:57:00','6578290','8','',''),
('925211021623032','15:48:00','15:48:00','6578277','1','',''),
('925211021623032','15:49:00','15:49:00','6578279','2','',''),
('925211021623032','15:52:00','15:52:00','6578280','3','',''),
('925211021623032','15:53:00','15:53:00','6578282','4','',''),
('925211021623032','15:54:00','15:54:00','6578284','5','',''),
('925211021623032','15:55:00','15:55:00','6578286','6','',''),
('925211021623032','15:56:00','15:56:00','6578288','7','',''),
('925211021623032','15:57:00','15:57:00','6578290','8','',''),
('1025211001623031','09:47:00','09:47:00','6578291','1','',''),
('1025211001623031','09:48:00','09:48:00','6578289','2','',''),
('1025211001623031','09:49:00','09:49:00','6578287','3','',''),
('1025211001623031','09:50:00','09:50:00','6578285','4','',''),
('1025211001623031','09:51:00','09:51:00','6578283','5','',''),
('1025211001623031','09:52:00','09:52:00','6578281','6','',''),
('1025211001623031','09:54:00','09:54:00','6578278','7','',''),
('1025211011623031','09:47:00','09:47:00','6578291','1','',''),
('1025211011623031','09:48:00','09:48:00','6578289','2','',''),
('1025211011623031','09:49:00','09:49:00','6578287','3','',''),
('1025211011623031','09:50:00','09:50:00','6578285','4','',''),
('1025211011623031','09:51:00','09:51:00','6578283','5','',''),
('1025211011623031','09:52:00','09:52:00','6578281','6','',''),
('1025211011623031','09:54:00','09:54:00','6578278','7','',''),
('1025211021623031','09:47:00','09:47:00','6578291','1','',''),
('1025211021623031','09:48:00','09:48:00','6578289','2','',''),
('1025211021623031','09:49:00','09:49:00','6578287','3','',''),
('1025211021623031','09:50:00','09:50:00','6578285','4','',''),
('1025211021623031','09:51:00','09:51:00','6578283','5','',''),
('1025211021623031','09:52:00','09:52:00','6578281','6','',''),
('1025211021623031','09:54:00','09:54:00','6578278','7','',''),
('1125211001623031','10:09:00','10:09:00','6578291','1','',''),
('1125211001623031','10:10:00','10:10:00','6578289','2','',''),
('1125211001623031','10:11:00','10:11:00','6578287','3','',''),
('1125211001623031','10:12:00','10:12:00','6578285','4','',''),
('1125211001623031','10:13:00','10:13:00','6578283','5','',''),
('1125211001623031','10:14:00','10:14:00','6578281','6','',''),
('1125211001623031','10:16:00','10:16:00','6578278','7','',''),
('1125211011623031','10:09:00','10:09:00','6578291','1','',''),
('1125211011623031','10:10:00','10:10:00','6578289','2','',''),
('1125211011623031','10:11:00','10:11:00','6578287','3','',''),
('1125211011623031','10:12:00','10:12:00','6578285','4','',''),
('1125211011623031','10:13:00','10:13:00','6578283','5','',''),
('1125211011623031','10:14:00','10:14:00','6578281','6','',''),
('1125211011623031','10:16:00','10:16:00','6578278','7','',''),
('1125211021623031','10:09:00','10:09:00','6578291','1','',''),
('1125211021623031','10:10:00','10:10:00','6578289','2','',''),
('1125211021623031','10:11:00','10:11:00','6578287','3','',''),
('1125211021623031','10:12:00','10:12:00','6578285','4','',''),
('1125211021623031','10:13:00','10:13:00','6578283','5','',''),
('1125211021623031','10:14:00','10:14:00','6578281','6','',''),
('1125211021623031','10:16:00','10:16:00','6578278','7','',''),
('1225211001623031','10:39:00','10:39:00','6578291','1','',''),
('1225211001623031','10:40:00','10:40:00','6578289','2','',''),
('1225211001623031','10:41:00','10:41:00','6578287','3','',''),
('1225211001623031','10:42:00','10:42:00','6578285','4','',''),
('1225211001623031','10:43:00','10:43:00','6578283','5','',''),
('1225211001623031','10:44:00','10:44:00','6578281','6','',''),
('1225211001623031','10:46:00','10:46:00','6578278','7','',''),
('1225211011623031','10:39:00','10:39:00','6578291','1','',''),
('1225211011623031','10:40:00','10:40:00','6578289','2','',''),
('1225211011623031','10:41:00','10:41:00','6578287','3','',''),
('1225211011623031','10:42:00','10:42:00','6578285','4','',''),
('1225211011623031','10:43:00','10:43:00','6578283','5','',''),
('1225211011623031','10:44:00','10:44:00','6578281','6','',''),
('1225211011623031','10:46:00','10:46:00','6578278','7','',''),
('1225211021623031','10:39:00','10:39:00','6578291','1','',''),
('1225211021623031','10:40:00','10:40:00','6578289','2','',''),
('1225211021623031','10:41:00','10:41:00','6578287','3','',''),
('1225211021623031','10:42:00','10:42:00','6578285','4','',''),
('1225211021623031','10:43:00','10:43:00','6578283','5','',''),
('1225211021623031','10:44:00','10:44:00','6578281','6','',''),
('1225211021623031','10:46:00','10:46:00','6578278','7','',''),
('125211001623031','06:57:00','06:57:00','6578291','1','',''),
('125211001623031','06:58:00','06:58:00','6578289','2','',''),
('125211001623031','06:59:00','06:59:00','6578287','3','',''),
('125211001623031','07:00:00','07:00:00','6578285','4','',''),
('125211001623031','07:01:00','07:01:00','6578283','5','',''),
('125211001623031','07:02:00','07:02:00','6578281','6','',''),
('125211001623031','07:04:00','07:04:00','6578278','7','',''),
('125211011623031','06:57:00','06:57:00','6578291','1','',''),
('125211011623031','06:58:00','06:58:00','6578289','2','',''),
('125211011623031','06:59:00','06:59:00','6578287','3','',''),
('125211011623031','07:00:00','07:00:00','6578285','4','',''),
('125211011623031','07:01:00','07:01:00','6578283','5','',''),
('125211011623031','07:02:00','07:02:00','6578281','6','',''),
('125211011623031','07:04:00','07:04:00','6578278','7','',''),
('125211021623031','06:57:00','06:57:00','6578291','1','',''),
('125211021623031','06:58:00','06:58:00','6578289','2','',''),
('125211021623031','06:59:00','06:59:00','6578287','3','',''),
('125211021623031','07:00:00','07:00:00','6578285','4','',''),
('125211021623031','07:01:00','07:01:00','6578283','5','',''),
('125211021623031','07:02:00','07:02:00','6578281','6','',''),
('125211021623031','07:04:00','07:04:00','6578278','7','',''),
('1325211001623031','10:59:00','10:59:00','6578291','1','',''),
('1325211001623031','11:00:00','11:00:00','6578289','2','',''),
('1325211001623031','11:01:00','11:01:00','6578287','3','',''),
('1325211001623031','11:02:00','11:02:00','6578285','4','',''),
('1325211001623031','11:03:00','11:03:00','6578283','5','',''),
('1325211001623031','11:04:00','11:04:00','6578281','6','',''),
('1325211001623031','11:06:00','11:06:00','6578278','7','',''),
('1325211011623031','10:59:00','10:59:00','6578291','1','',''),
('1325211011623031','11:00:00','11:00:00','6578289','2','',''),
('1325211011623031','11:01:00','11:01:00','6578287','3','',''),
('1325211011623031','11:02:00','11:02:00','6578285','4','',''),
('1325211011623031','11:03:00','11:03:00','6578283','5','',''),
('1325211011623031','11:04:00','11:04:00','6578281','6','',''),
('1325211011623031','11:06:00','11:06:00','6578278','7','',''),
('1325211021623031','10:59:00','10:59:00','6578291','1','',''),
('1325211021623031','11:00:00','11:00:00','6578289','2','',''),
('1325211021623031','11:01:00','11:01:00','6578287','3','',''),
('1325211021623031','11:02:00','11:02:00','6578285','4','',''),
('1325211021623031','11:03:00','11:03:00','6578283','5','',''),
('1325211021623031','11:04:00','11:04:00','6578281','6','',''),
('1325211021623031','11:06:00','11:06:00','6578278','7','',''),
('1425211001623031','11:29:00','11:29:00','6578291','1','',''),
('1425211001623031','11:30:00','11:30:00','6578289','2','',''),
('1425211001623031','11:31:00','11:31:00','6578287','3','',''),
('1425211001623031','11:32:00','11:32:00','6578285','4','',''),
('1425211001623031','11:33:00','11:33:00','6578283','5','',''),
('1425211001623031','11:34:00','11:34:00','6578281','6','',''),
('1425211001623031','11:36:00','11:36:00','6578278','7','',''),
('1425211011623031','11:29:00','11:29:00','6578291','1','',''),
('1425211011623031','11:30:00','11:30:00','6578289','2','',''),
('1425211011623031','11:31:00','11:31:00','6578287','3','',''),
('1425211011623031','11:32:00','11:32:00','6578285','4','',''),
('1425211011623031','11:33:00','11:33:00','6578283','5','',''),
('1425211011623031','11:34:00','11:34:00','6578281','6','',''),
('1425211011623031','11:36:00','11:36:00','6578278','7','',''),
('1425211021623031','11:29:00','11:29:00','6578291','1','',''),
('1425211021623031','11:30:00','11:30:00','6578289','2','',''),
('1425211021623031','11:31:00','11:31:00','6578287','3','',''),
('1425211021623031','11:32:00','11:32:00','6578285','4','',''),
('1425211021623031','11:33:00','11:33:00','6578283','5','',''),
('1425211021623031','11:34:00','11:34:00','6578281','6','',''),
('1425211021623031','11:36:00','11:36:00','6578278','7','',''),
('1525211001623031','11:49:00','11:49:00','6578291','1','',''),
('1525211001623031','11:50:00','11:50:00','6578289','2','',''),
('1525211001623031','11:51:00','11:51:00','6578287','3','',''),
('1525211001623031','11:52:00','11:52:00','6578285','4','',''),
('1525211001623031','11:53:00','11:53:00','6578283','5','',''),
('1525211001623031','11:54:00','11:54:00','6578281','6','',''),
('1525211001623031','11:56:00','11:56:00','6578278','7','',''),
('1525211011623031','11:49:00','11:49:00','6578291','1','',''),
('1525211011623031','11:50:00','11:50:00','6578289','2','',''),
('1525211011623031','11:51:00','11:51:00','6578287','3','',''),
('1525211011623031','11:52:00','11:52:00','6578285','4','',''),
('1525211011623031','11:53:00','11:53:00','6578283','5','',''),
('1525211011623031','11:54:00','11:54:00','6578281','6','',''),
('1525211011623031','11:56:00','11:56:00','6578278','7','',''),
('1525211021623031','11:49:00','11:49:00','6578291','1','',''),
('1525211021623031','11:50:00','11:50:00','6578289','2','',''),
('1525211021623031','11:51:00','11:51:00','6578287','3','',''),
('1525211021623031','11:52:00','11:52:00','6578285','4','',''),
('1525211021623031','11:53:00','11:53:00','6578283','5','',''),
('1525211021623031','11:54:00','11:54:00','6578281','6','',''),
('1525211021623031','11:56:00','11:56:00','6578278','7','',''),
('1625211001623031','12:19:00','12:19:00','6578291','1','',''),
('1625211001623031','12:20:00','12:20:00','6578289','2','',''),
('1625211001623031','12:21:00','12:21:00','6578287','3','',''),
('1625211001623031','12:22:00','12:22:00','6578285','4','',''),
('1625211001623031','12:23:00','12:23:00','6578283','5','',''),
('1625211001623031','12:24:00','12:24:00','6578281','6','',''),
('1625211001623031','12:26:00','12:26:00','6578278','7','',''),
('1625211011623031','12:19:00','12:19:00','6578291','1','',''),
('1625211011623031','12:20:00','12:20:00','6578289','2','',''),
('1625211011623031','12:21:00','12:21:00','6578287','3','',''),
('1625211011623031','12:22:00','12:22:00','6578285','4','',''),
('1625211011623031','12:23:00','12:23:00','6578283','5','',''),
('1625211011623031','12:24:00','12:24:00','6578281','6','',''),
('1625211011623031','12:26:00','12:26:00','6578278','7','',''),
('1625211021623031','12:19:00','12:19:00','6578291','1','',''),
('1625211021623031','12:20:00','12:20:00','6578289','2','',''),
('1625211021623031','12:21:00','12:21:00','6578287','3','',''),
('1625211021623031','12:22:00','12:22:00','6578285','4','',''),
('1625211021623031','12:23:00','12:23:00','6578283','5','',''),
('1625211021623031','12:24:00','12:24:00','6578281','6','',''),
('1625211021623031','12:26:00','12:26:00','6578278','7','',''),
('1725211001623031','12:39:00','12:39:00','6578291','1','',''),
('1725211001623031','12:40:00','12:40:00','6578289','2','',''),
('1725211001623031','12:41:00','12:41:00','6578287','3','',''),
('1725211001623031','12:42:00','12:42:00','6578285','4','',''),
('1725211001623031','12:43:00','12:43:00','6578283','5','',''),
('1725211001623031','12:44:00','12:44:00','6578281','6','',''),
('1725211001623031','12:46:00','12:46:00','6578278','7','',''),
('1725211011623031','12:39:00','12:39:00','6578291','1','',''),
('1725211011623031','12:40:00','12:40:00','6578289','2','',''),
('1725211011623031','12:41:00','12:41:00','6578287','3','',''),
('1725211011623031','12:42:00','12:42:00','6578285','4','',''),
('1725211011623031','12:43:00','12:43:00','6578283','5','',''),
('1725211011623031','12:44:00','12:44:00','6578281','6','',''),
('1725211011623031','12:46:00','12:46:00','6578278','7','',''),
('1725211021623031','12:39:00','12:39:00','6578291','1','',''),
('1725211021623031','12:40:00','12:40:00','6578289','2','',''),
('1725211021623031','12:41:00','12:41:00','6578287','3','',''),
('1725211021623031','12:42:00','12:42:00','6578285','4','',''),
('1725211021623031','12:43:00','12:43:00','6578283','5','',''),
('1725211021623031','12:44:00','12:44:00','6578281','6','',''),
('1725211021623031','12:46:00','12:46:00','6578278','7','',''),
('225211001623031','07:23:00','07:23:00','6578291','1','',''),
('225211001623031','07:24:00','07:24:00','6578289','2','',''),
('225211001623031','07:25:00','07:25:00','6578287','3','',''),
('225211001623031','07:26:00','07:26:00','6578285','4','',''),
('225211001623031','07:27:00','07:27:00','6578283','5','',''),
('225211001623031','07:28:00','07:28:00','6578281','6','',''),
('225211001623031','07:30:00','07:30:00','6578278','7','',''),
('225211011623031','07:23:00','07:23:00','6578291','1','',''),
('225211011623031','07:24:00','07:24:00','6578289','2','',''),
('225211011623031','07:25:00','07:25:00','6578287','3','',''),
('225211011623031','07:26:00','07:26:00','6578285','4','',''),
('225211011623031','07:27:00','07:27:00','6578283','5','',''),
('225211011623031','07:28:00','07:28:00','6578281','6','',''),
('225211011623031','07:30:00','07:30:00','6578278','7','',''),
('225211021623031','07:23:00','07:23:00','6578291','1','',''),
('225211021623031','07:24:00','07:24:00','6578289','2','',''),
('225211021623031','07:25:00','07:25:00','6578287','3','',''),
('225211021623031','07:26:00','07:26:00','6578285','4','',''),
('225211021623031','07:27:00','07:27:00','6578283','5','',''),
('225211021623031','07:28:00','07:28:00','6578281','6','',''),
('225211021623031','07:30:00','07:30:00','6578278','7','',''),
('325211001623031','07:44:00','07:44:00','6578291','1','',''),
('325211001623031','07:45:00','07:45:00','6578289','2','',''),
('325211001623031','07:46:00','07:46:00','6578287','3','',''),
('325211001623031','07:47:00','07:47:00','6578285','4','',''),
('325211001623031','07:48:00','07:48:00','6578283','5','',''),
('325211001623031','07:49:00','07:49:00','6578281','6','',''),
('325211001623031','07:51:00','07:51:00','6578278','7','',''),
('325211011623031','07:44:00','07:44:00','6578291','1','',''),
('325211011623031','07:45:00','07:45:00','6578289','2','',''),
('325211011623031','07:46:00','07:46:00','6578287','3','',''),
('325211011623031','07:47:00','07:47:00','6578285','4','',''),
('325211011623031','07:48:00','07:48:00','6578283','5','',''),
('325211011623031','07:49:00','07:49:00','6578281','6','',''),
('325211011623031','07:51:00','07:51:00','6578278','7','',''),
('325211021623031','07:44:00','07:44:00','6578291','1','',''),
('325211021623031','07:45:00','07:45:00','6578289','2','',''),
('325211021623031','07:46:00','07:46:00','6578287','3','',''),
('325211021623031','07:47:00','07:47:00','6578285','4','',''),
('325211021623031','07:48:00','07:48:00','6578283','5','',''),
('325211021623031','07:49:00','07:49:00','6578281','6','',''),
('325211021623031','07:51:00','07:51:00','6578278','7','',''),
('425211001623031','08:06:00','08:06:00','6578291','1','',''),
('425211001623031','08:07:00','08:07:00','6578289','2','',''),
('425211001623031','08:08:00','08:08:00','6578287','3','',''),
('425211001623031','08:09:00','08:09:00','6578285','4','',''),
('425211001623031','08:10:00','08:10:00','6578283','5','',''),
('425211001623031','08:11:00','08:11:00','6578281','6','',''),
('425211001623031','08:13:00','08:13:00','6578278','7','',''),
('425211011623031','08:06:00','08:06:00','6578291','1','',''),
('425211011623031','08:07:00','08:07:00','6578289','2','',''),
('425211011623031','08:08:00','08:08:00','6578287','3','',''),
('425211011623031','08:09:00','08:09:00','6578285','4','',''),
('425211011623031','08:10:00','08:10:00','6578283','5','',''),
('425211011623031','08:11:00','08:11:00','6578281','6','',''),
('425211011623031','08:13:00','08:13:00','6578278','7','',''),
('425211021623031','08:06:00','08:06:00','6578291','1','',''),
('425211021623031','08:07:00','08:07:00','6578289','2','',''),
('425211021623031','08:08:00','08:08:00','6578287','3','',''),
('425211021623031','08:09:00','08:09:00','6578285','4','',''),
('425211021623031','08:10:00','08:10:00','6578283','5','',''),
('425211021623031','08:11:00','08:11:00','6578281','6','',''),
('425211021623031','08:13:00','08:13:00','6578278','7','',''),
('525211001623031','08:16:00','08:16:00','6578291','1','',''),
('525211001623031','08:17:00','08:17:00','6578289','2','',''),
('525211001623031','08:18:00','08:18:00','6578287','3','',''),
('525211001623031','08:19:00','08:19:00','6578285','4','',''),
('525211001623031','08:20:00','08:20:00','6578283','5','',''),
('525211001623031','08:21:00','08:21:00','6578281','6','',''),
('525211001623031','08:23:00','08:23:00','6578278','7','',''),
('525211011623031','08:16:00','08:16:00','6578291','1','',''),
('525211011623031','08:17:00','08:17:00','6578289','2','',''),
('525211011623031','08:18:00','08:18:00','6578287','3','',''),
('525211011623031','08:19:00','08:19:00','6578285','4','',''),
('525211011623031','08:20:00','08:20:00','6578283','5','',''),
('525211011623031','08:21:00','08:21:00','6578281','6','',''),
('525211011623031','08:23:00','08:23:00','6578278','7','',''),
('525211021623031','08:16:00','08:16:00','6578291','1','',''),
('525211021623031','08:17:00','08:17:00','6578289','2','',''),
('525211021623031','08:18:00','08:18:00','6578287','3','',''),
('525211021623031','08:19:00','08:19:00','6578285','4','',''),
('525211021623031','08:20:00','08:20:00','6578283','5','',''),
('525211021623031','08:21:00','08:21:00','6578281','6','',''),
('525211021623031','08:23:00','08:23:00','6578278','7','',''),
('625211001623031','08:28:00','08:28:00','6578291','1','',''),
('625211001623031','08:29:00','08:29:00','6578289','2','',''),
('625211001623031','08:30:00','08:30:00','6578287','3','',''),
('625211001623031','08:31:00','08:31:00','6578285','4','',''),
('625211001623031','08:32:00','08:32:00','6578283','5','',''),
('625211001623031','08:33:00','08:33:00','6578281','6','',''),
('625211001623031','08:35:00','08:35:00','6578278','7','',''),
('625211011623031','08:28:00','08:28:00','6578291','1','',''),
('625211011623031','08:29:00','08:29:00','6578289','2','',''),
('625211011623031','08:30:00','08:30:00','6578287','3','',''),
('625211011623031','08:31:00','08:31:00','6578285','4','',''),
('625211011623031','08:32:00','08:32:00','6578283','5','',''),
('625211011623031','08:33:00','08:33:00','6578281','6','',''),
('625211011623031','08:35:00','08:35:00','6578278','7','',''),
('625211021623031','08:28:00','08:28:00','6578291','1','',''),
('625211021623031','08:29:00','08:29:00','6578289','2','',''),
('625211021623031','08:30:00','08:30:00','6578287','3','',''),
('625211021623031','08:31:00','08:31:00','6578285','4','',''),
('625211021623031','08:32:00','08:32:00','6578283','5','',''),
('625211021623031','08:33:00','08:33:00','6578281','6','',''),
('625211021623031','08:35:00','08:35:00','6578278','7','',''),
('725211001623031','08:38:00','08:38:00','6578291','1','',''),
('725211001623031','08:39:00','08:39:00','6578289','2','',''),
('725211001623031','08:40:00','08:40:00','6578287','3','',''),
('725211001623031','08:41:00','08:41:00','6578285','4','',''),
('725211001623031','08:42:00','08:42:00','6578283','5','',''),
('725211001623031','08:43:00','08:43:00','6578281','6','',''),
('725211001623031','08:45:00','08:45:00','6578278','7','',''),
('725211011623031','08:38:00','08:38:00','6578291','1','',''),
('725211011623031','08:39:00','08:39:00','6578289','2','',''),
('725211011623031','08:40:00','08:40:00','6578287','3','',''),
('725211011623031','08:41:00','08:41:00','6578285','4','',''),
('725211011623031','08:42:00','08:42:00','6578283','5','',''),
('725211011623031','08:43:00','08:43:00','6578281','6','',''),
('725211011623031','08:45:00','08:45:00','6578278','7','',''),
('725211021623031','08:38:00','08:38:00','6578291','1','',''),
('725211021623031','08:39:00','08:39:00','6578289','2','',''),
('725211021623031','08:40:00','08:40:00','6578287','3','',''),
('725211021623031','08:41:00','08:41:00','6578285','4','',''),
('725211021623031','08:42:00','08:42:00','6578283','5','',''),
('725211021623031','08:43:00','08:43:00','6578281','6','',''),
('725211021623031','08:45:00','08:45:00','6578278','7','',''),
('825211001623031','08:48:00','08:48:00','6578291','1','',''),
('825211001623031','08:49:00','08:49:00','6578289','2','',''),
('825211001623031','08:50:00','08:50:00','6578287','3','',''),
('825211001623031','08:51:00','08:51:00','6578285','4','',''),
('825211001623031','08:52:00','08:52:00','6578283','5','',''),
('825211001623031','08:53:00','08:53:00','6578281','6','',''),
('825211001623031','08:55:00','08:55:00','6578278','7','',''),
('825211011623031','08:48:00','08:48:00','6578291','1','',''),
('825211011623031','08:49:00','08:49:00','6578289','2','',''),
('825211011623031','08:50:00','08:50:00','6578287','3','',''),
('825211011623031','08:51:00','08:51:00','6578285','4','',''),
('825211011623031','08:52:00','08:52:00','6578283','5','',''),
('825211011623031','08:53:00','08:53:00','6578281','6','',''),
('825211011623031','08:55:00','08:55:00','6578278','7','',''),
('825211021623031','08:48:00','08:48:00','6578291','1','',''),
('825211021623031','08:49:00','08:49:00','6578289','2','',''),
('825211021623031','08:50:00','08:50:00','6578287','3','',''),
('825211021623031','08:51:00','08:51:00','6578285','4','',''),
('825211021623031','08:52:00','08:52:00','6578283','5','',''),
('825211021623031','08:53:00','08:53:00','6578281','6','',''),
('825211021623031','08:55:00','08:55:00','6578278','7','',''),
('925211001623031','08:58:00','08:58:00','6578291','1','',''),
('925211001623031','08:59:00','08:59:00','6578289','2','',''),
('925211001623031','09:00:00','09:00:00','6578287','3','',''),
('925211001623031','09:01:00','09:01:00','6578285','4','',''),
('925211001623031','09:02:00','09:02:00','6578283','5','',''),
('925211001623031','09:03:00','09:03:00','6578281','6','',''),
('925211001623031','09:05:00','09:05:00','6578278','7','',''),
('925211011623031','08:58:00','08:58:00','6578291','1','',''),
('925211011623031','08:59:00','08:59:00','6578289','2','',''),
('925211011623031','09:00:00','09:00:00','6578287','3','',''),
('925211011623031','09:01:00','09:01:00','6578285','4','',''),
('925211011623031','09:02:00','09:02:00','6578283','5','',''),
('925211011623031','09:03:00','09:03:00','6578281','6','',''),
('925211011623031','09:05:00','09:05:00','6578278','7','',''),
('925211021623031','08:58:00','08:58:00','6578291','1','',''),
('925211021623031','08:59:00','08:59:00','6578289','2','',''),
('925211021623031','09:00:00','09:00:00','6578287','3','',''),
('925211021623031','09:01:00','09:01:00','6578285','4','',''),
('925211021623031','09:02:00','09:02:00','6578283','5','',''),
('925211021623031','09:03:00','09:03:00','6578281','6','',''),
('925211021623031','09:05:00','09:05:00','6578278','7','',''),
('125211031623033','07:42:00','07:42:00','6578292','1','',''),
('125211031623033','07:44:00','07:44:00','6578294','2','',''),
('125211031623033','07:45:00','07:45:00','6578296','3','',''),
('125211031623033','07:46:00','07:46:00','6578297','4','',''),
('125211031623033','07:47:00','07:47:00','6578298','5','',''),
('125211031623033','07:48:00','07:48:00','6578299','6','',''),
('125211031623033','07:49:00','07:49:00','6578300','7','',''),
('125211031623033','07:50:00','07:50:00','6578301','8','',''),
('125211031623033','07:51:00','07:51:00','6578302','9','',''),
('125211031623033','07:54:00','07:54:00','6578303','10','',''),
('125211031623033','07:55:00','07:55:00','6578304','11','',''),
('125211041623033','07:42:00','07:42:00','6578292','1','',''),
('125211041623033','07:44:00','07:44:00','6578294','2','',''),
('125211041623033','07:45:00','07:45:00','6578296','3','',''),
('125211041623033','07:46:00','07:46:00','6578297','4','',''),
('125211041623033','07:47:00','07:47:00','6578298','5','',''),
('125211041623033','07:48:00','07:48:00','6578299','6','',''),
('125211041623033','07:49:00','07:49:00','6578300','7','',''),
('125211041623033','07:50:00','07:50:00','6578301','8','',''),
('125211041623033','07:51:00','07:51:00','6578302','9','',''),
('125211041623033','07:54:00','07:54:00','6578303','10','',''),
('125211041623033','07:55:00','07:55:00','6578304','11','',''),
('125211051623033','07:42:00','07:42:00','6578292','1','',''),
('125211051623033','07:44:00','07:44:00','6578294','2','',''),
('125211051623033','07:45:00','07:45:00','6578296','3','',''),
('125211051623033','07:46:00','07:46:00','6578297','4','',''),
('125211051623033','07:47:00','07:47:00','6578298','5','',''),
('125211051623033','07:48:00','07:48:00','6578299','6','',''),
('125211051623033','07:49:00','07:49:00','6578300','7','',''),
('125211051623033','07:50:00','07:50:00','6578301','8','',''),
('125211051623033','07:51:00','07:51:00','6578302','9','',''),
('125211051623033','07:54:00','07:54:00','6578303','10','',''),
('125211051623033','07:55:00','07:55:00','6578304','11','',''),
('225211031623033','09:17:00','09:17:00','6578292','1','',''),
('225211031623033','09:19:00','09:19:00','6578294','2','',''),
('225211031623033','09:20:00','09:20:00','6578296','3','',''),
('225211031623033','09:21:00','09:21:00','6578297','4','',''),
('225211031623033','09:22:00','09:22:00','6578298','5','',''),
('225211031623033','09:23:00','09:23:00','6578299','6','',''),
('225211031623033','09:24:00','09:24:00','6578300','7','',''),
('225211031623033','09:25:00','09:25:00','6578301','8','',''),
('225211031623033','09:26:00','09:26:00','6578302','9','',''),
('225211031623033','09:29:00','09:29:00','6578303','10','',''),
('225211031623033','09:30:00','09:30:00','6578304','11','',''),
('225211041623033','09:17:00','09:17:00','6578292','1','',''),
('225211041623033','09:19:00','09:19:00','6578294','2','',''),
('225211041623033','09:20:00','09:20:00','6578296','3','',''),
('225211041623033','09:21:00','09:21:00','6578297','4','',''),
('225211041623033','09:22:00','09:22:00','6578298','5','',''),
('225211041623033','09:23:00','09:23:00','6578299','6','',''),
('225211041623033','09:24:00','09:24:00','6578300','7','',''),
('225211041623033','09:25:00','09:25:00','6578301','8','',''),
('225211041623033','09:26:00','09:26:00','6578302','9','',''),
('225211041623033','09:29:00','09:29:00','6578303','10','',''),
('225211041623033','09:30:00','09:30:00','6578304','11','',''),
('225211051623033','09:17:00','09:17:00','6578292','1','',''),
('225211051623033','09:19:00','09:19:00','6578294','2','',''),
('225211051623033','09:20:00','09:20:00','6578296','3','',''),
('225211051623033','09:21:00','09:21:00','6578297','4','',''),
('225211051623033','09:22:00','09:22:00','6578298','5','',''),
('225211051623033','09:23:00','09:23:00','6578299','6','',''),
('225211051623033','09:24:00','09:24:00','6578300','7','',''),
('225211051623033','09:25:00','09:25:00','6578301','8','',''),
('225211051623033','09:26:00','09:26:00','6578302','9','',''),
('225211051623033','09:29:00','09:29:00','6578303','10','',''),
('225211051623033','09:30:00','09:30:00','6578304','11','',''),
('125211031623035','07:56:00','07:56:00','6578292','1','',''),
('125211031623035','07:57:00','07:57:00','6578294','2','',''),
('125211031623035','07:58:00','07:58:00','6578296','3','',''),
('125211031623035','07:59:00','07:59:00','6578297','4','',''),
('125211031623035','07:59:00','07:59:00','6578298','5','',''),
('125211031623035','08:00:00','08:00:00','6578299','6','',''),
('125211031623035','08:01:00','08:01:00','6578300','7','',''),
('125211031623035','08:01:00','08:01:00','6578301','8','',''),
('125211031623035','08:02:00','08:02:00','6578302','9','',''),
('125211031623035','08:04:00','08:04:00','6578303','10','',''),
('125211031623035','08:05:00','08:05:00','6578304','11','',''),
('125211041623035','07:56:00','07:56:00','6578292','1','',''),
('125211041623035','07:57:00','07:57:00','6578294','2','',''),
('125211041623035','07:58:00','07:58:00','6578296','3','',''),
('125211041623035','07:59:00','07:59:00','6578297','4','',''),
('125211041623035','07:59:00','07:59:00','6578298','5','',''),
('125211041623035','08:00:00','08:00:00','6578299','6','',''),
('125211041623035','08:01:00','08:01:00','6578300','7','',''),
('125211041623035','08:01:00','08:01:00','6578301','8','',''),
('125211041623035','08:02:00','08:02:00','6578302','9','',''),
('125211041623035','08:04:00','08:04:00','6578303','10','',''),
('125211041623035','08:05:00','08:05:00','6578304','11','',''),
('125211051623035','07:56:00','07:56:00','6578292','1','',''),
('125211051623035','07:57:00','07:57:00','6578294','2','',''),
('125211051623035','07:58:00','07:58:00','6578296','3','',''),
('125211051623035','07:59:00','07:59:00','6578297','4','',''),
('125211051623035','07:59:00','07:59:00','6578298','5','',''),
('125211051623035','08:00:00','08:00:00','6578299','6','',''),
('125211051623035','08:01:00','08:01:00','6578300','7','',''),
('125211051623035','08:01:00','08:01:00','6578301','8','',''),
('125211051623035','08:02:00','08:02:00','6578302','9','',''),
('125211051623035','08:04:00','08:04:00','6578303','10','',''),
('125211051623035','08:05:00','08:05:00','6578304','11','',''),
('225211031623035','08:18:00','08:18:00','6578292','1','',''),
('225211031623035','08:19:00','08:19:00','6578294','2','',''),
('225211031623035','08:20:00','08:20:00','6578296','3','',''),
('225211031623035','08:21:00','08:21:00','6578297','4','',''),
('225211031623035','08:21:00','08:21:00','6578298','5','',''),
('225211031623035','08:22:00','08:22:00','6578299','6','',''),
('225211031623035','08:23:00','08:23:00','6578300','7','',''),
('225211031623035','08:23:00','08:23:00','6578301','8','',''),
('225211031623035','08:24:00','08:24:00','6578302','9','',''),
('225211031623035','08:26:00','08:26:00','6578303','10','',''),
('225211031623035','08:27:00','08:27:00','6578304','11','',''),
('225211041623035','08:18:00','08:18:00','6578292','1','',''),
('225211041623035','08:19:00','08:19:00','6578294','2','',''),
('225211041623035','08:20:00','08:20:00','6578296','3','',''),
('225211041623035','08:21:00','08:21:00','6578297','4','',''),
('225211041623035','08:21:00','08:21:00','6578298','5','',''),
('225211041623035','08:22:00','08:22:00','6578299','6','',''),
('225211041623035','08:23:00','08:23:00','6578300','7','',''),
('225211041623035','08:23:00','08:23:00','6578301','8','',''),
('225211041623035','08:24:00','08:24:00','6578302','9','',''),
('225211041623035','08:26:00','08:26:00','6578303','10','',''),
('225211041623035','08:27:00','08:27:00','6578304','11','',''),
('225211051623035','08:18:00','08:18:00','6578292','1','',''),
('225211051623035','08:19:00','08:19:00','6578294','2','',''),
('225211051623035','08:20:00','08:20:00','6578296','3','',''),
('225211051623035','08:21:00','08:21:00','6578297','4','',''),
('225211051623035','08:21:00','08:21:00','6578298','5','',''),
('225211051623035','08:22:00','08:22:00','6578299','6','',''),
('225211051623035','08:23:00','08:23:00','6578300','7','',''),
('225211051623035','08:23:00','08:23:00','6578301','8','',''),
('225211051623035','08:24:00','08:24:00','6578302','9','',''),
('225211051623035','08:26:00','08:26:00','6578303','10','',''),
('225211051623035','08:27:00','08:27:00','6578304','11','',''),
('325211031623035','08:38:00','08:38:00','6578292','1','',''),
('325211031623035','08:39:00','08:39:00','6578294','2','',''),
('325211031623035','08:40:00','08:40:00','6578296','3','',''),
('325211031623035','08:41:00','08:41:00','6578297','4','',''),
('325211031623035','08:41:00','08:41:00','6578298','5','',''),
('325211031623035','08:42:00','08:42:00','6578299','6','',''),
('325211031623035','08:43:00','08:43:00','6578300','7','',''),
('325211031623035','08:43:00','08:43:00','6578301','8','',''),
('325211031623035','08:44:00','08:44:00','6578302','9','',''),
('325211031623035','08:46:00','08:46:00','6578303','10','',''),
('325211031623035','08:47:00','08:47:00','6578304','11','',''),
('325211041623035','08:38:00','08:38:00','6578292','1','',''),
('325211041623035','08:39:00','08:39:00','6578294','2','',''),
('325211041623035','08:40:00','08:40:00','6578296','3','',''),
('325211041623035','08:41:00','08:41:00','6578297','4','',''),
('325211041623035','08:41:00','08:41:00','6578298','5','',''),
('325211041623035','08:42:00','08:42:00','6578299','6','',''),
('325211041623035','08:43:00','08:43:00','6578300','7','',''),
('325211041623035','08:43:00','08:43:00','6578301','8','',''),
('325211041623035','08:44:00','08:44:00','6578302','9','',''),
('325211041623035','08:46:00','08:46:00','6578303','10','',''),
('325211041623035','08:47:00','08:47:00','6578304','11','',''),
('325211051623035','08:38:00','08:38:00','6578292','1','',''),
('325211051623035','08:39:00','08:39:00','6578294','2','',''),
('325211051623035','08:40:00','08:40:00','6578296','3','',''),
('325211051623035','08:41:00','08:41:00','6578297','4','',''),
('325211051623035','08:41:00','08:41:00','6578298','5','',''),
('325211051623035','08:42:00','08:42:00','6578299','6','',''),
('325211051623035','08:43:00','08:43:00','6578300','7','',''),
('325211051623035','08:43:00','08:43:00','6578301','8','',''),
('325211051623035','08:44:00','08:44:00','6578302','9','',''),
('325211051623035','08:46:00','08:46:00','6578303','10','',''),
('325211051623035','08:47:00','08:47:00','6578304','11','',''),
('425211031623035','08:48:00','08:48:00','6578292','1','',''),
('425211031623035','08:49:00','08:49:00','6578294','2','',''),
('425211031623035','08:50:00','08:50:00','6578296','3','',''),
('425211031623035','08:51:00','08:51:00','6578297','4','',''),
('425211031623035','08:51:00','08:51:00','6578298','5','',''),
('425211031623035','08:52:00','08:52:00','6578299','6','',''),
('425211031623035','08:53:00','08:53:00','6578300','7','',''),
('425211031623035','08:53:00','08:53:00','6578301','8','',''),
('425211031623035','08:54:00','08:54:00','6578302','9','',''),
('425211031623035','08:56:00','08:56:00','6578303','10','',''),
('425211031623035','08:57:00','08:57:00','6578304','11','',''),
('425211041623035','08:48:00','08:48:00','6578292','1','',''),
('425211041623035','08:49:00','08:49:00','6578294','2','',''),
('425211041623035','08:50:00','08:50:00','6578296','3','',''),
('425211041623035','08:51:00','08:51:00','6578297','4','',''),
('425211041623035','08:51:00','08:51:00','6578298','5','',''),
('425211041623035','08:52:00','08:52:00','6578299','6','',''),
('425211041623035','08:53:00','08:53:00','6578300','7','',''),
('425211041623035','08:53:00','08:53:00','6578301','8','',''),
('425211041623035','08:54:00','08:54:00','6578302','9','',''),
('425211041623035','08:56:00','08:56:00','6578303','10','',''),
('425211041623035','08:57:00','08:57:00','6578304','11','',''),
('425211051623035','08:48:00','08:48:00','6578292','1','',''),
('425211051623035','08:49:00','08:49:00','6578294','2','',''),
('425211051623035','08:50:00','08:50:00','6578296','3','',''),
('425211051623035','08:51:00','08:51:00','6578297','4','',''),
('425211051623035','08:51:00','08:51:00','6578298','5','',''),
('425211051623035','08:52:00','08:52:00','6578299','6','',''),
('425211051623035','08:53:00','08:53:00','6578300','7','',''),
('425211051623035','08:53:00','08:53:00','6578301','8','',''),
('425211051623035','08:54:00','08:54:00','6578302','9','',''),
('425211051623035','08:56:00','08:56:00','6578303','10','',''),
('425211051623035','08:57:00','08:57:00','6578304','11','',''),
('525211031623035','08:59:00','08:59:00','6578292','1','',''),
('525211031623035','09:00:00','09:00:00','6578294','2','',''),
('525211031623035','09:01:00','09:01:00','6578296','3','',''),
('525211031623035','09:02:00','09:02:00','6578297','4','',''),
('525211031623035','09:02:00','09:02:00','6578298','5','',''),
('525211031623035','09:03:00','09:03:00','6578299','6','',''),
('525211031623035','09:04:00','09:04:00','6578300','7','',''),
('525211031623035','09:04:00','09:04:00','6578301','8','',''),
('525211031623035','09:05:00','09:05:00','6578302','9','',''),
('525211031623035','09:07:00','09:07:00','6578303','10','',''),
('525211031623035','09:08:00','09:08:00','6578304','11','',''),
('525211041623035','08:59:00','08:59:00','6578292','1','',''),
('525211041623035','09:00:00','09:00:00','6578294','2','',''),
('525211041623035','09:01:00','09:01:00','6578296','3','',''),
('525211041623035','09:02:00','09:02:00','6578297','4','',''),
('525211041623035','09:02:00','09:02:00','6578298','5','',''),
('525211041623035','09:03:00','09:03:00','6578299','6','',''),
('525211041623035','09:04:00','09:04:00','6578300','7','',''),
('525211041623035','09:04:00','09:04:00','6578301','8','',''),
('525211041623035','09:05:00','09:05:00','6578302','9','',''),
('525211041623035','09:07:00','09:07:00','6578303','10','',''),
('525211041623035','09:08:00','09:08:00','6578304','11','',''),
('525211051623035','08:59:00','08:59:00','6578292','1','',''),
('525211051623035','09:00:00','09:00:00','6578294','2','',''),
('525211051623035','09:01:00','09:01:00','6578296','3','',''),
('525211051623035','09:02:00','09:02:00','6578297','4','',''),
('525211051623035','09:02:00','09:02:00','6578298','5','',''),
('525211051623035','09:03:00','09:03:00','6578299','6','',''),
('525211051623035','09:04:00','09:04:00','6578300','7','',''),
('525211051623035','09:04:00','09:04:00','6578301','8','',''),
('525211051623035','09:05:00','09:05:00','6578302','9','',''),
('525211051623035','09:07:00','09:07:00','6578303','10','',''),
('525211051623035','09:08:00','09:08:00','6578304','11','',''),
('125211031766645','16:43:00','16:43:00','6578305','1','',''),
('125211031766645','16:51:00','16:51:00','6578295','2','',''),
('125211031766645','16:52:00','16:52:00','6578293','3','',''),
('125211041766645','16:43:00','16:43:00','6578305','1','',''),
('125211041766645','16:51:00','16:51:00','6578295','2','',''),
('125211041766645','16:52:00','16:52:00','6578293','3','',''),
('125211051766645','16:43:00','16:43:00','6578305','1','',''),
('125211051766645','16:51:00','16:51:00','6578295','2','',''),
('125211051766645','16:52:00','16:52:00','6578293','3','',''),
('225211031766645','17:10:00','17:10:00','6578305','1','',''),
('225211031766645','17:18:00','17:18:00','6578295','2','',''),
('225211031766645','17:19:00','17:19:00','6578293','3','',''),
('225211041766645','17:10:00','17:10:00','6578305','1','',''),
('225211041766645','17:18:00','17:18:00','6578295','2','',''),
('225211041766645','17:19:00','17:19:00','6578293','3','',''),
('225211051766645','17:10:00','17:10:00','6578305','1','',''),
('225211051766645','17:18:00','17:18:00','6578295','2','',''),
('225211051766645','17:19:00','17:19:00','6578293','3','',''),
('325211031766645','17:53:00','17:53:00','6578305','1','',''),
('325211031766645','18:01:00','18:01:00','6578295','2','',''),
('325211031766645','18:02:00','18:02:00','6578293','3','',''),
('325211041766645','17:53:00','17:53:00','6578305','1','',''),
('325211041766645','18:01:00','18:01:00','6578295','2','',''),
('325211041766645','18:02:00','18:02:00','6578293','3','',''),
('325211051766645','17:53:00','17:53:00','6578305','1','',''),
('325211051766645','18:01:00','18:01:00','6578295','2','',''),
('325211051766645','18:02:00','18:02:00','6578293','3','',''),
('1025211101766650','08:59:00','08:59:00','6578306','1','',''),
('1025211101766650','09:01:00','09:01:00','6578308','2','',''),
('1025211101766650','09:02:00','09:02:00','6578310','3','',''),
('1025211101766650','09:03:00','09:03:00','6578312','4','',''),
('1025211101766650','09:04:00','09:04:00','6578314','5','',''),
('1025211101766650','09:05:00','09:05:00','6578316','6','',''),
('1025211101766650','09:06:00','09:06:00','6578318','7','',''),
('1025211101766650','09:07:00','09:07:00','6578320','8','',''),
('1025211101766650','09:08:00','09:08:00','6578322','9','',''),
('1025211121766650','08:59:00','08:59:00','6578306','1','',''),
('1025211121766650','09:01:00','09:01:00','6578308','2','',''),
('1025211121766650','09:02:00','09:02:00','6578310','3','',''),
('1025211121766650','09:03:00','09:03:00','6578312','4','',''),
('1025211121766650','09:04:00','09:04:00','6578314','5','',''),
('1025211121766650','09:05:00','09:05:00','6578316','6','',''),
('1025211121766650','09:06:00','09:06:00','6578318','7','',''),
('1025211121766650','09:07:00','09:07:00','6578320','8','',''),
('1025211121766650','09:08:00','09:08:00','6578322','9','',''),
('1025211131766650','08:59:00','08:59:00','6578306','1','',''),
('1025211131766650','09:01:00','09:01:00','6578308','2','',''),
('1025211131766650','09:02:00','09:02:00','6578310','3','',''),
('1025211131766650','09:03:00','09:03:00','6578312','4','',''),
('1025211131766650','09:04:00','09:04:00','6578314','5','',''),
('1025211131766650','09:05:00','09:05:00','6578316','6','',''),
('1025211131766650','09:06:00','09:06:00','6578318','7','',''),
('1025211131766650','09:07:00','09:07:00','6578320','8','',''),
('1025211131766650','09:08:00','09:08:00','6578322','9','',''),
('1125211101766650','09:07:00','09:07:00','6578306','1','',''),
('1125211101766650','09:09:00','09:09:00','6578308','2','',''),
('1125211101766650','09:10:00','09:10:00','6578310','3','',''),
('1125211101766650','09:11:00','09:11:00','6578312','4','',''),
('1125211101766650','09:12:00','09:12:00','6578314','5','',''),
('1125211101766650','09:13:00','09:13:00','6578316','6','',''),
('1125211101766650','09:14:00','09:14:00','6578318','7','',''),
('1125211101766650','09:15:00','09:15:00','6578320','8','',''),
('1125211101766650','09:16:00','09:16:00','6578322','9','',''),
('1125211121766650','09:07:00','09:07:00','6578306','1','',''),
('1125211121766650','09:09:00','09:09:00','6578308','2','',''),
('1125211121766650','09:10:00','09:10:00','6578310','3','',''),
('1125211121766650','09:11:00','09:11:00','6578312','4','',''),
('1125211121766650','09:12:00','09:12:00','6578314','5','',''),
('1125211121766650','09:13:00','09:13:00','6578316','6','',''),
('1125211121766650','09:14:00','09:14:00','6578318','7','',''),
('1125211121766650','09:15:00','09:15:00','6578320','8','',''),
('1125211121766650','09:16:00','09:16:00','6578322','9','',''),
('1125211131766650','09:07:00','09:07:00','6578306','1','',''),
('1125211131766650','09:09:00','09:09:00','6578308','2','',''),
('1125211131766650','09:10:00','09:10:00','6578310','3','',''),
('1125211131766650','09:11:00','09:11:00','6578312','4','',''),
('1125211131766650','09:12:00','09:12:00','6578314','5','',''),
('1125211131766650','09:13:00','09:13:00','6578316','6','',''),
('1125211131766650','09:14:00','09:14:00','6578318','7','',''),
('1125211131766650','09:15:00','09:15:00','6578320','8','',''),
('1125211131766650','09:16:00','09:16:00','6578322','9','',''),
('1225211101766650','09:37:00','09:37:00','6578306','1','',''),
('1225211101766650','09:39:00','09:39:00','6578308','2','',''),
('1225211101766650','09:40:00','09:40:00','6578310','3','',''),
('1225211101766650','09:41:00','09:41:00','6578312','4','',''),
('1225211101766650','09:42:00','09:42:00','6578314','5','',''),
('1225211101766650','09:43:00','09:43:00','6578316','6','',''),
('1225211101766650','09:44:00','09:44:00','6578318','7','',''),
('1225211101766650','09:45:00','09:45:00','6578320','8','',''),
('1225211101766650','09:46:00','09:46:00','6578322','9','',''),
('1225211121766650','09:37:00','09:37:00','6578306','1','',''),
('1225211121766650','09:39:00','09:39:00','6578308','2','',''),
('1225211121766650','09:40:00','09:40:00','6578310','3','',''),
('1225211121766650','09:41:00','09:41:00','6578312','4','',''),
('1225211121766650','09:42:00','09:42:00','6578314','5','',''),
('1225211121766650','09:43:00','09:43:00','6578316','6','',''),
('1225211121766650','09:44:00','09:44:00','6578318','7','',''),
('1225211121766650','09:45:00','09:45:00','6578320','8','',''),
('1225211121766650','09:46:00','09:46:00','6578322','9','',''),
('1225211131766650','09:37:00','09:37:00','6578306','1','',''),
('1225211131766650','09:39:00','09:39:00','6578308','2','',''),
('1225211131766650','09:40:00','09:40:00','6578310','3','',''),
('1225211131766650','09:41:00','09:41:00','6578312','4','',''),
('1225211131766650','09:42:00','09:42:00','6578314','5','',''),
('1225211131766650','09:43:00','09:43:00','6578316','6','',''),
('1225211131766650','09:44:00','09:44:00','6578318','7','',''),
('1225211131766650','09:45:00','09:45:00','6578320','8','',''),
('1225211131766650','09:46:00','09:46:00','6578322','9','',''),
('125211101766650','06:47:00','06:47:00','6578306','1','',''),
('125211101766650','06:49:00','06:49:00','6578308','2','',''),
('125211101766650','06:50:00','06:50:00','6578310','3','',''),
('125211101766650','06:51:00','06:51:00','6578312','4','',''),
('125211101766650','06:52:00','06:52:00','6578314','5','',''),
('125211101766650','06:53:00','06:53:00','6578316','6','',''),
('125211101766650','06:54:00','06:54:00','6578318','7','',''),
('125211101766650','06:55:00','06:55:00','6578320','8','',''),
('125211101766650','06:56:00','06:56:00','6578322','9','',''),
('125211121766650','06:47:00','06:47:00','6578306','1','',''),
('125211121766650','06:49:00','06:49:00','6578308','2','',''),
('125211121766650','06:50:00','06:50:00','6578310','3','',''),
('125211121766650','06:51:00','06:51:00','6578312','4','',''),
('125211121766650','06:52:00','06:52:00','6578314','5','',''),
('125211121766650','06:53:00','06:53:00','6578316','6','',''),
('125211121766650','06:54:00','06:54:00','6578318','7','',''),
('125211121766650','06:55:00','06:55:00','6578320','8','',''),
('125211121766650','06:56:00','06:56:00','6578322','9','',''),
('125211131766650','06:47:00','06:47:00','6578306','1','',''),
('125211131766650','06:49:00','06:49:00','6578308','2','',''),
('125211131766650','06:50:00','06:50:00','6578310','3','',''),
('125211131766650','06:51:00','06:51:00','6578312','4','',''),
('125211131766650','06:52:00','06:52:00','6578314','5','',''),
('125211131766650','06:53:00','06:53:00','6578316','6','',''),
('125211131766650','06:54:00','06:54:00','6578318','7','',''),
('125211131766650','06:55:00','06:55:00','6578320','8','',''),
('125211131766650','06:56:00','06:56:00','6578322','9','',''),
('1325211101766650','09:59:00','09:59:00','6578306','1','',''),
('1325211101766650','10:01:00','10:01:00','6578308','2','',''),
('1325211101766650','10:02:00','10:02:00','6578310','3','',''),
('1325211101766650','10:03:00','10:03:00','6578312','4','',''),
('1325211101766650','10:04:00','10:04:00','6578314','5','',''),
('1325211101766650','10:05:00','10:05:00','6578316','6','',''),
('1325211101766650','10:06:00','10:06:00','6578318','7','',''),
('1325211101766650','10:07:00','10:07:00','6578320','8','',''),
('1325211101766650','10:08:00','10:08:00','6578322','9','',''),
('1325211121766650','09:59:00','09:59:00','6578306','1','',''),
('1325211121766650','10:01:00','10:01:00','6578308','2','',''),
('1325211121766650','10:02:00','10:02:00','6578310','3','',''),
('1325211121766650','10:03:00','10:03:00','6578312','4','',''),
('1325211121766650','10:04:00','10:04:00','6578314','5','',''),
('1325211121766650','10:05:00','10:05:00','6578316','6','',''),
('1325211121766650','10:06:00','10:06:00','6578318','7','',''),
('1325211121766650','10:07:00','10:07:00','6578320','8','',''),
('1325211121766650','10:08:00','10:08:00','6578322','9','',''),
('1325211131766650','09:59:00','09:59:00','6578306','1','',''),
('1325211131766650','10:01:00','10:01:00','6578308','2','',''),
('1325211131766650','10:02:00','10:02:00','6578310','3','',''),
('1325211131766650','10:03:00','10:03:00','6578312','4','',''),
('1325211131766650','10:04:00','10:04:00','6578314','5','',''),
('1325211131766650','10:05:00','10:05:00','6578316','6','',''),
('1325211131766650','10:06:00','10:06:00','6578318','7','',''),
('1325211131766650','10:07:00','10:07:00','6578320','8','',''),
('1325211131766650','10:08:00','10:08:00','6578322','9','',''),
('1425211101766650','10:29:00','10:29:00','6578306','1','',''),
('1425211101766650','10:31:00','10:31:00','6578308','2','',''),
('1425211101766650','10:32:00','10:32:00','6578310','3','',''),
('1425211101766650','10:33:00','10:33:00','6578312','4','',''),
('1425211101766650','10:34:00','10:34:00','6578314','5','',''),
('1425211101766650','10:35:00','10:35:00','6578316','6','',''),
('1425211101766650','10:36:00','10:36:00','6578318','7','',''),
('1425211101766650','10:37:00','10:37:00','6578320','8','',''),
('1425211101766650','10:38:00','10:38:00','6578322','9','',''),
('1425211121766650','10:29:00','10:29:00','6578306','1','',''),
('1425211121766650','10:31:00','10:31:00','6578308','2','',''),
('1425211121766650','10:32:00','10:32:00','6578310','3','',''),
('1425211121766650','10:33:00','10:33:00','6578312','4','',''),
('1425211121766650','10:34:00','10:34:00','6578314','5','',''),
('1425211121766650','10:35:00','10:35:00','6578316','6','',''),
('1425211121766650','10:36:00','10:36:00','6578318','7','',''),
('1425211121766650','10:37:00','10:37:00','6578320','8','',''),
('1425211121766650','10:38:00','10:38:00','6578322','9','',''),
('1425211131766650','10:29:00','10:29:00','6578306','1','',''),
('1425211131766650','10:31:00','10:31:00','6578308','2','',''),
('1425211131766650','10:32:00','10:32:00','6578310','3','',''),
('1425211131766650','10:33:00','10:33:00','6578312','4','',''),
('1425211131766650','10:34:00','10:34:00','6578314','5','',''),
('1425211131766650','10:35:00','10:35:00','6578316','6','',''),
('1425211131766650','10:36:00','10:36:00','6578318','7','',''),
('1425211131766650','10:37:00','10:37:00','6578320','8','',''),
('1425211131766650','10:38:00','10:38:00','6578322','9','',''),
('1525211101766650','10:49:00','10:49:00','6578306','1','',''),
('1525211101766650','10:51:00','10:51:00','6578308','2','',''),
('1525211101766650','10:52:00','10:52:00','6578310','3','',''),
('1525211101766650','10:53:00','10:53:00','6578312','4','',''),
('1525211101766650','10:54:00','10:54:00','6578314','5','',''),
('1525211101766650','10:55:00','10:55:00','6578316','6','',''),
('1525211101766650','10:56:00','10:56:00','6578318','7','',''),
('1525211101766650','10:57:00','10:57:00','6578320','8','',''),
('1525211101766650','10:58:00','10:58:00','6578322','9','',''),
('1525211121766650','10:49:00','10:49:00','6578306','1','',''),
('1525211121766650','10:51:00','10:51:00','6578308','2','',''),
('1525211121766650','10:52:00','10:52:00','6578310','3','',''),
('1525211121766650','10:53:00','10:53:00','6578312','4','',''),
('1525211121766650','10:54:00','10:54:00','6578314','5','',''),
('1525211121766650','10:55:00','10:55:00','6578316','6','',''),
('1525211121766650','10:56:00','10:56:00','6578318','7','',''),
('1525211121766650','10:57:00','10:57:00','6578320','8','',''),
('1525211121766650','10:58:00','10:58:00','6578322','9','',''),
('1525211131766650','10:49:00','10:49:00','6578306','1','',''),
('1525211131766650','10:51:00','10:51:00','6578308','2','',''),
('1525211131766650','10:52:00','10:52:00','6578310','3','',''),
('1525211131766650','10:53:00','10:53:00','6578312','4','',''),
('1525211131766650','10:54:00','10:54:00','6578314','5','',''),
('1525211131766650','10:55:00','10:55:00','6578316','6','',''),
('1525211131766650','10:56:00','10:56:00','6578318','7','',''),
('1525211131766650','10:57:00','10:57:00','6578320','8','',''),
('1525211131766650','10:58:00','10:58:00','6578322','9','',''),
('1625211101766650','11:19:00','11:19:00','6578306','1','',''),
('1625211101766650','11:21:00','11:21:00','6578308','2','',''),
('1625211101766650','11:22:00','11:22:00','6578310','3','',''),
('1625211101766650','11:23:00','11:23:00','6578312','4','',''),
('1625211101766650','11:24:00','11:24:00','6578314','5','',''),
('1625211101766650','11:25:00','11:25:00','6578316','6','',''),
('1625211101766650','11:26:00','11:26:00','6578318','7','',''),
('1625211101766650','11:27:00','11:27:00','6578320','8','',''),
('1625211101766650','11:28:00','11:28:00','6578322','9','',''),
('1625211121766650','11:19:00','11:19:00','6578306','1','',''),
('1625211121766650','11:21:00','11:21:00','6578308','2','',''),
('1625211121766650','11:22:00','11:22:00','6578310','3','',''),
('1625211121766650','11:23:00','11:23:00','6578312','4','',''),
('1625211121766650','11:24:00','11:24:00','6578314','5','',''),
('1625211121766650','11:25:00','11:25:00','6578316','6','',''),
('1625211121766650','11:26:00','11:26:00','6578318','7','',''),
('1625211121766650','11:27:00','11:27:00','6578320','8','',''),
('1625211121766650','11:28:00','11:28:00','6578322','9','',''),
('1625211131766650','11:19:00','11:19:00','6578306','1','',''),
('1625211131766650','11:21:00','11:21:00','6578308','2','',''),
('1625211131766650','11:22:00','11:22:00','6578310','3','',''),
('1625211131766650','11:23:00','11:23:00','6578312','4','',''),
('1625211131766650','11:24:00','11:24:00','6578314','5','',''),
('1625211131766650','11:25:00','11:25:00','6578316','6','',''),
('1625211131766650','11:26:00','11:26:00','6578318','7','',''),
('1625211131766650','11:27:00','11:27:00','6578320','8','',''),
('1625211131766650','11:28:00','11:28:00','6578322','9','',''),
('1725211101766650','11:39:00','11:39:00','6578306','1','',''),
('1725211101766650','11:41:00','11:41:00','6578308','2','',''),
('1725211101766650','11:42:00','11:42:00','6578310','3','',''),
('1725211101766650','11:43:00','11:43:00','6578312','4','',''),
('1725211101766650','11:44:00','11:44:00','6578314','5','',''),
('1725211101766650','11:45:00','11:45:00','6578316','6','',''),
('1725211101766650','11:46:00','11:46:00','6578318','7','',''),
('1725211101766650','11:47:00','11:47:00','6578320','8','',''),
('1725211101766650','11:48:00','11:48:00','6578322','9','',''),
('1725211121766650','11:39:00','11:39:00','6578306','1','',''),
('1725211121766650','11:41:00','11:41:00','6578308','2','',''),
('1725211121766650','11:42:00','11:42:00','6578310','3','',''),
('1725211121766650','11:43:00','11:43:00','6578312','4','',''),
('1725211121766650','11:44:00','11:44:00','6578314','5','',''),
('1725211121766650','11:45:00','11:45:00','6578316','6','',''),
('1725211121766650','11:46:00','11:46:00','6578318','7','',''),
('1725211121766650','11:47:00','11:47:00','6578320','8','',''),
('1725211121766650','11:48:00','11:48:00','6578322','9','',''),
('1725211131766650','11:39:00','11:39:00','6578306','1','',''),
('1725211131766650','11:41:00','11:41:00','6578308','2','',''),
('1725211131766650','11:42:00','11:42:00','6578310','3','',''),
('1725211131766650','11:43:00','11:43:00','6578312','4','',''),
('1725211131766650','11:44:00','11:44:00','6578314','5','',''),
('1725211131766650','11:45:00','11:45:00','6578316','6','',''),
('1725211131766650','11:46:00','11:46:00','6578318','7','',''),
('1725211131766650','11:47:00','11:47:00','6578320','8','',''),
('1725211131766650','11:48:00','11:48:00','6578322','9','',''),
('1825211101766650','12:09:00','12:09:00','6578306','1','',''),
('1825211101766650','12:11:00','12:11:00','6578308','2','',''),
('1825211101766650','12:12:00','12:12:00','6578310','3','',''),
('1825211101766650','12:13:00','12:13:00','6578312','4','',''),
('1825211101766650','12:14:00','12:14:00','6578314','5','',''),
('1825211101766650','12:15:00','12:15:00','6578316','6','',''),
('1825211101766650','12:16:00','12:16:00','6578318','7','',''),
('1825211101766650','12:17:00','12:17:00','6578320','8','',''),
('1825211101766650','12:18:00','12:18:00','6578322','9','',''),
('1825211121766650','12:09:00','12:09:00','6578306','1','',''),
('1825211121766650','12:11:00','12:11:00','6578308','2','',''),
('1825211121766650','12:12:00','12:12:00','6578310','3','',''),
('1825211121766650','12:13:00','12:13:00','6578312','4','',''),
('1825211121766650','12:14:00','12:14:00','6578314','5','',''),
('1825211121766650','12:15:00','12:15:00','6578316','6','',''),
('1825211121766650','12:16:00','12:16:00','6578318','7','',''),
('1825211121766650','12:17:00','12:17:00','6578320','8','',''),
('1825211121766650','12:18:00','12:18:00','6578322','9','',''),
('1825211131766650','12:09:00','12:09:00','6578306','1','',''),
('1825211131766650','12:11:00','12:11:00','6578308','2','',''),
('1825211131766650','12:12:00','12:12:00','6578310','3','',''),
('1825211131766650','12:13:00','12:13:00','6578312','4','',''),
('1825211131766650','12:14:00','12:14:00','6578314','5','',''),
('1825211131766650','12:15:00','12:15:00','6578316','6','',''),
('1825211131766650','12:16:00','12:16:00','6578318','7','',''),
('1825211131766650','12:17:00','12:17:00','6578320','8','',''),
('1825211131766650','12:18:00','12:18:00','6578322','9','',''),
('1925211101766650','12:29:00','12:29:00','6578306','1','',''),
('1925211101766650','12:31:00','12:31:00','6578308','2','',''),
('1925211101766650','12:32:00','12:32:00','6578310','3','',''),
('1925211101766650','12:33:00','12:33:00','6578312','4','',''),
('1925211101766650','12:34:00','12:34:00','6578314','5','',''),
('1925211101766650','12:35:00','12:35:00','6578316','6','',''),
('1925211101766650','12:36:00','12:36:00','6578318','7','',''),
('1925211101766650','12:37:00','12:37:00','6578320','8','',''),
('1925211101766650','12:38:00','12:38:00','6578322','9','',''),
('1925211121766650','12:29:00','12:29:00','6578306','1','',''),
('1925211121766650','12:31:00','12:31:00','6578308','2','',''),
('1925211121766650','12:32:00','12:32:00','6578310','3','',''),
('1925211121766650','12:33:00','12:33:00','6578312','4','',''),
('1925211121766650','12:34:00','12:34:00','6578314','5','',''),
('1925211121766650','12:35:00','12:35:00','6578316','6','',''),
('1925211121766650','12:36:00','12:36:00','6578318','7','',''),
('1925211121766650','12:37:00','12:37:00','6578320','8','',''),
('1925211121766650','12:38:00','12:38:00','6578322','9','',''),
('1925211131766650','12:29:00','12:29:00','6578306','1','',''),
('1925211131766650','12:31:00','12:31:00','6578308','2','',''),
('1925211131766650','12:32:00','12:32:00','6578310','3','',''),
('1925211131766650','12:33:00','12:33:00','6578312','4','',''),
('1925211131766650','12:34:00','12:34:00','6578314','5','',''),
('1925211131766650','12:35:00','12:35:00','6578316','6','',''),
('1925211131766650','12:36:00','12:36:00','6578318','7','',''),
('1925211131766650','12:37:00','12:37:00','6578320','8','',''),
('1925211131766650','12:38:00','12:38:00','6578322','9','',''),
('225211101766650','07:12:00','07:12:00','6578306','1','',''),
('225211101766650','07:14:00','07:14:00','6578308','2','',''),
('225211101766650','07:15:00','07:15:00','6578310','3','',''),
('225211101766650','07:16:00','07:16:00','6578312','4','',''),
('225211101766650','07:17:00','07:17:00','6578314','5','',''),
('225211101766650','07:18:00','07:18:00','6578316','6','',''),
('225211101766650','07:19:00','07:19:00','6578318','7','',''),
('225211101766650','07:20:00','07:20:00','6578320','8','',''),
('225211101766650','07:21:00','07:21:00','6578322','9','',''),
('225211121766650','07:12:00','07:12:00','6578306','1','',''),
('225211121766650','07:14:00','07:14:00','6578308','2','',''),
('225211121766650','07:15:00','07:15:00','6578310','3','',''),
('225211121766650','07:16:00','07:16:00','6578312','4','',''),
('225211121766650','07:17:00','07:17:00','6578314','5','',''),
('225211121766650','07:18:00','07:18:00','6578316','6','',''),
('225211121766650','07:19:00','07:19:00','6578318','7','',''),
('225211121766650','07:20:00','07:20:00','6578320','8','',''),
('225211121766650','07:21:00','07:21:00','6578322','9','',''),
('225211131766650','07:12:00','07:12:00','6578306','1','',''),
('225211131766650','07:14:00','07:14:00','6578308','2','',''),
('225211131766650','07:15:00','07:15:00','6578310','3','',''),
('225211131766650','07:16:00','07:16:00','6578312','4','',''),
('225211131766650','07:17:00','07:17:00','6578314','5','',''),
('225211131766650','07:18:00','07:18:00','6578316','6','',''),
('225211131766650','07:19:00','07:19:00','6578318','7','',''),
('225211131766650','07:20:00','07:20:00','6578320','8','',''),
('225211131766650','07:21:00','07:21:00','6578322','9','',''),
('325211101766650','07:34:00','07:34:00','6578306','1','',''),
('325211101766650','07:36:00','07:36:00','6578308','2','',''),
('325211101766650','07:37:00','07:37:00','6578310','3','',''),
('325211101766650','07:38:00','07:38:00','6578312','4','',''),
('325211101766650','07:39:00','07:39:00','6578314','5','',''),
('325211101766650','07:40:00','07:40:00','6578316','6','',''),
('325211101766650','07:41:00','07:41:00','6578318','7','',''),
('325211101766650','07:42:00','07:42:00','6578320','8','',''),
('325211101766650','07:43:00','07:43:00','6578322','9','',''),
('325211121766650','07:34:00','07:34:00','6578306','1','',''),
('325211121766650','07:36:00','07:36:00','6578308','2','',''),
('325211121766650','07:37:00','07:37:00','6578310','3','',''),
('325211121766650','07:38:00','07:38:00','6578312','4','',''),
('325211121766650','07:39:00','07:39:00','6578314','5','',''),
('325211121766650','07:40:00','07:40:00','6578316','6','',''),
('325211121766650','07:41:00','07:41:00','6578318','7','',''),
('325211121766650','07:42:00','07:42:00','6578320','8','',''),
('325211121766650','07:43:00','07:43:00','6578322','9','',''),
('325211131766650','07:34:00','07:34:00','6578306','1','',''),
('325211131766650','07:36:00','07:36:00','6578308','2','',''),
('325211131766650','07:37:00','07:37:00','6578310','3','',''),
('325211131766650','07:38:00','07:38:00','6578312','4','',''),
('325211131766650','07:39:00','07:39:00','6578314','5','',''),
('325211131766650','07:40:00','07:40:00','6578316','6','',''),
('325211131766650','07:41:00','07:41:00','6578318','7','',''),
('325211131766650','07:42:00','07:42:00','6578320','8','',''),
('325211131766650','07:43:00','07:43:00','6578322','9','',''),
('425211101766650','07:55:00','07:55:00','6578306','1','',''),
('425211101766650','07:57:00','07:57:00','6578308','2','',''),
('425211101766650','07:58:00','07:58:00','6578310','3','',''),
('425211101766650','07:59:00','07:59:00','6578312','4','',''),
('425211101766650','08:00:00','08:00:00','6578314','5','',''),
('425211101766650','08:01:00','08:01:00','6578316','6','',''),
('425211101766650','08:02:00','08:02:00','6578318','7','',''),
('425211101766650','08:03:00','08:03:00','6578320','8','',''),
('425211101766650','08:04:00','08:04:00','6578322','9','',''),
('425211121766650','07:55:00','07:55:00','6578306','1','',''),
('425211121766650','07:57:00','07:57:00','6578308','2','',''),
('425211121766650','07:58:00','07:58:00','6578310','3','',''),
('425211121766650','07:59:00','07:59:00','6578312','4','',''),
('425211121766650','08:00:00','08:00:00','6578314','5','',''),
('425211121766650','08:01:00','08:01:00','6578316','6','',''),
('425211121766650','08:02:00','08:02:00','6578318','7','',''),
('425211121766650','08:03:00','08:03:00','6578320','8','',''),
('425211121766650','08:04:00','08:04:00','6578322','9','',''),
('425211131766650','07:55:00','07:55:00','6578306','1','',''),
('425211131766650','07:57:00','07:57:00','6578308','2','',''),
('425211131766650','07:58:00','07:58:00','6578310','3','',''),
('425211131766650','07:59:00','07:59:00','6578312','4','',''),
('425211131766650','08:00:00','08:00:00','6578314','5','',''),
('425211131766650','08:01:00','08:01:00','6578316','6','',''),
('425211131766650','08:02:00','08:02:00','6578318','7','',''),
('425211131766650','08:03:00','08:03:00','6578320','8','',''),
('425211131766650','08:04:00','08:04:00','6578322','9','',''),
('525211101766650','08:06:00','08:06:00','6578306','1','',''),
('525211101766650','08:08:00','08:08:00','6578308','2','',''),
('525211101766650','08:09:00','08:09:00','6578310','3','',''),
('525211101766650','08:10:00','08:10:00','6578312','4','',''),
('525211101766650','08:11:00','08:11:00','6578314','5','',''),
('525211101766650','08:12:00','08:12:00','6578316','6','',''),
('525211101766650','08:13:00','08:13:00','6578318','7','',''),
('525211101766650','08:14:00','08:14:00','6578320','8','',''),
('525211101766650','08:15:00','08:15:00','6578322','9','',''),
('525211121766650','08:06:00','08:06:00','6578306','1','',''),
('525211121766650','08:08:00','08:08:00','6578308','2','',''),
('525211121766650','08:09:00','08:09:00','6578310','3','',''),
('525211121766650','08:10:00','08:10:00','6578312','4','',''),
('525211121766650','08:11:00','08:11:00','6578314','5','',''),
('525211121766650','08:12:00','08:12:00','6578316','6','',''),
('525211121766650','08:13:00','08:13:00','6578318','7','',''),
('525211121766650','08:14:00','08:14:00','6578320','8','',''),
('525211121766650','08:15:00','08:15:00','6578322','9','',''),
('525211131766650','08:06:00','08:06:00','6578306','1','',''),
('525211131766650','08:08:00','08:08:00','6578308','2','',''),
('525211131766650','08:09:00','08:09:00','6578310','3','',''),
('525211131766650','08:10:00','08:10:00','6578312','4','',''),
('525211131766650','08:11:00','08:11:00','6578314','5','',''),
('525211131766650','08:12:00','08:12:00','6578316','6','',''),
('525211131766650','08:13:00','08:13:00','6578318','7','',''),
('525211131766650','08:14:00','08:14:00','6578320','8','',''),
('525211131766650','08:15:00','08:15:00','6578322','9','',''),
('625211101766650','08:18:00','08:18:00','6578306','1','',''),
('625211101766650','08:20:00','08:20:00','6578308','2','',''),
('625211101766650','08:21:00','08:21:00','6578310','3','',''),
('625211101766650','08:22:00','08:22:00','6578312','4','',''),
('625211101766650','08:23:00','08:23:00','6578314','5','',''),
('625211101766650','08:24:00','08:24:00','6578316','6','',''),
('625211101766650','08:25:00','08:25:00','6578318','7','',''),
('625211101766650','08:26:00','08:26:00','6578320','8','',''),
('625211101766650','08:27:00','08:27:00','6578322','9','',''),
('625211121766650','08:18:00','08:18:00','6578306','1','',''),
('625211121766650','08:20:00','08:20:00','6578308','2','',''),
('625211121766650','08:21:00','08:21:00','6578310','3','',''),
('625211121766650','08:22:00','08:22:00','6578312','4','',''),
('625211121766650','08:23:00','08:23:00','6578314','5','',''),
('625211121766650','08:24:00','08:24:00','6578316','6','',''),
('625211121766650','08:25:00','08:25:00','6578318','7','',''),
('625211121766650','08:26:00','08:26:00','6578320','8','',''),
('625211121766650','08:27:00','08:27:00','6578322','9','',''),
('625211131766650','08:18:00','08:18:00','6578306','1','',''),
('625211131766650','08:20:00','08:20:00','6578308','2','',''),
('625211131766650','08:21:00','08:21:00','6578310','3','',''),
('625211131766650','08:22:00','08:22:00','6578312','4','',''),
('625211131766650','08:23:00','08:23:00','6578314','5','',''),
('625211131766650','08:24:00','08:24:00','6578316','6','',''),
('625211131766650','08:25:00','08:25:00','6578318','7','',''),
('625211131766650','08:26:00','08:26:00','6578320','8','',''),
('625211131766650','08:27:00','08:27:00','6578322','9','',''),
('725211101766650','08:28:00','08:28:00','6578306','1','',''),
('725211101766650','08:30:00','08:30:00','6578308','2','',''),
('725211101766650','08:31:00','08:31:00','6578310','3','',''),
('725211101766650','08:32:00','08:32:00','6578312','4','',''),
('725211101766650','08:33:00','08:33:00','6578314','5','',''),
('725211101766650','08:34:00','08:34:00','6578316','6','',''),
('725211101766650','08:35:00','08:35:00','6578318','7','',''),
('725211101766650','08:36:00','08:36:00','6578320','8','',''),
('725211101766650','08:37:00','08:37:00','6578322','9','',''),
('725211121766650','08:28:00','08:28:00','6578306','1','',''),
('725211121766650','08:30:00','08:30:00','6578308','2','',''),
('725211121766650','08:31:00','08:31:00','6578310','3','',''),
('725211121766650','08:32:00','08:32:00','6578312','4','',''),
('725211121766650','08:33:00','08:33:00','6578314','5','',''),
('725211121766650','08:34:00','08:34:00','6578316','6','',''),
('725211121766650','08:35:00','08:35:00','6578318','7','',''),
('725211121766650','08:36:00','08:36:00','6578320','8','',''),
('725211121766650','08:37:00','08:37:00','6578322','9','',''),
('725211131766650','08:28:00','08:28:00','6578306','1','',''),
('725211131766650','08:30:00','08:30:00','6578308','2','',''),
('725211131766650','08:31:00','08:31:00','6578310','3','',''),
('725211131766650','08:32:00','08:32:00','6578312','4','',''),
('725211131766650','08:33:00','08:33:00','6578314','5','',''),
('725211131766650','08:34:00','08:34:00','6578316','6','',''),
('725211131766650','08:35:00','08:35:00','6578318','7','',''),
('725211131766650','08:36:00','08:36:00','6578320','8','',''),
('725211131766650','08:37:00','08:37:00','6578322','9','',''),
('825211101766650','08:38:00','08:38:00','6578306','1','',''),
('825211101766650','08:40:00','08:40:00','6578308','2','',''),
('825211101766650','08:41:00','08:41:00','6578310','3','',''),
('825211101766650','08:42:00','08:42:00','6578312','4','',''),
('825211101766650','08:43:00','08:43:00','6578314','5','',''),
('825211101766650','08:44:00','08:44:00','6578316','6','',''),
('825211101766650','08:45:00','08:45:00','6578318','7','',''),
('825211101766650','08:46:00','08:46:00','6578320','8','',''),
('825211101766650','08:47:00','08:47:00','6578322','9','',''),
('825211121766650','08:38:00','08:38:00','6578306','1','',''),
('825211121766650','08:40:00','08:40:00','6578308','2','',''),
('825211121766650','08:41:00','08:41:00','6578310','3','',''),
('825211121766650','08:42:00','08:42:00','6578312','4','',''),
('825211121766650','08:43:00','08:43:00','6578314','5','',''),
('825211121766650','08:44:00','08:44:00','6578316','6','',''),
('825211121766650','08:45:00','08:45:00','6578318','7','',''),
('825211121766650','08:46:00','08:46:00','6578320','8','',''),
('825211121766650','08:47:00','08:47:00','6578322','9','',''),
('825211131766650','08:38:00','08:38:00','6578306','1','',''),
('825211131766650','08:40:00','08:40:00','6578308','2','',''),
('825211131766650','08:41:00','08:41:00','6578310','3','',''),
('825211131766650','08:42:00','08:42:00','6578312','4','',''),
('825211131766650','08:43:00','08:43:00','6578314','5','',''),
('825211131766650','08:44:00','08:44:00','6578316','6','',''),
('825211131766650','08:45:00','08:45:00','6578318','7','',''),
('825211131766650','08:46:00','08:46:00','6578320','8','',''),
('825211131766650','08:47:00','08:47:00','6578322','9','',''),
('925211101766650','08:48:00','08:48:00','6578306','1','',''),
('925211101766650','08:50:00','08:50:00','6578308','2','',''),
('925211101766650','08:51:00','08:51:00','6578310','3','',''),
('925211101766650','08:52:00','08:52:00','6578312','4','',''),
('925211101766650','08:53:00','08:53:00','6578314','5','',''),
('925211101766650','08:54:00','08:54:00','6578316','6','',''),
('925211101766650','08:55:00','08:55:00','6578318','7','',''),
('925211101766650','08:56:00','08:56:00','6578320','8','',''),
('925211101766650','08:57:00','08:57:00','6578322','9','',''),
('925211121766650','08:48:00','08:48:00','6578306','1','',''),
('925211121766650','08:50:00','08:50:00','6578308','2','',''),
('925211121766650','08:51:00','08:51:00','6578310','3','',''),
('925211121766650','08:52:00','08:52:00','6578312','4','',''),
('925211121766650','08:53:00','08:53:00','6578314','5','',''),
('925211121766650','08:54:00','08:54:00','6578316','6','',''),
('925211121766650','08:55:00','08:55:00','6578318','7','',''),
('925211121766650','08:56:00','08:56:00','6578320','8','',''),
('925211121766650','08:57:00','08:57:00','6578322','9','',''),
('925211131766650','08:48:00','08:48:00','6578306','1','',''),
('925211131766650','08:50:00','08:50:00','6578308','2','',''),
('925211131766650','08:51:00','08:51:00','6578310','3','',''),
('925211131766650','08:52:00','08:52:00','6578312','4','',''),
('925211131766650','08:53:00','08:53:00','6578314','5','',''),
('925211131766650','08:54:00','08:54:00','6578316','6','',''),
('925211131766650','08:55:00','08:55:00','6578318','7','',''),
('925211131766650','08:56:00','08:56:00','6578320','8','',''),
('925211131766650','08:57:00','08:57:00','6578322','9','',''),
('1025211101623039','16:10:00','16:10:00','6578323','1','',''),
('1025211101623039','16:11:00','16:11:00','6578321','2','',''),
('1025211101623039','16:12:00','16:12:00','6578319','3','',''),
('1025211101623039','16:13:00','16:13:00','6578317','4','',''),
('1025211101623039','16:14:00','16:14:00','6578315','5','',''),
('1025211101623039','16:15:00','16:15:00','6578313','6','',''),
('1025211101623039','16:17:00','16:17:00','6578311','7','',''),
('1025211101623039','16:18:00','16:18:00','6578309','8','',''),
('1025211101623039','16:19:00','16:19:00','6578307','9','',''),
('1025211121623039','16:10:00','16:10:00','6578323','1','',''),
('1025211121623039','16:11:00','16:11:00','6578321','2','',''),
('1025211121623039','16:12:00','16:12:00','6578319','3','',''),
('1025211121623039','16:13:00','16:13:00','6578317','4','',''),
('1025211121623039','16:14:00','16:14:00','6578315','5','',''),
('1025211121623039','16:15:00','16:15:00','6578313','6','',''),
('1025211121623039','16:17:00','16:17:00','6578311','7','',''),
('1025211121623039','16:18:00','16:18:00','6578309','8','',''),
('1025211121623039','16:19:00','16:19:00','6578307','9','',''),
('1025211131623039','16:10:00','16:10:00','6578323','1','',''),
('1025211131623039','16:11:00','16:11:00','6578321','2','',''),
('1025211131623039','16:12:00','16:12:00','6578319','3','',''),
('1025211131623039','16:13:00','16:13:00','6578317','4','',''),
('1025211131623039','16:14:00','16:14:00','6578315','5','',''),
('1025211131623039','16:15:00','16:15:00','6578313','6','',''),
('1025211131623039','16:17:00','16:17:00','6578311','7','',''),
('1025211131623039','16:18:00','16:18:00','6578309','8','',''),
('1025211131623039','16:19:00','16:19:00','6578307','9','',''),
('1125211101623039','16:20:00','16:20:00','6578323','1','',''),
('1125211101623039','16:21:00','16:21:00','6578321','2','',''),
('1125211101623039','16:22:00','16:22:00','6578319','3','',''),
('1125211101623039','16:23:00','16:23:00','6578317','4','',''),
('1125211101623039','16:24:00','16:24:00','6578315','5','',''),
('1125211101623039','16:25:00','16:25:00','6578313','6','',''),
('1125211101623039','16:27:00','16:27:00','6578311','7','',''),
('1125211101623039','16:28:00','16:28:00','6578309','8','',''),
('1125211101623039','16:29:00','16:29:00','6578307','9','',''),
('1125211121623039','16:20:00','16:20:00','6578323','1','',''),
('1125211121623039','16:21:00','16:21:00','6578321','2','',''),
('1125211121623039','16:22:00','16:22:00','6578319','3','',''),
('1125211121623039','16:23:00','16:23:00','6578317','4','',''),
('1125211121623039','16:24:00','16:24:00','6578315','5','',''),
('1125211121623039','16:25:00','16:25:00','6578313','6','',''),
('1125211121623039','16:27:00','16:27:00','6578311','7','',''),
('1125211121623039','16:28:00','16:28:00','6578309','8','',''),
('1125211121623039','16:29:00','16:29:00','6578307','9','',''),
('1125211131623039','16:20:00','16:20:00','6578323','1','',''),
('1125211131623039','16:21:00','16:21:00','6578321','2','',''),
('1125211131623039','16:22:00','16:22:00','6578319','3','',''),
('1125211131623039','16:23:00','16:23:00','6578317','4','',''),
('1125211131623039','16:24:00','16:24:00','6578315','5','',''),
('1125211131623039','16:25:00','16:25:00','6578313','6','',''),
('1125211131623039','16:27:00','16:27:00','6578311','7','',''),
('1125211131623039','16:28:00','16:28:00','6578309','8','',''),
('1125211131623039','16:29:00','16:29:00','6578307','9','',''),
('1225211101623039','16:30:00','16:30:00','6578323','1','',''),
('1225211101623039','16:31:00','16:31:00','6578321','2','',''),
('1225211101623039','16:32:00','16:32:00','6578319','3','',''),
('1225211101623039','16:33:00','16:33:00','6578317','4','',''),
('1225211101623039','16:34:00','16:34:00','6578315','5','',''),
('1225211101623039','16:35:00','16:35:00','6578313','6','',''),
('1225211101623039','16:37:00','16:37:00','6578311','7','',''),
('1225211101623039','16:38:00','16:38:00','6578309','8','',''),
('1225211101623039','16:39:00','16:39:00','6578307','9','',''),
('1225211121623039','16:30:00','16:30:00','6578323','1','',''),
('1225211121623039','16:31:00','16:31:00','6578321','2','',''),
('1225211121623039','16:32:00','16:32:00','6578319','3','',''),
('1225211121623039','16:33:00','16:33:00','6578317','4','',''),
('1225211121623039','16:34:00','16:34:00','6578315','5','',''),
('1225211121623039','16:35:00','16:35:00','6578313','6','',''),
('1225211121623039','16:37:00','16:37:00','6578311','7','',''),
('1225211121623039','16:38:00','16:38:00','6578309','8','',''),
('1225211121623039','16:39:00','16:39:00','6578307','9','',''),
('1225211131623039','16:30:00','16:30:00','6578323','1','',''),
('1225211131623039','16:31:00','16:31:00','6578321','2','',''),
('1225211131623039','16:32:00','16:32:00','6578319','3','',''),
('1225211131623039','16:33:00','16:33:00','6578317','4','',''),
('1225211131623039','16:34:00','16:34:00','6578315','5','',''),
('1225211131623039','16:35:00','16:35:00','6578313','6','',''),
('1225211131623039','16:37:00','16:37:00','6578311','7','',''),
('1225211131623039','16:38:00','16:38:00','6578309','8','',''),
('1225211131623039','16:39:00','16:39:00','6578307','9','',''),
('125211101623039','13:10:00','13:10:00','6578323','1','',''),
('125211101623039','13:11:00','13:11:00','6578321','2','',''),
('125211101623039','13:12:00','13:12:00','6578319','3','',''),
('125211101623039','13:13:00','13:13:00','6578317','4','',''),
('125211101623039','13:14:00','13:14:00','6578315','5','',''),
('125211101623039','13:15:00','13:15:00','6578313','6','',''),
('125211101623039','13:17:00','13:17:00','6578311','7','',''),
('125211101623039','13:18:00','13:18:00','6578309','8','',''),
('125211101623039','13:19:00','13:19:00','6578307','9','',''),
('125211121623039','13:10:00','13:10:00','6578323','1','',''),
('125211121623039','13:11:00','13:11:00','6578321','2','',''),
('125211121623039','13:12:00','13:12:00','6578319','3','',''),
('125211121623039','13:13:00','13:13:00','6578317','4','',''),
('125211121623039','13:14:00','13:14:00','6578315','5','',''),
('125211121623039','13:15:00','13:15:00','6578313','6','',''),
('125211121623039','13:17:00','13:17:00','6578311','7','',''),
('125211121623039','13:18:00','13:18:00','6578309','8','',''),
('125211121623039','13:19:00','13:19:00','6578307','9','',''),
('125211131623039','13:10:00','13:10:00','6578323','1','',''),
('125211131623039','13:11:00','13:11:00','6578321','2','',''),
('125211131623039','13:12:00','13:12:00','6578319','3','',''),
('125211131623039','13:13:00','13:13:00','6578317','4','',''),
('125211131623039','13:14:00','13:14:00','6578315','5','',''),
('125211131623039','13:15:00','13:15:00','6578313','6','',''),
('125211131623039','13:17:00','13:17:00','6578311','7','',''),
('125211131623039','13:18:00','13:18:00','6578309','8','',''),
('125211131623039','13:19:00','13:19:00','6578307','9','',''),
('1325211101623039','16:42:00','16:42:00','6578323','1','',''),
('1325211101623039','16:43:00','16:43:00','6578321','2','',''),
('1325211101623039','16:44:00','16:44:00','6578319','3','',''),
('1325211101623039','16:45:00','16:45:00','6578317','4','',''),
('1325211101623039','16:46:00','16:46:00','6578315','5','',''),
('1325211101623039','16:47:00','16:47:00','6578313','6','',''),
('1325211101623039','16:49:00','16:49:00','6578311','7','',''),
('1325211101623039','16:50:00','16:50:00','6578309','8','',''),
('1325211101623039','16:51:00','16:51:00','6578307','9','',''),
('1325211121623039','16:42:00','16:42:00','6578323','1','',''),
('1325211121623039','16:43:00','16:43:00','6578321','2','',''),
('1325211121623039','16:44:00','16:44:00','6578319','3','',''),
('1325211121623039','16:45:00','16:45:00','6578317','4','',''),
('1325211121623039','16:46:00','16:46:00','6578315','5','',''),
('1325211121623039','16:47:00','16:47:00','6578313','6','',''),
('1325211121623039','16:49:00','16:49:00','6578311','7','',''),
('1325211121623039','16:50:00','16:50:00','6578309','8','',''),
('1325211121623039','16:51:00','16:51:00','6578307','9','',''),
('1325211131623039','16:42:00','16:42:00','6578323','1','',''),
('1325211131623039','16:43:00','16:43:00','6578321','2','',''),
('1325211131623039','16:44:00','16:44:00','6578319','3','',''),
('1325211131623039','16:45:00','16:45:00','6578317','4','',''),
('1325211131623039','16:46:00','16:46:00','6578315','5','',''),
('1325211131623039','16:47:00','16:47:00','6578313','6','',''),
('1325211131623039','16:49:00','16:49:00','6578311','7','',''),
('1325211131623039','16:50:00','16:50:00','6578309','8','',''),
('1325211131623039','16:51:00','16:51:00','6578307','9','',''),
('1425211101623039','16:50:00','16:50:00','6578323','1','',''),
('1425211101623039','16:51:00','16:51:00','6578321','2','',''),
('1425211101623039','16:52:00','16:52:00','6578319','3','',''),
('1425211101623039','16:53:00','16:53:00','6578317','4','',''),
('1425211101623039','16:54:00','16:54:00','6578315','5','',''),
('1425211101623039','16:55:00','16:55:00','6578313','6','',''),
('1425211101623039','16:57:00','16:57:00','6578311','7','',''),
('1425211101623039','16:58:00','16:58:00','6578309','8','',''),
('1425211101623039','16:59:00','16:59:00','6578307','9','',''),
('1425211121623039','16:50:00','16:50:00','6578323','1','',''),
('1425211121623039','16:51:00','16:51:00','6578321','2','',''),
('1425211121623039','16:52:00','16:52:00','6578319','3','',''),
('1425211121623039','16:53:00','16:53:00','6578317','4','',''),
('1425211121623039','16:54:00','16:54:00','6578315','5','',''),
('1425211121623039','16:55:00','16:55:00','6578313','6','',''),
('1425211121623039','16:57:00','16:57:00','6578311','7','',''),
('1425211121623039','16:58:00','16:58:00','6578309','8','',''),
('1425211121623039','16:59:00','16:59:00','6578307','9','',''),
('1425211131623039','16:50:00','16:50:00','6578323','1','',''),
('1425211131623039','16:51:00','16:51:00','6578321','2','',''),
('1425211131623039','16:52:00','16:52:00','6578319','3','',''),
('1425211131623039','16:53:00','16:53:00','6578317','4','',''),
('1425211131623039','16:54:00','16:54:00','6578315','5','',''),
('1425211131623039','16:55:00','16:55:00','6578313','6','',''),
('1425211131623039','16:57:00','16:57:00','6578311','7','',''),
('1425211131623039','16:58:00','16:58:00','6578309','8','',''),
('1425211131623039','16:59:00','16:59:00','6578307','9','',''),
('1525211101623039','16:59:00','16:59:00','6578323','1','',''),
('1525211101623039','17:00:00','17:00:00','6578321','2','',''),
('1525211101623039','17:01:00','17:01:00','6578319','3','',''),
('1525211101623039','17:02:00','17:02:00','6578317','4','',''),
('1525211101623039','17:03:00','17:03:00','6578315','5','',''),
('1525211101623039','17:04:00','17:04:00','6578313','6','',''),
('1525211101623039','17:06:00','17:06:00','6578311','7','',''),
('1525211101623039','17:07:00','17:07:00','6578309','8','',''),
('1525211101623039','17:08:00','17:08:00','6578307','9','',''),
('1525211121623039','16:59:00','16:59:00','6578323','1','',''),
('1525211121623039','17:00:00','17:00:00','6578321','2','',''),
('1525211121623039','17:01:00','17:01:00','6578319','3','',''),
('1525211121623039','17:02:00','17:02:00','6578317','4','',''),
('1525211121623039','17:03:00','17:03:00','6578315','5','',''),
('1525211121623039','17:04:00','17:04:00','6578313','6','',''),
('1525211121623039','17:06:00','17:06:00','6578311','7','',''),
('1525211121623039','17:07:00','17:07:00','6578309','8','',''),
('1525211121623039','17:08:00','17:08:00','6578307','9','',''),
('1525211131623039','16:59:00','16:59:00','6578323','1','',''),
('1525211131623039','17:00:00','17:00:00','6578321','2','',''),
('1525211131623039','17:01:00','17:01:00','6578319','3','',''),
('1525211131623039','17:02:00','17:02:00','6578317','4','',''),
('1525211131623039','17:03:00','17:03:00','6578315','5','',''),
('1525211131623039','17:04:00','17:04:00','6578313','6','',''),
('1525211131623039','17:06:00','17:06:00','6578311','7','',''),
('1525211131623039','17:07:00','17:07:00','6578309','8','',''),
('1525211131623039','17:08:00','17:08:00','6578307','9','',''),
('1625211101623039','17:10:00','17:10:00','6578323','1','',''),
('1625211101623039','17:11:00','17:11:00','6578321','2','',''),
('1625211101623039','17:12:00','17:12:00','6578319','3','',''),
('1625211101623039','17:13:00','17:13:00','6578317','4','',''),
('1625211101623039','17:14:00','17:14:00','6578315','5','',''),
('1625211101623039','17:15:00','17:15:00','6578313','6','',''),
('1625211101623039','17:17:00','17:17:00','6578311','7','',''),
('1625211101623039','17:18:00','17:18:00','6578309','8','',''),
('1625211101623039','17:19:00','17:19:00','6578307','9','',''),
('1625211121623039','17:10:00','17:10:00','6578323','1','',''),
('1625211121623039','17:11:00','17:11:00','6578321','2','',''),
('1625211121623039','17:12:00','17:12:00','6578319','3','',''),
('1625211121623039','17:13:00','17:13:00','6578317','4','',''),
('1625211121623039','17:14:00','17:14:00','6578315','5','',''),
('1625211121623039','17:15:00','17:15:00','6578313','6','',''),
('1625211121623039','17:17:00','17:17:00','6578311','7','',''),
('1625211121623039','17:18:00','17:18:00','6578309','8','',''),
('1625211121623039','17:19:00','17:19:00','6578307','9','',''),
('1625211131623039','17:10:00','17:10:00','6578323','1','',''),
('1625211131623039','17:11:00','17:11:00','6578321','2','',''),
('1625211131623039','17:12:00','17:12:00','6578319','3','',''),
('1625211131623039','17:13:00','17:13:00','6578317','4','',''),
('1625211131623039','17:14:00','17:14:00','6578315','5','',''),
('1625211131623039','17:15:00','17:15:00','6578313','6','',''),
('1625211131623039','17:17:00','17:17:00','6578311','7','',''),
('1625211131623039','17:18:00','17:18:00','6578309','8','',''),
('1625211131623039','17:19:00','17:19:00','6578307','9','',''),
('1725211101623039','17:20:00','17:20:00','6578323','1','',''),
('1725211101623039','17:21:00','17:21:00','6578321','2','',''),
('1725211101623039','17:22:00','17:22:00','6578319','3','',''),
('1725211101623039','17:23:00','17:23:00','6578317','4','',''),
('1725211101623039','17:24:00','17:24:00','6578315','5','',''),
('1725211101623039','17:25:00','17:25:00','6578313','6','',''),
('1725211101623039','17:27:00','17:27:00','6578311','7','',''),
('1725211101623039','17:28:00','17:28:00','6578309','8','',''),
('1725211101623039','17:29:00','17:29:00','6578307','9','',''),
('1725211121623039','17:20:00','17:20:00','6578323','1','',''),
('1725211121623039','17:21:00','17:21:00','6578321','2','',''),
('1725211121623039','17:22:00','17:22:00','6578319','3','',''),
('1725211121623039','17:23:00','17:23:00','6578317','4','',''),
('1725211121623039','17:24:00','17:24:00','6578315','5','',''),
('1725211121623039','17:25:00','17:25:00','6578313','6','',''),
('1725211121623039','17:27:00','17:27:00','6578311','7','',''),
('1725211121623039','17:28:00','17:28:00','6578309','8','',''),
('1725211121623039','17:29:00','17:29:00','6578307','9','',''),
('1725211131623039','17:20:00','17:20:00','6578323','1','',''),
('1725211131623039','17:21:00','17:21:00','6578321','2','',''),
('1725211131623039','17:22:00','17:22:00','6578319','3','',''),
('1725211131623039','17:23:00','17:23:00','6578317','4','',''),
('1725211131623039','17:24:00','17:24:00','6578315','5','',''),
('1725211131623039','17:25:00','17:25:00','6578313','6','',''),
('1725211131623039','17:27:00','17:27:00','6578311','7','',''),
('1725211131623039','17:28:00','17:28:00','6578309','8','',''),
('1725211131623039','17:29:00','17:29:00','6578307','9','',''),
('1825211101623039','17:31:00','17:31:00','6578323','1','',''),
('1825211101623039','17:32:00','17:32:00','6578321','2','',''),
('1825211101623039','17:33:00','17:33:00','6578319','3','',''),
('1825211101623039','17:34:00','17:34:00','6578317','4','',''),
('1825211101623039','17:35:00','17:35:00','6578315','5','',''),
('1825211101623039','17:36:00','17:36:00','6578313','6','',''),
('1825211101623039','17:38:00','17:38:00','6578311','7','',''),
('1825211101623039','17:39:00','17:39:00','6578309','8','',''),
('1825211101623039','17:40:00','17:40:00','6578307','9','',''),
('1825211121623039','17:31:00','17:31:00','6578323','1','',''),
('1825211121623039','17:32:00','17:32:00','6578321','2','',''),
('1825211121623039','17:33:00','17:33:00','6578319','3','',''),
('1825211121623039','17:34:00','17:34:00','6578317','4','',''),
('1825211121623039','17:35:00','17:35:00','6578315','5','',''),
('1825211121623039','17:36:00','17:36:00','6578313','6','',''),
('1825211121623039','17:38:00','17:38:00','6578311','7','',''),
('1825211121623039','17:39:00','17:39:00','6578309','8','',''),
('1825211121623039','17:40:00','17:40:00','6578307','9','',''),
('1825211131623039','17:31:00','17:31:00','6578323','1','',''),
('1825211131623039','17:32:00','17:32:00','6578321','2','',''),
('1825211131623039','17:33:00','17:33:00','6578319','3','',''),
('1825211131623039','17:34:00','17:34:00','6578317','4','',''),
('1825211131623039','17:35:00','17:35:00','6578315','5','',''),
('1825211131623039','17:36:00','17:36:00','6578313','6','',''),
('1825211131623039','17:38:00','17:38:00','6578311','7','',''),
('1825211131623039','17:39:00','17:39:00','6578309','8','',''),
('1825211131623039','17:40:00','17:40:00','6578307','9','',''),
('1925211101623039','17:33:00','17:33:00','6578323','1','',''),
('1925211101623039','17:34:00','17:34:00','6578321','2','',''),
('1925211101623039','17:35:00','17:35:00','6578319','3','',''),
('1925211101623039','17:36:00','17:36:00','6578317','4','',''),
('1925211101623039','17:37:00','17:37:00','6578315','5','',''),
('1925211101623039','17:38:00','17:38:00','6578313','6','',''),
('1925211101623039','17:40:00','17:40:00','6578311','7','',''),
('1925211101623039','17:41:00','17:41:00','6578309','8','',''),
('1925211101623039','17:42:00','17:42:00','6578307','9','',''),
('1925211121623039','17:33:00','17:33:00','6578323','1','',''),
('1925211121623039','17:34:00','17:34:00','6578321','2','',''),
('1925211121623039','17:35:00','17:35:00','6578319','3','',''),
('1925211121623039','17:36:00','17:36:00','6578317','4','',''),
('1925211121623039','17:37:00','17:37:00','6578315','5','',''),
('1925211121623039','17:38:00','17:38:00','6578313','6','',''),
('1925211121623039','17:40:00','17:40:00','6578311','7','',''),
('1925211121623039','17:41:00','17:41:00','6578309','8','',''),
('1925211121623039','17:42:00','17:42:00','6578307','9','',''),
('1925211131623039','17:33:00','17:33:00','6578323','1','',''),
('1925211131623039','17:34:00','17:34:00','6578321','2','',''),
('1925211131623039','17:35:00','17:35:00','6578319','3','',''),
('1925211131623039','17:36:00','17:36:00','6578317','4','',''),
('1925211131623039','17:37:00','17:37:00','6578315','5','',''),
('1925211131623039','17:38:00','17:38:00','6578313','6','',''),
('1925211131623039','17:40:00','17:40:00','6578311','7','',''),
('1925211131623039','17:41:00','17:41:00','6578309','8','',''),
('1925211131623039','17:42:00','17:42:00','6578307','9','',''),
('2025211101623039','17:43:00','17:43:00','6578323','1','',''),
('2025211101623039','17:44:00','17:44:00','6578321','2','',''),
('2025211101623039','17:45:00','17:45:00','6578319','3','',''),
('2025211101623039','17:46:00','17:46:00','6578317','4','',''),
('2025211101623039','17:47:00','17:47:00','6578315','5','',''),
('2025211101623039','17:48:00','17:48:00','6578313','6','',''),
('2025211101623039','17:50:00','17:50:00','6578311','7','',''),
('2025211101623039','17:51:00','17:51:00','6578309','8','',''),
('2025211101623039','17:52:00','17:52:00','6578307','9','',''),
('2025211121623039','17:43:00','17:43:00','6578323','1','',''),
('2025211121623039','17:44:00','17:44:00','6578321','2','',''),
('2025211121623039','17:45:00','17:45:00','6578319','3','',''),
('2025211121623039','17:46:00','17:46:00','6578317','4','',''),
('2025211121623039','17:47:00','17:47:00','6578315','5','',''),
('2025211121623039','17:48:00','17:48:00','6578313','6','',''),
('2025211121623039','17:50:00','17:50:00','6578311','7','',''),
('2025211121623039','17:51:00','17:51:00','6578309','8','',''),
('2025211121623039','17:52:00','17:52:00','6578307','9','',''),
('2025211131623039','17:43:00','17:43:00','6578323','1','',''),
('2025211131623039','17:44:00','17:44:00','6578321','2','',''),
('2025211131623039','17:45:00','17:45:00','6578319','3','',''),
('2025211131623039','17:46:00','17:46:00','6578317','4','',''),
('2025211131623039','17:47:00','17:47:00','6578315','5','',''),
('2025211131623039','17:48:00','17:48:00','6578313','6','',''),
('2025211131623039','17:50:00','17:50:00','6578311','7','',''),
('2025211131623039','17:51:00','17:51:00','6578309','8','',''),
('2025211131623039','17:52:00','17:52:00','6578307','9','',''),
('2125211101623039','17:52:00','17:52:00','6578323','1','',''),
('2125211101623039','17:53:00','17:53:00','6578321','2','',''),
('2125211101623039','17:54:00','17:54:00','6578319','3','',''),
('2125211101623039','17:55:00','17:55:00','6578317','4','',''),
('2125211101623039','17:56:00','17:56:00','6578315','5','',''),
('2125211101623039','17:57:00','17:57:00','6578313','6','',''),
('2125211101623039','17:59:00','17:59:00','6578311','7','',''),
('2125211101623039','18:00:00','18:00:00','6578309','8','',''),
('2125211101623039','18:01:00','18:01:00','6578307','9','',''),
('2125211121623039','17:52:00','17:52:00','6578323','1','',''),
('2125211121623039','17:53:00','17:53:00','6578321','2','',''),
('2125211121623039','17:54:00','17:54:00','6578319','3','',''),
('2125211121623039','17:55:00','17:55:00','6578317','4','',''),
('2125211121623039','17:56:00','17:56:00','6578315','5','',''),
('2125211121623039','17:57:00','17:57:00','6578313','6','',''),
('2125211121623039','17:59:00','17:59:00','6578311','7','',''),
('2125211121623039','18:00:00','18:00:00','6578309','8','',''),
('2125211121623039','18:01:00','18:01:00','6578307','9','',''),
('2125211131623039','17:52:00','17:52:00','6578323','1','',''),
('2125211131623039','17:53:00','17:53:00','6578321','2','',''),
('2125211131623039','17:54:00','17:54:00','6578319','3','',''),
('2125211131623039','17:55:00','17:55:00','6578317','4','',''),
('2125211131623039','17:56:00','17:56:00','6578315','5','',''),
('2125211131623039','17:57:00','17:57:00','6578313','6','',''),
('2125211131623039','17:59:00','17:59:00','6578311','7','',''),
('2125211131623039','18:00:00','18:00:00','6578309','8','',''),
('2125211131623039','18:01:00','18:01:00','6578307','9','',''),
('2225211101623039','18:01:00','18:01:00','6578323','1','',''),
('2225211101623039','18:02:00','18:02:00','6578321','2','',''),
('2225211101623039','18:03:00','18:03:00','6578319','3','',''),
('2225211101623039','18:04:00','18:04:00','6578317','4','',''),
('2225211101623039','18:05:00','18:05:00','6578315','5','',''),
('2225211101623039','18:06:00','18:06:00','6578313','6','',''),
('2225211101623039','18:08:00','18:08:00','6578311','7','',''),
('2225211101623039','18:09:00','18:09:00','6578309','8','',''),
('2225211101623039','18:10:00','18:10:00','6578307','9','',''),
('2225211121623039','18:01:00','18:01:00','6578323','1','',''),
('2225211121623039','18:02:00','18:02:00','6578321','2','',''),
('2225211121623039','18:03:00','18:03:00','6578319','3','',''),
('2225211121623039','18:04:00','18:04:00','6578317','4','',''),
('2225211121623039','18:05:00','18:05:00','6578315','5','',''),
('2225211121623039','18:06:00','18:06:00','6578313','6','',''),
('2225211121623039','18:08:00','18:08:00','6578311','7','',''),
('2225211121623039','18:09:00','18:09:00','6578309','8','',''),
('2225211121623039','18:10:00','18:10:00','6578307','9','',''),
('2225211131623039','18:01:00','18:01:00','6578323','1','',''),
('2225211131623039','18:02:00','18:02:00','6578321','2','',''),
('2225211131623039','18:03:00','18:03:00','6578319','3','',''),
('2225211131623039','18:04:00','18:04:00','6578317','4','',''),
('2225211131623039','18:05:00','18:05:00','6578315','5','',''),
('2225211131623039','18:06:00','18:06:00','6578313','6','',''),
('2225211131623039','18:08:00','18:08:00','6578311','7','',''),
('2225211131623039','18:09:00','18:09:00','6578309','8','',''),
('2225211131623039','18:10:00','18:10:00','6578307','9','',''),
('225211101623039','13:30:00','13:30:00','6578323','1','',''),
('225211101623039','13:31:00','13:31:00','6578321','2','',''),
('225211101623039','13:32:00','13:32:00','6578319','3','',''),
('225211101623039','13:33:00','13:33:00','6578317','4','',''),
('225211101623039','13:34:00','13:34:00','6578315','5','',''),
('225211101623039','13:35:00','13:35:00','6578313','6','',''),
('225211101623039','13:37:00','13:37:00','6578311','7','',''),
('225211101623039','13:38:00','13:38:00','6578309','8','',''),
('225211101623039','13:39:00','13:39:00','6578307','9','',''),
('225211121623039','13:30:00','13:30:00','6578323','1','',''),
('225211121623039','13:31:00','13:31:00','6578321','2','',''),
('225211121623039','13:32:00','13:32:00','6578319','3','',''),
('225211121623039','13:33:00','13:33:00','6578317','4','',''),
('225211121623039','13:34:00','13:34:00','6578315','5','',''),
('225211121623039','13:35:00','13:35:00','6578313','6','',''),
('225211121623039','13:37:00','13:37:00','6578311','7','',''),
('225211121623039','13:38:00','13:38:00','6578309','8','',''),
('225211121623039','13:39:00','13:39:00','6578307','9','',''),
('225211131623039','13:30:00','13:30:00','6578323','1','',''),
('225211131623039','13:31:00','13:31:00','6578321','2','',''),
('225211131623039','13:32:00','13:32:00','6578319','3','',''),
('225211131623039','13:33:00','13:33:00','6578317','4','',''),
('225211131623039','13:34:00','13:34:00','6578315','5','',''),
('225211131623039','13:35:00','13:35:00','6578313','6','',''),
('225211131623039','13:37:00','13:37:00','6578311','7','',''),
('225211131623039','13:38:00','13:38:00','6578309','8','',''),
('225211131623039','13:39:00','13:39:00','6578307','9','',''),
('2325211101623039','18:14:00','18:14:00','6578323','1','',''),
('2325211101623039','18:15:00','18:15:00','6578321','2','',''),
('2325211101623039','18:16:00','18:16:00','6578319','3','',''),
('2325211101623039','18:17:00','18:17:00','6578317','4','',''),
('2325211101623039','18:18:00','18:18:00','6578315','5','',''),
('2325211101623039','18:19:00','18:19:00','6578313','6','',''),
('2325211101623039','18:21:00','18:21:00','6578311','7','',''),
('2325211101623039','18:22:00','18:22:00','6578309','8','',''),
('2325211101623039','18:23:00','18:23:00','6578307','9','',''),
('2325211121623039','18:14:00','18:14:00','6578323','1','',''),
('2325211121623039','18:15:00','18:15:00','6578321','2','',''),
('2325211121623039','18:16:00','18:16:00','6578319','3','',''),
('2325211121623039','18:17:00','18:17:00','6578317','4','',''),
('2325211121623039','18:18:00','18:18:00','6578315','5','',''),
('2325211121623039','18:19:00','18:19:00','6578313','6','',''),
('2325211121623039','18:21:00','18:21:00','6578311','7','',''),
('2325211121623039','18:22:00','18:22:00','6578309','8','',''),
('2325211121623039','18:23:00','18:23:00','6578307','9','',''),
('2325211131623039','18:14:00','18:14:00','6578323','1','',''),
('2325211131623039','18:15:00','18:15:00','6578321','2','',''),
('2325211131623039','18:16:00','18:16:00','6578319','3','',''),
('2325211131623039','18:17:00','18:17:00','6578317','4','',''),
('2325211131623039','18:18:00','18:18:00','6578315','5','',''),
('2325211131623039','18:19:00','18:19:00','6578313','6','',''),
('2325211131623039','18:21:00','18:21:00','6578311','7','',''),
('2325211131623039','18:22:00','18:22:00','6578309','8','',''),
('2325211131623039','18:23:00','18:23:00','6578307','9','',''),
('2425211101623039','18:29:00','18:29:00','6578323','1','',''),
('2425211101623039','18:30:00','18:30:00','6578321','2','',''),
('2425211101623039','18:31:00','18:31:00','6578319','3','',''),
('2425211101623039','18:32:00','18:32:00','6578317','4','',''),
('2425211101623039','18:33:00','18:33:00','6578315','5','',''),
('2425211101623039','18:34:00','18:34:00','6578313','6','',''),
('2425211101623039','18:36:00','18:36:00','6578311','7','',''),
('2425211101623039','18:37:00','18:37:00','6578309','8','',''),
('2425211101623039','18:38:00','18:38:00','6578307','9','',''),
('2425211121623039','18:29:00','18:29:00','6578323','1','',''),
('2425211121623039','18:30:00','18:30:00','6578321','2','',''),
('2425211121623039','18:31:00','18:31:00','6578319','3','',''),
('2425211121623039','18:32:00','18:32:00','6578317','4','',''),
('2425211121623039','18:33:00','18:33:00','6578315','5','',''),
('2425211121623039','18:34:00','18:34:00','6578313','6','',''),
('2425211121623039','18:36:00','18:36:00','6578311','7','',''),
('2425211121623039','18:37:00','18:37:00','6578309','8','',''),
('2425211121623039','18:38:00','18:38:00','6578307','9','',''),
('2425211131623039','18:29:00','18:29:00','6578323','1','',''),
('2425211131623039','18:30:00','18:30:00','6578321','2','',''),
('2425211131623039','18:31:00','18:31:00','6578319','3','',''),
('2425211131623039','18:32:00','18:32:00','6578317','4','',''),
('2425211131623039','18:33:00','18:33:00','6578315','5','',''),
('2425211131623039','18:34:00','18:34:00','6578313','6','',''),
('2425211131623039','18:36:00','18:36:00','6578311','7','',''),
('2425211131623039','18:37:00','18:37:00','6578309','8','',''),
('2425211131623039','18:38:00','18:38:00','6578307','9','',''),
('325211101623039','13:59:00','13:59:00','6578323','1','',''),
('325211101623039','14:00:00','14:00:00','6578321','2','',''),
('325211101623039','14:01:00','14:01:00','6578319','3','',''),
('325211101623039','14:02:00','14:02:00','6578317','4','',''),
('325211101623039','14:03:00','14:03:00','6578315','5','',''),
('325211101623039','14:04:00','14:04:00','6578313','6','',''),
('325211101623039','14:06:00','14:06:00','6578311','7','',''),
('325211101623039','14:07:00','14:07:00','6578309','8','',''),
('325211101623039','14:08:00','14:08:00','6578307','9','',''),
('325211121623039','13:59:00','13:59:00','6578323','1','',''),
('325211121623039','14:00:00','14:00:00','6578321','2','',''),
('325211121623039','14:01:00','14:01:00','6578319','3','',''),
('325211121623039','14:02:00','14:02:00','6578317','4','',''),
('325211121623039','14:03:00','14:03:00','6578315','5','',''),
('325211121623039','14:04:00','14:04:00','6578313','6','',''),
('325211121623039','14:06:00','14:06:00','6578311','7','',''),
('325211121623039','14:07:00','14:07:00','6578309','8','',''),
('325211121623039','14:08:00','14:08:00','6578307','9','',''),
('325211131623039','13:59:00','13:59:00','6578323','1','',''),
('325211131623039','14:00:00','14:00:00','6578321','2','',''),
('325211131623039','14:01:00','14:01:00','6578319','3','',''),
('325211131623039','14:02:00','14:02:00','6578317','4','',''),
('325211131623039','14:03:00','14:03:00','6578315','5','',''),
('325211131623039','14:04:00','14:04:00','6578313','6','',''),
('325211131623039','14:06:00','14:06:00','6578311','7','',''),
('325211131623039','14:07:00','14:07:00','6578309','8','',''),
('325211131623039','14:08:00','14:08:00','6578307','9','',''),
('425211101623039','14:19:00','14:19:00','6578323','1','',''),
('425211101623039','14:20:00','14:20:00','6578321','2','',''),
('425211101623039','14:21:00','14:21:00','6578319','3','',''),
('425211101623039','14:22:00','14:22:00','6578317','4','',''),
('425211101623039','14:23:00','14:23:00','6578315','5','',''),
('425211101623039','14:24:00','14:24:00','6578313','6','',''),
('425211101623039','14:26:00','14:26:00','6578311','7','',''),
('425211101623039','14:27:00','14:27:00','6578309','8','',''),
('425211101623039','14:28:00','14:28:00','6578307','9','',''),
('425211121623039','14:19:00','14:19:00','6578323','1','',''),
('425211121623039','14:20:00','14:20:00','6578321','2','',''),
('425211121623039','14:21:00','14:21:00','6578319','3','',''),
('425211121623039','14:22:00','14:22:00','6578317','4','',''),
('425211121623039','14:23:00','14:23:00','6578315','5','',''),
('425211121623039','14:24:00','14:24:00','6578313','6','',''),
('425211121623039','14:26:00','14:26:00','6578311','7','',''),
('425211121623039','14:27:00','14:27:00','6578309','8','',''),
('425211121623039','14:28:00','14:28:00','6578307','9','',''),
('425211131623039','14:19:00','14:19:00','6578323','1','',''),
('425211131623039','14:20:00','14:20:00','6578321','2','',''),
('425211131623039','14:21:00','14:21:00','6578319','3','',''),
('425211131623039','14:22:00','14:22:00','6578317','4','',''),
('425211131623039','14:23:00','14:23:00','6578315','5','',''),
('425211131623039','14:24:00','14:24:00','6578313','6','',''),
('425211131623039','14:26:00','14:26:00','6578311','7','',''),
('425211131623039','14:27:00','14:27:00','6578309','8','',''),
('425211131623039','14:28:00','14:28:00','6578307','9','',''),
('525211101623039','14:49:00','14:49:00','6578323','1','',''),
('525211101623039','14:50:00','14:50:00','6578321','2','',''),
('525211101623039','14:51:00','14:51:00','6578319','3','',''),
('525211101623039','14:52:00','14:52:00','6578317','4','',''),
('525211101623039','14:53:00','14:53:00','6578315','5','',''),
('525211101623039','14:54:00','14:54:00','6578313','6','',''),
('525211101623039','14:56:00','14:56:00','6578311','7','',''),
('525211101623039','14:57:00','14:57:00','6578309','8','',''),
('525211101623039','14:58:00','14:58:00','6578307','9','',''),
('525211121623039','14:49:00','14:49:00','6578323','1','',''),
('525211121623039','14:50:00','14:50:00','6578321','2','',''),
('525211121623039','14:51:00','14:51:00','6578319','3','',''),
('525211121623039','14:52:00','14:52:00','6578317','4','',''),
('525211121623039','14:53:00','14:53:00','6578315','5','',''),
('525211121623039','14:54:00','14:54:00','6578313','6','',''),
('525211121623039','14:56:00','14:56:00','6578311','7','',''),
('525211121623039','14:57:00','14:57:00','6578309','8','',''),
('525211121623039','14:58:00','14:58:00','6578307','9','',''),
('525211131623039','14:49:00','14:49:00','6578323','1','',''),
('525211131623039','14:50:00','14:50:00','6578321','2','',''),
('525211131623039','14:51:00','14:51:00','6578319','3','',''),
('525211131623039','14:52:00','14:52:00','6578317','4','',''),
('525211131623039','14:53:00','14:53:00','6578315','5','',''),
('525211131623039','14:54:00','14:54:00','6578313','6','',''),
('525211131623039','14:56:00','14:56:00','6578311','7','',''),
('525211131623039','14:57:00','14:57:00','6578309','8','',''),
('525211131623039','14:58:00','14:58:00','6578307','9','',''),
('625211101623039','15:15:00','15:15:00','6578323','1','',''),
('625211101623039','15:16:00','15:16:00','6578321','2','',''),
('625211101623039','15:17:00','15:17:00','6578319','3','',''),
('625211101623039','15:18:00','15:18:00','6578317','4','',''),
('625211101623039','15:19:00','15:19:00','6578315','5','',''),
('625211101623039','15:20:00','15:20:00','6578313','6','',''),
('625211101623039','15:22:00','15:22:00','6578311','7','',''),
('625211101623039','15:23:00','15:23:00','6578309','8','',''),
('625211101623039','15:24:00','15:24:00','6578307','9','',''),
('625211121623039','15:15:00','15:15:00','6578323','1','',''),
('625211121623039','15:16:00','15:16:00','6578321','2','',''),
('625211121623039','15:17:00','15:17:00','6578319','3','',''),
('625211121623039','15:18:00','15:18:00','6578317','4','',''),
('625211121623039','15:19:00','15:19:00','6578315','5','',''),
('625211121623039','15:20:00','15:20:00','6578313','6','',''),
('625211121623039','15:22:00','15:22:00','6578311','7','',''),
('625211121623039','15:23:00','15:23:00','6578309','8','',''),
('625211121623039','15:24:00','15:24:00','6578307','9','',''),
('625211131623039','15:15:00','15:15:00','6578323','1','',''),
('625211131623039','15:16:00','15:16:00','6578321','2','',''),
('625211131623039','15:17:00','15:17:00','6578319','3','',''),
('625211131623039','15:18:00','15:18:00','6578317','4','',''),
('625211131623039','15:19:00','15:19:00','6578315','5','',''),
('625211131623039','15:20:00','15:20:00','6578313','6','',''),
('625211131623039','15:22:00','15:22:00','6578311','7','',''),
('625211131623039','15:23:00','15:23:00','6578309','8','',''),
('625211131623039','15:24:00','15:24:00','6578307','9','',''),
('725211101623039','15:36:00','15:36:00','6578323','1','',''),
('725211101623039','15:37:00','15:37:00','6578321','2','',''),
('725211101623039','15:38:00','15:38:00','6578319','3','',''),
('725211101623039','15:39:00','15:39:00','6578317','4','',''),
('725211101623039','15:40:00','15:40:00','6578315','5','',''),
('725211101623039','15:41:00','15:41:00','6578313','6','',''),
('725211101623039','15:43:00','15:43:00','6578311','7','',''),
('725211101623039','15:44:00','15:44:00','6578309','8','',''),
('725211101623039','15:45:00','15:45:00','6578307','9','',''),
('725211121623039','15:36:00','15:36:00','6578323','1','',''),
('725211121623039','15:37:00','15:37:00','6578321','2','',''),
('725211121623039','15:38:00','15:38:00','6578319','3','',''),
('725211121623039','15:39:00','15:39:00','6578317','4','',''),
('725211121623039','15:40:00','15:40:00','6578315','5','',''),
('725211121623039','15:41:00','15:41:00','6578313','6','',''),
('725211121623039','15:43:00','15:43:00','6578311','7','',''),
('725211121623039','15:44:00','15:44:00','6578309','8','',''),
('725211121623039','15:45:00','15:45:00','6578307','9','',''),
('725211131623039','15:36:00','15:36:00','6578323','1','',''),
('725211131623039','15:37:00','15:37:00','6578321','2','',''),
('725211131623039','15:38:00','15:38:00','6578319','3','',''),
('725211131623039','15:39:00','15:39:00','6578317','4','',''),
('725211131623039','15:40:00','15:40:00','6578315','5','',''),
('725211131623039','15:41:00','15:41:00','6578313','6','',''),
('725211131623039','15:43:00','15:43:00','6578311','7','',''),
('725211131623039','15:44:00','15:44:00','6578309','8','',''),
('725211131623039','15:45:00','15:45:00','6578307','9','',''),
('825211101623039','15:50:00','15:50:00','6578323','1','',''),
('825211101623039','15:51:00','15:51:00','6578321','2','',''),
('825211101623039','15:52:00','15:52:00','6578319','3','',''),
('825211101623039','15:53:00','15:53:00','6578317','4','',''),
('825211101623039','15:54:00','15:54:00','6578315','5','',''),
('825211101623039','15:55:00','15:55:00','6578313','6','',''),
('825211101623039','15:57:00','15:57:00','6578311','7','',''),
('825211101623039','15:58:00','15:58:00','6578309','8','',''),
('825211101623039','15:59:00','15:59:00','6578307','9','',''),
('825211121623039','15:50:00','15:50:00','6578323','1','',''),
('825211121623039','15:51:00','15:51:00','6578321','2','',''),
('825211121623039','15:52:00','15:52:00','6578319','3','',''),
('825211121623039','15:53:00','15:53:00','6578317','4','',''),
('825211121623039','15:54:00','15:54:00','6578315','5','',''),
('825211121623039','15:55:00','15:55:00','6578313','6','',''),
('825211121623039','15:57:00','15:57:00','6578311','7','',''),
('825211121623039','15:58:00','15:58:00','6578309','8','',''),
('825211121623039','15:59:00','15:59:00','6578307','9','',''),
('825211131623039','15:50:00','15:50:00','6578323','1','',''),
('825211131623039','15:51:00','15:51:00','6578321','2','',''),
('825211131623039','15:52:00','15:52:00','6578319','3','',''),
('825211131623039','15:53:00','15:53:00','6578317','4','',''),
('825211131623039','15:54:00','15:54:00','6578315','5','',''),
('825211131623039','15:55:00','15:55:00','6578313','6','',''),
('825211131623039','15:57:00','15:57:00','6578311','7','',''),
('825211131623039','15:58:00','15:58:00','6578309','8','',''),
('825211131623039','15:59:00','15:59:00','6578307','9','',''),
('925211101623039','16:00:00','16:00:00','6578323','1','',''),
('925211101623039','16:01:00','16:01:00','6578321','2','',''),
('925211101623039','16:02:00','16:02:00','6578319','3','',''),
('925211101623039','16:03:00','16:03:00','6578317','4','',''),
('925211101623039','16:04:00','16:04:00','6578315','5','',''),
('925211101623039','16:05:00','16:05:00','6578313','6','',''),
('925211101623039','16:07:00','16:07:00','6578311','7','',''),
('925211101623039','16:08:00','16:08:00','6578309','8','',''),
('925211101623039','16:09:00','16:09:00','6578307','9','',''),
('925211121623039','16:00:00','16:00:00','6578323','1','',''),
('925211121623039','16:01:00','16:01:00','6578321','2','',''),
('925211121623039','16:02:00','16:02:00','6578319','3','',''),
('925211121623039','16:03:00','16:03:00','6578317','4','',''),
('925211121623039','16:04:00','16:04:00','6578315','5','',''),
('925211121623039','16:05:00','16:05:00','6578313','6','',''),
('925211121623039','16:07:00','16:07:00','6578311','7','',''),
('925211121623039','16:08:00','16:08:00','6578309','8','',''),
('925211121623039','16:09:00','16:09:00','6578307','9','',''),
('925211131623039','16:00:00','16:00:00','6578323','1','',''),
('925211131623039','16:01:00','16:01:00','6578321','2','',''),
('925211131623039','16:02:00','16:02:00','6578319','3','',''),
('925211131623039','16:03:00','16:03:00','6578317','4','',''),
('925211131623039','16:04:00','16:04:00','6578315','5','',''),
('925211131623039','16:05:00','16:05:00','6578313','6','',''),
('925211131623039','16:07:00','16:07:00','6578311','7','',''),
('925211131623039','16:08:00','16:08:00','6578309','8','',''),
('925211131623039','16:09:00','16:09:00','6578307','9','','');
INSERT INTO calendar (service_id,monday,tuesday,wednesday,thursday,friday,saturday,sunday,start_date,end_date) VALUES
('2521105','0','0','0','0','0','0','0','20171221','20171222'),
('2521104','0','0','0','0','0','0','0','20180102','20180619'),
('2521113','0','0','0','0','0','0','0','20171221','20171222'),
('2521112','0','0','0','0','0','0','0','20180102','20180619'),
('2521100','0','0','0','0','0','0','0','20171226','20171229'),
('2521099','0','0','0','0','0','0','0','20171221','20171222'),
('2521110','0','0','0','0','0','0','0','20171226','20171229'),
('2521101','0','0','0','0','0','0','0','20180102','20180619'),
('2521098','0','0','0','0','0','0','0','20180102','20180619'),
('2521102','0','0','0','0','0','0','0','20171221','20171222'),
('2521097','0','0','0','0','0','0','0','20171226','20171229'),
('2521103','0','0','0','0','0','0','0','20171226','20171229');
INSERT INTO calendar_dates (service_id,date,exception_type) VALUES
('2521105','20171221','1'),
('2521105','20171222','1'),
('2521104','20180102','1'),
('2521104','20180103','1'),
('2521104','20180104','1'),
('2521104','20180105','1'),
('2521104','20180108','1'),
('2521104','20180109','1'),
('2521104','20180110','1'),
('2521104','20180111','1'),
('2521104','20180112','1'),
('2521104','20180115','1'),
('2521104','20180116','1'),
('2521104','20180117','1'),
('2521104','20180118','1'),
('2521104','20180119','1'),
('2521104','20180122','1'),
('2521104','20180123','1'),
('2521104','20180124','1'),
('2521104','20180125','1'),
('2521104','20180126','1'),
('2521104','20180129','1'),
('2521104','20180130','1'),
('2521104','20180131','1'),
('2521104','20180201','1'),
('2521104','20180202','1'),
('2521104','20180205','1'),
('2521104','20180206','1'),
('2521104','20180207','1'),
('2521104','20180208','1'),
('2521104','20180209','1'),
('2521104','20180212','1'),
('2521104','20180213','1'),
('2521104','20180214','1'),
('2521104','20180215','1'),
('2521104','20180216','1'),
('2521104','20180219','1'),
('2521104','20180220','1'),
('2521104','20180221','1'),
('2521104','20180222','1'),
('2521104','20180223','1'),
('2521104','20180226','1'),
('2521104','20180227','1'),
('2521104','20180228','1'),
('2521104','20180301','1'),
('2521104','20180302','1'),
('2521104','20180305','1'),
('2521104','20180306','1'),
('2521104','20180307','1'),
('2521104','20180308','1'),
('2521104','20180309','1'),
('2521104','20180312','1'),
('2521104','20180313','1'),
('2521104','20180314','1'),
('2521104','20180315','1'),
('2521104','20180316','1'),
('2521104','20180319','1'),
('2521104','20180320','1'),
('2521104','20180321','1'),
('2521104','20180322','1'),
('2521104','20180323','1'),
('2521104','20180326','1'),
('2521104','20180327','1'),
('2521104','20180328','1'),
('2521104','20180329','1'),
('2521104','20180330','1'),
('2521104','20180403','1'),
('2521104','20180404','1'),
('2521104','20180405','1'),
('2521104','20180406','1'),
('2521104','20180409','1'),
('2521104','20180410','1'),
('2521104','20180411','1'),
('2521104','20180412','1'),
('2521104','20180413','1'),
('2521104','20180416','1'),
('2521104','20180417','1'),
('2521104','20180418','1'),
('2521104','20180419','1'),
('2521104','20180420','1'),
('2521104','20180423','1'),
('2521104','20180424','1'),
('2521104','20180425','1'),
('2521104','20180426','1'),
('2521104','20180427','1'),
('2521104','20180430','1'),
('2521104','20180502','1'),
('2521104','20180503','1'),
('2521104','20180504','1'),
('2521104','20180507','1'),
('2521104','20180509','1'),
('2521104','20180511','1'),
('2521104','20180514','1'),
('2521104','20180515','1'),
('2521104','20180516','1'),
('2521104','20180517','1'),
('2521104','20180518','1'),
('2521104','20180522','1'),
('2521104','20180523','1'),
('2521104','20180524','1'),
('2521104','20180525','1'),
('2521104','20180528','1'),
('2521104','20180529','1'),
('2521104','20180530','1'),
('2521104','20180531','1'),
('2521104','20180601','1'),
('2521104','20180604','1'),
('2521104','20180605','1'),
('2521104','20180606','1'),
('2521104','20180607','1'),
('2521104','20180608','1'),
('2521104','20180611','1'),
('2521104','20180612','1'),
('2521104','20180613','1'),
('2521104','20180614','1'),
('2521104','20180615','1'),
('2521104','20180618','1'),
('2521104','20180619','1'),
('2521113','20171221','1'),
('2521113','20171222','1'),
('2521112','20180102','1'),
('2521112','20180103','1'),
('2521112','20180104','1'),
('2521112','20180105','1'),
('2521112','20180108','1'),
('2521112','20180109','1'),
('2521112','20180110','1'),
('2521112','20180111','1'),
('2521112','20180112','1'),
('2521112','20180115','1'),
('2521112','20180116','1'),
('2521112','20180117','1'),
('2521112','20180118','1'),
('2521112','20180119','1'),
('2521112','20180122','1'),
('2521112','20180123','1'),
('2521112','20180124','1'),
('2521112','20180125','1'),
('2521112','20180126','1'),
('2521112','20180129','1'),
('2521112','20180130','1'),
('2521112','20180131','1'),
('2521112','20180201','1'),
('2521112','20180202','1'),
('2521112','20180205','1'),
('2521112','20180206','1'),
('2521112','20180207','1'),
('2521112','20180208','1'),
('2521112','20180209','1'),
('2521112','20180212','1'),
('2521112','20180213','1'),
('2521112','20180214','1'),
('2521112','20180215','1'),
('2521112','20180216','1'),
('2521112','20180219','1'),
('2521112','20180220','1'),
('2521112','20180221','1'),
('2521112','20180222','1'),
('2521112','20180223','1'),
('2521112','20180226','1'),
('2521112','20180227','1'),
('2521112','20180228','1'),
('2521112','20180301','1'),
('2521112','20180302','1'),
('2521112','20180305','1'),
('2521112','20180306','1'),
('2521112','20180307','1'),
('2521112','20180308','1'),
('2521112','20180309','1'),
('2521112','20180312','1'),
('2521112','20180313','1'),
('2521112','20180314','1'),
('2521112','20180315','1'),
('2521112','20180316','1'),
('2521112','20180319','1'),
('2521112','20180320','1'),
('2521112','20180321','1'),
('2521112','20180322','1'),
('2521112','20180323','1'),
('2521112','20180326','1'),
('2521112','20180327','1'),
('2521112','20180328','1'),
('2521112','20180329','1'),
('2521112','20180330','1'),
('2521112','20180403','1'),
('2521112','20180404','1'),
('2521112','20180405','1'),
('2521112','20180406','1'),
('2521112','20180409','1'),
('2521112','20180410','1'),
('2521112','20180411','1'),
('2521112','20180412','1'),
('2521112','20180413','1'),
('2521112','20180416','1'),
('2521112','20180417','1'),
('2521112','20180418','1'),
('2521112','20180419','1'),
('2521112','20180420','1'),
('2521112','20180423','1'),
('2521112','20180424','1'),
('2521112','20180425','1'),
('2521112','20180426','1'),
('2521112','20180427','1'),
('2521112','20180430','1'),
('2521112','20180502','1'),
('2521112','20180503','1'),
('2521112','20180504','1'),
('2521112','20180507','1'),
('2521112','20180509','1'),
('2521112','20180511','1'),
('2521112','20180514','1'),
('2521112','20180515','1'),
('2521112','20180516','1'),
('2521112','20180517','1'),
('2521112','20180518','1'),
('2521112','20180522','1'),
('2521112','20180523','1'),
('2521112','20180524','1'),
('2521112','20180525','1'),
('2521112','20180528','1'),
('2521112','20180529','1'),
('2521112','20180530','1'),
('2521112','20180531','1'),
('2521112','20180601','1'),
('2521112','20180604','1'),
('2521112','20180605','1'),
('2521112','20180606','1'),
('2521112','20180607','1'),
('2521112','20180608','1'),
('2521112','20180611','1'),
('2521112','20180612','1'),
('2521112','20180613','1'),
('2521112','20180614','1'),
('2521112','20180615','1'),
('2521112','20180618','1'),
('2521112','20180619','1'),
('2521100','20171226','1'),
('2521100','20171227','1'),
('2521100','20171228','1'),
('2521100','20171229','1'),
('2521099','20171221','1'),
('2521099','20171222','1'),
('2521110','20171226','1'),
('2521110','20171227','1'),
('2521110','20171228','1'),
('2521110','20171229','1'),
('2521101','20180102','1'),
('2521101','20180103','1'),
('2521101','20180104','1'),
('2521101','20180105','1'),
('2521101','20180108','1'),
('2521101','20180109','1'),
('2521101','20180110','1'),
('2521101','20180111','1'),
('2521101','20180112','1'),
('2521101','20180115','1'),
('2521101','20180116','1'),
('2521101','20180117','1'),
('2521101','20180118','1'),
('2521101','20180119','1'),
('2521101','20180122','1'),
('2521101','20180123','1'),
('2521101','20180124','1'),
('2521101','20180125','1'),
('2521101','20180126','1'),
('2521101','20180129','1'),
('2521101','20180130','1'),
('2521101','20180131','1'),
('2521101','20180201','1'),
('2521101','20180202','1'),
('2521101','20180205','1'),
('2521101','20180206','1'),
('2521101','20180207','1'),
('2521101','20180208','1'),
('2521101','20180209','1'),
('2521101','20180212','1'),
('2521101','20180213','1'),
('2521101','20180214','1'),
('2521101','20180215','1'),
('2521101','20180216','1'),
('2521101','20180219','1'),
('2521101','20180220','1'),
('2521101','20180221','1'),
('2521101','20180222','1'),
('2521101','20180223','1'),
('2521101','20180226','1'),
('2521101','20180227','1'),
('2521101','20180228','1'),
('2521101','20180301','1'),
('2521101','20180302','1'),
('2521101','20180305','1'),
('2521101','20180306','1'),
('2521101','20180307','1'),
('2521101','20180308','1'),
('2521101','20180309','1'),
('2521101','20180312','1'),
('2521101','20180313','1'),
('2521101','20180314','1'),
('2521101','20180315','1'),
('2521101','20180316','1'),
('2521101','20180319','1'),
('2521101','20180320','1'),
('2521101','20180321','1'),
('2521101','20180322','1'),
('2521101','20180323','1'),
('2521101','20180326','1'),
('2521101','20180327','1'),
('2521101','20180328','1'),
('2521101','20180329','1'),
('2521101','20180330','1'),
('2521101','20180403','1'),
('2521101','20180404','1'),
('2521101','20180405','1'),
('2521101','20180406','1'),
('2521101','20180409','1'),
('2521101','20180410','1'),
('2521101','20180411','1'),
('2521101','20180412','1'),
('2521101','20180413','1'),
('2521101','20180416','1'),
('2521101','20180417','1'),
('2521101','20180418','1'),
('2521101','20180419','1'),
('2521101','20180420','1'),
('2521101','20180423','1'),
('2521101','20180424','1'),
('2521101','20180425','1'),
('2521101','20180426','1'),
('2521101','20180427','1'),
('2521101','20180430','1'),
('2521101','20180502','1'),
('2521101','20180503','1'),
('2521101','20180504','1'),
('2521101','20180507','1'),
('2521101','20180509','1'),
('2521101','20180511','1'),
('2521101','20180514','1'),
('2521101','20180515','1'),
('2521101','20180516','1'),
('2521101','20180517','1'),
('2521101','20180518','1'),
('2521101','20180522','1'),
('2521101','20180523','1'),
('2521101','20180524','1'),
('2521101','20180525','1'),
('2521101','20180528','1'),
('2521101','20180529','1'),
('2521101','20180530','1'),
('2521101','20180531','1'),
('2521101','20180601','1'),
('2521101','20180604','1'),
('2521101','20180605','1'),
('2521101','20180606','1'),
('2521101','20180607','1'),
('2521101','20180608','1'),
('2521101','20180611','1'),
('2521101','20180612','1'),
('2521101','20180613','1'),
('2521101','20180614','1'),
('2521101','20180615','1'),
('2521101','20180618','1'),
('2521101','20180619','1'),
('2521098','20180102','1'),
('2521098','20180103','1'),
('2521098','20180104','1'),
('2521098','20180105','1'),
('2521098','20180108','1'),
('2521098','20180109','1'),
('2521098','20180110','1'),
('2521098','20180111','1'),
('2521098','20180112','1'),
('2521098','20180115','1'),
('2521098','20180116','1'),
('2521098','20180117','1'),
('2521098','20180118','1'),
('2521098','20180119','1'),
('2521098','20180122','1'),
('2521098','20180123','1'),
('2521098','20180124','1'),
('2521098','20180125','1'),
('2521098','20180126','1'),
('2521098','20180129','1'),
('2521098','20180130','1'),
('2521098','20180131','1'),
('2521098','20180201','1'),
('2521098','20180202','1'),
('2521098','20180205','1'),
('2521098','20180206','1'),
('2521098','20180207','1'),
('2521098','20180208','1'),
('2521098','20180209','1'),
('2521098','20180212','1'),
('2521098','20180213','1'),
('2521098','20180214','1'),
('2521098','20180215','1'),
('2521098','20180216','1'),
('2521098','20180219','1'),
('2521098','20180220','1'),
('2521098','20180221','1'),
('2521098','20180222','1'),
('2521098','20180223','1'),
('2521098','20180226','1'),
('2521098','20180227','1'),
('2521098','20180228','1'),
('2521098','20180301','1'),
('2521098','20180302','1'),
('2521098','20180305','1'),
('2521098','20180306','1'),
('2521098','20180307','1'),
('2521098','20180308','1'),
('2521098','20180309','1'),
('2521098','20180312','1'),
('2521098','20180313','1'),
('2521098','20180314','1'),
('2521098','20180315','1'),
('2521098','20180316','1'),
('2521098','20180319','1'),
('2521098','20180320','1'),
('2521098','20180321','1'),
('2521098','20180322','1'),
('2521098','20180323','1'),
('2521098','20180326','1'),
('2521098','20180327','1'),
('2521098','20180328','1'),
('2521098','20180329','1'),
('2521098','20180330','1'),
('2521098','20180403','1'),
('2521098','20180404','1'),
('2521098','20180405','1'),
('2521098','20180406','1'),
('2521098','20180409','1'),
('2521098','20180410','1'),
('2521098','20180411','1'),
('2521098','20180412','1'),
('2521098','20180413','1'),
('2521098','20180416','1'),
('2521098','20180417','1'),
('2521098','20180418','1'),
('2521098','20180419','1'),
('2521098','20180420','1'),
('2521098','20180423','1'),
('2521098','20180424','1'),
('2521098','20180425','1'),
('2521098','20180426','1'),
('2521098','20180427','1'),
('2521098','20180430','1'),
('2521098','20180502','1'),
('2521098','20180503','1'),
('2521098','20180504','1'),
('2521098','20180507','1'),
('2521098','20180509','1'),
('2521098','20180511','1'),
('2521098','20180514','1'),
('2521098','20180515','1'),
('2521098','20180516','1'),
('2521098','20180517','1'),
('2521098','20180518','1'),
('2521098','20180522','1'),
('2521098','20180523','1'),
('2521098','20180524','1'),
('2521098','20180525','1'),
('2521098','20180528','1'),
('2521098','20180529','1'),
('2521098','20180530','1'),
('2521098','20180531','1'),
('2521098','20180601','1'),
('2521098','20180604','1'),
('2521098','20180605','1'),
('2521098','20180606','1'),
('2521098','20180607','1'),
('2521098','20180608','1'),
('2521098','20180611','1'),
('2521098','20180612','1'),
('2521098','20180613','1'),
('2521098','20180614','1'),
('2521098','20180615','1'),
('2521098','20180618','1'),
('2521098','20180619','1'),
('2521102','20171221','1'),
('2521102','20171222','1'),
('2521097','20171226','1'),
('2521097','20171227','1'),
('2521097','20171228','1'),
('2521097','20171229','1'),
('2521103','20171226','1'),
('2521103','20171227','1'),
('2521103','20171228','1'),
('2521103','20171229','1');
INSERT INTO routes (route_id,agency_id,route_short_name,route_long_name,route_desc,route_type,route_url,route_color,route_text_color) VALUES
('1788434','100','321','(LOGNES RER <-> AERODROME DE LOGNES) - Aller','','3','','FFFFFF','000000'),
('1788435','100','321','(LOGNES RER <-> AERODROME DE LOGNES) - Retour','','3','','FFFFFF','000000'),
('1788436','100','321','(CROISSY-BEAUBOURG - Z.I. PARIEST <-> LOGNES RER) - Aller','','3','','FFFFFF','000000'),
('1788437','100','321','(CROISSY-BEAUBOURG - Z.I. PARIEST <-> LOGNES RER) - Retour','','3','','FFFFFF','000000'),
('1788438','100','321','(LOGNES RER <-> AERODROME DE LOGNES) - Aller','','3','','FFFFFF','000000'),
('1788439','100','321','(LOGNES RER <-> AERODROME DE LOGNES) - Retour','','3','','FFFFFF','000000'),
('1788440','100','321','(LOGNES RER <-> CROISSY-BEAUBOURG - Z.I. PARIEST) - Aller','','3','','FFFFFF','000000'),
('1788441','100','321','(LOGNES RER <-> CROISSY-BEAUBOURG - Z.I. PARIEST) - Retour','','3','','FFFFFF','000000');
INSERT INTO agency (agency_id,agency_name,agency_url,agency_timezone,agency_lang,agency_phone) VALUES
('100','RATP (100)','http://www.ratp.fr/','CET','','');
INSERT INTO trips (route_id,service_id,trip_id,trip_headsign,trip_short_name,direction_id,shape_id) VALUES
('1788434','2521097','125210971623030','','1','0',''),
('1788434','2521098','125210981623030','','1','0',''),
('1788434','2521099','125210991623030','','1','0',''),
('1788434','2521097','225210971623030','','2','0',''),
('1788434','2521098','225210981623030','','2','0',''),
('1788434','2521099','225210991623030','','2','0',''),
('1788434','2521097','325210971623030','','3','0',''),
('1788434','2521098','325210981623030','','3','0',''),
('1788434','2521099','325210991623030','','3','0',''),
('1788435','2521097','125210971623029','','1','1',''),
('1788435','2521098','125210981623029','','1','1',''),
('1788435','2521099','125210991623029','','1','1',''),
('1788435','2521097','225210971623029','','2','1',''),
('1788435','2521098','225210981623029','','2','1',''),
('1788435','2521099','225210991623029','','2','1',''),
('1788435','2521097','325210971623029','','3','1',''),
('1788435','2521098','325210981623029','','3','1',''),
('1788435','2521099','325210991623029','','3','1',''),
('1788435','2521097','425210971623029','','4','1',''),
('1788435','2521098','425210981623029','','4','1',''),
('1788435','2521099','425210991623029','','4','1',''),
('1788435','2521097','525210971623029','','5','1',''),
('1788435','2521098','525210981623029','','5','1',''),
('1788435','2521099','525210991623029','','5','1',''),
('1788435','2521097','625210971623029','','6','1',''),
('1788435','2521098','625210981623029','','6','1',''),
('1788435','2521099','625210991623029','','6','1',''),
('1788436','2521100','1025211001623032','','10','0',''),
('1788436','2521101','1025211011623032','','10','0',''),
('1788436','2521102','1025211021623032','','10','0',''),
('1788436','2521100','1125211001623032','','11','0',''),
('1788436','2521101','1125211011623032','','11','0',''),
('1788436','2521102','1125211021623032','','11','0',''),
('1788436','2521100','1225211001623032','','12','0',''),
('1788436','2521101','1225211011623032','','12','0',''),
('1788436','2521102','1225211021623032','','12','0',''),
('1788436','2521100','125211001623032','','1','0',''),
('1788436','2521101','125211011623032','','1','0',''),
('1788436','2521102','125211021623032','','1','0',''),
('1788436','2521100','1325211001623032','','13','0',''),
('1788436','2521101','1325211011623032','','13','0',''),
('1788436','2521102','1325211021623032','','13','0',''),
('1788436','2521100','1425211001623032','','14','0',''),
('1788436','2521101','1425211011623032','','14','0',''),
('1788436','2521102','1425211021623032','','14','0',''),
('1788436','2521100','1525211001623032','','15','0',''),
('1788436','2521101','1525211011623032','','15','0',''),
('1788436','2521102','1525211021623032','','15','0',''),
('1788436','2521100','1625211001623032','','16','0',''),
('1788436','2521101','1625211011623032','','16','0',''),
('1788436','2521102','1625211021623032','','16','0',''),
('1788436','2521100','1725211001623032','','17','0',''),
('1788436','2521101','1725211011623032','','17','0',''),
('1788436','2521102','1725211021623032','','17','0',''),
('1788436','2521100','1825211001623032','','18','0',''),
('1788436','2521101','1825211011623032','','18','0',''),
('1788436','2521102','1825211021623032','','18','0',''),
('1788436','2521100','1925211001623032','','19','0',''),
('1788436','2521101','1925211011623032','','19','0',''),
('1788436','2521102','1925211021623032','','19','0',''),
('1788436','2521100','2025211001623032','','20','0',''),
('1788436','2521101','2025211011623032','','20','0',''),
('1788436','2521102','2025211021623032','','20','0',''),
('1788436','2521100','2125211001623032','','21','0',''),
('1788436','2521101','2125211011623032','','21','0',''),
('1788436','2521102','2125211021623032','','21','0',''),
('1788436','2521100','2225211001623032','','22','0',''),
('1788436','2521101','2225211011623032','','22','0',''),
('1788436','2521102','2225211021623032','','22','0',''),
('1788436','2521100','225211001623032','','2','0',''),
('1788436','2521101','225211011623032','','2','0',''),
('1788436','2521102','225211021623032','','2','0',''),
('1788436','2521100','2325211001623032','','23','0',''),
('1788436','2521101','2325211011623032','','23','0',''),
('1788436','2521102','2325211021623032','','23','0',''),
('1788436','2521100','2425211001623032','','24','0',''),
('1788436','2521101','2425211011623032','','24','0',''),
('1788436','2521102','2425211021623032','','24','0',''),
('1788436','2521100','2525211001623032','','25','0',''),
('1788436','2521101','2525211011623032','','25','0',''),
('1788436','2521102','2525211021623032','','25','0',''),
('1788436','2521100','325211001623032','','3','0',''),
('1788436','2521101','325211011623032','','3','0',''),
('1788436','2521102','325211021623032','','3','0',''),
('1788436','2521100','425211001623032','','4','0',''),
('1788436','2521101','425211011623032','','4','0',''),
('1788436','2521102','425211021623032','','4','0',''),
('1788436','2521100','525211001623032','','5','0',''),
('1788436','2521101','525211011623032','','5','0',''),
('1788436','2521102','525211021623032','','5','0',''),
('1788436','2521100','625211001623032','','6','0',''),
('1788436','2521101','625211011623032','','6','0',''),
('1788436','2521102','625211021623032','','6','0',''),
('1788436','2521100','725211001623032','','7','0',''),
('1788436','2521101','725211011623032','','7','0',''),
('1788436','2521102','725211021623032','','7','0',''),
('1788436','2521100','825211001623032','','8','0',''),
('1788436','2521101','825211011623032','','8','0',''),
('1788436','2521102','825211021623032','','8','0',''),
('1788436','2521100','925211001623032','','9','0',''),
('1788436','2521101','925211011623032','','9','0',''),
('1788436','2521102','925211021623032','','9','0',''),
('1788437','2521100','1025211001623031','','10','1',''),
('1788437','2521101','1025211011623031','','10','1',''),
('1788437','2521102','1025211021623031','','10','1',''),
('1788437','2521100','1125211001623031','','11','1',''),
('1788437','2521101','1125211011623031','','11','1',''),
('1788437','2521102','1125211021623031','','11','1',''),
('1788437','2521100','1225211001623031','','12','1',''),
('1788437','2521101','1225211011623031','','12','1',''),
('1788437','2521102','1225211021623031','','12','1',''),
('1788437','2521100','125211001623031','','1','1',''),
('1788437','2521101','125211011623031','','1','1',''),
('1788437','2521102','125211021623031','','1','1',''),
('1788437','2521100','1325211001623031','','13','1',''),
('1788437','2521101','1325211011623031','','13','1',''),
('1788437','2521102','1325211021623031','','13','1',''),
('1788437','2521100','1425211001623031','','14','1',''),
('1788437','2521101','1425211011623031','','14','1',''),
('1788437','2521102','1425211021623031','','14','1',''),
('1788437','2521100','1525211001623031','','15','1',''),
('1788437','2521101','1525211011623031','','15','1',''),
('1788437','2521102','1525211021623031','','15','1',''),
('1788437','2521100','1625211001623031','','16','1',''),
('1788437','2521101','1625211011623031','','16','1',''),
('1788437','2521102','1625211021623031','','16','1',''),
('1788437','2521100','1725211001623031','','17','1',''),
('1788437','2521101','1725211011623031','','17','1',''),
('1788437','2521102','1725211021623031','','17','1',''),
('1788437','2521100','225211001623031','','2','1',''),
('1788437','2521101','225211011623031','','2','1',''),
('1788437','2521102','225211021623031','','2','1',''),
('1788437','2521100','325211001623031','','3','1',''),
('1788437','2521101','325211011623031','','3','1',''),
('1788437','2521102','325211021623031','','3','1',''),
('1788437','2521100','425211001623031','','4','1',''),
('1788437','2521101','425211011623031','','4','1',''),
('1788437','2521102','425211021623031','','4','1',''),
('1788437','2521100','525211001623031','','5','1',''),
('1788437','2521101','525211011623031','','5','1',''),
('1788437','2521102','525211021623031','','5','1',''),
('1788437','2521100','625211001623031','','6','1',''),
('1788437','2521101','625211011623031','','6','1',''),
('1788437','2521102','625211021623031','','6','1',''),
('1788437','2521100','725211001623031','','7','1',''),
('1788437','2521101','725211011623031','','7','1',''),
('1788437','2521102','725211021623031','','7','1',''),
('1788437','2521100','825211001623031','','8','1',''),
('1788437','2521101','825211011623031','','8','1',''),
('1788437','2521102','825211021623031','','8','1',''),
('1788437','2521100','925211001623031','','9','1',''),
('1788437','2521101','925211011623031','','9','1',''),
('1788437','2521102','925211021623031','','9','1',''),
('1788438','2521103','125211031623033','','1','0',''),
('1788438','2521104','125211041623033','','1','0',''),
('1788438','2521105','125211051623033','','1','0',''),
('1788438','2521103','225211031623033','','2','0',''),
('1788438','2521104','225211041623033','','2','0',''),
('1788438','2521105','225211051623033','','2','0',''),
('1788438','2521103','125211031623035','','1','0',''),
('1788438','2521104','125211041623035','','1','0',''),
('1788438','2521105','125211051623035','','1','0',''),
('1788438','2521103','225211031623035','','2','0',''),
('1788438','2521104','225211041623035','','2','0',''),
('1788438','2521105','225211051623035','','2','0',''),
('1788438','2521103','325211031623035','','3','0',''),
('1788438','2521104','325211041623035','','3','0',''),
('1788438','2521105','325211051623035','','3','0',''),
('1788438','2521103','425211031623035','','4','0',''),
('1788438','2521104','425211041623035','','4','0',''),
('1788438','2521105','425211051623035','','4','0',''),
('1788438','2521103','525211031623035','','5','0',''),
('1788438','2521104','525211041623035','','5','0',''),
('1788438','2521105','525211051623035','','5','0',''),
('1788439','2521103','125211031766645','','1','1',''),
('1788439','2521104','125211041766645','','1','1',''),
('1788439','2521105','125211051766645','','1','1',''),
('1788439','2521103','225211031766645','','2','1',''),
('1788439','2521104','225211041766645','','2','1',''),
('1788439','2521105','225211051766645','','2','1',''),
('1788439','2521103','325211031766645','','3','1',''),
('1788439','2521104','325211041766645','','3','1',''),
('1788439','2521105','325211051766645','','3','1',''),
('1788440','2521110','1025211101766650','','10','0',''),
('1788440','2521112','1025211121766650','','10','0',''),
('1788440','2521113','1025211131766650','','10','0',''),
('1788440','2521110','1125211101766650','','11','0',''),
('1788440','2521112','1125211121766650','','11','0',''),
('1788440','2521113','1125211131766650','','11','0',''),
('1788440','2521110','1225211101766650','','12','0',''),
('1788440','2521112','1225211121766650','','12','0',''),
('1788440','2521113','1225211131766650','','12','0',''),
('1788440','2521110','125211101766650','','1','0',''),
('1788440','2521112','125211121766650','','1','0',''),
('1788440','2521113','125211131766650','','1','0',''),
('1788440','2521110','1325211101766650','','13','0',''),
('1788440','2521112','1325211121766650','','13','0',''),
('1788440','2521113','1325211131766650','','13','0',''),
('1788440','2521110','1425211101766650','','14','0',''),
('1788440','2521112','1425211121766650','','14','0',''),
('1788440','2521113','1425211131766650','','14','0',''),
('1788440','2521110','1525211101766650','','15','0',''),
('1788440','2521112','1525211121766650','','15','0',''),
('1788440','2521113','1525211131766650','','15','0',''),
('1788440','2521110','1625211101766650','','16','0',''),
('1788440','2521112','1625211121766650','','16','0',''),
('1788440','2521113','1625211131766650','','16','0',''),
('1788440','2521110','1725211101766650','','17','0',''),
('1788440','2521112','1725211121766650','','17','0',''),
('1788440','2521113','1725211131766650','','17','0',''),
('1788440','2521110','1825211101766650','','18','0',''),
('1788440','2521112','1825211121766650','','18','0',''),
('1788440','2521113','1825211131766650','','18','0',''),
('1788440','2521110','1925211101766650','','19','0',''),
('1788440','2521112','1925211121766650','','19','0',''),
('1788440','2521113','1925211131766650','','19','0',''),
('1788440','2521110','225211101766650','','2','0',''),
('1788440','2521112','225211121766650','','2','0',''),
('1788440','2521113','225211131766650','','2','0',''),
('1788440','2521110','325211101766650','','3','0',''),
('1788440','2521112','325211121766650','','3','0',''),
('1788440','2521113','325211131766650','','3','0',''),
('1788440','2521110','425211101766650','','4','0',''),
('1788440','2521112','425211121766650','','4','0',''),
('1788440','2521113','425211131766650','','4','0',''),
('1788440','2521110','525211101766650','','5','0',''),
('1788440','2521112','525211121766650','','5','0',''),
('1788440','2521113','525211131766650','','5','0',''),
('1788440','2521110','625211101766650','','6','0',''),
('1788440','2521112','625211121766650','','6','0',''),
('1788440','2521113','625211131766650','','6','0',''),
('1788440','2521110','725211101766650','','7','0',''),
('1788440','2521112','725211121766650','','7','0',''),
('1788440','2521113','725211131766650','','7','0',''),
('1788440','2521110','825211101766650','','8','0',''),
('1788440','2521112','825211121766650','','8','0',''),
('1788440','2521113','825211131766650','','8','0',''),
('1788440','2521110','925211101766650','','9','0',''),
('1788440','2521112','925211121766650','','9','0',''),
('1788440','2521113','925211131766650','','9','0',''),
('1788441','2521110','1025211101623039','','10','1',''),
('1788441','2521112','1025211121623039','','10','1',''),
('1788441','2521113','1025211131623039','','10','1',''),
('1788441','2521110','1125211101623039','','11','1',''),
('1788441','2521112','1125211121623039','','11','1',''),
('1788441','2521113','1125211131623039','','11','1',''),
('1788441','2521110','1225211101623039','','12','1',''),
('1788441','2521112','1225211121623039','','12','1',''),
('1788441','2521113','1225211131623039','','12','1',''),
('1788441','2521110','125211101623039','','1','1',''),
('1788441','2521112','125211121623039','','1','1',''),
('1788441','2521113','125211131623039','','1','1',''),
('1788441','2521110','1325211101623039','','13','1',''),
('1788441','2521112','1325211121623039','','13','1',''),
('1788441','2521113','1325211131623039','','13','1',''),
('1788441','2521110','1425211101623039','','14','1',''),
('1788441','2521112','1425211121623039','','14','1',''),
('1788441','2521113','1425211131623039','','14','1',''),
('1788441','2521110','1525211101623039','','15','1',''),
('1788441','2521112','1525211121623039','','15','1',''),
('1788441','2521113','1525211131623039','','15','1',''),
('1788441','2521110','1625211101623039','','16','1',''),
('1788441','2521112','1625211121623039','','16','1',''),
('1788441','2521113','1625211131623039','','16','1',''),
('1788441','2521110','1725211101623039','','17','1',''),
('1788441','2521112','1725211121623039','','17','1',''),
('1788441','2521113','1725211131623039','','17','1',''),
('1788441','2521110','1825211101623039','','18','1',''),
('1788441','2521112','1825211121623039','','18','1',''),
('1788441','2521113','1825211131623039','','18','1',''),
('1788441','2521110','1925211101623039','','19','1',''),
('1788441','2521112','1925211121623039','','19','1',''),
('1788441','2521113','1925211131623039','','19','1',''),
('1788441','2521110','2025211101623039','','20','1',''),
('1788441','2521112','2025211121623039','','20','1',''),
('1788441','2521113','2025211131623039','','20','1',''),
('1788441','2521110','2125211101623039','','21','1',''),
('1788441','2521112','2125211121623039','','21','1',''),
('1788441','2521113','2125211131623039','','21','1',''),
('1788441','2521110','2225211101623039','','22','1',''),
('1788441','2521112','2225211121623039','','22','1',''),
('1788441','2521113','2225211131623039','','22','1',''),
('1788441','2521110','225211101623039','','2','1',''),
('1788441','2521112','225211121623039','','2','1',''),
('1788441','2521113','225211131623039','','2','1',''),
('1788441','2521110','2325211101623039','','23','1',''),
('1788441','2521112','2325211121623039','','23','1',''),
('1788441','2521113','2325211131623039','','23','1',''),
('1788441','2521110','2425211101623039','','24','1',''),
('1788441','2521112','2425211121623039','','24','1',''),
('1788441','2521113','2425211131623039','','24','1',''),
('1788441','2521110','325211101623039','','3','1',''),
('1788441','2521112','325211121623039','','3','1',''),
('1788441','2521113','325211131623039','','3','1',''),
('1788441','2521110','425211101623039','','4','1',''),
('1788441','2521112','425211121623039','','4','1',''),
('1788441','2521113','425211131623039','','4','1',''),
('1788441','2521110','525211101623039','','5','1',''),
('1788441','2521112','525211121623039','','5','1',''),
('1788441','2521113','525211131623039','','5','1',''),
('1788441','2521110','625211101623039','','6','1',''),
('1788441','2521112','625211121623039','','6','1',''),
('1788441','2521113','625211131623039','','6','1',''),
('1788441','2521110','725211101623039','','7','1',''),
('1788441','2521112','725211121623039','','7','1',''),
('1788441','2521113','725211131623039','','7','1',''),
('1788441','2521110','825211101623039','','8','1',''),
('1788441','2521112','825211121623039','','8','1',''),
('1788441','2521113','825211131623039','','8','1',''),
('1788441','2521110','925211101623039','','9','1',''),
('1788441','2521112','925211121623039','','9','1',''),
('1788441','2521113','925211131623039','','9','1','');
INSERT INTO transfers (from_stop_id,to_stop_id,transfer_type,min_transfer_time) VALUES
('3677680','6578267','2','22'),
('6578265','2326','2','200'),
('3677676','6578294','2','66'),
('6578265','1859','2','200'),
('6578277','2326','2','216'),
('6578293','1859','2','216'),
('6578323','3681429','2','18'),
('3677674','6578310','2','55'),
('6578264','2326','2','216'),
('3677674','6578296','2','55'),
('3677679','6578264','2','74'),
('6578292','2326','2','200'),
('3677678','6578265','2','58'),
('3677676','6578308','2','66'),
('3677677','6578309','2','66'),
('3677680','6578266','2','22'),
('3677679','6578265','2','18'),
('3677676','6578280','2','66'),
('3677680','6578279','2','22'),
('3677676','6578281','2','52'),
('6578322','3681428','2','18'),
('3677681','6578266','2','29'),
('3677681','6578267','2','29'),
('6578307','1859','2','216'),
('3677677','6578281','2','42'),
('3677674','6578282','2','55'),
('6578302','3681428','2','18'),
('6578264','1859','2','216'),
('6578293','2326','2','216'),
('6578276','2326','2','213'),
('3677678','6578278','2','58'),
('6578319','3681433','2','20'),
('3677678','6578276','2','3'),
('6578318','3681432','2','20'),
('3677679','6578292','2','18'),
('3677679','6578293','2','74'),
('6578292','1859','2','200'),
('3677677','6578295','2','66'),
('3677675','6578283','2','55'),
('3677679','6578307','2','74'),
('3677679','6578306','2','18'),
('6578291','3681428','2','18'),
('6578276','1859','2','213'),
('3677675','6578311','2','55'),
('3677681','6578279','2','29'),
('3677678','6578292','2','58'),
('3677674','6578270','2','55'),
('6578307','2326','2','216'),
('3677677','6578269','2','66'),
('6578290','3681429','2','18'),
('6578320','3681430','2','12'),
('6578278','1859','2','200'),
('6578306','1859','2','200'),
('3677676','6578268','2','66'),
('6578278','2326','2','200'),
('6578300','3681432','2','20'),
('3677679','6578277','2','74'),
('3677679','6578276','2','71'),
('3677678','6578306','2','58'),
('6578321','3681431','2','12'),
('3677679','6578278','2','18'),
('6578306','2326','2','200'),
('6578277','1859','2','216'),
('6578301','3681430','2','12');
INSERT INTO stops (stop_id,stop_code,stop_name,stop_desc,stop_lat,stop_lon,location_type,parent_station) VALUES
('6578299','','PELLOUTIER','FACE 7 RUE PELLOUTIER - 77146','48.826592648714396','2.633389338750496','0',''),
('6578296','','MAISON ROUGE','RUE DE LA MAISON ROUGE - 77258','48.832408572708516','2.629392832135877','0',''),
('6578295','','RUE DE LA FERME','FACE 1 COURS DES PETITES ECURIES - 77258','48.83599091440836','2.6309106287804247','0',''),
('6578298','','CHAMBRE DE COMMERCE ET D''INDUSTRIE','RUE DE LA MAISON ROUGE - 77258','48.825551256001276','2.6292725579153386','0',''),
('6578297','','LA MADELEINE','RUE DE LA MAISON ROUGE - 77258','48.828112417712866','2.6294094846955676','0',''),
('6578292','','LOGNES RER','RUE JEHAN SCARRON - 77258','48.83939955555686','2.6335985955814634','0',''),
('6578291','','CROISSY-BEAUBOURG - Z.I. PARIEST','FACE 18 ALLEE DU 1ER MAI - 77146','48.827778042677785','2.6373709924514386','0',''),
('6578294','','RUE DE LA FERME','ROND-POINT MARTIN LUTHER KING - 77258','48.83594845740181','2.6299028951720893','0',''),
('6578293','','LOGNES RER','RUE JEHAN SCARRON - 77258','48.83882479616967','2.633418310732026','0',''),
('6578301','','LEON JOUHAUX','ALLEE LEON JOUHAUX - 77146','48.82638695660585','2.6401262387451796','0',''),
('6578302','','CROISSY-BEAUBOURG - Z.I. PARIEST','FACE 18 ALLEE DU 1ER MAI - 77146','48.827778042677785','2.6373709924514386','0',''),
('6578290','','CROISSY-BEAUBOURG - Z.I. PARIEST','18 ALLEE DU 1ER MAI - 77146','48.82775035892306','2.6376566975436515','0',''),
('6578300','','LA MARE A BLONDEAU','ALLEE LEON JOUHAUX - 77146','48.82578317642616','2.6372097227904825','0',''),
('6578306','','LOGNES RER','RUE JEHAN SCARRON - 77258','48.83939955555686','2.6335985955814634','0',''),
('6578305','','AERODROME DE LOGNES','BOULEVARD COURCERIN - 77258','48.8240324065547','2.618034405199876','0',''),
('6578304','','AERODROME DE LOGNES','BOULEVARD COURCERIN - 77258','48.8240324065547','2.618034405199876','0',''),
('6578303','','TOUR DE CONTROLE','BOULEVARD COURCERIN - 77258','48.82448953862997','2.622338195179923','0',''),
('6578309','','RUE DE LA FERME','FACE 1 COURS DES PETITES ECURIES - 77258','48.83599091440836','2.6309106287804247','0',''),
('6578308','','RUE DE LA FERME','ROND-POINT MARTIN LUTHER KING - 77258','48.83594845740181','2.6299028951720893','0',''),
('6578307','','LOGNES RER','RUE JEHAN SCARRON - 77258','48.83882479616967','2.633418310732026','0',''),
('6578287','','CHAMBRE DE COMMERCE ET D''INDUSTRIE','RUE DE LA MAISON ROUGE - 77258','48.82603615187432','2.6294522446920787','0',''),
('6578286','','CHAMBRE DE COMMERCE ET D''INDUSTRIE','RUE DE LA MAISON ROUGE - 77258','48.825551256001276','2.6292725579153386','0',''),
('6578285','','LA MADELEINE','RUE DE LA MAISON ROUGE - 77258','48.82811168236548','2.6297089603498263','0',''),
('6578284','','LA MADELEINE','RUE DE LA MAISON ROUGE - 77258','48.828112417712866','2.6294094846955676','0',''),
('6578289','','PELLOUTIER','7 RUE PELLOUTIER - 77146','48.826682253628306','2.6334987488387287','0',''),
('6578288','','PELLOUTIER','FACE 7 RUE PELLOUTIER - 77146','48.826592648714396','2.633389338750496','0',''),
('6578318','','LA MARE A BLONDEAU','ALLEE LEON JOUHAUX - 77146','48.82578317642616','2.6372097227904825','0',''),
('6578319','','LA MARE A BLONDEAU','ALLEE LEON JOUHAUX - 77146','48.82595438641481','2.637033754337417','0',''),
('6578283','','MAISON ROUGE','RUE DE LA MAISON ROUGE - 77258','48.83296543292309','2.629545721233269','0',''),
('6578316','','PELLOUTIER','FACE 7 RUE PELLOUTIER - 77146','48.826592648714396','2.633389338750496','0',''),
('6578317','','PELLOUTIER','7 RUE PELLOUTIER - 77146','48.826682253628306','2.6334987488387287','0',''),
('6578282','','MAISON ROUGE','RUE DE LA MAISON ROUGE - 77258','48.832408572708516','2.629392832135877','0',''),
('6578281','','RUE DE LA FERME','60 BOULEVARD DU MANDINET - 77258','48.83629806656989','2.630272468467932','0',''),
('6578314','','CHAMBRE DE COMMERCE ET D''INDUSTRIE','RUE DE LA MAISON ROUGE - 77258','48.825551256001276','2.6292725579153386','0',''),
('6578315','','CHAMBRE DE COMMERCE ET D''INDUSTRIE','RUE DE LA MAISON ROUGE - 77258','48.82603615187432','2.6294522446920787','0',''),
('6578280','','RUE DE LA FERME','ROND-POINT MARTIN LUTHER KING - 77258','48.83594845740181','2.6299028951720893','0',''),
('6578313','','LA MADELEINE','RUE DE LA MAISON ROUGE - 77258','48.82811168236548','2.6297089603498263','0',''),
('6578312','','LA MADELEINE','RUE DE LA MAISON ROUGE - 77258','48.828112417712866','2.6294094846955676','0',''),
('6578311','','MAISON ROUGE','RUE DE LA MAISON ROUGE - 77258','48.83296543292309','2.629545721233269','0',''),
('6578310','','MAISON ROUGE','RUE DE LA MAISON ROUGE - 77258','48.832408572708516','2.629392832135877','0',''),
('6578274','','AERODROME DE LOGNES','BOULEVARD COURCERIN - 77258','48.8240324065547','2.618034405199876','0',''),
('6578273','','TOUR DE CONTROLE','BOULEVARD COURCERIN - 77258','48.82448953862997','2.622338195179923','0',''),
('6578276','','LOGNES RER.','RUE JEHAN SCARRON - 77258','48.83886067842883','2.6334457466430705','0',''),
('6578275','','AERODROME DE LOGNES','BOULEVARD COURCERIN - 77258','48.8240324065547','2.618034405199876','0',''),
('6578278','','LOGNES RER','RUE JEHAN SCARRON - 77258','48.83939955555686','2.6335985955814634','0',''),
('6578277','','LOGNES RER','RUE JEHAN SCARRON - 77258','48.83882479616967','2.633418310732026','0',''),
('6578279','','COURS DES LACS','PLACE CHARLES CROS - 77258','48.84179603245742','2.63127027932034','0',''),
('6578270','','MAISON ROUGE','RUE DE LA MAISON ROUGE - 77258','48.832408572708516','2.629392832135877','0',''),
('6578272','','CHAMBRE DE COMMERCE ET D''INDUSTRIE','RUE DE LA MAISON ROUGE - 77258','48.825551256001276','2.6292725579153386','0',''),
('6578271','','LA MADELEINE','RUE DE LA MAISON ROUGE - 77258','48.828112417712866','2.6294094846955676','0',''),
('6578322','','CROISSY-BEAUBOURG - Z.I. PARIEST','FACE 18 ALLEE DU 1ER MAI - 77146','48.827778042677785','2.6373709924514386','0',''),
('6578321','','LEON JOUHAUX','ALLEE LEON JOUHAUX - 77146','48.826477178713944','2.6399906423411275','0',''),
('6578264','','LOGNES RER','RUE JEHAN SCARRON - 77258','48.83882479616967','2.633418310732026','0',''),
('6578323','','CROISSY-BEAUBOURG - Z.I. PARIEST','18 ALLEE DU 1ER MAI - 77146','48.82775035892306','2.6376566975436515','0',''),
('6578265','','LOGNES RER','RUE JEHAN SCARRON - 77258','48.83939955555686','2.6335985955814634','0',''),
('6578266','','COURS DES LACS','PLACE CHARLES CROS - 77258','48.84179603245742','2.63127027932034','0',''),
('6578267','','COURS DES LACS','PLACE CHARLES CROS - 77258','48.84179603245742','2.63127027932034','0',''),
('6578320','','LEON JOUHAUX','ALLEE LEON JOUHAUX - 77146','48.82638695660585','2.6401262387451796','0',''),
('6578268','','RUE DE LA FERME','ROND-POINT MARTIN LUTHER KING - 77258','48.83594845740181','2.6299028951720893','0',''),
('6578269','','RUE DE LA FERME','FACE 1 COURS DES PETITES ECURIES - 77258','48.83599091440836','2.6309106287804247','0','');
