INSERT INTO stop_times (trip_id,arrival_time,departure_time,stop_id,stop_sequence,stop_headsign,shape_dist_traveled) VALUES
('125338300929735','17:23:00','17:23:00','3970610','1','',''),
('125338300929735','17:24:00','17:24:00','3970611','2','',''),
('125338300929735','17:26:00','17:26:00','3970613','3','',''),
('125338300929735','17:30:00','17:30:00','3970614','4','',''),
('125338310881779','07:00:00','07:00:00','3754316','1','',''),
('125338310881779','07:01:00','07:01:00','3754317','2','',''),
('125338310881779','07:02:00','07:02:00','3754318','3','',''),
('125338310881779','07:03:00','07:03:00','3754319','4','',''),
('125338310881779','07:05:00','07:05:00','3754320','5','',''),
('225338310881779','07:30:00','07:30:00','3754316','1','',''),
('225338310881779','07:31:00','07:31:00','3754317','2','',''),
('225338310881779','07:32:00','07:32:00','3754318','3','',''),
('225338310881779','07:33:00','07:33:00','3754319','4','',''),
('225338310881779','07:35:00','07:35:00','3754320','5','',''),
('325338310881779','08:00:00','08:00:00','3754316','1','',''),
('325338310881779','08:01:00','08:01:00','3754317','2','',''),
('325338310881779','08:02:00','08:02:00','3754318','3','',''),
('325338310881779','08:03:00','08:03:00','3754319','4','',''),
('325338310881779','08:05:00','08:05:00','3754320','5','',''),
('425338310881779','08:30:00','08:30:00','3754316','1','',''),
('425338310881779','08:31:00','08:31:00','3754317','2','',''),
('425338310881779','08:32:00','08:32:00','3754318','3','',''),
('425338310881779','08:33:00','08:33:00','3754319','4','',''),
('425338310881779','08:35:00','08:35:00','3754320','5','',''),
('525338310881779','18:00:00','18:00:00','3754316','1','',''),
('525338310881779','18:01:00','18:01:00','3754317','2','',''),
('525338310881779','18:02:00','18:02:00','3754318','3','',''),
('525338310881779','18:03:00','18:03:00','3754319','4','',''),
('525338310881779','18:05:00','18:05:00','3754320','5','',''),
('625338310881779','18:30:00','18:30:00','3754316','1','',''),
('625338310881779','18:31:00','18:31:00','3754317','2','',''),
('625338310881779','18:32:00','18:32:00','3754318','3','',''),
('625338310881779','18:33:00','18:33:00','3754319','4','',''),
('625338310881779','18:35:00','18:35:00','3754320','5','',''),
('725338310881779','19:00:00','19:00:00','3754316','1','',''),
('725338310881779','19:01:00','19:01:00','3754317','2','',''),
('725338310881779','19:02:00','19:02:00','3754318','3','',''),
('725338310881779','19:03:00','19:03:00','3754319','4','',''),
('725338310881779','19:05:00','19:05:00','3754320','5','',''),
('125338310929734','07:05:00','07:05:00','3754320','1','',''),
('125338310929734','07:08:00','07:08:00','3754321','2','',''),
('125338310929734','07:09:00','07:09:00','3754322','3','',''),
('125338310929734','07:13:00','07:13:00','3754323','4','',''),
('125338310929734','07:14:00','07:14:00','3754324','5','',''),
('125338310929734','07:16:00','07:16:00','4294861','6','',''),
('125338310929734','07:17:00','07:17:00','3754325','7','',''),
('225338310929734','07:35:00','07:35:00','3754320','1','',''),
('225338310929734','07:38:00','07:38:00','3754321','2','',''),
('225338310929734','07:39:00','07:39:00','3754322','3','',''),
('225338310929734','07:43:00','07:43:00','3754323','4','',''),
('225338310929734','07:44:00','07:44:00','3754324','5','',''),
('225338310929734','07:46:00','07:46:00','4294861','6','',''),
('225338310929734','07:47:00','07:47:00','3754325','7','',''),
('325338310929734','08:05:00','08:05:00','3754320','1','',''),
('325338310929734','08:08:00','08:08:00','3754321','2','',''),
('325338310929734','08:09:00','08:09:00','3754322','3','',''),
('325338310929734','08:13:00','08:13:00','3754323','4','',''),
('325338310929734','08:14:00','08:14:00','3754324','5','',''),
('325338310929734','08:16:00','08:16:00','4294861','6','',''),
('325338310929734','08:17:00','08:17:00','3754325','7','',''),
('425338310929734','08:35:00','08:35:00','3754320','1','',''),
('425338310929734','08:38:00','08:38:00','3754321','2','',''),
('425338310929734','08:39:00','08:39:00','3754322','3','',''),
('425338310929734','08:43:00','08:43:00','3754323','4','',''),
('425338310929734','08:44:00','08:44:00','3754324','5','',''),
('425338310929734','08:46:00','08:46:00','4294861','6','',''),
('425338310929734','08:47:00','08:47:00','3754325','7','',''),
('525338310929734','17:30:00','17:30:00','3754320','1','',''),
('525338310929734','17:33:00','17:33:00','3754321','2','',''),
('525338310929734','17:34:00','17:34:00','3754322','3','',''),
('525338310929734','17:38:00','17:38:00','3754323','4','',''),
('525338310929734','17:39:00','17:39:00','3754324','5','',''),
('525338310929734','17:41:00','17:41:00','4294861','6','',''),
('525338310929734','17:42:00','17:42:00','3754325','7','',''),
('625338310929734','18:05:00','18:05:00','3754320','1','',''),
('625338310929734','18:08:00','18:08:00','3754321','2','',''),
('625338310929734','18:09:00','18:09:00','3754322','3','',''),
('625338310929734','18:13:00','18:13:00','3754323','4','',''),
('625338310929734','18:14:00','18:14:00','3754324','5','',''),
('625338310929734','18:16:00','18:16:00','4294861','6','',''),
('625338310929734','18:17:00','18:17:00','3754325','7','',''),
('725338310929734','18:35:00','18:35:00','3754320','1','',''),
('725338310929734','18:38:00','18:38:00','3754321','2','',''),
('725338310929734','18:39:00','18:39:00','3754322','3','',''),
('725338310929734','18:43:00','18:43:00','3754323','4','',''),
('725338310929734','18:44:00','18:44:00','3754324','5','',''),
('725338310929734','18:46:00','18:46:00','4294861','6','',''),
('725338310929734','18:47:00','18:47:00','3754325','7','',''),
('825338310929734','19:05:00','19:05:00','3754320','1','',''),
('825338310929734','19:08:00','19:08:00','3754321','2','',''),
('825338310929734','19:09:00','19:09:00','3754322','3','',''),
('825338310929734','19:13:00','19:13:00','3754323','4','',''),
('825338310929734','19:14:00','19:14:00','3754324','5','',''),
('825338310929734','19:16:00','19:16:00','4294861','6','',''),
('825338310929734','19:17:00','19:17:00','3754325','7','',''),
('1025338330929732','17:00:00','17:00:00','3970585','1','',''),
('1025338330929732','17:04:00','17:04:00','3970586','2','',''),
('1025338330929732','17:05:00','17:05:00','3970587','3','',''),
('1025338330929732','17:06:00','17:06:00','3970588','4','',''),
('1025338330929732','17:08:00','17:08:00','3970589','5','',''),
('1025338330929732','17:09:00','17:09:00','3970590','6','',''),
('1025338330929732','17:11:00','17:11:00','3970591','7','',''),
('1025338330929732','17:16:00','17:16:00','3970592','8','',''),
('1025338330929732','17:18:00','17:18:00','3970593','9','',''),
('1025338330929732','17:19:00','17:19:00','3970594','10','',''),
('1025338330929732','17:23:00','17:23:00','3970595','11','',''),
('1125338330929732','18:00:00','18:00:00','3970585','1','',''),
('1125338330929732','18:04:00','18:04:00','3970586','2','',''),
('1125338330929732','18:05:00','18:05:00','3970587','3','',''),
('1125338330929732','18:06:00','18:06:00','3970588','4','',''),
('1125338330929732','18:08:00','18:08:00','3970589','5','',''),
('1125338330929732','18:09:00','18:09:00','3970590','6','',''),
('1125338330929732','18:11:00','18:11:00','3970591','7','',''),
('1125338330929732','18:16:00','18:16:00','3970592','8','',''),
('1125338330929732','18:18:00','18:18:00','3970593','9','',''),
('1125338330929732','18:19:00','18:19:00','3970594','10','',''),
('1125338330929732','18:23:00','18:23:00','3970595','11','',''),
('1225338330929732','19:00:00','19:00:00','3970585','1','',''),
('1225338330929732','19:04:00','19:04:00','3970586','2','',''),
('1225338330929732','19:05:00','19:05:00','3970587','3','',''),
('1225338330929732','19:06:00','19:06:00','3970588','4','',''),
('1225338330929732','19:08:00','19:08:00','3970589','5','',''),
('1225338330929732','19:09:00','19:09:00','3970590','6','',''),
('1225338330929732','19:11:00','19:11:00','3970591','7','',''),
('1225338330929732','19:16:00','19:16:00','3970592','8','',''),
('1225338330929732','19:18:00','19:18:00','3970593','9','',''),
('1225338330929732','19:19:00','19:19:00','3970594','10','',''),
('1225338330929732','19:23:00','19:23:00','3970595','11','',''),
('125338320929732','09:00:00','09:00:00','3970585','1','',''),
('125338320929732','09:04:00','09:04:00','3970586','2','',''),
('125338320929732','09:05:00','09:05:00','3970587','3','',''),
('125338320929732','09:06:00','09:06:00','3970588','4','',''),
('125338320929732','09:08:00','09:08:00','3970589','5','',''),
('125338320929732','09:09:00','09:09:00','3970590','6','',''),
('125338320929732','09:11:00','09:11:00','3970591','7','',''),
('125338320929732','09:16:00','09:16:00','3970592','8','',''),
('125338320929732','09:18:00','09:18:00','3970593','9','',''),
('125338320929732','09:19:00','09:19:00','3970594','10','',''),
('125338320929732','09:23:00','09:23:00','3970595','11','',''),
('125338330929732','07:00:00','07:00:00','3970585','1','',''),
('125338330929732','07:04:00','07:04:00','3970586','2','',''),
('125338330929732','07:05:00','07:05:00','3970587','3','',''),
('125338330929732','07:06:00','07:06:00','3970588','4','',''),
('125338330929732','07:08:00','07:08:00','3970589','5','',''),
('125338330929732','07:09:00','07:09:00','3970590','6','',''),
('125338330929732','07:11:00','07:11:00','3970591','7','',''),
('125338330929732','07:16:00','07:16:00','3970592','8','',''),
('125338330929732','07:18:00','07:18:00','3970593','9','',''),
('125338330929732','07:19:00','07:19:00','3970594','10','',''),
('125338330929732','07:23:00','07:23:00','3970595','11','',''),
('225338320929732','10:00:00','10:00:00','3970585','1','',''),
('225338320929732','10:04:00','10:04:00','3970586','2','',''),
('225338320929732','10:05:00','10:05:00','3970587','3','',''),
('225338320929732','10:06:00','10:06:00','3970588','4','',''),
('225338320929732','10:08:00','10:08:00','3970589','5','',''),
('225338320929732','10:09:00','10:09:00','3970590','6','',''),
('225338320929732','10:11:00','10:11:00','3970591','7','',''),
('225338320929732','10:16:00','10:16:00','3970592','8','',''),
('225338320929732','10:18:00','10:18:00','3970593','9','',''),
('225338320929732','10:19:00','10:19:00','3970594','10','',''),
('225338320929732','10:23:00','10:23:00','3970595','11','',''),
('225338330929732','08:00:00','08:00:00','3970585','1','',''),
('225338330929732','08:04:00','08:04:00','3970586','2','',''),
('225338330929732','08:05:00','08:05:00','3970587','3','',''),
('225338330929732','08:06:00','08:06:00','3970588','4','',''),
('225338330929732','08:08:00','08:08:00','3970589','5','',''),
('225338330929732','08:09:00','08:09:00','3970590','6','',''),
('225338330929732','08:11:00','08:11:00','3970591','7','',''),
('225338330929732','08:16:00','08:16:00','3970592','8','',''),
('225338330929732','08:18:00','08:18:00','3970593','9','',''),
('225338330929732','08:19:00','08:19:00','3970594','10','',''),
('225338330929732','08:23:00','08:23:00','3970595','11','',''),
('325338320929732','11:00:00','11:00:00','3970585','1','',''),
('325338320929732','11:04:00','11:04:00','3970586','2','',''),
('325338320929732','11:05:00','11:05:00','3970587','3','',''),
('325338320929732','11:06:00','11:06:00','3970588','4','',''),
('325338320929732','11:08:00','11:08:00','3970589','5','',''),
('325338320929732','11:09:00','11:09:00','3970590','6','',''),
('325338320929732','11:11:00','11:11:00','3970591','7','',''),
('325338320929732','11:16:00','11:16:00','3970592','8','',''),
('325338320929732','11:18:00','11:18:00','3970593','9','',''),
('325338320929732','11:19:00','11:19:00','3970594','10','',''),
('325338320929732','11:23:00','11:23:00','3970595','11','',''),
('325338330929732','09:00:00','09:00:00','3970585','1','',''),
('325338330929732','09:04:00','09:04:00','3970586','2','',''),
('325338330929732','09:05:00','09:05:00','3970587','3','',''),
('325338330929732','09:06:00','09:06:00','3970588','4','',''),
('325338330929732','09:08:00','09:08:00','3970589','5','',''),
('325338330929732','09:09:00','09:09:00','3970590','6','',''),
('325338330929732','09:11:00','09:11:00','3970591','7','',''),
('325338330929732','09:16:00','09:16:00','3970592','8','',''),
('325338330929732','09:18:00','09:18:00','3970593','9','',''),
('325338330929732','09:19:00','09:19:00','3970594','10','',''),
('325338330929732','09:23:00','09:23:00','3970595','11','',''),
('425338320929732','12:00:00','12:00:00','3970585','1','',''),
('425338320929732','12:04:00','12:04:00','3970586','2','',''),
('425338320929732','12:05:00','12:05:00','3970587','3','',''),
('425338320929732','12:06:00','12:06:00','3970588','4','',''),
('425338320929732','12:08:00','12:08:00','3970589','5','',''),
('425338320929732','12:09:00','12:09:00','3970590','6','',''),
('425338320929732','12:11:00','12:11:00','3970591','7','',''),
('425338320929732','12:16:00','12:16:00','3970592','8','',''),
('425338320929732','12:18:00','12:18:00','3970593','9','',''),
('425338320929732','12:19:00','12:19:00','3970594','10','',''),
('425338320929732','12:23:00','12:23:00','3970595','11','',''),
('425338330929732','10:00:00','10:00:00','3970585','1','',''),
('425338330929732','10:04:00','10:04:00','3970586','2','',''),
('425338330929732','10:05:00','10:05:00','3970587','3','',''),
('425338330929732','10:06:00','10:06:00','3970588','4','',''),
('425338330929732','10:08:00','10:08:00','3970589','5','',''),
('425338330929732','10:09:00','10:09:00','3970590','6','',''),
('425338330929732','10:11:00','10:11:00','3970591','7','',''),
('425338330929732','10:16:00','10:16:00','3970592','8','',''),
('425338330929732','10:18:00','10:18:00','3970593','9','',''),
('425338330929732','10:19:00','10:19:00','3970594','10','',''),
('425338330929732','10:23:00','10:23:00','3970595','11','',''),
('525338320929732','14:00:00','14:00:00','3970585','1','',''),
('525338320929732','14:04:00','14:04:00','3970586','2','',''),
('525338320929732','14:05:00','14:05:00','3970587','3','',''),
('525338320929732','14:06:00','14:06:00','3970588','4','',''),
('525338320929732','14:08:00','14:08:00','3970589','5','',''),
('525338320929732','14:09:00','14:09:00','3970590','6','',''),
('525338320929732','14:11:00','14:11:00','3970591','7','',''),
('525338320929732','14:16:00','14:16:00','3970592','8','',''),
('525338320929732','14:18:00','14:18:00','3970593','9','',''),
('525338320929732','14:19:00','14:19:00','3970594','10','',''),
('525338320929732','14:23:00','14:23:00','3970595','11','',''),
('525338330929732','11:00:00','11:00:00','3970585','1','',''),
('525338330929732','11:04:00','11:04:00','3970586','2','',''),
('525338330929732','11:05:00','11:05:00','3970587','3','',''),
('525338330929732','11:06:00','11:06:00','3970588','4','',''),
('525338330929732','11:08:00','11:08:00','3970589','5','',''),
('525338330929732','11:09:00','11:09:00','3970590','6','',''),
('525338330929732','11:11:00','11:11:00','3970591','7','',''),
('525338330929732','11:16:00','11:16:00','3970592','8','',''),
('525338330929732','11:18:00','11:18:00','3970593','9','',''),
('525338330929732','11:19:00','11:19:00','3970594','10','',''),
('525338330929732','11:23:00','11:23:00','3970595','11','',''),
('625338320929732','15:00:00','15:00:00','3970585','1','',''),
('625338320929732','15:04:00','15:04:00','3970586','2','',''),
('625338320929732','15:05:00','15:05:00','3970587','3','',''),
('625338320929732','15:06:00','15:06:00','3970588','4','',''),
('625338320929732','15:08:00','15:08:00','3970589','5','',''),
('625338320929732','15:09:00','15:09:00','3970590','6','',''),
('625338320929732','15:11:00','15:11:00','3970591','7','',''),
('625338320929732','15:16:00','15:16:00','3970592','8','',''),
('625338320929732','15:18:00','15:18:00','3970593','9','',''),
('625338320929732','15:19:00','15:19:00','3970594','10','',''),
('625338320929732','15:23:00','15:23:00','3970595','11','',''),
('625338330929732','12:00:00','12:00:00','3970585','1','',''),
('625338330929732','12:04:00','12:04:00','3970586','2','',''),
('625338330929732','12:05:00','12:05:00','3970587','3','',''),
('625338330929732','12:06:00','12:06:00','3970588','4','',''),
('625338330929732','12:08:00','12:08:00','3970589','5','',''),
('625338330929732','12:09:00','12:09:00','3970590','6','',''),
('625338330929732','12:11:00','12:11:00','3970591','7','',''),
('625338330929732','12:16:00','12:16:00','3970592','8','',''),
('625338330929732','12:18:00','12:18:00','3970593','9','',''),
('625338330929732','12:19:00','12:19:00','3970594','10','',''),
('625338330929732','12:23:00','12:23:00','3970595','11','',''),
('725338320929732','16:00:00','16:00:00','3970585','1','',''),
('725338320929732','16:04:00','16:04:00','3970586','2','',''),
('725338320929732','16:05:00','16:05:00','3970587','3','',''),
('725338320929732','16:06:00','16:06:00','3970588','4','',''),
('725338320929732','16:08:00','16:08:00','3970589','5','',''),
('725338320929732','16:09:00','16:09:00','3970590','6','',''),
('725338320929732','16:11:00','16:11:00','3970591','7','',''),
('725338320929732','16:16:00','16:16:00','3970592','8','',''),
('725338320929732','16:18:00','16:18:00','3970593','9','',''),
('725338320929732','16:19:00','16:19:00','3970594','10','',''),
('725338320929732','16:23:00','16:23:00','3970595','11','',''),
('725338330929732','14:00:00','14:00:00','3970585','1','',''),
('725338330929732','14:04:00','14:04:00','3970586','2','',''),
('725338330929732','14:05:00','14:05:00','3970587','3','',''),
('725338330929732','14:06:00','14:06:00','3970588','4','',''),
('725338330929732','14:08:00','14:08:00','3970589','5','',''),
('725338330929732','14:09:00','14:09:00','3970590','6','',''),
('725338330929732','14:11:00','14:11:00','3970591','7','',''),
('725338330929732','14:16:00','14:16:00','3970592','8','',''),
('725338330929732','14:18:00','14:18:00','3970593','9','',''),
('725338330929732','14:19:00','14:19:00','3970594','10','',''),
('725338330929732','14:23:00','14:23:00','3970595','11','',''),
('825338320929732','17:00:00','17:00:00','3970585','1','',''),
('825338320929732','17:04:00','17:04:00','3970586','2','',''),
('825338320929732','17:05:00','17:05:00','3970587','3','',''),
('825338320929732','17:06:00','17:06:00','3970588','4','',''),
('825338320929732','17:08:00','17:08:00','3970589','5','',''),
('825338320929732','17:09:00','17:09:00','3970590','6','',''),
('825338320929732','17:11:00','17:11:00','3970591','7','',''),
('825338320929732','17:16:00','17:16:00','3970592','8','',''),
('825338320929732','17:18:00','17:18:00','3970593','9','',''),
('825338320929732','17:19:00','17:19:00','3970594','10','',''),
('825338320929732','17:23:00','17:23:00','3970595','11','',''),
('825338330929732','15:00:00','15:00:00','3970585','1','',''),
('825338330929732','15:04:00','15:04:00','3970586','2','',''),
('825338330929732','15:05:00','15:05:00','3970587','3','',''),
('825338330929732','15:06:00','15:06:00','3970588','4','',''),
('825338330929732','15:08:00','15:08:00','3970589','5','',''),
('825338330929732','15:09:00','15:09:00','3970590','6','',''),
('825338330929732','15:11:00','15:11:00','3970591','7','',''),
('825338330929732','15:16:00','15:16:00','3970592','8','',''),
('825338330929732','15:18:00','15:18:00','3970593','9','',''),
('825338330929732','15:19:00','15:19:00','3970594','10','',''),
('825338330929732','15:23:00','15:23:00','3970595','11','',''),
('925338330929732','16:00:00','16:00:00','3970585','1','',''),
('925338330929732','16:04:00','16:04:00','3970586','2','',''),
('925338330929732','16:05:00','16:05:00','3970587','3','',''),
('925338330929732','16:06:00','16:06:00','3970588','4','',''),
('925338330929732','16:08:00','16:08:00','3970589','5','',''),
('925338330929732','16:09:00','16:09:00','3970590','6','',''),
('925338330929732','16:11:00','16:11:00','3970591','7','',''),
('925338330929732','16:16:00','16:16:00','3970592','8','',''),
('925338330929732','16:18:00','16:18:00','3970593','9','',''),
('925338330929732','16:19:00','16:19:00','3970594','10','',''),
('925338330929732','16:23:00','16:23:00','3970595','11','',''),
('1025338330929733','17:23:00','17:23:00','3970595','1','',''),
('1025338330929733','17:24:00','17:24:00','3970596','2','',''),
('1025338330929733','17:26:00','17:26:00','3970598','3','',''),
('1025338330929733','17:30:00','17:30:00','3970599','4','',''),
('1025338330929733','17:32:00','17:32:00','3970600','5','',''),
('1025338330929733','17:34:00','17:34:00','3970601','6','',''),
('1025338330929733','17:36:00','17:36:00','3970602','7','',''),
('1025338330929733','17:37:00','17:37:00','3970603','8','',''),
('1025338330929733','17:38:00','17:38:00','3970604','9','',''),
('1025338330929733','17:42:00','17:42:00','3970605','10','',''),
('1025338330929733','17:43:00','17:43:00','3970606','11','',''),
('1025338330929733','17:45:00','17:45:00','4294846','12','',''),
('1025338330929733','17:46:00','17:46:00','3970607','13','',''),
('1125338330929733','18:23:00','18:23:00','3970595','1','',''),
('1125338330929733','18:24:00','18:24:00','3970596','2','',''),
('1125338330929733','18:26:00','18:26:00','3970598','3','',''),
('1125338330929733','18:30:00','18:30:00','3970599','4','',''),
('1125338330929733','18:32:00','18:32:00','3970600','5','',''),
('1125338330929733','18:34:00','18:34:00','3970601','6','',''),
('1125338330929733','18:36:00','18:36:00','3970602','7','',''),
('1125338330929733','18:37:00','18:37:00','3970603','8','',''),
('1125338330929733','18:38:00','18:38:00','3970604','9','',''),
('1125338330929733','18:42:00','18:42:00','3970605','10','',''),
('1125338330929733','18:43:00','18:43:00','3970606','11','',''),
('1125338330929733','18:45:00','18:45:00','4294846','12','',''),
('1125338330929733','18:46:00','18:46:00','3970607','13','',''),
('1225338330929733','19:23:00','19:23:00','3970595','1','',''),
('1225338330929733','19:24:00','19:24:00','3970596','2','',''),
('1225338330929733','19:26:00','19:26:00','3970598','3','',''),
('1225338330929733','19:30:00','19:30:00','3970599','4','',''),
('1225338330929733','19:32:00','19:32:00','3970600','5','',''),
('1225338330929733','19:34:00','19:34:00','3970601','6','',''),
('1225338330929733','19:36:00','19:36:00','3970602','7','',''),
('1225338330929733','19:37:00','19:37:00','3970603','8','',''),
('1225338330929733','19:38:00','19:38:00','3970604','9','',''),
('1225338330929733','19:42:00','19:42:00','3970605','10','',''),
('1225338330929733','19:43:00','19:43:00','3970606','11','',''),
('1225338330929733','19:45:00','19:45:00','4294846','12','',''),
('1225338330929733','19:46:00','19:46:00','3970607','13','',''),
('125338320929733','09:23:00','09:23:00','3970595','1','',''),
('125338320929733','09:24:00','09:24:00','3970596','2','',''),
('125338320929733','09:26:00','09:26:00','3970598','3','',''),
('125338320929733','09:30:00','09:30:00','3970599','4','',''),
('125338320929733','09:32:00','09:32:00','3970600','5','',''),
('125338320929733','09:34:00','09:34:00','3970601','6','',''),
('125338320929733','09:36:00','09:36:00','3970602','7','',''),
('125338320929733','09:37:00','09:37:00','3970603','8','',''),
('125338320929733','09:38:00','09:38:00','3970604','9','',''),
('125338320929733','09:42:00','09:42:00','3970605','10','',''),
('125338320929733','09:43:00','09:43:00','3970606','11','',''),
('125338320929733','09:45:00','09:45:00','4294846','12','',''),
('125338320929733','09:46:00','09:46:00','3970607','13','',''),
('125338330929733','07:23:00','07:23:00','3970595','1','',''),
('125338330929733','07:24:00','07:24:00','3970596','2','',''),
('125338330929733','07:26:00','07:26:00','3970598','3','',''),
('125338330929733','07:30:00','07:30:00','3970599','4','',''),
('125338330929733','07:32:00','07:32:00','3970600','5','',''),
('125338330929733','07:34:00','07:34:00','3970601','6','',''),
('125338330929733','07:36:00','07:36:00','3970602','7','',''),
('125338330929733','07:37:00','07:37:00','3970603','8','',''),
('125338330929733','07:38:00','07:38:00','3970604','9','',''),
('125338330929733','07:42:00','07:42:00','3970605','10','',''),
('125338330929733','07:43:00','07:43:00','3970606','11','',''),
('125338330929733','07:45:00','07:45:00','4294846','12','',''),
('125338330929733','07:46:00','07:46:00','3970607','13','',''),
('225338320929733','10:23:00','10:23:00','3970595','1','',''),
('225338320929733','10:24:00','10:24:00','3970596','2','',''),
('225338320929733','10:26:00','10:26:00','3970598','3','',''),
('225338320929733','10:30:00','10:30:00','3970599','4','',''),
('225338320929733','10:32:00','10:32:00','3970600','5','',''),
('225338320929733','10:34:00','10:34:00','3970601','6','',''),
('225338320929733','10:36:00','10:36:00','3970602','7','',''),
('225338320929733','10:37:00','10:37:00','3970603','8','',''),
('225338320929733','10:38:00','10:38:00','3970604','9','',''),
('225338320929733','10:42:00','10:42:00','3970605','10','',''),
('225338320929733','10:43:00','10:43:00','3970606','11','',''),
('225338320929733','10:45:00','10:45:00','4294846','12','',''),
('225338320929733','10:46:00','10:46:00','3970607','13','',''),
('225338330929733','08:23:00','08:23:00','3970595','1','',''),
('225338330929733','08:24:00','08:24:00','3970596','2','',''),
('225338330929733','08:26:00','08:26:00','3970598','3','',''),
('225338330929733','08:30:00','08:30:00','3970599','4','',''),
('225338330929733','08:32:00','08:32:00','3970600','5','',''),
('225338330929733','08:34:00','08:34:00','3970601','6','',''),
('225338330929733','08:36:00','08:36:00','3970602','7','',''),
('225338330929733','08:37:00','08:37:00','3970603','8','',''),
('225338330929733','08:38:00','08:38:00','3970604','9','',''),
('225338330929733','08:42:00','08:42:00','3970605','10','',''),
('225338330929733','08:43:00','08:43:00','3970606','11','',''),
('225338330929733','08:45:00','08:45:00','4294846','12','',''),
('225338330929733','08:46:00','08:46:00','3970607','13','',''),
('325338320929733','11:23:00','11:23:00','3970595','1','',''),
('325338320929733','11:24:00','11:24:00','3970596','2','',''),
('325338320929733','11:26:00','11:26:00','3970598','3','',''),
('325338320929733','11:30:00','11:30:00','3970599','4','',''),
('325338320929733','11:32:00','11:32:00','3970600','5','',''),
('325338320929733','11:34:00','11:34:00','3970601','6','',''),
('325338320929733','11:36:00','11:36:00','3970602','7','',''),
('325338320929733','11:37:00','11:37:00','3970603','8','',''),
('325338320929733','11:38:00','11:38:00','3970604','9','',''),
('325338320929733','11:42:00','11:42:00','3970605','10','',''),
('325338320929733','11:43:00','11:43:00','3970606','11','',''),
('325338320929733','11:45:00','11:45:00','4294846','12','',''),
('325338320929733','11:46:00','11:46:00','3970607','13','',''),
('325338330929733','09:23:00','09:23:00','3970595','1','',''),
('325338330929733','09:24:00','09:24:00','3970596','2','',''),
('325338330929733','09:26:00','09:26:00','3970598','3','',''),
('325338330929733','09:30:00','09:30:00','3970599','4','',''),
('325338330929733','09:32:00','09:32:00','3970600','5','',''),
('325338330929733','09:34:00','09:34:00','3970601','6','',''),
('325338330929733','09:36:00','09:36:00','3970602','7','',''),
('325338330929733','09:37:00','09:37:00','3970603','8','',''),
('325338330929733','09:38:00','09:38:00','3970604','9','',''),
('325338330929733','09:42:00','09:42:00','3970605','10','',''),
('325338330929733','09:43:00','09:43:00','3970606','11','',''),
('325338330929733','09:45:00','09:45:00','4294846','12','',''),
('325338330929733','09:46:00','09:46:00','3970607','13','',''),
('425338320929733','12:23:00','12:23:00','3970595','1','',''),
('425338320929733','12:24:00','12:24:00','3970596','2','',''),
('425338320929733','12:26:00','12:26:00','3970598','3','',''),
('425338320929733','12:30:00','12:30:00','3970599','4','',''),
('425338320929733','12:32:00','12:32:00','3970600','5','',''),
('425338320929733','12:34:00','12:34:00','3970601','6','',''),
('425338320929733','12:36:00','12:36:00','3970602','7','',''),
('425338320929733','12:37:00','12:37:00','3970603','8','',''),
('425338320929733','12:38:00','12:38:00','3970604','9','',''),
('425338320929733','12:42:00','12:42:00','3970605','10','',''),
('425338320929733','12:43:00','12:43:00','3970606','11','',''),
('425338320929733','12:45:00','12:45:00','4294846','12','',''),
('425338320929733','12:46:00','12:46:00','3970607','13','',''),
('425338330929733','10:23:00','10:23:00','3970595','1','',''),
('425338330929733','10:24:00','10:24:00','3970596','2','',''),
('425338330929733','10:26:00','10:26:00','3970598','3','',''),
('425338330929733','10:30:00','10:30:00','3970599','4','',''),
('425338330929733','10:32:00','10:32:00','3970600','5','',''),
('425338330929733','10:34:00','10:34:00','3970601','6','',''),
('425338330929733','10:36:00','10:36:00','3970602','7','',''),
('425338330929733','10:37:00','10:37:00','3970603','8','',''),
('425338330929733','10:38:00','10:38:00','3970604','9','',''),
('425338330929733','10:42:00','10:42:00','3970605','10','',''),
('425338330929733','10:43:00','10:43:00','3970606','11','',''),
('425338330929733','10:45:00','10:45:00','4294846','12','',''),
('425338330929733','10:46:00','10:46:00','3970607','13','',''),
('525338320929733','14:23:00','14:23:00','3970595','1','',''),
('525338320929733','14:24:00','14:24:00','3970596','2','',''),
('525338320929733','14:26:00','14:26:00','3970598','3','',''),
('525338320929733','14:30:00','14:30:00','3970599','4','',''),
('525338320929733','14:32:00','14:32:00','3970600','5','',''),
('525338320929733','14:34:00','14:34:00','3970601','6','',''),
('525338320929733','14:36:00','14:36:00','3970602','7','',''),
('525338320929733','14:37:00','14:37:00','3970603','8','',''),
('525338320929733','14:38:00','14:38:00','3970604','9','',''),
('525338320929733','14:42:00','14:42:00','3970605','10','',''),
('525338320929733','14:43:00','14:43:00','3970606','11','',''),
('525338320929733','14:45:00','14:45:00','4294846','12','',''),
('525338320929733','14:46:00','14:46:00','3970607','13','',''),
('525338330929733','11:23:00','11:23:00','3970595','1','',''),
('525338330929733','11:24:00','11:24:00','3970596','2','',''),
('525338330929733','11:26:00','11:26:00','3970598','3','',''),
('525338330929733','11:30:00','11:30:00','3970599','4','',''),
('525338330929733','11:32:00','11:32:00','3970600','5','',''),
('525338330929733','11:34:00','11:34:00','3970601','6','',''),
('525338330929733','11:36:00','11:36:00','3970602','7','',''),
('525338330929733','11:37:00','11:37:00','3970603','8','',''),
('525338330929733','11:38:00','11:38:00','3970604','9','',''),
('525338330929733','11:42:00','11:42:00','3970605','10','',''),
('525338330929733','11:43:00','11:43:00','3970606','11','',''),
('525338330929733','11:45:00','11:45:00','4294846','12','',''),
('525338330929733','11:46:00','11:46:00','3970607','13','',''),
('625338320929733','15:23:00','15:23:00','3970595','1','',''),
('625338320929733','15:24:00','15:24:00','3970596','2','',''),
('625338320929733','15:26:00','15:26:00','3970598','3','',''),
('625338320929733','15:30:00','15:30:00','3970599','4','',''),
('625338320929733','15:32:00','15:32:00','3970600','5','',''),
('625338320929733','15:34:00','15:34:00','3970601','6','',''),
('625338320929733','15:36:00','15:36:00','3970602','7','',''),
('625338320929733','15:37:00','15:37:00','3970603','8','',''),
('625338320929733','15:38:00','15:38:00','3970604','9','',''),
('625338320929733','15:42:00','15:42:00','3970605','10','',''),
('625338320929733','15:43:00','15:43:00','3970606','11','',''),
('625338320929733','15:45:00','15:45:00','4294846','12','',''),
('625338320929733','15:46:00','15:46:00','3970607','13','',''),
('625338330929733','12:23:00','12:23:00','3970595','1','',''),
('625338330929733','12:24:00','12:24:00','3970596','2','',''),
('625338330929733','12:26:00','12:26:00','3970598','3','',''),
('625338330929733','12:30:00','12:30:00','3970599','4','',''),
('625338330929733','12:32:00','12:32:00','3970600','5','',''),
('625338330929733','12:34:00','12:34:00','3970601','6','',''),
('625338330929733','12:36:00','12:36:00','3970602','7','',''),
('625338330929733','12:37:00','12:37:00','3970603','8','',''),
('625338330929733','12:38:00','12:38:00','3970604','9','',''),
('625338330929733','12:42:00','12:42:00','3970605','10','',''),
('625338330929733','12:43:00','12:43:00','3970606','11','',''),
('625338330929733','12:45:00','12:45:00','4294846','12','',''),
('625338330929733','12:46:00','12:46:00','3970607','13','',''),
('725338320929733','16:23:00','16:23:00','3970595','1','',''),
('725338320929733','16:24:00','16:24:00','3970596','2','',''),
('725338320929733','16:26:00','16:26:00','3970598','3','',''),
('725338320929733','16:30:00','16:30:00','3970599','4','',''),
('725338320929733','16:32:00','16:32:00','3970600','5','',''),
('725338320929733','16:34:00','16:34:00','3970601','6','',''),
('725338320929733','16:36:00','16:36:00','3970602','7','',''),
('725338320929733','16:37:00','16:37:00','3970603','8','',''),
('725338320929733','16:38:00','16:38:00','3970604','9','',''),
('725338320929733','16:42:00','16:42:00','3970605','10','',''),
('725338320929733','16:43:00','16:43:00','3970606','11','',''),
('725338320929733','16:45:00','16:45:00','4294846','12','',''),
('725338320929733','16:46:00','16:46:00','3970607','13','',''),
('725338330929733','14:23:00','14:23:00','3970595','1','',''),
('725338330929733','14:24:00','14:24:00','3970596','2','',''),
('725338330929733','14:26:00','14:26:00','3970598','3','',''),
('725338330929733','14:30:00','14:30:00','3970599','4','',''),
('725338330929733','14:32:00','14:32:00','3970600','5','',''),
('725338330929733','14:34:00','14:34:00','3970601','6','',''),
('725338330929733','14:36:00','14:36:00','3970602','7','',''),
('725338330929733','14:37:00','14:37:00','3970603','8','',''),
('725338330929733','14:38:00','14:38:00','3970604','9','',''),
('725338330929733','14:42:00','14:42:00','3970605','10','',''),
('725338330929733','14:43:00','14:43:00','3970606','11','',''),
('725338330929733','14:45:00','14:45:00','4294846','12','',''),
('725338330929733','14:46:00','14:46:00','3970607','13','',''),
('825338330929733','15:23:00','15:23:00','3970595','1','',''),
('825338330929733','15:24:00','15:24:00','3970596','2','',''),
('825338330929733','15:26:00','15:26:00','3970598','3','',''),
('825338330929733','15:30:00','15:30:00','3970599','4','',''),
('825338330929733','15:32:00','15:32:00','3970600','5','',''),
('825338330929733','15:34:00','15:34:00','3970601','6','',''),
('825338330929733','15:36:00','15:36:00','3970602','7','',''),
('825338330929733','15:37:00','15:37:00','3970603','8','',''),
('825338330929733','15:38:00','15:38:00','3970604','9','',''),
('825338330929733','15:42:00','15:42:00','3970605','10','',''),
('825338330929733','15:43:00','15:43:00','3970606','11','',''),
('825338330929733','15:45:00','15:45:00','4294846','12','',''),
('825338330929733','15:46:00','15:46:00','3970607','13','',''),
('925338330929733','16:23:00','16:23:00','3970595','1','',''),
('925338330929733','16:24:00','16:24:00','3970596','2','',''),
('925338330929733','16:26:00','16:26:00','3970598','3','',''),
('925338330929733','16:30:00','16:30:00','3970599','4','',''),
('925338330929733','16:32:00','16:32:00','3970600','5','',''),
('925338330929733','16:34:00','16:34:00','3970601','6','',''),
('925338330929733','16:36:00','16:36:00','3970602','7','',''),
('925338330929733','16:37:00','16:37:00','3970603','8','',''),
('925338330929733','16:38:00','16:38:00','3970604','9','',''),
('925338330929733','16:42:00','16:42:00','3970605','10','',''),
('925338330929733','16:43:00','16:43:00','3970606','11','',''),
('925338330929733','16:45:00','16:45:00','4294846','12','',''),
('925338330929733','16:46:00','16:46:00','3970607','13','','');
INSERT INTO calendar (service_id,monday,tuesday,wednesday,thursday,friday,saturday,sunday,start_date,end_date) VALUES
('2533830','0','0','0','0','0','0','0','20171221','20180228'),
('2533833','0','0','0','0','0','0','0','20171223','20180224'),
('2533832','0','0','0','0','0','0','0','20171221','20180228'),
('2533831','0','0','0','0','0','0','0','20171221','20180228');
INSERT INTO calendar_dates (service_id,date,exception_type) VALUES
('2533830','20171221','1'),
('2533830','20171222','1'),
('2533830','20171226','1'),
('2533830','20171227','1'),
('2533830','20171228','1'),
('2533830','20171229','1'),
('2533830','20180102','1'),
('2533830','20180103','1'),
('2533830','20180104','1'),
('2533830','20180105','1'),
('2533830','20180108','1'),
('2533830','20180109','1'),
('2533830','20180110','1'),
('2533830','20180111','1'),
('2533830','20180112','1'),
('2533830','20180115','1'),
('2533830','20180116','1'),
('2533830','20180117','1'),
('2533830','20180118','1'),
('2533830','20180119','1'),
('2533830','20180122','1'),
('2533830','20180123','1'),
('2533830','20180124','1'),
('2533830','20180125','1'),
('2533830','20180126','1'),
('2533830','20180129','1'),
('2533830','20180130','1'),
('2533830','20180131','1'),
('2533830','20180201','1'),
('2533830','20180202','1'),
('2533830','20180205','1'),
('2533830','20180206','1'),
('2533830','20180207','1'),
('2533830','20180208','1'),
('2533830','20180209','1'),
('2533830','20180212','1'),
('2533830','20180213','1'),
('2533830','20180214','1'),
('2533830','20180215','1'),
('2533830','20180216','1'),
('2533830','20180219','1'),
('2533830','20180220','1'),
('2533830','20180221','1'),
('2533830','20180222','1'),
('2533830','20180223','1'),
('2533830','20180226','1'),
('2533830','20180227','1'),
('2533830','20180228','1'),
('2533833','20171223','1'),
('2533833','20171230','1'),
('2533833','20180106','1'),
('2533833','20180113','1'),
('2533833','20180120','1'),
('2533833','20180127','1'),
('2533833','20180203','1'),
('2533833','20180210','1'),
('2533833','20180217','1'),
('2533833','20180224','1'),
('2533832','20171221','1'),
('2533832','20171222','1'),
('2533832','20171226','1'),
('2533832','20171227','1'),
('2533832','20171228','1'),
('2533832','20171229','1'),
('2533832','20180102','1'),
('2533832','20180103','1'),
('2533832','20180104','1'),
('2533832','20180105','1'),
('2533832','20180108','1'),
('2533832','20180109','1'),
('2533832','20180110','1'),
('2533832','20180111','1'),
('2533832','20180112','1'),
('2533832','20180115','1'),
('2533832','20180116','1'),
('2533832','20180117','1'),
('2533832','20180118','1'),
('2533832','20180119','1'),
('2533832','20180122','1'),
('2533832','20180123','1'),
('2533832','20180124','1'),
('2533832','20180125','1'),
('2533832','20180126','1'),
('2533832','20180129','1'),
('2533832','20180130','1'),
('2533832','20180131','1'),
('2533832','20180201','1'),
('2533832','20180202','1'),
('2533832','20180205','1'),
('2533832','20180206','1'),
('2533832','20180207','1'),
('2533832','20180208','1'),
('2533832','20180209','1'),
('2533832','20180212','1'),
('2533832','20180213','1'),
('2533832','20180214','1'),
('2533832','20180215','1'),
('2533832','20180216','1'),
('2533832','20180219','1'),
('2533832','20180220','1'),
('2533832','20180221','1'),
('2533832','20180222','1'),
('2533832','20180223','1'),
('2533832','20180226','1'),
('2533832','20180227','1'),
('2533832','20180228','1'),
('2533831','20171221','1'),
('2533831','20171222','1'),
('2533831','20171226','1'),
('2533831','20171227','1'),
('2533831','20171228','1'),
('2533831','20171229','1'),
('2533831','20180102','1'),
('2533831','20180103','1'),
('2533831','20180104','1'),
('2533831','20180105','1'),
('2533831','20180108','1'),
('2533831','20180109','1'),
('2533831','20180110','1'),
('2533831','20180111','1'),
('2533831','20180112','1'),
('2533831','20180115','1'),
('2533831','20180116','1'),
('2533831','20180117','1'),
('2533831','20180118','1'),
('2533831','20180119','1'),
('2533831','20180122','1'),
('2533831','20180123','1'),
('2533831','20180124','1'),
('2533831','20180125','1'),
('2533831','20180126','1'),
('2533831','20180129','1'),
('2533831','20180130','1'),
('2533831','20180131','1'),
('2533831','20180201','1'),
('2533831','20180202','1'),
('2533831','20180205','1'),
('2533831','20180206','1'),
('2533831','20180207','1'),
('2533831','20180208','1'),
('2533831','20180209','1'),
('2533831','20180212','1'),
('2533831','20180213','1'),
('2533831','20180214','1'),
('2533831','20180215','1'),
('2533831','20180216','1'),
('2533831','20180219','1'),
('2533831','20180220','1'),
('2533831','20180221','1'),
('2533831','20180222','1'),
('2533831','20180223','1'),
('2533831','20180226','1'),
('2533831','20180227','1'),
('2533831','20180228','1');
INSERT INTO routes (route_id,agency_id,route_short_name,route_long_name,route_desc,route_type,route_url,route_color,route_text_color) VALUES
('1040914','100','584','V5 (SERVICE URBAIN DE GENTILLY <-> GABRIEL PERI - SOLEIL LEVANT) - Aller','','3','','FFFFFF','000000'),
('884809','100','584','V5 (SERVICE URBAIN DE GENTILLY <-> GABRIEL PERI - SOLEIL LEVANT) - Aller','','3','','FFFFFF','000000'),
('933332','100','584','V5 (SERVICE URBAIN DE GENTILLY <-> GABRIEL PERI - SOLEIL LEVANT) - Aller','','3','','FFFFFF','000000');
INSERT INTO agency (agency_id,agency_name,agency_url,agency_timezone,agency_lang,agency_phone) VALUES
('100','RATP (100)','http://www.ratp.fr/','CET','','');
INSERT INTO trips (route_id,service_id,trip_id,trip_headsign,trip_short_name,direction_id,shape_id) VALUES
('1040914','2533830','125338300929735','','1','0',''),
('884809','2533831','125338310881779','','1','0',''),
('884809','2533831','225338310881779','','2','0',''),
('884809','2533831','325338310881779','','3','0',''),
('884809','2533831','425338310881779','','4','0',''),
('884809','2533831','525338310881779','','5','0',''),
('884809','2533831','625338310881779','','6','0',''),
('884809','2533831','725338310881779','','7','0',''),
('884809','2533831','125338310929734','','1','0',''),
('884809','2533831','225338310929734','','2','0',''),
('884809','2533831','325338310929734','','3','0',''),
('884809','2533831','425338310929734','','4','0',''),
('884809','2533831','525338310929734','','5','0',''),
('884809','2533831','625338310929734','','6','0',''),
('884809','2533831','725338310929734','','7','0',''),
('884809','2533831','825338310929734','','8','0',''),
('933332','2533833','1025338330929732','','10','0',''),
('933332','2533833','1125338330929732','','11','0',''),
('933332','2533833','1225338330929732','','12','0',''),
('933332','2533832','125338320929732','','1','0',''),
('933332','2533833','125338330929732','','1','0',''),
('933332','2533832','225338320929732','','2','0',''),
('933332','2533833','225338330929732','','2','0',''),
('933332','2533832','325338320929732','','3','0',''),
('933332','2533833','325338330929732','','3','0',''),
('933332','2533832','425338320929732','','4','0',''),
('933332','2533833','425338330929732','','4','0',''),
('933332','2533832','525338320929732','','5','0',''),
('933332','2533833','525338330929732','','5','0',''),
('933332','2533832','625338320929732','','6','0',''),
('933332','2533833','625338330929732','','6','0',''),
('933332','2533832','725338320929732','','7','0',''),
('933332','2533833','725338330929732','','7','0',''),
('933332','2533832','825338320929732','','8','0',''),
('933332','2533833','825338330929732','','8','0',''),
('933332','2533833','925338330929732','','9','0',''),
('933332','2533833','1025338330929733','','10','0',''),
('933332','2533833','1125338330929733','','11','0',''),
('933332','2533833','1225338330929733','','12','0',''),
('933332','2533832','125338320929733','','1','0',''),
('933332','2533833','125338330929733','','1','0',''),
('933332','2533832','225338320929733','','2','0',''),
('933332','2533833','225338330929733','','2','0',''),
('933332','2533832','325338320929733','','3','0',''),
('933332','2533833','325338330929733','','3','0',''),
('933332','2533832','425338320929733','','4','0',''),
('933332','2533833','425338330929733','','4','0',''),
('933332','2533832','525338320929733','','5','0',''),
('933332','2533833','525338330929733','','5','0',''),
('933332','2533832','625338320929733','','6','0',''),
('933332','2533833','625338330929733','','6','0',''),
('933332','2533832','725338320929733','','7','0',''),
('933332','2533833','725338330929733','','7','0',''),
('933332','2533833','825338330929733','','8','0',''),
('933332','2533833','925338330929733','','9','0','');
INSERT INTO transfers (from_stop_id,to_stop_id,transfer_type,min_transfer_time) VALUES
('4294846','3786104','2','45'),
('3754318','6446068','2','122'),
('3970587','3781634','2','144'),
('3970602','6446082','2','10'),
('3970602','6446134','2','43'),
('3970605','6446085','2','127'),
('3754323','6446085','2','127'),
('3970604','3781633','2','70'),
('3970604','3781634','2','96'),
('3970603','3926334','2','140'),
('3970613','4293193','2','44'),
('3970613','4293192','2','92'),
('3970598','4293192','2','118'),
('3970586','6446067','2','12'),
('3970598','4293194','2','26'),
('3970598','4293193','2','20'),
('3970593','3926326','2','72'),
('3970591','3926333','2','82'),
('3970600','3781676','2','72'),
('3970604','4124831','2','73'),
('3754319','4293192','2','72'),
('3970603','3781634','2','140'),
('2215','3970592','2','232'),
('3970605','6446067','2','127'),
('3754316','3786113','2','104'),
('3754321','3781634','2','144'),
('3970602','4124832','2','43'),
('1960','3970614','2','232'),
('3970590','4124831','2','141'),
('3754318','6446086','2','122'),
('2215','3970599','2','208'),
('3970589','3926335','2','46'),
('3970605','4124830','2','124'),
('3970605','6446131','2','130'),
('3970585','3786104','2','144'),
('3970588','3781634','2','134'),
('3970605','6446132','2','124'),
('3970602','3926318','2','10'),
('3754323','4124829','2','130'),
('3754318','3926324','2','143'),
('3754318','3926322','2','115'),
('3970588','3926319','2','141'),
('3970593','4293192','2','72'),
('3970588','6446133','2','109'),
('3970603','3926319','2','49'),
('3970607','3786113','2','108'),
('3970590','3781631','2','141'),
('3754323','6446067','2','127'),
('3970590','3781634','2','128'),
('3970590','3926334','2','141'),
('3970585','3786113','2','104'),
('2215','3970614','2','232'),
('3970588','3926334','2','109'),
('3970591','4124830','2','82'),
('3755023','3754319','2','72'),
('3754323','4124830','2','124'),
('3970590','6446133','2','141'),
('3970585','3786059','2','144'),
('3970604','6446133','2','73'),
('3970591','3781631','2','95'),
('3970591','3781632','2','82'),
('1960','3754320','2','232'),
('3970602','3926335','2','43'),
('3970585','3786068','2','104'),
('4294861','3786059','2','45'),
('3970586','6446085','2','12'),
('3754316','3786068','2','104'),
('3755023','3970613','2','92'),
('3754317','6446130','2','19'),
('3970588','4124831','2','109'),
('3754317','4124828','2','19'),
('3754317','3926322','2','143'),
('3755022','3970594','2','44'),
('3970589','4124832','2','46'),
('3754319','3926326','2','72'),
('3970604','3926334','2','73'),
('1960','3970592','2','232'),
('4294846','3786059','2','45'),
('3754317','3926323','2','122'),
('3754317','3926324','2','19'),
('1960','3970599','2','208'),
('3970607','3786068','2','108'),
('3970587','3926320','2','82'),
('3754316','3786059','2','144'),
('3754318','6446130','2','143'),
('3970605','3926333','2','124'),
('3970605','3926332','2','130'),
('3754318','4124828','2','143'),
('3755022','3970598','2','26'),
('3970603','6446083','2','49'),
('3970613','3926327','2','44'),
('3970613','3926326','2','92'),
('3754322','3926334','2','73'),
('2215','3754320','2','232'),
('3970602','6446064','2','10'),
('3970588','6446083','2','141'),
('3970591','6446132','2','82'),
('3754323','6446131','2','130'),
('3754323','6446132','2','124'),
('3754316','3786104','2','144'),
('3754322','3781634','2','96'),
('3754323','3926333','2','124'),
('3754322','3781633','2','70'),
('3970594','4293192','2','136'),
('3970594','4293194','2','44'),
('3754322','4124831','2','73'),
('3970601','3781632','2','141'),
('3970603','6446133','2','140'),
('3970594','3926328','2','44'),
('3970601','3781631','2','142'),
('3970594','3926326','2','136'),
('3970605','4124829','2','130'),
('4294861','3786104','2','45'),
('3754325','3786113','2','108'),
('3970598','3926328','2','26'),
('3970598','3926327','2','20'),
('3970598','3926326','2','118'),
('3755023','3970598','2','118'),
('3754323','3926332','2','130'),
('3754322','6446133','2','73'),
('3970599','3781677','2','17'),
('3755023','3970594','2','136'),
('3755023','3970593','2','72'),
('3754325','3786068','2','108'),
('3970589','6446134','2','46'),
('3970588','6446065','2','141'),
('3970603','4124831','2','140'),
('3754321','3926320','2','82'),
('3970603','6446065','2','49');
INSERT INTO stops (stop_id,stop_code,stop_name,stop_desc,stop_lat,stop_lon,location_type,parent_station) VALUES
('3970585','','GABRIEL PERI - SOLEIL LEVANT','R JEAN LOUIS - 94037','48.80855385142401','2.3457865790498724','0',''),
('3970587','','REINE BLANCHE','73 AVENUE RASPAIL - 94037','48.81364075955538','2.3478423484763105','0',''),
('3754316','','GABRIEL PERI - SOLEIL LEVANT','R JEAN LOUIS - 94037','48.80855385142401','2.3457865790498724','0',''),
('3970586','','BOUT DU RANG - PICASSO','FACE 70 AVENUE RASPAIL - 94037','48.81175347724286','2.3460592717364808','0',''),
('3754318','','FRAYSSE','FACE 6 RUE EMILE BOUGARD - 94037','48.809866287850035','2.341745266589601','0',''),
('3970588','','RASPAIL - CALMUS','23 R RASPAIL - 94037','48.814655972455775','2.3516667112468115','0',''),
('3754317','','FRAYSSE - VAL DE BIEVRE','82 AVENUE RASPAIL - 94037','48.81007292302495','2.3435823500614354','0',''),
('3970589','','VERDUN - VICTOR HUGO','FACE 7 RUE CHARLES FREROT - 94037','48.81665110081543','2.352837692438503','0',''),
('3754319','','BENOIT MALON','111 AVENUE JEAN JAURES - 94003','48.81086400701395','2.338615489800433','0',''),
('3970594','','CHAPERON VERT','FACE 92 AVENUE JEAN JAURES - 94003','48.81100780529823','2.335444797357414','0',''),
('3970593','','BENOIT MALON','111 AVENUE JEAN JAURES - 94003','48.81086400701395','2.338615489800433','0',''),
('3754324','','FONDATION VALLEE','FACE 14 R BENSERADE - 94037','48.81045909547389','2.347828091442007','0',''),
('3970592','','GENTILLY RER - PLATEAU','FACE 63TER R BENOIT MALON - 94037','48.813829920243066','2.340806597050351','0',''),
('3754325','','GABRIEL PERI - SOLEIL LEVANT.','R JEAN LOUIS - 94037','48.80842803505071','2.3456096613594855','0',''),
('3970591','','DIVISION LECLERC - MEDIATHEQUE','4 RUE D''ARCUEIL - 94037','48.814377804950816','2.3472573108996073','0',''),
('3970598','','CHAPERON VERT.','88 AVENUE JEAN JAURES - 94003','48.810890968202095','2.3357169635790616','0',''),
('3754322','','JEAN JAURES - SAINT ELOI','8 RUE SAINT-ELOI - 94037','48.81352368758163','2.350183037847167','0',''),
('3754323','','ALLENDE - REINE BLANCHE','2 R DU PRESIDENT ALLENDE - 94037','48.812400455148484','2.3477876614385598','0',''),
('3970596','','CHAPERON VERT - MARCEL CACHIN.','1ERE AVENUE - 94037','48.81320076893865','2.3334034140116247','0',''),
('3754320','','GENTILLY RER - PLATEAU','FACE 63TER R BENOIT MALON - 94037','48.813829920243066','2.340806597050351','0',''),
('3970595','','CHAPERON VERT - MARCEL CACHIN','1ERE AVENUE - 94037','48.81249970053441','2.33272303952671','0',''),
('3754321','','REINE BLANCHE','73 AVENUE RASPAIL - 94037','48.81364075955538','2.3478423484763105','0',''),
('3970590','','MAIRIE DE GENTILLY','FACE 35 RUE CHARLES FREROT - 94037','48.81567175666497','2.350183572948421','0',''),
('3970604','','JEAN JAURES - SAINT ELOI','8 RUE SAINT-ELOI - 94037','48.81352368758163','2.350183037847167','0',''),
('3970614','','GENTILLY RER - PLATEAU','FACE 63TER R BENOIT MALON - 94037','48.813829920243066','2.340806597050351','0',''),
('3970603','','MAIRIE DE GENTILLY.','FACE 35 RUE CHARLES FREROT - 94037','48.815563821795415','2.3509184500369567','0',''),
('4294861','','CITE DES H.B.M.','150 R GABRIEL PERI - 94037','48.80795157028177','2.3470791770842157','0',''),
('3970606','','FONDATION VALLEE','FACE 14 R BENSERADE - 94037','48.81045909547389','2.347828091442007','0',''),
('4294846','','CITE DES H.B.M.','150 R GABRIEL PERI - 94037','48.80795157028177','2.3470791770842157','0',''),
('3970605','','ALLENDE - REINE BLANCHE','2 R DU PRESIDENT ALLENDE - 94037','48.812400455148484','2.3477876614385598','0',''),
('3970600','','GAUTHEROT - CARREFOUR MAZAGRAN','80 AVENUE PAUL VAILLANT COUTURIER - 94037','48.815609355029395','2.343977696194041','0',''),
('3970610','','CHAPERON VERT - MARCEL CACHIN','1ERE AVENUE - 94037','48.81249970053441','2.33272303952671','0',''),
('3970611','','CHAPERON VERT - MARCEL CACHIN.','1ERE AVENUE - 94037','48.81320076893865','2.3334034140116247','0',''),
('3970602','','VERDUN - VICTOR HUGO.','FACE 7 RUE CHARLES FREROT - 94037','48.81658816886079','2.3529737695584303','0',''),
('3970601','','VAL DE MARNE','19 R DU VAL DE MARNE - 94037','48.81651680221057','2.348196784389282','0',''),
('3970613','','CHAPERON VERT','88 AVENUE JEAN JAURES - 94003','48.81092692369328','2.3361115979106186','0',''),
('3970599','','GENTILLY RER','71 AVENUE PAUL VAILLANT COUTURIER - 94037','48.8162565998908','2.3410789534908614','0',''),
('3970607','','GABRIEL PERI - SOLEIL LEVANT.','R JEAN LOUIS - 94037','48.80842803505071','2.3456096613594855','0','');
