INSERT INTO stop_times (trip_id,arrival_time,departure_time,stop_id,stop_sequence,stop_headsign,shape_dist_traveled) VALUES
('1025290211702124','15:11:00','15:11:00','3619901','1','',''),
('1025290211702124','15:14:00','15:14:00','3619903','2','',''),
('1025290211702124','15:16:00','15:16:00','3619905','3','',''),
('1025290211702124','15:17:00','15:17:00','3619907','4','',''),
('1025290211702124','15:18:00','15:18:00','3619909','5','',''),
('1025290211702124','15:20:00','15:20:00','3619911','6','',''),
('1025290211702124','15:21:00','15:21:00','3619913','7','',''),
('1025290211702124','15:22:00','15:22:00','3619915','8','',''),
('1025290211702124','15:23:00','15:23:00','3619917','9','',''),
('1025290211702124','15:25:00','15:25:00','3619919','10','',''),
('1025290211702124','15:26:00','15:26:00','3619921','11','',''),
('1025290211702124','15:26:00','15:26:00','3619923','12','',''),
('1025290211702124','15:27:00','15:27:00','3619925','13','',''),
('1025290211702124','15:29:00','15:29:00','3619927','14','',''),
('1025290221702124','15:11:00','15:11:00','3619901','1','',''),
('1025290221702124','15:14:00','15:14:00','3619903','2','',''),
('1025290221702124','15:16:00','15:16:00','3619905','3','',''),
('1025290221702124','15:17:00','15:17:00','3619907','4','',''),
('1025290221702124','15:18:00','15:18:00','3619909','5','',''),
('1025290221702124','15:20:00','15:20:00','3619911','6','',''),
('1025290221702124','15:21:00','15:21:00','3619913','7','',''),
('1025290221702124','15:22:00','15:22:00','3619915','8','',''),
('1025290221702124','15:23:00','15:23:00','3619917','9','',''),
('1025290221702124','15:25:00','15:25:00','3619919','10','',''),
('1025290221702124','15:26:00','15:26:00','3619921','11','',''),
('1025290221702124','15:26:00','15:26:00','3619923','12','',''),
('1025290221702124','15:27:00','15:27:00','3619925','13','',''),
('1025290221702124','15:29:00','15:29:00','3619927','14','',''),
('1025290231702124','15:11:00','15:11:00','3619901','1','',''),
('1025290231702124','15:14:00','15:14:00','3619903','2','',''),
('1025290231702124','15:16:00','15:16:00','3619905','3','',''),
('1025290231702124','15:17:00','15:17:00','3619907','4','',''),
('1025290231702124','15:18:00','15:18:00','3619909','5','',''),
('1025290231702124','15:20:00','15:20:00','3619911','6','',''),
('1025290231702124','15:21:00','15:21:00','3619913','7','',''),
('1025290231702124','15:22:00','15:22:00','3619915','8','',''),
('1025290231702124','15:23:00','15:23:00','3619917','9','',''),
('1025290231702124','15:25:00','15:25:00','3619919','10','',''),
('1025290231702124','15:26:00','15:26:00','3619921','11','',''),
('1025290231702124','15:26:00','15:26:00','3619923','12','',''),
('1025290231702124','15:27:00','15:27:00','3619925','13','',''),
('1025290231702124','15:29:00','15:29:00','3619927','14','',''),
('1025290241702124','15:11:00','15:11:00','3619901','1','',''),
('1025290241702124','15:14:00','15:14:00','3619903','2','',''),
('1025290241702124','15:16:00','15:16:00','3619905','3','',''),
('1025290241702124','15:17:00','15:17:00','3619907','4','',''),
('1025290241702124','15:18:00','15:18:00','3619909','5','',''),
('1025290241702124','15:20:00','15:20:00','3619911','6','',''),
('1025290241702124','15:21:00','15:21:00','3619913','7','',''),
('1025290241702124','15:22:00','15:22:00','3619915','8','',''),
('1025290241702124','15:23:00','15:23:00','3619917','9','',''),
('1025290241702124','15:25:00','15:25:00','3619919','10','',''),
('1025290241702124','15:26:00','15:26:00','3619921','11','',''),
('1025290241702124','15:26:00','15:26:00','3619923','12','',''),
('1025290241702124','15:27:00','15:27:00','3619925','13','',''),
('1025290241702124','15:29:00','15:29:00','3619927','14','',''),
('1025290251702124','15:11:00','15:11:00','3619901','1','',''),
('1025290251702124','15:14:00','15:14:00','3619903','2','',''),
('1025290251702124','15:16:00','15:16:00','3619905','3','',''),
('1025290251702124','15:17:00','15:17:00','3619907','4','',''),
('1025290251702124','15:18:00','15:18:00','3619909','5','',''),
('1025290251702124','15:20:00','15:20:00','3619911','6','',''),
('1025290251702124','15:21:00','15:21:00','3619913','7','',''),
('1025290251702124','15:22:00','15:22:00','3619915','8','',''),
('1025290251702124','15:23:00','15:23:00','3619917','9','',''),
('1025290251702124','15:25:00','15:25:00','3619919','10','',''),
('1025290251702124','15:26:00','15:26:00','3619921','11','',''),
('1025290251702124','15:26:00','15:26:00','3619923','12','',''),
('1025290251702124','15:27:00','15:27:00','3619925','13','',''),
('1025290251702124','15:29:00','15:29:00','3619927','14','',''),
('1125290211702124','15:57:00','15:57:00','3619901','1','',''),
('1125290211702124','16:00:00','16:00:00','3619903','2','',''),
('1125290211702124','16:02:00','16:02:00','3619905','3','',''),
('1125290211702124','16:03:00','16:03:00','3619907','4','',''),
('1125290211702124','16:04:00','16:04:00','3619909','5','',''),
('1125290211702124','16:06:00','16:06:00','3619911','6','',''),
('1125290211702124','16:07:00','16:07:00','3619913','7','',''),
('1125290211702124','16:08:00','16:08:00','3619915','8','',''),
('1125290211702124','16:09:00','16:09:00','3619917','9','',''),
('1125290211702124','16:11:00','16:11:00','3619919','10','',''),
('1125290211702124','16:12:00','16:12:00','3619921','11','',''),
('1125290211702124','16:12:00','16:12:00','3619923','12','',''),
('1125290211702124','16:13:00','16:13:00','3619925','13','',''),
('1125290211702124','16:15:00','16:15:00','3619927','14','',''),
('1125290221702124','18:00:00','18:00:00','3619901','1','',''),
('1125290221702124','18:03:00','18:03:00','3619903','2','',''),
('1125290221702124','18:05:00','18:05:00','3619905','3','',''),
('1125290221702124','18:06:00','18:06:00','3619907','4','',''),
('1125290221702124','18:07:00','18:07:00','3619909','5','',''),
('1125290221702124','18:09:00','18:09:00','3619911','6','',''),
('1125290221702124','18:10:00','18:10:00','3619913','7','',''),
('1125290221702124','18:11:00','18:11:00','3619915','8','',''),
('1125290221702124','18:12:00','18:12:00','3619917','9','',''),
('1125290221702124','18:14:00','18:14:00','3619919','10','',''),
('1125290221702124','18:15:00','18:15:00','3619921','11','',''),
('1125290221702124','18:15:00','18:15:00','3619923','12','',''),
('1125290221702124','18:16:00','18:16:00','3619925','13','',''),
('1125290221702124','18:18:00','18:18:00','3619927','14','',''),
('1125290231702124','15:57:00','15:57:00','3619901','1','',''),
('1125290231702124','16:00:00','16:00:00','3619903','2','',''),
('1125290231702124','16:02:00','16:02:00','3619905','3','',''),
('1125290231702124','16:03:00','16:03:00','3619907','4','',''),
('1125290231702124','16:04:00','16:04:00','3619909','5','',''),
('1125290231702124','16:06:00','16:06:00','3619911','6','',''),
('1125290231702124','16:07:00','16:07:00','3619913','7','',''),
('1125290231702124','16:08:00','16:08:00','3619915','8','',''),
('1125290231702124','16:09:00','16:09:00','3619917','9','',''),
('1125290231702124','16:11:00','16:11:00','3619919','10','',''),
('1125290231702124','16:12:00','16:12:00','3619921','11','',''),
('1125290231702124','16:12:00','16:12:00','3619923','12','',''),
('1125290231702124','16:13:00','16:13:00','3619925','13','',''),
('1125290231702124','16:15:00','16:15:00','3619927','14','',''),
('1125290241702124','15:57:00','15:57:00','3619901','1','',''),
('1125290241702124','16:00:00','16:00:00','3619903','2','',''),
('1125290241702124','16:02:00','16:02:00','3619905','3','',''),
('1125290241702124','16:03:00','16:03:00','3619907','4','',''),
('1125290241702124','16:04:00','16:04:00','3619909','5','',''),
('1125290241702124','16:06:00','16:06:00','3619911','6','',''),
('1125290241702124','16:07:00','16:07:00','3619913','7','',''),
('1125290241702124','16:08:00','16:08:00','3619915','8','',''),
('1125290241702124','16:09:00','16:09:00','3619917','9','',''),
('1125290241702124','16:11:00','16:11:00','3619919','10','',''),
('1125290241702124','16:12:00','16:12:00','3619921','11','',''),
('1125290241702124','16:12:00','16:12:00','3619923','12','',''),
('1125290241702124','16:13:00','16:13:00','3619925','13','',''),
('1125290241702124','16:15:00','16:15:00','3619927','14','',''),
('1125290251702124','15:57:00','15:57:00','3619901','1','',''),
('1125290251702124','16:00:00','16:00:00','3619903','2','',''),
('1125290251702124','16:02:00','16:02:00','3619905','3','',''),
('1125290251702124','16:03:00','16:03:00','3619907','4','',''),
('1125290251702124','16:04:00','16:04:00','3619909','5','',''),
('1125290251702124','16:06:00','16:06:00','3619911','6','',''),
('1125290251702124','16:07:00','16:07:00','3619913','7','',''),
('1125290251702124','16:08:00','16:08:00','3619915','8','',''),
('1125290251702124','16:09:00','16:09:00','3619917','9','',''),
('1125290251702124','16:11:00','16:11:00','3619919','10','',''),
('1125290251702124','16:12:00','16:12:00','3619921','11','',''),
('1125290251702124','16:12:00','16:12:00','3619923','12','',''),
('1125290251702124','16:13:00','16:13:00','3619925','13','',''),
('1125290251702124','16:15:00','16:15:00','3619927','14','',''),
('1225290211702124','17:03:00','17:03:00','3619901','1','',''),
('1225290211702124','17:06:00','17:06:00','3619903','2','',''),
('1225290211702124','17:08:00','17:08:00','3619905','3','',''),
('1225290211702124','17:09:00','17:09:00','3619907','4','',''),
('1225290211702124','17:10:00','17:10:00','3619909','5','',''),
('1225290211702124','17:12:00','17:12:00','3619911','6','',''),
('1225290211702124','17:13:00','17:13:00','3619913','7','',''),
('1225290211702124','17:14:00','17:14:00','3619915','8','',''),
('1225290211702124','17:15:00','17:15:00','3619917','9','',''),
('1225290211702124','17:17:00','17:17:00','3619919','10','',''),
('1225290211702124','17:18:00','17:18:00','3619921','11','',''),
('1225290211702124','17:18:00','17:18:00','3619923','12','',''),
('1225290211702124','17:19:00','17:19:00','3619925','13','',''),
('1225290211702124','17:21:00','17:21:00','3619927','14','',''),
('1225290221702124','18:51:00','18:51:00','3619901','1','',''),
('1225290221702124','18:54:00','18:54:00','3619903','2','',''),
('1225290221702124','18:56:00','18:56:00','3619905','3','',''),
('1225290221702124','18:57:00','18:57:00','3619907','4','',''),
('1225290221702124','18:58:00','18:58:00','3619909','5','',''),
('1225290221702124','19:00:00','19:00:00','3619911','6','',''),
('1225290221702124','19:01:00','19:01:00','3619913','7','',''),
('1225290221702124','19:02:00','19:02:00','3619915','8','',''),
('1225290221702124','19:03:00','19:03:00','3619917','9','',''),
('1225290221702124','19:05:00','19:05:00','3619919','10','',''),
('1225290221702124','19:06:00','19:06:00','3619921','11','',''),
('1225290221702124','19:06:00','19:06:00','3619923','12','',''),
('1225290221702124','19:07:00','19:07:00','3619925','13','',''),
('1225290221702124','19:09:00','19:09:00','3619927','14','',''),
('1225290231702124','17:03:00','17:03:00','3619901','1','',''),
('1225290231702124','17:06:00','17:06:00','3619903','2','',''),
('1225290231702124','17:08:00','17:08:00','3619905','3','',''),
('1225290231702124','17:09:00','17:09:00','3619907','4','',''),
('1225290231702124','17:10:00','17:10:00','3619909','5','',''),
('1225290231702124','17:12:00','17:12:00','3619911','6','',''),
('1225290231702124','17:13:00','17:13:00','3619913','7','',''),
('1225290231702124','17:14:00','17:14:00','3619915','8','',''),
('1225290231702124','17:15:00','17:15:00','3619917','9','',''),
('1225290231702124','17:17:00','17:17:00','3619919','10','',''),
('1225290231702124','17:18:00','17:18:00','3619921','11','',''),
('1225290231702124','17:18:00','17:18:00','3619923','12','',''),
('1225290231702124','17:19:00','17:19:00','3619925','13','',''),
('1225290231702124','17:21:00','17:21:00','3619927','14','',''),
('1225290241702124','17:03:00','17:03:00','3619901','1','',''),
('1225290241702124','17:06:00','17:06:00','3619903','2','',''),
('1225290241702124','17:08:00','17:08:00','3619905','3','',''),
('1225290241702124','17:09:00','17:09:00','3619907','4','',''),
('1225290241702124','17:10:00','17:10:00','3619909','5','',''),
('1225290241702124','17:12:00','17:12:00','3619911','6','',''),
('1225290241702124','17:13:00','17:13:00','3619913','7','',''),
('1225290241702124','17:14:00','17:14:00','3619915','8','',''),
('1225290241702124','17:15:00','17:15:00','3619917','9','',''),
('1225290241702124','17:17:00','17:17:00','3619919','10','',''),
('1225290241702124','17:18:00','17:18:00','3619921','11','',''),
('1225290241702124','17:18:00','17:18:00','3619923','12','',''),
('1225290241702124','17:19:00','17:19:00','3619925','13','',''),
('1225290241702124','17:21:00','17:21:00','3619927','14','',''),
('1225290251702124','17:03:00','17:03:00','3619901','1','',''),
('1225290251702124','17:06:00','17:06:00','3619903','2','',''),
('1225290251702124','17:08:00','17:08:00','3619905','3','',''),
('1225290251702124','17:09:00','17:09:00','3619907','4','',''),
('1225290251702124','17:10:00','17:10:00','3619909','5','',''),
('1225290251702124','17:12:00','17:12:00','3619911','6','',''),
('1225290251702124','17:13:00','17:13:00','3619913','7','',''),
('1225290251702124','17:14:00','17:14:00','3619915','8','',''),
('1225290251702124','17:15:00','17:15:00','3619917','9','',''),
('1225290251702124','17:17:00','17:17:00','3619919','10','',''),
('1225290251702124','17:18:00','17:18:00','3619921','11','',''),
('1225290251702124','17:18:00','17:18:00','3619923','12','',''),
('1225290251702124','17:19:00','17:19:00','3619925','13','',''),
('1225290251702124','17:21:00','17:21:00','3619927','14','',''),
('125290211702124','07:28:00','07:28:00','3619901','1','',''),
('125290211702124','07:31:00','07:31:00','3619903','2','',''),
('125290211702124','07:33:00','07:33:00','3619905','3','',''),
('125290211702124','07:34:00','07:34:00','3619907','4','',''),
('125290211702124','07:35:00','07:35:00','3619909','5','',''),
('125290211702124','07:37:00','07:37:00','3619911','6','',''),
('125290211702124','07:38:00','07:38:00','3619913','7','',''),
('125290211702124','07:39:00','07:39:00','3619915','8','',''),
('125290211702124','07:40:00','07:40:00','3619917','9','',''),
('125290211702124','07:42:00','07:42:00','3619919','10','',''),
('125290211702124','07:43:00','07:43:00','3619921','11','',''),
('125290211702124','07:43:00','07:43:00','3619923','12','',''),
('125290211702124','07:44:00','07:44:00','3619925','13','',''),
('125290211702124','07:46:00','07:46:00','3619927','14','',''),
('125290221702124','07:28:00','07:28:00','3619901','1','',''),
('125290221702124','07:31:00','07:31:00','3619903','2','',''),
('125290221702124','07:33:00','07:33:00','3619905','3','',''),
('125290221702124','07:34:00','07:34:00','3619907','4','',''),
('125290221702124','07:35:00','07:35:00','3619909','5','',''),
('125290221702124','07:37:00','07:37:00','3619911','6','',''),
('125290221702124','07:38:00','07:38:00','3619913','7','',''),
('125290221702124','07:39:00','07:39:00','3619915','8','',''),
('125290221702124','07:40:00','07:40:00','3619917','9','',''),
('125290221702124','07:42:00','07:42:00','3619919','10','',''),
('125290221702124','07:43:00','07:43:00','3619921','11','',''),
('125290221702124','07:43:00','07:43:00','3619923','12','',''),
('125290221702124','07:44:00','07:44:00','3619925','13','',''),
('125290221702124','07:46:00','07:46:00','3619927','14','',''),
('125290231702124','07:28:00','07:28:00','3619901','1','',''),
('125290231702124','07:31:00','07:31:00','3619903','2','',''),
('125290231702124','07:33:00','07:33:00','3619905','3','',''),
('125290231702124','07:34:00','07:34:00','3619907','4','',''),
('125290231702124','07:35:00','07:35:00','3619909','5','',''),
('125290231702124','07:37:00','07:37:00','3619911','6','',''),
('125290231702124','07:38:00','07:38:00','3619913','7','',''),
('125290231702124','07:39:00','07:39:00','3619915','8','',''),
('125290231702124','07:40:00','07:40:00','3619917','9','',''),
('125290231702124','07:42:00','07:42:00','3619919','10','',''),
('125290231702124','07:43:00','07:43:00','3619921','11','',''),
('125290231702124','07:43:00','07:43:00','3619923','12','',''),
('125290231702124','07:44:00','07:44:00','3619925','13','',''),
('125290231702124','07:46:00','07:46:00','3619927','14','',''),
('125290241702124','07:28:00','07:28:00','3619901','1','',''),
('125290241702124','07:31:00','07:31:00','3619903','2','',''),
('125290241702124','07:33:00','07:33:00','3619905','3','',''),
('125290241702124','07:34:00','07:34:00','3619907','4','',''),
('125290241702124','07:35:00','07:35:00','3619909','5','',''),
('125290241702124','07:37:00','07:37:00','3619911','6','',''),
('125290241702124','07:38:00','07:38:00','3619913','7','',''),
('125290241702124','07:39:00','07:39:00','3619915','8','',''),
('125290241702124','07:40:00','07:40:00','3619917','9','',''),
('125290241702124','07:42:00','07:42:00','3619919','10','',''),
('125290241702124','07:43:00','07:43:00','3619921','11','',''),
('125290241702124','07:43:00','07:43:00','3619923','12','',''),
('125290241702124','07:44:00','07:44:00','3619925','13','',''),
('125290241702124','07:46:00','07:46:00','3619927','14','',''),
('125290251702124','07:28:00','07:28:00','3619901','1','',''),
('125290251702124','07:31:00','07:31:00','3619903','2','',''),
('125290251702124','07:33:00','07:33:00','3619905','3','',''),
('125290251702124','07:34:00','07:34:00','3619907','4','',''),
('125290251702124','07:35:00','07:35:00','3619909','5','',''),
('125290251702124','07:37:00','07:37:00','3619911','6','',''),
('125290251702124','07:38:00','07:38:00','3619913','7','',''),
('125290251702124','07:39:00','07:39:00','3619915','8','',''),
('125290251702124','07:40:00','07:40:00','3619917','9','',''),
('125290251702124','07:42:00','07:42:00','3619919','10','',''),
('125290251702124','07:43:00','07:43:00','3619921','11','',''),
('125290251702124','07:43:00','07:43:00','3619923','12','',''),
('125290251702124','07:44:00','07:44:00','3619925','13','',''),
('125290251702124','07:46:00','07:46:00','3619927','14','',''),
('1325290211702124','18:00:00','18:00:00','3619901','1','',''),
('1325290211702124','18:03:00','18:03:00','3619903','2','',''),
('1325290211702124','18:05:00','18:05:00','3619905','3','',''),
('1325290211702124','18:06:00','18:06:00','3619907','4','',''),
('1325290211702124','18:07:00','18:07:00','3619909','5','',''),
('1325290211702124','18:09:00','18:09:00','3619911','6','',''),
('1325290211702124','18:10:00','18:10:00','3619913','7','',''),
('1325290211702124','18:11:00','18:11:00','3619915','8','',''),
('1325290211702124','18:12:00','18:12:00','3619917','9','',''),
('1325290211702124','18:14:00','18:14:00','3619919','10','',''),
('1325290211702124','18:15:00','18:15:00','3619921','11','',''),
('1325290211702124','18:15:00','18:15:00','3619923','12','',''),
('1325290211702124','18:16:00','18:16:00','3619925','13','',''),
('1325290211702124','18:18:00','18:18:00','3619927','14','',''),
('1325290221702124','19:37:00','19:37:00','3619901','1','',''),
('1325290221702124','19:40:00','19:40:00','3619903','2','',''),
('1325290221702124','19:42:00','19:42:00','3619905','3','',''),
('1325290221702124','19:43:00','19:43:00','3619907','4','',''),
('1325290221702124','19:44:00','19:44:00','3619909','5','',''),
('1325290221702124','19:46:00','19:46:00','3619911','6','',''),
('1325290221702124','19:47:00','19:47:00','3619913','7','',''),
('1325290221702124','19:48:00','19:48:00','3619915','8','',''),
('1325290221702124','19:49:00','19:49:00','3619917','9','',''),
('1325290221702124','19:51:00','19:51:00','3619919','10','',''),
('1325290221702124','19:52:00','19:52:00','3619921','11','',''),
('1325290221702124','19:52:00','19:52:00','3619923','12','',''),
('1325290221702124','19:53:00','19:53:00','3619925','13','',''),
('1325290221702124','19:55:00','19:55:00','3619927','14','',''),
('1325290231702124','18:00:00','18:00:00','3619901','1','',''),
('1325290231702124','18:03:00','18:03:00','3619903','2','',''),
('1325290231702124','18:05:00','18:05:00','3619905','3','',''),
('1325290231702124','18:06:00','18:06:00','3619907','4','',''),
('1325290231702124','18:07:00','18:07:00','3619909','5','',''),
('1325290231702124','18:09:00','18:09:00','3619911','6','',''),
('1325290231702124','18:10:00','18:10:00','3619913','7','',''),
('1325290231702124','18:11:00','18:11:00','3619915','8','',''),
('1325290231702124','18:12:00','18:12:00','3619917','9','',''),
('1325290231702124','18:14:00','18:14:00','3619919','10','',''),
('1325290231702124','18:15:00','18:15:00','3619921','11','',''),
('1325290231702124','18:15:00','18:15:00','3619923','12','',''),
('1325290231702124','18:16:00','18:16:00','3619925','13','',''),
('1325290231702124','18:18:00','18:18:00','3619927','14','',''),
('1325290241702124','18:00:00','18:00:00','3619901','1','',''),
('1325290241702124','18:03:00','18:03:00','3619903','2','',''),
('1325290241702124','18:05:00','18:05:00','3619905','3','',''),
('1325290241702124','18:06:00','18:06:00','3619907','4','',''),
('1325290241702124','18:07:00','18:07:00','3619909','5','',''),
('1325290241702124','18:09:00','18:09:00','3619911','6','',''),
('1325290241702124','18:10:00','18:10:00','3619913','7','',''),
('1325290241702124','18:11:00','18:11:00','3619915','8','',''),
('1325290241702124','18:12:00','18:12:00','3619917','9','',''),
('1325290241702124','18:14:00','18:14:00','3619919','10','',''),
('1325290241702124','18:15:00','18:15:00','3619921','11','',''),
('1325290241702124','18:15:00','18:15:00','3619923','12','',''),
('1325290241702124','18:16:00','18:16:00','3619925','13','',''),
('1325290241702124','18:18:00','18:18:00','3619927','14','',''),
('1325290251702124','18:00:00','18:00:00','3619901','1','',''),
('1325290251702124','18:03:00','18:03:00','3619903','2','',''),
('1325290251702124','18:05:00','18:05:00','3619905','3','',''),
('1325290251702124','18:06:00','18:06:00','3619907','4','',''),
('1325290251702124','18:07:00','18:07:00','3619909','5','',''),
('1325290251702124','18:09:00','18:09:00','3619911','6','',''),
('1325290251702124','18:10:00','18:10:00','3619913','7','',''),
('1325290251702124','18:11:00','18:11:00','3619915','8','',''),
('1325290251702124','18:12:00','18:12:00','3619917','9','',''),
('1325290251702124','18:14:00','18:14:00','3619919','10','',''),
('1325290251702124','18:15:00','18:15:00','3619921','11','',''),
('1325290251702124','18:15:00','18:15:00','3619923','12','',''),
('1325290251702124','18:16:00','18:16:00','3619925','13','',''),
('1325290251702124','18:18:00','18:18:00','3619927','14','',''),
('1425290211702124','18:51:00','18:51:00','3619901','1','',''),
('1425290211702124','18:54:00','18:54:00','3619903','2','',''),
('1425290211702124','18:56:00','18:56:00','3619905','3','',''),
('1425290211702124','18:57:00','18:57:00','3619907','4','',''),
('1425290211702124','18:58:00','18:58:00','3619909','5','',''),
('1425290211702124','19:00:00','19:00:00','3619911','6','',''),
('1425290211702124','19:01:00','19:01:00','3619913','7','',''),
('1425290211702124','19:02:00','19:02:00','3619915','8','',''),
('1425290211702124','19:03:00','19:03:00','3619917','9','',''),
('1425290211702124','19:05:00','19:05:00','3619919','10','',''),
('1425290211702124','19:06:00','19:06:00','3619921','11','',''),
('1425290211702124','19:06:00','19:06:00','3619923','12','',''),
('1425290211702124','19:07:00','19:07:00','3619925','13','',''),
('1425290211702124','19:09:00','19:09:00','3619927','14','',''),
('1425290231702124','18:51:00','18:51:00','3619901','1','',''),
('1425290231702124','18:54:00','18:54:00','3619903','2','',''),
('1425290231702124','18:56:00','18:56:00','3619905','3','',''),
('1425290231702124','18:57:00','18:57:00','3619907','4','',''),
('1425290231702124','18:58:00','18:58:00','3619909','5','',''),
('1425290231702124','19:00:00','19:00:00','3619911','6','',''),
('1425290231702124','19:01:00','19:01:00','3619913','7','',''),
('1425290231702124','19:02:00','19:02:00','3619915','8','',''),
('1425290231702124','19:03:00','19:03:00','3619917','9','',''),
('1425290231702124','19:05:00','19:05:00','3619919','10','',''),
('1425290231702124','19:06:00','19:06:00','3619921','11','',''),
('1425290231702124','19:06:00','19:06:00','3619923','12','',''),
('1425290231702124','19:07:00','19:07:00','3619925','13','',''),
('1425290231702124','19:09:00','19:09:00','3619927','14','',''),
('1425290241702124','18:51:00','18:51:00','3619901','1','',''),
('1425290241702124','18:54:00','18:54:00','3619903','2','',''),
('1425290241702124','18:56:00','18:56:00','3619905','3','',''),
('1425290241702124','18:57:00','18:57:00','3619907','4','',''),
('1425290241702124','18:58:00','18:58:00','3619909','5','',''),
('1425290241702124','19:00:00','19:00:00','3619911','6','',''),
('1425290241702124','19:01:00','19:01:00','3619913','7','',''),
('1425290241702124','19:02:00','19:02:00','3619915','8','',''),
('1425290241702124','19:03:00','19:03:00','3619917','9','',''),
('1425290241702124','19:05:00','19:05:00','3619919','10','',''),
('1425290241702124','19:06:00','19:06:00','3619921','11','',''),
('1425290241702124','19:06:00','19:06:00','3619923','12','',''),
('1425290241702124','19:07:00','19:07:00','3619925','13','',''),
('1425290241702124','19:09:00','19:09:00','3619927','14','',''),
('1425290251702124','18:51:00','18:51:00','3619901','1','',''),
('1425290251702124','18:54:00','18:54:00','3619903','2','',''),
('1425290251702124','18:56:00','18:56:00','3619905','3','',''),
('1425290251702124','18:57:00','18:57:00','3619907','4','',''),
('1425290251702124','18:58:00','18:58:00','3619909','5','',''),
('1425290251702124','19:00:00','19:00:00','3619911','6','',''),
('1425290251702124','19:01:00','19:01:00','3619913','7','',''),
('1425290251702124','19:02:00','19:02:00','3619915','8','',''),
('1425290251702124','19:03:00','19:03:00','3619917','9','',''),
('1425290251702124','19:05:00','19:05:00','3619919','10','',''),
('1425290251702124','19:06:00','19:06:00','3619921','11','',''),
('1425290251702124','19:06:00','19:06:00','3619923','12','',''),
('1425290251702124','19:07:00','19:07:00','3619925','13','',''),
('1425290251702124','19:09:00','19:09:00','3619927','14','',''),
('1525290211702124','19:37:00','19:37:00','3619901','1','',''),
('1525290211702124','19:40:00','19:40:00','3619903','2','',''),
('1525290211702124','19:42:00','19:42:00','3619905','3','',''),
('1525290211702124','19:43:00','19:43:00','3619907','4','',''),
('1525290211702124','19:44:00','19:44:00','3619909','5','',''),
('1525290211702124','19:46:00','19:46:00','3619911','6','',''),
('1525290211702124','19:47:00','19:47:00','3619913','7','',''),
('1525290211702124','19:48:00','19:48:00','3619915','8','',''),
('1525290211702124','19:49:00','19:49:00','3619917','9','',''),
('1525290211702124','19:51:00','19:51:00','3619919','10','',''),
('1525290211702124','19:52:00','19:52:00','3619921','11','',''),
('1525290211702124','19:52:00','19:52:00','3619923','12','',''),
('1525290211702124','19:53:00','19:53:00','3619925','13','',''),
('1525290211702124','19:55:00','19:55:00','3619927','14','',''),
('1525290231702124','19:37:00','19:37:00','3619901','1','',''),
('1525290231702124','19:40:00','19:40:00','3619903','2','',''),
('1525290231702124','19:42:00','19:42:00','3619905','3','',''),
('1525290231702124','19:43:00','19:43:00','3619907','4','',''),
('1525290231702124','19:44:00','19:44:00','3619909','5','',''),
('1525290231702124','19:46:00','19:46:00','3619911','6','',''),
('1525290231702124','19:47:00','19:47:00','3619913','7','',''),
('1525290231702124','19:48:00','19:48:00','3619915','8','',''),
('1525290231702124','19:49:00','19:49:00','3619917','9','',''),
('1525290231702124','19:51:00','19:51:00','3619919','10','',''),
('1525290231702124','19:52:00','19:52:00','3619921','11','',''),
('1525290231702124','19:52:00','19:52:00','3619923','12','',''),
('1525290231702124','19:53:00','19:53:00','3619925','13','',''),
('1525290231702124','19:55:00','19:55:00','3619927','14','',''),
('1525290241702124','19:37:00','19:37:00','3619901','1','',''),
('1525290241702124','19:40:00','19:40:00','3619903','2','',''),
('1525290241702124','19:42:00','19:42:00','3619905','3','',''),
('1525290241702124','19:43:00','19:43:00','3619907','4','',''),
('1525290241702124','19:44:00','19:44:00','3619909','5','',''),
('1525290241702124','19:46:00','19:46:00','3619911','6','',''),
('1525290241702124','19:47:00','19:47:00','3619913','7','',''),
('1525290241702124','19:48:00','19:48:00','3619915','8','',''),
('1525290241702124','19:49:00','19:49:00','3619917','9','',''),
('1525290241702124','19:51:00','19:51:00','3619919','10','',''),
('1525290241702124','19:52:00','19:52:00','3619921','11','',''),
('1525290241702124','19:52:00','19:52:00','3619923','12','',''),
('1525290241702124','19:53:00','19:53:00','3619925','13','',''),
('1525290241702124','19:55:00','19:55:00','3619927','14','',''),
('1525290251702124','19:37:00','19:37:00','3619901','1','',''),
('1525290251702124','19:40:00','19:40:00','3619903','2','',''),
('1525290251702124','19:42:00','19:42:00','3619905','3','',''),
('1525290251702124','19:43:00','19:43:00','3619907','4','',''),
('1525290251702124','19:44:00','19:44:00','3619909','5','',''),
('1525290251702124','19:46:00','19:46:00','3619911','6','',''),
('1525290251702124','19:47:00','19:47:00','3619913','7','',''),
('1525290251702124','19:48:00','19:48:00','3619915','8','',''),
('1525290251702124','19:49:00','19:49:00','3619917','9','',''),
('1525290251702124','19:51:00','19:51:00','3619919','10','',''),
('1525290251702124','19:52:00','19:52:00','3619921','11','',''),
('1525290251702124','19:52:00','19:52:00','3619923','12','',''),
('1525290251702124','19:53:00','19:53:00','3619925','13','',''),
('1525290251702124','19:55:00','19:55:00','3619927','14','',''),
('225290211702124','08:28:00','08:28:00','3619901','1','',''),
('225290211702124','08:31:00','08:31:00','3619903','2','',''),
('225290211702124','08:33:00','08:33:00','3619905','3','',''),
('225290211702124','08:34:00','08:34:00','3619907','4','',''),
('225290211702124','08:35:00','08:35:00','3619909','5','',''),
('225290211702124','08:37:00','08:37:00','3619911','6','',''),
('225290211702124','08:38:00','08:38:00','3619913','7','',''),
('225290211702124','08:39:00','08:39:00','3619915','8','',''),
('225290211702124','08:40:00','08:40:00','3619917','9','',''),
('225290211702124','08:42:00','08:42:00','3619919','10','',''),
('225290211702124','08:43:00','08:43:00','3619921','11','',''),
('225290211702124','08:43:00','08:43:00','3619923','12','',''),
('225290211702124','08:44:00','08:44:00','3619925','13','',''),
('225290211702124','08:46:00','08:46:00','3619927','14','',''),
('225290221702124','08:28:00','08:28:00','3619901','1','',''),
('225290221702124','08:31:00','08:31:00','3619903','2','',''),
('225290221702124','08:33:00','08:33:00','3619905','3','',''),
('225290221702124','08:34:00','08:34:00','3619907','4','',''),
('225290221702124','08:35:00','08:35:00','3619909','5','',''),
('225290221702124','08:37:00','08:37:00','3619911','6','',''),
('225290221702124','08:38:00','08:38:00','3619913','7','',''),
('225290221702124','08:39:00','08:39:00','3619915','8','',''),
('225290221702124','08:40:00','08:40:00','3619917','9','',''),
('225290221702124','08:42:00','08:42:00','3619919','10','',''),
('225290221702124','08:43:00','08:43:00','3619921','11','',''),
('225290221702124','08:43:00','08:43:00','3619923','12','',''),
('225290221702124','08:44:00','08:44:00','3619925','13','',''),
('225290221702124','08:46:00','08:46:00','3619927','14','',''),
('225290231702124','08:28:00','08:28:00','3619901','1','',''),
('225290231702124','08:31:00','08:31:00','3619903','2','',''),
('225290231702124','08:33:00','08:33:00','3619905','3','',''),
('225290231702124','08:34:00','08:34:00','3619907','4','',''),
('225290231702124','08:35:00','08:35:00','3619909','5','',''),
('225290231702124','08:37:00','08:37:00','3619911','6','',''),
('225290231702124','08:38:00','08:38:00','3619913','7','',''),
('225290231702124','08:39:00','08:39:00','3619915','8','',''),
('225290231702124','08:40:00','08:40:00','3619917','9','',''),
('225290231702124','08:42:00','08:42:00','3619919','10','',''),
('225290231702124','08:43:00','08:43:00','3619921','11','',''),
('225290231702124','08:43:00','08:43:00','3619923','12','',''),
('225290231702124','08:44:00','08:44:00','3619925','13','',''),
('225290231702124','08:46:00','08:46:00','3619927','14','',''),
('225290241702124','08:28:00','08:28:00','3619901','1','',''),
('225290241702124','08:31:00','08:31:00','3619903','2','',''),
('225290241702124','08:33:00','08:33:00','3619905','3','',''),
('225290241702124','08:34:00','08:34:00','3619907','4','',''),
('225290241702124','08:35:00','08:35:00','3619909','5','',''),
('225290241702124','08:37:00','08:37:00','3619911','6','',''),
('225290241702124','08:38:00','08:38:00','3619913','7','',''),
('225290241702124','08:39:00','08:39:00','3619915','8','',''),
('225290241702124','08:40:00','08:40:00','3619917','9','',''),
('225290241702124','08:42:00','08:42:00','3619919','10','',''),
('225290241702124','08:43:00','08:43:00','3619921','11','',''),
('225290241702124','08:43:00','08:43:00','3619923','12','',''),
('225290241702124','08:44:00','08:44:00','3619925','13','',''),
('225290241702124','08:46:00','08:46:00','3619927','14','',''),
('225290251702124','08:28:00','08:28:00','3619901','1','',''),
('225290251702124','08:31:00','08:31:00','3619903','2','',''),
('225290251702124','08:33:00','08:33:00','3619905','3','',''),
('225290251702124','08:34:00','08:34:00','3619907','4','',''),
('225290251702124','08:35:00','08:35:00','3619909','5','',''),
('225290251702124','08:37:00','08:37:00','3619911','6','',''),
('225290251702124','08:38:00','08:38:00','3619913','7','',''),
('225290251702124','08:39:00','08:39:00','3619915','8','',''),
('225290251702124','08:40:00','08:40:00','3619917','9','',''),
('225290251702124','08:42:00','08:42:00','3619919','10','',''),
('225290251702124','08:43:00','08:43:00','3619921','11','',''),
('225290251702124','08:43:00','08:43:00','3619923','12','',''),
('225290251702124','08:44:00','08:44:00','3619925','13','',''),
('225290251702124','08:46:00','08:46:00','3619927','14','',''),
('325290211702124','09:23:00','09:23:00','3619901','1','',''),
('325290211702124','09:26:00','09:26:00','3619903','2','',''),
('325290211702124','09:28:00','09:28:00','3619905','3','',''),
('325290211702124','09:29:00','09:29:00','3619907','4','',''),
('325290211702124','09:30:00','09:30:00','3619909','5','',''),
('325290211702124','09:32:00','09:32:00','3619911','6','',''),
('325290211702124','09:33:00','09:33:00','3619913','7','',''),
('325290211702124','09:34:00','09:34:00','3619915','8','',''),
('325290211702124','09:35:00','09:35:00','3619917','9','',''),
('325290211702124','09:37:00','09:37:00','3619919','10','',''),
('325290211702124','09:38:00','09:38:00','3619921','11','',''),
('325290211702124','09:38:00','09:38:00','3619923','12','',''),
('325290211702124','09:39:00','09:39:00','3619925','13','',''),
('325290211702124','09:41:00','09:41:00','3619927','14','',''),
('325290221702124','09:23:00','09:23:00','3619901','1','',''),
('325290221702124','09:26:00','09:26:00','3619903','2','',''),
('325290221702124','09:28:00','09:28:00','3619905','3','',''),
('325290221702124','09:29:00','09:29:00','3619907','4','',''),
('325290221702124','09:30:00','09:30:00','3619909','5','',''),
('325290221702124','09:32:00','09:32:00','3619911','6','',''),
('325290221702124','09:33:00','09:33:00','3619913','7','',''),
('325290221702124','09:34:00','09:34:00','3619915','8','',''),
('325290221702124','09:35:00','09:35:00','3619917','9','',''),
('325290221702124','09:37:00','09:37:00','3619919','10','',''),
('325290221702124','09:38:00','09:38:00','3619921','11','',''),
('325290221702124','09:38:00','09:38:00','3619923','12','',''),
('325290221702124','09:39:00','09:39:00','3619925','13','',''),
('325290221702124','09:41:00','09:41:00','3619927','14','',''),
('325290231702124','09:23:00','09:23:00','3619901','1','',''),
('325290231702124','09:26:00','09:26:00','3619903','2','',''),
('325290231702124','09:28:00','09:28:00','3619905','3','',''),
('325290231702124','09:29:00','09:29:00','3619907','4','',''),
('325290231702124','09:30:00','09:30:00','3619909','5','',''),
('325290231702124','09:32:00','09:32:00','3619911','6','',''),
('325290231702124','09:33:00','09:33:00','3619913','7','',''),
('325290231702124','09:34:00','09:34:00','3619915','8','',''),
('325290231702124','09:35:00','09:35:00','3619917','9','',''),
('325290231702124','09:37:00','09:37:00','3619919','10','',''),
('325290231702124','09:38:00','09:38:00','3619921','11','',''),
('325290231702124','09:38:00','09:38:00','3619923','12','',''),
('325290231702124','09:39:00','09:39:00','3619925','13','',''),
('325290231702124','09:41:00','09:41:00','3619927','14','',''),
('325290241702124','09:23:00','09:23:00','3619901','1','',''),
('325290241702124','09:26:00','09:26:00','3619903','2','',''),
('325290241702124','09:28:00','09:28:00','3619905','3','',''),
('325290241702124','09:29:00','09:29:00','3619907','4','',''),
('325290241702124','09:30:00','09:30:00','3619909','5','',''),
('325290241702124','09:32:00','09:32:00','3619911','6','',''),
('325290241702124','09:33:00','09:33:00','3619913','7','',''),
('325290241702124','09:34:00','09:34:00','3619915','8','',''),
('325290241702124','09:35:00','09:35:00','3619917','9','',''),
('325290241702124','09:37:00','09:37:00','3619919','10','',''),
('325290241702124','09:38:00','09:38:00','3619921','11','',''),
('325290241702124','09:38:00','09:38:00','3619923','12','',''),
('325290241702124','09:39:00','09:39:00','3619925','13','',''),
('325290241702124','09:41:00','09:41:00','3619927','14','',''),
('325290251702124','09:23:00','09:23:00','3619901','1','',''),
('325290251702124','09:26:00','09:26:00','3619903','2','',''),
('325290251702124','09:28:00','09:28:00','3619905','3','',''),
('325290251702124','09:29:00','09:29:00','3619907','4','',''),
('325290251702124','09:30:00','09:30:00','3619909','5','',''),
('325290251702124','09:32:00','09:32:00','3619911','6','',''),
('325290251702124','09:33:00','09:33:00','3619913','7','',''),
('325290251702124','09:34:00','09:34:00','3619915','8','',''),
('325290251702124','09:35:00','09:35:00','3619917','9','',''),
('325290251702124','09:37:00','09:37:00','3619919','10','',''),
('325290251702124','09:38:00','09:38:00','3619921','11','',''),
('325290251702124','09:38:00','09:38:00','3619923','12','',''),
('325290251702124','09:39:00','09:39:00','3619925','13','',''),
('325290251702124','09:41:00','09:41:00','3619927','14','',''),
('425290211702124','10:10:00','10:10:00','3619901','1','',''),
('425290211702124','10:13:00','10:13:00','3619903','2','',''),
('425290211702124','10:15:00','10:15:00','3619905','3','',''),
('425290211702124','10:16:00','10:16:00','3619907','4','',''),
('425290211702124','10:17:00','10:17:00','3619909','5','',''),
('425290211702124','10:19:00','10:19:00','3619911','6','',''),
('425290211702124','10:20:00','10:20:00','3619913','7','',''),
('425290211702124','10:21:00','10:21:00','3619915','8','',''),
('425290211702124','10:22:00','10:22:00','3619917','9','',''),
('425290211702124','10:24:00','10:24:00','3619919','10','',''),
('425290211702124','10:25:00','10:25:00','3619921','11','',''),
('425290211702124','10:25:00','10:25:00','3619923','12','',''),
('425290211702124','10:26:00','10:26:00','3619925','13','',''),
('425290211702124','10:28:00','10:28:00','3619927','14','',''),
('425290221702124','10:10:00','10:10:00','3619901','1','',''),
('425290221702124','10:13:00','10:13:00','3619903','2','',''),
('425290221702124','10:15:00','10:15:00','3619905','3','',''),
('425290221702124','10:16:00','10:16:00','3619907','4','',''),
('425290221702124','10:17:00','10:17:00','3619909','5','',''),
('425290221702124','10:19:00','10:19:00','3619911','6','',''),
('425290221702124','10:20:00','10:20:00','3619913','7','',''),
('425290221702124','10:21:00','10:21:00','3619915','8','',''),
('425290221702124','10:22:00','10:22:00','3619917','9','',''),
('425290221702124','10:24:00','10:24:00','3619919','10','',''),
('425290221702124','10:25:00','10:25:00','3619921','11','',''),
('425290221702124','10:25:00','10:25:00','3619923','12','',''),
('425290221702124','10:26:00','10:26:00','3619925','13','',''),
('425290221702124','10:28:00','10:28:00','3619927','14','',''),
('425290231702124','10:10:00','10:10:00','3619901','1','',''),
('425290231702124','10:13:00','10:13:00','3619903','2','',''),
('425290231702124','10:15:00','10:15:00','3619905','3','',''),
('425290231702124','10:16:00','10:16:00','3619907','4','',''),
('425290231702124','10:17:00','10:17:00','3619909','5','',''),
('425290231702124','10:19:00','10:19:00','3619911','6','',''),
('425290231702124','10:20:00','10:20:00','3619913','7','',''),
('425290231702124','10:21:00','10:21:00','3619915','8','',''),
('425290231702124','10:22:00','10:22:00','3619917','9','',''),
('425290231702124','10:24:00','10:24:00','3619919','10','',''),
('425290231702124','10:25:00','10:25:00','3619921','11','',''),
('425290231702124','10:25:00','10:25:00','3619923','12','',''),
('425290231702124','10:26:00','10:26:00','3619925','13','',''),
('425290231702124','10:28:00','10:28:00','3619927','14','',''),
('425290241702124','10:10:00','10:10:00','3619901','1','',''),
('425290241702124','10:13:00','10:13:00','3619903','2','',''),
('425290241702124','10:15:00','10:15:00','3619905','3','',''),
('425290241702124','10:16:00','10:16:00','3619907','4','',''),
('425290241702124','10:17:00','10:17:00','3619909','5','',''),
('425290241702124','10:19:00','10:19:00','3619911','6','',''),
('425290241702124','10:20:00','10:20:00','3619913','7','',''),
('425290241702124','10:21:00','10:21:00','3619915','8','',''),
('425290241702124','10:22:00','10:22:00','3619917','9','',''),
('425290241702124','10:24:00','10:24:00','3619919','10','',''),
('425290241702124','10:25:00','10:25:00','3619921','11','',''),
('425290241702124','10:25:00','10:25:00','3619923','12','',''),
('425290241702124','10:26:00','10:26:00','3619925','13','',''),
('425290241702124','10:28:00','10:28:00','3619927','14','',''),
('425290251702124','10:10:00','10:10:00','3619901','1','',''),
('425290251702124','10:13:00','10:13:00','3619903','2','',''),
('425290251702124','10:15:00','10:15:00','3619905','3','',''),
('425290251702124','10:16:00','10:16:00','3619907','4','',''),
('425290251702124','10:17:00','10:17:00','3619909','5','',''),
('425290251702124','10:19:00','10:19:00','3619911','6','',''),
('425290251702124','10:20:00','10:20:00','3619913','7','',''),
('425290251702124','10:21:00','10:21:00','3619915','8','',''),
('425290251702124','10:22:00','10:22:00','3619917','9','',''),
('425290251702124','10:24:00','10:24:00','3619919','10','',''),
('425290251702124','10:25:00','10:25:00','3619921','11','',''),
('425290251702124','10:25:00','10:25:00','3619923','12','',''),
('425290251702124','10:26:00','10:26:00','3619925','13','',''),
('425290251702124','10:28:00','10:28:00','3619927','14','',''),
('525290211702124','11:00:00','11:00:00','3619901','1','',''),
('525290211702124','11:03:00','11:03:00','3619903','2','',''),
('525290211702124','11:05:00','11:05:00','3619905','3','',''),
('525290211702124','11:06:00','11:06:00','3619907','4','',''),
('525290211702124','11:07:00','11:07:00','3619909','5','',''),
('525290211702124','11:09:00','11:09:00','3619911','6','',''),
('525290211702124','11:10:00','11:10:00','3619913','7','',''),
('525290211702124','11:11:00','11:11:00','3619915','8','',''),
('525290211702124','11:12:00','11:12:00','3619917','9','',''),
('525290211702124','11:14:00','11:14:00','3619919','10','',''),
('525290211702124','11:15:00','11:15:00','3619921','11','',''),
('525290211702124','11:15:00','11:15:00','3619923','12','',''),
('525290211702124','11:16:00','11:16:00','3619925','13','',''),
('525290211702124','11:18:00','11:18:00','3619927','14','',''),
('525290221702124','11:00:00','11:00:00','3619901','1','',''),
('525290221702124','11:03:00','11:03:00','3619903','2','',''),
('525290221702124','11:05:00','11:05:00','3619905','3','',''),
('525290221702124','11:06:00','11:06:00','3619907','4','',''),
('525290221702124','11:07:00','11:07:00','3619909','5','',''),
('525290221702124','11:09:00','11:09:00','3619911','6','',''),
('525290221702124','11:10:00','11:10:00','3619913','7','',''),
('525290221702124','11:11:00','11:11:00','3619915','8','',''),
('525290221702124','11:12:00','11:12:00','3619917','9','',''),
('525290221702124','11:14:00','11:14:00','3619919','10','',''),
('525290221702124','11:15:00','11:15:00','3619921','11','',''),
('525290221702124','11:15:00','11:15:00','3619923','12','',''),
('525290221702124','11:16:00','11:16:00','3619925','13','',''),
('525290221702124','11:18:00','11:18:00','3619927','14','',''),
('525290231702124','11:00:00','11:00:00','3619901','1','',''),
('525290231702124','11:03:00','11:03:00','3619903','2','',''),
('525290231702124','11:05:00','11:05:00','3619905','3','',''),
('525290231702124','11:06:00','11:06:00','3619907','4','',''),
('525290231702124','11:07:00','11:07:00','3619909','5','',''),
('525290231702124','11:09:00','11:09:00','3619911','6','',''),
('525290231702124','11:10:00','11:10:00','3619913','7','',''),
('525290231702124','11:11:00','11:11:00','3619915','8','',''),
('525290231702124','11:12:00','11:12:00','3619917','9','',''),
('525290231702124','11:14:00','11:14:00','3619919','10','',''),
('525290231702124','11:15:00','11:15:00','3619921','11','',''),
('525290231702124','11:15:00','11:15:00','3619923','12','',''),
('525290231702124','11:16:00','11:16:00','3619925','13','',''),
('525290231702124','11:18:00','11:18:00','3619927','14','',''),
('525290241702124','11:00:00','11:00:00','3619901','1','',''),
('525290241702124','11:03:00','11:03:00','3619903','2','',''),
('525290241702124','11:05:00','11:05:00','3619905','3','',''),
('525290241702124','11:06:00','11:06:00','3619907','4','',''),
('525290241702124','11:07:00','11:07:00','3619909','5','',''),
('525290241702124','11:09:00','11:09:00','3619911','6','',''),
('525290241702124','11:10:00','11:10:00','3619913','7','',''),
('525290241702124','11:11:00','11:11:00','3619915','8','',''),
('525290241702124','11:12:00','11:12:00','3619917','9','',''),
('525290241702124','11:14:00','11:14:00','3619919','10','',''),
('525290241702124','11:15:00','11:15:00','3619921','11','',''),
('525290241702124','11:15:00','11:15:00','3619923','12','',''),
('525290241702124','11:16:00','11:16:00','3619925','13','',''),
('525290241702124','11:18:00','11:18:00','3619927','14','',''),
('525290251702124','11:00:00','11:00:00','3619901','1','',''),
('525290251702124','11:03:00','11:03:00','3619903','2','',''),
('525290251702124','11:05:00','11:05:00','3619905','3','',''),
('525290251702124','11:06:00','11:06:00','3619907','4','',''),
('525290251702124','11:07:00','11:07:00','3619909','5','',''),
('525290251702124','11:09:00','11:09:00','3619911','6','',''),
('525290251702124','11:10:00','11:10:00','3619913','7','',''),
('525290251702124','11:11:00','11:11:00','3619915','8','',''),
('525290251702124','11:12:00','11:12:00','3619917','9','',''),
('525290251702124','11:14:00','11:14:00','3619919','10','',''),
('525290251702124','11:15:00','11:15:00','3619921','11','',''),
('525290251702124','11:15:00','11:15:00','3619923','12','',''),
('525290251702124','11:16:00','11:16:00','3619925','13','',''),
('525290251702124','11:18:00','11:18:00','3619927','14','',''),
('625290211702124','11:49:00','11:49:00','3619901','1','',''),
('625290211702124','11:52:00','11:52:00','3619903','2','',''),
('625290211702124','11:54:00','11:54:00','3619905','3','',''),
('625290211702124','11:55:00','11:55:00','3619907','4','',''),
('625290211702124','11:56:00','11:56:00','3619909','5','',''),
('625290211702124','11:58:00','11:58:00','3619911','6','',''),
('625290211702124','11:59:00','11:59:00','3619913','7','',''),
('625290211702124','12:00:00','12:00:00','3619915','8','',''),
('625290211702124','12:01:00','12:01:00','3619917','9','',''),
('625290211702124','12:03:00','12:03:00','3619919','10','',''),
('625290211702124','12:04:00','12:04:00','3619921','11','',''),
('625290211702124','12:04:00','12:04:00','3619923','12','',''),
('625290211702124','12:05:00','12:05:00','3619925','13','',''),
('625290211702124','12:07:00','12:07:00','3619927','14','',''),
('625290221702124','11:49:00','11:49:00','3619901','1','',''),
('625290221702124','11:52:00','11:52:00','3619903','2','',''),
('625290221702124','11:54:00','11:54:00','3619905','3','',''),
('625290221702124','11:55:00','11:55:00','3619907','4','',''),
('625290221702124','11:56:00','11:56:00','3619909','5','',''),
('625290221702124','11:58:00','11:58:00','3619911','6','',''),
('625290221702124','11:59:00','11:59:00','3619913','7','',''),
('625290221702124','12:00:00','12:00:00','3619915','8','',''),
('625290221702124','12:01:00','12:01:00','3619917','9','',''),
('625290221702124','12:03:00','12:03:00','3619919','10','',''),
('625290221702124','12:04:00','12:04:00','3619921','11','',''),
('625290221702124','12:04:00','12:04:00','3619923','12','',''),
('625290221702124','12:05:00','12:05:00','3619925','13','',''),
('625290221702124','12:07:00','12:07:00','3619927','14','',''),
('625290231702124','11:49:00','11:49:00','3619901','1','',''),
('625290231702124','11:52:00','11:52:00','3619903','2','',''),
('625290231702124','11:54:00','11:54:00','3619905','3','',''),
('625290231702124','11:55:00','11:55:00','3619907','4','',''),
('625290231702124','11:56:00','11:56:00','3619909','5','',''),
('625290231702124','11:58:00','11:58:00','3619911','6','',''),
('625290231702124','11:59:00','11:59:00','3619913','7','',''),
('625290231702124','12:00:00','12:00:00','3619915','8','',''),
('625290231702124','12:01:00','12:01:00','3619917','9','',''),
('625290231702124','12:03:00','12:03:00','3619919','10','',''),
('625290231702124','12:04:00','12:04:00','3619921','11','',''),
('625290231702124','12:04:00','12:04:00','3619923','12','',''),
('625290231702124','12:05:00','12:05:00','3619925','13','',''),
('625290231702124','12:07:00','12:07:00','3619927','14','',''),
('625290241702124','11:49:00','11:49:00','3619901','1','',''),
('625290241702124','11:52:00','11:52:00','3619903','2','',''),
('625290241702124','11:54:00','11:54:00','3619905','3','',''),
('625290241702124','11:55:00','11:55:00','3619907','4','',''),
('625290241702124','11:56:00','11:56:00','3619909','5','',''),
('625290241702124','11:58:00','11:58:00','3619911','6','',''),
('625290241702124','11:59:00','11:59:00','3619913','7','',''),
('625290241702124','12:00:00','12:00:00','3619915','8','',''),
('625290241702124','12:01:00','12:01:00','3619917','9','',''),
('625290241702124','12:03:00','12:03:00','3619919','10','',''),
('625290241702124','12:04:00','12:04:00','3619921','11','',''),
('625290241702124','12:04:00','12:04:00','3619923','12','',''),
('625290241702124','12:05:00','12:05:00','3619925','13','',''),
('625290241702124','12:07:00','12:07:00','3619927','14','',''),
('625290251702124','11:49:00','11:49:00','3619901','1','',''),
('625290251702124','11:52:00','11:52:00','3619903','2','',''),
('625290251702124','11:54:00','11:54:00','3619905','3','',''),
('625290251702124','11:55:00','11:55:00','3619907','4','',''),
('625290251702124','11:56:00','11:56:00','3619909','5','',''),
('625290251702124','11:58:00','11:58:00','3619911','6','',''),
('625290251702124','11:59:00','11:59:00','3619913','7','',''),
('625290251702124','12:00:00','12:00:00','3619915','8','',''),
('625290251702124','12:01:00','12:01:00','3619917','9','',''),
('625290251702124','12:03:00','12:03:00','3619919','10','',''),
('625290251702124','12:04:00','12:04:00','3619921','11','',''),
('625290251702124','12:04:00','12:04:00','3619923','12','',''),
('625290251702124','12:05:00','12:05:00','3619925','13','',''),
('625290251702124','12:07:00','12:07:00','3619927','14','',''),
('725290211702124','12:38:00','12:38:00','3619901','1','',''),
('725290211702124','12:41:00','12:41:00','3619903','2','',''),
('725290211702124','12:43:00','12:43:00','3619905','3','',''),
('725290211702124','12:44:00','12:44:00','3619907','4','',''),
('725290211702124','12:45:00','12:45:00','3619909','5','',''),
('725290211702124','12:47:00','12:47:00','3619911','6','',''),
('725290211702124','12:48:00','12:48:00','3619913','7','',''),
('725290211702124','12:49:00','12:49:00','3619915','8','',''),
('725290211702124','12:50:00','12:50:00','3619917','9','',''),
('725290211702124','12:52:00','12:52:00','3619919','10','',''),
('725290211702124','12:53:00','12:53:00','3619921','11','',''),
('725290211702124','12:53:00','12:53:00','3619923','12','',''),
('725290211702124','12:54:00','12:54:00','3619925','13','',''),
('725290211702124','12:56:00','12:56:00','3619927','14','',''),
('725290221702124','12:38:00','12:38:00','3619901','1','',''),
('725290221702124','12:41:00','12:41:00','3619903','2','',''),
('725290221702124','12:43:00','12:43:00','3619905','3','',''),
('725290221702124','12:44:00','12:44:00','3619907','4','',''),
('725290221702124','12:45:00','12:45:00','3619909','5','',''),
('725290221702124','12:47:00','12:47:00','3619911','6','',''),
('725290221702124','12:48:00','12:48:00','3619913','7','',''),
('725290221702124','12:49:00','12:49:00','3619915','8','',''),
('725290221702124','12:50:00','12:50:00','3619917','9','',''),
('725290221702124','12:52:00','12:52:00','3619919','10','',''),
('725290221702124','12:53:00','12:53:00','3619921','11','',''),
('725290221702124','12:53:00','12:53:00','3619923','12','',''),
('725290221702124','12:54:00','12:54:00','3619925','13','',''),
('725290221702124','12:56:00','12:56:00','3619927','14','',''),
('725290231702124','12:38:00','12:38:00','3619901','1','',''),
('725290231702124','12:41:00','12:41:00','3619903','2','',''),
('725290231702124','12:43:00','12:43:00','3619905','3','',''),
('725290231702124','12:44:00','12:44:00','3619907','4','',''),
('725290231702124','12:45:00','12:45:00','3619909','5','',''),
('725290231702124','12:47:00','12:47:00','3619911','6','',''),
('725290231702124','12:48:00','12:48:00','3619913','7','',''),
('725290231702124','12:49:00','12:49:00','3619915','8','',''),
('725290231702124','12:50:00','12:50:00','3619917','9','',''),
('725290231702124','12:52:00','12:52:00','3619919','10','',''),
('725290231702124','12:53:00','12:53:00','3619921','11','',''),
('725290231702124','12:53:00','12:53:00','3619923','12','',''),
('725290231702124','12:54:00','12:54:00','3619925','13','',''),
('725290231702124','12:56:00','12:56:00','3619927','14','',''),
('725290241702124','12:38:00','12:38:00','3619901','1','',''),
('725290241702124','12:41:00','12:41:00','3619903','2','',''),
('725290241702124','12:43:00','12:43:00','3619905','3','',''),
('725290241702124','12:44:00','12:44:00','3619907','4','',''),
('725290241702124','12:45:00','12:45:00','3619909','5','',''),
('725290241702124','12:47:00','12:47:00','3619911','6','',''),
('725290241702124','12:48:00','12:48:00','3619913','7','',''),
('725290241702124','12:49:00','12:49:00','3619915','8','',''),
('725290241702124','12:50:00','12:50:00','3619917','9','',''),
('725290241702124','12:52:00','12:52:00','3619919','10','',''),
('725290241702124','12:53:00','12:53:00','3619921','11','',''),
('725290241702124','12:53:00','12:53:00','3619923','12','',''),
('725290241702124','12:54:00','12:54:00','3619925','13','',''),
('725290241702124','12:56:00','12:56:00','3619927','14','',''),
('725290251702124','12:38:00','12:38:00','3619901','1','',''),
('725290251702124','12:41:00','12:41:00','3619903','2','',''),
('725290251702124','12:43:00','12:43:00','3619905','3','',''),
('725290251702124','12:44:00','12:44:00','3619907','4','',''),
('725290251702124','12:45:00','12:45:00','3619909','5','',''),
('725290251702124','12:47:00','12:47:00','3619911','6','',''),
('725290251702124','12:48:00','12:48:00','3619913','7','',''),
('725290251702124','12:49:00','12:49:00','3619915','8','',''),
('725290251702124','12:50:00','12:50:00','3619917','9','',''),
('725290251702124','12:52:00','12:52:00','3619919','10','',''),
('725290251702124','12:53:00','12:53:00','3619921','11','',''),
('725290251702124','12:53:00','12:53:00','3619923','12','',''),
('725290251702124','12:54:00','12:54:00','3619925','13','',''),
('725290251702124','12:56:00','12:56:00','3619927','14','',''),
('825290211702124','13:38:00','13:38:00','3619901','1','',''),
('825290211702124','13:41:00','13:41:00','3619903','2','',''),
('825290211702124','13:43:00','13:43:00','3619905','3','',''),
('825290211702124','13:44:00','13:44:00','3619907','4','',''),
('825290211702124','13:45:00','13:45:00','3619909','5','',''),
('825290211702124','13:47:00','13:47:00','3619911','6','',''),
('825290211702124','13:48:00','13:48:00','3619913','7','',''),
('825290211702124','13:49:00','13:49:00','3619915','8','',''),
('825290211702124','13:50:00','13:50:00','3619917','9','',''),
('825290211702124','13:52:00','13:52:00','3619919','10','',''),
('825290211702124','13:53:00','13:53:00','3619921','11','',''),
('825290211702124','13:53:00','13:53:00','3619923','12','',''),
('825290211702124','13:54:00','13:54:00','3619925','13','',''),
('825290211702124','13:56:00','13:56:00','3619927','14','',''),
('825290221702124','13:38:00','13:38:00','3619901','1','',''),
('825290221702124','13:41:00','13:41:00','3619903','2','',''),
('825290221702124','13:43:00','13:43:00','3619905','3','',''),
('825290221702124','13:44:00','13:44:00','3619907','4','',''),
('825290221702124','13:45:00','13:45:00','3619909','5','',''),
('825290221702124','13:47:00','13:47:00','3619911','6','',''),
('825290221702124','13:48:00','13:48:00','3619913','7','',''),
('825290221702124','13:49:00','13:49:00','3619915','8','',''),
('825290221702124','13:50:00','13:50:00','3619917','9','',''),
('825290221702124','13:52:00','13:52:00','3619919','10','',''),
('825290221702124','13:53:00','13:53:00','3619921','11','',''),
('825290221702124','13:53:00','13:53:00','3619923','12','',''),
('825290221702124','13:54:00','13:54:00','3619925','13','',''),
('825290221702124','13:56:00','13:56:00','3619927','14','',''),
('825290231702124','13:38:00','13:38:00','3619901','1','',''),
('825290231702124','13:41:00','13:41:00','3619903','2','',''),
('825290231702124','13:43:00','13:43:00','3619905','3','',''),
('825290231702124','13:44:00','13:44:00','3619907','4','',''),
('825290231702124','13:45:00','13:45:00','3619909','5','',''),
('825290231702124','13:47:00','13:47:00','3619911','6','',''),
('825290231702124','13:48:00','13:48:00','3619913','7','',''),
('825290231702124','13:49:00','13:49:00','3619915','8','',''),
('825290231702124','13:50:00','13:50:00','3619917','9','',''),
('825290231702124','13:52:00','13:52:00','3619919','10','',''),
('825290231702124','13:53:00','13:53:00','3619921','11','',''),
('825290231702124','13:53:00','13:53:00','3619923','12','',''),
('825290231702124','13:54:00','13:54:00','3619925','13','',''),
('825290231702124','13:56:00','13:56:00','3619927','14','',''),
('825290241702124','13:38:00','13:38:00','3619901','1','',''),
('825290241702124','13:41:00','13:41:00','3619903','2','',''),
('825290241702124','13:43:00','13:43:00','3619905','3','',''),
('825290241702124','13:44:00','13:44:00','3619907','4','',''),
('825290241702124','13:45:00','13:45:00','3619909','5','',''),
('825290241702124','13:47:00','13:47:00','3619911','6','',''),
('825290241702124','13:48:00','13:48:00','3619913','7','',''),
('825290241702124','13:49:00','13:49:00','3619915','8','',''),
('825290241702124','13:50:00','13:50:00','3619917','9','',''),
('825290241702124','13:52:00','13:52:00','3619919','10','',''),
('825290241702124','13:53:00','13:53:00','3619921','11','',''),
('825290241702124','13:53:00','13:53:00','3619923','12','',''),
('825290241702124','13:54:00','13:54:00','3619925','13','',''),
('825290241702124','13:56:00','13:56:00','3619927','14','',''),
('825290251702124','13:38:00','13:38:00','3619901','1','',''),
('825290251702124','13:41:00','13:41:00','3619903','2','',''),
('825290251702124','13:43:00','13:43:00','3619905','3','',''),
('825290251702124','13:44:00','13:44:00','3619907','4','',''),
('825290251702124','13:45:00','13:45:00','3619909','5','',''),
('825290251702124','13:47:00','13:47:00','3619911','6','',''),
('825290251702124','13:48:00','13:48:00','3619913','7','',''),
('825290251702124','13:49:00','13:49:00','3619915','8','',''),
('825290251702124','13:50:00','13:50:00','3619917','9','',''),
('825290251702124','13:52:00','13:52:00','3619919','10','',''),
('825290251702124','13:53:00','13:53:00','3619921','11','',''),
('825290251702124','13:53:00','13:53:00','3619923','12','',''),
('825290251702124','13:54:00','13:54:00','3619925','13','',''),
('825290251702124','13:56:00','13:56:00','3619927','14','',''),
('925290211702124','14:25:00','14:25:00','3619901','1','',''),
('925290211702124','14:28:00','14:28:00','3619903','2','',''),
('925290211702124','14:30:00','14:30:00','3619905','3','',''),
('925290211702124','14:31:00','14:31:00','3619907','4','',''),
('925290211702124','14:32:00','14:32:00','3619909','5','',''),
('925290211702124','14:34:00','14:34:00','3619911','6','',''),
('925290211702124','14:35:00','14:35:00','3619913','7','',''),
('925290211702124','14:36:00','14:36:00','3619915','8','',''),
('925290211702124','14:37:00','14:37:00','3619917','9','',''),
('925290211702124','14:39:00','14:39:00','3619919','10','',''),
('925290211702124','14:40:00','14:40:00','3619921','11','',''),
('925290211702124','14:40:00','14:40:00','3619923','12','',''),
('925290211702124','14:41:00','14:41:00','3619925','13','',''),
('925290211702124','14:43:00','14:43:00','3619927','14','',''),
('925290221702124','14:25:00','14:25:00','3619901','1','',''),
('925290221702124','14:28:00','14:28:00','3619903','2','',''),
('925290221702124','14:30:00','14:30:00','3619905','3','',''),
('925290221702124','14:31:00','14:31:00','3619907','4','',''),
('925290221702124','14:32:00','14:32:00','3619909','5','',''),
('925290221702124','14:34:00','14:34:00','3619911','6','',''),
('925290221702124','14:35:00','14:35:00','3619913','7','',''),
('925290221702124','14:36:00','14:36:00','3619915','8','',''),
('925290221702124','14:37:00','14:37:00','3619917','9','',''),
('925290221702124','14:39:00','14:39:00','3619919','10','',''),
('925290221702124','14:40:00','14:40:00','3619921','11','',''),
('925290221702124','14:40:00','14:40:00','3619923','12','',''),
('925290221702124','14:41:00','14:41:00','3619925','13','',''),
('925290221702124','14:43:00','14:43:00','3619927','14','',''),
('925290231702124','14:25:00','14:25:00','3619901','1','',''),
('925290231702124','14:28:00','14:28:00','3619903','2','',''),
('925290231702124','14:30:00','14:30:00','3619905','3','',''),
('925290231702124','14:31:00','14:31:00','3619907','4','',''),
('925290231702124','14:32:00','14:32:00','3619909','5','',''),
('925290231702124','14:34:00','14:34:00','3619911','6','',''),
('925290231702124','14:35:00','14:35:00','3619913','7','',''),
('925290231702124','14:36:00','14:36:00','3619915','8','',''),
('925290231702124','14:37:00','14:37:00','3619917','9','',''),
('925290231702124','14:39:00','14:39:00','3619919','10','',''),
('925290231702124','14:40:00','14:40:00','3619921','11','',''),
('925290231702124','14:40:00','14:40:00','3619923','12','',''),
('925290231702124','14:41:00','14:41:00','3619925','13','',''),
('925290231702124','14:43:00','14:43:00','3619927','14','',''),
('925290241702124','14:25:00','14:25:00','3619901','1','',''),
('925290241702124','14:28:00','14:28:00','3619903','2','',''),
('925290241702124','14:30:00','14:30:00','3619905','3','',''),
('925290241702124','14:31:00','14:31:00','3619907','4','',''),
('925290241702124','14:32:00','14:32:00','3619909','5','',''),
('925290241702124','14:34:00','14:34:00','3619911','6','',''),
('925290241702124','14:35:00','14:35:00','3619913','7','',''),
('925290241702124','14:36:00','14:36:00','3619915','8','',''),
('925290241702124','14:37:00','14:37:00','3619917','9','',''),
('925290241702124','14:39:00','14:39:00','3619919','10','',''),
('925290241702124','14:40:00','14:40:00','3619921','11','',''),
('925290241702124','14:40:00','14:40:00','3619923','12','',''),
('925290241702124','14:41:00','14:41:00','3619925','13','',''),
('925290241702124','14:43:00','14:43:00','3619927','14','',''),
('925290251702124','14:25:00','14:25:00','3619901','1','',''),
('925290251702124','14:28:00','14:28:00','3619903','2','',''),
('925290251702124','14:30:00','14:30:00','3619905','3','',''),
('925290251702124','14:31:00','14:31:00','3619907','4','',''),
('925290251702124','14:32:00','14:32:00','3619909','5','',''),
('925290251702124','14:34:00','14:34:00','3619911','6','',''),
('925290251702124','14:35:00','14:35:00','3619913','7','',''),
('925290251702124','14:36:00','14:36:00','3619915','8','',''),
('925290251702124','14:37:00','14:37:00','3619917','9','',''),
('925290251702124','14:39:00','14:39:00','3619919','10','',''),
('925290251702124','14:40:00','14:40:00','3619921','11','',''),
('925290251702124','14:40:00','14:40:00','3619923','12','',''),
('925290251702124','14:41:00','14:41:00','3619925','13','',''),
('925290251702124','14:43:00','14:43:00','3619927','14','',''),
('1025290211702125','14:48:00','14:48:00','3619928','1','',''),
('1025290211702125','14:51:00','14:51:00','3619926','2','',''),
('1025290211702125','14:53:00','14:53:00','3619924','3','',''),
('1025290211702125','14:54:00','14:54:00','3619922','4','',''),
('1025290211702125','14:54:00','14:54:00','3619920','5','',''),
('1025290211702125','14:56:00','14:56:00','3619918','6','',''),
('1025290211702125','14:57:00','14:57:00','3619916','7','',''),
('1025290211702125','14:58:00','14:58:00','3619914','8','',''),
('1025290211702125','14:59:00','14:59:00','3619912','9','',''),
('1025290211702125','15:01:00','15:01:00','3619910','10','',''),
('1025290211702125','15:02:00','15:02:00','3619908','11','',''),
('1025290211702125','15:03:00','15:03:00','3619906','12','',''),
('1025290211702125','15:04:00','15:04:00','3619904','13','',''),
('1025290211702125','15:06:00','15:06:00','3619902','14','',''),
('1025290221702125','16:32:00','16:32:00','3619928','1','',''),
('1025290221702125','16:35:00','16:35:00','3619926','2','',''),
('1025290221702125','16:37:00','16:37:00','3619924','3','',''),
('1025290221702125','16:38:00','16:38:00','3619922','4','',''),
('1025290221702125','16:38:00','16:38:00','3619920','5','',''),
('1025290221702125','16:40:00','16:40:00','3619918','6','',''),
('1025290221702125','16:41:00','16:41:00','3619916','7','',''),
('1025290221702125','16:42:00','16:42:00','3619914','8','',''),
('1025290221702125','16:43:00','16:43:00','3619912','9','',''),
('1025290221702125','16:45:00','16:45:00','3619910','10','',''),
('1025290221702125','16:46:00','16:46:00','3619908','11','',''),
('1025290221702125','16:47:00','16:47:00','3619906','12','',''),
('1025290221702125','16:48:00','16:48:00','3619904','13','',''),
('1025290221702125','16:50:00','16:50:00','3619902','14','',''),
('1025290231702125','16:32:00','16:32:00','3619928','1','',''),
('1025290231702125','16:35:00','16:35:00','3619926','2','',''),
('1025290231702125','16:37:00','16:37:00','3619924','3','',''),
('1025290231702125','16:38:00','16:38:00','3619922','4','',''),
('1025290231702125','16:38:00','16:38:00','3619920','5','',''),
('1025290231702125','16:40:00','16:40:00','3619918','6','',''),
('1025290231702125','16:41:00','16:41:00','3619916','7','',''),
('1025290231702125','16:42:00','16:42:00','3619914','8','',''),
('1025290231702125','16:43:00','16:43:00','3619912','9','',''),
('1025290231702125','16:45:00','16:45:00','3619910','10','',''),
('1025290231702125','16:46:00','16:46:00','3619908','11','',''),
('1025290231702125','16:47:00','16:47:00','3619906','12','',''),
('1025290231702125','16:48:00','16:48:00','3619904','13','',''),
('1025290231702125','16:50:00','16:50:00','3619902','14','',''),
('1025290241702125','14:48:00','14:48:00','3619928','1','',''),
('1025290241702125','14:51:00','14:51:00','3619926','2','',''),
('1025290241702125','14:53:00','14:53:00','3619924','3','',''),
('1025290241702125','14:54:00','14:54:00','3619922','4','',''),
('1025290241702125','14:54:00','14:54:00','3619920','5','',''),
('1025290241702125','14:56:00','14:56:00','3619918','6','',''),
('1025290241702125','14:57:00','14:57:00','3619916','7','',''),
('1025290241702125','14:58:00','14:58:00','3619914','8','',''),
('1025290241702125','14:59:00','14:59:00','3619912','9','',''),
('1025290241702125','15:01:00','15:01:00','3619910','10','',''),
('1025290241702125','15:02:00','15:02:00','3619908','11','',''),
('1025290241702125','15:03:00','15:03:00','3619906','12','',''),
('1025290241702125','15:04:00','15:04:00','3619904','13','',''),
('1025290241702125','15:06:00','15:06:00','3619902','14','',''),
('1025290251702125','14:48:00','14:48:00','3619928','1','',''),
('1025290251702125','14:51:00','14:51:00','3619926','2','',''),
('1025290251702125','14:53:00','14:53:00','3619924','3','',''),
('1025290251702125','14:54:00','14:54:00','3619922','4','',''),
('1025290251702125','14:54:00','14:54:00','3619920','5','',''),
('1025290251702125','14:56:00','14:56:00','3619918','6','',''),
('1025290251702125','14:57:00','14:57:00','3619916','7','',''),
('1025290251702125','14:58:00','14:58:00','3619914','8','',''),
('1025290251702125','14:59:00','14:59:00','3619912','9','',''),
('1025290251702125','15:01:00','15:01:00','3619910','10','',''),
('1025290251702125','15:02:00','15:02:00','3619908','11','',''),
('1025290251702125','15:03:00','15:03:00','3619906','12','',''),
('1025290251702125','15:04:00','15:04:00','3619904','13','',''),
('1025290251702125','15:06:00','15:06:00','3619902','14','',''),
('1125290211702125','15:34:00','15:34:00','3619928','1','',''),
('1125290211702125','15:37:00','15:37:00','3619926','2','',''),
('1125290211702125','15:39:00','15:39:00','3619924','3','',''),
('1125290211702125','15:40:00','15:40:00','3619922','4','',''),
('1125290211702125','15:40:00','15:40:00','3619920','5','',''),
('1125290211702125','15:42:00','15:42:00','3619918','6','',''),
('1125290211702125','15:43:00','15:43:00','3619916','7','',''),
('1125290211702125','15:44:00','15:44:00','3619914','8','',''),
('1125290211702125','15:45:00','15:45:00','3619912','9','',''),
('1125290211702125','15:47:00','15:47:00','3619910','10','',''),
('1125290211702125','15:48:00','15:48:00','3619908','11','',''),
('1125290211702125','15:49:00','15:49:00','3619906','12','',''),
('1125290211702125','15:50:00','15:50:00','3619904','13','',''),
('1125290211702125','15:52:00','15:52:00','3619902','14','',''),
('1125290221702125','17:32:00','17:32:00','3619928','1','',''),
('1125290221702125','17:35:00','17:35:00','3619926','2','',''),
('1125290221702125','17:37:00','17:37:00','3619924','3','',''),
('1125290221702125','17:38:00','17:38:00','3619922','4','',''),
('1125290221702125','17:38:00','17:38:00','3619920','5','',''),
('1125290221702125','17:40:00','17:40:00','3619918','6','',''),
('1125290221702125','17:41:00','17:41:00','3619916','7','',''),
('1125290221702125','17:42:00','17:42:00','3619914','8','',''),
('1125290221702125','17:43:00','17:43:00','3619912','9','',''),
('1125290221702125','17:45:00','17:45:00','3619910','10','',''),
('1125290221702125','17:46:00','17:46:00','3619908','11','',''),
('1125290221702125','17:47:00','17:47:00','3619906','12','',''),
('1125290221702125','17:48:00','17:48:00','3619904','13','',''),
('1125290221702125','17:50:00','17:50:00','3619902','14','',''),
('1125290231702125','17:32:00','17:32:00','3619928','1','',''),
('1125290231702125','17:35:00','17:35:00','3619926','2','',''),
('1125290231702125','17:37:00','17:37:00','3619924','3','',''),
('1125290231702125','17:38:00','17:38:00','3619922','4','',''),
('1125290231702125','17:38:00','17:38:00','3619920','5','',''),
('1125290231702125','17:40:00','17:40:00','3619918','6','',''),
('1125290231702125','17:41:00','17:41:00','3619916','7','',''),
('1125290231702125','17:42:00','17:42:00','3619914','8','',''),
('1125290231702125','17:43:00','17:43:00','3619912','9','',''),
('1125290231702125','17:45:00','17:45:00','3619910','10','',''),
('1125290231702125','17:46:00','17:46:00','3619908','11','',''),
('1125290231702125','17:47:00','17:47:00','3619906','12','',''),
('1125290231702125','17:48:00','17:48:00','3619904','13','',''),
('1125290231702125','17:50:00','17:50:00','3619902','14','',''),
('1125290241702125','15:34:00','15:34:00','3619928','1','',''),
('1125290241702125','15:37:00','15:37:00','3619926','2','',''),
('1125290241702125','15:39:00','15:39:00','3619924','3','',''),
('1125290241702125','15:40:00','15:40:00','3619922','4','',''),
('1125290241702125','15:40:00','15:40:00','3619920','5','',''),
('1125290241702125','15:42:00','15:42:00','3619918','6','',''),
('1125290241702125','15:43:00','15:43:00','3619916','7','',''),
('1125290241702125','15:44:00','15:44:00','3619914','8','',''),
('1125290241702125','15:45:00','15:45:00','3619912','9','',''),
('1125290241702125','15:47:00','15:47:00','3619910','10','',''),
('1125290241702125','15:48:00','15:48:00','3619908','11','',''),
('1125290241702125','15:49:00','15:49:00','3619906','12','',''),
('1125290241702125','15:50:00','15:50:00','3619904','13','',''),
('1125290241702125','15:52:00','15:52:00','3619902','14','',''),
('1125290251702125','15:34:00','15:34:00','3619928','1','',''),
('1125290251702125','15:37:00','15:37:00','3619926','2','',''),
('1125290251702125','15:39:00','15:39:00','3619924','3','',''),
('1125290251702125','15:40:00','15:40:00','3619922','4','',''),
('1125290251702125','15:40:00','15:40:00','3619920','5','',''),
('1125290251702125','15:42:00','15:42:00','3619918','6','',''),
('1125290251702125','15:43:00','15:43:00','3619916','7','',''),
('1125290251702125','15:44:00','15:44:00','3619914','8','',''),
('1125290251702125','15:45:00','15:45:00','3619912','9','',''),
('1125290251702125','15:47:00','15:47:00','3619910','10','',''),
('1125290251702125','15:48:00','15:48:00','3619908','11','',''),
('1125290251702125','15:49:00','15:49:00','3619906','12','',''),
('1125290251702125','15:50:00','15:50:00','3619904','13','',''),
('1125290251702125','15:52:00','15:52:00','3619902','14','',''),
('1225290211702125','16:32:00','16:32:00','3619928','1','',''),
('1225290211702125','16:35:00','16:35:00','3619926','2','',''),
('1225290211702125','16:37:00','16:37:00','3619924','3','',''),
('1225290211702125','16:38:00','16:38:00','3619922','4','',''),
('1225290211702125','16:38:00','16:38:00','3619920','5','',''),
('1225290211702125','16:40:00','16:40:00','3619918','6','',''),
('1225290211702125','16:41:00','16:41:00','3619916','7','',''),
('1225290211702125','16:42:00','16:42:00','3619914','8','',''),
('1225290211702125','16:43:00','16:43:00','3619912','9','',''),
('1225290211702125','16:45:00','16:45:00','3619910','10','',''),
('1225290211702125','16:46:00','16:46:00','3619908','11','',''),
('1225290211702125','16:47:00','16:47:00','3619906','12','',''),
('1225290211702125','16:48:00','16:48:00','3619904','13','',''),
('1225290211702125','16:50:00','16:50:00','3619902','14','',''),
('1225290221702125','18:23:00','18:23:00','3619928','1','',''),
('1225290221702125','18:26:00','18:26:00','3619926','2','',''),
('1225290221702125','18:28:00','18:28:00','3619924','3','',''),
('1225290221702125','18:29:00','18:29:00','3619922','4','',''),
('1225290221702125','18:29:00','18:29:00','3619920','5','',''),
('1225290221702125','18:31:00','18:31:00','3619918','6','',''),
('1225290221702125','18:32:00','18:32:00','3619916','7','',''),
('1225290221702125','18:33:00','18:33:00','3619914','8','',''),
('1225290221702125','18:34:00','18:34:00','3619912','9','',''),
('1225290221702125','18:36:00','18:36:00','3619910','10','',''),
('1225290221702125','18:37:00','18:37:00','3619908','11','',''),
('1225290221702125','18:38:00','18:38:00','3619906','12','',''),
('1225290221702125','18:39:00','18:39:00','3619904','13','',''),
('1225290221702125','18:41:00','18:41:00','3619902','14','',''),
('1225290231702125','18:23:00','18:23:00','3619928','1','',''),
('1225290231702125','18:26:00','18:26:00','3619926','2','',''),
('1225290231702125','18:28:00','18:28:00','3619924','3','',''),
('1225290231702125','18:29:00','18:29:00','3619922','4','',''),
('1225290231702125','18:29:00','18:29:00','3619920','5','',''),
('1225290231702125','18:31:00','18:31:00','3619918','6','',''),
('1225290231702125','18:32:00','18:32:00','3619916','7','',''),
('1225290231702125','18:33:00','18:33:00','3619914','8','',''),
('1225290231702125','18:34:00','18:34:00','3619912','9','',''),
('1225290231702125','18:36:00','18:36:00','3619910','10','',''),
('1225290231702125','18:37:00','18:37:00','3619908','11','',''),
('1225290231702125','18:38:00','18:38:00','3619906','12','',''),
('1225290231702125','18:39:00','18:39:00','3619904','13','',''),
('1225290231702125','18:41:00','18:41:00','3619902','14','',''),
('1225290241702125','16:32:00','16:32:00','3619928','1','',''),
('1225290241702125','16:35:00','16:35:00','3619926','2','',''),
('1225290241702125','16:37:00','16:37:00','3619924','3','',''),
('1225290241702125','16:38:00','16:38:00','3619922','4','',''),
('1225290241702125','16:38:00','16:38:00','3619920','5','',''),
('1225290241702125','16:40:00','16:40:00','3619918','6','',''),
('1225290241702125','16:41:00','16:41:00','3619916','7','',''),
('1225290241702125','16:42:00','16:42:00','3619914','8','',''),
('1225290241702125','16:43:00','16:43:00','3619912','9','',''),
('1225290241702125','16:45:00','16:45:00','3619910','10','',''),
('1225290241702125','16:46:00','16:46:00','3619908','11','',''),
('1225290241702125','16:47:00','16:47:00','3619906','12','',''),
('1225290241702125','16:48:00','16:48:00','3619904','13','',''),
('1225290241702125','16:50:00','16:50:00','3619902','14','',''),
('1225290251702125','16:32:00','16:32:00','3619928','1','',''),
('1225290251702125','16:35:00','16:35:00','3619926','2','',''),
('1225290251702125','16:37:00','16:37:00','3619924','3','',''),
('1225290251702125','16:38:00','16:38:00','3619922','4','',''),
('1225290251702125','16:38:00','16:38:00','3619920','5','',''),
('1225290251702125','16:40:00','16:40:00','3619918','6','',''),
('1225290251702125','16:41:00','16:41:00','3619916','7','',''),
('1225290251702125','16:42:00','16:42:00','3619914','8','',''),
('1225290251702125','16:43:00','16:43:00','3619912','9','',''),
('1225290251702125','16:45:00','16:45:00','3619910','10','',''),
('1225290251702125','16:46:00','16:46:00','3619908','11','',''),
('1225290251702125','16:47:00','16:47:00','3619906','12','',''),
('1225290251702125','16:48:00','16:48:00','3619904','13','',''),
('1225290251702125','16:50:00','16:50:00','3619902','14','',''),
('125290211702125','07:05:00','07:05:00','3619928','1','',''),
('125290211702125','07:08:00','07:08:00','3619926','2','',''),
('125290211702125','07:10:00','07:10:00','3619924','3','',''),
('125290211702125','07:11:00','07:11:00','3619922','4','',''),
('125290211702125','07:11:00','07:11:00','3619920','5','',''),
('125290211702125','07:13:00','07:13:00','3619918','6','',''),
('125290211702125','07:14:00','07:14:00','3619916','7','',''),
('125290211702125','07:15:00','07:15:00','3619914','8','',''),
('125290211702125','07:16:00','07:16:00','3619912','9','',''),
('125290211702125','07:18:00','07:18:00','3619910','10','',''),
('125290211702125','07:19:00','07:19:00','3619908','11','',''),
('125290211702125','07:20:00','07:20:00','3619906','12','',''),
('125290211702125','07:21:00','07:21:00','3619904','13','',''),
('125290211702125','07:23:00','07:23:00','3619902','14','',''),
('125290221702125','07:05:00','07:05:00','3619928','1','',''),
('125290221702125','07:08:00','07:08:00','3619926','2','',''),
('125290221702125','07:10:00','07:10:00','3619924','3','',''),
('125290221702125','07:11:00','07:11:00','3619922','4','',''),
('125290221702125','07:11:00','07:11:00','3619920','5','',''),
('125290221702125','07:13:00','07:13:00','3619918','6','',''),
('125290221702125','07:14:00','07:14:00','3619916','7','',''),
('125290221702125','07:15:00','07:15:00','3619914','8','',''),
('125290221702125','07:16:00','07:16:00','3619912','9','',''),
('125290221702125','07:18:00','07:18:00','3619910','10','',''),
('125290221702125','07:19:00','07:19:00','3619908','11','',''),
('125290221702125','07:20:00','07:20:00','3619906','12','',''),
('125290221702125','07:21:00','07:21:00','3619904','13','',''),
('125290221702125','07:23:00','07:23:00','3619902','14','',''),
('125290231702125','07:05:00','07:05:00','3619928','1','',''),
('125290231702125','07:08:00','07:08:00','3619926','2','',''),
('125290231702125','07:10:00','07:10:00','3619924','3','',''),
('125290231702125','07:11:00','07:11:00','3619922','4','',''),
('125290231702125','07:11:00','07:11:00','3619920','5','',''),
('125290231702125','07:13:00','07:13:00','3619918','6','',''),
('125290231702125','07:14:00','07:14:00','3619916','7','',''),
('125290231702125','07:15:00','07:15:00','3619914','8','',''),
('125290231702125','07:16:00','07:16:00','3619912','9','',''),
('125290231702125','07:18:00','07:18:00','3619910','10','',''),
('125290231702125','07:19:00','07:19:00','3619908','11','',''),
('125290231702125','07:20:00','07:20:00','3619906','12','',''),
('125290231702125','07:21:00','07:21:00','3619904','13','',''),
('125290231702125','07:23:00','07:23:00','3619902','14','',''),
('125290241702125','07:05:00','07:05:00','3619928','1','',''),
('125290241702125','07:08:00','07:08:00','3619926','2','',''),
('125290241702125','07:10:00','07:10:00','3619924','3','',''),
('125290241702125','07:11:00','07:11:00','3619922','4','',''),
('125290241702125','07:11:00','07:11:00','3619920','5','',''),
('125290241702125','07:13:00','07:13:00','3619918','6','',''),
('125290241702125','07:14:00','07:14:00','3619916','7','',''),
('125290241702125','07:15:00','07:15:00','3619914','8','',''),
('125290241702125','07:16:00','07:16:00','3619912','9','',''),
('125290241702125','07:18:00','07:18:00','3619910','10','',''),
('125290241702125','07:19:00','07:19:00','3619908','11','',''),
('125290241702125','07:20:00','07:20:00','3619906','12','',''),
('125290241702125','07:21:00','07:21:00','3619904','13','',''),
('125290241702125','07:23:00','07:23:00','3619902','14','',''),
('125290251702125','07:05:00','07:05:00','3619928','1','',''),
('125290251702125','07:08:00','07:08:00','3619926','2','',''),
('125290251702125','07:10:00','07:10:00','3619924','3','',''),
('125290251702125','07:11:00','07:11:00','3619922','4','',''),
('125290251702125','07:11:00','07:11:00','3619920','5','',''),
('125290251702125','07:13:00','07:13:00','3619918','6','',''),
('125290251702125','07:14:00','07:14:00','3619916','7','',''),
('125290251702125','07:15:00','07:15:00','3619914','8','',''),
('125290251702125','07:16:00','07:16:00','3619912','9','',''),
('125290251702125','07:18:00','07:18:00','3619910','10','',''),
('125290251702125','07:19:00','07:19:00','3619908','11','',''),
('125290251702125','07:20:00','07:20:00','3619906','12','',''),
('125290251702125','07:21:00','07:21:00','3619904','13','',''),
('125290251702125','07:23:00','07:23:00','3619902','14','',''),
('1325290211702125','17:32:00','17:32:00','3619928','1','',''),
('1325290211702125','17:35:00','17:35:00','3619926','2','',''),
('1325290211702125','17:37:00','17:37:00','3619924','3','',''),
('1325290211702125','17:38:00','17:38:00','3619922','4','',''),
('1325290211702125','17:38:00','17:38:00','3619920','5','',''),
('1325290211702125','17:40:00','17:40:00','3619918','6','',''),
('1325290211702125','17:41:00','17:41:00','3619916','7','',''),
('1325290211702125','17:42:00','17:42:00','3619914','8','',''),
('1325290211702125','17:43:00','17:43:00','3619912','9','',''),
('1325290211702125','17:45:00','17:45:00','3619910','10','',''),
('1325290211702125','17:46:00','17:46:00','3619908','11','',''),
('1325290211702125','17:47:00','17:47:00','3619906','12','',''),
('1325290211702125','17:48:00','17:48:00','3619904','13','',''),
('1325290211702125','17:50:00','17:50:00','3619902','14','',''),
('1325290221702125','19:14:00','19:14:00','3619928','1','',''),
('1325290221702125','19:17:00','19:17:00','3619926','2','',''),
('1325290221702125','19:19:00','19:19:00','3619924','3','',''),
('1325290221702125','19:20:00','19:20:00','3619922','4','',''),
('1325290221702125','19:20:00','19:20:00','3619920','5','',''),
('1325290221702125','19:22:00','19:22:00','3619918','6','',''),
('1325290221702125','19:23:00','19:23:00','3619916','7','',''),
('1325290221702125','19:24:00','19:24:00','3619914','8','',''),
('1325290221702125','19:25:00','19:25:00','3619912','9','',''),
('1325290221702125','19:27:00','19:27:00','3619910','10','',''),
('1325290221702125','19:28:00','19:28:00','3619908','11','',''),
('1325290221702125','19:29:00','19:29:00','3619906','12','',''),
('1325290221702125','19:30:00','19:30:00','3619904','13','',''),
('1325290221702125','19:32:00','19:32:00','3619902','14','',''),
('1325290231702125','19:14:00','19:14:00','3619928','1','',''),
('1325290231702125','19:17:00','19:17:00','3619926','2','',''),
('1325290231702125','19:19:00','19:19:00','3619924','3','',''),
('1325290231702125','19:20:00','19:20:00','3619922','4','',''),
('1325290231702125','19:20:00','19:20:00','3619920','5','',''),
('1325290231702125','19:22:00','19:22:00','3619918','6','',''),
('1325290231702125','19:23:00','19:23:00','3619916','7','',''),
('1325290231702125','19:24:00','19:24:00','3619914','8','',''),
('1325290231702125','19:25:00','19:25:00','3619912','9','',''),
('1325290231702125','19:27:00','19:27:00','3619910','10','',''),
('1325290231702125','19:28:00','19:28:00','3619908','11','',''),
('1325290231702125','19:29:00','19:29:00','3619906','12','',''),
('1325290231702125','19:30:00','19:30:00','3619904','13','',''),
('1325290231702125','19:32:00','19:32:00','3619902','14','',''),
('1325290241702125','17:32:00','17:32:00','3619928','1','',''),
('1325290241702125','17:35:00','17:35:00','3619926','2','',''),
('1325290241702125','17:37:00','17:37:00','3619924','3','',''),
('1325290241702125','17:38:00','17:38:00','3619922','4','',''),
('1325290241702125','17:38:00','17:38:00','3619920','5','',''),
('1325290241702125','17:40:00','17:40:00','3619918','6','',''),
('1325290241702125','17:41:00','17:41:00','3619916','7','',''),
('1325290241702125','17:42:00','17:42:00','3619914','8','',''),
('1325290241702125','17:43:00','17:43:00','3619912','9','',''),
('1325290241702125','17:45:00','17:45:00','3619910','10','',''),
('1325290241702125','17:46:00','17:46:00','3619908','11','',''),
('1325290241702125','17:47:00','17:47:00','3619906','12','',''),
('1325290241702125','17:48:00','17:48:00','3619904','13','',''),
('1325290241702125','17:50:00','17:50:00','3619902','14','',''),
('1325290251702125','17:32:00','17:32:00','3619928','1','',''),
('1325290251702125','17:35:00','17:35:00','3619926','2','',''),
('1325290251702125','17:37:00','17:37:00','3619924','3','',''),
('1325290251702125','17:38:00','17:38:00','3619922','4','',''),
('1325290251702125','17:38:00','17:38:00','3619920','5','',''),
('1325290251702125','17:40:00','17:40:00','3619918','6','',''),
('1325290251702125','17:41:00','17:41:00','3619916','7','',''),
('1325290251702125','17:42:00','17:42:00','3619914','8','',''),
('1325290251702125','17:43:00','17:43:00','3619912','9','',''),
('1325290251702125','17:45:00','17:45:00','3619910','10','',''),
('1325290251702125','17:46:00','17:46:00','3619908','11','',''),
('1325290251702125','17:47:00','17:47:00','3619906','12','',''),
('1325290251702125','17:48:00','17:48:00','3619904','13','',''),
('1325290251702125','17:50:00','17:50:00','3619902','14','',''),
('1425290211702125','18:23:00','18:23:00','3619928','1','',''),
('1425290211702125','18:26:00','18:26:00','3619926','2','',''),
('1425290211702125','18:28:00','18:28:00','3619924','3','',''),
('1425290211702125','18:29:00','18:29:00','3619922','4','',''),
('1425290211702125','18:29:00','18:29:00','3619920','5','',''),
('1425290211702125','18:31:00','18:31:00','3619918','6','',''),
('1425290211702125','18:32:00','18:32:00','3619916','7','',''),
('1425290211702125','18:33:00','18:33:00','3619914','8','',''),
('1425290211702125','18:34:00','18:34:00','3619912','9','',''),
('1425290211702125','18:36:00','18:36:00','3619910','10','',''),
('1425290211702125','18:37:00','18:37:00','3619908','11','',''),
('1425290211702125','18:38:00','18:38:00','3619906','12','',''),
('1425290211702125','18:39:00','18:39:00','3619904','13','',''),
('1425290211702125','18:41:00','18:41:00','3619902','14','',''),
('1425290241702125','18:23:00','18:23:00','3619928','1','',''),
('1425290241702125','18:26:00','18:26:00','3619926','2','',''),
('1425290241702125','18:28:00','18:28:00','3619924','3','',''),
('1425290241702125','18:29:00','18:29:00','3619922','4','',''),
('1425290241702125','18:29:00','18:29:00','3619920','5','',''),
('1425290241702125','18:31:00','18:31:00','3619918','6','',''),
('1425290241702125','18:32:00','18:32:00','3619916','7','',''),
('1425290241702125','18:33:00','18:33:00','3619914','8','',''),
('1425290241702125','18:34:00','18:34:00','3619912','9','',''),
('1425290241702125','18:36:00','18:36:00','3619910','10','',''),
('1425290241702125','18:37:00','18:37:00','3619908','11','',''),
('1425290241702125','18:38:00','18:38:00','3619906','12','',''),
('1425290241702125','18:39:00','18:39:00','3619904','13','',''),
('1425290241702125','18:41:00','18:41:00','3619902','14','',''),
('1425290251702125','18:23:00','18:23:00','3619928','1','',''),
('1425290251702125','18:26:00','18:26:00','3619926','2','',''),
('1425290251702125','18:28:00','18:28:00','3619924','3','',''),
('1425290251702125','18:29:00','18:29:00','3619922','4','',''),
('1425290251702125','18:29:00','18:29:00','3619920','5','',''),
('1425290251702125','18:31:00','18:31:00','3619918','6','',''),
('1425290251702125','18:32:00','18:32:00','3619916','7','',''),
('1425290251702125','18:33:00','18:33:00','3619914','8','',''),
('1425290251702125','18:34:00','18:34:00','3619912','9','',''),
('1425290251702125','18:36:00','18:36:00','3619910','10','',''),
('1425290251702125','18:37:00','18:37:00','3619908','11','',''),
('1425290251702125','18:38:00','18:38:00','3619906','12','',''),
('1425290251702125','18:39:00','18:39:00','3619904','13','',''),
('1425290251702125','18:41:00','18:41:00','3619902','14','',''),
('1525290211702125','19:14:00','19:14:00','3619928','1','',''),
('1525290211702125','19:17:00','19:17:00','3619926','2','',''),
('1525290211702125','19:19:00','19:19:00','3619924','3','',''),
('1525290211702125','19:20:00','19:20:00','3619922','4','',''),
('1525290211702125','19:20:00','19:20:00','3619920','5','',''),
('1525290211702125','19:22:00','19:22:00','3619918','6','',''),
('1525290211702125','19:23:00','19:23:00','3619916','7','',''),
('1525290211702125','19:24:00','19:24:00','3619914','8','',''),
('1525290211702125','19:25:00','19:25:00','3619912','9','',''),
('1525290211702125','19:27:00','19:27:00','3619910','10','',''),
('1525290211702125','19:28:00','19:28:00','3619908','11','',''),
('1525290211702125','19:29:00','19:29:00','3619906','12','',''),
('1525290211702125','19:30:00','19:30:00','3619904','13','',''),
('1525290211702125','19:32:00','19:32:00','3619902','14','',''),
('1525290241702125','19:14:00','19:14:00','3619928','1','',''),
('1525290241702125','19:17:00','19:17:00','3619926','2','',''),
('1525290241702125','19:19:00','19:19:00','3619924','3','',''),
('1525290241702125','19:20:00','19:20:00','3619922','4','',''),
('1525290241702125','19:20:00','19:20:00','3619920','5','',''),
('1525290241702125','19:22:00','19:22:00','3619918','6','',''),
('1525290241702125','19:23:00','19:23:00','3619916','7','',''),
('1525290241702125','19:24:00','19:24:00','3619914','8','',''),
('1525290241702125','19:25:00','19:25:00','3619912','9','',''),
('1525290241702125','19:27:00','19:27:00','3619910','10','',''),
('1525290241702125','19:28:00','19:28:00','3619908','11','',''),
('1525290241702125','19:29:00','19:29:00','3619906','12','',''),
('1525290241702125','19:30:00','19:30:00','3619904','13','',''),
('1525290241702125','19:32:00','19:32:00','3619902','14','',''),
('1525290251702125','19:14:00','19:14:00','3619928','1','',''),
('1525290251702125','19:17:00','19:17:00','3619926','2','',''),
('1525290251702125','19:19:00','19:19:00','3619924','3','',''),
('1525290251702125','19:20:00','19:20:00','3619922','4','',''),
('1525290251702125','19:20:00','19:20:00','3619920','5','',''),
('1525290251702125','19:22:00','19:22:00','3619918','6','',''),
('1525290251702125','19:23:00','19:23:00','3619916','7','',''),
('1525290251702125','19:24:00','19:24:00','3619914','8','',''),
('1525290251702125','19:25:00','19:25:00','3619912','9','',''),
('1525290251702125','19:27:00','19:27:00','3619910','10','',''),
('1525290251702125','19:28:00','19:28:00','3619908','11','',''),
('1525290251702125','19:29:00','19:29:00','3619906','12','',''),
('1525290251702125','19:30:00','19:30:00','3619904','13','',''),
('1525290251702125','19:32:00','19:32:00','3619902','14','',''),
('225290211702125','07:51:00','07:51:00','3619928','1','',''),
('225290211702125','07:54:00','07:54:00','3619926','2','',''),
('225290211702125','07:56:00','07:56:00','3619924','3','',''),
('225290211702125','07:57:00','07:57:00','3619922','4','',''),
('225290211702125','07:57:00','07:57:00','3619920','5','',''),
('225290211702125','07:59:00','07:59:00','3619918','6','',''),
('225290211702125','08:00:00','08:00:00','3619916','7','',''),
('225290211702125','08:01:00','08:01:00','3619914','8','',''),
('225290211702125','08:02:00','08:02:00','3619912','9','',''),
('225290211702125','08:04:00','08:04:00','3619910','10','',''),
('225290211702125','08:05:00','08:05:00','3619908','11','',''),
('225290211702125','08:06:00','08:06:00','3619906','12','',''),
('225290211702125','08:07:00','08:07:00','3619904','13','',''),
('225290211702125','08:09:00','08:09:00','3619902','14','',''),
('225290221702125','09:46:00','09:46:00','3619928','1','',''),
('225290221702125','09:49:00','09:49:00','3619926','2','',''),
('225290221702125','09:51:00','09:51:00','3619924','3','',''),
('225290221702125','09:52:00','09:52:00','3619922','4','',''),
('225290221702125','09:52:00','09:52:00','3619920','5','',''),
('225290221702125','09:54:00','09:54:00','3619918','6','',''),
('225290221702125','09:55:00','09:55:00','3619916','7','',''),
('225290221702125','09:56:00','09:56:00','3619914','8','',''),
('225290221702125','09:57:00','09:57:00','3619912','9','',''),
('225290221702125','09:59:00','09:59:00','3619910','10','',''),
('225290221702125','10:00:00','10:00:00','3619908','11','',''),
('225290221702125','10:01:00','10:01:00','3619906','12','',''),
('225290221702125','10:02:00','10:02:00','3619904','13','',''),
('225290221702125','10:04:00','10:04:00','3619902','14','',''),
('225290231702125','09:46:00','09:46:00','3619928','1','',''),
('225290231702125','09:49:00','09:49:00','3619926','2','',''),
('225290231702125','09:51:00','09:51:00','3619924','3','',''),
('225290231702125','09:52:00','09:52:00','3619922','4','',''),
('225290231702125','09:52:00','09:52:00','3619920','5','',''),
('225290231702125','09:54:00','09:54:00','3619918','6','',''),
('225290231702125','09:55:00','09:55:00','3619916','7','',''),
('225290231702125','09:56:00','09:56:00','3619914','8','',''),
('225290231702125','09:57:00','09:57:00','3619912','9','',''),
('225290231702125','09:59:00','09:59:00','3619910','10','',''),
('225290231702125','10:00:00','10:00:00','3619908','11','',''),
('225290231702125','10:01:00','10:01:00','3619906','12','',''),
('225290231702125','10:02:00','10:02:00','3619904','13','',''),
('225290231702125','10:04:00','10:04:00','3619902','14','',''),
('225290241702125','07:51:00','07:51:00','3619928','1','',''),
('225290241702125','07:54:00','07:54:00','3619926','2','',''),
('225290241702125','07:56:00','07:56:00','3619924','3','',''),
('225290241702125','07:57:00','07:57:00','3619922','4','',''),
('225290241702125','07:57:00','07:57:00','3619920','5','',''),
('225290241702125','07:59:00','07:59:00','3619918','6','',''),
('225290241702125','08:00:00','08:00:00','3619916','7','',''),
('225290241702125','08:01:00','08:01:00','3619914','8','',''),
('225290241702125','08:02:00','08:02:00','3619912','9','',''),
('225290241702125','08:04:00','08:04:00','3619910','10','',''),
('225290241702125','08:05:00','08:05:00','3619908','11','',''),
('225290241702125','08:06:00','08:06:00','3619906','12','',''),
('225290241702125','08:07:00','08:07:00','3619904','13','',''),
('225290241702125','08:09:00','08:09:00','3619902','14','',''),
('225290251702125','07:51:00','07:51:00','3619928','1','',''),
('225290251702125','07:54:00','07:54:00','3619926','2','',''),
('225290251702125','07:56:00','07:56:00','3619924','3','',''),
('225290251702125','07:57:00','07:57:00','3619922','4','',''),
('225290251702125','07:57:00','07:57:00','3619920','5','',''),
('225290251702125','07:59:00','07:59:00','3619918','6','',''),
('225290251702125','08:00:00','08:00:00','3619916','7','',''),
('225290251702125','08:01:00','08:01:00','3619914','8','',''),
('225290251702125','08:02:00','08:02:00','3619912','9','',''),
('225290251702125','08:04:00','08:04:00','3619910','10','',''),
('225290251702125','08:05:00','08:05:00','3619908','11','',''),
('225290251702125','08:06:00','08:06:00','3619906','12','',''),
('225290251702125','08:07:00','08:07:00','3619904','13','',''),
('225290251702125','08:09:00','08:09:00','3619902','14','',''),
('325290211702125','08:53:00','08:53:00','3619928','1','',''),
('325290211702125','08:56:00','08:56:00','3619926','2','',''),
('325290211702125','08:58:00','08:58:00','3619924','3','',''),
('325290211702125','08:59:00','08:59:00','3619922','4','',''),
('325290211702125','08:59:00','08:59:00','3619920','5','',''),
('325290211702125','09:01:00','09:01:00','3619918','6','',''),
('325290211702125','09:02:00','09:02:00','3619916','7','',''),
('325290211702125','09:03:00','09:03:00','3619914','8','',''),
('325290211702125','09:04:00','09:04:00','3619912','9','',''),
('325290211702125','09:06:00','09:06:00','3619910','10','',''),
('325290211702125','09:07:00','09:07:00','3619908','11','',''),
('325290211702125','09:08:00','09:08:00','3619906','12','',''),
('325290211702125','09:09:00','09:09:00','3619904','13','',''),
('325290211702125','09:11:00','09:11:00','3619902','14','',''),
('325290221702125','10:33:00','10:33:00','3619928','1','',''),
('325290221702125','10:36:00','10:36:00','3619926','2','',''),
('325290221702125','10:38:00','10:38:00','3619924','3','',''),
('325290221702125','10:39:00','10:39:00','3619922','4','',''),
('325290221702125','10:39:00','10:39:00','3619920','5','',''),
('325290221702125','10:41:00','10:41:00','3619918','6','',''),
('325290221702125','10:42:00','10:42:00','3619916','7','',''),
('325290221702125','10:43:00','10:43:00','3619914','8','',''),
('325290221702125','10:44:00','10:44:00','3619912','9','',''),
('325290221702125','10:46:00','10:46:00','3619910','10','',''),
('325290221702125','10:47:00','10:47:00','3619908','11','',''),
('325290221702125','10:48:00','10:48:00','3619906','12','',''),
('325290221702125','10:49:00','10:49:00','3619904','13','',''),
('325290221702125','10:51:00','10:51:00','3619902','14','',''),
('325290231702125','10:33:00','10:33:00','3619928','1','',''),
('325290231702125','10:36:00','10:36:00','3619926','2','',''),
('325290231702125','10:38:00','10:38:00','3619924','3','',''),
('325290231702125','10:39:00','10:39:00','3619922','4','',''),
('325290231702125','10:39:00','10:39:00','3619920','5','',''),
('325290231702125','10:41:00','10:41:00','3619918','6','',''),
('325290231702125','10:42:00','10:42:00','3619916','7','',''),
('325290231702125','10:43:00','10:43:00','3619914','8','',''),
('325290231702125','10:44:00','10:44:00','3619912','9','',''),
('325290231702125','10:46:00','10:46:00','3619910','10','',''),
('325290231702125','10:47:00','10:47:00','3619908','11','',''),
('325290231702125','10:48:00','10:48:00','3619906','12','',''),
('325290231702125','10:49:00','10:49:00','3619904','13','',''),
('325290231702125','10:51:00','10:51:00','3619902','14','',''),
('325290241702125','08:53:00','08:53:00','3619928','1','',''),
('325290241702125','08:56:00','08:56:00','3619926','2','',''),
('325290241702125','08:58:00','08:58:00','3619924','3','',''),
('325290241702125','08:59:00','08:59:00','3619922','4','',''),
('325290241702125','08:59:00','08:59:00','3619920','5','',''),
('325290241702125','09:01:00','09:01:00','3619918','6','',''),
('325290241702125','09:02:00','09:02:00','3619916','7','',''),
('325290241702125','09:03:00','09:03:00','3619914','8','',''),
('325290241702125','09:04:00','09:04:00','3619912','9','',''),
('325290241702125','09:06:00','09:06:00','3619910','10','',''),
('325290241702125','09:07:00','09:07:00','3619908','11','',''),
('325290241702125','09:08:00','09:08:00','3619906','12','',''),
('325290241702125','09:09:00','09:09:00','3619904','13','',''),
('325290241702125','09:11:00','09:11:00','3619902','14','',''),
('325290251702125','08:53:00','08:53:00','3619928','1','',''),
('325290251702125','08:56:00','08:56:00','3619926','2','',''),
('325290251702125','08:58:00','08:58:00','3619924','3','',''),
('325290251702125','08:59:00','08:59:00','3619922','4','',''),
('325290251702125','08:59:00','08:59:00','3619920','5','',''),
('325290251702125','09:01:00','09:01:00','3619918','6','',''),
('325290251702125','09:02:00','09:02:00','3619916','7','',''),
('325290251702125','09:03:00','09:03:00','3619914','8','',''),
('325290251702125','09:04:00','09:04:00','3619912','9','',''),
('325290251702125','09:06:00','09:06:00','3619910','10','',''),
('325290251702125','09:07:00','09:07:00','3619908','11','',''),
('325290251702125','09:08:00','09:08:00','3619906','12','',''),
('325290251702125','09:09:00','09:09:00','3619904','13','',''),
('325290251702125','09:11:00','09:11:00','3619902','14','',''),
('425290211702125','09:46:00','09:46:00','3619928','1','',''),
('425290211702125','09:49:00','09:49:00','3619926','2','',''),
('425290211702125','09:51:00','09:51:00','3619924','3','',''),
('425290211702125','09:52:00','09:52:00','3619922','4','',''),
('425290211702125','09:52:00','09:52:00','3619920','5','',''),
('425290211702125','09:54:00','09:54:00','3619918','6','',''),
('425290211702125','09:55:00','09:55:00','3619916','7','',''),
('425290211702125','09:56:00','09:56:00','3619914','8','',''),
('425290211702125','09:57:00','09:57:00','3619912','9','',''),
('425290211702125','09:59:00','09:59:00','3619910','10','',''),
('425290211702125','10:00:00','10:00:00','3619908','11','',''),
('425290211702125','10:01:00','10:01:00','3619906','12','',''),
('425290211702125','10:02:00','10:02:00','3619904','13','',''),
('425290211702125','10:04:00','10:04:00','3619902','14','',''),
('425290221702125','11:23:00','11:23:00','3619928','1','',''),
('425290221702125','11:26:00','11:26:00','3619926','2','',''),
('425290221702125','11:28:00','11:28:00','3619924','3','',''),
('425290221702125','11:29:00','11:29:00','3619922','4','',''),
('425290221702125','11:29:00','11:29:00','3619920','5','',''),
('425290221702125','11:31:00','11:31:00','3619918','6','',''),
('425290221702125','11:32:00','11:32:00','3619916','7','',''),
('425290221702125','11:33:00','11:33:00','3619914','8','',''),
('425290221702125','11:34:00','11:34:00','3619912','9','',''),
('425290221702125','11:36:00','11:36:00','3619910','10','',''),
('425290221702125','11:37:00','11:37:00','3619908','11','',''),
('425290221702125','11:38:00','11:38:00','3619906','12','',''),
('425290221702125','11:39:00','11:39:00','3619904','13','',''),
('425290221702125','11:41:00','11:41:00','3619902','14','',''),
('425290231702125','11:23:00','11:23:00','3619928','1','',''),
('425290231702125','11:26:00','11:26:00','3619926','2','',''),
('425290231702125','11:28:00','11:28:00','3619924','3','',''),
('425290231702125','11:29:00','11:29:00','3619922','4','',''),
('425290231702125','11:29:00','11:29:00','3619920','5','',''),
('425290231702125','11:31:00','11:31:00','3619918','6','',''),
('425290231702125','11:32:00','11:32:00','3619916','7','',''),
('425290231702125','11:33:00','11:33:00','3619914','8','',''),
('425290231702125','11:34:00','11:34:00','3619912','9','',''),
('425290231702125','11:36:00','11:36:00','3619910','10','',''),
('425290231702125','11:37:00','11:37:00','3619908','11','',''),
('425290231702125','11:38:00','11:38:00','3619906','12','',''),
('425290231702125','11:39:00','11:39:00','3619904','13','',''),
('425290231702125','11:41:00','11:41:00','3619902','14','',''),
('425290241702125','09:46:00','09:46:00','3619928','1','',''),
('425290241702125','09:49:00','09:49:00','3619926','2','',''),
('425290241702125','09:51:00','09:51:00','3619924','3','',''),
('425290241702125','09:52:00','09:52:00','3619922','4','',''),
('425290241702125','09:52:00','09:52:00','3619920','5','',''),
('425290241702125','09:54:00','09:54:00','3619918','6','',''),
('425290241702125','09:55:00','09:55:00','3619916','7','',''),
('425290241702125','09:56:00','09:56:00','3619914','8','',''),
('425290241702125','09:57:00','09:57:00','3619912','9','',''),
('425290241702125','09:59:00','09:59:00','3619910','10','',''),
('425290241702125','10:00:00','10:00:00','3619908','11','',''),
('425290241702125','10:01:00','10:01:00','3619906','12','',''),
('425290241702125','10:02:00','10:02:00','3619904','13','',''),
('425290241702125','10:04:00','10:04:00','3619902','14','',''),
('425290251702125','09:46:00','09:46:00','3619928','1','',''),
('425290251702125','09:49:00','09:49:00','3619926','2','',''),
('425290251702125','09:51:00','09:51:00','3619924','3','',''),
('425290251702125','09:52:00','09:52:00','3619922','4','',''),
('425290251702125','09:52:00','09:52:00','3619920','5','',''),
('425290251702125','09:54:00','09:54:00','3619918','6','',''),
('425290251702125','09:55:00','09:55:00','3619916','7','',''),
('425290251702125','09:56:00','09:56:00','3619914','8','',''),
('425290251702125','09:57:00','09:57:00','3619912','9','',''),
('425290251702125','09:59:00','09:59:00','3619910','10','',''),
('425290251702125','10:00:00','10:00:00','3619908','11','',''),
('425290251702125','10:01:00','10:01:00','3619906','12','',''),
('425290251702125','10:02:00','10:02:00','3619904','13','',''),
('425290251702125','10:04:00','10:04:00','3619902','14','',''),
('525290211702125','10:33:00','10:33:00','3619928','1','',''),
('525290211702125','10:36:00','10:36:00','3619926','2','',''),
('525290211702125','10:38:00','10:38:00','3619924','3','',''),
('525290211702125','10:39:00','10:39:00','3619922','4','',''),
('525290211702125','10:39:00','10:39:00','3619920','5','',''),
('525290211702125','10:41:00','10:41:00','3619918','6','',''),
('525290211702125','10:42:00','10:42:00','3619916','7','',''),
('525290211702125','10:43:00','10:43:00','3619914','8','',''),
('525290211702125','10:44:00','10:44:00','3619912','9','',''),
('525290211702125','10:46:00','10:46:00','3619910','10','',''),
('525290211702125','10:47:00','10:47:00','3619908','11','',''),
('525290211702125','10:48:00','10:48:00','3619906','12','',''),
('525290211702125','10:49:00','10:49:00','3619904','13','',''),
('525290211702125','10:51:00','10:51:00','3619902','14','',''),
('525290221702125','12:12:00','12:12:00','3619928','1','',''),
('525290221702125','12:15:00','12:15:00','3619926','2','',''),
('525290221702125','12:17:00','12:17:00','3619924','3','',''),
('525290221702125','12:18:00','12:18:00','3619922','4','',''),
('525290221702125','12:18:00','12:18:00','3619920','5','',''),
('525290221702125','12:20:00','12:20:00','3619918','6','',''),
('525290221702125','12:21:00','12:21:00','3619916','7','',''),
('525290221702125','12:22:00','12:22:00','3619914','8','',''),
('525290221702125','12:23:00','12:23:00','3619912','9','',''),
('525290221702125','12:25:00','12:25:00','3619910','10','',''),
('525290221702125','12:26:00','12:26:00','3619908','11','',''),
('525290221702125','12:27:00','12:27:00','3619906','12','',''),
('525290221702125','12:28:00','12:28:00','3619904','13','',''),
('525290221702125','12:30:00','12:30:00','3619902','14','',''),
('525290231702125','12:12:00','12:12:00','3619928','1','',''),
('525290231702125','12:15:00','12:15:00','3619926','2','',''),
('525290231702125','12:17:00','12:17:00','3619924','3','',''),
('525290231702125','12:18:00','12:18:00','3619922','4','',''),
('525290231702125','12:18:00','12:18:00','3619920','5','',''),
('525290231702125','12:20:00','12:20:00','3619918','6','',''),
('525290231702125','12:21:00','12:21:00','3619916','7','',''),
('525290231702125','12:22:00','12:22:00','3619914','8','',''),
('525290231702125','12:23:00','12:23:00','3619912','9','',''),
('525290231702125','12:25:00','12:25:00','3619910','10','',''),
('525290231702125','12:26:00','12:26:00','3619908','11','',''),
('525290231702125','12:27:00','12:27:00','3619906','12','',''),
('525290231702125','12:28:00','12:28:00','3619904','13','',''),
('525290231702125','12:30:00','12:30:00','3619902','14','',''),
('525290241702125','10:33:00','10:33:00','3619928','1','',''),
('525290241702125','10:36:00','10:36:00','3619926','2','',''),
('525290241702125','10:38:00','10:38:00','3619924','3','',''),
('525290241702125','10:39:00','10:39:00','3619922','4','',''),
('525290241702125','10:39:00','10:39:00','3619920','5','',''),
('525290241702125','10:41:00','10:41:00','3619918','6','',''),
('525290241702125','10:42:00','10:42:00','3619916','7','',''),
('525290241702125','10:43:00','10:43:00','3619914','8','',''),
('525290241702125','10:44:00','10:44:00','3619912','9','',''),
('525290241702125','10:46:00','10:46:00','3619910','10','',''),
('525290241702125','10:47:00','10:47:00','3619908','11','',''),
('525290241702125','10:48:00','10:48:00','3619906','12','',''),
('525290241702125','10:49:00','10:49:00','3619904','13','',''),
('525290241702125','10:51:00','10:51:00','3619902','14','',''),
('525290251702125','10:33:00','10:33:00','3619928','1','',''),
('525290251702125','10:36:00','10:36:00','3619926','2','',''),
('525290251702125','10:38:00','10:38:00','3619924','3','',''),
('525290251702125','10:39:00','10:39:00','3619922','4','',''),
('525290251702125','10:39:00','10:39:00','3619920','5','',''),
('525290251702125','10:41:00','10:41:00','3619918','6','',''),
('525290251702125','10:42:00','10:42:00','3619916','7','',''),
('525290251702125','10:43:00','10:43:00','3619914','8','',''),
('525290251702125','10:44:00','10:44:00','3619912','9','',''),
('525290251702125','10:46:00','10:46:00','3619910','10','',''),
('525290251702125','10:47:00','10:47:00','3619908','11','',''),
('525290251702125','10:48:00','10:48:00','3619906','12','',''),
('525290251702125','10:49:00','10:49:00','3619904','13','',''),
('525290251702125','10:51:00','10:51:00','3619902','14','',''),
('625290211702125','11:23:00','11:23:00','3619928','1','',''),
('625290211702125','11:26:00','11:26:00','3619926','2','',''),
('625290211702125','11:28:00','11:28:00','3619924','3','',''),
('625290211702125','11:29:00','11:29:00','3619922','4','',''),
('625290211702125','11:29:00','11:29:00','3619920','5','',''),
('625290211702125','11:31:00','11:31:00','3619918','6','',''),
('625290211702125','11:32:00','11:32:00','3619916','7','',''),
('625290211702125','11:33:00','11:33:00','3619914','8','',''),
('625290211702125','11:34:00','11:34:00','3619912','9','',''),
('625290211702125','11:36:00','11:36:00','3619910','10','',''),
('625290211702125','11:37:00','11:37:00','3619908','11','',''),
('625290211702125','11:38:00','11:38:00','3619906','12','',''),
('625290211702125','11:39:00','11:39:00','3619904','13','',''),
('625290211702125','11:41:00','11:41:00','3619902','14','',''),
('625290221702125','13:01:00','13:01:00','3619928','1','',''),
('625290221702125','13:04:00','13:04:00','3619926','2','',''),
('625290221702125','13:06:00','13:06:00','3619924','3','',''),
('625290221702125','13:07:00','13:07:00','3619922','4','',''),
('625290221702125','13:07:00','13:07:00','3619920','5','',''),
('625290221702125','13:09:00','13:09:00','3619918','6','',''),
('625290221702125','13:10:00','13:10:00','3619916','7','',''),
('625290221702125','13:11:00','13:11:00','3619914','8','',''),
('625290221702125','13:12:00','13:12:00','3619912','9','',''),
('625290221702125','13:14:00','13:14:00','3619910','10','',''),
('625290221702125','13:15:00','13:15:00','3619908','11','',''),
('625290221702125','13:16:00','13:16:00','3619906','12','',''),
('625290221702125','13:17:00','13:17:00','3619904','13','',''),
('625290221702125','13:19:00','13:19:00','3619902','14','',''),
('625290231702125','13:01:00','13:01:00','3619928','1','',''),
('625290231702125','13:04:00','13:04:00','3619926','2','',''),
('625290231702125','13:06:00','13:06:00','3619924','3','',''),
('625290231702125','13:07:00','13:07:00','3619922','4','',''),
('625290231702125','13:07:00','13:07:00','3619920','5','',''),
('625290231702125','13:09:00','13:09:00','3619918','6','',''),
('625290231702125','13:10:00','13:10:00','3619916','7','',''),
('625290231702125','13:11:00','13:11:00','3619914','8','',''),
('625290231702125','13:12:00','13:12:00','3619912','9','',''),
('625290231702125','13:14:00','13:14:00','3619910','10','',''),
('625290231702125','13:15:00','13:15:00','3619908','11','',''),
('625290231702125','13:16:00','13:16:00','3619906','12','',''),
('625290231702125','13:17:00','13:17:00','3619904','13','',''),
('625290231702125','13:19:00','13:19:00','3619902','14','',''),
('625290241702125','11:23:00','11:23:00','3619928','1','',''),
('625290241702125','11:26:00','11:26:00','3619926','2','',''),
('625290241702125','11:28:00','11:28:00','3619924','3','',''),
('625290241702125','11:29:00','11:29:00','3619922','4','',''),
('625290241702125','11:29:00','11:29:00','3619920','5','',''),
('625290241702125','11:31:00','11:31:00','3619918','6','',''),
('625290241702125','11:32:00','11:32:00','3619916','7','',''),
('625290241702125','11:33:00','11:33:00','3619914','8','',''),
('625290241702125','11:34:00','11:34:00','3619912','9','',''),
('625290241702125','11:36:00','11:36:00','3619910','10','',''),
('625290241702125','11:37:00','11:37:00','3619908','11','',''),
('625290241702125','11:38:00','11:38:00','3619906','12','',''),
('625290241702125','11:39:00','11:39:00','3619904','13','',''),
('625290241702125','11:41:00','11:41:00','3619902','14','',''),
('625290251702125','11:23:00','11:23:00','3619928','1','',''),
('625290251702125','11:26:00','11:26:00','3619926','2','',''),
('625290251702125','11:28:00','11:28:00','3619924','3','',''),
('625290251702125','11:29:00','11:29:00','3619922','4','',''),
('625290251702125','11:29:00','11:29:00','3619920','5','',''),
('625290251702125','11:31:00','11:31:00','3619918','6','',''),
('625290251702125','11:32:00','11:32:00','3619916','7','',''),
('625290251702125','11:33:00','11:33:00','3619914','8','',''),
('625290251702125','11:34:00','11:34:00','3619912','9','',''),
('625290251702125','11:36:00','11:36:00','3619910','10','',''),
('625290251702125','11:37:00','11:37:00','3619908','11','',''),
('625290251702125','11:38:00','11:38:00','3619906','12','',''),
('625290251702125','11:39:00','11:39:00','3619904','13','',''),
('625290251702125','11:41:00','11:41:00','3619902','14','',''),
('725290211702125','12:12:00','12:12:00','3619928','1','',''),
('725290211702125','12:15:00','12:15:00','3619926','2','',''),
('725290211702125','12:17:00','12:17:00','3619924','3','',''),
('725290211702125','12:18:00','12:18:00','3619922','4','',''),
('725290211702125','12:18:00','12:18:00','3619920','5','',''),
('725290211702125','12:20:00','12:20:00','3619918','6','',''),
('725290211702125','12:21:00','12:21:00','3619916','7','',''),
('725290211702125','12:22:00','12:22:00','3619914','8','',''),
('725290211702125','12:23:00','12:23:00','3619912','9','',''),
('725290211702125','12:25:00','12:25:00','3619910','10','',''),
('725290211702125','12:26:00','12:26:00','3619908','11','',''),
('725290211702125','12:27:00','12:27:00','3619906','12','',''),
('725290211702125','12:28:00','12:28:00','3619904','13','',''),
('725290211702125','12:30:00','12:30:00','3619902','14','',''),
('725290221702125','14:01:00','14:01:00','3619928','1','',''),
('725290221702125','14:04:00','14:04:00','3619926','2','',''),
('725290221702125','14:06:00','14:06:00','3619924','3','',''),
('725290221702125','14:07:00','14:07:00','3619922','4','',''),
('725290221702125','14:07:00','14:07:00','3619920','5','',''),
('725290221702125','14:09:00','14:09:00','3619918','6','',''),
('725290221702125','14:10:00','14:10:00','3619916','7','',''),
('725290221702125','14:11:00','14:11:00','3619914','8','',''),
('725290221702125','14:12:00','14:12:00','3619912','9','',''),
('725290221702125','14:14:00','14:14:00','3619910','10','',''),
('725290221702125','14:15:00','14:15:00','3619908','11','',''),
('725290221702125','14:16:00','14:16:00','3619906','12','',''),
('725290221702125','14:17:00','14:17:00','3619904','13','',''),
('725290221702125','14:19:00','14:19:00','3619902','14','',''),
('725290231702125','14:01:00','14:01:00','3619928','1','',''),
('725290231702125','14:04:00','14:04:00','3619926','2','',''),
('725290231702125','14:06:00','14:06:00','3619924','3','',''),
('725290231702125','14:07:00','14:07:00','3619922','4','',''),
('725290231702125','14:07:00','14:07:00','3619920','5','',''),
('725290231702125','14:09:00','14:09:00','3619918','6','',''),
('725290231702125','14:10:00','14:10:00','3619916','7','',''),
('725290231702125','14:11:00','14:11:00','3619914','8','',''),
('725290231702125','14:12:00','14:12:00','3619912','9','',''),
('725290231702125','14:14:00','14:14:00','3619910','10','',''),
('725290231702125','14:15:00','14:15:00','3619908','11','',''),
('725290231702125','14:16:00','14:16:00','3619906','12','',''),
('725290231702125','14:17:00','14:17:00','3619904','13','',''),
('725290231702125','14:19:00','14:19:00','3619902','14','',''),
('725290241702125','12:12:00','12:12:00','3619928','1','',''),
('725290241702125','12:15:00','12:15:00','3619926','2','',''),
('725290241702125','12:17:00','12:17:00','3619924','3','',''),
('725290241702125','12:18:00','12:18:00','3619922','4','',''),
('725290241702125','12:18:00','12:18:00','3619920','5','',''),
('725290241702125','12:20:00','12:20:00','3619918','6','',''),
('725290241702125','12:21:00','12:21:00','3619916','7','',''),
('725290241702125','12:22:00','12:22:00','3619914','8','',''),
('725290241702125','12:23:00','12:23:00','3619912','9','',''),
('725290241702125','12:25:00','12:25:00','3619910','10','',''),
('725290241702125','12:26:00','12:26:00','3619908','11','',''),
('725290241702125','12:27:00','12:27:00','3619906','12','',''),
('725290241702125','12:28:00','12:28:00','3619904','13','',''),
('725290241702125','12:30:00','12:30:00','3619902','14','',''),
('725290251702125','12:12:00','12:12:00','3619928','1','',''),
('725290251702125','12:15:00','12:15:00','3619926','2','',''),
('725290251702125','12:17:00','12:17:00','3619924','3','',''),
('725290251702125','12:18:00','12:18:00','3619922','4','',''),
('725290251702125','12:18:00','12:18:00','3619920','5','',''),
('725290251702125','12:20:00','12:20:00','3619918','6','',''),
('725290251702125','12:21:00','12:21:00','3619916','7','',''),
('725290251702125','12:22:00','12:22:00','3619914','8','',''),
('725290251702125','12:23:00','12:23:00','3619912','9','',''),
('725290251702125','12:25:00','12:25:00','3619910','10','',''),
('725290251702125','12:26:00','12:26:00','3619908','11','',''),
('725290251702125','12:27:00','12:27:00','3619906','12','',''),
('725290251702125','12:28:00','12:28:00','3619904','13','',''),
('725290251702125','12:30:00','12:30:00','3619902','14','',''),
('825290211702125','13:01:00','13:01:00','3619928','1','',''),
('825290211702125','13:04:00','13:04:00','3619926','2','',''),
('825290211702125','13:06:00','13:06:00','3619924','3','',''),
('825290211702125','13:07:00','13:07:00','3619922','4','',''),
('825290211702125','13:07:00','13:07:00','3619920','5','',''),
('825290211702125','13:09:00','13:09:00','3619918','6','',''),
('825290211702125','13:10:00','13:10:00','3619916','7','',''),
('825290211702125','13:11:00','13:11:00','3619914','8','',''),
('825290211702125','13:12:00','13:12:00','3619912','9','',''),
('825290211702125','13:14:00','13:14:00','3619910','10','',''),
('825290211702125','13:15:00','13:15:00','3619908','11','',''),
('825290211702125','13:16:00','13:16:00','3619906','12','',''),
('825290211702125','13:17:00','13:17:00','3619904','13','',''),
('825290211702125','13:19:00','13:19:00','3619902','14','',''),
('825290221702125','14:48:00','14:48:00','3619928','1','',''),
('825290221702125','14:51:00','14:51:00','3619926','2','',''),
('825290221702125','14:53:00','14:53:00','3619924','3','',''),
('825290221702125','14:54:00','14:54:00','3619922','4','',''),
('825290221702125','14:54:00','14:54:00','3619920','5','',''),
('825290221702125','14:56:00','14:56:00','3619918','6','',''),
('825290221702125','14:57:00','14:57:00','3619916','7','',''),
('825290221702125','14:58:00','14:58:00','3619914','8','',''),
('825290221702125','14:59:00','14:59:00','3619912','9','',''),
('825290221702125','15:01:00','15:01:00','3619910','10','',''),
('825290221702125','15:02:00','15:02:00','3619908','11','',''),
('825290221702125','15:03:00','15:03:00','3619906','12','',''),
('825290221702125','15:04:00','15:04:00','3619904','13','',''),
('825290221702125','15:06:00','15:06:00','3619902','14','',''),
('825290231702125','14:48:00','14:48:00','3619928','1','',''),
('825290231702125','14:51:00','14:51:00','3619926','2','',''),
('825290231702125','14:53:00','14:53:00','3619924','3','',''),
('825290231702125','14:54:00','14:54:00','3619922','4','',''),
('825290231702125','14:54:00','14:54:00','3619920','5','',''),
('825290231702125','14:56:00','14:56:00','3619918','6','',''),
('825290231702125','14:57:00','14:57:00','3619916','7','',''),
('825290231702125','14:58:00','14:58:00','3619914','8','',''),
('825290231702125','14:59:00','14:59:00','3619912','9','',''),
('825290231702125','15:01:00','15:01:00','3619910','10','',''),
('825290231702125','15:02:00','15:02:00','3619908','11','',''),
('825290231702125','15:03:00','15:03:00','3619906','12','',''),
('825290231702125','15:04:00','15:04:00','3619904','13','',''),
('825290231702125','15:06:00','15:06:00','3619902','14','',''),
('825290241702125','13:01:00','13:01:00','3619928','1','',''),
('825290241702125','13:04:00','13:04:00','3619926','2','',''),
('825290241702125','13:06:00','13:06:00','3619924','3','',''),
('825290241702125','13:07:00','13:07:00','3619922','4','',''),
('825290241702125','13:07:00','13:07:00','3619920','5','',''),
('825290241702125','13:09:00','13:09:00','3619918','6','',''),
('825290241702125','13:10:00','13:10:00','3619916','7','',''),
('825290241702125','13:11:00','13:11:00','3619914','8','',''),
('825290241702125','13:12:00','13:12:00','3619912','9','',''),
('825290241702125','13:14:00','13:14:00','3619910','10','',''),
('825290241702125','13:15:00','13:15:00','3619908','11','',''),
('825290241702125','13:16:00','13:16:00','3619906','12','',''),
('825290241702125','13:17:00','13:17:00','3619904','13','',''),
('825290241702125','13:19:00','13:19:00','3619902','14','',''),
('825290251702125','13:01:00','13:01:00','3619928','1','',''),
('825290251702125','13:04:00','13:04:00','3619926','2','',''),
('825290251702125','13:06:00','13:06:00','3619924','3','',''),
('825290251702125','13:07:00','13:07:00','3619922','4','',''),
('825290251702125','13:07:00','13:07:00','3619920','5','',''),
('825290251702125','13:09:00','13:09:00','3619918','6','',''),
('825290251702125','13:10:00','13:10:00','3619916','7','',''),
('825290251702125','13:11:00','13:11:00','3619914','8','',''),
('825290251702125','13:12:00','13:12:00','3619912','9','',''),
('825290251702125','13:14:00','13:14:00','3619910','10','',''),
('825290251702125','13:15:00','13:15:00','3619908','11','',''),
('825290251702125','13:16:00','13:16:00','3619906','12','',''),
('825290251702125','13:17:00','13:17:00','3619904','13','',''),
('825290251702125','13:19:00','13:19:00','3619902','14','',''),
('925290211702125','14:01:00','14:01:00','3619928','1','',''),
('925290211702125','14:04:00','14:04:00','3619926','2','',''),
('925290211702125','14:06:00','14:06:00','3619924','3','',''),
('925290211702125','14:07:00','14:07:00','3619922','4','',''),
('925290211702125','14:07:00','14:07:00','3619920','5','',''),
('925290211702125','14:09:00','14:09:00','3619918','6','',''),
('925290211702125','14:10:00','14:10:00','3619916','7','',''),
('925290211702125','14:11:00','14:11:00','3619914','8','',''),
('925290211702125','14:12:00','14:12:00','3619912','9','',''),
('925290211702125','14:14:00','14:14:00','3619910','10','',''),
('925290211702125','14:15:00','14:15:00','3619908','11','',''),
('925290211702125','14:16:00','14:16:00','3619906','12','',''),
('925290211702125','14:17:00','14:17:00','3619904','13','',''),
('925290211702125','14:19:00','14:19:00','3619902','14','',''),
('925290221702125','15:34:00','15:34:00','3619928','1','',''),
('925290221702125','15:37:00','15:37:00','3619926','2','',''),
('925290221702125','15:39:00','15:39:00','3619924','3','',''),
('925290221702125','15:40:00','15:40:00','3619922','4','',''),
('925290221702125','15:40:00','15:40:00','3619920','5','',''),
('925290221702125','15:42:00','15:42:00','3619918','6','',''),
('925290221702125','15:43:00','15:43:00','3619916','7','',''),
('925290221702125','15:44:00','15:44:00','3619914','8','',''),
('925290221702125','15:45:00','15:45:00','3619912','9','',''),
('925290221702125','15:47:00','15:47:00','3619910','10','',''),
('925290221702125','15:48:00','15:48:00','3619908','11','',''),
('925290221702125','15:49:00','15:49:00','3619906','12','',''),
('925290221702125','15:50:00','15:50:00','3619904','13','',''),
('925290221702125','15:52:00','15:52:00','3619902','14','',''),
('925290231702125','15:34:00','15:34:00','3619928','1','',''),
('925290231702125','15:37:00','15:37:00','3619926','2','',''),
('925290231702125','15:39:00','15:39:00','3619924','3','',''),
('925290231702125','15:40:00','15:40:00','3619922','4','',''),
('925290231702125','15:40:00','15:40:00','3619920','5','',''),
('925290231702125','15:42:00','15:42:00','3619918','6','',''),
('925290231702125','15:43:00','15:43:00','3619916','7','',''),
('925290231702125','15:44:00','15:44:00','3619914','8','',''),
('925290231702125','15:45:00','15:45:00','3619912','9','',''),
('925290231702125','15:47:00','15:47:00','3619910','10','',''),
('925290231702125','15:48:00','15:48:00','3619908','11','',''),
('925290231702125','15:49:00','15:49:00','3619906','12','',''),
('925290231702125','15:50:00','15:50:00','3619904','13','',''),
('925290231702125','15:52:00','15:52:00','3619902','14','',''),
('925290241702125','14:01:00','14:01:00','3619928','1','',''),
('925290241702125','14:04:00','14:04:00','3619926','2','',''),
('925290241702125','14:06:00','14:06:00','3619924','3','',''),
('925290241702125','14:07:00','14:07:00','3619922','4','',''),
('925290241702125','14:07:00','14:07:00','3619920','5','',''),
('925290241702125','14:09:00','14:09:00','3619918','6','',''),
('925290241702125','14:10:00','14:10:00','3619916','7','',''),
('925290241702125','14:11:00','14:11:00','3619914','8','',''),
('925290241702125','14:12:00','14:12:00','3619912','9','',''),
('925290241702125','14:14:00','14:14:00','3619910','10','',''),
('925290241702125','14:15:00','14:15:00','3619908','11','',''),
('925290241702125','14:16:00','14:16:00','3619906','12','',''),
('925290241702125','14:17:00','14:17:00','3619904','13','',''),
('925290241702125','14:19:00','14:19:00','3619902','14','',''),
('925290251702125','14:01:00','14:01:00','3619928','1','',''),
('925290251702125','14:04:00','14:04:00','3619926','2','',''),
('925290251702125','14:06:00','14:06:00','3619924','3','',''),
('925290251702125','14:07:00','14:07:00','3619922','4','',''),
('925290251702125','14:07:00','14:07:00','3619920','5','',''),
('925290251702125','14:09:00','14:09:00','3619918','6','',''),
('925290251702125','14:10:00','14:10:00','3619916','7','',''),
('925290251702125','14:11:00','14:11:00','3619914','8','',''),
('925290251702125','14:12:00','14:12:00','3619912','9','',''),
('925290251702125','14:14:00','14:14:00','3619910','10','',''),
('925290251702125','14:15:00','14:15:00','3619908','11','',''),
('925290251702125','14:16:00','14:16:00','3619906','12','',''),
('925290251702125','14:17:00','14:17:00','3619904','13','',''),
('925290251702125','14:19:00','14:19:00','3619902','14','',''),
('125290261702126','15:57:00','15:57:00','3619929','1','',''),
('125290261702126','15:58:00','15:58:00','3619931','2','',''),
('125290261702126','15:59:00','15:59:00','5944774','3','',''),
('125290261702126','16:00:00','16:00:00','3619935','4','',''),
('125290261702126','16:01:00','16:01:00','3619937','5','',''),
('125290261702126','16:01:00','16:01:00','3619939','6','',''),
('125290261702126','16:01:00','16:01:00','3619941','7','',''),
('125290261702126','16:02:00','16:02:00','3619943','8','',''),
('125290261702126','16:03:00','16:03:00','3619945','9','',''),
('125290261702126','16:04:00','16:04:00','3619947','10','',''),
('125290261702126','16:06:00','16:06:00','3619949','11','',''),
('125290261702126','16:07:00','16:07:00','3619951','12','',''),
('125290261702126','16:07:00','16:07:00','3619953','13','',''),
('125290261702126','16:13:00','16:13:00','3619955','14','',''),
('125290261702126','16:20:00','16:20:00','3619957','15','',''),
('225290261702126','17:03:00','17:03:00','3619929','1','',''),
('225290261702126','17:04:00','17:04:00','3619931','2','',''),
('225290261702126','17:05:00','17:05:00','5944774','3','',''),
('225290261702126','17:06:00','17:06:00','3619935','4','',''),
('225290261702126','17:07:00','17:07:00','3619937','5','',''),
('225290261702126','17:07:00','17:07:00','3619939','6','',''),
('225290261702126','17:07:00','17:07:00','3619941','7','',''),
('225290261702126','17:08:00','17:08:00','3619943','8','',''),
('225290261702126','17:09:00','17:09:00','3619945','9','',''),
('225290261702126','17:10:00','17:10:00','3619947','10','',''),
('225290261702126','17:12:00','17:12:00','3619949','11','',''),
('225290261702126','17:13:00','17:13:00','3619951','12','',''),
('225290261702126','17:13:00','17:13:00','3619953','13','',''),
('225290261702126','17:19:00','17:19:00','3619955','14','',''),
('225290261702126','17:26:00','17:26:00','3619957','15','',''),
('125290261702127','07:51:00','07:51:00','3619958','1','',''),
('125290261702127','07:54:00','07:54:00','3619956','2','',''),
('125290261702127','07:56:00','07:56:00','3619954','3','',''),
('125290261702127','07:57:00','07:57:00','3619952','4','',''),
('125290261702127','07:57:00','07:57:00','3619950','5','',''),
('125290261702127','07:59:00','07:59:00','3619948','6','',''),
('125290261702127','08:00:00','08:00:00','3619946','7','',''),
('125290261702127','08:01:00','08:01:00','3619944','8','',''),
('125290261702127','08:03:00','08:03:00','3619942','9','',''),
('125290261702127','08:06:00','08:06:00','3619940','10','',''),
('125290261702127','08:07:00','08:07:00','3619938','11','',''),
('125290261702127','08:09:00','08:09:00','3619936','12','',''),
('125290261702127','08:11:00','08:11:00','5944775','13','',''),
('125290261702127','08:12:00','08:12:00','3619959','14','',''),
('125290261702127','08:13:00','08:13:00','3619932','15','',''),
('125290261702127','08:14:00','08:14:00','3619930','16','',''),
('125290271702127','07:51:00','07:51:00','3619958','1','',''),
('125290271702127','07:54:00','07:54:00','3619956','2','',''),
('125290271702127','07:56:00','07:56:00','3619954','3','',''),
('125290271702127','07:57:00','07:57:00','3619952','4','',''),
('125290271702127','07:57:00','07:57:00','3619950','5','',''),
('125290271702127','07:59:00','07:59:00','3619948','6','',''),
('125290271702127','08:00:00','08:00:00','3619946','7','',''),
('125290271702127','08:01:00','08:01:00','3619944','8','',''),
('125290271702127','08:03:00','08:03:00','3619942','9','',''),
('125290271702127','08:06:00','08:06:00','3619940','10','',''),
('125290271702127','08:07:00','08:07:00','3619938','11','',''),
('125290271702127','08:09:00','08:09:00','3619936','12','',''),
('125290271702127','08:11:00','08:11:00','5944775','13','',''),
('125290271702127','08:12:00','08:12:00','3619959','14','',''),
('125290271702127','08:13:00','08:13:00','3619932','15','',''),
('125290271702127','08:14:00','08:14:00','3619930','16','',''),
('225290261702127','08:53:00','08:53:00','3619958','1','',''),
('225290261702127','08:56:00','08:56:00','3619956','2','',''),
('225290261702127','08:58:00','08:58:00','3619954','3','',''),
('225290261702127','08:59:00','08:59:00','3619952','4','',''),
('225290261702127','08:59:00','08:59:00','3619950','5','',''),
('225290261702127','09:01:00','09:01:00','3619948','6','',''),
('225290261702127','09:02:00','09:02:00','3619946','7','',''),
('225290261702127','09:03:00','09:03:00','3619944','8','',''),
('225290261702127','09:05:00','09:05:00','3619942','9','',''),
('225290261702127','09:08:00','09:08:00','3619940','10','',''),
('225290261702127','09:09:00','09:09:00','3619938','11','',''),
('225290261702127','09:11:00','09:11:00','3619936','12','',''),
('225290261702127','09:13:00','09:13:00','5944775','13','',''),
('225290261702127','09:14:00','09:14:00','3619959','14','',''),
('225290261702127','09:15:00','09:15:00','3619932','15','',''),
('225290261702127','09:16:00','09:16:00','3619930','16','',''),
('225290271702127','08:53:00','08:53:00','3619958','1','',''),
('225290271702127','08:56:00','08:56:00','3619956','2','',''),
('225290271702127','08:58:00','08:58:00','3619954','3','',''),
('225290271702127','08:59:00','08:59:00','3619952','4','',''),
('225290271702127','08:59:00','08:59:00','3619950','5','',''),
('225290271702127','09:01:00','09:01:00','3619948','6','',''),
('225290271702127','09:02:00','09:02:00','3619946','7','',''),
('225290271702127','09:03:00','09:03:00','3619944','8','',''),
('225290271702127','09:05:00','09:05:00','3619942','9','',''),
('225290271702127','09:08:00','09:08:00','3619940','10','',''),
('225290271702127','09:09:00','09:09:00','3619938','11','',''),
('225290271702127','09:11:00','09:11:00','3619936','12','',''),
('225290271702127','09:13:00','09:13:00','5944775','13','',''),
('225290271702127','09:14:00','09:14:00','3619959','14','',''),
('225290271702127','09:15:00','09:15:00','3619932','15','',''),
('225290271702127','09:16:00','09:16:00','3619930','16','','');
INSERT INTO calendar (service_id,monday,tuesday,wednesday,thursday,friday,saturday,sunday,start_date,end_date) VALUES
('2529027','0','0','0','0','0','0','0','20180110','20180411'),
('2529026','0','0','0','0','0','0','0','20171221','20180430'),
('2529025','0','0','0','0','0','0','0','20171223','20180428'),
('2529024','0','0','0','0','0','0','0','20180113','20180407'),
('2529023','0','0','0','0','0','0','0','20180110','20180411'),
('2529022','0','0','0','0','0','0','0','20171221','20180430'),
('2529021','0','0','0','0','0','0','0','20171226','20180427');
INSERT INTO calendar_dates (service_id,date,exception_type) VALUES
('2529027','20180110','1'),
('2529027','20180117','1'),
('2529027','20180124','1'),
('2529027','20180131','1'),
('2529027','20180207','1'),
('2529027','20180214','1'),
('2529027','20180307','1'),
('2529027','20180314','1'),
('2529027','20180321','1'),
('2529027','20180328','1'),
('2529027','20180404','1'),
('2529027','20180411','1'),
('2529026','20171221','1'),
('2529026','20171222','1'),
('2529026','20180108','1'),
('2529026','20180109','1'),
('2529026','20180111','1'),
('2529026','20180112','1'),
('2529026','20180115','1'),
('2529026','20180116','1'),
('2529026','20180118','1'),
('2529026','20180119','1'),
('2529026','20180122','1'),
('2529026','20180123','1'),
('2529026','20180125','1'),
('2529026','20180126','1'),
('2529026','20180129','1'),
('2529026','20180130','1'),
('2529026','20180201','1'),
('2529026','20180202','1'),
('2529026','20180205','1'),
('2529026','20180206','1'),
('2529026','20180208','1'),
('2529026','20180209','1'),
('2529026','20180212','1'),
('2529026','20180213','1'),
('2529026','20180215','1'),
('2529026','20180216','1'),
('2529026','20180305','1'),
('2529026','20180306','1'),
('2529026','20180308','1'),
('2529026','20180309','1'),
('2529026','20180312','1'),
('2529026','20180313','1'),
('2529026','20180315','1'),
('2529026','20180316','1'),
('2529026','20180319','1'),
('2529026','20180320','1'),
('2529026','20180322','1'),
('2529026','20180323','1'),
('2529026','20180326','1'),
('2529026','20180327','1'),
('2529026','20180329','1'),
('2529026','20180330','1'),
('2529026','20180403','1'),
('2529026','20180405','1'),
('2529026','20180406','1'),
('2529026','20180409','1'),
('2529026','20180410','1'),
('2529026','20180412','1'),
('2529026','20180413','1'),
('2529026','20180430','1'),
('2529025','20171223','1'),
('2529025','20171230','1'),
('2529025','20180106','1'),
('2529025','20180217','1'),
('2529025','20180224','1'),
('2529025','20180303','1'),
('2529025','20180414','1'),
('2529025','20180421','1'),
('2529025','20180428','1'),
('2529024','20180113','1'),
('2529024','20180120','1'),
('2529024','20180127','1'),
('2529024','20180203','1'),
('2529024','20180210','1'),
('2529024','20180310','1'),
('2529024','20180317','1'),
('2529024','20180324','1'),
('2529024','20180331','1'),
('2529024','20180407','1'),
('2529023','20180110','1'),
('2529023','20180117','1'),
('2529023','20180124','1'),
('2529023','20180131','1'),
('2529023','20180207','1'),
('2529023','20180214','1'),
('2529023','20180307','1'),
('2529023','20180314','1'),
('2529023','20180321','1'),
('2529023','20180328','1'),
('2529023','20180404','1'),
('2529023','20180411','1'),
('2529022','20171221','1'),
('2529022','20171222','1'),
('2529022','20180108','1'),
('2529022','20180109','1'),
('2529022','20180111','1'),
('2529022','20180112','1'),
('2529022','20180115','1'),
('2529022','20180116','1'),
('2529022','20180118','1'),
('2529022','20180119','1'),
('2529022','20180122','1'),
('2529022','20180123','1'),
('2529022','20180125','1'),
('2529022','20180126','1'),
('2529022','20180129','1'),
('2529022','20180130','1'),
('2529022','20180201','1'),
('2529022','20180202','1'),
('2529022','20180205','1'),
('2529022','20180206','1'),
('2529022','20180208','1'),
('2529022','20180209','1'),
('2529022','20180212','1'),
('2529022','20180213','1'),
('2529022','20180215','1'),
('2529022','20180216','1'),
('2529022','20180305','1'),
('2529022','20180306','1'),
('2529022','20180308','1'),
('2529022','20180309','1'),
('2529022','20180312','1'),
('2529022','20180313','1'),
('2529022','20180315','1'),
('2529022','20180316','1'),
('2529022','20180319','1'),
('2529022','20180320','1'),
('2529022','20180322','1'),
('2529022','20180323','1'),
('2529022','20180326','1'),
('2529022','20180327','1'),
('2529022','20180329','1'),
('2529022','20180330','1'),
('2529022','20180403','1'),
('2529022','20180405','1'),
('2529022','20180406','1'),
('2529022','20180409','1'),
('2529022','20180410','1'),
('2529022','20180412','1'),
('2529022','20180413','1'),
('2529022','20180430','1'),
('2529021','20171226','1'),
('2529021','20171227','1'),
('2529021','20171228','1'),
('2529021','20171229','1'),
('2529021','20180102','1'),
('2529021','20180103','1'),
('2529021','20180104','1'),
('2529021','20180105','1'),
('2529021','20180219','1'),
('2529021','20180220','1'),
('2529021','20180221','1'),
('2529021','20180222','1'),
('2529021','20180223','1'),
('2529021','20180226','1'),
('2529021','20180227','1'),
('2529021','20180228','1'),
('2529021','20180301','1'),
('2529021','20180302','1'),
('2529021','20180416','1'),
('2529021','20180417','1'),
('2529021','20180418','1'),
('2529021','20180419','1'),
('2529021','20180420','1'),
('2529021','20180423','1'),
('2529021','20180424','1'),
('2529021','20180425','1'),
('2529021','20180426','1'),
('2529021','20180427','1');
INSERT INTO routes (route_id,agency_id,route_short_name,route_long_name,route_desc,route_type,route_url,route_color,route_text_color) VALUES
('1787814','100','372','(MAISONS ALFORT-ALFORTVILLE-RER <-> MAISONS ALFORT-LOUIS FLICHE) - Aller','','3','','FFFFFF','000000'),
('1787815','100','372','(MAISONS ALFORT-ALFORTVILLE-RER <-> MAISONS ALFORT-LOUIS FLICHE) - Retour','','3','','FFFFFF','000000'),
('1787816','100','372','(M-ALFORT-ALFORVILLE RER <-> M-ALFORT-LOUIS FICHE (SCOLAIRE)) - Aller','','3','','FFFFFF','000000'),
('1787817','100','372','(M-ALFORT-ALFORVILLE RER <-> M-ALFORT-LOUIS FICHE (SCOLAIRE)) - Retour','','3','','FFFFFF','000000');
INSERT INTO agency (agency_id,agency_name,agency_url,agency_timezone,agency_lang,agency_phone) VALUES
('100','RATP (100)','http://www.ratp.fr/','CET','','');
INSERT INTO trips (route_id,service_id,trip_id,trip_headsign,trip_short_name,direction_id,shape_id) VALUES
('1787814','2529021','1025290211702124','','10','0',''),
('1787814','2529022','1025290221702124','','10','0',''),
('1787814','2529023','1025290231702124','','10','0',''),
('1787814','2529024','1025290241702124','','10','0',''),
('1787814','2529025','1025290251702124','','10','0',''),
('1787814','2529021','1125290211702124','','11','0',''),
('1787814','2529022','1125290221702124','','11','0',''),
('1787814','2529023','1125290231702124','','11','0',''),
('1787814','2529024','1125290241702124','','11','0',''),
('1787814','2529025','1125290251702124','','11','0',''),
('1787814','2529021','1225290211702124','','12','0',''),
('1787814','2529022','1225290221702124','','12','0',''),
('1787814','2529023','1225290231702124','','12','0',''),
('1787814','2529024','1225290241702124','','12','0',''),
('1787814','2529025','1225290251702124','','12','0',''),
('1787814','2529021','125290211702124','','1','0',''),
('1787814','2529022','125290221702124','','1','0',''),
('1787814','2529023','125290231702124','','1','0',''),
('1787814','2529024','125290241702124','','1','0',''),
('1787814','2529025','125290251702124','','1','0',''),
('1787814','2529021','1325290211702124','','13','0',''),
('1787814','2529022','1325290221702124','','13','0',''),
('1787814','2529023','1325290231702124','','13','0',''),
('1787814','2529024','1325290241702124','','13','0',''),
('1787814','2529025','1325290251702124','','13','0',''),
('1787814','2529021','1425290211702124','','14','0',''),
('1787814','2529023','1425290231702124','','14','0',''),
('1787814','2529024','1425290241702124','','14','0',''),
('1787814','2529025','1425290251702124','','14','0',''),
('1787814','2529021','1525290211702124','','15','0',''),
('1787814','2529023','1525290231702124','','15','0',''),
('1787814','2529024','1525290241702124','','15','0',''),
('1787814','2529025','1525290251702124','','15','0',''),
('1787814','2529021','225290211702124','','2','0',''),
('1787814','2529022','225290221702124','','2','0',''),
('1787814','2529023','225290231702124','','2','0',''),
('1787814','2529024','225290241702124','','2','0',''),
('1787814','2529025','225290251702124','','2','0',''),
('1787814','2529021','325290211702124','','3','0',''),
('1787814','2529022','325290221702124','','3','0',''),
('1787814','2529023','325290231702124','','3','0',''),
('1787814','2529024','325290241702124','','3','0',''),
('1787814','2529025','325290251702124','','3','0',''),
('1787814','2529021','425290211702124','','4','0',''),
('1787814','2529022','425290221702124','','4','0',''),
('1787814','2529023','425290231702124','','4','0',''),
('1787814','2529024','425290241702124','','4','0',''),
('1787814','2529025','425290251702124','','4','0',''),
('1787814','2529021','525290211702124','','5','0',''),
('1787814','2529022','525290221702124','','5','0',''),
('1787814','2529023','525290231702124','','5','0',''),
('1787814','2529024','525290241702124','','5','0',''),
('1787814','2529025','525290251702124','','5','0',''),
('1787814','2529021','625290211702124','','6','0',''),
('1787814','2529022','625290221702124','','6','0',''),
('1787814','2529023','625290231702124','','6','0',''),
('1787814','2529024','625290241702124','','6','0',''),
('1787814','2529025','625290251702124','','6','0',''),
('1787814','2529021','725290211702124','','7','0',''),
('1787814','2529022','725290221702124','','7','0',''),
('1787814','2529023','725290231702124','','7','0',''),
('1787814','2529024','725290241702124','','7','0',''),
('1787814','2529025','725290251702124','','7','0',''),
('1787814','2529021','825290211702124','','8','0',''),
('1787814','2529022','825290221702124','','8','0',''),
('1787814','2529023','825290231702124','','8','0',''),
('1787814','2529024','825290241702124','','8','0',''),
('1787814','2529025','825290251702124','','8','0',''),
('1787814','2529021','925290211702124','','9','0',''),
('1787814','2529022','925290221702124','','9','0',''),
('1787814','2529023','925290231702124','','9','0',''),
('1787814','2529024','925290241702124','','9','0',''),
('1787814','2529025','925290251702124','','9','0',''),
('1787815','2529021','1025290211702125','','10','1',''),
('1787815','2529022','1025290221702125','','10','1',''),
('1787815','2529023','1025290231702125','','10','1',''),
('1787815','2529024','1025290241702125','','10','1',''),
('1787815','2529025','1025290251702125','','10','1',''),
('1787815','2529021','1125290211702125','','11','1',''),
('1787815','2529022','1125290221702125','','11','1',''),
('1787815','2529023','1125290231702125','','11','1',''),
('1787815','2529024','1125290241702125','','11','1',''),
('1787815','2529025','1125290251702125','','11','1',''),
('1787815','2529021','1225290211702125','','12','1',''),
('1787815','2529022','1225290221702125','','12','1',''),
('1787815','2529023','1225290231702125','','12','1',''),
('1787815','2529024','1225290241702125','','12','1',''),
('1787815','2529025','1225290251702125','','12','1',''),
('1787815','2529021','125290211702125','','1','1',''),
('1787815','2529022','125290221702125','','1','1',''),
('1787815','2529023','125290231702125','','1','1',''),
('1787815','2529024','125290241702125','','1','1',''),
('1787815','2529025','125290251702125','','1','1',''),
('1787815','2529021','1325290211702125','','13','1',''),
('1787815','2529022','1325290221702125','','13','1',''),
('1787815','2529023','1325290231702125','','13','1',''),
('1787815','2529024','1325290241702125','','13','1',''),
('1787815','2529025','1325290251702125','','13','1',''),
('1787815','2529021','1425290211702125','','14','1',''),
('1787815','2529024','1425290241702125','','14','1',''),
('1787815','2529025','1425290251702125','','14','1',''),
('1787815','2529021','1525290211702125','','15','1',''),
('1787815','2529024','1525290241702125','','15','1',''),
('1787815','2529025','1525290251702125','','15','1',''),
('1787815','2529021','225290211702125','','2','1',''),
('1787815','2529022','225290221702125','','2','1',''),
('1787815','2529023','225290231702125','','2','1',''),
('1787815','2529024','225290241702125','','2','1',''),
('1787815','2529025','225290251702125','','2','1',''),
('1787815','2529021','325290211702125','','3','1',''),
('1787815','2529022','325290221702125','','3','1',''),
('1787815','2529023','325290231702125','','3','1',''),
('1787815','2529024','325290241702125','','3','1',''),
('1787815','2529025','325290251702125','','3','1',''),
('1787815','2529021','425290211702125','','4','1',''),
('1787815','2529022','425290221702125','','4','1',''),
('1787815','2529023','425290231702125','','4','1',''),
('1787815','2529024','425290241702125','','4','1',''),
('1787815','2529025','425290251702125','','4','1',''),
('1787815','2529021','525290211702125','','5','1',''),
('1787815','2529022','525290221702125','','5','1',''),
('1787815','2529023','525290231702125','','5','1',''),
('1787815','2529024','525290241702125','','5','1',''),
('1787815','2529025','525290251702125','','5','1',''),
('1787815','2529021','625290211702125','','6','1',''),
('1787815','2529022','625290221702125','','6','1',''),
('1787815','2529023','625290231702125','','6','1',''),
('1787815','2529024','625290241702125','','6','1',''),
('1787815','2529025','625290251702125','','6','1',''),
('1787815','2529021','725290211702125','','7','1',''),
('1787815','2529022','725290221702125','','7','1',''),
('1787815','2529023','725290231702125','','7','1',''),
('1787815','2529024','725290241702125','','7','1',''),
('1787815','2529025','725290251702125','','7','1',''),
('1787815','2529021','825290211702125','','8','1',''),
('1787815','2529022','825290221702125','','8','1',''),
('1787815','2529023','825290231702125','','8','1',''),
('1787815','2529024','825290241702125','','8','1',''),
('1787815','2529025','825290251702125','','8','1',''),
('1787815','2529021','925290211702125','','9','1',''),
('1787815','2529022','925290221702125','','9','1',''),
('1787815','2529023','925290231702125','','9','1',''),
('1787815','2529024','925290241702125','','9','1',''),
('1787815','2529025','925290251702125','','9','1',''),
('1787816','2529026','125290261702126','','1','0',''),
('1787816','2529026','225290261702126','','2','0',''),
('1787817','2529026','125290261702127','','1','1',''),
('1787817','2529027','125290271702127','','1','1',''),
('1787817','2529026','225290261702127','','2','1',''),
('1787817','2529027','225290271702127','','2','1','');
INSERT INTO transfers (from_stop_id,to_stop_id,transfer_type,min_transfer_time) VALUES
('3663648','3619951','2','143'),
('3663648','3619953','2','90'),
('3663646','3619918','2','141'),
('3619932','3619800','2','49'),
('5675657','3619913','2','24'),
('3619940','4035961','2','35'),
('3663600','3619948','2','59'),
('3686552','3619938','2','108'),
('3686552','3619939','2','81'),
('3619929','3619750','2','138'),
('5675626','3619912','2','98'),
('3663600','3619947','2','88'),
('3686552','3619937','2','112'),
('3619940','4035960','2','98'),
('3619847','3619953','2','51'),
('3619847','3619954','2','81'),
('3686548','3619942','2','98'),
('5675660','3619940','2','98'),
('3619937','4035959','2','112'),
('3663573','3619951','2','143'),
('3663573','3619953','2','90'),
('3686543','3619914','2','142'),
('3663628','3619926','2','95'),
('3619940','4035959','2','108'),
('3619904','3619800','2','49'),
('3619850','3619955','2','95'),
('3619902','3686456','2','138'),
('3343809','3619914','2','203'),
('3619905','3619778','2','46'),
('3343809','3619913','2','191'),
('3619902','3686455','2','139'),
('3619901','3686392','2','139'),
('3619938','3619809','2','108'),
('3663571','3619918','2','59'),
('3619938','3619808','2','100'),
('3619901','3686390','2','138'),
('3663675','3619918','2','141'),
('3663571','3619917','2','88'),
('3663602','3619953','2','90'),
('3686546','3619914','2','24'),
('3663630','3619951','2','139'),
('3663602','3619951','2','143'),
('3663630','3619953','2','127'),
('3663704','3619923','2','127'),
('3343809','3619944','2','203'),
('3619849','3619956','2','95'),
('3343809','3619943','2','191'),
('3619908','3619804','2','21'),
('5688840','3619932','2','61'),
('3663571','3619947','2','88'),
('5688840','3619931','2','23'),
('3663571','3619948','2','59'),
('3663678','3619954','2','127'),
('3619910','3619806','2','31'),
('3663603','3619954','2','127'),
('3343810','3619913','2','191'),
('3343810','3619914','2','203'),
('5675658','3619911','2','98'),
('3663602','3619921','2','143'),
('3663602','3619923','2','90'),
('5688843','5944774','2','20'),
('3619929','3686390','2','138'),
('3619930','3619797','2','138'),
('3686552','3619940','2','108'),
('3619930','3619796','2','136'),
('3619929','3686392','2','139'),
('5675659','3619909','2','48'),
('3663646','3619948','2','141'),
('3619909','3619807','2','31'),
('3619909','3619808','2','138'),
('3663679','3619925','2','85'),
('3619901','3619798','2','91'),
('5675626','3619942','2','98'),
('3619901','3619797','2','138'),
('3619930','3619798','2','91'),
('3619901','3619796','2','136'),
('3619929','3686483','2','139'),
('3663575','3619925','2','85'),
('3686548','3619912','2','98'),
('3619929','3686484','2','138'),
('5675660','3619937','2','108'),
('5675660','3619939','2','76'),
('3619929','3686389','2','136'),
('5675660','3619938','2','100'),
('5675659','3619910','2','80'),
('5944775','3619777','2','59'),
('3619929','3619797','2','138'),
('3619929','3619796','2','136'),
('3619929','3619798','2','91'),
('3619902','3686483','2','139'),
('3619902','3686389','2','136'),
('3663678','3619924','2','127'),
('3619939','4035960','2','76'),
('3619902','3686484','2','138'),
('3619939','4035962','2','35'),
('3343810','3619943','2','191'),
('3619907','3619805','2','21'),
('3343810','3619944','2','203'),
('5675660','3619909','2','138'),
('3619903','3619751','2','71'),
('3686546','3619944','2','24'),
('3619929','3686455','2','139'),
('3619929','3686456','2','138'),
('3619929','3686317','2','139'),
('3619929','3686314','2','136'),
('3686551','3619909','2','138'),
('3619929','3686315','2','138'),
('3619903','3619801','2','49'),
('5675657','3619943','2','24'),
('5675625','3619909','2','83'),
('3619902','3686390','2','138'),
('3619902','3686392','2','139'),
('5675624','3619937','2','112'),
('5675624','3619938','2','108'),
('5675624','3619939','2','81'),
('3619902','3619796','2','136'),
('3619902','3619798','2','91'),
('3619914','4035965','2','24'),
('3619902','3619797','2','138'),
('3619914','4035968','2','142'),
('3619931','3619801','2','49'),
('3663632','3619918','2','42'),
('3343811','3619938','2','261'),
('3343811','3619937','2','249'),
('3619847','3619924','2','81'),
('5675658','3619941','2','98'),
('3619847','3619923','2','51'),
('3663679','3619955','2','85'),
('3619941','4035964','2','98'),
('3663632','3619917','2','72'),
('5675624','3619940','2','108'),
('5675625','3619910','2','115'),
('3619930','3686389','2','136'),
('5688842','5944775','2','20'),
('5675659','3619939','2','35'),
('3619937','3619809','2','112'),
('3619937','3619808','2','108'),
('3663604','3619955','2','85'),
('3619850','3619925','2','95'),
('3663632','3619948','2','42'),
('3663632','3619947','2','72'),
('3619942','4035963','2','98'),
('3619901','3619750','2','138'),
('3663600','3619918','2','59'),
('3663600','3619917','2','88'),
('3619930','3619750','2','138'),
('3663648','3619923','2','90'),
('3663630','3619923','2','127'),
('3663574','3619954','2','127'),
('3663648','3619921','2','143'),
('3619849','3619926','2','95'),
('3663630','3619921','2','139'),
('3619939','4035959','2','81'),
('3663628','3619956','2','95'),
('3619930','3686390','2','138'),
('5688840','3619903','2','23'),
('5688840','3619904','2','61'),
('3619930','3686392','2','139'),
('3619910','4035961','2','115'),
('3686550','3619909','2','83'),
('3619910','4035962','2','80'),
('3619940','3619809','2','108'),
('5675625','3619940','2','35'),
('3619940','3619807','2','80'),
('3619940','3619808','2','98'),
('3619940','3619806','2','48'),
('3619938','4035960','2','100'),
('3619901','3686314','2','136'),
('3619901','3686315','2','138'),
('3663604','3619925','2','85'),
('3686549','3619910','2','80'),
('3619901','3686317','2','139'),
('5675656','3619914','2','142'),
('3686549','3619909','2','48'),
('3619906','3619802','2','90'),
('3619912','4035963','2','98'),
('3686545','3619943','2','24'),
('3619904','3619751','2','49'),
('3619913','4035966','2','24'),
('3619848','3619923','2','127'),
('3663629','3619953','2','127'),
('3663677','3619953','2','90'),
('3686547','3619911','2','98'),
('3663677','3619951','2','143'),
('3663574','3619924','2','127'),
('3619938','4035959','2','108'),
('3619909','4035962','2','48'),
('3686550','3619910','2','115'),
('3619909','4035961','2','83'),
('3619909','4035960','2','138'),
('3619959','3619778','2','61'),
('3663707','3619947','2','72'),
('3663707','3619948','2','42'),
('3619905','3619803','2','90'),
('3686545','3619913','2','24'),
('3619930','3686455','2','139'),
('5675656','3619944','2','142'),
('3619930','3686456','2','138'),
('3663650','3619955','2','85'),
('3663705','3619923','2','127'),
('3619906','3619778','2','61'),
('3619943','4035966','2','24'),
('3663705','3619921','2','139'),
('5675627','3619944','2','24'),
('3619944','4035968','2','142'),
('3619944','4035965','2','24'),
('3663649','3619924','2','127'),
('3663677','3619923','2','90'),
('3686549','3619939','2','35'),
('3619901','3686483','2','139'),
('3619901','3686484','2','138'),
('3663675','3619948','2','141'),
('3686547','3619941','2','98'),
('3663629','3619923','2','127'),
('3663677','3619921','2','143'),
('3619902','3686317','2','139'),
('3619901','3686455','2','139'),
('3619901','3686456','2','138'),
('3663707','3619918','2','42'),
('3663707','3619917','2','72'),
('3619937','4035960','2','108'),
('3619902','3686315','2','138'),
('3686550','3619940','2','35'),
('3619902','3686314','2','136'),
('3619852','3619928','2','125'),
('3619852','3619927','2','125'),
('3663573','3619921','2','143'),
('3663573','3619923','2','90'),
('5688841','3619903','2','49'),
('3663705','3619953','2','127'),
('5944774','3619777','2','38'),
('3663703','3619956','2','95'),
('3619931','3619751','2','71'),
('3663705','3619951','2','139'),
('5688853','3619905','2','90'),
('3619848','3619953','2','127'),
('5688841','3619931','2','49'),
('3619911','4035964','2','98'),
('3343812','3619938','2','261'),
('3343812','3619937','2','249'),
('3663575','3619955','2','85'),
('3619930','3686317','2','139'),
('3619939','3619807','2','115'),
('3619939','3619808','2','76'),
('3619930','3686314','2','136'),
('3619939','3619809','2','81'),
('3619930','3686315','2','138'),
('3686551','3619938','2','100'),
('3619939','3619806','2','83'),
('3686551','3619937','2','108'),
('3663649','3619954','2','127'),
('3686551','3619939','2','76'),
('3663603','3619924','2','127'),
('3619901','3686389','2','136'),
('3619932','3619751','2','49'),
('3619852','3619957','2','125'),
('3619902','3619750','2','138'),
('3686543','3619944','2','142'),
('3619852','3619958','2','125'),
('3663703','3619926','2','95'),
('3686551','3619940','2','98'),
('5675627','3619914','2','24'),
('3663650','3619925','2','85'),
('3619959','3619802','2','90'),
('3619930','3686483','2','139'),
('3663704','3619953','2','127'),
('3619930','3686484','2','138');
INSERT INTO stops (stop_id,stop_code,stop_name,stop_desc,stop_lat,stop_lon,location_type,parent_station) VALUES
('3619920','','RUE DE LILLE','163 AVENUE DE LA REPUBLIQUE - 94046','48.80751530813747','2.4465479290850816','0',''),
('3619921','','RUE DE MARSEILLE','188-190 AVENUE DE LA REPUBLIQUE - 94046','48.8085087940974','2.4509860647156647','0',''),
('3619928','','LOUIS FLICHE','AVENUE DE VERDUN - 94046','48.80764356796923','2.4623326343241865','0',''),
('3619929','','MAISONS-ALFORT - ALFORTVILLE RER','RUE FLEUTIAUX - 94046','48.80170746252592','2.427120352683719','0',''),
('3619926','','PLANETES','FACE 40 RUE DANIELLE CASANOVA - 94046','48.80920283908823','2.458090794440443','0',''),
('3619927','','LOUIS FLICHE','AVENUE DE VERDUN - 94046','48.80764356796923','2.4623326343241865','0',''),
('5944775','','HUGO - BLUM','31-33 RUE VICTOR HUGO - 94046','48.80046006629337','2.4360433254631566','0',''),
('3619924','','PONT DE MAISONS-ALFORT','FACE 2 RUE DE VENUS - 94046','48.809556539237605','2.4549210064796254','0',''),
('3619925','','PLANETES','28-30 RUE DANIELLE CASANOVA - 94046','48.80847577963164','2.4571501852467024','0',''),
('5944774','','HUGO - BLUM','34 RUE VICTOR HUGO - 94046','48.800388411797904','2.4357438710791275','0',''),
('3619922','','RUE DE MARSEILLE','203-205 AVENUE DE LA REPUBLIQUE - 94046','48.80853636695173','2.4503465723981237','0',''),
('3619923','','PONT DE MAISONS-ALFORT','212 AVENUE DE LA REPUBLIQUE - 94046','48.809081950256626','2.453123721150605','0',''),
('3619932','','MAIRIE DE MAISONS-ALFORT','FACE 10 AVENUE DE LA REPUBLIQUE - 94046','48.80102123483813','2.431200824049608','0',''),
('3619931','','MAIRIE DE MAISONS-ALFORT','FACE 5 AVENUE DE LA REPUBLIQUE - 94046','48.80124540222661','2.4318679035505806','0',''),
('3619930','','MAISONS-ALFORT - ALFORTVILLE RER','RUE FLEUTIAUX - 94046','48.80170746252592','2.427120352683719','0',''),
('3619939','','REPUBLIQUE - GENERAL LECLERC','217 AVENUE DU GENERAL LECLERC - 94046','48.805524382090894','2.4416861410299107','0',''),
('3619938','','LES JUILLIOTTES-METRO','R DU 18 JUIN 1940 - 94046','48.803959387648305','2.44294837928452','0',''),
('3619937','','LES JUILLIOTTES-METRO','R DU 18 JUIN 1940 - 94046','48.8039322790836','2.443111599652133','0',''),
('3619936','','COLLEGE DE STAEL','81 RUE VICTOR HUGO - 94046','48.79977164185796','2.4422868047721535','0',''),
('3619935','','COLLEGE DE STAEL','FACE 81 RUE VICTOR HUGO - 94046','48.799609752657105','2.4424089237628346','0',''),
('3619910','','REPUBLIQUE - GENERAL LECLERC','89 AVENUE DE LA REPUBLIQUE - 94046','48.80545399557705','2.4399443425477574','0',''),
('3619915','','GABRIEL PERI','20 AVENUE GAMBETTA - 94046','48.81004937608928','2.436864439987811','0',''),
('3619916','','GABRIEL PERI','29-27 AVENUE GAMBETTA - 94046','48.810156451066995','2.437789984433616','0',''),
('3619917','','RENE COTY','FACE 67 AVENUE GAMBETTA - 94046','48.80993660161347','2.4425795286496297','0',''),
('3619918','','RENE COTY','69 AVENUE GAMBETTA - 94046','48.81002608092642','2.4430287706765292','0',''),
('3619911','','CECILE','179 AVENUE DU GENERAL LECLERC - 94046','48.80734290991733','2.4382199658929267','0',''),
('3619912','','CECILE','36 AVENUE DU GENERAL LECLERC - 94046','48.80774850682101','2.4368600252046866','0',''),
('3619913','','STADE-METRO','149-151 AVENUE DU GENERAL LECLERC - 94046','48.80911631720834','2.4348487169483812','0',''),
('3619914','','STADE-METRO','FACE 149 AVENUE DU GENERAL LECLERC - 94046','48.80902672915068','2.434494750157377','0',''),
('3619941','','CECILE','179 AVENUE DU GENERAL LECLERC - 94046','48.80734290991733','2.4382199658929267','0',''),
('3619940','','REPUBLIQUE - GENERAL LECLERC','86 AVENUE DU GENERAL LECLERC - 94046','48.8054799076782','2.4411553902120193','0',''),
('3619943','','STADE-METRO','149-151 AVENUE DU GENERAL LECLERC - 94046','48.80911631720834','2.4348487169483812','0',''),
('3619942','','CECILE','36 AVENUE DU GENERAL LECLERC - 94046','48.80774850682101','2.4368600252046866','0',''),
('3619919','','RUE DE LILLE','144/146 AVENUE DE LA REPUBLIQUE - 94046','48.80740717945205','2.446847060018518','0',''),
('3619949','','RUE DE LILLE','144/146 AVENUE DE LA REPUBLIQUE - 94046','48.80740717945205','2.446847060018518','0',''),
('3619948','','RENE COTY','69 AVENUE GAMBETTA - 94046','48.81002608092642','2.4430287706765292','0',''),
('3619945','','GABRIEL PERI','20 AVENUE GAMBETTA - 94046','48.81004937608928','2.436864439987811','0',''),
('3619944','','STADE-METRO','FACE 149 AVENUE DU GENERAL LECLERC - 94046','48.80902672915068','2.434494750157377','0',''),
('3619947','','RENE COTY','FACE 67 AVENUE GAMBETTA - 94046','48.80993660161347','2.4425795286496297','0',''),
('3619946','','GABRIEL PERI','29-27 AVENUE GAMBETTA - 94046','48.810156451066995','2.437789984433616','0',''),
('3619902','','MAISONS-ALFORT - ALFORTVILLE RER','RUE FLEUTIAUX - 94046','48.80170746252592','2.427120352683719','0',''),
('3619903','','MAIRIE DE MAISONS-ALFORT','FACE 5 AVENUE DE LA REPUBLIQUE - 94046','48.80124540222661','2.4318679035505806','0',''),
('3619901','','MAISONS-ALFORT - ALFORTVILLE RER','RUE FLEUTIAUX - 94046','48.80170746252592','2.427120352683719','0',''),
('3619906','','REPUBLIQUE - BLUM','FACE 34 AVENUE DE LA REPUBLIQUE - 94046','48.80259233185019','2.4334214355511814','0',''),
('3619907','','JOUET','70 AVENUE DE LA REPUBLIQUE - 94046','48.80401841347209','2.4370433573936943','0',''),
('3619904','','MAIRIE DE MAISONS-ALFORT','FACE 10 AVENUE DE LA REPUBLIQUE - 94046','48.80102123483813','2.431200824049608','0',''),
('3619905','','REPUBLIQUE - BLUM','FACE 37 AVENUE DE LA REPUBLIQUE - 94046','48.80300476414455','2.434660350132125','0',''),
('3619950','','RUE DE LILLE','163 AVENUE DE LA REPUBLIQUE - 94046','48.80751530813747','2.4465479290850816','0',''),
('3619909','','REPUBLIQUE - GENERAL LECLERC','FACE 89 AVENUE DE LA REPUBLIQUE - 94046','48.80545358362177','2.4404205760320155','0',''),
('3619908','','JOUET','FACE 70 AVENUE DE LA REPUBLIQUE - 94046','48.80408159015529','2.4367305331414872','0',''),
('3619954','','PONT DE MAISONS-ALFORT','FACE 2 RUE DE VENUS - 94046','48.809556539237605','2.4549210064796254','0',''),
('3619953','','PONT DE MAISONS-ALFORT','212 AVENUE DE LA REPUBLIQUE - 94046','48.809081950256626','2.453123721150605','0',''),
('3619952','','RUE DE MARSEILLE','203-205 AVENUE DE LA REPUBLIQUE - 94046','48.80853636695173','2.4503465723981237','0',''),
('3619951','','RUE DE MARSEILLE','188-190 AVENUE DE LA REPUBLIQUE - 94046','48.8085087940974','2.4509860647156647','0',''),
('3619958','','LOUIS FLICHE','AVENUE DE VERDUN - 94046','48.80764356796923','2.4623326343241865','0',''),
('3619957','','LOUIS FLICHE','AVENUE DE VERDUN - 94046','48.80764356796923','2.4623326343241865','0',''),
('3619956','','PLANETES','FACE 40 RUE DANIELLE CASANOVA - 94046','48.80920283908823','2.458090794440443','0',''),
('3619955','','PLANETES','28-30 RUE DANIELLE CASANOVA - 94046','48.80847577963164','2.4571501852467024','0',''),
('3619959','','REPUBLIQUE - BLUM','FACE 34 AVENUE DE LA REPUBLIQUE - 94046','48.80259233185019','2.4334214355511814','0','');
