INSERT INTO stop_times (trip_id,arrival_time,departure_time,stop_id,stop_sequence,stop_headsign,shape_dist_traveled) VALUES
('1025243860938142','17:35:00','17:35:00','4009140','1','',''),
('1025243860938142','17:37:00','17:37:00','4009141','2','',''),
('1025243860938142','17:37:00','17:37:00','4009142','3','',''),
('1025243860938142','17:39:00','17:39:00','4009143','4','',''),
('1025243860938142','17:39:00','17:39:00','4009144','5','',''),
('1025243860938142','17:40:00','17:40:00','4009145','6','',''),
('1025243860938142','17:41:00','17:41:00','4009146','7','',''),
('1025243860938142','17:42:00','17:42:00','4009147','8','',''),
('1025243860938142','17:44:00','17:44:00','4009148','9','',''),
('1025243860938142','17:45:00','17:45:00','4009149','10','',''),
('1025243860938142','17:47:00','17:47:00','4009150','11','',''),
('1025243860938142','17:48:00','17:48:00','4009151','12','',''),
('1025243860938142','17:48:00','17:48:00','4009152','13','',''),
('1025243860938142','17:49:00','17:49:00','4009153','14','',''),
('1025243860938142','17:49:00','17:49:00','4009154','15','',''),
('1025243860938142','17:50:00','17:50:00','4009155','16','',''),
('1025243860938142','17:52:00','17:52:00','4009156','17','',''),
('1025243860938142','17:53:00','17:53:00','4009157','18','',''),
('1025243860938142','17:55:00','17:55:00','4009158','19','',''),
('1025243860938142','17:56:00','17:56:00','4009159','20','',''),
('1025243860938142','17:57:00','17:57:00','4009160','21','',''),
('1025243860938142','17:58:00','17:58:00','4009161','22','',''),
('1025243860938142','17:59:00','17:59:00','4009162','23','',''),
('1025243860938142','18:00:00','18:00:00','4009163','24','',''),
('1025243860938142','18:01:00','18:01:00','4009164','25','',''),
('1025243860938142','18:02:00','18:02:00','4009165','26','',''),
('1025243860938142','18:03:00','18:03:00','4009166','27','',''),
('1025243860938142','18:03:00','18:03:00','4009167','28','',''),
('1025243860938142','18:05:00','18:05:00','4009168','29','',''),
('1025243860938142','18:07:00','18:07:00','4009169','30','',''),
('1025243860938142','18:08:00','18:08:00','4009170','31','',''),
('1025243860938142','18:09:00','18:09:00','4009171','32','',''),
('1025243860938142','18:10:00','18:10:00','4009172','33','',''),
('1025243860938142','18:11:00','18:11:00','4009173','34','',''),
('1025243860938142','18:12:00','18:12:00','4009174','35','',''),
('1025243860938142','18:12:00','18:12:00','4009175','36','',''),
('1025243860938142','18:13:00','18:13:00','4009176','37','',''),
('1025243860938142','18:15:00','18:15:00','4009177','38','',''),
('1025243860938142','18:16:00','18:16:00','4009178','39','',''),
('1025243860938142','18:18:00','18:18:00','4009179','40','',''),
('1025243860938142','18:20:00','18:20:00','4473212','41','',''),
('1025243860938142','18:25:00','18:25:00','4009182','42','',''),
('1125243860938142','18:35:00','18:35:00','4009140','1','',''),
('1125243860938142','18:37:00','18:37:00','4009141','2','',''),
('1125243860938142','18:37:00','18:37:00','4009142','3','',''),
('1125243860938142','18:39:00','18:39:00','4009143','4','',''),
('1125243860938142','18:39:00','18:39:00','4009144','5','',''),
('1125243860938142','18:40:00','18:40:00','4009145','6','',''),
('1125243860938142','18:41:00','18:41:00','4009146','7','',''),
('1125243860938142','18:42:00','18:42:00','4009147','8','',''),
('1125243860938142','18:44:00','18:44:00','4009148','9','',''),
('1125243860938142','18:45:00','18:45:00','4009149','10','',''),
('1125243860938142','18:47:00','18:47:00','4009150','11','',''),
('1125243860938142','18:48:00','18:48:00','4009151','12','',''),
('1125243860938142','18:48:00','18:48:00','4009152','13','',''),
('1125243860938142','18:49:00','18:49:00','4009153','14','',''),
('1125243860938142','18:49:00','18:49:00','4009154','15','',''),
('1125243860938142','18:50:00','18:50:00','4009155','16','',''),
('1125243860938142','18:52:00','18:52:00','4009156','17','',''),
('1125243860938142','18:53:00','18:53:00','4009157','18','',''),
('1125243860938142','18:55:00','18:55:00','4009158','19','',''),
('1125243860938142','18:56:00','18:56:00','4009159','20','',''),
('1125243860938142','18:57:00','18:57:00','4009160','21','',''),
('1125243860938142','18:58:00','18:58:00','4009161','22','',''),
('1125243860938142','18:59:00','18:59:00','4009162','23','',''),
('1125243860938142','19:00:00','19:00:00','4009163','24','',''),
('1125243860938142','19:01:00','19:01:00','4009164','25','',''),
('1125243860938142','19:02:00','19:02:00','4009165','26','',''),
('1125243860938142','19:03:00','19:03:00','4009166','27','',''),
('1125243860938142','19:03:00','19:03:00','4009167','28','',''),
('1125243860938142','19:05:00','19:05:00','4009168','29','',''),
('1125243860938142','19:07:00','19:07:00','4009169','30','',''),
('1125243860938142','19:08:00','19:08:00','4009170','31','',''),
('1125243860938142','19:09:00','19:09:00','4009171','32','',''),
('1125243860938142','19:10:00','19:10:00','4009172','33','',''),
('1125243860938142','19:11:00','19:11:00','4009173','34','',''),
('1125243860938142','19:12:00','19:12:00','4009174','35','',''),
('1125243860938142','19:12:00','19:12:00','4009175','36','',''),
('1125243860938142','19:13:00','19:13:00','4009176','37','',''),
('1125243860938142','19:15:00','19:15:00','4009177','38','',''),
('1125243860938142','19:16:00','19:16:00','4009178','39','',''),
('1125243860938142','19:18:00','19:18:00','4009179','40','',''),
('1125243860938142','19:20:00','19:20:00','4473212','41','',''),
('1125243860938142','19:25:00','19:25:00','4009182','42','',''),
('125243860938142','07:45:00','07:45:00','4009140','1','',''),
('125243860938142','07:47:00','07:47:00','4009141','2','',''),
('125243860938142','07:47:00','07:47:00','4009142','3','',''),
('125243860938142','07:49:00','07:49:00','4009143','4','',''),
('125243860938142','07:49:00','07:49:00','4009144','5','',''),
('125243860938142','07:50:00','07:50:00','4009145','6','',''),
('125243860938142','07:51:00','07:51:00','4009146','7','',''),
('125243860938142','07:52:00','07:52:00','4009147','8','',''),
('125243860938142','07:54:00','07:54:00','4009148','9','',''),
('125243860938142','07:55:00','07:55:00','4009149','10','',''),
('125243860938142','07:57:00','07:57:00','4009150','11','',''),
('125243860938142','07:58:00','07:58:00','4009151','12','',''),
('125243860938142','07:58:00','07:58:00','4009152','13','',''),
('125243860938142','07:59:00','07:59:00','4009153','14','',''),
('125243860938142','08:00:00','08:00:00','4009154','15','',''),
('125243860938142','08:01:00','08:01:00','4009155','16','',''),
('125243860938142','08:03:00','08:03:00','4009156','17','',''),
('125243860938142','08:04:00','08:04:00','4009157','18','',''),
('125243860938142','08:07:00','08:07:00','4009158','19','',''),
('125243860938142','08:08:00','08:08:00','4009159','20','',''),
('125243860938142','08:09:00','08:09:00','4009160','21','',''),
('125243860938142','08:10:00','08:10:00','4009161','22','',''),
('125243860938142','08:11:00','08:11:00','4009162','23','',''),
('125243860938142','08:12:00','08:12:00','4009163','24','',''),
('125243860938142','08:14:00','08:14:00','4009164','25','',''),
('125243860938142','08:15:00','08:15:00','4009165','26','',''),
('125243860938142','08:16:00','08:16:00','4009166','27','',''),
('125243860938142','08:16:00','08:16:00','4009167','28','',''),
('125243860938142','08:19:00','08:19:00','4009168','29','',''),
('125243860938142','08:21:00','08:21:00','4009169','30','',''),
('125243860938142','08:22:00','08:22:00','4009170','31','',''),
('125243860938142','08:23:00','08:23:00','4009171','32','',''),
('125243860938142','08:24:00','08:24:00','4009172','33','',''),
('125243860938142','08:25:00','08:25:00','4009173','34','',''),
('125243860938142','08:26:00','08:26:00','4009174','35','',''),
('125243860938142','08:27:00','08:27:00','4009175','36','',''),
('125243860938142','08:28:00','08:28:00','4009176','37','',''),
('125243860938142','08:30:00','08:30:00','4009177','38','',''),
('125243860938142','08:32:00','08:32:00','4009178','39','',''),
('125243860938142','08:35:00','08:35:00','4009179','40','',''),
('125243860938142','08:38:00','08:38:00','4473212','41','',''),
('125243860938142','08:45:00','08:45:00','4009182','42','',''),
('225243860938142','09:10:00','09:10:00','4009140','1','',''),
('225243860938142','09:12:00','09:12:00','4009141','2','',''),
('225243860938142','09:12:00','09:12:00','4009142','3','',''),
('225243860938142','09:14:00','09:14:00','4009143','4','',''),
('225243860938142','09:14:00','09:14:00','4009144','5','',''),
('225243860938142','09:15:00','09:15:00','4009145','6','',''),
('225243860938142','09:16:00','09:16:00','4009146','7','',''),
('225243860938142','09:17:00','09:17:00','4009147','8','',''),
('225243860938142','09:19:00','09:19:00','4009148','9','',''),
('225243860938142','09:20:00','09:20:00','4009149','10','',''),
('225243860938142','09:22:00','09:22:00','4009150','11','',''),
('225243860938142','09:23:00','09:23:00','4009151','12','',''),
('225243860938142','09:23:00','09:23:00','4009152','13','',''),
('225243860938142','09:24:00','09:24:00','4009153','14','',''),
('225243860938142','09:24:00','09:24:00','4009154','15','',''),
('225243860938142','09:25:00','09:25:00','4009155','16','',''),
('225243860938142','09:27:00','09:27:00','4009156','17','',''),
('225243860938142','09:28:00','09:28:00','4009157','18','',''),
('225243860938142','09:30:00','09:30:00','4009158','19','',''),
('225243860938142','09:31:00','09:31:00','4009159','20','',''),
('225243860938142','09:32:00','09:32:00','4009160','21','',''),
('225243860938142','09:33:00','09:33:00','4009161','22','',''),
('225243860938142','09:34:00','09:34:00','4009162','23','',''),
('225243860938142','09:35:00','09:35:00','4009163','24','',''),
('225243860938142','09:36:00','09:36:00','4009164','25','',''),
('225243860938142','09:37:00','09:37:00','4009165','26','',''),
('225243860938142','09:38:00','09:38:00','4009166','27','',''),
('225243860938142','09:38:00','09:38:00','4009167','28','',''),
('225243860938142','09:40:00','09:40:00','4009168','29','',''),
('225243860938142','09:42:00','09:42:00','4009169','30','',''),
('225243860938142','09:43:00','09:43:00','4009170','31','',''),
('225243860938142','09:44:00','09:44:00','4009171','32','',''),
('225243860938142','09:45:00','09:45:00','4009172','33','',''),
('225243860938142','09:46:00','09:46:00','4009173','34','',''),
('225243860938142','09:47:00','09:47:00','4009174','35','',''),
('225243860938142','09:47:00','09:47:00','4009175','36','',''),
('225243860938142','09:48:00','09:48:00','4009176','37','',''),
('225243860938142','09:50:00','09:50:00','4009177','38','',''),
('225243860938142','09:51:00','09:51:00','4009178','39','',''),
('225243860938142','09:53:00','09:53:00','4009179','40','',''),
('225243860938142','09:55:00','09:55:00','4473212','41','',''),
('225243860938142','10:00:00','10:00:00','4009182','42','',''),
('325243860938142','10:10:00','10:10:00','4009140','1','',''),
('325243860938142','10:12:00','10:12:00','4009141','2','',''),
('325243860938142','10:12:00','10:12:00','4009142','3','',''),
('325243860938142','10:14:00','10:14:00','4009143','4','',''),
('325243860938142','10:14:00','10:14:00','4009144','5','',''),
('325243860938142','10:15:00','10:15:00','4009145','6','',''),
('325243860938142','10:16:00','10:16:00','4009146','7','',''),
('325243860938142','10:17:00','10:17:00','4009147','8','',''),
('325243860938142','10:19:00','10:19:00','4009148','9','',''),
('325243860938142','10:20:00','10:20:00','4009149','10','',''),
('325243860938142','10:22:00','10:22:00','4009150','11','',''),
('325243860938142','10:23:00','10:23:00','4009151','12','',''),
('325243860938142','10:23:00','10:23:00','4009152','13','',''),
('325243860938142','10:24:00','10:24:00','4009153','14','',''),
('325243860938142','10:24:00','10:24:00','4009154','15','',''),
('325243860938142','10:25:00','10:25:00','4009155','16','',''),
('325243860938142','10:27:00','10:27:00','4009156','17','',''),
('325243860938142','10:28:00','10:28:00','4009157','18','',''),
('325243860938142','10:30:00','10:30:00','4009158','19','',''),
('325243860938142','10:31:00','10:31:00','4009159','20','',''),
('325243860938142','10:32:00','10:32:00','4009160','21','',''),
('325243860938142','10:33:00','10:33:00','4009161','22','',''),
('325243860938142','10:34:00','10:34:00','4009162','23','',''),
('325243860938142','10:35:00','10:35:00','4009163','24','',''),
('325243860938142','10:36:00','10:36:00','4009164','25','',''),
('325243860938142','10:37:00','10:37:00','4009165','26','',''),
('325243860938142','10:38:00','10:38:00','4009166','27','',''),
('325243860938142','10:38:00','10:38:00','4009167','28','',''),
('325243860938142','10:40:00','10:40:00','4009168','29','',''),
('325243860938142','10:42:00','10:42:00','4009169','30','',''),
('325243860938142','10:43:00','10:43:00','4009170','31','',''),
('325243860938142','10:44:00','10:44:00','4009171','32','',''),
('325243860938142','10:45:00','10:45:00','4009172','33','',''),
('325243860938142','10:46:00','10:46:00','4009173','34','',''),
('325243860938142','10:47:00','10:47:00','4009174','35','',''),
('325243860938142','10:47:00','10:47:00','4009175','36','',''),
('325243860938142','10:48:00','10:48:00','4009176','37','',''),
('325243860938142','10:50:00','10:50:00','4009177','38','',''),
('325243860938142','10:51:00','10:51:00','4009178','39','',''),
('325243860938142','10:53:00','10:53:00','4009179','40','',''),
('325243860938142','10:55:00','10:55:00','4473212','41','',''),
('325243860938142','11:00:00','11:00:00','4009182','42','',''),
('425243860938142','11:10:00','11:10:00','4009140','1','',''),
('425243860938142','11:12:00','11:12:00','4009141','2','',''),
('425243860938142','11:12:00','11:12:00','4009142','3','',''),
('425243860938142','11:14:00','11:14:00','4009143','4','',''),
('425243860938142','11:14:00','11:14:00','4009144','5','',''),
('425243860938142','11:15:00','11:15:00','4009145','6','',''),
('425243860938142','11:16:00','11:16:00','4009146','7','',''),
('425243860938142','11:17:00','11:17:00','4009147','8','',''),
('425243860938142','11:19:00','11:19:00','4009148','9','',''),
('425243860938142','11:20:00','11:20:00','4009149','10','',''),
('425243860938142','11:22:00','11:22:00','4009150','11','',''),
('425243860938142','11:23:00','11:23:00','4009151','12','',''),
('425243860938142','11:23:00','11:23:00','4009152','13','',''),
('425243860938142','11:24:00','11:24:00','4009153','14','',''),
('425243860938142','11:24:00','11:24:00','4009154','15','',''),
('425243860938142','11:25:00','11:25:00','4009155','16','',''),
('425243860938142','11:27:00','11:27:00','4009156','17','',''),
('425243860938142','11:28:00','11:28:00','4009157','18','',''),
('425243860938142','11:30:00','11:30:00','4009158','19','',''),
('425243860938142','11:31:00','11:31:00','4009159','20','',''),
('425243860938142','11:32:00','11:32:00','4009160','21','',''),
('425243860938142','11:33:00','11:33:00','4009161','22','',''),
('425243860938142','11:34:00','11:34:00','4009162','23','',''),
('425243860938142','11:35:00','11:35:00','4009163','24','',''),
('425243860938142','11:36:00','11:36:00','4009164','25','',''),
('425243860938142','11:37:00','11:37:00','4009165','26','',''),
('425243860938142','11:38:00','11:38:00','4009166','27','',''),
('425243860938142','11:38:00','11:38:00','4009167','28','',''),
('425243860938142','11:40:00','11:40:00','4009168','29','',''),
('425243860938142','11:42:00','11:42:00','4009169','30','',''),
('425243860938142','11:43:00','11:43:00','4009170','31','',''),
('425243860938142','11:44:00','11:44:00','4009171','32','',''),
('425243860938142','11:45:00','11:45:00','4009172','33','',''),
('425243860938142','11:46:00','11:46:00','4009173','34','',''),
('425243860938142','11:47:00','11:47:00','4009174','35','',''),
('425243860938142','11:47:00','11:47:00','4009175','36','',''),
('425243860938142','11:48:00','11:48:00','4009176','37','',''),
('425243860938142','11:50:00','11:50:00','4009177','38','',''),
('425243860938142','11:51:00','11:51:00','4009178','39','',''),
('425243860938142','11:53:00','11:53:00','4009179','40','',''),
('425243860938142','11:55:00','11:55:00','4473212','41','',''),
('425243860938142','12:00:00','12:00:00','4009182','42','',''),
('525243860938142','12:10:00','12:10:00','4009140','1','',''),
('525243860938142','12:12:00','12:12:00','4009141','2','',''),
('525243860938142','12:12:00','12:12:00','4009142','3','',''),
('525243860938142','12:14:00','12:14:00','4009143','4','',''),
('525243860938142','12:14:00','12:14:00','4009144','5','',''),
('525243860938142','12:15:00','12:15:00','4009145','6','',''),
('525243860938142','12:16:00','12:16:00','4009146','7','',''),
('525243860938142','12:17:00','12:17:00','4009147','8','',''),
('525243860938142','12:19:00','12:19:00','4009148','9','',''),
('525243860938142','12:20:00','12:20:00','4009149','10','',''),
('525243860938142','12:22:00','12:22:00','4009150','11','',''),
('525243860938142','12:23:00','12:23:00','4009151','12','',''),
('525243860938142','12:23:00','12:23:00','4009152','13','',''),
('525243860938142','12:24:00','12:24:00','4009153','14','',''),
('525243860938142','12:24:00','12:24:00','4009154','15','',''),
('525243860938142','12:25:00','12:25:00','4009155','16','',''),
('525243860938142','12:27:00','12:27:00','4009156','17','',''),
('525243860938142','12:28:00','12:28:00','4009157','18','',''),
('525243860938142','12:30:00','12:30:00','4009158','19','',''),
('525243860938142','12:31:00','12:31:00','4009159','20','',''),
('525243860938142','12:32:00','12:32:00','4009160','21','',''),
('525243860938142','12:33:00','12:33:00','4009161','22','',''),
('525243860938142','12:34:00','12:34:00','4009162','23','',''),
('525243860938142','12:35:00','12:35:00','4009163','24','',''),
('525243860938142','12:36:00','12:36:00','4009164','25','',''),
('525243860938142','12:37:00','12:37:00','4009165','26','',''),
('525243860938142','12:38:00','12:38:00','4009166','27','',''),
('525243860938142','12:38:00','12:38:00','4009167','28','',''),
('525243860938142','12:40:00','12:40:00','4009168','29','',''),
('525243860938142','12:42:00','12:42:00','4009169','30','',''),
('525243860938142','12:43:00','12:43:00','4009170','31','',''),
('525243860938142','12:44:00','12:44:00','4009171','32','',''),
('525243860938142','12:45:00','12:45:00','4009172','33','',''),
('525243860938142','12:46:00','12:46:00','4009173','34','',''),
('525243860938142','12:47:00','12:47:00','4009174','35','',''),
('525243860938142','12:47:00','12:47:00','4009175','36','',''),
('525243860938142','12:48:00','12:48:00','4009176','37','',''),
('525243860938142','12:50:00','12:50:00','4009177','38','',''),
('525243860938142','12:51:00','12:51:00','4009178','39','',''),
('525243860938142','12:53:00','12:53:00','4009179','40','',''),
('525243860938142','12:55:00','12:55:00','4473212','41','',''),
('525243860938142','13:00:00','13:00:00','4009182','42','',''),
('625243860938142','13:10:00','13:10:00','4009140','1','',''),
('625243860938142','13:12:00','13:12:00','4009141','2','',''),
('625243860938142','13:12:00','13:12:00','4009142','3','',''),
('625243860938142','13:14:00','13:14:00','4009143','4','',''),
('625243860938142','13:14:00','13:14:00','4009144','5','',''),
('625243860938142','13:15:00','13:15:00','4009145','6','',''),
('625243860938142','13:16:00','13:16:00','4009146','7','',''),
('625243860938142','13:17:00','13:17:00','4009147','8','',''),
('625243860938142','13:19:00','13:19:00','4009148','9','',''),
('625243860938142','13:20:00','13:20:00','4009149','10','',''),
('625243860938142','13:22:00','13:22:00','4009150','11','',''),
('625243860938142','13:23:00','13:23:00','4009151','12','',''),
('625243860938142','13:23:00','13:23:00','4009152','13','',''),
('625243860938142','13:24:00','13:24:00','4009153','14','',''),
('625243860938142','13:24:00','13:24:00','4009154','15','',''),
('625243860938142','13:25:00','13:25:00','4009155','16','',''),
('625243860938142','13:27:00','13:27:00','4009156','17','',''),
('625243860938142','13:28:00','13:28:00','4009157','18','',''),
('625243860938142','13:30:00','13:30:00','4009158','19','',''),
('625243860938142','13:31:00','13:31:00','4009159','20','',''),
('625243860938142','13:32:00','13:32:00','4009160','21','',''),
('625243860938142','13:33:00','13:33:00','4009161','22','',''),
('625243860938142','13:34:00','13:34:00','4009162','23','',''),
('625243860938142','13:35:00','13:35:00','4009163','24','',''),
('625243860938142','13:36:00','13:36:00','4009164','25','',''),
('625243860938142','13:37:00','13:37:00','4009165','26','',''),
('625243860938142','13:38:00','13:38:00','4009166','27','',''),
('625243860938142','13:38:00','13:38:00','4009167','28','',''),
('625243860938142','13:40:00','13:40:00','4009168','29','',''),
('625243860938142','13:42:00','13:42:00','4009169','30','',''),
('625243860938142','13:43:00','13:43:00','4009170','31','',''),
('625243860938142','13:44:00','13:44:00','4009171','32','',''),
('625243860938142','13:45:00','13:45:00','4009172','33','',''),
('625243860938142','13:46:00','13:46:00','4009173','34','',''),
('625243860938142','13:47:00','13:47:00','4009174','35','',''),
('625243860938142','13:47:00','13:47:00','4009175','36','',''),
('625243860938142','13:48:00','13:48:00','4009176','37','',''),
('625243860938142','13:50:00','13:50:00','4009177','38','',''),
('625243860938142','13:51:00','13:51:00','4009178','39','',''),
('625243860938142','13:53:00','13:53:00','4009179','40','',''),
('625243860938142','13:55:00','13:55:00','4473212','41','',''),
('625243860938142','14:00:00','14:00:00','4009182','42','',''),
('725243860938142','14:10:00','14:10:00','4009140','1','',''),
('725243860938142','14:12:00','14:12:00','4009141','2','',''),
('725243860938142','14:12:00','14:12:00','4009142','3','',''),
('725243860938142','14:14:00','14:14:00','4009143','4','',''),
('725243860938142','14:14:00','14:14:00','4009144','5','',''),
('725243860938142','14:15:00','14:15:00','4009145','6','',''),
('725243860938142','14:16:00','14:16:00','4009146','7','',''),
('725243860938142','14:17:00','14:17:00','4009147','8','',''),
('725243860938142','14:19:00','14:19:00','4009148','9','',''),
('725243860938142','14:20:00','14:20:00','4009149','10','',''),
('725243860938142','14:22:00','14:22:00','4009150','11','',''),
('725243860938142','14:23:00','14:23:00','4009151','12','',''),
('725243860938142','14:23:00','14:23:00','4009152','13','',''),
('725243860938142','14:24:00','14:24:00','4009153','14','',''),
('725243860938142','14:24:00','14:24:00','4009154','15','',''),
('725243860938142','14:25:00','14:25:00','4009155','16','',''),
('725243860938142','14:27:00','14:27:00','4009156','17','',''),
('725243860938142','14:28:00','14:28:00','4009157','18','',''),
('725243860938142','14:30:00','14:30:00','4009158','19','',''),
('725243860938142','14:31:00','14:31:00','4009159','20','',''),
('725243860938142','14:32:00','14:32:00','4009160','21','',''),
('725243860938142','14:33:00','14:33:00','4009161','22','',''),
('725243860938142','14:34:00','14:34:00','4009162','23','',''),
('725243860938142','14:35:00','14:35:00','4009163','24','',''),
('725243860938142','14:36:00','14:36:00','4009164','25','',''),
('725243860938142','14:37:00','14:37:00','4009165','26','',''),
('725243860938142','14:38:00','14:38:00','4009166','27','',''),
('725243860938142','14:38:00','14:38:00','4009167','28','',''),
('725243860938142','14:40:00','14:40:00','4009168','29','',''),
('725243860938142','14:42:00','14:42:00','4009169','30','',''),
('725243860938142','14:43:00','14:43:00','4009170','31','',''),
('725243860938142','14:44:00','14:44:00','4009171','32','',''),
('725243860938142','14:45:00','14:45:00','4009172','33','',''),
('725243860938142','14:46:00','14:46:00','4009173','34','',''),
('725243860938142','14:47:00','14:47:00','4009174','35','',''),
('725243860938142','14:47:00','14:47:00','4009175','36','',''),
('725243860938142','14:48:00','14:48:00','4009176','37','',''),
('725243860938142','14:50:00','14:50:00','4009177','38','',''),
('725243860938142','14:51:00','14:51:00','4009178','39','',''),
('725243860938142','14:53:00','14:53:00','4009179','40','',''),
('725243860938142','14:55:00','14:55:00','4473212','41','',''),
('725243860938142','15:00:00','15:00:00','4009182','42','',''),
('825243860938142','15:35:00','15:35:00','4009140','1','',''),
('825243860938142','15:37:00','15:37:00','4009141','2','',''),
('825243860938142','15:37:00','15:37:00','4009142','3','',''),
('825243860938142','15:39:00','15:39:00','4009143','4','',''),
('825243860938142','15:39:00','15:39:00','4009144','5','',''),
('825243860938142','15:40:00','15:40:00','4009145','6','',''),
('825243860938142','15:41:00','15:41:00','4009146','7','',''),
('825243860938142','15:42:00','15:42:00','4009147','8','',''),
('825243860938142','15:44:00','15:44:00','4009148','9','',''),
('825243860938142','15:45:00','15:45:00','4009149','10','',''),
('825243860938142','15:47:00','15:47:00','4009150','11','',''),
('825243860938142','15:48:00','15:48:00','4009151','12','',''),
('825243860938142','15:48:00','15:48:00','4009152','13','',''),
('825243860938142','15:49:00','15:49:00','4009153','14','',''),
('825243860938142','15:49:00','15:49:00','4009154','15','',''),
('825243860938142','15:50:00','15:50:00','4009155','16','',''),
('825243860938142','15:52:00','15:52:00','4009156','17','',''),
('825243860938142','15:53:00','15:53:00','4009157','18','',''),
('825243860938142','15:55:00','15:55:00','4009158','19','',''),
('825243860938142','15:56:00','15:56:00','4009159','20','',''),
('825243860938142','15:57:00','15:57:00','4009160','21','',''),
('825243860938142','15:58:00','15:58:00','4009161','22','',''),
('825243860938142','15:59:00','15:59:00','4009162','23','',''),
('825243860938142','16:00:00','16:00:00','4009163','24','',''),
('825243860938142','16:01:00','16:01:00','4009164','25','',''),
('825243860938142','16:02:00','16:02:00','4009165','26','',''),
('825243860938142','16:03:00','16:03:00','4009166','27','',''),
('825243860938142','16:03:00','16:03:00','4009167','28','',''),
('825243860938142','16:05:00','16:05:00','4009168','29','',''),
('825243860938142','16:07:00','16:07:00','4009169','30','',''),
('825243860938142','16:08:00','16:08:00','4009170','31','',''),
('825243860938142','16:09:00','16:09:00','4009171','32','',''),
('825243860938142','16:10:00','16:10:00','4009172','33','',''),
('825243860938142','16:11:00','16:11:00','4009173','34','',''),
('825243860938142','16:12:00','16:12:00','4009174','35','',''),
('825243860938142','16:12:00','16:12:00','4009175','36','',''),
('825243860938142','16:13:00','16:13:00','4009176','37','',''),
('825243860938142','16:15:00','16:15:00','4009177','38','',''),
('825243860938142','16:16:00','16:16:00','4009178','39','',''),
('825243860938142','16:18:00','16:18:00','4009179','40','',''),
('825243860938142','16:20:00','16:20:00','4473212','41','',''),
('825243860938142','16:25:00','16:25:00','4009182','42','',''),
('925243860938142','16:35:00','16:35:00','4009140','1','',''),
('925243860938142','16:37:00','16:37:00','4009141','2','',''),
('925243860938142','16:37:00','16:37:00','4009142','3','',''),
('925243860938142','16:39:00','16:39:00','4009143','4','',''),
('925243860938142','16:39:00','16:39:00','4009144','5','',''),
('925243860938142','16:40:00','16:40:00','4009145','6','',''),
('925243860938142','16:41:00','16:41:00','4009146','7','',''),
('925243860938142','16:42:00','16:42:00','4009147','8','',''),
('925243860938142','16:44:00','16:44:00','4009148','9','',''),
('925243860938142','16:45:00','16:45:00','4009149','10','',''),
('925243860938142','16:47:00','16:47:00','4009150','11','',''),
('925243860938142','16:48:00','16:48:00','4009151','12','',''),
('925243860938142','16:48:00','16:48:00','4009152','13','',''),
('925243860938142','16:49:00','16:49:00','4009153','14','',''),
('925243860938142','16:49:00','16:49:00','4009154','15','',''),
('925243860938142','16:50:00','16:50:00','4009155','16','',''),
('925243860938142','16:52:00','16:52:00','4009156','17','',''),
('925243860938142','16:53:00','16:53:00','4009157','18','',''),
('925243860938142','16:55:00','16:55:00','4009158','19','',''),
('925243860938142','16:56:00','16:56:00','4009159','20','',''),
('925243860938142','16:57:00','16:57:00','4009160','21','',''),
('925243860938142','16:58:00','16:58:00','4009161','22','',''),
('925243860938142','16:59:00','16:59:00','4009162','23','',''),
('925243860938142','17:00:00','17:00:00','4009163','24','',''),
('925243860938142','17:01:00','17:01:00','4009164','25','',''),
('925243860938142','17:02:00','17:02:00','4009165','26','',''),
('925243860938142','17:03:00','17:03:00','4009166','27','',''),
('925243860938142','17:03:00','17:03:00','4009167','28','',''),
('925243860938142','17:05:00','17:05:00','4009168','29','',''),
('925243860938142','17:07:00','17:07:00','4009169','30','',''),
('925243860938142','17:08:00','17:08:00','4009170','31','',''),
('925243860938142','17:09:00','17:09:00','4009171','32','',''),
('925243860938142','17:10:00','17:10:00','4009172','33','',''),
('925243860938142','17:11:00','17:11:00','4009173','34','',''),
('925243860938142','17:12:00','17:12:00','4009174','35','',''),
('925243860938142','17:12:00','17:12:00','4009175','36','',''),
('925243860938142','17:13:00','17:13:00','4009176','37','',''),
('925243860938142','17:15:00','17:15:00','4009177','38','',''),
('925243860938142','17:16:00','17:16:00','4009178','39','',''),
('925243860938142','17:18:00','17:18:00','4009179','40','',''),
('925243860938142','17:20:00','17:20:00','4473212','41','',''),
('925243860938142','17:25:00','17:25:00','4009182','42','','');
INSERT INTO calendar (service_id,monday,tuesday,wednesday,thursday,friday,saturday,sunday,start_date,end_date) VALUES
('2524386','0','0','0','0','0','0','0','20171221','20180131');
INSERT INTO calendar_dates (service_id,date,exception_type) VALUES
('2524386','20171221','1'),
('2524386','20171222','1'),
('2524386','20171223','1'),
('2524386','20171226','1'),
('2524386','20171227','1'),
('2524386','20171228','1'),
('2524386','20171229','1'),
('2524386','20171230','1'),
('2524386','20180102','1'),
('2524386','20180103','1'),
('2524386','20180104','1'),
('2524386','20180105','1'),
('2524386','20180106','1'),
('2524386','20180108','1'),
('2524386','20180109','1'),
('2524386','20180110','1'),
('2524386','20180111','1'),
('2524386','20180112','1'),
('2524386','20180113','1'),
('2524386','20180115','1'),
('2524386','20180116','1'),
('2524386','20180117','1'),
('2524386','20180118','1'),
('2524386','20180119','1'),
('2524386','20180120','1'),
('2524386','20180122','1'),
('2524386','20180123','1'),
('2524386','20180124','1'),
('2524386','20180125','1'),
('2524386','20180126','1'),
('2524386','20180127','1'),
('2524386','20180129','1'),
('2524386','20180130','1'),
('2524386','20180131','1');
INSERT INTO routes (route_id,agency_id,route_short_name,route_long_name,route_desc,route_type,route_url,route_color,route_text_color) VALUES
('1030435','100','TIM','(SERVICE URBAIN <-> GARE DE BELLEVUE) - Aller','','3','','FFFFFF','000000'),
('1030436','100','TIM','(SERVICE URBAIN <-> GARE DE BELLEVUE) - Aller','','3','','FFFFFF','000000');
INSERT INTO agency (agency_id,agency_name,agency_url,agency_timezone,agency_lang,agency_phone) VALUES
('100','RATP (100)','http://www.ratp.fr/','CET','','');
INSERT INTO trips (route_id,service_id,trip_id,trip_headsign,trip_short_name,direction_id,shape_id) VALUES
('1030436','2524386','1025243860938142','','10','0',''),
('1030436','2524386','1125243860938142','','11','0',''),
('1030436','2524386','125243860938142','','1','0',''),
('1030436','2524386','225243860938142','','2','0',''),
('1030436','2524386','325243860938142','','3','0',''),
('1030436','2524386','425243860938142','','4','0',''),
('1030436','2524386','525243860938142','','5','0',''),
('1030436','2524386','625243860938142','','6','0',''),
('1030436','2524386','725243860938142','','7','0',''),
('1030436','2524386','825243860938142','','8','0',''),
('1030436','2524386','925243860938142','','9','0','');
INSERT INTO transfers (from_stop_id,to_stop_id,transfer_type,min_transfer_time) VALUES
('4473211','7069367','2','54'),
('4009149','7069368','2','27'),
('4009149','7069369','2','27'),
('4009148','4473405','2','50'),
('4009109','5121329','2','27'),
('4009151','7069373','2','92'),
('4009113','5121586','2','52'),
('4009152','7069375','2','75'),
('4009113','5121319','2','52'),
('4009159','5121581','2','64'),
('4009130','4473398','2','75'),
('4009135','5121604','2','126'),
('4009148','5121331','2','50'),
('4009158','4473391','2','42'),
('4009158','4473394','2','44'),
('4009112','5121321','2','61'),
('4009149','5121329','2','27'),
('4009156','5121319','2','52'),
('4009115','4473391','2','42'),
('4009139','4473404','2','52'),
('4009139','4473403','2','28'),
('4009115','4473394','2','44'),
('4009178','3681835','2','126'),
('4009178','3681834','2','75'),
('4009140','4473404','2','50'),
('4009140','4473403','2','31'),
('4009155','7069377','2','61'),
('4009159','4458829','2','64'),
('4009113','5121320','2','52'),
('4009157','4473415','2','32'),
('4009159','4473389','2','63'),
('4009162','4458826','2','119'),
('4009116','4473389','2','63'),
('4009135','3681856','2','75'),
('4009114','4473393','2','60'),
('4009173','5121323','2','47'),
('4009173','5121324','2','28'),
('4009157','5121602','2','32'),
('4009171','5121585','2','4'),
('4009113','7069378','2','52'),
('4009136','7069364','2','34'),
('4009171','5121583','2','120'),
('4009113','7069379','2','52'),
('4009179','7069364','2','34'),
('4009108','4473405','2','50'),
('4009156','5121320','2','52'),
('4009135','3681857','2','126'),
('4009124','4458828','2','101'),
('4009168','5121578','2','44'),
('4009152','5121323','2','75'),
('4009130','7069374','2','75'),
('4009182','4473403','2','28'),
('4009182','4473404','2','52'),
('4009156','7069378','2','52'),
('4009162','4473417','2','143'),
('4009134','7069364','2','135'),
('4009156','7069379','2','52'),
('4009117','4458753','2','143'),
('4009160','4458753','2','143'),
('4009100','4473403','2','31'),
('4009167','4458828','2','101'),
('4009150','4473401','2','45'),
('4009112','5121585','2','45'),
('4009182','7069368','2','28'),
('4009178','3681857','2','126'),
('4009178','3681856','2','75'),
('4009182','7069369','2','28'),
('4009100','4473404','2','50'),
('4009109','4473404','2','7'),
('4009158','5121583','2','57'),
('4009109','4473403','2','27'),
('4009150','5121327','2','45'),
('4009116','4458829','2','64'),
('4009114','5121602','2','32'),
('4009128','5121321','2','45'),
('4009130','5121324','2','75'),
('4009139','5121330','2','52'),
('4009173','7069375','2','47'),
('4009128','5121322','2','42'),
('4009173','7069374','2','28'),
('4009150','7069371','2','45'),
('4009167','4473388','2','86'),
('4009135','5121575','2','75'),
('4009167','4473387','2','101'),
('4009135','5121576','2','81'),
('4009155','5121585','2','45'),
('4009135','5121577','2','90'),
('4473211','4009383','2','36'),
('4473211','4009382','2','29'),
('4009128','5121585','2','4'),
('4009100','5121330','2','50'),
('4009116','5121581','2','64'),
('4009156','5121586','2','52'),
('4009159','4458753','2','64'),
('4009109','7069369','2','27'),
('4009128','5121583','2','120'),
('4009109','7069368','2','27'),
('4009177','7069364','2','135'),
('4473212','4009383','2','36'),
('4009135','3681835','2','126'),
('4009125','5121578','2','44'),
('4473212','4009382','2','29'),
('4009151','4473399','2','92'),
('4009140','7069369','2','31'),
('4009112','4473395','2','45'),
('4009119','4458755','2','143'),
('4009162','4473384','2','119'),
('4009140','7069368','2','31'),
('4009162','4473386','2','12'),
('4009135','7069362','2','75'),
('4009135','3681834','2','75'),
('4009119','4458826','2','119'),
('4009100','5121329','2','31'),
('4009157','4473393','2','60'),
('4473212','7069367','2','54'),
('4009108','5121331','2','50'),
('4009115','5121583','2','57'),
('4009151','5121325','2','92'),
('4009124','4473387','2','101'),
('4009124','4473388','2','86'),
('4009139','5121329','2','28'),
('4009160','4458829','2','143'),
('4009178','7069407','2','126'),
('4009139','7069368','2','28'),
('4009149','5121330','2','7'),
('4009140','5121329','2','31'),
('4009117','4458829','2','143'),
('4009155','4473395','2','45'),
('4009173','4473398','2','28'),
('4009162','4458755','2','143'),
('4009135','7069407','2','126'),
('4009173','4473397','2','47'),
('4009178','5121575','2','75'),
('4009114','4473415','2','32'),
('4009178','5121576','2','81'),
('4009178','5121577','2','90'),
('4009178','5121604','2','126'),
('4009119','4473417','2','143'),
('4009155','5121321','2','61'),
('4009100','7069369','2','31'),
('4009139','7069369','2','28'),
('4009100','7069368','2','31'),
('4009109','5121330','2','7'),
('4009128','4473396','2','42'),
('4009149','4473404','2','7'),
('4009178','7069362','2','75'),
('4009128','4473394','2','132'),
('4009149','4473403','2','27'),
('4009182','5121330','2','52'),
('4009128','4473395','2','4'),
('4009171','7069377','2','45'),
('4009119','4473384','2','119'),
('4009140','5121330','2','50'),
('4009171','7069376','2','42'),
('4009112','7069377','2','61'),
('4009119','4473386','2','12'),
('4009182','5121329','2','28'),
('4009171','5121322','2','42'),
('4009171','5121321','2','45'),
('4009128','7069377','2','45'),
('4009128','7069376','2','42'),
('4009152','4473397','2','75'),
('4009171','4473394','2','132'),
('4009171','4473395','2','4'),
('4009171','4473396','2','42'),
('4009116','4458753','2','64');
INSERT INTO stops (stop_id,stop_code,stop_name,stop_desc,stop_lat,stop_lon,location_type,parent_station) VALUES
('4009108','','11 NOVEMBRE','12 RUE MARCEL ALLEGOT - 92048','48.821319799672125','2.2272109871942822','0',''),
('4009109','','GARE DE BELLEVUE.','32 AVENUE DU GENERAL GALLIENI - 92048','48.81885005521113','2.2292577544400114','0',''),
('4009106','','HAMEAU','53 RUE ERNEST RENAN - 92048','48.81549033481328','2.2214938187308557','0',''),
('4009107','','TOUR','AVENUE DE LA TOUR - 92048','48.8178276550716','2.2220193936896293','0',''),
('4009104','','CHATELET - BEL AIR','3 BIS R DU BEL AIR - 92048','48.81520636026428','2.2252914336382292','0',''),
('4009105','','GARDES - BEL AIR','ROUTE DES GARDES - 92048','48.81551983667514','2.2241339640123865','0',''),
('4473212','','MEUDON SUR SEINE-TRAMWAY','18 ROUTE DES GARDES - 92048','48.81889433667651','2.238866475906443','0',''),
('4009102','','CAPUCINS - BEL AIR','FACE 13 RUE DES CAPUCINS - 92048','48.814122121331565','2.228832103890688','0',''),
('4009103','','COLLEGE - BEL AIR','9 BIS R DU BEL AIR - 92048','48.81437001409935','2.224776094287459','0',''),
('4473211','','MEUDON SUR SEINE-TRAMWAY','18 ROUTE DES GARDES - 92048','48.81889433667651','2.238866475906443','0',''),
('4009100','','GARE DE BELLEVUE','PLACE DE LA GARE - 92048','48.819263723594446','2.229515489715177','0',''),
('4009101','','GARDES - CAPUCINS','FACE1-1BIS RUE DES CAPUCINS - 92048','48.816340640388','2.2272487621780552','0',''),
('4009130','','RABELAIS','PLACE RABELAIS - 92048','48.81108232012079','2.236867272802698','0',''),
('4009179','','GROUPE SCOLAIRE BROSSOLETTE','214 AVENUE DE VERDUN - 92048','48.818799964460155','2.244460443361091','0',''),
('4009134','','JULES GERARD','RUE DES MONTALETS - 92048','48.81735392391437','2.2457287409352795','0',''),
('4009133','','SORRIERES','RUE DES SORRIERES - 92048','48.816318792177285','2.243743573303939','0',''),
('4009132','','GARE DE MEUDON','PL DU 8 MAI 1945 - 92048','48.81472598229365','2.2412559731883066','0',''),
('4009131','','CLAUDE DALSEME','FACE 3-5 RUE CLAUDE DALSEME - 92048','48.81328728338661','2.2404421090340594','0',''),
('4009173','','RABELAIS.','PLACE RABELAIS - 92048','48.81155878574101','2.2370024343557584','0',''),
('4009174','','CLAUDE DALSEME','FACE 3-5 RUE CLAUDE DALSEME - 92048','48.81328728338661','2.2404421090340594','0',''),
('4009171','','EGLISE DE MEUDON.','FACE 9 R DE L''EGLISE - 92048','48.80707333784789','2.2363579541553302','0',''),
('4009136','','GROUPE SCOLAIRE BROSSOLETTE','214 AVENUE DE VERDUN - 92048','48.818799964460155','2.244460443361091','0',''),
('4009172','','MAISON ROUGE - NOUVELLE POSTE','23 R DE LA REPUBLIQUE - 92048','48.80896069011549','2.236259032803945','0',''),
('4009135','','CARREFOUR DE LA FERME','180 AVENUE DE VERDUN - 92048','48.81802109670063','2.2484767816364313','0',''),
('4009177','','JULES GERARD','RUE DES MONTALETS - 92048','48.81735392391437','2.2457287409352795','0',''),
('4009178','','CARREFOUR DE LA FERME','180 AVENUE DE VERDUN - 92048','48.81802109670063','2.2484767816364313','0',''),
('4009175','','GARE DE MEUDON','PL DU 8 MAI 1945 - 92048','48.81472598229365','2.2412559731883066','0',''),
('4009176','','SORRIERES','RUE DES SORRIERES - 92048','48.816318792177285','2.243743573303939','0',''),
('4009139','','GARE DE BELLEVUE..','PLACE DE LA GARE - 92048','48.81924588362742','2.2296652401647017','0',''),
('4009141','','GARDES - CAPUCINS','FACE1-1BIS RUE DES CAPUCINS - 92048','48.816340640388','2.2272487621780552','0',''),
('4009140','','GARE DE BELLEVUE','PLACE DE LA GARE - 92048','48.819263723594446','2.229515489715177','0',''),
('4009143','','COLLEGE - BEL AIR','9 BIS R DU BEL AIR - 92048','48.81437001409935','2.224776094287459','0',''),
('4009142','','CAPUCINS - BEL AIR','FACE 13 RUE DES CAPUCINS - 92048','48.814122121331565','2.228832103890688','0',''),
('4009145','','GARDES - BEL AIR','ROUTE DES GARDES - 92048','48.81551983667514','2.2241339640123865','0',''),
('4009144','','CHATELET - BEL AIR','3 BIS R DU BEL AIR - 92048','48.81520636026428','2.2252914336382292','0',''),
('4009182','','GARE DE BELLEVUE..','PLACE DE LA GARE - 92048','48.81924588362742','2.2296652401647017','0',''),
('4009147','','TOUR','AVENUE DE LA TOUR - 92048','48.8178276550716','2.2220193936896293','0',''),
('4009146','','HAMEAU','53 RUE ERNEST RENAN - 92048','48.81549033481328','2.2214938187308557','0',''),
('4009149','','GARE DE BELLEVUE.','32 AVENUE DU GENERAL GALLIENI - 92048','48.81885005521113','2.2292577544400114','0',''),
('4009148','','11 NOVEMBRE','12 RUE MARCEL ALLEGOT - 92048','48.821319799672125','2.2272109871942822','0',''),
('4009126','','COMMISSARIAT DE POLICE','96 R DE PARIS - 92048','48.81056374038744','2.2401342034009057','0',''),
('4009127','','MAISON ROUGE - RUE DE PARIS','138 R DE PARIS - 92048','48.80923255684322','2.2389256099224246','0',''),
('4009124','','VIGNES - BELGIQUE','49 RUE DE LA BELGIQUE - 92048','48.810713335177624','2.2475094977880525','0',''),
('4009125','','VIADUC','AVENUE JEAN JAURES - 92048','48.812977370400574','2.2463488472669777','0',''),
('4009128','','EGLISE DE MEUDON.','FACE 9 R DE L''EGLISE - 92048','48.80707333784789','2.2363579541553302','0',''),
('4009129','','MAISON ROUGE - NOUVELLE POSTE','23 R DE LA REPUBLIQUE - 92048','48.80896069011549','2.236259032803945','0',''),
('4009122','','BORNE SUD','RUE DE LA BORNE SUD - 92048','48.81254971788132','2.2514119771212107','0',''),
('4009123','','PAUL BERT','13 AVENUE PAUL BERT - 92048','48.811289529615514','2.2488148908721697','0',''),
('4009120','','RIVOLI','37 BIS RUE DES MARAIS - 92048','48.810418381146384','2.2497145024396503','0',''),
('4009121','','PETITE FONTAINE','FACE 38 RUE DE LA PETITE FONTAINE - 92048','48.81131007217264','2.2523393863240138','0',''),
('4009156','','TRIVAUX - VERTUGADINS','RUE DES VERTUGADINS - 92048','48.80319813132894','2.2346511158179676','0',''),
('4009155','','EGLISE DE MEUDON','36-38 RUE DE LA REPUBLIQUE - 92048','48.80729756966774','2.235813231300645','0',''),
('4009154','','TERRE NEUVE','FACE 20-22 RUE TERRE NEUVE - 92048','48.808400834248374','2.233225656940179','0',''),
('4009153','','OBSERVATOIRE','FACE 30 RUE TERRE NEUVE - 92048','48.8096941042701','2.2321208331333207','0',''),
('4009152','','RABELAIS','PLACE RABELAIS - 92048','48.81183731423944','2.2368930295294303','0',''),
('4009151','','STALINGRAD','40 BOULEVARD VERD DE SAINT-JULIEN - 92048','48.8149894949538','2.2339473492547812','0',''),
('4009150','','JEANNE D''ARC','16 BOULEVARD VERD DE SAINT-JULIEN - 92048','48.81661431402316','2.231712137797927','0',''),
('4009159','','VAL FLEURY RER','AVENUE LOUVOIS - 92048','48.80783182434355','2.2405883554701855','0',''),
('4009158','','VICTOR HUGO','31 AVENUE LOUVOIS - 92048','48.80635626509692','2.238686132716897','0',''),
('4009157','','LYCEE RABELAIS','RUE GEORGES LANGOGNET - 92048','48.80240071382716','2.237591564608259','0',''),
('4009113','','TRIVAUX - VERTUGADINS','RUE DES VERTUGADINS - 92048','48.80319813132894','2.2346511158179676','0',''),
('4009114','','LYCEE RABELAIS','RUE GEORGES LANGOGNET - 92048','48.80240071382716','2.237591564608259','0',''),
('4009115','','VICTOR HUGO','31 AVENUE LOUVOIS - 92048','48.80635626509692','2.238686132716897','0',''),
('4009116','','VAL FLEURY RER','AVENUE LOUVOIS - 92048','48.80783182434355','2.2405883554701855','0',''),
('4009117','','LARRIS','12 RUE CHARLES INFROIT - 92048','48.806971284229796','2.2434474466584287','0',''),
('4009118','','PERE BROTTIER - CHARLES INFROIT','13 RUE DU PERE BROTTIER - 92048','48.806182525144486','2.246238282785316','0',''),
('4009119','','ORPHELINAT','69 RUE DE BELGIQUE - 92048','48.808332006461626','2.2480851270319326','0',''),
('4009170','','MAISON ROUGE - RUE DE PARIS','138 R DE PARIS - 92048','48.80923255684322','2.2389256099224246','0',''),
('4009110','','OBSERVATOIRE','FACE 30 RUE TERRE NEUVE - 92048','48.8096941042701','2.2321208331333207','0',''),
('4009111','','TERRE NEUVE','FACE 20-22 RUE TERRE NEUVE - 92048','48.808400834248374','2.233225656940179','0',''),
('4009112','','EGLISE DE MEUDON','36-38 RUE DE LA REPUBLIQUE - 92048','48.80729756966774','2.235813231300645','0',''),
('4009165','','BORNE SUD','RUE DE LA BORNE SUD - 92048','48.81254971788132','2.2514119771212107','0',''),
('4009164','','PETITE FONTAINE','FACE 38 RUE DE LA PETITE FONTAINE - 92048','48.81131007217264','2.2523393863240138','0',''),
('4009167','','VIGNES - BELGIQUE','49 RUE DE LA BELGIQUE - 92048','48.810713335177624','2.2475094977880525','0',''),
('4009166','','PAUL BERT','13 AVENUE PAUL BERT - 92048','48.811289529615514','2.2488148908721697','0',''),
('4009161','','PERE BROTTIER - CHARLES INFROIT','13 RUE DU PERE BROTTIER - 92048','48.806182525144486','2.246238282785316','0',''),
('4009160','','LARRIS','12 RUE CHARLES INFROIT - 92048','48.806971284229796','2.2434474466584287','0',''),
('4009163','','RIVOLI','37 BIS RUE DES MARAIS - 92048','48.810418381146384','2.2497145024396503','0',''),
('4009162','','ORPHELINAT','69 RUE DE BELGIQUE - 92048','48.808332006461626','2.2480851270319326','0',''),
('4009169','','COMMISSARIAT DE POLICE','96 R DE PARIS - 92048','48.81056374038744','2.2401342034009057','0',''),
('4009168','','VIADUC','AVENUE JEAN JAURES - 92048','48.812977370400574','2.2463488472669777','0','');
