INSERT INTO stop_times (trip_id,arrival_time,departure_time,stop_id,stop_sequence,stop_headsign,shape_dist_traveled) VALUES
('123772820914553','07:36:00','07:36:00','3909825','1','',''),
('123772820914553','07:44:00','07:44:00','3909826','2','',''),
('123772820914553','07:45:00','07:45:00','3909827','3','',''),
('123772820914553','07:52:00','07:52:00','3909828','4','',''),
('125129500914553','07:36:00','07:36:00','3909825','1','',''),
('125129500914553','07:44:00','07:44:00','3909826','2','',''),
('125129500914553','07:45:00','07:45:00','3909827','3','',''),
('125129500914553','07:52:00','07:52:00','3909828','4','',''),
('125129510914553','07:36:00','07:36:00','3909825','1','',''),
('125129510914553','07:44:00','07:44:00','3909826','2','',''),
('125129510914553','07:45:00','07:45:00','3909827','3','',''),
('125129510914553','07:52:00','07:52:00','3909828','4','',''),
('223772820914553','07:49:00','07:49:00','3909825','1','',''),
('223772820914553','07:57:00','07:57:00','3909826','2','',''),
('223772820914553','07:58:00','07:58:00','3909827','3','',''),
('223772820914553','08:05:00','08:05:00','3909828','4','',''),
('225129500914553','07:49:00','07:49:00','3909825','1','',''),
('225129500914553','07:57:00','07:57:00','3909826','2','',''),
('225129500914553','07:58:00','07:58:00','3909827','3','',''),
('225129500914553','08:05:00','08:05:00','3909828','4','',''),
('225129510914553','07:49:00','07:49:00','3909825','1','',''),
('225129510914553','07:57:00','07:57:00','3909826','2','',''),
('225129510914553','07:58:00','07:58:00','3909827','3','',''),
('225129510914553','08:05:00','08:05:00','3909828','4','',''),
('323772820914553','08:05:00','08:05:00','3909825','1','',''),
('323772820914553','08:13:00','08:13:00','3909826','2','',''),
('323772820914553','08:14:00','08:14:00','3909827','3','',''),
('323772820914553','08:21:00','08:21:00','3909828','4','',''),
('325129500914553','08:05:00','08:05:00','3909825','1','',''),
('325129500914553','08:13:00','08:13:00','3909826','2','',''),
('325129500914553','08:14:00','08:14:00','3909827','3','',''),
('325129500914553','08:21:00','08:21:00','3909828','4','',''),
('325129510914553','08:05:00','08:05:00','3909825','1','',''),
('325129510914553','08:13:00','08:13:00','3909826','2','',''),
('325129510914553','08:14:00','08:14:00','3909827','3','',''),
('325129510914553','08:21:00','08:21:00','3909828','4','',''),
('423772820914553','08:18:00','08:18:00','3909825','1','',''),
('423772820914553','08:26:00','08:26:00','3909826','2','',''),
('423772820914553','08:27:00','08:27:00','3909827','3','',''),
('423772820914553','08:34:00','08:34:00','3909828','4','',''),
('425129500914553','08:18:00','08:18:00','3909825','1','',''),
('425129500914553','08:26:00','08:26:00','3909826','2','',''),
('425129500914553','08:27:00','08:27:00','3909827','3','',''),
('425129500914553','08:34:00','08:34:00','3909828','4','',''),
('425129510914553','08:18:00','08:18:00','3909825','1','',''),
('425129510914553','08:26:00','08:26:00','3909826','2','',''),
('425129510914553','08:27:00','08:27:00','3909827','3','',''),
('425129510914553','08:34:00','08:34:00','3909828','4','',''),
('523772820914553','08:29:00','08:29:00','3909825','1','',''),
('523772820914553','08:37:00','08:37:00','3909826','2','',''),
('523772820914553','08:38:00','08:38:00','3909827','3','',''),
('523772820914553','08:45:00','08:45:00','3909828','4','',''),
('525129500914553','08:29:00','08:29:00','3909825','1','',''),
('525129500914553','08:37:00','08:37:00','3909826','2','',''),
('525129500914553','08:38:00','08:38:00','3909827','3','',''),
('525129500914553','08:45:00','08:45:00','3909828','4','',''),
('525129510914553','08:29:00','08:29:00','3909825','1','',''),
('525129510914553','08:37:00','08:37:00','3909826','2','',''),
('525129510914553','08:38:00','08:38:00','3909827','3','',''),
('525129510914553','08:45:00','08:45:00','3909828','4','',''),
('623772820914553','08:43:00','08:43:00','3909825','1','',''),
('623772820914553','08:51:00','08:51:00','3909826','2','',''),
('623772820914553','08:52:00','08:52:00','3909827','3','',''),
('623772820914553','08:59:00','08:59:00','3909828','4','',''),
('625129500914553','08:43:00','08:43:00','3909825','1','',''),
('625129500914553','08:51:00','08:51:00','3909826','2','',''),
('625129500914553','08:52:00','08:52:00','3909827','3','',''),
('625129500914553','08:59:00','08:59:00','3909828','4','',''),
('625129510914553','08:43:00','08:43:00','3909825','1','',''),
('625129510914553','08:51:00','08:51:00','3909826','2','',''),
('625129510914553','08:52:00','08:52:00','3909827','3','',''),
('625129510914553','08:59:00','08:59:00','3909828','4','',''),
('723772820914553','08:56:00','08:56:00','3909825','1','',''),
('723772820914553','09:04:00','09:04:00','3909826','2','',''),
('723772820914553','09:05:00','09:05:00','3909827','3','',''),
('723772820914553','09:12:00','09:12:00','3909828','4','',''),
('725129500914553','08:56:00','08:56:00','3909825','1','',''),
('725129500914553','09:04:00','09:04:00','3909826','2','',''),
('725129500914553','09:05:00','09:05:00','3909827','3','',''),
('725129500914553','09:12:00','09:12:00','3909828','4','',''),
('725129510914553','08:56:00','08:56:00','3909825','1','',''),
('725129510914553','09:04:00','09:04:00','3909826','2','',''),
('725129510914553','09:05:00','09:05:00','3909827','3','',''),
('725129510914553','09:12:00','09:12:00','3909828','4','',''),
('123772860914554','07:36:00','07:36:00','3909829','1','',''),
('123772860914554','07:37:00','07:37:00','5161451','2','',''),
('123772860914554','07:38:00','07:38:00','3909831','3','',''),
('123772860914554','07:38:00','07:38:00','3909832','4','',''),
('123772860914554','07:49:00','07:49:00','3909833','5','',''),
('125129520914554','07:36:00','07:36:00','3909829','1','',''),
('125129520914554','07:37:00','07:37:00','5161451','2','',''),
('125129520914554','07:38:00','07:38:00','3909831','3','',''),
('125129520914554','07:38:00','07:38:00','3909832','4','',''),
('125129520914554','07:49:00','07:49:00','3909833','5','',''),
('125129530914554','07:36:00','07:36:00','3909829','1','',''),
('125129530914554','07:37:00','07:37:00','5161451','2','',''),
('125129530914554','07:38:00','07:38:00','3909831','3','',''),
('125129530914554','07:38:00','07:38:00','3909832','4','',''),
('125129530914554','07:49:00','07:49:00','3909833','5','',''),
('223772860914554','08:05:00','08:05:00','3909829','1','',''),
('223772860914554','08:06:00','08:06:00','5161451','2','',''),
('223772860914554','08:07:00','08:07:00','3909831','3','',''),
('223772860914554','08:07:00','08:07:00','3909832','4','',''),
('223772860914554','08:18:00','08:18:00','3909833','5','',''),
('225129520914554','07:49:00','07:49:00','3909829','1','',''),
('225129520914554','07:50:00','07:50:00','5161451','2','',''),
('225129520914554','07:51:00','07:51:00','3909831','3','',''),
('225129520914554','07:51:00','07:51:00','3909832','4','',''),
('225129520914554','08:02:00','08:02:00','3909833','5','',''),
('225129530914554','08:05:00','08:05:00','3909829','1','',''),
('225129530914554','08:06:00','08:06:00','5161451','2','',''),
('225129530914554','08:07:00','08:07:00','3909831','3','',''),
('225129530914554','08:07:00','08:07:00','3909832','4','',''),
('225129530914554','08:18:00','08:18:00','3909833','5','',''),
('323772860914554','08:18:00','08:18:00','3909829','1','',''),
('323772860914554','08:19:00','08:19:00','5161451','2','',''),
('323772860914554','08:20:00','08:20:00','3909831','3','',''),
('323772860914554','08:20:00','08:20:00','3909832','4','',''),
('323772860914554','08:31:00','08:31:00','3909833','5','',''),
('325129520914554','08:05:00','08:05:00','3909829','1','',''),
('325129520914554','08:06:00','08:06:00','5161451','2','',''),
('325129520914554','08:07:00','08:07:00','3909831','3','',''),
('325129520914554','08:07:00','08:07:00','3909832','4','',''),
('325129520914554','08:18:00','08:18:00','3909833','5','',''),
('325129530914554','08:18:00','08:18:00','3909829','1','',''),
('325129530914554','08:19:00','08:19:00','5161451','2','',''),
('325129530914554','08:20:00','08:20:00','3909831','3','',''),
('325129530914554','08:20:00','08:20:00','3909832','4','',''),
('325129530914554','08:31:00','08:31:00','3909833','5','',''),
('423772860914554','08:43:00','08:43:00','3909829','1','',''),
('423772860914554','08:44:00','08:44:00','5161451','2','',''),
('423772860914554','08:45:00','08:45:00','3909831','3','',''),
('423772860914554','08:45:00','08:45:00','3909832','4','',''),
('423772860914554','08:56:00','08:56:00','3909833','5','',''),
('425129520914554','08:18:00','08:18:00','3909829','1','',''),
('425129520914554','08:19:00','08:19:00','5161451','2','',''),
('425129520914554','08:20:00','08:20:00','3909831','3','',''),
('425129520914554','08:20:00','08:20:00','3909832','4','',''),
('425129520914554','08:31:00','08:31:00','3909833','5','',''),
('425129530914554','08:43:00','08:43:00','3909829','1','',''),
('425129530914554','08:44:00','08:44:00','5161451','2','',''),
('425129530914554','08:45:00','08:45:00','3909831','3','',''),
('425129530914554','08:45:00','08:45:00','3909832','4','',''),
('425129530914554','08:56:00','08:56:00','3909833','5','',''),
('523772860914554','08:56:00','08:56:00','3909829','1','',''),
('523772860914554','08:57:00','08:57:00','5161451','2','',''),
('523772860914554','08:58:00','08:58:00','3909831','3','',''),
('523772860914554','08:58:00','08:58:00','3909832','4','',''),
('523772860914554','09:09:00','09:09:00','3909833','5','',''),
('525129520914554','08:29:00','08:29:00','3909829','1','',''),
('525129520914554','08:30:00','08:30:00','5161451','2','',''),
('525129520914554','08:31:00','08:31:00','3909831','3','',''),
('525129520914554','08:31:00','08:31:00','3909832','4','',''),
('525129520914554','08:42:00','08:42:00','3909833','5','',''),
('525129530914554','08:56:00','08:56:00','3909829','1','',''),
('525129530914554','08:57:00','08:57:00','5161451','2','',''),
('525129530914554','08:58:00','08:58:00','3909831','3','',''),
('525129530914554','08:58:00','08:58:00','3909832','4','',''),
('525129530914554','09:09:00','09:09:00','3909833','5','',''),
('625129520914554','08:43:00','08:43:00','3909829','1','',''),
('625129520914554','08:44:00','08:44:00','5161451','2','',''),
('625129520914554','08:45:00','08:45:00','3909831','3','',''),
('625129520914554','08:45:00','08:45:00','3909832','4','',''),
('625129520914554','08:56:00','08:56:00','3909833','5','',''),
('725129520914554','08:56:00','08:56:00','3909829','1','',''),
('725129520914554','08:57:00','08:57:00','5161451','2','',''),
('725129520914554','08:58:00','08:58:00','3909831','3','',''),
('725129520914554','08:58:00','08:58:00','3909832','4','',''),
('725129520914554','09:09:00','09:09:00','3909833','5','',''),
('1023772761211962','18:13:00','18:13:00','3909811','1','',''),
('1023772761211962','18:14:00','18:14:00','5161452','2','',''),
('1023772761211962','18:15:00','18:15:00','3909814','3','',''),
('1023772761211962','18:15:00','18:15:00','3909816','4','',''),
('1023772761211962','18:21:00','18:21:00','3909818','5','',''),
('1023772761211962','18:23:00','18:23:00','3909820','6','',''),
('1023772761211962','18:33:00','18:33:00','3909822','7','',''),
('1025129481211962','17:52:00','17:52:00','3909811','1','',''),
('1025129481211962','17:53:00','17:53:00','5161452','2','',''),
('1025129481211962','17:54:00','17:54:00','3909814','3','',''),
('1025129481211962','17:54:00','17:54:00','3909816','4','',''),
('1025129481211962','18:00:00','18:00:00','3909818','5','',''),
('1025129481211962','18:02:00','18:02:00','3909820','6','',''),
('1025129481211962','18:12:00','18:12:00','3909822','7','',''),
('1025129491211962','18:13:00','18:13:00','3909811','1','',''),
('1025129491211962','18:14:00','18:14:00','5161452','2','',''),
('1025129491211962','18:15:00','18:15:00','3909814','3','',''),
('1025129491211962','18:15:00','18:15:00','3909816','4','',''),
('1025129491211962','18:21:00','18:21:00','3909818','5','',''),
('1025129491211962','18:23:00','18:23:00','3909820','6','',''),
('1025129491211962','18:33:00','18:33:00','3909822','7','',''),
('1123772761211962','18:23:00','18:23:00','3909811','1','',''),
('1123772761211962','18:24:00','18:24:00','5161452','2','',''),
('1123772761211962','18:25:00','18:25:00','3909814','3','',''),
('1123772761211962','18:25:00','18:25:00','3909816','4','',''),
('1123772761211962','18:31:00','18:31:00','3909818','5','',''),
('1123772761211962','18:33:00','18:33:00','3909820','6','',''),
('1123772761211962','18:43:00','18:43:00','3909822','7','',''),
('1125129481211962','18:00:00','18:00:00','3909811','1','',''),
('1125129481211962','18:01:00','18:01:00','5161452','2','',''),
('1125129481211962','18:02:00','18:02:00','3909814','3','',''),
('1125129481211962','18:02:00','18:02:00','3909816','4','',''),
('1125129481211962','18:08:00','18:08:00','3909818','5','',''),
('1125129481211962','18:10:00','18:10:00','3909820','6','',''),
('1125129481211962','18:20:00','18:20:00','3909822','7','',''),
('1125129491211962','18:23:00','18:23:00','3909811','1','',''),
('1125129491211962','18:24:00','18:24:00','5161452','2','',''),
('1125129491211962','18:25:00','18:25:00','3909814','3','',''),
('1125129491211962','18:25:00','18:25:00','3909816','4','',''),
('1125129491211962','18:31:00','18:31:00','3909818','5','',''),
('1125129491211962','18:33:00','18:33:00','3909820','6','',''),
('1125129491211962','18:43:00','18:43:00','3909822','7','',''),
('1223772761211962','18:33:00','18:33:00','3909811','1','',''),
('1223772761211962','18:34:00','18:34:00','5161452','2','',''),
('1223772761211962','18:35:00','18:35:00','3909814','3','',''),
('1223772761211962','18:35:00','18:35:00','3909816','4','',''),
('1223772761211962','18:41:00','18:41:00','3909818','5','',''),
('1223772761211962','18:43:00','18:43:00','3909820','6','',''),
('1223772761211962','18:53:00','18:53:00','3909822','7','',''),
('1225129481211962','18:08:00','18:08:00','3909811','1','',''),
('1225129481211962','18:09:00','18:09:00','5161452','2','',''),
('1225129481211962','18:10:00','18:10:00','3909814','3','',''),
('1225129481211962','18:10:00','18:10:00','3909816','4','',''),
('1225129481211962','18:16:00','18:16:00','3909818','5','',''),
('1225129481211962','18:18:00','18:18:00','3909820','6','',''),
('1225129481211962','18:28:00','18:28:00','3909822','7','',''),
('1225129491211962','18:33:00','18:33:00','3909811','1','',''),
('1225129491211962','18:34:00','18:34:00','5161452','2','',''),
('1225129491211962','18:35:00','18:35:00','3909814','3','',''),
('1225129491211962','18:35:00','18:35:00','3909816','4','',''),
('1225129491211962','18:41:00','18:41:00','3909818','5','',''),
('1225129491211962','18:43:00','18:43:00','3909820','6','',''),
('1225129491211962','18:53:00','18:53:00','3909822','7','',''),
('123772761211962','16:30:00','16:30:00','3909811','1','',''),
('123772761211962','16:31:00','16:31:00','5161452','2','',''),
('123772761211962','16:32:00','16:32:00','3909814','3','',''),
('123772761211962','16:32:00','16:32:00','3909816','4','',''),
('123772761211962','16:38:00','16:38:00','3909818','5','',''),
('123772761211962','16:40:00','16:40:00','3909820','6','',''),
('123772761211962','16:50:00','16:50:00','3909822','7','',''),
('125129481211962','16:30:00','16:30:00','3909811','1','',''),
('125129481211962','16:31:00','16:31:00','5161452','2','',''),
('125129481211962','16:32:00','16:32:00','3909814','3','',''),
('125129481211962','16:32:00','16:32:00','3909816','4','',''),
('125129481211962','16:38:00','16:38:00','3909818','5','',''),
('125129481211962','16:40:00','16:40:00','3909820','6','',''),
('125129481211962','16:50:00','16:50:00','3909822','7','',''),
('125129491211962','16:30:00','16:30:00','3909811','1','',''),
('125129491211962','16:31:00','16:31:00','5161452','2','',''),
('125129491211962','16:32:00','16:32:00','3909814','3','',''),
('125129491211962','16:32:00','16:32:00','3909816','4','',''),
('125129491211962','16:38:00','16:38:00','3909818','5','',''),
('125129491211962','16:40:00','16:40:00','3909820','6','',''),
('125129491211962','16:50:00','16:50:00','3909822','7','',''),
('1323772761211962','18:45:00','18:45:00','3909811','1','',''),
('1323772761211962','18:46:00','18:46:00','5161452','2','',''),
('1323772761211962','18:47:00','18:47:00','3909814','3','',''),
('1323772761211962','18:47:00','18:47:00','3909816','4','',''),
('1323772761211962','18:53:00','18:53:00','3909818','5','',''),
('1323772761211962','18:55:00','18:55:00','3909820','6','',''),
('1323772761211962','19:05:00','19:05:00','3909822','7','',''),
('1325129481211962','18:15:00','18:15:00','3909811','1','',''),
('1325129481211962','18:16:00','18:16:00','5161452','2','',''),
('1325129481211962','18:17:00','18:17:00','3909814','3','',''),
('1325129481211962','18:17:00','18:17:00','3909816','4','',''),
('1325129481211962','18:23:00','18:23:00','3909818','5','',''),
('1325129481211962','18:25:00','18:25:00','3909820','6','',''),
('1325129481211962','18:35:00','18:35:00','3909822','7','',''),
('1325129491211962','18:45:00','18:45:00','3909811','1','',''),
('1325129491211962','18:46:00','18:46:00','5161452','2','',''),
('1325129491211962','18:47:00','18:47:00','3909814','3','',''),
('1325129491211962','18:47:00','18:47:00','3909816','4','',''),
('1325129491211962','18:53:00','18:53:00','3909818','5','',''),
('1325129491211962','18:55:00','18:55:00','3909820','6','',''),
('1325129491211962','19:05:00','19:05:00','3909822','7','',''),
('1423772761211962','18:57:00','18:57:00','3909811','1','',''),
('1423772761211962','18:58:00','18:58:00','5161452','2','',''),
('1423772761211962','18:59:00','18:59:00','3909814','3','',''),
('1423772761211962','18:59:00','18:59:00','3909816','4','',''),
('1423772761211962','19:05:00','19:05:00','3909818','5','',''),
('1423772761211962','19:07:00','19:07:00','3909820','6','',''),
('1423772761211962','19:17:00','19:17:00','3909822','7','',''),
('1425129481211962','18:24:00','18:24:00','3909811','1','',''),
('1425129481211962','18:25:00','18:25:00','5161452','2','',''),
('1425129481211962','18:26:00','18:26:00','3909814','3','',''),
('1425129481211962','18:26:00','18:26:00','3909816','4','',''),
('1425129481211962','18:32:00','18:32:00','3909818','5','',''),
('1425129481211962','18:34:00','18:34:00','3909820','6','',''),
('1425129481211962','18:44:00','18:44:00','3909822','7','',''),
('1425129491211962','18:57:00','18:57:00','3909811','1','',''),
('1425129491211962','18:58:00','18:58:00','5161452','2','',''),
('1425129491211962','18:59:00','18:59:00','3909814','3','',''),
('1425129491211962','18:59:00','18:59:00','3909816','4','',''),
('1425129491211962','19:05:00','19:05:00','3909818','5','',''),
('1425129491211962','19:07:00','19:07:00','3909820','6','',''),
('1425129491211962','19:17:00','19:17:00','3909822','7','',''),
('1523772761211962','19:10:00','19:10:00','3909811','1','',''),
('1523772761211962','19:11:00','19:11:00','5161452','2','',''),
('1523772761211962','19:12:00','19:12:00','3909814','3','',''),
('1523772761211962','19:12:00','19:12:00','3909816','4','',''),
('1523772761211962','19:18:00','19:18:00','3909818','5','',''),
('1523772761211962','19:20:00','19:20:00','3909820','6','',''),
('1523772761211962','19:30:00','19:30:00','3909822','7','',''),
('1525129481211962','18:33:00','18:33:00','3909811','1','',''),
('1525129481211962','18:34:00','18:34:00','5161452','2','',''),
('1525129481211962','18:35:00','18:35:00','3909814','3','',''),
('1525129481211962','18:35:00','18:35:00','3909816','4','',''),
('1525129481211962','18:41:00','18:41:00','3909818','5','',''),
('1525129481211962','18:43:00','18:43:00','3909820','6','',''),
('1525129481211962','18:53:00','18:53:00','3909822','7','',''),
('1525129491211962','19:10:00','19:10:00','3909811','1','',''),
('1525129491211962','19:11:00','19:11:00','5161452','2','',''),
('1525129491211962','19:12:00','19:12:00','3909814','3','',''),
('1525129491211962','19:12:00','19:12:00','3909816','4','',''),
('1525129491211962','19:18:00','19:18:00','3909818','5','',''),
('1525129491211962','19:20:00','19:20:00','3909820','6','',''),
('1525129491211962','19:30:00','19:30:00','3909822','7','',''),
('1625129481211962','18:42:00','18:42:00','3909811','1','',''),
('1625129481211962','18:43:00','18:43:00','5161452','2','',''),
('1625129481211962','18:44:00','18:44:00','3909814','3','',''),
('1625129481211962','18:44:00','18:44:00','3909816','4','',''),
('1625129481211962','18:50:00','18:50:00','3909818','5','',''),
('1625129481211962','18:52:00','18:52:00','3909820','6','',''),
('1625129481211962','19:02:00','19:02:00','3909822','7','',''),
('1725129481211962','18:52:00','18:52:00','3909811','1','',''),
('1725129481211962','18:53:00','18:53:00','5161452','2','',''),
('1725129481211962','18:54:00','18:54:00','3909814','3','',''),
('1725129481211962','18:54:00','18:54:00','3909816','4','',''),
('1725129481211962','19:00:00','19:00:00','3909818','5','',''),
('1725129481211962','19:02:00','19:02:00','3909820','6','',''),
('1725129481211962','19:12:00','19:12:00','3909822','7','',''),
('1825129481211962','19:02:00','19:02:00','3909811','1','',''),
('1825129481211962','19:03:00','19:03:00','5161452','2','',''),
('1825129481211962','19:04:00','19:04:00','3909814','3','',''),
('1825129481211962','19:04:00','19:04:00','3909816','4','',''),
('1825129481211962','19:10:00','19:10:00','3909818','5','',''),
('1825129481211962','19:12:00','19:12:00','3909820','6','',''),
('1825129481211962','19:22:00','19:22:00','3909822','7','',''),
('1925129481211962','19:10:00','19:10:00','3909811','1','',''),
('1925129481211962','19:11:00','19:11:00','5161452','2','',''),
('1925129481211962','19:12:00','19:12:00','3909814','3','',''),
('1925129481211962','19:12:00','19:12:00','3909816','4','',''),
('1925129481211962','19:18:00','19:18:00','3909818','5','',''),
('1925129481211962','19:20:00','19:20:00','3909820','6','',''),
('1925129481211962','19:30:00','19:30:00','3909822','7','',''),
('223772761211962','16:47:00','16:47:00','3909811','1','',''),
('223772761211962','16:48:00','16:48:00','5161452','2','',''),
('223772761211962','16:49:00','16:49:00','3909814','3','',''),
('223772761211962','16:49:00','16:49:00','3909816','4','',''),
('223772761211962','16:55:00','16:55:00','3909818','5','',''),
('223772761211962','16:57:00','16:57:00','3909820','6','',''),
('223772761211962','17:07:00','17:07:00','3909822','7','',''),
('225129481211962','16:38:00','16:38:00','3909811','1','',''),
('225129481211962','16:39:00','16:39:00','5161452','2','',''),
('225129481211962','16:40:00','16:40:00','3909814','3','',''),
('225129481211962','16:40:00','16:40:00','3909816','4','',''),
('225129481211962','16:46:00','16:46:00','3909818','5','',''),
('225129481211962','16:48:00','16:48:00','3909820','6','',''),
('225129481211962','16:58:00','16:58:00','3909822','7','',''),
('225129491211962','16:47:00','16:47:00','3909811','1','',''),
('225129491211962','16:48:00','16:48:00','5161452','2','',''),
('225129491211962','16:49:00','16:49:00','3909814','3','',''),
('225129491211962','16:49:00','16:49:00','3909816','4','',''),
('225129491211962','16:55:00','16:55:00','3909818','5','',''),
('225129491211962','16:57:00','16:57:00','3909820','6','',''),
('225129491211962','17:07:00','17:07:00','3909822','7','',''),
('323772761211962','17:00:00','17:00:00','3909811','1','',''),
('323772761211962','17:01:00','17:01:00','5161452','2','',''),
('323772761211962','17:02:00','17:02:00','3909814','3','',''),
('323772761211962','17:02:00','17:02:00','3909816','4','',''),
('323772761211962','17:08:00','17:08:00','3909818','5','',''),
('323772761211962','17:10:00','17:10:00','3909820','6','',''),
('323772761211962','17:20:00','17:20:00','3909822','7','',''),
('325129481211962','16:47:00','16:47:00','3909811','1','',''),
('325129481211962','16:48:00','16:48:00','5161452','2','',''),
('325129481211962','16:49:00','16:49:00','3909814','3','',''),
('325129481211962','16:49:00','16:49:00','3909816','4','',''),
('325129481211962','16:55:00','16:55:00','3909818','5','',''),
('325129481211962','16:57:00','16:57:00','3909820','6','',''),
('325129481211962','17:07:00','17:07:00','3909822','7','',''),
('325129491211962','17:00:00','17:00:00','3909811','1','',''),
('325129491211962','17:01:00','17:01:00','5161452','2','',''),
('325129491211962','17:02:00','17:02:00','3909814','3','',''),
('325129491211962','17:02:00','17:02:00','3909816','4','',''),
('325129491211962','17:08:00','17:08:00','3909818','5','',''),
('325129491211962','17:10:00','17:10:00','3909820','6','',''),
('325129491211962','17:20:00','17:20:00','3909822','7','',''),
('423772761211962','17:10:00','17:10:00','3909811','1','',''),
('423772761211962','17:11:00','17:11:00','5161452','2','',''),
('423772761211962','17:12:00','17:12:00','3909814','3','',''),
('423772761211962','17:12:00','17:12:00','3909816','4','',''),
('423772761211962','17:18:00','17:18:00','3909818','5','',''),
('423772761211962','17:20:00','17:20:00','3909820','6','',''),
('423772761211962','17:30:00','17:30:00','3909822','7','',''),
('425129481211962','16:58:00','16:58:00','3909811','1','',''),
('425129481211962','16:59:00','16:59:00','5161452','2','',''),
('425129481211962','17:00:00','17:00:00','3909814','3','',''),
('425129481211962','17:00:00','17:00:00','3909816','4','',''),
('425129481211962','17:06:00','17:06:00','3909818','5','',''),
('425129481211962','17:08:00','17:08:00','3909820','6','',''),
('425129481211962','17:18:00','17:18:00','3909822','7','',''),
('425129491211962','17:10:00','17:10:00','3909811','1','',''),
('425129491211962','17:11:00','17:11:00','5161452','2','',''),
('425129491211962','17:12:00','17:12:00','3909814','3','',''),
('425129491211962','17:12:00','17:12:00','3909816','4','',''),
('425129491211962','17:18:00','17:18:00','3909818','5','',''),
('425129491211962','17:20:00','17:20:00','3909820','6','',''),
('425129491211962','17:30:00','17:30:00','3909822','7','',''),
('523772761211962','17:20:00','17:20:00','3909811','1','',''),
('523772761211962','17:21:00','17:21:00','5161452','2','',''),
('523772761211962','17:22:00','17:22:00','3909814','3','',''),
('523772761211962','17:22:00','17:22:00','3909816','4','',''),
('523772761211962','17:28:00','17:28:00','3909818','5','',''),
('523772761211962','17:30:00','17:30:00','3909820','6','',''),
('523772761211962','17:40:00','17:40:00','3909822','7','',''),
('525129481211962','17:07:00','17:07:00','3909811','1','',''),
('525129481211962','17:08:00','17:08:00','5161452','2','',''),
('525129481211962','17:09:00','17:09:00','3909814','3','',''),
('525129481211962','17:09:00','17:09:00','3909816','4','',''),
('525129481211962','17:15:00','17:15:00','3909818','5','',''),
('525129481211962','17:17:00','17:17:00','3909820','6','',''),
('525129481211962','17:27:00','17:27:00','3909822','7','',''),
('525129491211962','17:20:00','17:20:00','3909811','1','',''),
('525129491211962','17:21:00','17:21:00','5161452','2','',''),
('525129491211962','17:22:00','17:22:00','3909814','3','',''),
('525129491211962','17:22:00','17:22:00','3909816','4','',''),
('525129491211962','17:28:00','17:28:00','3909818','5','',''),
('525129491211962','17:30:00','17:30:00','3909820','6','',''),
('525129491211962','17:40:00','17:40:00','3909822','7','',''),
('623772761211962','17:29:00','17:29:00','3909811','1','',''),
('623772761211962','17:30:00','17:30:00','5161452','2','',''),
('623772761211962','17:31:00','17:31:00','3909814','3','',''),
('623772761211962','17:31:00','17:31:00','3909816','4','',''),
('623772761211962','17:37:00','17:37:00','3909818','5','',''),
('623772761211962','17:39:00','17:39:00','3909820','6','',''),
('623772761211962','17:49:00','17:49:00','3909822','7','',''),
('625129481211962','17:15:00','17:15:00','3909811','1','',''),
('625129481211962','17:16:00','17:16:00','5161452','2','',''),
('625129481211962','17:17:00','17:17:00','3909814','3','',''),
('625129481211962','17:17:00','17:17:00','3909816','4','',''),
('625129481211962','17:23:00','17:23:00','3909818','5','',''),
('625129481211962','17:25:00','17:25:00','3909820','6','',''),
('625129481211962','17:35:00','17:35:00','3909822','7','',''),
('625129491211962','17:29:00','17:29:00','3909811','1','',''),
('625129491211962','17:30:00','17:30:00','5161452','2','',''),
('625129491211962','17:31:00','17:31:00','3909814','3','',''),
('625129491211962','17:31:00','17:31:00','3909816','4','',''),
('625129491211962','17:37:00','17:37:00','3909818','5','',''),
('625129491211962','17:39:00','17:39:00','3909820','6','',''),
('625129491211962','17:49:00','17:49:00','3909822','7','',''),
('723772761211962','17:41:00','17:41:00','3909811','1','',''),
('723772761211962','17:42:00','17:42:00','5161452','2','',''),
('723772761211962','17:43:00','17:43:00','3909814','3','',''),
('723772761211962','17:43:00','17:43:00','3909816','4','',''),
('723772761211962','17:49:00','17:49:00','3909818','5','',''),
('723772761211962','17:51:00','17:51:00','3909820','6','',''),
('723772761211962','18:01:00','18:01:00','3909822','7','',''),
('725129481211962','17:26:00','17:26:00','3909811','1','',''),
('725129481211962','17:27:00','17:27:00','5161452','2','',''),
('725129481211962','17:28:00','17:28:00','3909814','3','',''),
('725129481211962','17:28:00','17:28:00','3909816','4','',''),
('725129481211962','17:34:00','17:34:00','3909818','5','',''),
('725129481211962','17:36:00','17:36:00','3909820','6','',''),
('725129481211962','17:46:00','17:46:00','3909822','7','',''),
('725129491211962','17:41:00','17:41:00','3909811','1','',''),
('725129491211962','17:42:00','17:42:00','5161452','2','',''),
('725129491211962','17:43:00','17:43:00','3909814','3','',''),
('725129491211962','17:43:00','17:43:00','3909816','4','',''),
('725129491211962','17:49:00','17:49:00','3909818','5','',''),
('725129491211962','17:51:00','17:51:00','3909820','6','',''),
('725129491211962','18:01:00','18:01:00','3909822','7','',''),
('823772761211962','17:52:00','17:52:00','3909811','1','',''),
('823772761211962','17:53:00','17:53:00','5161452','2','',''),
('823772761211962','17:54:00','17:54:00','3909814','3','',''),
('823772761211962','17:54:00','17:54:00','3909816','4','',''),
('823772761211962','18:00:00','18:00:00','3909818','5','',''),
('823772761211962','18:02:00','18:02:00','3909820','6','',''),
('823772761211962','18:12:00','18:12:00','3909822','7','',''),
('825129481211962','17:35:00','17:35:00','3909811','1','',''),
('825129481211962','17:36:00','17:36:00','5161452','2','',''),
('825129481211962','17:37:00','17:37:00','3909814','3','',''),
('825129481211962','17:37:00','17:37:00','3909816','4','',''),
('825129481211962','17:43:00','17:43:00','3909818','5','',''),
('825129481211962','17:45:00','17:45:00','3909820','6','',''),
('825129481211962','17:55:00','17:55:00','3909822','7','',''),
('825129491211962','17:52:00','17:52:00','3909811','1','',''),
('825129491211962','17:53:00','17:53:00','5161452','2','',''),
('825129491211962','17:54:00','17:54:00','3909814','3','',''),
('825129491211962','17:54:00','17:54:00','3909816','4','',''),
('825129491211962','18:00:00','18:00:00','3909818','5','',''),
('825129491211962','18:02:00','18:02:00','3909820','6','',''),
('825129491211962','18:12:00','18:12:00','3909822','7','',''),
('923772761211962','18:03:00','18:03:00','3909811','1','',''),
('923772761211962','18:04:00','18:04:00','5161452','2','',''),
('923772761211962','18:05:00','18:05:00','3909814','3','',''),
('923772761211962','18:05:00','18:05:00','3909816','4','',''),
('923772761211962','18:11:00','18:11:00','3909818','5','',''),
('923772761211962','18:13:00','18:13:00','3909820','6','',''),
('923772761211962','18:23:00','18:23:00','3909822','7','',''),
('925129481211962','17:43:00','17:43:00','3909811','1','',''),
('925129481211962','17:44:00','17:44:00','5161452','2','',''),
('925129481211962','17:45:00','17:45:00','3909814','3','',''),
('925129481211962','17:45:00','17:45:00','3909816','4','',''),
('925129481211962','17:51:00','17:51:00','3909818','5','',''),
('925129481211962','17:53:00','17:53:00','3909820','6','',''),
('925129481211962','18:03:00','18:03:00','3909822','7','',''),
('925129491211962','18:03:00','18:03:00','3909811','1','',''),
('925129491211962','18:04:00','18:04:00','5161452','2','',''),
('925129491211962','18:05:00','18:05:00','3909814','3','',''),
('925129491211962','18:05:00','18:05:00','3909816','4','',''),
('925129491211962','18:11:00','18:11:00','3909818','5','',''),
('925129491211962','18:13:00','18:13:00','3909820','6','',''),
('925129491211962','18:23:00','18:23:00','3909822','7','',''),
('1023772760914552','08:29:00','08:29:00','3909823','1','',''),
('1023772760914552','08:37:00','08:37:00','3909821','2','',''),
('1023772760914552','08:38:00','08:38:00','3909819','3','',''),
('1023772760914552','08:42:00','08:42:00','3909817','4','',''),
('1023772760914552','08:42:00','08:42:00','3909815','5','',''),
('1023772760914552','08:43:00','08:43:00','3909824','6','',''),
('1023772760914552','08:43:00','08:43:00','3909812','7','',''),
('1025129480914552','08:15:00','08:15:00','3909823','1','',''),
('1025129480914552','08:23:00','08:23:00','3909821','2','',''),
('1025129480914552','08:24:00','08:24:00','3909819','3','',''),
('1025129480914552','08:28:00','08:28:00','3909817','4','',''),
('1025129480914552','08:28:00','08:28:00','3909815','5','',''),
('1025129480914552','08:29:00','08:29:00','3909824','6','',''),
('1025129480914552','08:29:00','08:29:00','3909812','7','',''),
('1025129490914552','08:29:00','08:29:00','3909823','1','',''),
('1025129490914552','08:37:00','08:37:00','3909821','2','',''),
('1025129490914552','08:38:00','08:38:00','3909819','3','',''),
('1025129490914552','08:42:00','08:42:00','3909817','4','',''),
('1025129490914552','08:42:00','08:42:00','3909815','5','',''),
('1025129490914552','08:43:00','08:43:00','3909824','6','',''),
('1025129490914552','08:43:00','08:43:00','3909812','7','',''),
('1123772760914552','08:41:00','08:41:00','3909823','1','',''),
('1123772760914552','08:49:00','08:49:00','3909821','2','',''),
('1123772760914552','08:50:00','08:50:00','3909819','3','',''),
('1123772760914552','08:54:00','08:54:00','3909817','4','',''),
('1123772760914552','08:54:00','08:54:00','3909815','5','',''),
('1123772760914552','08:55:00','08:55:00','3909824','6','',''),
('1123772760914552','08:55:00','08:55:00','3909812','7','',''),
('1125129480914552','08:28:00','08:28:00','3909823','1','',''),
('1125129480914552','08:36:00','08:36:00','3909821','2','',''),
('1125129480914552','08:37:00','08:37:00','3909819','3','',''),
('1125129480914552','08:41:00','08:41:00','3909817','4','',''),
('1125129480914552','08:41:00','08:41:00','3909815','5','',''),
('1125129480914552','08:42:00','08:42:00','3909824','6','',''),
('1125129480914552','08:42:00','08:42:00','3909812','7','',''),
('1125129490914552','08:41:00','08:41:00','3909823','1','',''),
('1125129490914552','08:49:00','08:49:00','3909821','2','',''),
('1125129490914552','08:50:00','08:50:00','3909819','3','',''),
('1125129490914552','08:54:00','08:54:00','3909817','4','',''),
('1125129490914552','08:54:00','08:54:00','3909815','5','',''),
('1125129490914552','08:55:00','08:55:00','3909824','6','',''),
('1125129490914552','08:55:00','08:55:00','3909812','7','',''),
('1223772760914552','08:42:00','08:42:00','3909823','1','',''),
('1223772760914552','08:50:00','08:50:00','3909821','2','',''),
('1223772760914552','08:51:00','08:51:00','3909819','3','',''),
('1223772760914552','08:55:00','08:55:00','3909817','4','',''),
('1223772760914552','08:55:00','08:55:00','3909815','5','',''),
('1223772760914552','08:56:00','08:56:00','3909824','6','',''),
('1223772760914552','08:56:00','08:56:00','3909812','7','',''),
('1225129480914552','08:29:00','08:29:00','3909823','1','',''),
('1225129480914552','08:37:00','08:37:00','3909821','2','',''),
('1225129480914552','08:38:00','08:38:00','3909819','3','',''),
('1225129480914552','08:42:00','08:42:00','3909817','4','',''),
('1225129480914552','08:42:00','08:42:00','3909815','5','',''),
('1225129480914552','08:43:00','08:43:00','3909824','6','',''),
('1225129480914552','08:43:00','08:43:00','3909812','7','',''),
('1225129490914552','08:42:00','08:42:00','3909823','1','',''),
('1225129490914552','08:50:00','08:50:00','3909821','2','',''),
('1225129490914552','08:51:00','08:51:00','3909819','3','',''),
('1225129490914552','08:55:00','08:55:00','3909817','4','',''),
('1225129490914552','08:55:00','08:55:00','3909815','5','',''),
('1225129490914552','08:56:00','08:56:00','3909824','6','',''),
('1225129490914552','08:56:00','08:56:00','3909812','7','',''),
('123772760914552','07:22:00','07:22:00','3909823','1','',''),
('123772760914552','07:29:00','07:29:00','3909821','2','',''),
('123772760914552','07:31:00','07:31:00','3909819','3','',''),
('123772760914552','07:34:00','07:34:00','3909817','4','',''),
('123772760914552','07:34:00','07:34:00','3909815','5','',''),
('123772760914552','07:35:00','07:35:00','3909824','6','',''),
('123772760914552','07:35:00','07:35:00','3909812','7','',''),
('125129480914552','07:22:00','07:22:00','3909823','1','',''),
('125129480914552','07:29:00','07:29:00','3909821','2','',''),
('125129480914552','07:31:00','07:31:00','3909819','3','',''),
('125129480914552','07:34:00','07:34:00','3909817','4','',''),
('125129480914552','07:34:00','07:34:00','3909815','5','',''),
('125129480914552','07:35:00','07:35:00','3909824','6','',''),
('125129480914552','07:35:00','07:35:00','3909812','7','',''),
('125129490914552','07:22:00','07:22:00','3909823','1','',''),
('125129490914552','07:29:00','07:29:00','3909821','2','',''),
('125129490914552','07:31:00','07:31:00','3909819','3','',''),
('125129490914552','07:34:00','07:34:00','3909817','4','',''),
('125129490914552','07:34:00','07:34:00','3909815','5','',''),
('125129490914552','07:35:00','07:35:00','3909824','6','',''),
('125129490914552','07:35:00','07:35:00','3909812','7','',''),
('1323772760914552','08:54:00','08:54:00','3909823','1','',''),
('1323772760914552','09:02:00','09:02:00','3909821','2','',''),
('1323772760914552','09:03:00','09:03:00','3909819','3','',''),
('1323772760914552','09:07:00','09:07:00','3909817','4','',''),
('1323772760914552','09:07:00','09:07:00','3909815','5','',''),
('1323772760914552','09:08:00','09:08:00','3909824','6','',''),
('1323772760914552','09:08:00','09:08:00','3909812','7','',''),
('1325129480914552','08:41:00','08:41:00','3909823','1','',''),
('1325129480914552','08:49:00','08:49:00','3909821','2','',''),
('1325129480914552','08:50:00','08:50:00','3909819','3','',''),
('1325129480914552','08:54:00','08:54:00','3909817','4','',''),
('1325129480914552','08:54:00','08:54:00','3909815','5','',''),
('1325129480914552','08:55:00','08:55:00','3909824','6','',''),
('1325129480914552','08:55:00','08:55:00','3909812','7','',''),
('1325129490914552','08:54:00','08:54:00','3909823','1','',''),
('1325129490914552','09:02:00','09:02:00','3909821','2','',''),
('1325129490914552','09:03:00','09:03:00','3909819','3','',''),
('1325129490914552','09:07:00','09:07:00','3909817','4','',''),
('1325129490914552','09:07:00','09:07:00','3909815','5','',''),
('1325129490914552','09:08:00','09:08:00','3909824','6','',''),
('1325129490914552','09:08:00','09:08:00','3909812','7','',''),
('1423772760914552','09:06:00','09:06:00','3909823','1','',''),
('1423772760914552','09:14:00','09:14:00','3909821','2','',''),
('1423772760914552','09:15:00','09:15:00','3909819','3','',''),
('1423772760914552','09:19:00','09:19:00','3909817','4','',''),
('1423772760914552','09:19:00','09:19:00','3909815','5','',''),
('1423772760914552','09:20:00','09:20:00','3909824','6','',''),
('1423772760914552','09:20:00','09:20:00','3909812','7','',''),
('1425129480914552','08:42:00','08:42:00','3909823','1','',''),
('1425129480914552','08:50:00','08:50:00','3909821','2','',''),
('1425129480914552','08:51:00','08:51:00','3909819','3','',''),
('1425129480914552','08:55:00','08:55:00','3909817','4','',''),
('1425129480914552','08:55:00','08:55:00','3909815','5','',''),
('1425129480914552','08:56:00','08:56:00','3909824','6','',''),
('1425129480914552','08:56:00','08:56:00','3909812','7','',''),
('1425129490914552','09:06:00','09:06:00','3909823','1','',''),
('1425129490914552','09:14:00','09:14:00','3909821','2','',''),
('1425129490914552','09:15:00','09:15:00','3909819','3','',''),
('1425129490914552','09:19:00','09:19:00','3909817','4','',''),
('1425129490914552','09:19:00','09:19:00','3909815','5','',''),
('1425129490914552','09:20:00','09:20:00','3909824','6','',''),
('1425129490914552','09:20:00','09:20:00','3909812','7','',''),
('1523772760914552','09:07:00','09:07:00','3909823','1','',''),
('1523772760914552','09:15:00','09:15:00','3909821','2','',''),
('1523772760914552','09:16:00','09:16:00','3909819','3','',''),
('1523772760914552','09:20:00','09:20:00','3909817','4','',''),
('1523772760914552','09:20:00','09:20:00','3909815','5','',''),
('1523772760914552','09:21:00','09:21:00','3909824','6','',''),
('1523772760914552','09:21:00','09:21:00','3909812','7','',''),
('1525129480914552','08:55:00','08:55:00','3909823','1','',''),
('1525129480914552','09:03:00','09:03:00','3909821','2','',''),
('1525129480914552','09:04:00','09:04:00','3909819','3','',''),
('1525129480914552','09:08:00','09:08:00','3909817','4','',''),
('1525129480914552','09:08:00','09:08:00','3909815','5','',''),
('1525129480914552','09:09:00','09:09:00','3909824','6','',''),
('1525129480914552','09:09:00','09:09:00','3909812','7','',''),
('1525129490914552','09:07:00','09:07:00','3909823','1','',''),
('1525129490914552','09:15:00','09:15:00','3909821','2','',''),
('1525129490914552','09:16:00','09:16:00','3909819','3','',''),
('1525129490914552','09:20:00','09:20:00','3909817','4','',''),
('1525129490914552','09:20:00','09:20:00','3909815','5','',''),
('1525129490914552','09:21:00','09:21:00','3909824','6','',''),
('1525129490914552','09:21:00','09:21:00','3909812','7','',''),
('1623772760914552','09:21:00','09:21:00','3909823','1','',''),
('1623772760914552','09:29:00','09:29:00','3909821','2','',''),
('1623772760914552','09:30:00','09:30:00','3909819','3','',''),
('1623772760914552','09:34:00','09:34:00','3909817','4','',''),
('1623772760914552','09:34:00','09:34:00','3909815','5','',''),
('1623772760914552','09:35:00','09:35:00','3909824','6','',''),
('1623772760914552','09:35:00','09:35:00','3909812','7','',''),
('1625129480914552','08:56:00','08:56:00','3909823','1','',''),
('1625129480914552','09:04:00','09:04:00','3909821','2','',''),
('1625129480914552','09:05:00','09:05:00','3909819','3','',''),
('1625129480914552','09:09:00','09:09:00','3909817','4','',''),
('1625129480914552','09:09:00','09:09:00','3909815','5','',''),
('1625129480914552','09:10:00','09:10:00','3909824','6','',''),
('1625129480914552','09:10:00','09:10:00','3909812','7','',''),
('1625129490914552','09:21:00','09:21:00','3909823','1','',''),
('1625129490914552','09:29:00','09:29:00','3909821','2','',''),
('1625129490914552','09:30:00','09:30:00','3909819','3','',''),
('1625129490914552','09:34:00','09:34:00','3909817','4','',''),
('1625129490914552','09:34:00','09:34:00','3909815','5','',''),
('1625129490914552','09:35:00','09:35:00','3909824','6','',''),
('1625129490914552','09:35:00','09:35:00','3909812','7','',''),
('1723772760914552','09:22:00','09:22:00','3909823','1','',''),
('1723772760914552','09:30:00','09:30:00','3909821','2','',''),
('1723772760914552','09:31:00','09:31:00','3909819','3','',''),
('1723772760914552','09:35:00','09:35:00','3909817','4','',''),
('1723772760914552','09:35:00','09:35:00','3909815','5','',''),
('1723772760914552','09:36:00','09:36:00','3909824','6','',''),
('1723772760914552','09:36:00','09:36:00','3909812','7','',''),
('1725129480914552','09:07:00','09:07:00','3909823','1','',''),
('1725129480914552','09:15:00','09:15:00','3909821','2','',''),
('1725129480914552','09:16:00','09:16:00','3909819','3','',''),
('1725129480914552','09:20:00','09:20:00','3909817','4','',''),
('1725129480914552','09:20:00','09:20:00','3909815','5','',''),
('1725129480914552','09:21:00','09:21:00','3909824','6','',''),
('1725129480914552','09:21:00','09:21:00','3909812','7','',''),
('1725129490914552','09:22:00','09:22:00','3909823','1','',''),
('1725129490914552','09:30:00','09:30:00','3909821','2','',''),
('1725129490914552','09:31:00','09:31:00','3909819','3','',''),
('1725129490914552','09:35:00','09:35:00','3909817','4','',''),
('1725129490914552','09:35:00','09:35:00','3909815','5','',''),
('1725129490914552','09:36:00','09:36:00','3909824','6','',''),
('1725129490914552','09:36:00','09:36:00','3909812','7','',''),
('1823772760914552','17:07:00','17:07:00','3909823','1','',''),
('1823772760914552','17:14:00','17:14:00','3909821','2','',''),
('1823772760914552','17:15:00','17:15:00','3909819','3','',''),
('1823772760914552','17:18:00','17:18:00','3909817','4','',''),
('1823772760914552','17:18:00','17:18:00','3909815','5','',''),
('1823772760914552','17:19:00','17:19:00','3909824','6','',''),
('1823772760914552','17:19:00','17:19:00','3909812','7','',''),
('1825129480914552','09:08:00','09:08:00','3909823','1','',''),
('1825129480914552','09:16:00','09:16:00','3909821','2','',''),
('1825129480914552','09:17:00','09:17:00','3909819','3','',''),
('1825129480914552','09:21:00','09:21:00','3909817','4','',''),
('1825129480914552','09:21:00','09:21:00','3909815','5','',''),
('1825129480914552','09:22:00','09:22:00','3909824','6','',''),
('1825129480914552','09:22:00','09:22:00','3909812','7','',''),
('1825129490914552','17:07:00','17:07:00','3909823','1','',''),
('1825129490914552','17:14:00','17:14:00','3909821','2','',''),
('1825129490914552','17:15:00','17:15:00','3909819','3','',''),
('1825129490914552','17:18:00','17:18:00','3909817','4','',''),
('1825129490914552','17:18:00','17:18:00','3909815','5','',''),
('1825129490914552','17:19:00','17:19:00','3909824','6','',''),
('1825129490914552','17:19:00','17:19:00','3909812','7','',''),
('1923772760914552','17:16:00','17:16:00','3909823','1','',''),
('1923772760914552','17:23:00','17:23:00','3909821','2','',''),
('1923772760914552','17:24:00','17:24:00','3909819','3','',''),
('1923772760914552','17:27:00','17:27:00','3909817','4','',''),
('1923772760914552','17:27:00','17:27:00','3909815','5','',''),
('1923772760914552','17:28:00','17:28:00','3909824','6','',''),
('1923772760914552','17:28:00','17:28:00','3909812','7','',''),
('1925129480914552','09:21:00','09:21:00','3909823','1','',''),
('1925129480914552','09:29:00','09:29:00','3909821','2','',''),
('1925129480914552','09:30:00','09:30:00','3909819','3','',''),
('1925129480914552','09:34:00','09:34:00','3909817','4','',''),
('1925129480914552','09:34:00','09:34:00','3909815','5','',''),
('1925129480914552','09:35:00','09:35:00','3909824','6','',''),
('1925129480914552','09:35:00','09:35:00','3909812','7','',''),
('1925129490914552','17:16:00','17:16:00','3909823','1','',''),
('1925129490914552','17:23:00','17:23:00','3909821','2','',''),
('1925129490914552','17:24:00','17:24:00','3909819','3','',''),
('1925129490914552','17:27:00','17:27:00','3909817','4','',''),
('1925129490914552','17:27:00','17:27:00','3909815','5','',''),
('1925129490914552','17:28:00','17:28:00','3909824','6','',''),
('1925129490914552','17:28:00','17:28:00','3909812','7','',''),
('2023772760914552','17:28:00','17:28:00','3909823','1','',''),
('2023772760914552','17:35:00','17:35:00','3909821','2','',''),
('2023772760914552','17:36:00','17:36:00','3909819','3','',''),
('2023772760914552','17:39:00','17:39:00','3909817','4','',''),
('2023772760914552','17:39:00','17:39:00','3909815','5','',''),
('2023772760914552','17:40:00','17:40:00','3909824','6','',''),
('2023772760914552','17:40:00','17:40:00','3909812','7','',''),
('2025129480914552','09:22:00','09:22:00','3909823','1','',''),
('2025129480914552','09:30:00','09:30:00','3909821','2','',''),
('2025129480914552','09:31:00','09:31:00','3909819','3','',''),
('2025129480914552','09:35:00','09:35:00','3909817','4','',''),
('2025129480914552','09:35:00','09:35:00','3909815','5','',''),
('2025129480914552','09:36:00','09:36:00','3909824','6','',''),
('2025129480914552','09:36:00','09:36:00','3909812','7','',''),
('2025129490914552','17:28:00','17:28:00','3909823','1','',''),
('2025129490914552','17:35:00','17:35:00','3909821','2','',''),
('2025129490914552','17:36:00','17:36:00','3909819','3','',''),
('2025129490914552','17:39:00','17:39:00','3909817','4','',''),
('2025129490914552','17:39:00','17:39:00','3909815','5','',''),
('2025129490914552','17:40:00','17:40:00','3909824','6','',''),
('2025129490914552','17:40:00','17:40:00','3909812','7','',''),
('2123772760914552','17:39:00','17:39:00','3909823','1','',''),
('2123772760914552','17:46:00','17:46:00','3909821','2','',''),
('2123772760914552','17:47:00','17:47:00','3909819','3','',''),
('2123772760914552','17:50:00','17:50:00','3909817','4','',''),
('2123772760914552','17:50:00','17:50:00','3909815','5','',''),
('2123772760914552','17:51:00','17:51:00','3909824','6','',''),
('2123772760914552','17:51:00','17:51:00','3909812','7','',''),
('2125129480914552','17:02:00','17:02:00','3909823','1','',''),
('2125129480914552','17:09:00','17:09:00','3909821','2','',''),
('2125129480914552','17:10:00','17:10:00','3909819','3','',''),
('2125129480914552','17:13:00','17:13:00','3909817','4','',''),
('2125129480914552','17:13:00','17:13:00','3909815','5','',''),
('2125129480914552','17:14:00','17:14:00','3909824','6','',''),
('2125129480914552','17:14:00','17:14:00','3909812','7','',''),
('2125129490914552','17:39:00','17:39:00','3909823','1','',''),
('2125129490914552','17:46:00','17:46:00','3909821','2','',''),
('2125129490914552','17:47:00','17:47:00','3909819','3','',''),
('2125129490914552','17:50:00','17:50:00','3909817','4','',''),
('2125129490914552','17:50:00','17:50:00','3909815','5','',''),
('2125129490914552','17:51:00','17:51:00','3909824','6','',''),
('2125129490914552','17:51:00','17:51:00','3909812','7','',''),
('2223772760914552','17:50:00','17:50:00','3909823','1','',''),
('2223772760914552','17:57:00','17:57:00','3909821','2','',''),
('2223772760914552','17:58:00','17:58:00','3909819','3','',''),
('2223772760914552','18:01:00','18:01:00','3909817','4','',''),
('2223772760914552','18:01:00','18:01:00','3909815','5','',''),
('2223772760914552','18:02:00','18:02:00','3909824','6','',''),
('2223772760914552','18:02:00','18:02:00','3909812','7','',''),
('2225129480914552','17:13:00','17:13:00','3909823','1','',''),
('2225129480914552','17:20:00','17:20:00','3909821','2','',''),
('2225129480914552','17:21:00','17:21:00','3909819','3','',''),
('2225129480914552','17:24:00','17:24:00','3909817','4','',''),
('2225129480914552','17:24:00','17:24:00','3909815','5','',''),
('2225129480914552','17:25:00','17:25:00','3909824','6','',''),
('2225129480914552','17:25:00','17:25:00','3909812','7','',''),
('2225129490914552','17:50:00','17:50:00','3909823','1','',''),
('2225129490914552','17:57:00','17:57:00','3909821','2','',''),
('2225129490914552','17:58:00','17:58:00','3909819','3','',''),
('2225129490914552','18:01:00','18:01:00','3909817','4','',''),
('2225129490914552','18:01:00','18:01:00','3909815','5','',''),
('2225129490914552','18:02:00','18:02:00','3909824','6','',''),
('2225129490914552','18:02:00','18:02:00','3909812','7','',''),
('223772760914552','07:23:00','07:23:00','3909823','1','',''),
('223772760914552','07:30:00','07:30:00','3909821','2','',''),
('223772760914552','07:32:00','07:32:00','3909819','3','',''),
('223772760914552','07:35:00','07:35:00','3909817','4','',''),
('223772760914552','07:35:00','07:35:00','3909815','5','',''),
('223772760914552','07:36:00','07:36:00','3909824','6','',''),
('223772760914552','07:36:00','07:36:00','3909812','7','',''),
('225129480914552','07:23:00','07:23:00','3909823','1','',''),
('225129480914552','07:30:00','07:30:00','3909821','2','',''),
('225129480914552','07:32:00','07:32:00','3909819','3','',''),
('225129480914552','07:35:00','07:35:00','3909817','4','',''),
('225129480914552','07:35:00','07:35:00','3909815','5','',''),
('225129480914552','07:36:00','07:36:00','3909824','6','',''),
('225129480914552','07:36:00','07:36:00','3909812','7','',''),
('225129490914552','07:23:00','07:23:00','3909823','1','',''),
('225129490914552','07:30:00','07:30:00','3909821','2','',''),
('225129490914552','07:32:00','07:32:00','3909819','3','',''),
('225129490914552','07:35:00','07:35:00','3909817','4','',''),
('225129490914552','07:35:00','07:35:00','3909815','5','',''),
('225129490914552','07:36:00','07:36:00','3909824','6','',''),
('225129490914552','07:36:00','07:36:00','3909812','7','',''),
('2323772760914552','18:00:00','18:00:00','3909823','1','',''),
('2323772760914552','18:07:00','18:07:00','3909821','2','',''),
('2323772760914552','18:08:00','18:08:00','3909819','3','',''),
('2323772760914552','18:11:00','18:11:00','3909817','4','',''),
('2323772760914552','18:11:00','18:11:00','3909815','5','',''),
('2323772760914552','18:12:00','18:12:00','3909824','6','',''),
('2323772760914552','18:12:00','18:12:00','3909812','7','',''),
('2325129480914552','17:22:00','17:22:00','3909823','1','',''),
('2325129480914552','17:29:00','17:29:00','3909821','2','',''),
('2325129480914552','17:30:00','17:30:00','3909819','3','',''),
('2325129480914552','17:33:00','17:33:00','3909817','4','',''),
('2325129480914552','17:33:00','17:33:00','3909815','5','',''),
('2325129480914552','17:34:00','17:34:00','3909824','6','',''),
('2325129480914552','17:34:00','17:34:00','3909812','7','',''),
('2325129490914552','18:00:00','18:00:00','3909823','1','',''),
('2325129490914552','18:07:00','18:07:00','3909821','2','',''),
('2325129490914552','18:08:00','18:08:00','3909819','3','',''),
('2325129490914552','18:11:00','18:11:00','3909817','4','',''),
('2325129490914552','18:11:00','18:11:00','3909815','5','',''),
('2325129490914552','18:12:00','18:12:00','3909824','6','',''),
('2325129490914552','18:12:00','18:12:00','3909812','7','',''),
('2423772760914552','18:10:00','18:10:00','3909823','1','',''),
('2423772760914552','18:17:00','18:17:00','3909821','2','',''),
('2423772760914552','18:18:00','18:18:00','3909819','3','',''),
('2423772760914552','18:21:00','18:21:00','3909817','4','',''),
('2423772760914552','18:21:00','18:21:00','3909815','5','',''),
('2423772760914552','18:22:00','18:22:00','3909824','6','',''),
('2423772760914552','18:22:00','18:22:00','3909812','7','',''),
('2425129480914552','17:30:00','17:30:00','3909823','1','',''),
('2425129480914552','17:37:00','17:37:00','3909821','2','',''),
('2425129480914552','17:38:00','17:38:00','3909819','3','',''),
('2425129480914552','17:41:00','17:41:00','3909817','4','',''),
('2425129480914552','17:41:00','17:41:00','3909815','5','',''),
('2425129480914552','17:42:00','17:42:00','3909824','6','',''),
('2425129480914552','17:42:00','17:42:00','3909812','7','',''),
('2425129490914552','18:10:00','18:10:00','3909823','1','',''),
('2425129490914552','18:17:00','18:17:00','3909821','2','',''),
('2425129490914552','18:18:00','18:18:00','3909819','3','',''),
('2425129490914552','18:21:00','18:21:00','3909817','4','',''),
('2425129490914552','18:21:00','18:21:00','3909815','5','',''),
('2425129490914552','18:22:00','18:22:00','3909824','6','',''),
('2425129490914552','18:22:00','18:22:00','3909812','7','',''),
('2523772760914552','18:20:00','18:20:00','3909823','1','',''),
('2523772760914552','18:27:00','18:27:00','3909821','2','',''),
('2523772760914552','18:28:00','18:28:00','3909819','3','',''),
('2523772760914552','18:31:00','18:31:00','3909817','4','',''),
('2523772760914552','18:31:00','18:31:00','3909815','5','',''),
('2523772760914552','18:32:00','18:32:00','3909824','6','',''),
('2523772760914552','18:32:00','18:32:00','3909812','7','',''),
('2525129480914552','17:39:00','17:39:00','3909823','1','',''),
('2525129480914552','17:46:00','17:46:00','3909821','2','',''),
('2525129480914552','17:47:00','17:47:00','3909819','3','',''),
('2525129480914552','17:50:00','17:50:00','3909817','4','',''),
('2525129480914552','17:50:00','17:50:00','3909815','5','',''),
('2525129480914552','17:51:00','17:51:00','3909824','6','',''),
('2525129480914552','17:51:00','17:51:00','3909812','7','',''),
('2525129490914552','18:20:00','18:20:00','3909823','1','',''),
('2525129490914552','18:27:00','18:27:00','3909821','2','',''),
('2525129490914552','18:28:00','18:28:00','3909819','3','',''),
('2525129490914552','18:31:00','18:31:00','3909817','4','',''),
('2525129490914552','18:31:00','18:31:00','3909815','5','',''),
('2525129490914552','18:32:00','18:32:00','3909824','6','',''),
('2525129490914552','18:32:00','18:32:00','3909812','7','',''),
('2623772760914552','18:32:00','18:32:00','3909823','1','',''),
('2623772760914552','18:39:00','18:39:00','3909821','2','',''),
('2623772760914552','18:40:00','18:40:00','3909819','3','',''),
('2623772760914552','18:43:00','18:43:00','3909817','4','',''),
('2623772760914552','18:43:00','18:43:00','3909815','5','',''),
('2623772760914552','18:44:00','18:44:00','3909824','6','',''),
('2623772760914552','18:44:00','18:44:00','3909812','7','',''),
('2625129480914552','17:47:00','17:47:00','3909823','1','',''),
('2625129480914552','17:54:00','17:54:00','3909821','2','',''),
('2625129480914552','17:55:00','17:55:00','3909819','3','',''),
('2625129480914552','17:58:00','17:58:00','3909817','4','',''),
('2625129480914552','17:58:00','17:58:00','3909815','5','',''),
('2625129480914552','17:59:00','17:59:00','3909824','6','',''),
('2625129480914552','17:59:00','17:59:00','3909812','7','',''),
('2625129490914552','18:32:00','18:32:00','3909823','1','',''),
('2625129490914552','18:39:00','18:39:00','3909821','2','',''),
('2625129490914552','18:40:00','18:40:00','3909819','3','',''),
('2625129490914552','18:43:00','18:43:00','3909817','4','',''),
('2625129490914552','18:43:00','18:43:00','3909815','5','',''),
('2625129490914552','18:44:00','18:44:00','3909824','6','',''),
('2625129490914552','18:44:00','18:44:00','3909812','7','',''),
('2723772760914552','18:44:00','18:44:00','3909823','1','',''),
('2723772760914552','18:51:00','18:51:00','3909821','2','',''),
('2723772760914552','18:52:00','18:52:00','3909819','3','',''),
('2723772760914552','18:55:00','18:55:00','3909817','4','',''),
('2723772760914552','18:55:00','18:55:00','3909815','5','',''),
('2723772760914552','18:56:00','18:56:00','3909824','6','',''),
('2723772760914552','18:56:00','18:56:00','3909812','7','',''),
('2725129480914552','17:55:00','17:55:00','3909823','1','',''),
('2725129480914552','18:02:00','18:02:00','3909821','2','',''),
('2725129480914552','18:03:00','18:03:00','3909819','3','',''),
('2725129480914552','18:06:00','18:06:00','3909817','4','',''),
('2725129480914552','18:06:00','18:06:00','3909815','5','',''),
('2725129480914552','18:07:00','18:07:00','3909824','6','',''),
('2725129480914552','18:07:00','18:07:00','3909812','7','',''),
('2725129490914552','18:44:00','18:44:00','3909823','1','',''),
('2725129490914552','18:51:00','18:51:00','3909821','2','',''),
('2725129490914552','18:52:00','18:52:00','3909819','3','',''),
('2725129490914552','18:55:00','18:55:00','3909817','4','',''),
('2725129490914552','18:55:00','18:55:00','3909815','5','',''),
('2725129490914552','18:56:00','18:56:00','3909824','6','',''),
('2725129490914552','18:56:00','18:56:00','3909812','7','',''),
('2823772760914552','18:57:00','18:57:00','3909823','1','',''),
('2823772760914552','19:04:00','19:04:00','3909821','2','',''),
('2823772760914552','19:05:00','19:05:00','3909819','3','',''),
('2823772760914552','19:08:00','19:08:00','3909817','4','',''),
('2823772760914552','19:08:00','19:08:00','3909815','5','',''),
('2823772760914552','19:09:00','19:09:00','3909824','6','',''),
('2823772760914552','19:09:00','19:09:00','3909812','7','',''),
('2825129480914552','18:02:00','18:02:00','3909823','1','',''),
('2825129480914552','18:09:00','18:09:00','3909821','2','',''),
('2825129480914552','18:10:00','18:10:00','3909819','3','',''),
('2825129480914552','18:13:00','18:13:00','3909817','4','',''),
('2825129480914552','18:13:00','18:13:00','3909815','5','',''),
('2825129480914552','18:14:00','18:14:00','3909824','6','',''),
('2825129480914552','18:14:00','18:14:00','3909812','7','',''),
('2825129490914552','18:57:00','18:57:00','3909823','1','',''),
('2825129490914552','19:04:00','19:04:00','3909821','2','',''),
('2825129490914552','19:05:00','19:05:00','3909819','3','',''),
('2825129490914552','19:08:00','19:08:00','3909817','4','',''),
('2825129490914552','19:08:00','19:08:00','3909815','5','',''),
('2825129490914552','19:09:00','19:09:00','3909824','6','',''),
('2825129490914552','19:09:00','19:09:00','3909812','7','',''),
('2925129480914552','18:11:00','18:11:00','3909823','1','',''),
('2925129480914552','18:18:00','18:18:00','3909821','2','',''),
('2925129480914552','18:19:00','18:19:00','3909819','3','',''),
('2925129480914552','18:22:00','18:22:00','3909817','4','',''),
('2925129480914552','18:22:00','18:22:00','3909815','5','',''),
('2925129480914552','18:23:00','18:23:00','3909824','6','',''),
('2925129480914552','18:23:00','18:23:00','3909812','7','',''),
('3025129480914552','18:20:00','18:20:00','3909823','1','',''),
('3025129480914552','18:27:00','18:27:00','3909821','2','',''),
('3025129480914552','18:28:00','18:28:00','3909819','3','',''),
('3025129480914552','18:31:00','18:31:00','3909817','4','',''),
('3025129480914552','18:31:00','18:31:00','3909815','5','',''),
('3025129480914552','18:32:00','18:32:00','3909824','6','',''),
('3025129480914552','18:32:00','18:32:00','3909812','7','',''),
('3125129480914552','18:29:00','18:29:00','3909823','1','',''),
('3125129480914552','18:36:00','18:36:00','3909821','2','',''),
('3125129480914552','18:37:00','18:37:00','3909819','3','',''),
('3125129480914552','18:40:00','18:40:00','3909817','4','',''),
('3125129480914552','18:40:00','18:40:00','3909815','5','',''),
('3125129480914552','18:41:00','18:41:00','3909824','6','',''),
('3125129480914552','18:41:00','18:41:00','3909812','7','',''),
('3225129480914552','18:39:00','18:39:00','3909823','1','',''),
('3225129480914552','18:46:00','18:46:00','3909821','2','',''),
('3225129480914552','18:47:00','18:47:00','3909819','3','',''),
('3225129480914552','18:50:00','18:50:00','3909817','4','',''),
('3225129480914552','18:50:00','18:50:00','3909815','5','',''),
('3225129480914552','18:51:00','18:51:00','3909824','6','',''),
('3225129480914552','18:51:00','18:51:00','3909812','7','',''),
('323772760914552','07:36:00','07:36:00','3909823','1','',''),
('323772760914552','07:43:00','07:43:00','3909821','2','',''),
('323772760914552','07:45:00','07:45:00','3909819','3','',''),
('323772760914552','07:48:00','07:48:00','3909817','4','',''),
('323772760914552','07:48:00','07:48:00','3909815','5','',''),
('323772760914552','07:49:00','07:49:00','3909824','6','',''),
('323772760914552','07:49:00','07:49:00','3909812','7','',''),
('325129480914552','07:35:00','07:35:00','3909823','1','',''),
('325129480914552','07:42:00','07:42:00','3909821','2','',''),
('325129480914552','07:44:00','07:44:00','3909819','3','',''),
('325129480914552','07:47:00','07:47:00','3909817','4','',''),
('325129480914552','07:47:00','07:47:00','3909815','5','',''),
('325129480914552','07:48:00','07:48:00','3909824','6','',''),
('325129480914552','07:48:00','07:48:00','3909812','7','',''),
('325129490914552','07:36:00','07:36:00','3909823','1','',''),
('325129490914552','07:43:00','07:43:00','3909821','2','',''),
('325129490914552','07:45:00','07:45:00','3909819','3','',''),
('325129490914552','07:48:00','07:48:00','3909817','4','',''),
('325129490914552','07:48:00','07:48:00','3909815','5','',''),
('325129490914552','07:49:00','07:49:00','3909824','6','',''),
('325129490914552','07:49:00','07:49:00','3909812','7','',''),
('3325129480914552','18:49:00','18:49:00','3909823','1','',''),
('3325129480914552','18:56:00','18:56:00','3909821','2','',''),
('3325129480914552','18:57:00','18:57:00','3909819','3','',''),
('3325129480914552','19:00:00','19:00:00','3909817','4','',''),
('3325129480914552','19:00:00','19:00:00','3909815','5','',''),
('3325129480914552','19:01:00','19:01:00','3909824','6','',''),
('3325129480914552','19:01:00','19:01:00','3909812','7','',''),
('3425129480914552','18:57:00','18:57:00','3909823','1','',''),
('3425129480914552','19:04:00','19:04:00','3909821','2','',''),
('3425129480914552','19:05:00','19:05:00','3909819','3','',''),
('3425129480914552','19:08:00','19:08:00','3909817','4','',''),
('3425129480914552','19:08:00','19:08:00','3909815','5','',''),
('3425129480914552','19:09:00','19:09:00','3909824','6','',''),
('3425129480914552','19:09:00','19:09:00','3909812','7','',''),
('423772760914552','07:51:00','07:51:00','3909823','1','',''),
('423772760914552','07:58:00','07:58:00','3909821','2','',''),
('423772760914552','08:00:00','08:00:00','3909819','3','',''),
('423772760914552','08:03:00','08:03:00','3909817','4','',''),
('423772760914552','08:03:00','08:03:00','3909815','5','',''),
('423772760914552','08:04:00','08:04:00','3909824','6','',''),
('423772760914552','08:04:00','08:04:00','3909812','7','',''),
('425129480914552','07:36:00','07:36:00','3909823','1','',''),
('425129480914552','07:43:00','07:43:00','3909821','2','',''),
('425129480914552','07:45:00','07:45:00','3909819','3','',''),
('425129480914552','07:48:00','07:48:00','3909817','4','',''),
('425129480914552','07:48:00','07:48:00','3909815','5','',''),
('425129480914552','07:49:00','07:49:00','3909824','6','',''),
('425129480914552','07:49:00','07:49:00','3909812','7','',''),
('425129490914552','07:51:00','07:51:00','3909823','1','',''),
('425129490914552','07:58:00','07:58:00','3909821','2','',''),
('425129490914552','08:00:00','08:00:00','3909819','3','',''),
('425129490914552','08:03:00','08:03:00','3909817','4','',''),
('425129490914552','08:03:00','08:03:00','3909815','5','',''),
('425129490914552','08:04:00','08:04:00','3909824','6','',''),
('425129490914552','08:04:00','08:04:00','3909812','7','',''),
('523772760914552','07:52:00','07:52:00','3909823','1','',''),
('523772760914552','07:59:00','07:59:00','3909821','2','',''),
('523772760914552','08:01:00','08:01:00','3909819','3','',''),
('523772760914552','08:04:00','08:04:00','3909817','4','',''),
('523772760914552','08:04:00','08:04:00','3909815','5','',''),
('523772760914552','08:05:00','08:05:00','3909824','6','',''),
('523772760914552','08:05:00','08:05:00','3909812','7','',''),
('525129480914552','07:51:00','07:51:00','3909823','1','',''),
('525129480914552','07:58:00','07:58:00','3909821','2','',''),
('525129480914552','08:00:00','08:00:00','3909819','3','',''),
('525129480914552','08:03:00','08:03:00','3909817','4','',''),
('525129480914552','08:03:00','08:03:00','3909815','5','',''),
('525129480914552','08:04:00','08:04:00','3909824','6','',''),
('525129480914552','08:04:00','08:04:00','3909812','7','',''),
('525129490914552','07:52:00','07:52:00','3909823','1','',''),
('525129490914552','07:59:00','07:59:00','3909821','2','',''),
('525129490914552','08:01:00','08:01:00','3909819','3','',''),
('525129490914552','08:04:00','08:04:00','3909817','4','',''),
('525129490914552','08:04:00','08:04:00','3909815','5','',''),
('525129490914552','08:05:00','08:05:00','3909824','6','',''),
('525129490914552','08:05:00','08:05:00','3909812','7','',''),
('623772760914552','08:03:00','08:03:00','3909823','1','',''),
('623772760914552','08:11:00','08:11:00','3909821','2','',''),
('623772760914552','08:12:00','08:12:00','3909819','3','',''),
('623772760914552','08:16:00','08:16:00','3909817','4','',''),
('623772760914552','08:16:00','08:16:00','3909815','5','',''),
('623772760914552','08:17:00','08:17:00','3909824','6','',''),
('623772760914552','08:17:00','08:17:00','3909812','7','',''),
('625129480914552','07:52:00','07:52:00','3909823','1','',''),
('625129480914552','07:59:00','07:59:00','3909821','2','',''),
('625129480914552','08:01:00','08:01:00','3909819','3','',''),
('625129480914552','08:04:00','08:04:00','3909817','4','',''),
('625129480914552','08:04:00','08:04:00','3909815','5','',''),
('625129480914552','08:05:00','08:05:00','3909824','6','',''),
('625129480914552','08:05:00','08:05:00','3909812','7','',''),
('625129490914552','08:03:00','08:03:00','3909823','1','',''),
('625129490914552','08:11:00','08:11:00','3909821','2','',''),
('625129490914552','08:12:00','08:12:00','3909819','3','',''),
('625129490914552','08:16:00','08:16:00','3909817','4','',''),
('625129490914552','08:16:00','08:16:00','3909815','5','',''),
('625129490914552','08:17:00','08:17:00','3909824','6','',''),
('625129490914552','08:17:00','08:17:00','3909812','7','',''),
('723772760914552','08:04:00','08:04:00','3909823','1','',''),
('723772760914552','08:12:00','08:12:00','3909821','2','',''),
('723772760914552','08:13:00','08:13:00','3909819','3','',''),
('723772760914552','08:17:00','08:17:00','3909817','4','',''),
('723772760914552','08:17:00','08:17:00','3909815','5','',''),
('723772760914552','08:18:00','08:18:00','3909824','6','',''),
('723772760914552','08:18:00','08:18:00','3909812','7','',''),
('725129480914552','08:03:00','08:03:00','3909823','1','',''),
('725129480914552','08:11:00','08:11:00','3909821','2','',''),
('725129480914552','08:12:00','08:12:00','3909819','3','',''),
('725129480914552','08:16:00','08:16:00','3909817','4','',''),
('725129480914552','08:16:00','08:16:00','3909815','5','',''),
('725129480914552','08:17:00','08:17:00','3909824','6','',''),
('725129480914552','08:17:00','08:17:00','3909812','7','',''),
('725129490914552','08:04:00','08:04:00','3909823','1','',''),
('725129490914552','08:12:00','08:12:00','3909821','2','',''),
('725129490914552','08:13:00','08:13:00','3909819','3','',''),
('725129490914552','08:17:00','08:17:00','3909817','4','',''),
('725129490914552','08:17:00','08:17:00','3909815','5','',''),
('725129490914552','08:18:00','08:18:00','3909824','6','',''),
('725129490914552','08:18:00','08:18:00','3909812','7','',''),
('823772760914552','08:15:00','08:15:00','3909823','1','',''),
('823772760914552','08:23:00','08:23:00','3909821','2','',''),
('823772760914552','08:24:00','08:24:00','3909819','3','',''),
('823772760914552','08:28:00','08:28:00','3909817','4','',''),
('823772760914552','08:28:00','08:28:00','3909815','5','',''),
('823772760914552','08:29:00','08:29:00','3909824','6','',''),
('823772760914552','08:29:00','08:29:00','3909812','7','',''),
('825129480914552','08:04:00','08:04:00','3909823','1','',''),
('825129480914552','08:12:00','08:12:00','3909821','2','',''),
('825129480914552','08:13:00','08:13:00','3909819','3','',''),
('825129480914552','08:17:00','08:17:00','3909817','4','',''),
('825129480914552','08:17:00','08:17:00','3909815','5','',''),
('825129480914552','08:18:00','08:18:00','3909824','6','',''),
('825129480914552','08:18:00','08:18:00','3909812','7','',''),
('825129490914552','08:15:00','08:15:00','3909823','1','',''),
('825129490914552','08:23:00','08:23:00','3909821','2','',''),
('825129490914552','08:24:00','08:24:00','3909819','3','',''),
('825129490914552','08:28:00','08:28:00','3909817','4','',''),
('825129490914552','08:28:00','08:28:00','3909815','5','',''),
('825129490914552','08:29:00','08:29:00','3909824','6','',''),
('825129490914552','08:29:00','08:29:00','3909812','7','',''),
('923772760914552','08:28:00','08:28:00','3909823','1','',''),
('923772760914552','08:36:00','08:36:00','3909821','2','',''),
('923772760914552','08:37:00','08:37:00','3909819','3','',''),
('923772760914552','08:41:00','08:41:00','3909817','4','',''),
('923772760914552','08:41:00','08:41:00','3909815','5','',''),
('923772760914552','08:42:00','08:42:00','3909824','6','',''),
('923772760914552','08:42:00','08:42:00','3909812','7','',''),
('925129480914552','08:14:00','08:14:00','3909823','1','',''),
('925129480914552','08:22:00','08:22:00','3909821','2','',''),
('925129480914552','08:23:00','08:23:00','3909819','3','',''),
('925129480914552','08:27:00','08:27:00','3909817','4','',''),
('925129480914552','08:27:00','08:27:00','3909815','5','',''),
('925129480914552','08:28:00','08:28:00','3909824','6','',''),
('925129480914552','08:28:00','08:28:00','3909812','7','',''),
('925129490914552','08:28:00','08:28:00','3909823','1','',''),
('925129490914552','08:36:00','08:36:00','3909821','2','',''),
('925129490914552','08:37:00','08:37:00','3909819','3','',''),
('925129490914552','08:41:00','08:41:00','3909817','4','',''),
('925129490914552','08:41:00','08:41:00','3909815','5','',''),
('925129490914552','08:42:00','08:42:00','3909824','6','',''),
('925129490914552','08:42:00','08:42:00','3909812','7','','');
INSERT INTO calendar (service_id,monday,tuesday,wednesday,thursday,friday,saturday,sunday,start_date,end_date) VALUES
('2377276','0','0','0','0','0','0','0','20171226','20180105'),
('2377286','0','0','0','0','0','0','0','20171226','20180105'),
('2512949','0','0','0','0','0','0','0','20180219','20180427'),
('2512948','0','0','0','0','0','0','0','20171221','20180615'),
('2512953','0','0','0','0','0','0','0','20180219','20180427'),
('2377282','0','0','0','0','0','0','0','20171226','20180105'),
('2512951','0','0','0','0','0','0','0','20180219','20180427'),
('2512952','0','0','0','0','0','0','0','20171221','20180615'),
('2512950','0','0','0','0','0','0','0','20171221','20180615');
INSERT INTO calendar_dates (service_id,date,exception_type) VALUES
('2377276','20171226','1'),
('2377276','20171227','1'),
('2377276','20171228','1'),
('2377276','20171229','1'),
('2377276','20180102','1'),
('2377276','20180103','1'),
('2377276','20180104','1'),
('2377276','20180105','1'),
('2377286','20171226','1'),
('2377286','20171227','1'),
('2377286','20171228','1'),
('2377286','20171229','1'),
('2377286','20180102','1'),
('2377286','20180103','1'),
('2377286','20180104','1'),
('2377286','20180105','1'),
('2512949','20180219','1'),
('2512949','20180220','1'),
('2512949','20180221','1'),
('2512949','20180222','1'),
('2512949','20180223','1'),
('2512949','20180226','1'),
('2512949','20180227','1'),
('2512949','20180228','1'),
('2512949','20180301','1'),
('2512949','20180302','1'),
('2512949','20180416','1'),
('2512949','20180417','1'),
('2512949','20180418','1'),
('2512949','20180419','1'),
('2512949','20180420','1'),
('2512949','20180423','1'),
('2512949','20180424','1'),
('2512949','20180425','1'),
('2512949','20180426','1'),
('2512949','20180427','1'),
('2512948','20171221','1'),
('2512948','20171222','1'),
('2512948','20180108','1'),
('2512948','20180109','1'),
('2512948','20180110','1'),
('2512948','20180111','1'),
('2512948','20180112','1'),
('2512948','20180115','1'),
('2512948','20180116','1'),
('2512948','20180117','1'),
('2512948','20180118','1'),
('2512948','20180119','1'),
('2512948','20180122','1'),
('2512948','20180123','1'),
('2512948','20180124','1'),
('2512948','20180125','1'),
('2512948','20180126','1'),
('2512948','20180129','1'),
('2512948','20180130','1'),
('2512948','20180131','1'),
('2512948','20180201','1'),
('2512948','20180202','1'),
('2512948','20180205','1'),
('2512948','20180206','1'),
('2512948','20180207','1'),
('2512948','20180208','1'),
('2512948','20180209','1'),
('2512948','20180212','1'),
('2512948','20180213','1'),
('2512948','20180214','1'),
('2512948','20180215','1'),
('2512948','20180216','1'),
('2512948','20180305','1'),
('2512948','20180306','1'),
('2512948','20180307','1'),
('2512948','20180308','1'),
('2512948','20180309','1'),
('2512948','20180312','1'),
('2512948','20180313','1'),
('2512948','20180314','1'),
('2512948','20180315','1'),
('2512948','20180316','1'),
('2512948','20180319','1'),
('2512948','20180320','1'),
('2512948','20180321','1'),
('2512948','20180322','1'),
('2512948','20180323','1'),
('2512948','20180326','1'),
('2512948','20180327','1'),
('2512948','20180328','1'),
('2512948','20180329','1'),
('2512948','20180330','1'),
('2512948','20180403','1'),
('2512948','20180404','1'),
('2512948','20180405','1'),
('2512948','20180406','1'),
('2512948','20180409','1'),
('2512948','20180410','1'),
('2512948','20180411','1'),
('2512948','20180412','1'),
('2512948','20180413','1'),
('2512948','20180430','1'),
('2512948','20180502','1'),
('2512948','20180503','1'),
('2512948','20180504','1'),
('2512948','20180507','1'),
('2512948','20180509','1'),
('2512948','20180511','1'),
('2512948','20180514','1'),
('2512948','20180515','1'),
('2512948','20180516','1'),
('2512948','20180517','1'),
('2512948','20180518','1'),
('2512948','20180522','1'),
('2512948','20180523','1'),
('2512948','20180524','1'),
('2512948','20180525','1'),
('2512948','20180528','1'),
('2512948','20180529','1'),
('2512948','20180530','1'),
('2512948','20180531','1'),
('2512948','20180601','1'),
('2512948','20180604','1'),
('2512948','20180605','1'),
('2512948','20180606','1'),
('2512948','20180607','1'),
('2512948','20180608','1'),
('2512948','20180611','1'),
('2512948','20180612','1'),
('2512948','20180613','1'),
('2512948','20180614','1'),
('2512948','20180615','1'),
('2512953','20180219','1'),
('2512953','20180220','1'),
('2512953','20180221','1'),
('2512953','20180222','1'),
('2512953','20180223','1'),
('2512953','20180226','1'),
('2512953','20180227','1'),
('2512953','20180228','1'),
('2512953','20180301','1'),
('2512953','20180302','1'),
('2512953','20180416','1'),
('2512953','20180417','1'),
('2512953','20180418','1'),
('2512953','20180419','1'),
('2512953','20180420','1'),
('2512953','20180423','1'),
('2512953','20180424','1'),
('2512953','20180425','1'),
('2512953','20180426','1'),
('2512953','20180427','1'),
('2377282','20171226','1'),
('2377282','20171227','1'),
('2377282','20171228','1'),
('2377282','20171229','1'),
('2377282','20180102','1'),
('2377282','20180103','1'),
('2377282','20180104','1'),
('2377282','20180105','1'),
('2512951','20180219','1'),
('2512951','20180220','1'),
('2512951','20180221','1'),
('2512951','20180222','1'),
('2512951','20180223','1'),
('2512951','20180226','1'),
('2512951','20180227','1'),
('2512951','20180228','1'),
('2512951','20180301','1'),
('2512951','20180302','1'),
('2512951','20180416','1'),
('2512951','20180417','1'),
('2512951','20180418','1'),
('2512951','20180419','1'),
('2512951','20180420','1'),
('2512951','20180423','1'),
('2512951','20180424','1'),
('2512951','20180425','1'),
('2512951','20180426','1'),
('2512951','20180427','1'),
('2512952','20171221','1'),
('2512952','20171222','1'),
('2512952','20180108','1'),
('2512952','20180109','1'),
('2512952','20180110','1'),
('2512952','20180111','1'),
('2512952','20180112','1'),
('2512952','20180115','1'),
('2512952','20180116','1'),
('2512952','20180117','1'),
('2512952','20180118','1'),
('2512952','20180119','1'),
('2512952','20180122','1'),
('2512952','20180123','1'),
('2512952','20180124','1'),
('2512952','20180125','1'),
('2512952','20180126','1'),
('2512952','20180129','1'),
('2512952','20180130','1'),
('2512952','20180131','1'),
('2512952','20180201','1'),
('2512952','20180202','1'),
('2512952','20180205','1'),
('2512952','20180206','1'),
('2512952','20180207','1'),
('2512952','20180208','1'),
('2512952','20180209','1'),
('2512952','20180212','1'),
('2512952','20180213','1'),
('2512952','20180214','1'),
('2512952','20180215','1'),
('2512952','20180216','1'),
('2512952','20180305','1'),
('2512952','20180306','1'),
('2512952','20180307','1'),
('2512952','20180308','1'),
('2512952','20180309','1'),
('2512952','20180312','1'),
('2512952','20180313','1'),
('2512952','20180314','1'),
('2512952','20180315','1'),
('2512952','20180316','1'),
('2512952','20180319','1'),
('2512952','20180320','1'),
('2512952','20180321','1'),
('2512952','20180322','1'),
('2512952','20180323','1'),
('2512952','20180326','1'),
('2512952','20180327','1'),
('2512952','20180328','1'),
('2512952','20180329','1'),
('2512952','20180330','1'),
('2512952','20180403','1'),
('2512952','20180404','1'),
('2512952','20180405','1'),
('2512952','20180406','1'),
('2512952','20180409','1'),
('2512952','20180410','1'),
('2512952','20180411','1'),
('2512952','20180412','1'),
('2512952','20180413','1'),
('2512952','20180430','1'),
('2512952','20180502','1'),
('2512952','20180503','1'),
('2512952','20180504','1'),
('2512952','20180507','1'),
('2512952','20180509','1'),
('2512952','20180511','1'),
('2512952','20180514','1'),
('2512952','20180515','1'),
('2512952','20180516','1'),
('2512952','20180517','1'),
('2512952','20180518','1'),
('2512952','20180522','1'),
('2512952','20180523','1'),
('2512952','20180524','1'),
('2512952','20180525','1'),
('2512952','20180528','1'),
('2512952','20180529','1'),
('2512952','20180530','1'),
('2512952','20180531','1'),
('2512952','20180601','1'),
('2512952','20180604','1'),
('2512952','20180605','1'),
('2512952','20180606','1'),
('2512952','20180607','1'),
('2512952','20180608','1'),
('2512952','20180611','1'),
('2512952','20180612','1'),
('2512952','20180613','1'),
('2512952','20180614','1'),
('2512952','20180615','1'),
('2512950','20171221','1'),
('2512950','20171222','1'),
('2512950','20180108','1'),
('2512950','20180109','1'),
('2512950','20180110','1'),
('2512950','20180111','1'),
('2512950','20180112','1'),
('2512950','20180115','1'),
('2512950','20180116','1'),
('2512950','20180117','1'),
('2512950','20180118','1'),
('2512950','20180119','1'),
('2512950','20180122','1'),
('2512950','20180123','1'),
('2512950','20180124','1'),
('2512950','20180125','1'),
('2512950','20180126','1'),
('2512950','20180129','1'),
('2512950','20180130','1'),
('2512950','20180131','1'),
('2512950','20180201','1'),
('2512950','20180202','1'),
('2512950','20180205','1'),
('2512950','20180206','1'),
('2512950','20180207','1'),
('2512950','20180208','1'),
('2512950','20180209','1'),
('2512950','20180212','1'),
('2512950','20180213','1'),
('2512950','20180214','1'),
('2512950','20180215','1'),
('2512950','20180216','1'),
('2512950','20180305','1'),
('2512950','20180306','1'),
('2512950','20180307','1'),
('2512950','20180308','1'),
('2512950','20180309','1'),
('2512950','20180312','1'),
('2512950','20180313','1'),
('2512950','20180314','1'),
('2512950','20180315','1'),
('2512950','20180316','1'),
('2512950','20180319','1'),
('2512950','20180320','1'),
('2512950','20180321','1'),
('2512950','20180322','1'),
('2512950','20180323','1'),
('2512950','20180326','1'),
('2512950','20180327','1'),
('2512950','20180328','1'),
('2512950','20180329','1'),
('2512950','20180330','1'),
('2512950','20180403','1'),
('2512950','20180404','1'),
('2512950','20180405','1'),
('2512950','20180406','1'),
('2512950','20180409','1'),
('2512950','20180410','1'),
('2512950','20180411','1'),
('2512950','20180412','1'),
('2512950','20180413','1'),
('2512950','20180430','1'),
('2512950','20180502','1'),
('2512950','20180503','1'),
('2512950','20180504','1'),
('2512950','20180507','1'),
('2512950','20180509','1'),
('2512950','20180511','1'),
('2512950','20180514','1'),
('2512950','20180515','1'),
('2512950','20180516','1'),
('2512950','20180517','1'),
('2512950','20180518','1'),
('2512950','20180522','1'),
('2512950','20180523','1'),
('2512950','20180524','1'),
('2512950','20180525','1'),
('2512950','20180528','1'),
('2512950','20180529','1'),
('2512950','20180530','1'),
('2512950','20180531','1'),
('2512950','20180601','1'),
('2512950','20180604','1'),
('2512950','20180605','1'),
('2512950','20180606','1'),
('2512950','20180607','1'),
('2512950','20180608','1'),
('2512950','20180611','1'),
('2512950','20180612','1'),
('2512950','20180613','1'),
('2512950','20180614','1'),
('2512950','20180615','1');
INSERT INTO routes (route_id,agency_id,route_short_name,route_long_name,route_desc,route_type,route_url,route_color,route_text_color) VALUES
('1227999','100','595','(LA BOURSIDIERE <-> ROBINSON RER) - Aller','','3','','FFFFFF','000000'),
('1228000','100','595','(LA BOURSIDIERE <-> ROBINSON RER) - Aller','','3','','FFFFFF','000000'),
('1788006','100','595','(LA BOURSIDIERE <-> ROBINSON RER) - Aller','','3','','FFFFFF','000000'),
('1788007','100','595','(LA BOURSIDIERE <-> ROBINSON RER) - Retour','','3','','FFFFFF','000000');
INSERT INTO agency (agency_id,agency_name,agency_url,agency_timezone,agency_lang,agency_phone) VALUES
('100','RATP (100)','http://www.ratp.fr/','CET','','');
INSERT INTO trips (route_id,service_id,trip_id,trip_headsign,trip_short_name,direction_id,shape_id) VALUES
('1227999','2377282','123772820914553','','1','0',''),
('1227999','2512950','125129500914553','','1','0',''),
('1227999','2512951','125129510914553','','1','0',''),
('1227999','2377282','223772820914553','','2','0',''),
('1227999','2512950','225129500914553','','2','0',''),
('1227999','2512951','225129510914553','','2','0',''),
('1227999','2377282','323772820914553','','3','0',''),
('1227999','2512950','325129500914553','','3','0',''),
('1227999','2512951','325129510914553','','3','0',''),
('1227999','2377282','423772820914553','','4','0',''),
('1227999','2512950','425129500914553','','4','0',''),
('1227999','2512951','425129510914553','','4','0',''),
('1227999','2377282','523772820914553','','5','0',''),
('1227999','2512950','525129500914553','','5','0',''),
('1227999','2512951','525129510914553','','5','0',''),
('1227999','2377282','623772820914553','','6','0',''),
('1227999','2512950','625129500914553','','6','0',''),
('1227999','2512951','625129510914553','','6','0',''),
('1227999','2377282','723772820914553','','7','0',''),
('1227999','2512950','725129500914553','','7','0',''),
('1227999','2512951','725129510914553','','7','0',''),
('1228000','2377286','123772860914554','','1','0',''),
('1228000','2512952','125129520914554','','1','0',''),
('1228000','2512953','125129530914554','','1','0',''),
('1228000','2377286','223772860914554','','2','0',''),
('1228000','2512952','225129520914554','','2','0',''),
('1228000','2512953','225129530914554','','2','0',''),
('1228000','2377286','323772860914554','','3','0',''),
('1228000','2512952','325129520914554','','3','0',''),
('1228000','2512953','325129530914554','','3','0',''),
('1228000','2377286','423772860914554','','4','0',''),
('1228000','2512952','425129520914554','','4','0',''),
('1228000','2512953','425129530914554','','4','0',''),
('1228000','2377286','523772860914554','','5','0',''),
('1228000','2512952','525129520914554','','5','0',''),
('1228000','2512953','525129530914554','','5','0',''),
('1228000','2512952','625129520914554','','6','0',''),
('1228000','2512952','725129520914554','','7','0',''),
('1788006','2377276','1023772761211962','','10','0',''),
('1788006','2512948','1025129481211962','','10','0',''),
('1788006','2512949','1025129491211962','','10','0',''),
('1788006','2377276','1123772761211962','','11','0',''),
('1788006','2512948','1125129481211962','','11','0',''),
('1788006','2512949','1125129491211962','','11','0',''),
('1788006','2377276','1223772761211962','','12','0',''),
('1788006','2512948','1225129481211962','','12','0',''),
('1788006','2512949','1225129491211962','','12','0',''),
('1788006','2377276','123772761211962','','1','0',''),
('1788006','2512948','125129481211962','','1','0',''),
('1788006','2512949','125129491211962','','1','0',''),
('1788006','2377276','1323772761211962','','13','0',''),
('1788006','2512948','1325129481211962','','13','0',''),
('1788006','2512949','1325129491211962','','13','0',''),
('1788006','2377276','1423772761211962','','14','0',''),
('1788006','2512948','1425129481211962','','14','0',''),
('1788006','2512949','1425129491211962','','14','0',''),
('1788006','2377276','1523772761211962','','15','0',''),
('1788006','2512948','1525129481211962','','15','0',''),
('1788006','2512949','1525129491211962','','15','0',''),
('1788006','2512948','1625129481211962','','16','0',''),
('1788006','2512948','1725129481211962','','17','0',''),
('1788006','2512948','1825129481211962','','18','0',''),
('1788006','2512948','1925129481211962','','19','0',''),
('1788006','2377276','223772761211962','','2','0',''),
('1788006','2512948','225129481211962','','2','0',''),
('1788006','2512949','225129491211962','','2','0',''),
('1788006','2377276','323772761211962','','3','0',''),
('1788006','2512948','325129481211962','','3','0',''),
('1788006','2512949','325129491211962','','3','0',''),
('1788006','2377276','423772761211962','','4','0',''),
('1788006','2512948','425129481211962','','4','0',''),
('1788006','2512949','425129491211962','','4','0',''),
('1788006','2377276','523772761211962','','5','0',''),
('1788006','2512948','525129481211962','','5','0',''),
('1788006','2512949','525129491211962','','5','0',''),
('1788006','2377276','623772761211962','','6','0',''),
('1788006','2512948','625129481211962','','6','0',''),
('1788006','2512949','625129491211962','','6','0',''),
('1788006','2377276','723772761211962','','7','0',''),
('1788006','2512948','725129481211962','','7','0',''),
('1788006','2512949','725129491211962','','7','0',''),
('1788006','2377276','823772761211962','','8','0',''),
('1788006','2512948','825129481211962','','8','0',''),
('1788006','2512949','825129491211962','','8','0',''),
('1788006','2377276','923772761211962','','9','0',''),
('1788006','2512948','925129481211962','','9','0',''),
('1788006','2512949','925129491211962','','9','0',''),
('1788007','2377276','1023772760914552','','10','1',''),
('1788007','2512948','1025129480914552','','10','1',''),
('1788007','2512949','1025129490914552','','10','1',''),
('1788007','2377276','1123772760914552','','11','1',''),
('1788007','2512948','1125129480914552','','11','1',''),
('1788007','2512949','1125129490914552','','11','1',''),
('1788007','2377276','1223772760914552','','12','1',''),
('1788007','2512948','1225129480914552','','12','1',''),
('1788007','2512949','1225129490914552','','12','1',''),
('1788007','2377276','123772760914552','','1','1',''),
('1788007','2512948','125129480914552','','1','1',''),
('1788007','2512949','125129490914552','','1','1',''),
('1788007','2377276','1323772760914552','','13','1',''),
('1788007','2512948','1325129480914552','','13','1',''),
('1788007','2512949','1325129490914552','','13','1',''),
('1788007','2377276','1423772760914552','','14','1',''),
('1788007','2512948','1425129480914552','','14','1',''),
('1788007','2512949','1425129490914552','','14','1',''),
('1788007','2377276','1523772760914552','','15','1',''),
('1788007','2512948','1525129480914552','','15','1',''),
('1788007','2512949','1525129490914552','','15','1',''),
('1788007','2377276','1623772760914552','','16','1',''),
('1788007','2512948','1625129480914552','','16','1',''),
('1788007','2512949','1625129490914552','','16','1',''),
('1788007','2377276','1723772760914552','','17','1',''),
('1788007','2512948','1725129480914552','','17','1',''),
('1788007','2512949','1725129490914552','','17','1',''),
('1788007','2377276','1823772760914552','','18','1',''),
('1788007','2512948','1825129480914552','','18','1',''),
('1788007','2512949','1825129490914552','','18','1',''),
('1788007','2377276','1923772760914552','','19','1',''),
('1788007','2512948','1925129480914552','','19','1',''),
('1788007','2512949','1925129490914552','','19','1',''),
('1788007','2377276','2023772760914552','','20','1',''),
('1788007','2512948','2025129480914552','','20','1',''),
('1788007','2512949','2025129490914552','','20','1',''),
('1788007','2377276','2123772760914552','','21','1',''),
('1788007','2512948','2125129480914552','','21','1',''),
('1788007','2512949','2125129490914552','','21','1',''),
('1788007','2377276','2223772760914552','','22','1',''),
('1788007','2512948','2225129480914552','','22','1',''),
('1788007','2512949','2225129490914552','','22','1',''),
('1788007','2377276','223772760914552','','2','1',''),
('1788007','2512948','225129480914552','','2','1',''),
('1788007','2512949','225129490914552','','2','1',''),
('1788007','2377276','2323772760914552','','23','1',''),
('1788007','2512948','2325129480914552','','23','1',''),
('1788007','2512949','2325129490914552','','23','1',''),
('1788007','2377276','2423772760914552','','24','1',''),
('1788007','2512948','2425129480914552','','24','1',''),
('1788007','2512949','2425129490914552','','24','1',''),
('1788007','2377276','2523772760914552','','25','1',''),
('1788007','2512948','2525129480914552','','25','1',''),
('1788007','2512949','2525129490914552','','25','1',''),
('1788007','2377276','2623772760914552','','26','1',''),
('1788007','2512948','2625129480914552','','26','1',''),
('1788007','2512949','2625129490914552','','26','1',''),
('1788007','2377276','2723772760914552','','27','1',''),
('1788007','2512948','2725129480914552','','27','1',''),
('1788007','2512949','2725129490914552','','27','1',''),
('1788007','2377276','2823772760914552','','28','1',''),
('1788007','2512948','2825129480914552','','28','1',''),
('1788007','2512949','2825129490914552','','28','1',''),
('1788007','2512948','2925129480914552','','29','1',''),
('1788007','2512948','3025129480914552','','30','1',''),
('1788007','2512948','3125129480914552','','31','1',''),
('1788007','2512948','3225129480914552','','32','1',''),
('1788007','2377276','323772760914552','','3','1',''),
('1788007','2512948','325129480914552','','3','1',''),
('1788007','2512949','325129490914552','','3','1',''),
('1788007','2512948','3325129480914552','','33','1',''),
('1788007','2512948','3425129480914552','','34','1',''),
('1788007','2377276','423772760914552','','4','1',''),
('1788007','2512948','425129480914552','','4','1',''),
('1788007','2512949','425129490914552','','4','1',''),
('1788007','2377276','523772760914552','','5','1',''),
('1788007','2512948','525129480914552','','5','1',''),
('1788007','2512949','525129490914552','','5','1',''),
('1788007','2377276','623772760914552','','6','1',''),
('1788007','2512948','625129480914552','','6','1',''),
('1788007','2512949','625129490914552','','6','1',''),
('1788007','2377276','723772760914552','','7','1',''),
('1788007','2512948','725129480914552','','7','1',''),
('1788007','2512949','725129490914552','','7','1',''),
('1788007','2377276','823772760914552','','8','1',''),
('1788007','2512948','825129480914552','','8','1',''),
('1788007','2512949','825129490914552','','8','1',''),
('1788007','2377276','923772760914552','','9','1',''),
('1788007','2512948','925129480914552','','9','1',''),
('1788007','2512949','925129490914552','','9','1','');
INSERT INTO transfers (from_stop_id,to_stop_id,transfer_type,min_transfer_time) VALUES
('3909823','5121832','2','71'),
('3909823','5121833','2','63'),
('5161451','5091973','2','36'),
('5976643','3909833','2','46'),
('3909823','5121831','2','90'),
('3909822','5122012','2','46'),
('3909827','5067458','2','28'),
('3909831','5150705','2','72'),
('5122162','3909821','2','72'),
('5122162','3909820','2','28'),
('5976643','3909828','2','46'),
('3909823','5121971','2','27'),
('5161451','5091970','2','42'),
('5976643','3909823','2','46'),
('3909828','5122012','2','46'),
('3909826','5121839','2','57'),
('5122162','3909827','2','28'),
('3909822','5161445','2','102'),
('5976719','3909819','2','57'),
('3909822','5161446','2','102'),
('5423686','3909827','2','88'),
('5122147','3909824','2','27'),
('3909828','5221791','2','27'),
('3909828','4834625','2','74'),
('3909828','4834624','2','66'),
('3909833','5121971','2','27'),
('3909822','4834561','2','74'),
('3909822','4834560','2','66'),
('3909823','5151446','2','102'),
('3909823','5151445','2','102'),
('3909833','5121833','2','63'),
('3909833','5121832','2','71'),
('3909833','5121831','2','90'),
('3909821','5121826','2','88'),
('3909828','5221776','2','46'),
('3909833','5122052','2','46'),
('3909823','5122012','2','46'),
('5478227','3909819','2','57'),
('3909825','5091972','2','46'),
('3909825','5091971','2','46'),
('5976748','3909833','2','90'),
('3909820','5121838','2','88'),
('3909823','4834560','2','66'),
('3909823','4834561','2','74'),
('3909822','5221776','2','46'),
('1705','3909828','2','251'),
('5478211','3909822','2','66'),
('5122176','3909823','2','13'),
('5122176','3909822','2','13'),
('1705','3909823','2','251'),
('3909820','5067458','2','28'),
('1705','3909822','2','251'),
('5122152','3909832','2','63'),
('5122152','3909831','2','112'),
('3909832','5091966','2','63'),
('5423720','3909822','2','76'),
('5423720','3909823','2','76'),
('3909821','5067457','2','88'),
('3909821','5067458','2','72'),
('5976748','3909828','2','90'),
('5976748','3909822','2','90'),
('3909833','5161445','2','102'),
('5976748','3909823','2','90'),
('3909833','5161446','2','102'),
('3909816','5091966','2','63'),
('5122149','3909817','2','112'),
('5122149','3909815','2','138'),
('5122176','3909833','2','13'),
('5161519','3909828','2','27'),
('3909824','5091970','2','35'),
('3909824','5091973','2','27'),
('5423720','3909833','2','76'),
('5122152','3909816','2','63'),
('5423720','3909828','2','76'),
('5122152','3909814','2','112'),
('5161519','3909823','2','27'),
('5122176','3909828','2','13'),
('5161519','3909822','2','27'),
('5976718','3909826','2','57'),
('3909829','5121820','2','46'),
('5423688','3909826','2','57'),
('3909819','5121825','2','57'),
('5423688','3909818','2','57'),
('3909828','5161446','2','102'),
('3909828','5161445','2','102'),
('3909827','5121838','2','88'),
('3909823','5161445','2','102'),
('3909823','5161446','2','102'),
('5478211','3909833','2','66'),
('3909833','5122012','2','46'),
('5122151','3909817','2','63'),
('5976718','3909818','2','57'),
('5121027','3909829','2','46'),
('5122148','5161452','2','27'),
('5122148','5161451','2','27'),
('1705','3909833','2','251'),
('5478211','3909823','2','66'),
('5478211','3909828','2','66'),
('3909823','5122052','2','46'),
('2450','3909833','2','251'),
('3909828','5151445','2','102'),
('3909828','5151446','2','102'),
('3909828','5121833','2','63'),
('5976749','3909833','2','66'),
('3909828','5121831','2','90'),
('3909823','5221791','2','27'),
('3909828','5121832','2','71'),
('5423687','3909821','2','32'),
('3909817','5091976','2','112'),
('5423687','3909820','2','78'),
('3909831','5091966','2','112'),
('3909823','4834624','2','66'),
('3909817','5091967','2','63'),
('3909823','4834625','2','74'),
('3909828','5122073','2','27'),
('5976749','3909828','2','66'),
('2450','3909823','2','251'),
('2450','3909822','2','251'),
('5976749','3909822','2','66'),
('5976749','3909823','2','66'),
('5976686','3909828','2','27'),
('5423689','3909819','2','57'),
('2450','3909828','2','251'),
('3909818','5121839','2','57'),
('5976686','3909822','2','27'),
('5161519','3909833','2','27'),
('5976686','3909823','2','27'),
('5423687','3909827','2','78'),
('5121027','3909811','2','46'),
('3909828','4834560','2','66'),
('5161452','5091970','2','42'),
('3909828','4834561','2','74'),
('5976686','3909833','2','27'),
('3909823','5221776','2','46'),
('3909823','5122073','2','27'),
('3909815','5150705','2','87'),
('3909821','5151456','2','88'),
('3909821','5151455','2','72'),
('5423718','3909833','2','90'),
('3909827','5151455','2','28'),
('5161452','5091973','2','36'),
('3909833','4834561','2','74'),
('5478228','3909821','2','32'),
('3909833','4834560','2','66'),
('5478228','3909827','2','78'),
('3909822','5121832','2','71'),
('3909822','5121831','2','90'),
('5161474','3909833','2','46'),
('5478228','3909820','2','78'),
('3909822','5121833','2','63'),
('3909822','5221791','2','27'),
('5423718','3909823','2','90'),
('5423718','3909822','2','90'),
('3909814','5091966','2','112'),
('5423718','3909828','2','90'),
('5122150','3909814','2','138'),
('3909815','5091976','2','138'),
('5161474','3909822','2','46'),
('5161474','3909823','2','46'),
('5122161','3909821','2','88'),
('5161474','3909828','2','46'),
('3909822','5151445','2','102'),
('3909822','5151446','2','102'),
('5976643','3909822','2','46'),
('3909822','5122052','2','46'),
('3909828','5121971','2','27'),
('3909812','5091971','2','46'),
('3909812','5091972','2','46'),
('3909833','5151445','2','102'),
('3909833','5151446','2','102'),
('3909833','5221791','2','27'),
('3909833','5122073','2','27'),
('5423719','3909828','2','66'),
('5122150','3909831','2','138'),
('5423719','3909822','2','66'),
('5423719','3909823','2','66'),
('5976716','3909827','2','88'),
('3909811','5121820','2','46'),
('3909822','5122073','2','27'),
('5976716','3909820','2','88'),
('3909822','4834625','2','74'),
('3909822','4834624','2','66'),
('3909828','5122052','2','46'),
('5976750','3909822','2','76'),
('5976750','3909823','2','76'),
('3909833','4834624','2','66'),
('3909833','4834625','2','74'),
('5976750','3909828','2','76'),
('5423719','3909833','2','66'),
('5423686','3909820','2','88'),
('3909822','5121971','2','27'),
('3909814','5150705','2','72'),
('3909833','5221776','2','46'),
('3909820','5151455','2','28'),
('5976750','3909833','2','76'),
('5976717','3909820','2','78'),
('5976717','3909821','2','32'),
('5976717','3909827','2','78');
INSERT INTO stops (stop_id,stop_code,stop_name,stop_desc,stop_lat,stop_lon,location_type,parent_station) VALUES
('5161452','','REAUMUR','AVENUE DESCARTES - 92060','48.777515228878336','2.2400871958767454','0',''),
('5161451','','REAUMUR','AVENUE DESCARTES - 92060','48.777515228878336','2.2400871958767454','0',''),
('3909811','','LA BOURSIDIERE','CONTRE-ALLEE DE L''AVENUE DE LA DIVISION LECLERC - 92060','48.77409997520248','2.240324757765658','0',''),
('3909812','','LA BOURSIDIERE','CONTRE-ALLEE DE L''AVENUE DE LA DIVISION LECLERC - 92060','48.77363257599805','2.24029843310275','0',''),
('3909829','','LA BOURSIDIERE','CONTRE-ALLEE DE L''AVENUE DE LA DIVISION LECLERC - 92060','48.77409997520248','2.240324757765658','0',''),
('3909828','','ROBINSON RER','FACE 3 AV DU PLESSIS - 92071','48.77974342139406','2.28046129206943','0',''),
('3909814','','GALILEE','7 AVENUE DESCARTES - 92060','48.776711452918306','2.2466026986059076','0',''),
('3909815','','GALILEE','10 AVENUE DESCARTES - 92060','48.77706941107186','2.2445757847034695','0',''),
('3909827','','CHARLES PASQUA','FACE 9 AVENUE CHARLES DE GAULLE - 92060','48.779310352849166','2.2613947911511785','0',''),
('3909826','','CITE JARDINS - PLACE DES ALLIES','AVENUE CHARLES DE GAULLE - 92060','48.77689031129291','2.2579169280257254','0',''),
('3909816','','LANGEVIN','1 AVENUE DESCARTES - 92060','48.77639883447205','2.2492142676281586','0',''),
('3909817','','LANGEVIN','2 AVENUE DESCARTES - 92060','48.77662285651918','2.248302745641102','0',''),
('3909825','','LA BOURSIDIERE','CONTRE-ALLEE DE L''AVENUE DE LA DIVISION LECLERC - 92060','48.77363257599805','2.24029843310275','0',''),
('3909824','','REAUMUR','AVENUE DESCARTES - 92060','48.777667735351535','2.239733325837988','0',''),
('3909818','','CITE JARDINS - PLACE DES ALLIES','AVENUE CHARLES DE GAULLE - 92060','48.77689031129291','2.2579169280257254','0',''),
('3909819','','CITE JARDINS - PLACE DES ALLIES','86 AVENUE CHARLES DE GAULLE - 92060','48.77679984747266','2.257046718411991','0',''),
('3909823','','ROBINSON RER','FACE 3 AV DU PLESSIS - 92071','48.77974342139406','2.28046129206943','0',''),
('3909822','','ROBINSON RER','FACE 3 AV DU PLESSIS - 92071','48.77974342139406','2.28046129206943','0',''),
('3909831','','GALILEE','7 AVENUE DESCARTES - 92060','48.776711452918306','2.2466026986059076','0',''),
('3909821','','CHARLES PASQUA','AVENUE CHARLES DE GAULLE - 92060','48.77896801359053','2.260157713740714','0',''),
('3909820','','CHARLES PASQUA','FACE 9 AVENUE CHARLES DE GAULLE - 92060','48.779310352849166','2.2613947911511785','0',''),
('3909833','','ROBINSON RER','FACE 3 AV DU PLESSIS - 92071','48.77974342139406','2.28046129206943','0',''),
('3909832','','LANGEVIN','1 AVENUE DESCARTES - 92060','48.77639883447205','2.2492142676281586','0','');
