INSERT INTO stop_times (trip_id,arrival_time,departure_time,stop_id,stop_sequence,stop_headsign,shape_dist_traveled) VALUES
('1025454761527716','17:00:00','17:00:00','6252044','1','',''),
('1025454761527716','17:02:00','17:02:00','6252046','2','',''),
('1025454761527716','17:03:00','17:03:00','6252047','3','',''),
('1025454761527716','17:06:00','17:06:00','6252048','4','',''),
('1025454761527716','17:08:00','17:08:00','6252050','5','',''),
('1025454761527716','17:10:00','17:10:00','6252052','6','',''),
('1025454761527716','17:11:00','17:11:00','6252054','7','',''),
('1025454761527716','17:12:00','17:12:00','6252056','8','',''),
('1025454761527716','17:14:00','17:14:00','6252058','9','',''),
('1125454761527716','17:22:00','17:22:00','6252044','1','',''),
('1125454761527716','17:24:00','17:24:00','6252046','2','',''),
('1125454761527716','17:25:00','17:25:00','6252047','3','',''),
('1125454761527716','17:28:00','17:28:00','6252048','4','',''),
('1125454761527716','17:30:00','17:30:00','6252050','5','',''),
('1125454761527716','17:32:00','17:32:00','6252052','6','',''),
('1125454761527716','17:33:00','17:33:00','6252054','7','',''),
('1125454761527716','17:34:00','17:34:00','6252056','8','',''),
('1125454761527716','17:36:00','17:36:00','6252058','9','',''),
('1225454761527716','17:44:00','17:44:00','6252044','1','',''),
('1225454761527716','17:46:00','17:46:00','6252046','2','',''),
('1225454761527716','17:47:00','17:47:00','6252047','3','',''),
('1225454761527716','17:50:00','17:50:00','6252048','4','',''),
('1225454761527716','17:52:00','17:52:00','6252050','5','',''),
('1225454761527716','17:54:00','17:54:00','6252052','6','',''),
('1225454761527716','17:55:00','17:55:00','6252054','7','',''),
('1225454761527716','17:56:00','17:56:00','6252056','8','',''),
('1225454761527716','17:58:00','17:58:00','6252058','9','',''),
('125454761527716','06:30:00','06:30:00','6252044','1','',''),
('125454761527716','06:32:00','06:32:00','6252046','2','',''),
('125454761527716','06:33:00','06:33:00','6252047','3','',''),
('125454761527716','06:36:00','06:36:00','6252048','4','',''),
('125454761527716','06:38:00','06:38:00','6252050','5','',''),
('125454761527716','06:39:00','06:39:00','6252052','6','',''),
('125454761527716','06:40:00','06:40:00','6252054','7','',''),
('125454761527716','06:41:00','06:41:00','6252056','8','',''),
('125454761527716','06:43:00','06:43:00','6252058','9','',''),
('1325454761527716','18:06:00','18:06:00','6252044','1','',''),
('1325454761527716','18:08:00','18:08:00','6252046','2','',''),
('1325454761527716','18:09:00','18:09:00','6252047','3','',''),
('1325454761527716','18:12:00','18:12:00','6252048','4','',''),
('1325454761527716','18:14:00','18:14:00','6252050','5','',''),
('1325454761527716','18:16:00','18:16:00','6252052','6','',''),
('1325454761527716','18:17:00','18:17:00','6252054','7','',''),
('1325454761527716','18:18:00','18:18:00','6252056','8','',''),
('1325454761527716','18:20:00','18:20:00','6252058','9','',''),
('1425454761527716','18:28:00','18:28:00','6252044','1','',''),
('1425454761527716','18:30:00','18:30:00','6252046','2','',''),
('1425454761527716','18:31:00','18:31:00','6252047','3','',''),
('1425454761527716','18:34:00','18:34:00','6252048','4','',''),
('1425454761527716','18:36:00','18:36:00','6252050','5','',''),
('1425454761527716','18:38:00','18:38:00','6252052','6','',''),
('1425454761527716','18:39:00','18:39:00','6252054','7','',''),
('1425454761527716','18:40:00','18:40:00','6252056','8','',''),
('1425454761527716','18:42:00','18:42:00','6252058','9','',''),
('1525454761527716','18:50:00','18:50:00','6252044','1','',''),
('1525454761527716','18:52:00','18:52:00','6252046','2','',''),
('1525454761527716','18:53:00','18:53:00','6252047','3','',''),
('1525454761527716','18:56:00','18:56:00','6252048','4','',''),
('1525454761527716','18:58:00','18:58:00','6252050','5','',''),
('1525454761527716','19:00:00','19:00:00','6252052','6','',''),
('1525454761527716','19:01:00','19:01:00','6252054','7','',''),
('1525454761527716','19:02:00','19:02:00','6252056','8','',''),
('1525454761527716','19:04:00','19:04:00','6252058','9','',''),
('1625454761527716','19:13:00','19:13:00','6252044','1','',''),
('1625454761527716','19:15:00','19:15:00','6252046','2','',''),
('1625454761527716','19:16:00','19:16:00','6252047','3','',''),
('1625454761527716','19:19:00','19:19:00','6252048','4','',''),
('1625454761527716','19:21:00','19:21:00','6252050','5','',''),
('1625454761527716','19:23:00','19:23:00','6252052','6','',''),
('1625454761527716','19:24:00','19:24:00','6252054','7','',''),
('1625454761527716','19:25:00','19:25:00','6252056','8','',''),
('1625454761527716','19:27:00','19:27:00','6252058','9','',''),
('1725454761527716','19:36:00','19:36:00','6252044','1','',''),
('1725454761527716','19:38:00','19:38:00','6252046','2','',''),
('1725454761527716','19:39:00','19:39:00','6252047','3','',''),
('1725454761527716','19:42:00','19:42:00','6252048','4','',''),
('1725454761527716','19:44:00','19:44:00','6252050','5','',''),
('1725454761527716','19:46:00','19:46:00','6252052','6','',''),
('1725454761527716','19:47:00','19:47:00','6252054','7','',''),
('1725454761527716','19:48:00','19:48:00','6252056','8','',''),
('1725454761527716','19:50:00','19:50:00','6252058','9','',''),
('1825454761527716','20:00:00','20:00:00','6252044','1','',''),
('1825454761527716','20:02:00','20:02:00','6252046','2','',''),
('1825454761527716','20:03:00','20:03:00','6252047','3','',''),
('1825454761527716','20:06:00','20:06:00','6252048','4','',''),
('1825454761527716','20:08:00','20:08:00','6252050','5','',''),
('1825454761527716','20:10:00','20:10:00','6252052','6','',''),
('1825454761527716','20:11:00','20:11:00','6252054','7','',''),
('1825454761527716','20:12:00','20:12:00','6252056','8','',''),
('1825454761527716','20:14:00','20:14:00','6252058','9','',''),
('225454761527716','06:52:00','06:52:00','6252044','1','',''),
('225454761527716','06:54:00','06:54:00','6252046','2','',''),
('225454761527716','06:55:00','06:55:00','6252047','3','',''),
('225454761527716','06:58:00','06:58:00','6252048','4','',''),
('225454761527716','07:00:00','07:00:00','6252050','5','',''),
('225454761527716','07:01:00','07:01:00','6252052','6','',''),
('225454761527716','07:02:00','07:02:00','6252054','7','',''),
('225454761527716','07:03:00','07:03:00','6252056','8','',''),
('225454761527716','07:05:00','07:05:00','6252058','9','',''),
('325454761527716','07:14:00','07:14:00','6252044','1','',''),
('325454761527716','07:16:00','07:16:00','6252046','2','',''),
('325454761527716','07:17:00','07:17:00','6252047','3','',''),
('325454761527716','07:20:00','07:20:00','6252048','4','',''),
('325454761527716','07:22:00','07:22:00','6252050','5','',''),
('325454761527716','07:23:00','07:23:00','6252052','6','',''),
('325454761527716','07:24:00','07:24:00','6252054','7','',''),
('325454761527716','07:25:00','07:25:00','6252056','8','',''),
('325454761527716','07:27:00','07:27:00','6252058','9','',''),
('425454761527716','07:36:00','07:36:00','6252044','1','',''),
('425454761527716','07:38:00','07:38:00','6252046','2','',''),
('425454761527716','07:39:00','07:39:00','6252047','3','',''),
('425454761527716','07:42:00','07:42:00','6252048','4','',''),
('425454761527716','07:44:00','07:44:00','6252050','5','',''),
('425454761527716','07:45:00','07:45:00','6252052','6','',''),
('425454761527716','07:46:00','07:46:00','6252054','7','',''),
('425454761527716','07:47:00','07:47:00','6252056','8','',''),
('425454761527716','07:49:00','07:49:00','6252058','9','',''),
('525454761527716','07:58:00','07:58:00','6252044','1','',''),
('525454761527716','08:00:00','08:00:00','6252046','2','',''),
('525454761527716','08:01:00','08:01:00','6252047','3','',''),
('525454761527716','08:04:00','08:04:00','6252048','4','',''),
('525454761527716','08:06:00','08:06:00','6252050','5','',''),
('525454761527716','08:07:00','08:07:00','6252052','6','',''),
('525454761527716','08:08:00','08:08:00','6252054','7','',''),
('525454761527716','08:09:00','08:09:00','6252056','8','',''),
('525454761527716','08:11:00','08:11:00','6252058','9','',''),
('625454761527716','08:21:00','08:21:00','6252044','1','',''),
('625454761527716','08:23:00','08:23:00','6252046','2','',''),
('625454761527716','08:24:00','08:24:00','6252047','3','',''),
('625454761527716','08:27:00','08:27:00','6252048','4','',''),
('625454761527716','08:29:00','08:29:00','6252050','5','',''),
('625454761527716','08:31:00','08:31:00','6252052','6','',''),
('625454761527716','08:32:00','08:32:00','6252054','7','',''),
('625454761527716','08:33:00','08:33:00','6252056','8','',''),
('625454761527716','08:35:00','08:35:00','6252058','9','',''),
('725454761527716','08:44:00','08:44:00','6252044','1','',''),
('725454761527716','08:46:00','08:46:00','6252046','2','',''),
('725454761527716','08:47:00','08:47:00','6252047','3','',''),
('725454761527716','08:50:00','08:50:00','6252048','4','',''),
('725454761527716','08:52:00','08:52:00','6252050','5','',''),
('725454761527716','08:54:00','08:54:00','6252052','6','',''),
('725454761527716','08:55:00','08:55:00','6252054','7','',''),
('725454761527716','08:56:00','08:56:00','6252056','8','',''),
('725454761527716','08:58:00','08:58:00','6252058','9','',''),
('825454761527716','09:07:00','09:07:00','6252044','1','',''),
('825454761527716','09:09:00','09:09:00','6252046','2','',''),
('825454761527716','09:10:00','09:10:00','6252047','3','',''),
('825454761527716','09:13:00','09:13:00','6252048','4','',''),
('825454761527716','09:15:00','09:15:00','6252050','5','',''),
('825454761527716','09:17:00','09:17:00','6252052','6','',''),
('825454761527716','09:18:00','09:18:00','6252054','7','',''),
('825454761527716','09:19:00','09:19:00','6252056','8','',''),
('825454761527716','09:21:00','09:21:00','6252058','9','',''),
('925454761527716','09:30:00','09:30:00','6252044','1','',''),
('925454761527716','09:32:00','09:32:00','6252046','2','',''),
('925454761527716','09:33:00','09:33:00','6252047','3','',''),
('925454761527716','09:36:00','09:36:00','6252048','4','',''),
('925454761527716','09:38:00','09:38:00','6252050','5','',''),
('925454761527716','09:40:00','09:40:00','6252052','6','',''),
('925454761527716','09:41:00','09:41:00','6252054','7','',''),
('925454761527716','09:42:00','09:42:00','6252056','8','',''),
('925454761527716','09:44:00','09:44:00','6252058','9','',''),
('1025454761527715','17:22:00','17:22:00','6252059','1','',''),
('1025454761527715','17:23:00','17:23:00','6252057','2','',''),
('1025454761527715','17:24:00','17:24:00','6252055','3','',''),
('1025454761527715','17:25:00','17:25:00','6252053','4','',''),
('1025454761527715','17:27:00','17:27:00','6252051','5','',''),
('1025454761527715','17:29:00','17:29:00','6252049','6','',''),
('1025454761527715','17:33:00','17:33:00','6252060','7','',''),
('1025454761527715','17:35:00','17:35:00','6252061','8','',''),
('1025454761527715','17:36:00','17:36:00','6252062','9','',''),
('1025454761527715','17:39:00','17:39:00','6252063','10','',''),
('1025454761527715','17:41:00','17:41:00','6252045','11','',''),
('1125454761527715','17:44:00','17:44:00','6252059','1','',''),
('1125454761527715','17:45:00','17:45:00','6252057','2','',''),
('1125454761527715','17:46:00','17:46:00','6252055','3','',''),
('1125454761527715','17:47:00','17:47:00','6252053','4','',''),
('1125454761527715','17:49:00','17:49:00','6252051','5','',''),
('1125454761527715','17:51:00','17:51:00','6252049','6','',''),
('1125454761527715','17:55:00','17:55:00','6252060','7','',''),
('1125454761527715','17:57:00','17:57:00','6252061','8','',''),
('1125454761527715','17:58:00','17:58:00','6252062','9','',''),
('1125454761527715','18:01:00','18:01:00','6252063','10','',''),
('1125454761527715','18:03:00','18:03:00','6252045','11','',''),
('1225454761527715','18:06:00','18:06:00','6252059','1','',''),
('1225454761527715','18:07:00','18:07:00','6252057','2','',''),
('1225454761527715','18:08:00','18:08:00','6252055','3','',''),
('1225454761527715','18:09:00','18:09:00','6252053','4','',''),
('1225454761527715','18:11:00','18:11:00','6252051','5','',''),
('1225454761527715','18:13:00','18:13:00','6252049','6','',''),
('1225454761527715','18:17:00','18:17:00','6252060','7','',''),
('1225454761527715','18:19:00','18:19:00','6252061','8','',''),
('1225454761527715','18:20:00','18:20:00','6252062','9','',''),
('1225454761527715','18:23:00','18:23:00','6252063','10','',''),
('1225454761527715','18:25:00','18:25:00','6252045','11','',''),
('125454761527715','06:50:00','06:50:00','6252059','1','',''),
('125454761527715','06:51:00','06:51:00','6252057','2','',''),
('125454761527715','06:52:00','06:52:00','6252055','3','',''),
('125454761527715','06:53:00','06:53:00','6252053','4','',''),
('125454761527715','06:55:00','06:55:00','6252051','5','',''),
('125454761527715','06:57:00','06:57:00','6252049','6','',''),
('125454761527715','07:01:00','07:01:00','6252060','7','',''),
('125454761527715','07:03:00','07:03:00','6252061','8','',''),
('125454761527715','07:04:00','07:04:00','6252062','9','',''),
('125454761527715','07:07:00','07:07:00','6252063','10','',''),
('125454761527715','07:09:00','07:09:00','6252045','11','',''),
('1325454761527715','18:28:00','18:28:00','6252059','1','',''),
('1325454761527715','18:29:00','18:29:00','6252057','2','',''),
('1325454761527715','18:30:00','18:30:00','6252055','3','',''),
('1325454761527715','18:31:00','18:31:00','6252053','4','',''),
('1325454761527715','18:33:00','18:33:00','6252051','5','',''),
('1325454761527715','18:35:00','18:35:00','6252049','6','',''),
('1325454761527715','18:39:00','18:39:00','6252060','7','',''),
('1325454761527715','18:41:00','18:41:00','6252061','8','',''),
('1325454761527715','18:42:00','18:42:00','6252062','9','',''),
('1325454761527715','18:45:00','18:45:00','6252063','10','',''),
('1325454761527715','18:47:00','18:47:00','6252045','11','',''),
('1425454761527715','18:51:00','18:51:00','6252059','1','',''),
('1425454761527715','18:52:00','18:52:00','6252057','2','',''),
('1425454761527715','18:53:00','18:53:00','6252055','3','',''),
('1425454761527715','18:54:00','18:54:00','6252053','4','',''),
('1425454761527715','18:56:00','18:56:00','6252051','5','',''),
('1425454761527715','18:58:00','18:58:00','6252049','6','',''),
('1425454761527715','19:02:00','19:02:00','6252060','7','',''),
('1425454761527715','19:04:00','19:04:00','6252061','8','',''),
('1425454761527715','19:05:00','19:05:00','6252062','9','',''),
('1425454761527715','19:08:00','19:08:00','6252063','10','',''),
('1425454761527715','19:10:00','19:10:00','6252045','11','',''),
('1525454761527715','19:14:00','19:14:00','6252059','1','',''),
('1525454761527715','19:15:00','19:15:00','6252057','2','',''),
('1525454761527715','19:16:00','19:16:00','6252055','3','',''),
('1525454761527715','19:17:00','19:17:00','6252053','4','',''),
('1525454761527715','19:19:00','19:19:00','6252051','5','',''),
('1525454761527715','19:21:00','19:21:00','6252049','6','',''),
('1525454761527715','19:25:00','19:25:00','6252060','7','',''),
('1525454761527715','19:27:00','19:27:00','6252061','8','',''),
('1525454761527715','19:28:00','19:28:00','6252062','9','',''),
('1525454761527715','19:31:00','19:31:00','6252063','10','',''),
('1525454761527715','19:33:00','19:33:00','6252045','11','',''),
('1625454761527715','19:37:00','19:37:00','6252059','1','',''),
('1625454761527715','19:38:00','19:38:00','6252057','2','',''),
('1625454761527715','19:39:00','19:39:00','6252055','3','',''),
('1625454761527715','19:40:00','19:40:00','6252053','4','',''),
('1625454761527715','19:42:00','19:42:00','6252051','5','',''),
('1625454761527715','19:44:00','19:44:00','6252049','6','',''),
('1625454761527715','19:48:00','19:48:00','6252060','7','',''),
('1625454761527715','19:50:00','19:50:00','6252061','8','',''),
('1625454761527715','19:51:00','19:51:00','6252062','9','',''),
('1625454761527715','19:54:00','19:54:00','6252063','10','',''),
('1625454761527715','19:56:00','19:56:00','6252045','11','',''),
('1725454761527715','20:00:00','20:00:00','6252059','1','',''),
('1725454761527715','20:01:00','20:01:00','6252057','2','',''),
('1725454761527715','20:02:00','20:02:00','6252055','3','',''),
('1725454761527715','20:03:00','20:03:00','6252053','4','',''),
('1725454761527715','20:05:00','20:05:00','6252051','5','',''),
('1725454761527715','20:07:00','20:07:00','6252049','6','',''),
('1725454761527715','20:11:00','20:11:00','6252060','7','',''),
('1725454761527715','20:13:00','20:13:00','6252061','8','',''),
('1725454761527715','20:14:00','20:14:00','6252062','9','',''),
('1725454761527715','20:17:00','20:17:00','6252063','10','',''),
('1725454761527715','20:19:00','20:19:00','6252045','11','',''),
('225454761527715','07:13:00','07:13:00','6252059','1','',''),
('225454761527715','07:14:00','07:14:00','6252057','2','',''),
('225454761527715','07:15:00','07:15:00','6252055','3','',''),
('225454761527715','07:16:00','07:16:00','6252053','4','',''),
('225454761527715','07:18:00','07:18:00','6252051','5','',''),
('225454761527715','07:20:00','07:20:00','6252049','6','',''),
('225454761527715','07:24:00','07:24:00','6252060','7','',''),
('225454761527715','07:26:00','07:26:00','6252061','8','',''),
('225454761527715','07:27:00','07:27:00','6252062','9','',''),
('225454761527715','07:30:00','07:30:00','6252063','10','',''),
('225454761527715','07:32:00','07:32:00','6252045','11','',''),
('325454761527715','07:36:00','07:36:00','6252059','1','',''),
('325454761527715','07:37:00','07:37:00','6252057','2','',''),
('325454761527715','07:38:00','07:38:00','6252055','3','',''),
('325454761527715','07:39:00','07:39:00','6252053','4','',''),
('325454761527715','07:41:00','07:41:00','6252051','5','',''),
('325454761527715','07:43:00','07:43:00','6252049','6','',''),
('325454761527715','07:47:00','07:47:00','6252060','7','',''),
('325454761527715','07:49:00','07:49:00','6252061','8','',''),
('325454761527715','07:50:00','07:50:00','6252062','9','',''),
('325454761527715','07:53:00','07:53:00','6252063','10','',''),
('325454761527715','07:55:00','07:55:00','6252045','11','',''),
('425454761527715','07:59:00','07:59:00','6252059','1','',''),
('425454761527715','08:00:00','08:00:00','6252057','2','',''),
('425454761527715','08:01:00','08:01:00','6252055','3','',''),
('425454761527715','08:02:00','08:02:00','6252053','4','',''),
('425454761527715','08:04:00','08:04:00','6252051','5','',''),
('425454761527715','08:06:00','08:06:00','6252049','6','',''),
('425454761527715','08:10:00','08:10:00','6252060','7','',''),
('425454761527715','08:12:00','08:12:00','6252061','8','',''),
('425454761527715','08:13:00','08:13:00','6252062','9','',''),
('425454761527715','08:16:00','08:16:00','6252063','10','',''),
('425454761527715','08:18:00','08:18:00','6252045','11','',''),
('525454761527715','08:22:00','08:22:00','6252059','1','',''),
('525454761527715','08:23:00','08:23:00','6252057','2','',''),
('525454761527715','08:24:00','08:24:00','6252055','3','',''),
('525454761527715','08:25:00','08:25:00','6252053','4','',''),
('525454761527715','08:27:00','08:27:00','6252051','5','',''),
('525454761527715','08:29:00','08:29:00','6252049','6','',''),
('525454761527715','08:33:00','08:33:00','6252060','7','',''),
('525454761527715','08:35:00','08:35:00','6252061','8','',''),
('525454761527715','08:36:00','08:36:00','6252062','9','',''),
('525454761527715','08:39:00','08:39:00','6252063','10','',''),
('525454761527715','08:41:00','08:41:00','6252045','11','',''),
('625454761527715','08:45:00','08:45:00','6252059','1','',''),
('625454761527715','08:46:00','08:46:00','6252057','2','',''),
('625454761527715','08:47:00','08:47:00','6252055','3','',''),
('625454761527715','08:48:00','08:48:00','6252053','4','',''),
('625454761527715','08:50:00','08:50:00','6252051','5','',''),
('625454761527715','08:52:00','08:52:00','6252049','6','',''),
('625454761527715','08:56:00','08:56:00','6252060','7','',''),
('625454761527715','08:58:00','08:58:00','6252061','8','',''),
('625454761527715','08:59:00','08:59:00','6252062','9','',''),
('625454761527715','09:02:00','09:02:00','6252063','10','',''),
('625454761527715','09:04:00','09:04:00','6252045','11','',''),
('725454761527715','09:07:00','09:07:00','6252059','1','',''),
('725454761527715','09:08:00','09:08:00','6252057','2','',''),
('725454761527715','09:09:00','09:09:00','6252055','3','',''),
('725454761527715','09:10:00','09:10:00','6252053','4','',''),
('725454761527715','09:12:00','09:12:00','6252051','5','',''),
('725454761527715','09:14:00','09:14:00','6252049','6','',''),
('725454761527715','09:18:00','09:18:00','6252060','7','',''),
('725454761527715','09:20:00','09:20:00','6252061','8','',''),
('725454761527715','09:21:00','09:21:00','6252062','9','',''),
('725454761527715','09:24:00','09:24:00','6252063','10','',''),
('725454761527715','09:26:00','09:26:00','6252045','11','',''),
('825454761527715','09:30:00','09:30:00','6252059','1','',''),
('825454761527715','09:31:00','09:31:00','6252057','2','',''),
('825454761527715','09:32:00','09:32:00','6252055','3','',''),
('825454761527715','09:33:00','09:33:00','6252053','4','',''),
('825454761527715','09:35:00','09:35:00','6252051','5','',''),
('825454761527715','09:37:00','09:37:00','6252049','6','',''),
('825454761527715','09:41:00','09:41:00','6252060','7','',''),
('825454761527715','09:43:00','09:43:00','6252061','8','',''),
('825454761527715','09:44:00','09:44:00','6252062','9','',''),
('825454761527715','09:47:00','09:47:00','6252063','10','',''),
('825454761527715','09:49:00','09:49:00','6252045','11','',''),
('925454761527715','17:00:00','17:00:00','6252059','1','',''),
('925454761527715','17:01:00','17:01:00','6252057','2','',''),
('925454761527715','17:02:00','17:02:00','6252055','3','',''),
('925454761527715','17:03:00','17:03:00','6252053','4','',''),
('925454761527715','17:05:00','17:05:00','6252051','5','',''),
('925454761527715','17:07:00','17:07:00','6252049','6','',''),
('925454761527715','17:11:00','17:11:00','6252060','7','',''),
('925454761527715','17:13:00','17:13:00','6252061','8','',''),
('925454761527715','17:14:00','17:14:00','6252062','9','',''),
('925454761527715','17:17:00','17:17:00','6252063','10','',''),
('925454761527715','17:19:00','17:19:00','6252045','11','','');
INSERT INTO calendar (service_id,monday,tuesday,wednesday,thursday,friday,saturday,sunday,start_date,end_date) VALUES
('2545476','0','0','0','0','0','0','0','20171221','20180228');
INSERT INTO calendar_dates (service_id,date,exception_type) VALUES
('2545476','20171221','1'),
('2545476','20171222','1'),
('2545476','20171226','1'),
('2545476','20171227','1'),
('2545476','20171228','1'),
('2545476','20171229','1'),
('2545476','20180102','1'),
('2545476','20180103','1'),
('2545476','20180104','1'),
('2545476','20180105','1'),
('2545476','20180108','1'),
('2545476','20180109','1'),
('2545476','20180110','1'),
('2545476','20180111','1'),
('2545476','20180112','1'),
('2545476','20180115','1'),
('2545476','20180116','1'),
('2545476','20180117','1'),
('2545476','20180118','1'),
('2545476','20180119','1'),
('2545476','20180122','1'),
('2545476','20180123','1'),
('2545476','20180124','1'),
('2545476','20180125','1'),
('2545476','20180126','1'),
('2545476','20180129','1'),
('2545476','20180130','1'),
('2545476','20180131','1'),
('2545476','20180201','1'),
('2545476','20180202','1'),
('2545476','20180205','1'),
('2545476','20180206','1'),
('2545476','20180207','1'),
('2545476','20180208','1'),
('2545476','20180209','1'),
('2545476','20180212','1'),
('2545476','20180213','1'),
('2545476','20180214','1'),
('2545476','20180215','1'),
('2545476','20180216','1'),
('2545476','20180219','1'),
('2545476','20180220','1'),
('2545476','20180221','1'),
('2545476','20180222','1'),
('2545476','20180223','1'),
('2545476','20180226','1'),
('2545476','20180227','1'),
('2545476','20180228','1');
INSERT INTO routes (route_id,agency_id,route_short_name,route_long_name,route_desc,route_type,route_url,route_color,route_text_color) VALUES
('1788414','100','488','(PLACE HENRI DEUDON <-> MARCHE DE JUVISY) - Aller','','3','','FFFFFF','000000'),
('1788415','100','488','(PLACE HENRI DEUDON <-> MARCHE DE JUVISY) - Retour','','3','','FFFFFF','000000');
INSERT INTO agency (agency_id,agency_name,agency_url,agency_timezone,agency_lang,agency_phone) VALUES
('100','RATP (100)','http://www.ratp.fr/','CET','','');
INSERT INTO trips (route_id,service_id,trip_id,trip_headsign,trip_short_name,direction_id,shape_id) VALUES
('1788414','2545476','1025454761527716','','10','0',''),
('1788414','2545476','1125454761527716','','11','0',''),
('1788414','2545476','1225454761527716','','12','0',''),
('1788414','2545476','125454761527716','','1','0',''),
('1788414','2545476','1325454761527716','','13','0',''),
('1788414','2545476','1425454761527716','','14','0',''),
('1788414','2545476','1525454761527716','','15','0',''),
('1788414','2545476','1625454761527716','','16','0',''),
('1788414','2545476','1725454761527716','','17','0',''),
('1788414','2545476','1825454761527716','','18','0',''),
('1788414','2545476','225454761527716','','2','0',''),
('1788414','2545476','325454761527716','','3','0',''),
('1788414','2545476','425454761527716','','4','0',''),
('1788414','2545476','525454761527716','','5','0',''),
('1788414','2545476','625454761527716','','6','0',''),
('1788414','2545476','725454761527716','','7','0',''),
('1788414','2545476','825454761527716','','8','0',''),
('1788414','2545476','925454761527716','','9','0',''),
('1788415','2545476','1025454761527715','','10','1',''),
('1788415','2545476','1125454761527715','','11','1',''),
('1788415','2545476','1225454761527715','','12','1',''),
('1788415','2545476','125454761527715','','1','1',''),
('1788415','2545476','1325454761527715','','13','1',''),
('1788415','2545476','1425454761527715','','14','1',''),
('1788415','2545476','1525454761527715','','15','1',''),
('1788415','2545476','1625454761527715','','16','1',''),
('1788415','2545476','1725454761527715','','17','1',''),
('1788415','2545476','225454761527715','','2','1',''),
('1788415','2545476','325454761527715','','3','1',''),
('1788415','2545476','425454761527715','','4','1',''),
('1788415','2545476','525454761527715','','5','1',''),
('1788415','2545476','625454761527715','','6','1',''),
('1788415','2545476','725454761527715','','7','1',''),
('1788415','2545476','825454761527715','','8','1',''),
('1788415','2545476','925454761527715','','9','1','');
INSERT INTO transfers (from_stop_id,to_stop_id,transfer_type,min_transfer_time) VALUES
('6251982','6252056','2','31'),
('6251739','6252057','2','31'),
('6251894','6252058','2','113'),
('6252028','6252049','2','64'),
('6252027','6252049','2','108'),
('6252042','6252046','2','127'),
('6251981','6252057','2','31'),
('6251845','6252058','2','113'),
('6251735','6252053','2','28'),
('5816814','6252046','2','127'),
('6252030','6252051','2','37'),
('7153141','6252058','2','113'),
('6251730','6252060','2','45'),
('6251731','6252049','2','64'),
('6252032','6252053','2','28'),
('6251743','6252046','2','127'),
('5816786','6252063','2','144'),
('6251978','6252052','2','28'),
('6251742','6252059','2','76'),
('6251742','6252058','2','19'),
('5816789','6252045','2','17'),
('6251895','6252058','2','113'),
('6251983','6252059','2','83'),
('6251930','6252058','2','88'),
('6251733','6252051','2','37'),
('6252001','6252047','2','65'),
('5816781','6252046','2','135'),
('6252033','6252052','2','28'),
('6251953','6252063','2','144'),
('6252041','6252045','2','17'),
('6251736','6252052','2','28'),
('6251738','6252054','2','62'),
('6251867','6252058','2','113'),
('6252041','6252044','2','17'),
('6251977','6252053','2','28'),
('6251732','6252048','2','64'),
('6251975','6252051','2','37'),
('5816789','6252044','2','17'),
('6252035','6252054','2','62'),
('6251974','6252048','2','64'),
('6252005','6252063','2','144'),
('6252029','6252048','2','64'),
('6252026','6252049','2','91'),
('6251976','6252050','2','37'),
('6251931','6252058','2','88'),
('6251973','6252049','2','64'),
('6251972','6252049','2','108'),
('6251741','6252059','2','83'),
('6252034','6252055','2','62'),
('6251989','6252046','2','127'),
('6251737','6252055','2','62'),
('6251988','6252045','2','17'),
('6251988','6252044','2','17'),
('6251979','6252055','2','62'),
('5816812','6252063','2','144'),
('5816806','6252047','2','65'),
('6252039','6252058','2','83'),
('6251980','6252054','2','62'),
('5816783','6252063','2','30'),
('6251971','6252049','2','91'),
('7153140','6252058','2','113'),
('6251734','6252050','2','37'),
('6251730','6252047','2','19'),
('6252037','6252056','2','31'),
('6252031','6252050','2','37'),
('6252038','6252059','2','83'),
('6251846','6252058','2','113'),
('6251984','6252058','2','83'),
('6251740','6252056','2','31'),
('6251729','6252060','2','65'),
('6252036','6252057','2','31'),
('6251949','6252047','2','65');
INSERT INTO stops (stop_id,stop_code,stop_name,stop_desc,stop_lat,stop_lon,location_type,parent_station) VALUES
('6252056','','LYCEE JEAN MONNET','64 AVENUE DU 18 AVRIL 1944 - 91326','48.69524149849297','2.3799163125470466','0',''),
('6252044','','PLACE HENRI DEUDON','4 PL HENRI DEUDON - 91027','48.709278915672236','2.3867729154920387','0',''),
('6252057','','LYCEE JEAN MONNET','64 AVENUE DU GENERAL DE GAULLE - 91326','48.695412134272416','2.3803237896699936','0',''),
('6252045','','PLACE HENRI DEUDON','4 PL HENRI DEUDON - 91027','48.709278915672236','2.3867729154920387','0',''),
('6252054','','LYCEE MARCEL PAGNOL','28 AVENUE DU 18 AVRIL 1944 - 91027','48.697470201935985','2.3811809353960895','0',''),
('6252046','','ALBERT SARRAUT','RUE JEAN-BAPTISTE DE LA SALLE - 91027','48.70769857212263','2.3826970767488302','0',''),
('6252055','','LYCEE MARCEL PAGNOL','25 AVENUE DU 18 AVRIL 1944 - 91027','48.69795536643969','2.381765223571396','0',''),
('6252047','','CENTRE ADMINISTRATIF','1 AVENUE ARISTIDE BRIAND - 91027','48.705836684388174','2.385900478442477','0',''),
('6252048','','COUBERTIN','138 AVENUE DU 18 AVRIL 1944 - 91027','48.70437836972327','2.3909509669122206','0',''),
('6252049','','COUBERTIN','146 AVENUE DU 18 AVRIL 1944 - 91027','48.70476451673544','2.3917390257535804','0',''),
('6252058','','MARCHE DE JUVISY','FACE 8 AVENUE DU GENERAL DE GAULLE - 91326','48.69193425067728','2.3783522459475153','0',''),
('6252059','','MARCHE DE JUVISY','AVENUE DU GENERAL DE GAULLE - 91326','48.69265310586456','2.3790180959051894','0',''),
('6252062','','SAINT-CHARLES','RUE GENEVIEVE ANTHONIOZ DE GAULLE - 91027','48.70988833841886','2.390902328356646','0',''),
('6252061','','PLACE DE L''EGLISE','6 PLACE DE L''EGLISE - 91027','48.708459854175295','2.3893661666025343','0',''),
('6252063','','CIMETIERE D''ATHIS-MONS','FACE 32 AVENUE HENRI DUNANT - 91027','48.7109410624593','2.388472243078372','0',''),
('6252053','','DOCTEUR GUERIN','67 AVENUE DU 18 AVRIL 1944 - 91027','48.69991406717884','2.383858078039875','0',''),
('6252052','','DOCTEUR GUERIN','67 AVENUE DU 18 AVRIL 1944 - 91027','48.699779392992774','2.383464165035811','0',''),
('6252060','','LA POSTE','RUE PAUL VAILLANT-COUTURIER - 91027','48.70646575078744','2.3862134249681155','0',''),
('6252051','','CITE MOZART','100 AV DU 18 AVRIL 1944 - 91027','48.702096796240035','2.3874993801835265','0',''),
('6252050','','CITE MOZART','0 AVENUE DU 18 AVRIL 1944 - 91027','48.70194421424275','2.3869696279314057','0','');
