INSERT INTO stop_times (trip_id,arrival_time,departure_time,stop_id,stop_sequence,stop_headsign,shape_dist_traveled) VALUES
('1025454831022249','17:00:00','17:00:00','4378048','1','',''),
('1025454831022249','17:02:00','17:02:00','4378050','2','',''),
('1025454831022249','17:03:00','17:03:00','4378051','3','',''),
('1025454831022249','17:05:00','17:05:00','4378052','4','',''),
('1025454831022249','17:06:00','17:06:00','4378053','5','',''),
('1025454831022249','17:06:00','17:06:00','4378054','6','',''),
('1025454831022249','17:07:00','17:07:00','4378055','7','',''),
('1025454831022249','17:08:00','17:08:00','4378056','8','',''),
('1025454831022249','17:09:00','17:09:00','4378057','9','',''),
('1025454831022249','17:11:00','17:11:00','4378058','10','',''),
('1025454831022249','17:12:00','17:12:00','4378059','11','',''),
('1025454831022249','17:13:00','17:13:00','4378060','12','',''),
('1025454831022249','17:14:00','17:14:00','4378061','13','',''),
('1025454831022249','17:15:00','17:15:00','4378062','14','',''),
('1025454831022249','17:16:00','17:16:00','4378063','15','',''),
('1025454831022249','17:18:00','17:18:00','4378064','16','',''),
('1025454831022249','17:20:00','17:20:00','4378065','17','',''),
('1025454831022249','17:21:00','17:21:00','4378066','18','',''),
('1025454831022249','17:22:00','17:22:00','4378067','19','',''),
('1025454831022249','17:23:00','17:23:00','4378068','20','',''),
('1025454831022249','17:25:00','17:25:00','4378069','21','',''),
('1025454831022249','17:27:00','17:27:00','4378070','22','',''),
('1025454831022249','17:29:00','17:29:00','4378072','23','',''),
('1025454831022249','17:32:00','17:32:00','4378074','24','',''),
('1025454831022249','17:33:00','17:33:00','4378076','25','',''),
('1025454831022249','17:35:00','17:35:00','4378078','26','',''),
('1025454841022249','17:00:00','17:00:00','4378048','1','',''),
('1025454841022249','17:02:00','17:02:00','4378050','2','',''),
('1025454841022249','17:03:00','17:03:00','4378051','3','',''),
('1025454841022249','17:05:00','17:05:00','4378052','4','',''),
('1025454841022249','17:06:00','17:06:00','4378053','5','',''),
('1025454841022249','17:06:00','17:06:00','4378054','6','',''),
('1025454841022249','17:07:00','17:07:00','4378055','7','',''),
('1025454841022249','17:08:00','17:08:00','4378056','8','',''),
('1025454841022249','17:09:00','17:09:00','4378057','9','',''),
('1025454841022249','17:11:00','17:11:00','4378058','10','',''),
('1025454841022249','17:12:00','17:12:00','4378059','11','',''),
('1025454841022249','17:13:00','17:13:00','4378060','12','',''),
('1025454841022249','17:14:00','17:14:00','4378061','13','',''),
('1025454841022249','17:15:00','17:15:00','4378062','14','',''),
('1025454841022249','17:16:00','17:16:00','4378063','15','',''),
('1025454841022249','17:18:00','17:18:00','4378064','16','',''),
('1025454841022249','17:20:00','17:20:00','4378065','17','',''),
('1025454841022249','17:21:00','17:21:00','4378066','18','',''),
('1025454841022249','17:22:00','17:22:00','4378067','19','',''),
('1025454841022249','17:23:00','17:23:00','4378068','20','',''),
('1025454841022249','17:25:00','17:25:00','4378069','21','',''),
('1025454841022249','17:27:00','17:27:00','4378070','22','',''),
('1025454841022249','17:29:00','17:29:00','4378072','23','',''),
('1025454841022249','17:32:00','17:32:00','4378074','24','',''),
('1025454841022249','17:33:00','17:33:00','4378076','25','',''),
('1025454841022249','17:35:00','17:35:00','4378078','26','',''),
('1125454831022249','18:00:00','18:00:00','4378048','1','',''),
('1125454831022249','18:02:00','18:02:00','4378050','2','',''),
('1125454831022249','18:03:00','18:03:00','4378051','3','',''),
('1125454831022249','18:05:00','18:05:00','4378052','4','',''),
('1125454831022249','18:06:00','18:06:00','4378053','5','',''),
('1125454831022249','18:06:00','18:06:00','4378054','6','',''),
('1125454831022249','18:07:00','18:07:00','4378055','7','',''),
('1125454831022249','18:08:00','18:08:00','4378056','8','',''),
('1125454831022249','18:09:00','18:09:00','4378057','9','',''),
('1125454831022249','18:11:00','18:11:00','4378058','10','',''),
('1125454831022249','18:12:00','18:12:00','4378059','11','',''),
('1125454831022249','18:13:00','18:13:00','4378060','12','',''),
('1125454831022249','18:14:00','18:14:00','4378061','13','',''),
('1125454831022249','18:15:00','18:15:00','4378062','14','',''),
('1125454831022249','18:16:00','18:16:00','4378063','15','',''),
('1125454831022249','18:18:00','18:18:00','4378064','16','',''),
('1125454831022249','18:20:00','18:20:00','4378065','17','',''),
('1125454831022249','18:21:00','18:21:00','4378066','18','',''),
('1125454831022249','18:22:00','18:22:00','4378067','19','',''),
('1125454831022249','18:23:00','18:23:00','4378068','20','',''),
('1125454831022249','18:25:00','18:25:00','4378069','21','',''),
('1125454831022249','18:27:00','18:27:00','4378070','22','',''),
('1125454831022249','18:29:00','18:29:00','4378072','23','',''),
('1125454831022249','18:32:00','18:32:00','4378074','24','',''),
('1125454831022249','18:33:00','18:33:00','4378076','25','',''),
('1125454831022249','18:35:00','18:35:00','4378078','26','',''),
('1125454841022249','18:00:00','18:00:00','4378048','1','',''),
('1125454841022249','18:02:00','18:02:00','4378050','2','',''),
('1125454841022249','18:03:00','18:03:00','4378051','3','',''),
('1125454841022249','18:05:00','18:05:00','4378052','4','',''),
('1125454841022249','18:06:00','18:06:00','4378053','5','',''),
('1125454841022249','18:06:00','18:06:00','4378054','6','',''),
('1125454841022249','18:07:00','18:07:00','4378055','7','',''),
('1125454841022249','18:08:00','18:08:00','4378056','8','',''),
('1125454841022249','18:09:00','18:09:00','4378057','9','',''),
('1125454841022249','18:11:00','18:11:00','4378058','10','',''),
('1125454841022249','18:12:00','18:12:00','4378059','11','',''),
('1125454841022249','18:13:00','18:13:00','4378060','12','',''),
('1125454841022249','18:14:00','18:14:00','4378061','13','',''),
('1125454841022249','18:15:00','18:15:00','4378062','14','',''),
('1125454841022249','18:16:00','18:16:00','4378063','15','',''),
('1125454841022249','18:18:00','18:18:00','4378064','16','',''),
('1125454841022249','18:20:00','18:20:00','4378065','17','',''),
('1125454841022249','18:21:00','18:21:00','4378066','18','',''),
('1125454841022249','18:22:00','18:22:00','4378067','19','',''),
('1125454841022249','18:23:00','18:23:00','4378068','20','',''),
('1125454841022249','18:25:00','18:25:00','4378069','21','',''),
('1125454841022249','18:27:00','18:27:00','4378070','22','',''),
('1125454841022249','18:29:00','18:29:00','4378072','23','',''),
('1125454841022249','18:32:00','18:32:00','4378074','24','',''),
('1125454841022249','18:33:00','18:33:00','4378076','25','',''),
('1125454841022249','18:35:00','18:35:00','4378078','26','',''),
('1225454831022249','19:00:00','19:00:00','4378048','1','',''),
('1225454831022249','19:02:00','19:02:00','4378050','2','',''),
('1225454831022249','19:03:00','19:03:00','4378051','3','',''),
('1225454831022249','19:05:00','19:05:00','4378052','4','',''),
('1225454831022249','19:06:00','19:06:00','4378053','5','',''),
('1225454831022249','19:06:00','19:06:00','4378054','6','',''),
('1225454831022249','19:07:00','19:07:00','4378055','7','',''),
('1225454831022249','19:08:00','19:08:00','4378056','8','',''),
('1225454831022249','19:09:00','19:09:00','4378057','9','',''),
('1225454831022249','19:11:00','19:11:00','4378058','10','',''),
('1225454831022249','19:12:00','19:12:00','4378059','11','',''),
('1225454831022249','19:13:00','19:13:00','4378060','12','',''),
('1225454831022249','19:14:00','19:14:00','4378061','13','',''),
('1225454831022249','19:15:00','19:15:00','4378062','14','',''),
('1225454831022249','19:16:00','19:16:00','4378063','15','',''),
('1225454831022249','19:18:00','19:18:00','4378064','16','',''),
('1225454831022249','19:20:00','19:20:00','4378065','17','',''),
('1225454831022249','19:21:00','19:21:00','4378066','18','',''),
('1225454831022249','19:22:00','19:22:00','4378067','19','',''),
('1225454831022249','19:23:00','19:23:00','4378068','20','',''),
('1225454831022249','19:25:00','19:25:00','4378069','21','',''),
('1225454831022249','19:27:00','19:27:00','4378070','22','',''),
('1225454831022249','19:29:00','19:29:00','4378072','23','',''),
('1225454831022249','19:32:00','19:32:00','4378074','24','',''),
('1225454831022249','19:33:00','19:33:00','4378076','25','',''),
('1225454831022249','19:35:00','19:35:00','4378078','26','',''),
('1225454841022249','19:00:00','19:00:00','4378048','1','',''),
('1225454841022249','19:02:00','19:02:00','4378050','2','',''),
('1225454841022249','19:03:00','19:03:00','4378051','3','',''),
('1225454841022249','19:05:00','19:05:00','4378052','4','',''),
('1225454841022249','19:06:00','19:06:00','4378053','5','',''),
('1225454841022249','19:06:00','19:06:00','4378054','6','',''),
('1225454841022249','19:07:00','19:07:00','4378055','7','',''),
('1225454841022249','19:08:00','19:08:00','4378056','8','',''),
('1225454841022249','19:09:00','19:09:00','4378057','9','',''),
('1225454841022249','19:11:00','19:11:00','4378058','10','',''),
('1225454841022249','19:12:00','19:12:00','4378059','11','',''),
('1225454841022249','19:13:00','19:13:00','4378060','12','',''),
('1225454841022249','19:14:00','19:14:00','4378061','13','',''),
('1225454841022249','19:15:00','19:15:00','4378062','14','',''),
('1225454841022249','19:16:00','19:16:00','4378063','15','',''),
('1225454841022249','19:18:00','19:18:00','4378064','16','',''),
('1225454841022249','19:20:00','19:20:00','4378065','17','',''),
('1225454841022249','19:21:00','19:21:00','4378066','18','',''),
('1225454841022249','19:22:00','19:22:00','4378067','19','',''),
('1225454841022249','19:23:00','19:23:00','4378068','20','',''),
('1225454841022249','19:25:00','19:25:00','4378069','21','',''),
('1225454841022249','19:27:00','19:27:00','4378070','22','',''),
('1225454841022249','19:29:00','19:29:00','4378072','23','',''),
('1225454841022249','19:32:00','19:32:00','4378074','24','',''),
('1225454841022249','19:33:00','19:33:00','4378076','25','',''),
('1225454841022249','19:35:00','19:35:00','4378078','26','',''),
('125454831022249','08:00:00','08:00:00','4378048','1','',''),
('125454831022249','08:02:00','08:02:00','4378050','2','',''),
('125454831022249','08:03:00','08:03:00','4378051','3','',''),
('125454831022249','08:05:00','08:05:00','4378052','4','',''),
('125454831022249','08:06:00','08:06:00','4378053','5','',''),
('125454831022249','08:06:00','08:06:00','4378054','6','',''),
('125454831022249','08:07:00','08:07:00','4378055','7','',''),
('125454831022249','08:08:00','08:08:00','4378056','8','',''),
('125454831022249','08:09:00','08:09:00','4378057','9','',''),
('125454831022249','08:11:00','08:11:00','4378058','10','',''),
('125454831022249','08:12:00','08:12:00','4378059','11','',''),
('125454831022249','08:13:00','08:13:00','4378060','12','',''),
('125454831022249','08:14:00','08:14:00','4378061','13','',''),
('125454831022249','08:15:00','08:15:00','4378062','14','',''),
('125454831022249','08:16:00','08:16:00','4378063','15','',''),
('125454831022249','08:18:00','08:18:00','4378064','16','',''),
('125454831022249','08:20:00','08:20:00','4378065','17','',''),
('125454831022249','08:21:00','08:21:00','4378066','18','',''),
('125454831022249','08:22:00','08:22:00','4378067','19','',''),
('125454831022249','08:23:00','08:23:00','4378068','20','',''),
('125454831022249','08:25:00','08:25:00','4378069','21','',''),
('125454831022249','08:27:00','08:27:00','4378070','22','',''),
('125454831022249','08:29:00','08:29:00','4378072','23','',''),
('125454831022249','08:32:00','08:32:00','4378074','24','',''),
('125454831022249','08:33:00','08:33:00','4378076','25','',''),
('125454831022249','08:35:00','08:35:00','4378078','26','',''),
('125454841022249','08:00:00','08:00:00','4378048','1','',''),
('125454841022249','08:02:00','08:02:00','4378050','2','',''),
('125454841022249','08:03:00','08:03:00','4378051','3','',''),
('125454841022249','08:05:00','08:05:00','4378052','4','',''),
('125454841022249','08:06:00','08:06:00','4378053','5','',''),
('125454841022249','08:06:00','08:06:00','4378054','6','',''),
('125454841022249','08:07:00','08:07:00','4378055','7','',''),
('125454841022249','08:08:00','08:08:00','4378056','8','',''),
('125454841022249','08:09:00','08:09:00','4378057','9','',''),
('125454841022249','08:11:00','08:11:00','4378058','10','',''),
('125454841022249','08:12:00','08:12:00','4378059','11','',''),
('125454841022249','08:13:00','08:13:00','4378060','12','',''),
('125454841022249','08:14:00','08:14:00','4378061','13','',''),
('125454841022249','08:15:00','08:15:00','4378062','14','',''),
('125454841022249','08:16:00','08:16:00','4378063','15','',''),
('125454841022249','08:18:00','08:18:00','4378064','16','',''),
('125454841022249','08:20:00','08:20:00','4378065','17','',''),
('125454841022249','08:21:00','08:21:00','4378066','18','',''),
('125454841022249','08:22:00','08:22:00','4378067','19','',''),
('125454841022249','08:23:00','08:23:00','4378068','20','',''),
('125454841022249','08:25:00','08:25:00','4378069','21','',''),
('125454841022249','08:27:00','08:27:00','4378070','22','',''),
('125454841022249','08:29:00','08:29:00','4378072','23','',''),
('125454841022249','08:32:00','08:32:00','4378074','24','',''),
('125454841022249','08:33:00','08:33:00','4378076','25','',''),
('125454841022249','08:35:00','08:35:00','4378078','26','',''),
('225454831022249','09:00:00','09:00:00','4378048','1','',''),
('225454831022249','09:02:00','09:02:00','4378050','2','',''),
('225454831022249','09:03:00','09:03:00','4378051','3','',''),
('225454831022249','09:05:00','09:05:00','4378052','4','',''),
('225454831022249','09:06:00','09:06:00','4378053','5','',''),
('225454831022249','09:06:00','09:06:00','4378054','6','',''),
('225454831022249','09:07:00','09:07:00','4378055','7','',''),
('225454831022249','09:08:00','09:08:00','4378056','8','',''),
('225454831022249','09:09:00','09:09:00','4378057','9','',''),
('225454831022249','09:11:00','09:11:00','4378058','10','',''),
('225454831022249','09:12:00','09:12:00','4378059','11','',''),
('225454831022249','09:13:00','09:13:00','4378060','12','',''),
('225454831022249','09:14:00','09:14:00','4378061','13','',''),
('225454831022249','09:15:00','09:15:00','4378062','14','',''),
('225454831022249','09:16:00','09:16:00','4378063','15','',''),
('225454831022249','09:18:00','09:18:00','4378064','16','',''),
('225454831022249','09:20:00','09:20:00','4378065','17','',''),
('225454831022249','09:21:00','09:21:00','4378066','18','',''),
('225454831022249','09:22:00','09:22:00','4378067','19','',''),
('225454831022249','09:23:00','09:23:00','4378068','20','',''),
('225454831022249','09:25:00','09:25:00','4378069','21','',''),
('225454831022249','09:27:00','09:27:00','4378070','22','',''),
('225454831022249','09:29:00','09:29:00','4378072','23','',''),
('225454831022249','09:32:00','09:32:00','4378074','24','',''),
('225454831022249','09:33:00','09:33:00','4378076','25','',''),
('225454831022249','09:35:00','09:35:00','4378078','26','',''),
('225454841022249','09:00:00','09:00:00','4378048','1','',''),
('225454841022249','09:02:00','09:02:00','4378050','2','',''),
('225454841022249','09:03:00','09:03:00','4378051','3','',''),
('225454841022249','09:05:00','09:05:00','4378052','4','',''),
('225454841022249','09:06:00','09:06:00','4378053','5','',''),
('225454841022249','09:06:00','09:06:00','4378054','6','',''),
('225454841022249','09:07:00','09:07:00','4378055','7','',''),
('225454841022249','09:08:00','09:08:00','4378056','8','',''),
('225454841022249','09:09:00','09:09:00','4378057','9','',''),
('225454841022249','09:11:00','09:11:00','4378058','10','',''),
('225454841022249','09:12:00','09:12:00','4378059','11','',''),
('225454841022249','09:13:00','09:13:00','4378060','12','',''),
('225454841022249','09:14:00','09:14:00','4378061','13','',''),
('225454841022249','09:15:00','09:15:00','4378062','14','',''),
('225454841022249','09:16:00','09:16:00','4378063','15','',''),
('225454841022249','09:18:00','09:18:00','4378064','16','',''),
('225454841022249','09:20:00','09:20:00','4378065','17','',''),
('225454841022249','09:21:00','09:21:00','4378066','18','',''),
('225454841022249','09:22:00','09:22:00','4378067','19','',''),
('225454841022249','09:23:00','09:23:00','4378068','20','',''),
('225454841022249','09:25:00','09:25:00','4378069','21','',''),
('225454841022249','09:27:00','09:27:00','4378070','22','',''),
('225454841022249','09:29:00','09:29:00','4378072','23','',''),
('225454841022249','09:32:00','09:32:00','4378074','24','',''),
('225454841022249','09:33:00','09:33:00','4378076','25','',''),
('225454841022249','09:35:00','09:35:00','4378078','26','',''),
('325454831022249','10:00:00','10:00:00','4378048','1','',''),
('325454831022249','10:02:00','10:02:00','4378050','2','',''),
('325454831022249','10:03:00','10:03:00','4378051','3','',''),
('325454831022249','10:05:00','10:05:00','4378052','4','',''),
('325454831022249','10:06:00','10:06:00','4378053','5','',''),
('325454831022249','10:06:00','10:06:00','4378054','6','',''),
('325454831022249','10:07:00','10:07:00','4378055','7','',''),
('325454831022249','10:08:00','10:08:00','4378056','8','',''),
('325454831022249','10:09:00','10:09:00','4378057','9','',''),
('325454831022249','10:11:00','10:11:00','4378058','10','',''),
('325454831022249','10:12:00','10:12:00','4378059','11','',''),
('325454831022249','10:13:00','10:13:00','4378060','12','',''),
('325454831022249','10:14:00','10:14:00','4378061','13','',''),
('325454831022249','10:15:00','10:15:00','4378062','14','',''),
('325454831022249','10:16:00','10:16:00','4378063','15','',''),
('325454831022249','10:18:00','10:18:00','4378064','16','',''),
('325454831022249','10:20:00','10:20:00','4378065','17','',''),
('325454831022249','10:21:00','10:21:00','4378066','18','',''),
('325454831022249','10:22:00','10:22:00','4378067','19','',''),
('325454831022249','10:23:00','10:23:00','4378068','20','',''),
('325454831022249','10:25:00','10:25:00','4378069','21','',''),
('325454831022249','10:27:00','10:27:00','4378070','22','',''),
('325454831022249','10:29:00','10:29:00','4378072','23','',''),
('325454831022249','10:32:00','10:32:00','4378074','24','',''),
('325454831022249','10:33:00','10:33:00','4378076','25','',''),
('325454831022249','10:35:00','10:35:00','4378078','26','',''),
('325454841022249','10:00:00','10:00:00','4378048','1','',''),
('325454841022249','10:02:00','10:02:00','4378050','2','',''),
('325454841022249','10:03:00','10:03:00','4378051','3','',''),
('325454841022249','10:05:00','10:05:00','4378052','4','',''),
('325454841022249','10:06:00','10:06:00','4378053','5','',''),
('325454841022249','10:06:00','10:06:00','4378054','6','',''),
('325454841022249','10:07:00','10:07:00','4378055','7','',''),
('325454841022249','10:08:00','10:08:00','4378056','8','',''),
('325454841022249','10:09:00','10:09:00','4378057','9','',''),
('325454841022249','10:11:00','10:11:00','4378058','10','',''),
('325454841022249','10:12:00','10:12:00','4378059','11','',''),
('325454841022249','10:13:00','10:13:00','4378060','12','',''),
('325454841022249','10:14:00','10:14:00','4378061','13','',''),
('325454841022249','10:15:00','10:15:00','4378062','14','',''),
('325454841022249','10:16:00','10:16:00','4378063','15','',''),
('325454841022249','10:18:00','10:18:00','4378064','16','',''),
('325454841022249','10:20:00','10:20:00','4378065','17','',''),
('325454841022249','10:21:00','10:21:00','4378066','18','',''),
('325454841022249','10:22:00','10:22:00','4378067','19','',''),
('325454841022249','10:23:00','10:23:00','4378068','20','',''),
('325454841022249','10:25:00','10:25:00','4378069','21','',''),
('325454841022249','10:27:00','10:27:00','4378070','22','',''),
('325454841022249','10:29:00','10:29:00','4378072','23','',''),
('325454841022249','10:32:00','10:32:00','4378074','24','',''),
('325454841022249','10:33:00','10:33:00','4378076','25','',''),
('325454841022249','10:35:00','10:35:00','4378078','26','',''),
('425454831022249','11:00:00','11:00:00','4378048','1','',''),
('425454831022249','11:02:00','11:02:00','4378050','2','',''),
('425454831022249','11:03:00','11:03:00','4378051','3','',''),
('425454831022249','11:05:00','11:05:00','4378052','4','',''),
('425454831022249','11:06:00','11:06:00','4378053','5','',''),
('425454831022249','11:06:00','11:06:00','4378054','6','',''),
('425454831022249','11:07:00','11:07:00','4378055','7','',''),
('425454831022249','11:08:00','11:08:00','4378056','8','',''),
('425454831022249','11:09:00','11:09:00','4378057','9','',''),
('425454831022249','11:11:00','11:11:00','4378058','10','',''),
('425454831022249','11:12:00','11:12:00','4378059','11','',''),
('425454831022249','11:13:00','11:13:00','4378060','12','',''),
('425454831022249','11:14:00','11:14:00','4378061','13','',''),
('425454831022249','11:15:00','11:15:00','4378062','14','',''),
('425454831022249','11:16:00','11:16:00','4378063','15','',''),
('425454831022249','11:18:00','11:18:00','4378064','16','',''),
('425454831022249','11:20:00','11:20:00','4378065','17','',''),
('425454831022249','11:21:00','11:21:00','4378066','18','',''),
('425454831022249','11:22:00','11:22:00','4378067','19','',''),
('425454831022249','11:23:00','11:23:00','4378068','20','',''),
('425454831022249','11:25:00','11:25:00','4378069','21','',''),
('425454831022249','11:27:00','11:27:00','4378070','22','',''),
('425454831022249','11:29:00','11:29:00','4378072','23','',''),
('425454831022249','11:32:00','11:32:00','4378074','24','',''),
('425454831022249','11:33:00','11:33:00','4378076','25','',''),
('425454831022249','11:35:00','11:35:00','4378078','26','',''),
('425454841022249','11:00:00','11:00:00','4378048','1','',''),
('425454841022249','11:02:00','11:02:00','4378050','2','',''),
('425454841022249','11:03:00','11:03:00','4378051','3','',''),
('425454841022249','11:05:00','11:05:00','4378052','4','',''),
('425454841022249','11:06:00','11:06:00','4378053','5','',''),
('425454841022249','11:06:00','11:06:00','4378054','6','',''),
('425454841022249','11:07:00','11:07:00','4378055','7','',''),
('425454841022249','11:08:00','11:08:00','4378056','8','',''),
('425454841022249','11:09:00','11:09:00','4378057','9','',''),
('425454841022249','11:11:00','11:11:00','4378058','10','',''),
('425454841022249','11:12:00','11:12:00','4378059','11','',''),
('425454841022249','11:13:00','11:13:00','4378060','12','',''),
('425454841022249','11:14:00','11:14:00','4378061','13','',''),
('425454841022249','11:15:00','11:15:00','4378062','14','',''),
('425454841022249','11:16:00','11:16:00','4378063','15','',''),
('425454841022249','11:18:00','11:18:00','4378064','16','',''),
('425454841022249','11:20:00','11:20:00','4378065','17','',''),
('425454841022249','11:21:00','11:21:00','4378066','18','',''),
('425454841022249','11:22:00','11:22:00','4378067','19','',''),
('425454841022249','11:23:00','11:23:00','4378068','20','',''),
('425454841022249','11:25:00','11:25:00','4378069','21','',''),
('425454841022249','11:27:00','11:27:00','4378070','22','',''),
('425454841022249','11:29:00','11:29:00','4378072','23','',''),
('425454841022249','11:32:00','11:32:00','4378074','24','',''),
('425454841022249','11:33:00','11:33:00','4378076','25','',''),
('425454841022249','11:35:00','11:35:00','4378078','26','',''),
('525454831022249','12:00:00','12:00:00','4378048','1','',''),
('525454831022249','12:02:00','12:02:00','4378050','2','',''),
('525454831022249','12:03:00','12:03:00','4378051','3','',''),
('525454831022249','12:05:00','12:05:00','4378052','4','',''),
('525454831022249','12:06:00','12:06:00','4378053','5','',''),
('525454831022249','12:06:00','12:06:00','4378054','6','',''),
('525454831022249','12:07:00','12:07:00','4378055','7','',''),
('525454831022249','12:08:00','12:08:00','4378056','8','',''),
('525454831022249','12:09:00','12:09:00','4378057','9','',''),
('525454831022249','12:11:00','12:11:00','4378058','10','',''),
('525454831022249','12:12:00','12:12:00','4378059','11','',''),
('525454831022249','12:13:00','12:13:00','4378060','12','',''),
('525454831022249','12:14:00','12:14:00','4378061','13','',''),
('525454831022249','12:15:00','12:15:00','4378062','14','',''),
('525454831022249','12:16:00','12:16:00','4378063','15','',''),
('525454831022249','12:18:00','12:18:00','4378064','16','',''),
('525454831022249','12:20:00','12:20:00','4378065','17','',''),
('525454831022249','12:21:00','12:21:00','4378066','18','',''),
('525454831022249','12:22:00','12:22:00','4378067','19','',''),
('525454831022249','12:23:00','12:23:00','4378068','20','',''),
('525454831022249','12:25:00','12:25:00','4378069','21','',''),
('525454831022249','12:27:00','12:27:00','4378070','22','',''),
('525454831022249','12:29:00','12:29:00','4378072','23','',''),
('525454831022249','12:32:00','12:32:00','4378074','24','',''),
('525454831022249','12:33:00','12:33:00','4378076','25','',''),
('525454831022249','12:35:00','12:35:00','4378078','26','',''),
('525454841022249','12:00:00','12:00:00','4378048','1','',''),
('525454841022249','12:02:00','12:02:00','4378050','2','',''),
('525454841022249','12:03:00','12:03:00','4378051','3','',''),
('525454841022249','12:05:00','12:05:00','4378052','4','',''),
('525454841022249','12:06:00','12:06:00','4378053','5','',''),
('525454841022249','12:06:00','12:06:00','4378054','6','',''),
('525454841022249','12:07:00','12:07:00','4378055','7','',''),
('525454841022249','12:08:00','12:08:00','4378056','8','',''),
('525454841022249','12:09:00','12:09:00','4378057','9','',''),
('525454841022249','12:11:00','12:11:00','4378058','10','',''),
('525454841022249','12:12:00','12:12:00','4378059','11','',''),
('525454841022249','12:13:00','12:13:00','4378060','12','',''),
('525454841022249','12:14:00','12:14:00','4378061','13','',''),
('525454841022249','12:15:00','12:15:00','4378062','14','',''),
('525454841022249','12:16:00','12:16:00','4378063','15','',''),
('525454841022249','12:18:00','12:18:00','4378064','16','',''),
('525454841022249','12:20:00','12:20:00','4378065','17','',''),
('525454841022249','12:21:00','12:21:00','4378066','18','',''),
('525454841022249','12:22:00','12:22:00','4378067','19','',''),
('525454841022249','12:23:00','12:23:00','4378068','20','',''),
('525454841022249','12:25:00','12:25:00','4378069','21','',''),
('525454841022249','12:27:00','12:27:00','4378070','22','',''),
('525454841022249','12:29:00','12:29:00','4378072','23','',''),
('525454841022249','12:32:00','12:32:00','4378074','24','',''),
('525454841022249','12:33:00','12:33:00','4378076','25','',''),
('525454841022249','12:35:00','12:35:00','4378078','26','',''),
('625454831022249','13:00:00','13:00:00','4378048','1','',''),
('625454831022249','13:02:00','13:02:00','4378050','2','',''),
('625454831022249','13:03:00','13:03:00','4378051','3','',''),
('625454831022249','13:05:00','13:05:00','4378052','4','',''),
('625454831022249','13:06:00','13:06:00','4378053','5','',''),
('625454831022249','13:06:00','13:06:00','4378054','6','',''),
('625454831022249','13:07:00','13:07:00','4378055','7','',''),
('625454831022249','13:08:00','13:08:00','4378056','8','',''),
('625454831022249','13:09:00','13:09:00','4378057','9','',''),
('625454831022249','13:11:00','13:11:00','4378058','10','',''),
('625454831022249','13:12:00','13:12:00','4378059','11','',''),
('625454831022249','13:13:00','13:13:00','4378060','12','',''),
('625454831022249','13:14:00','13:14:00','4378061','13','',''),
('625454831022249','13:15:00','13:15:00','4378062','14','',''),
('625454831022249','13:16:00','13:16:00','4378063','15','',''),
('625454831022249','13:18:00','13:18:00','4378064','16','',''),
('625454831022249','13:20:00','13:20:00','4378065','17','',''),
('625454831022249','13:21:00','13:21:00','4378066','18','',''),
('625454831022249','13:22:00','13:22:00','4378067','19','',''),
('625454831022249','13:23:00','13:23:00','4378068','20','',''),
('625454831022249','13:25:00','13:25:00','4378069','21','',''),
('625454831022249','13:27:00','13:27:00','4378070','22','',''),
('625454831022249','13:29:00','13:29:00','4378072','23','',''),
('625454831022249','13:32:00','13:32:00','4378074','24','',''),
('625454831022249','13:33:00','13:33:00','4378076','25','',''),
('625454831022249','13:35:00','13:35:00','4378078','26','',''),
('625454841022249','13:00:00','13:00:00','4378048','1','',''),
('625454841022249','13:02:00','13:02:00','4378050','2','',''),
('625454841022249','13:03:00','13:03:00','4378051','3','',''),
('625454841022249','13:05:00','13:05:00','4378052','4','',''),
('625454841022249','13:06:00','13:06:00','4378053','5','',''),
('625454841022249','13:06:00','13:06:00','4378054','6','',''),
('625454841022249','13:07:00','13:07:00','4378055','7','',''),
('625454841022249','13:08:00','13:08:00','4378056','8','',''),
('625454841022249','13:09:00','13:09:00','4378057','9','',''),
('625454841022249','13:11:00','13:11:00','4378058','10','',''),
('625454841022249','13:12:00','13:12:00','4378059','11','',''),
('625454841022249','13:13:00','13:13:00','4378060','12','',''),
('625454841022249','13:14:00','13:14:00','4378061','13','',''),
('625454841022249','13:15:00','13:15:00','4378062','14','',''),
('625454841022249','13:16:00','13:16:00','4378063','15','',''),
('625454841022249','13:18:00','13:18:00','4378064','16','',''),
('625454841022249','13:20:00','13:20:00','4378065','17','',''),
('625454841022249','13:21:00','13:21:00','4378066','18','',''),
('625454841022249','13:22:00','13:22:00','4378067','19','',''),
('625454841022249','13:23:00','13:23:00','4378068','20','',''),
('625454841022249','13:25:00','13:25:00','4378069','21','',''),
('625454841022249','13:27:00','13:27:00','4378070','22','',''),
('625454841022249','13:29:00','13:29:00','4378072','23','',''),
('625454841022249','13:32:00','13:32:00','4378074','24','',''),
('625454841022249','13:33:00','13:33:00','4378076','25','',''),
('625454841022249','13:35:00','13:35:00','4378078','26','',''),
('725454831022249','14:00:00','14:00:00','4378048','1','',''),
('725454831022249','14:02:00','14:02:00','4378050','2','',''),
('725454831022249','14:03:00','14:03:00','4378051','3','',''),
('725454831022249','14:05:00','14:05:00','4378052','4','',''),
('725454831022249','14:06:00','14:06:00','4378053','5','',''),
('725454831022249','14:06:00','14:06:00','4378054','6','',''),
('725454831022249','14:07:00','14:07:00','4378055','7','',''),
('725454831022249','14:08:00','14:08:00','4378056','8','',''),
('725454831022249','14:09:00','14:09:00','4378057','9','',''),
('725454831022249','14:11:00','14:11:00','4378058','10','',''),
('725454831022249','14:12:00','14:12:00','4378059','11','',''),
('725454831022249','14:13:00','14:13:00','4378060','12','',''),
('725454831022249','14:14:00','14:14:00','4378061','13','',''),
('725454831022249','14:15:00','14:15:00','4378062','14','',''),
('725454831022249','14:16:00','14:16:00','4378063','15','',''),
('725454831022249','14:18:00','14:18:00','4378064','16','',''),
('725454831022249','14:20:00','14:20:00','4378065','17','',''),
('725454831022249','14:21:00','14:21:00','4378066','18','',''),
('725454831022249','14:22:00','14:22:00','4378067','19','',''),
('725454831022249','14:23:00','14:23:00','4378068','20','',''),
('725454831022249','14:25:00','14:25:00','4378069','21','',''),
('725454831022249','14:27:00','14:27:00','4378070','22','',''),
('725454831022249','14:29:00','14:29:00','4378072','23','',''),
('725454831022249','14:32:00','14:32:00','4378074','24','',''),
('725454831022249','14:33:00','14:33:00','4378076','25','',''),
('725454831022249','14:35:00','14:35:00','4378078','26','',''),
('725454841022249','14:00:00','14:00:00','4378048','1','',''),
('725454841022249','14:02:00','14:02:00','4378050','2','',''),
('725454841022249','14:03:00','14:03:00','4378051','3','',''),
('725454841022249','14:05:00','14:05:00','4378052','4','',''),
('725454841022249','14:06:00','14:06:00','4378053','5','',''),
('725454841022249','14:06:00','14:06:00','4378054','6','',''),
('725454841022249','14:07:00','14:07:00','4378055','7','',''),
('725454841022249','14:08:00','14:08:00','4378056','8','',''),
('725454841022249','14:09:00','14:09:00','4378057','9','',''),
('725454841022249','14:11:00','14:11:00','4378058','10','',''),
('725454841022249','14:12:00','14:12:00','4378059','11','',''),
('725454841022249','14:13:00','14:13:00','4378060','12','',''),
('725454841022249','14:14:00','14:14:00','4378061','13','',''),
('725454841022249','14:15:00','14:15:00','4378062','14','',''),
('725454841022249','14:16:00','14:16:00','4378063','15','',''),
('725454841022249','14:18:00','14:18:00','4378064','16','',''),
('725454841022249','14:20:00','14:20:00','4378065','17','',''),
('725454841022249','14:21:00','14:21:00','4378066','18','',''),
('725454841022249','14:22:00','14:22:00','4378067','19','',''),
('725454841022249','14:23:00','14:23:00','4378068','20','',''),
('725454841022249','14:25:00','14:25:00','4378069','21','',''),
('725454841022249','14:27:00','14:27:00','4378070','22','',''),
('725454841022249','14:29:00','14:29:00','4378072','23','',''),
('725454841022249','14:32:00','14:32:00','4378074','24','',''),
('725454841022249','14:33:00','14:33:00','4378076','25','',''),
('725454841022249','14:35:00','14:35:00','4378078','26','',''),
('825454831022249','15:00:00','15:00:00','4378048','1','',''),
('825454831022249','15:02:00','15:02:00','4378050','2','',''),
('825454831022249','15:03:00','15:03:00','4378051','3','',''),
('825454831022249','15:05:00','15:05:00','4378052','4','',''),
('825454831022249','15:06:00','15:06:00','4378053','5','',''),
('825454831022249','15:06:00','15:06:00','4378054','6','',''),
('825454831022249','15:07:00','15:07:00','4378055','7','',''),
('825454831022249','15:08:00','15:08:00','4378056','8','',''),
('825454831022249','15:09:00','15:09:00','4378057','9','',''),
('825454831022249','15:11:00','15:11:00','4378058','10','',''),
('825454831022249','15:12:00','15:12:00','4378059','11','',''),
('825454831022249','15:13:00','15:13:00','4378060','12','',''),
('825454831022249','15:14:00','15:14:00','4378061','13','',''),
('825454831022249','15:15:00','15:15:00','4378062','14','',''),
('825454831022249','15:16:00','15:16:00','4378063','15','',''),
('825454831022249','15:18:00','15:18:00','4378064','16','',''),
('825454831022249','15:20:00','15:20:00','4378065','17','',''),
('825454831022249','15:21:00','15:21:00','4378066','18','',''),
('825454831022249','15:22:00','15:22:00','4378067','19','',''),
('825454831022249','15:23:00','15:23:00','4378068','20','',''),
('825454831022249','15:25:00','15:25:00','4378069','21','',''),
('825454831022249','15:27:00','15:27:00','4378070','22','',''),
('825454831022249','15:29:00','15:29:00','4378072','23','',''),
('825454831022249','15:32:00','15:32:00','4378074','24','',''),
('825454831022249','15:33:00','15:33:00','4378076','25','',''),
('825454831022249','15:35:00','15:35:00','4378078','26','',''),
('825454841022249','15:00:00','15:00:00','4378048','1','',''),
('825454841022249','15:02:00','15:02:00','4378050','2','',''),
('825454841022249','15:03:00','15:03:00','4378051','3','',''),
('825454841022249','15:05:00','15:05:00','4378052','4','',''),
('825454841022249','15:06:00','15:06:00','4378053','5','',''),
('825454841022249','15:06:00','15:06:00','4378054','6','',''),
('825454841022249','15:07:00','15:07:00','4378055','7','',''),
('825454841022249','15:08:00','15:08:00','4378056','8','',''),
('825454841022249','15:09:00','15:09:00','4378057','9','',''),
('825454841022249','15:11:00','15:11:00','4378058','10','',''),
('825454841022249','15:12:00','15:12:00','4378059','11','',''),
('825454841022249','15:13:00','15:13:00','4378060','12','',''),
('825454841022249','15:14:00','15:14:00','4378061','13','',''),
('825454841022249','15:15:00','15:15:00','4378062','14','',''),
('825454841022249','15:16:00','15:16:00','4378063','15','',''),
('825454841022249','15:18:00','15:18:00','4378064','16','',''),
('825454841022249','15:20:00','15:20:00','4378065','17','',''),
('825454841022249','15:21:00','15:21:00','4378066','18','',''),
('825454841022249','15:22:00','15:22:00','4378067','19','',''),
('825454841022249','15:23:00','15:23:00','4378068','20','',''),
('825454841022249','15:25:00','15:25:00','4378069','21','',''),
('825454841022249','15:27:00','15:27:00','4378070','22','',''),
('825454841022249','15:29:00','15:29:00','4378072','23','',''),
('825454841022249','15:32:00','15:32:00','4378074','24','',''),
('825454841022249','15:33:00','15:33:00','4378076','25','',''),
('825454841022249','15:35:00','15:35:00','4378078','26','',''),
('925454831022249','16:00:00','16:00:00','4378048','1','',''),
('925454831022249','16:02:00','16:02:00','4378050','2','',''),
('925454831022249','16:03:00','16:03:00','4378051','3','',''),
('925454831022249','16:05:00','16:05:00','4378052','4','',''),
('925454831022249','16:06:00','16:06:00','4378053','5','',''),
('925454831022249','16:06:00','16:06:00','4378054','6','',''),
('925454831022249','16:07:00','16:07:00','4378055','7','',''),
('925454831022249','16:08:00','16:08:00','4378056','8','',''),
('925454831022249','16:09:00','16:09:00','4378057','9','',''),
('925454831022249','16:11:00','16:11:00','4378058','10','',''),
('925454831022249','16:12:00','16:12:00','4378059','11','',''),
('925454831022249','16:13:00','16:13:00','4378060','12','',''),
('925454831022249','16:14:00','16:14:00','4378061','13','',''),
('925454831022249','16:15:00','16:15:00','4378062','14','',''),
('925454831022249','16:16:00','16:16:00','4378063','15','',''),
('925454831022249','16:18:00','16:18:00','4378064','16','',''),
('925454831022249','16:20:00','16:20:00','4378065','17','',''),
('925454831022249','16:21:00','16:21:00','4378066','18','',''),
('925454831022249','16:22:00','16:22:00','4378067','19','',''),
('925454831022249','16:23:00','16:23:00','4378068','20','',''),
('925454831022249','16:25:00','16:25:00','4378069','21','',''),
('925454831022249','16:27:00','16:27:00','4378070','22','',''),
('925454831022249','16:29:00','16:29:00','4378072','23','',''),
('925454831022249','16:32:00','16:32:00','4378074','24','',''),
('925454831022249','16:33:00','16:33:00','4378076','25','',''),
('925454831022249','16:35:00','16:35:00','4378078','26','',''),
('925454841022249','16:00:00','16:00:00','4378048','1','',''),
('925454841022249','16:02:00','16:02:00','4378050','2','',''),
('925454841022249','16:03:00','16:03:00','4378051','3','',''),
('925454841022249','16:05:00','16:05:00','4378052','4','',''),
('925454841022249','16:06:00','16:06:00','4378053','5','',''),
('925454841022249','16:06:00','16:06:00','4378054','6','',''),
('925454841022249','16:07:00','16:07:00','4378055','7','',''),
('925454841022249','16:08:00','16:08:00','4378056','8','',''),
('925454841022249','16:09:00','16:09:00','4378057','9','',''),
('925454841022249','16:11:00','16:11:00','4378058','10','',''),
('925454841022249','16:12:00','16:12:00','4378059','11','',''),
('925454841022249','16:13:00','16:13:00','4378060','12','',''),
('925454841022249','16:14:00','16:14:00','4378061','13','',''),
('925454841022249','16:15:00','16:15:00','4378062','14','',''),
('925454841022249','16:16:00','16:16:00','4378063','15','',''),
('925454841022249','16:18:00','16:18:00','4378064','16','',''),
('925454841022249','16:20:00','16:20:00','4378065','17','',''),
('925454841022249','16:21:00','16:21:00','4378066','18','',''),
('925454841022249','16:22:00','16:22:00','4378067','19','',''),
('925454841022249','16:23:00','16:23:00','4378068','20','',''),
('925454841022249','16:25:00','16:25:00','4378069','21','',''),
('925454841022249','16:27:00','16:27:00','4378070','22','',''),
('925454841022249','16:29:00','16:29:00','4378072','23','',''),
('925454841022249','16:32:00','16:32:00','4378074','24','',''),
('925454841022249','16:33:00','16:33:00','4378076','25','',''),
('925454841022249','16:35:00','16:35:00','4378078','26','',''),
('1025454831022250','17:40:00','17:40:00','4378079','1','',''),
('1025454831022250','17:42:00','17:42:00','4378077','2','',''),
('1025454831022250','17:44:00','17:44:00','4378075','3','',''),
('1025454831022250','17:46:00','17:46:00','4378073','4','',''),
('1025454831022250','17:48:00','17:48:00','4378071','5','',''),
('1025454831022250','17:50:00','17:50:00','4378049','6','',''),
('1025454841022250','17:40:00','17:40:00','4378079','1','',''),
('1025454841022250','17:42:00','17:42:00','4378077','2','',''),
('1025454841022250','17:44:00','17:44:00','4378075','3','',''),
('1025454841022250','17:46:00','17:46:00','4378073','4','',''),
('1025454841022250','17:48:00','17:48:00','4378071','5','',''),
('1025454841022250','17:50:00','17:50:00','4378049','6','',''),
('1125454831022250','18:40:00','18:40:00','4378079','1','',''),
('1125454831022250','18:42:00','18:42:00','4378077','2','',''),
('1125454831022250','18:44:00','18:44:00','4378075','3','',''),
('1125454831022250','18:46:00','18:46:00','4378073','4','',''),
('1125454831022250','18:48:00','18:48:00','4378071','5','',''),
('1125454831022250','18:50:00','18:50:00','4378049','6','',''),
('1125454841022250','18:40:00','18:40:00','4378079','1','',''),
('1125454841022250','18:42:00','18:42:00','4378077','2','',''),
('1125454841022250','18:44:00','18:44:00','4378075','3','',''),
('1125454841022250','18:46:00','18:46:00','4378073','4','',''),
('1125454841022250','18:48:00','18:48:00','4378071','5','',''),
('1125454841022250','18:50:00','18:50:00','4378049','6','',''),
('1225454831022250','19:35:00','19:35:00','4378079','1','',''),
('1225454831022250','19:37:00','19:37:00','4378077','2','',''),
('1225454831022250','19:39:00','19:39:00','4378075','3','',''),
('1225454831022250','19:41:00','19:41:00','4378073','4','',''),
('1225454831022250','19:43:00','19:43:00','4378071','5','',''),
('1225454831022250','19:45:00','19:45:00','4378049','6','',''),
('1225454841022250','19:35:00','19:35:00','4378079','1','',''),
('1225454841022250','19:37:00','19:37:00','4378077','2','',''),
('1225454841022250','19:39:00','19:39:00','4378075','3','',''),
('1225454841022250','19:41:00','19:41:00','4378073','4','',''),
('1225454841022250','19:43:00','19:43:00','4378071','5','',''),
('1225454841022250','19:45:00','19:45:00','4378049','6','',''),
('125454831022250','08:40:00','08:40:00','4378079','1','',''),
('125454831022250','08:42:00','08:42:00','4378077','2','',''),
('125454831022250','08:44:00','08:44:00','4378075','3','',''),
('125454831022250','08:46:00','08:46:00','4378073','4','',''),
('125454831022250','08:48:00','08:48:00','4378071','5','',''),
('125454831022250','08:50:00','08:50:00','4378049','6','',''),
('125454841022250','08:40:00','08:40:00','4378079','1','',''),
('125454841022250','08:42:00','08:42:00','4378077','2','',''),
('125454841022250','08:44:00','08:44:00','4378075','3','',''),
('125454841022250','08:46:00','08:46:00','4378073','4','',''),
('125454841022250','08:48:00','08:48:00','4378071','5','',''),
('125454841022250','08:50:00','08:50:00','4378049','6','',''),
('225454831022250','09:40:00','09:40:00','4378079','1','',''),
('225454831022250','09:42:00','09:42:00','4378077','2','',''),
('225454831022250','09:44:00','09:44:00','4378075','3','',''),
('225454831022250','09:46:00','09:46:00','4378073','4','',''),
('225454831022250','09:48:00','09:48:00','4378071','5','',''),
('225454831022250','09:50:00','09:50:00','4378049','6','',''),
('225454841022250','09:40:00','09:40:00','4378079','1','',''),
('225454841022250','09:42:00','09:42:00','4378077','2','',''),
('225454841022250','09:44:00','09:44:00','4378075','3','',''),
('225454841022250','09:46:00','09:46:00','4378073','4','',''),
('225454841022250','09:48:00','09:48:00','4378071','5','',''),
('225454841022250','09:50:00','09:50:00','4378049','6','',''),
('325454831022250','10:40:00','10:40:00','4378079','1','',''),
('325454831022250','10:42:00','10:42:00','4378077','2','',''),
('325454831022250','10:44:00','10:44:00','4378075','3','',''),
('325454831022250','10:46:00','10:46:00','4378073','4','',''),
('325454831022250','10:48:00','10:48:00','4378071','5','',''),
('325454831022250','10:50:00','10:50:00','4378049','6','',''),
('325454841022250','10:40:00','10:40:00','4378079','1','',''),
('325454841022250','10:42:00','10:42:00','4378077','2','',''),
('325454841022250','10:44:00','10:44:00','4378075','3','',''),
('325454841022250','10:46:00','10:46:00','4378073','4','',''),
('325454841022250','10:48:00','10:48:00','4378071','5','',''),
('325454841022250','10:50:00','10:50:00','4378049','6','',''),
('425454831022250','11:40:00','11:40:00','4378079','1','',''),
('425454831022250','11:42:00','11:42:00','4378077','2','',''),
('425454831022250','11:44:00','11:44:00','4378075','3','',''),
('425454831022250','11:46:00','11:46:00','4378073','4','',''),
('425454831022250','11:48:00','11:48:00','4378071','5','',''),
('425454831022250','11:50:00','11:50:00','4378049','6','',''),
('425454841022250','11:40:00','11:40:00','4378079','1','',''),
('425454841022250','11:42:00','11:42:00','4378077','2','',''),
('425454841022250','11:44:00','11:44:00','4378075','3','',''),
('425454841022250','11:46:00','11:46:00','4378073','4','',''),
('425454841022250','11:48:00','11:48:00','4378071','5','',''),
('425454841022250','11:50:00','11:50:00','4378049','6','',''),
('525454831022250','12:40:00','12:40:00','4378079','1','',''),
('525454831022250','12:42:00','12:42:00','4378077','2','',''),
('525454831022250','12:44:00','12:44:00','4378075','3','',''),
('525454831022250','12:46:00','12:46:00','4378073','4','',''),
('525454831022250','12:48:00','12:48:00','4378071','5','',''),
('525454831022250','12:50:00','12:50:00','4378049','6','',''),
('525454841022250','12:40:00','12:40:00','4378079','1','',''),
('525454841022250','12:42:00','12:42:00','4378077','2','',''),
('525454841022250','12:44:00','12:44:00','4378075','3','',''),
('525454841022250','12:46:00','12:46:00','4378073','4','',''),
('525454841022250','12:48:00','12:48:00','4378071','5','',''),
('525454841022250','12:50:00','12:50:00','4378049','6','',''),
('625454831022250','13:40:00','13:40:00','4378079','1','',''),
('625454831022250','13:42:00','13:42:00','4378077','2','',''),
('625454831022250','13:44:00','13:44:00','4378075','3','',''),
('625454831022250','13:46:00','13:46:00','4378073','4','',''),
('625454831022250','13:48:00','13:48:00','4378071','5','',''),
('625454831022250','13:50:00','13:50:00','4378049','6','',''),
('625454841022250','13:40:00','13:40:00','4378079','1','',''),
('625454841022250','13:42:00','13:42:00','4378077','2','',''),
('625454841022250','13:44:00','13:44:00','4378075','3','',''),
('625454841022250','13:46:00','13:46:00','4378073','4','',''),
('625454841022250','13:48:00','13:48:00','4378071','5','',''),
('625454841022250','13:50:00','13:50:00','4378049','6','',''),
('725454831022250','14:40:00','14:40:00','4378079','1','',''),
('725454831022250','14:42:00','14:42:00','4378077','2','',''),
('725454831022250','14:44:00','14:44:00','4378075','3','',''),
('725454831022250','14:46:00','14:46:00','4378073','4','',''),
('725454831022250','14:48:00','14:48:00','4378071','5','',''),
('725454831022250','14:50:00','14:50:00','4378049','6','',''),
('725454841022250','14:40:00','14:40:00','4378079','1','',''),
('725454841022250','14:42:00','14:42:00','4378077','2','',''),
('725454841022250','14:44:00','14:44:00','4378075','3','',''),
('725454841022250','14:46:00','14:46:00','4378073','4','',''),
('725454841022250','14:48:00','14:48:00','4378071','5','',''),
('725454841022250','14:50:00','14:50:00','4378049','6','',''),
('825454831022250','15:40:00','15:40:00','4378079','1','',''),
('825454831022250','15:42:00','15:42:00','4378077','2','',''),
('825454831022250','15:44:00','15:44:00','4378075','3','',''),
('825454831022250','15:46:00','15:46:00','4378073','4','',''),
('825454831022250','15:48:00','15:48:00','4378071','5','',''),
('825454831022250','15:50:00','15:50:00','4378049','6','',''),
('825454841022250','15:40:00','15:40:00','4378079','1','',''),
('825454841022250','15:42:00','15:42:00','4378077','2','',''),
('825454841022250','15:44:00','15:44:00','4378075','3','',''),
('825454841022250','15:46:00','15:46:00','4378073','4','',''),
('825454841022250','15:48:00','15:48:00','4378071','5','',''),
('825454841022250','15:50:00','15:50:00','4378049','6','',''),
('925454831022250','16:40:00','16:40:00','4378079','1','',''),
('925454831022250','16:42:00','16:42:00','4378077','2','',''),
('925454831022250','16:44:00','16:44:00','4378075','3','',''),
('925454831022250','16:46:00','16:46:00','4378073','4','',''),
('925454831022250','16:48:00','16:48:00','4378071','5','',''),
('925454831022250','16:50:00','16:50:00','4378049','6','',''),
('925454841022250','16:40:00','16:40:00','4378079','1','',''),
('925454841022250','16:42:00','16:42:00','4378077','2','',''),
('925454841022250','16:44:00','16:44:00','4378075','3','',''),
('925454841022250','16:46:00','16:46:00','4378073','4','',''),
('925454841022250','16:48:00','16:48:00','4378071','5','',''),
('925454841022250','16:50:00','16:50:00','4378049','6','','');
INSERT INTO calendar (service_id,monday,tuesday,wednesday,thursday,friday,saturday,sunday,start_date,end_date) VALUES
('2545483','0','0','0','0','0','0','0','20171221','20180228'),
('2545484','0','0','0','0','0','0','0','20171223','20180224');
INSERT INTO calendar_dates (service_id,date,exception_type) VALUES
('2545483','20171221','1'),
('2545483','20171222','1'),
('2545483','20171226','1'),
('2545483','20171227','1'),
('2545483','20171228','1'),
('2545483','20171229','1'),
('2545483','20180102','1'),
('2545483','20180103','1'),
('2545483','20180104','1'),
('2545483','20180105','1'),
('2545483','20180108','1'),
('2545483','20180109','1'),
('2545483','20180110','1'),
('2545483','20180111','1'),
('2545483','20180112','1'),
('2545483','20180115','1'),
('2545483','20180116','1'),
('2545483','20180117','1'),
('2545483','20180118','1'),
('2545483','20180119','1'),
('2545483','20180122','1'),
('2545483','20180123','1'),
('2545483','20180124','1'),
('2545483','20180125','1'),
('2545483','20180126','1'),
('2545483','20180129','1'),
('2545483','20180130','1'),
('2545483','20180131','1'),
('2545483','20180201','1'),
('2545483','20180202','1'),
('2545483','20180205','1'),
('2545483','20180206','1'),
('2545483','20180207','1'),
('2545483','20180208','1'),
('2545483','20180209','1'),
('2545483','20180212','1'),
('2545483','20180213','1'),
('2545483','20180214','1'),
('2545483','20180215','1'),
('2545483','20180216','1'),
('2545483','20180219','1'),
('2545483','20180220','1'),
('2545483','20180221','1'),
('2545483','20180222','1'),
('2545483','20180223','1'),
('2545483','20180226','1'),
('2545483','20180227','1'),
('2545483','20180228','1'),
('2545484','20171223','1'),
('2545484','20171230','1'),
('2545484','20180106','1'),
('2545484','20180113','1'),
('2545484','20180120','1'),
('2545484','20180127','1'),
('2545484','20180203','1'),
('2545484','20180210','1'),
('2545484','20180217','1'),
('2545484','20180224','1');
INSERT INTO routes (route_id,agency_id,route_short_name,route_long_name,route_desc,route_type,route_url,route_color,route_text_color) VALUES
('1788178','100','585','V7 (VILLEJUIF - LOUIS ARAGON <-> LES DAHLIAS) - Aller','','3','','FFFFFF','000000'),
('1788179','100','585','V7 (VILLEJUIF - LOUIS ARAGON <-> LES DAHLIAS) - Retour','','3','','FFFFFF','000000');
INSERT INTO agency (agency_id,agency_name,agency_url,agency_timezone,agency_lang,agency_phone) VALUES
('100','RATP (100)','http://www.ratp.fr/','CET','','');
INSERT INTO trips (route_id,service_id,trip_id,trip_headsign,trip_short_name,direction_id,shape_id) VALUES
('1788178','2545483','1025454831022249','','10','0',''),
('1788178','2545484','1025454841022249','','10','0',''),
('1788178','2545483','1125454831022249','','11','0',''),
('1788178','2545484','1125454841022249','','11','0',''),
('1788178','2545483','1225454831022249','','12','0',''),
('1788178','2545484','1225454841022249','','12','0',''),
('1788178','2545483','125454831022249','','1','0',''),
('1788178','2545484','125454841022249','','1','0',''),
('1788178','2545483','225454831022249','','2','0',''),
('1788178','2545484','225454841022249','','2','0',''),
('1788178','2545483','325454831022249','','3','0',''),
('1788178','2545484','325454841022249','','3','0',''),
('1788178','2545483','425454831022249','','4','0',''),
('1788178','2545484','425454841022249','','4','0',''),
('1788178','2545483','525454831022249','','5','0',''),
('1788178','2545484','525454841022249','','5','0',''),
('1788178','2545483','625454831022249','','6','0',''),
('1788178','2545484','625454841022249','','6','0',''),
('1788178','2545483','725454831022249','','7','0',''),
('1788178','2545484','725454841022249','','7','0',''),
('1788178','2545483','825454831022249','','8','0',''),
('1788178','2545484','825454841022249','','8','0',''),
('1788178','2545483','925454831022249','','9','0',''),
('1788178','2545484','925454841022249','','9','0',''),
('1788179','2545483','1025454831022250','','10','1',''),
('1788179','2545484','1025454841022250','','10','1',''),
('1788179','2545483','1125454831022250','','11','1',''),
('1788179','2545484','1125454841022250','','11','1',''),
('1788179','2545483','1225454831022250','','12','1',''),
('1788179','2545484','1225454841022250','','12','1',''),
('1788179','2545483','125454831022250','','1','1',''),
('1788179','2545484','125454841022250','','1','1',''),
('1788179','2545483','225454831022250','','2','1',''),
('1788179','2545484','225454841022250','','2','1',''),
('1788179','2545483','325454831022250','','3','1',''),
('1788179','2545484','325454841022250','','3','1',''),
('1788179','2545483','425454831022250','','4','1',''),
('1788179','2545484','425454841022250','','4','1',''),
('1788179','2545483','525454831022250','','5','1',''),
('1788179','2545484','525454841022250','','5','1',''),
('1788179','2545483','625454831022250','','6','1',''),
('1788179','2545484','625454841022250','','6','1',''),
('1788179','2545483','725454831022250','','7','1',''),
('1788179','2545484','725454841022250','','7','1',''),
('1788179','2545483','825454831022250','','8','1',''),
('1788179','2545484','825454841022250','','8','1',''),
('1788179','2545483','925454831022250','','9','1',''),
('1788179','2545484','925454841022250','','9','1','');
INSERT INTO transfers (from_stop_id,to_stop_id,transfer_type,min_transfer_time) VALUES
('3730677','4378071','2','16'),
('5688818','4378048','2','107'),
('5688818','4378049','2','99'),
('6563568','4378067','2','61'),
('4378364','4378070','2','111'),
('6563573','4378060','2','99'),
('5688819','4378069','2','131'),
('4378364','4378071','2','99'),
('4378049','4036816','2','61'),
('4378049','4036815','2','61'),
('4378048','6143608','2','52'),
('4378052','6075097','2','113'),
('4378048','4036816','2','33'),
('4378079','3864901','2','31'),
('4378048','4036815','2','33'),
('5688817','4378069','2','37'),
('2506','4378066','2','261'),
('4378076','3864900','2','117'),
('3730627','4378048','2','33'),
('4378053','6075096','2','60'),
('3730627','4378049','2','70'),
('4293176','4378058','2','9'),
('7153088','4378049','2','86'),
('4378049','4284929','2','90'),
('7153088','4378069','2','84'),
('4378066','4458789','2','13'),
('4378054','4458797','2','86'),
('6563567','4378069','2','84'),
('4378069','4284930','2','100'),
('4378076','6075105','2','117'),
('5688817','4378049','2','69'),
('4423342','4378069','2','81'),
('3730628','4378069','2','30'),
('4378066','4036817','2','105'),
('4378058','6075091','2','9'),
('4378050','4036811','2','86'),
('4423344','4378073','2','140'),
('4378066','4036810','2','75'),
('1639','4378061','2','323'),
('6251788','4378067','2','25'),
('4378363','4378069','2','14'),
('4378069','4284929','2','88'),
('5688819','4378049','2','120'),
('4378069','4458791','2','36'),
('4378361','4378067','2','25'),
('4378069','4458792','2','60'),
('3730678','4378073','2','140'),
('1639','4378060','2','273'),
('7153087','4378048','2','71'),
('7153087','4378049','2','27'),
('3730629','4378071','2','16'),
('4378079','6075106','2','31'),
('4378077','6075104','2','117'),
('4378048','5161546','2','62'),
('1639','4378059','2','297'),
('4378048','5161547','2','37'),
('4378049','6143586','2','34'),
('4378049','4284930','2','104'),
('3730627','4378069','2','81'),
('4378048','6143542','2','33'),
('4378069','6143543','2','131'),
('4423343','4378071','2','16'),
('4378069','6143542','2','71'),
('6251782','4378060','2','99'),
('4378074','6075103','2','79'),
('4378361','4378050','2','86'),
('3730676','4378049','2','70'),
('3730676','4378048','2','33'),
('7153082','4378066','2','75'),
('6251788','4378050','2','86'),
('3730628','4378048','2','86'),
('6563566','4378070','2','88'),
('6251862','4378066','2','105'),
('6563566','4378071','2','76'),
('4378078','6075106','2','31'),
('4378074','3864898','2','79'),
('6251792','4378049','2','27'),
('4378052','5161535','2','113'),
('6251792','4378048','2','71'),
('1696','4378066','2','261'),
('4378067','4036811','2','25'),
('4378067','4036812','2','61'),
('4378049','4458791','2','34'),
('4378060','4036804','2','94'),
('4378048','4458791','2','52'),
('4378060','4036805','2','99'),
('4378048','4458792','2','36'),
('4378057','6075092','2','90'),
('7153076','4378059','2','117'),
('7153084','4378067','2','61'),
('6251781','4378060','2','94'),
('4378363','4378048','2','71'),
('4378363','4378049','2','27'),
('4378057','6075093','2','72'),
('1695','4378048','2','199'),
('1695','4378049','2','221'),
('6251793','4378069','2','84'),
('4378048','4284930','2','18'),
('7153087','4378069','2','14'),
('3730631','4378073','2','140'),
('6251781','4378059','2','117'),
('7153076','4378060','2','94'),
('6563570','4378066','2','105'),
('4378069','4036816','2','71'),
('4378069','4036815','2','71'),
('2519','4378061','2','323'),
('6251792','4378069','2','14'),
('4378048','4284929','2','2'),
('4378069','4439499','2','84'),
('4378053','3864891','2','60'),
('4378360','4378066','2','75'),
('3730676','4378069','2','81'),
('2519','4378060','2','273'),
('4378075','6075102','2','55'),
('4378075','6075103','2','50'),
('2505','4378069','2','189'),
('4378078','3864901','2','31'),
('2519','4378059','2','297'),
('6251787','4378066','2','75'),
('4293178','4378057','2','72'),
('4378057','3864887','2','90'),
('4378049','6143542','2','61'),
('4378057','3864888','2','72'),
('4378049','6143543','2','120'),
('4378049','4439499','2','86'),
('3730632','4378073','2','106'),
('4378075','3864897','2','55'),
('7153077','4378060','2','99'),
('4378075','3864898','2','50'),
('1695','4378069','2','189'),
('4378052','3864892','2','113'),
('6251793','4378049','2','86'),
('4378049','6143608','2','34'),
('4293177','4378057','2','90'),
('4378058','3864886','2','9'),
('7153083','4378067','2','25'),
('4378053','5161534','2','60'),
('4378059','4036804','2','117'),
('5688818','4378069','2','67'),
('6563567','4378049','2','86'),
('7153157','4378066','2','105'),
('4378357','4378059','2','117'),
('4378048','6143586','2','52'),
('4378049','5161546','2','28'),
('6251789','4378067','2','61'),
('4378049','5161547','2','81'),
('4378069','6143608','2','36'),
('4378053','4458797','2','94'),
('2505','4378048','2','199'),
('2505','4378049','2','221'),
('4378067','4458793','2','61'),
('4378069','5161546','2','25'),
('5688817','4378048','2','90'),
('4378069','5161547','2','94'),
('4378077','3864899','2','117'),
('4378069','6143586','2','36'),
('4423342','4378049','2','70'),
('4423342','4378048','2','33'),
('4378049','4458792','2','52'),
('4378357','4378060','2','94'),
('7153083','4378050','2','86'),
('3730630','4378070','2','16');
INSERT INTO stops (stop_id,stop_code,stop_name,stop_desc,stop_lat,stop_lon,location_type,parent_station) VALUES
('4378075','','LES LOZAITS','71 AVENUE KARL MARX - 94076','48.78451926698203','2.3550858495840825','0',''),
('4378057','','AMBROISE CROIZAT','FACE 12 RUE MARCEL PAUL - 94076','48.80028381899008','2.3564790075267084','0',''),
('4378058','','LES COQUETTES','7 BOULEVARD CHASTENET DE GERY - 94076','48.803420226026184','2.358507485336182','0',''),
('4378076','','YOURI GAGARINE','FACE 141 RUE DE CHEVILLY - 94076','48.78035780179034','2.3553292228019247','0',''),
('4378077','','YOURI GAGARINE','119 RUE DE CHEVILLY - 94076','48.78152620546666','2.3555472360672267','0',''),
('4378059','','RUE DES GUIPONS','FACE 22BIS RUE RENE THIBERT - 94076','48.805046380389854','2.361828155704529','0',''),
('4378078','','LES DAHLIAS','FACE 141 RUE DE BICETRE - 94038','48.7773468779113','2.354974592688749','0',''),
('4378079','','LES DAHLIAS','FACE 141 RUE DE BICETRE - 94038','48.7773468779113','2.354974592688749','0',''),
('4378053','','INSTITUT GUSTAVE ROUSSY','17 RUE DE VERDUN - 94076','48.79403759305073','2.354259293159642','0',''),
('4378054','','VERDUN - GROSMENIL','FACE 60 BOULEVARD PAUL VAILLANT COUTURIER - 94076','48.79440577390818','2.3563816046728325','0',''),
('4378055','','GROUPE HOSPITALIER PAUL BROUSSE','FACE 2 RUE GUY MOQUET - 94076','48.79475572372795','2.3596874763837192','0',''),
('4378056','','GUY MOQUET','17-19 RUE GUY MOQUET - 94076','48.797524281515265','2.358069724549049','0',''),
('4378050','','GUYNEMER - PLACE DES FUSILLES','85 RUE JEAN JAURES - 94076','48.79221063758954','2.3666376189108953','0',''),
('4378051','','MAIRIE DE VILLEJUIF','36 RUE GEORGES LE BIGOT - 94076','48.79250790038271','2.3638219058015024','0',''),
('4378052','','EDOUARD VAILLANT - CIMETIERE','R EDOUARD VAILLANT - 94076','48.793138647947984','2.3553200683329125','0',''),
('4378070','','LES BONS ENFANTS','4 RUE DES VILLAS - 94076','48.78461598883045','2.3660348682465173','0',''),
('4378071','','LES BONS ENFANTS','3 RUE DES VILLAS - 94076','48.78450808719232','2.366225225199101','0',''),
('4378072','','AUGUSTE DELAUNE - STADE NAUTIQUE','FACE 51 AVENUE KARL MARX - 94076','48.784590306959025','2.3601319255886763','0',''),
('4378073','','AUGUSTE DELAUNE - STADE NAUTIQUE','51 AVENUE KARL MARX - 94076','48.78446435901983','2.36073032222307','0',''),
('4378074','','LES LOZAITS','68 RUE DE CHEVILLY - 94076','48.78411489536589','2.35450086375768','0',''),
('4378068','','GUYNEMER - MAXIME GORKI','114 BOULEVARD MAXIME GORKI - 94076','48.79238074838206','2.3691951277195096','0',''),
('4378069','','VILLEJUIF - LOUIS ARAGON.','BOULEVARD MAXIME GORKI - 94076','48.788192725901176','2.3678867443942506','0',''),
('4378066','','PAUL VAILLANT-COUTURIER-METRO','14 BOULEVARD PAUL VAILLANT COUTURIER - 94076','48.79554496238662','2.3673605223725263','0',''),
('4378067','','GUYNEMER - PLACE DES FUSILLES.','FACE 75 RUE JEAN JAURES - 94076','48.79281287672086','2.3664339091207403','0',''),
('4378064','','BEAUMARCHAIS','47-47BIS RUE BIZET - 94076','48.7989866529581','2.369865835984797','0',''),
('4378065','','CLEMENT-BIZET','43 RUE JEAN-BAPTISTE CLEMENT - 94076','48.79673946245193','2.370680688612628','0',''),
('4378062','','HENRI BARBUSSE','74-76 RUE HENRI BARBUSSE - 94076','48.8042358924373','2.3685765287186755','0',''),
('4378063','','EMILE ZOLA','14 TER R EMILE ZOLA - 94076','48.803021990295115','2.3705894912230656','0',''),
('4378060','','DAUPHIN - RN7','2-4 RUE DAUPHIN - 94076','48.805809778422585','2.364427411395281','0',''),
('4378061','','GROUPE SCOLAIRE PASTEUR','58 RUE PASTEUR - 94076','48.804640917008896','2.3663180989772243','0',''),
('4378049','','VILLEJUIF - LOUIS ARAGON','167-169 BOULEVARD MAXIME GORKI - 94076','48.78794997446607','2.368185847356733','0',''),
('4378048','','VILLEJUIF - LOUIS ARAGON','7 AVENUE DE STALINGRAD - 94076','48.78757278336037','2.3670022487935434','0','');
